engine,track,schema_id,workload,input,sample_index,operation_count,process_key_calls,process_key_ns,translator_calls,translator_ns,lookup_views_visited,owned_candidates_materialized,owned_candidate_materialization_ns,candidates_sorted,candidate_sort_ns,userdb_merge_ns,filter_pipeline_ns,ranker_pipeline_ns,ai_merge_ns,candidates_stored,context_full_snapshot_candidates_cloned,context_page_snapshot_candidates_cloned,abi_get_context_calls,abi_get_context_ns,abi_candidates_exported,abi_free_context_calls,abi_free_context_ns,candidate_request_bounded_calls,candidate_request_unbounded_calls,candidate_request_page_limit_total,candidate_request_surplus_total,bounded_iterator_calls,bounded_iterator_limit_total,bounded_iterator_selected_total,bounded_iterator_full_count_total,full_list_translation_calls,full_list_fallback_count,exact_lookup_calls,exact_lookup_ns,exact_lookup_candidates,prefix_lookup_calls,prefix_lookup_ns,prefix_lookup_candidates,heap_exact_lookup_calls,heap_prefix_lookup_calls,no_marisa_compact_exact_lookup_calls,no_marisa_compact_prefix_lookup_calls,rsmarisa_exact_lookup_calls,rsmarisa_prefix_lookup_calls,prism_lookup_calls,prism_lookup_ns,prism_lookup_codes,abi_c_string_allocations,abi_c_string_bytes,abi_c_string_allocation_ns,sentence_candidate_calls,sentence_candidate_ns,sentence_substrings_considered,sentence_exact_lookup_calls,sentence_exact_lookup_ns,sentence_exact_lookup_candidates,sentence_prefix_lookup_calls,sentence_prefix_lookup_ns,sentence_prefix_lookup_candidates,sentence_entry_matches_collected,sentence_path_clones,sentence_path_replacements,sentence_paths_pruned,sentence_max_live_paths,sentence_result_candidates,upstream_sentence_model_calls,upstream_sentence_model_ns,upstream_sentence_model_candidates,upstream_sentence_model_code_prefix_checks,upstream_sentence_model_table_entries_considered,upstream_sentence_model_vocabulary_entries_considered,upstream_sentence_model_graph_edges,upstream_sentence_model_index_build_calls,upstream_sentence_model_index_build_ns,upstream_sentence_model_exact_range_index_hits,upstream_sentence_model_exact_range_index_misses,upstream_sentence_model_prefix_filter_hits,upstream_sentence_model_prefix_filter_misses,upstream_sentence_model_prefix_filter_early_breaks,upstream_sentence_model_reachable_starts_visited,upstream_sentence_model_unreachable_starts_skipped,upstream_sentence_model_phrase_index_walk_calls,upstream_sentence_model_phrase_index_nodes_visited,upstream_sentence_model_phrase_index_entry_ranges_emitted,upstream_sentence_model_partition_point_fallback_calls,upstream_sentence_model_graph_rebuild_calls,upstream_sentence_model_graph_rebuild_ns,upstream_sentence_model_incremental_reuse_hits,upstream_sentence_model_incremental_extend_ns,upstream_sentence_model_incremental_discarded_rebuild_chars,prefix_fallback_calls,prefix_fallback_ns,prefix_fallback_views_visited,prefix_fallback_candidates,dynamic_correction_calls,dynamic_correction_ns,dynamic_correction_codes_considered,dynamic_correction_candidates,abbreviation_span_discovery_calls,abbreviation_span_discovery_ns,abbreviation_span_candidates_considered,abbreviation_span_codes_emitted,abbreviation_model_has_code_calls,abbreviation_model_has_code_ns,abbreviation_code_span_graph_build_ns,abbreviation_sentence_ranking_ns,abbreviation_preedit_format_ns,abbreviation_candidate_format_ns,short_key_candidate_rows_scanned,short_key_candidates_materialized,short_key_candidates_cloned,short_key_filter_ns,short_key_sort_rank_ns,short_key_comment_quality_ns,short_key_first_page_materialize_ns,track_b_spelling_expansions_considered,track_b_spelling_expansion_ns,track_b_exact_lookup_calls,track_b_exact_lookup_ns,track_b_prefix_lookup_calls,track_b_prefix_lookup_ns,track_b_candidates_materialized,track_b_first_page_materialize_ns
yune,track-a-comparison,luna_pinyin,startup_warm_shared_assets_runtime_ready,,0,1,0,0,22,62000,0,0,0,0,2300,11400,9300,500,600,0,0,0,0,0,0,0,0,0,15,0,0,0,0,0,0,15,0,6,9000,0,0,0,0,0,0,0,0,6,0,6,800,0,0,0,0,6,100,0,0,0,0,0,0,0,0,0,0,0,0,0,12,3300,0,0,0,0,0,1,268500,0,0,0,0,0,0,0,0,0,0,0,0,0,0,0,0,0,0,0,0,0,0,0,0,0,0,0,0,0,0,0,0,0,0,0,0,0,0,0,0,0,0,0,0,0,0,0,0,0
yune,track-a-comparison,luna_pinyin,startup_warm_shared_assets_runtime_ready,,1,1,0,0,22,12100,0,0,0,0,1000,3500,1900,400,500,0,0,0,0,0,0,0,0,0,15,0,0,0,0,0,0,15,0,6,1400,0,0,0,0,0,0,0,0,6,0,6,1100,0,0,0,0,6,300,0,0,0,0,0,0,0,0,0,0,0,0,0,12,1300,0,0,0,0,0,0,0,0,0,0,0,0,0,0,0,0,0,0,0,0,0,0,0,0,0,0,0,0,0,0,0,0,0,0,0,0,0,0,0,0,0,0,0,0,0,0,0,0,0,0,0,0,0,0,0,0
yune,track-a-comparison,luna_pinyin,startup_warm_shared_assets_runtime_ready,,2,1,0,0,22,9500,0,0,0,0,300,2000,1800,500,400,0,0,0,0,0,0,0,0,0,15,0,0,0,0,0,0,15,0,6,1900,0,0,0,0,0,0,0,0,6,0,6,700,0,0,0,0,6,0,0,0,0,0,0,0,0,0,0,0,0,0,0,12,800,0,0,0,0,0,0,0,0,0,0,0,0,0,0,0,0,0,0,0,0,0,0,0,0,0,0,0,0,0,0,0,0,0,0,0,0,0,0,0,0,0,0,0,0,0,0,0,0,0,0,0,0,0,0,0,0
yune,track-a-comparison,luna_pinyin,startup_warm_shared_assets_runtime_ready,,3,1,0,0,22,10700,0,0,0,0,400,1900,1800,700,0,0,0,0,0,0,0,0,0,0,15,0,0,0,0,0,0,15,0,6,1500,0,0,0,0,0,0,0,0,6,0,6,800,0,0,0,0,6,200,0,0,0,0,0,0,0,0,0,0,0,0,0,12,1100,0,0,0,0,0,0,0,0,0,0,0,0,0,0,0,0,0,0,0,0,0,0,0,0,0,0,0,0,0,0,0,0,0,0,0,0,0,0,0,0,0,0,0,0,0,0,0,0,0,0,0,0,0,0,0,0
yune,track-a-comparison,luna_pinyin,startup_warm_shared_assets_runtime_ready,,4,1,0,0,22,12000,0,0,0,0,300,1900,2200,300,300,0,0,0,0,0,0,0,0,0,15,0,0,0,0,0,0,15,0,6,1200,0,0,0,0,0,0,0,0,6,0,6,1000,0,0,0,0,6,100,0,0,0,0,0,0,0,0,0,0,0,0,0,12,1300,0,0,0,0,0,0,0,0,0,0,0,0,0,0,0,0,0,0,0,0,0,0,0,0,0,0,0,0,0,0,0,0,0,0,0,0,0,0,0,0,0,0,0,0,0,0,0,0,0,0,0,0,0,0,0,0
yune,track-a-comparison,luna_pinyin,startup_warm_shared_assets_runtime_ready,,5,1,0,0,22,12100,0,0,0,0,400,2600,1400,500,200,0,0,0,0,0,0,0,0,0,15,0,0,0,0,0,0,15,0,6,1300,0,0,0,0,0,0,0,0,6,0,6,700,0,0,0,0,6,200,0,0,0,0,0,0,0,0,0,0,0,0,0,12,1500,0,0,0,0,0,0,0,0,0,0,0,0,0,0,0,0,0,0,0,0,0,0,0,0,0,0,0,0,0,0,0,0,0,0,0,0,0,0,0,0,0,0,0,0,0,0,0,0,0,0,0,0,0,0,0,0
yune,track-a-comparison,luna_pinyin,startup_warm_shared_assets_runtime_ready,,6,1,0,0,22,10200,0,0,0,0,400,2300,1900,400,300,0,0,0,0,0,0,0,0,0,15,0,0,0,0,0,0,15,0,6,1500,0,0,0,0,0,0,0,0,6,0,6,400,0,0,0,0,6,200,0,0,0,0,0,0,0,0,0,0,0,0,0,12,700,0,0,0,0,0,0,0,0,0,0,0,0,0,0,0,0,0,0,0,0,0,0,0,0,0,0,0,0,0,0,0,0,0,0,0,0,0,0,0,0,0,0,0,0,0,0,0,0,0,0,0,0,0,0,0,0
yune,track-a-comparison,luna_pinyin,startup_warm_shared_assets_runtime_ready,,7,1,0,0,22,9600,0,0,0,0,300,1900,1800,400,100,0,0,0,0,0,0,0,0,0,15,0,0,0,0,0,0,15,0,6,1500,0,0,0,0,0,0,0,0,6,0,6,400,0,0,0,0,6,0,0,0,0,0,0,0,0,0,0,0,0,0,0,12,1100,0,0,0,0,0,0,0,0,0,0,0,0,0,0,0,0,0,0,0,0,0,0,0,0,0,0,0,0,0,0,0,0,0,0,0,0,0,0,0,0,0,0,0,0,0,0,0,0,0,0,0,0,0,0,0,0
yune,track-a-comparison,luna_pinyin,startup_warm_shared_assets_runtime_ready,,8,1,0,0,22,11200,0,0,0,0,0,1900,1800,400,300,0,0,0,0,0,0,0,0,0,15,0,0,0,0,0,0,15,0,6,1600,0,0,0,0,0,0,0,0,6,0,6,600,0,0,0,0,6,0,0,0,0,0,0,0,0,0,0,0,0,0,0,12,1000,0,0,0,0,0,0,0,0,0,0,0,0,0,0,0,0,0,0,0,0,0,0,0,0,0,0,0,0,0,0,0,0,0,0,0,0,0,0,0,0,0,0,0,0,0,0,0,0,0,0,0,0,0,0,0,0
yune,track-a-comparison,luna_pinyin,session_create_select_destroy,,0,1,0,0,22,11500,0,0,0,0,800,1700,2000,100,300,0,0,0,0,0,0,0,0,0,15,0,0,0,0,0,0,15,0,6,1600,0,0,0,0,0,0,0,0,6,0,6,500,0,0,0,0,6,100,0,0,0,0,0,0,0,0,0,0,0,0,0,12,1200,0,0,0,0,0,0,0,0,0,0,0,0,0,0,0,0,0,0,0,0,0,0,0,0,0,0,0,0,0,0,0,0,0,0,0,0,0,0,0,0,0,0,0,0,0,0,0,0,0,0,0,0,0,0,0,0
yune,track-a-comparison,luna_pinyin,session_create_select_destroy,,1,1,0,0,22,12700,0,0,0,0,200,2400,1900,500,100,0,0,0,0,0,0,0,0,0,15,0,0,0,0,0,0,15,0,6,1800,0,0,0,0,0,0,0,0,6,0,6,700,0,0,0,0,6,200,0,0,0,0,0,0,0,0,0,0,0,0,0,12,1200,0,0,0,0,0,0,0,0,0,0,0,0,0,0,0,0,0,0,0,0,0,0,0,0,0,0,0,0,0,0,0,0,0,0,0,0,0,0,0,0,0,0,0,0,0,0,0,0,0,0,0,0,0,0,0,0
yune,track-a-comparison,luna_pinyin,session_create_select_destroy,,2,1,0,0,22,11400,0,0,0,0,400,2100,2200,300,0,0,0,0,0,0,0,0,0,0,15,0,0,0,0,0,0,15,0,6,1600,0,0,0,0,0,0,0,0,6,0,6,700,0,0,0,0,6,300,0,0,0,0,0,0,0,0,0,0,0,0,0,12,1000,0,0,0,0,0,0,0,0,0,0,0,0,0,0,0,0,0,0,0,0,0,0,0,0,0,0,0,0,0,0,0,0,0,0,0,0,0,0,0,0,0,0,0,0,0,0,0,0,0,0,0,0,0,0,0,0
yune,track-a-comparison,luna_pinyin,session_create_select_destroy,,3,1,0,0,22,10300,0,0,0,0,200,2100,1900,300,200,0,0,0,0,0,0,0,0,0,15,0,0,0,0,0,0,15,0,6,1200,0,0,0,0,0,0,0,0,6,0,6,500,0,0,0,0,6,0,0,0,0,0,0,0,0,0,0,0,0,0,0,12,1100,0,0,0,0,0,0,0,0,0,0,0,0,0,0,0,0,0,0,0,0,0,0,0,0,0,0,0,0,0,0,0,0,0,0,0,0,0,0,0,0,0,0,0,0,0,0,0,0,0,0,0,0,0,0,0,0
yune,track-a-comparison,luna_pinyin,session_create_select_destroy,,4,1,0,0,22,12700,0,0,0,0,400,2100,1900,700,200,0,0,0,0,0,0,0,0,0,15,0,0,0,0,0,0,15,0,6,1500,0,0,0,0,0,0,0,0,6,0,6,900,0,0,0,0,6,300,0,0,0,0,0,0,0,0,0,0,0,0,0,12,1400,0,0,0,0,0,0,0,0,0,0,0,0,0,0,0,0,0,0,0,0,0,0,0,0,0,0,0,0,0,0,0,0,0,0,0,0,0,0,0,0,0,0,0,0,0,0,0,0,0,0,0,0,0,0,0,0
yune,track-a-comparison,luna_pinyin,session_create_select_destroy,,5,1,0,0,22,14900,0,0,0,0,500,3600,2400,400,200,0,0,0,0,0,0,0,0,0,15,0,0,0,0,0,0,15,0,6,2200,0,0,0,0,0,0,0,0,6,0,6,1100,0,0,0,0,6,0,0,0,0,0,0,0,0,0,0,0,0,0,0,12,1300,0,0,0,0,0,0,0,0,0,0,0,0,0,0,0,0,0,0,0,0,0,0,0,0,0,0,0,0,0,0,0,0,0,0,0,0,0,0,0,0,0,0,0,0,0,0,0,0,0,0,0,0,0,0,0,0
yune,track-a-comparison,luna_pinyin,session_create_select_destroy,,6,1,0,0,22,14300,0,0,0,0,300,3400,2200,500,300,0,0,0,0,0,0,0,0,0,15,0,0,0,0,0,0,15,0,6,1800,0,0,0,0,0,0,0,0,6,0,6,800,0,0,0,0,6,400,0,0,0,0,0,0,0,0,0,0,0,0,0,12,1500,0,0,0,0,0,0,0,0,0,0,0,0,0,0,0,0,0,0,0,0,0,0,0,0,0,0,0,0,0,0,0,0,0,0,0,0,0,0,0,0,0,0,0,0,0,0,0,0,0,0,0,0,0,0,0,0
yune,track-a-comparison,luna_pinyin,session_create_select_destroy,,7,1,0,0,22,13400,0,0,0,0,400,2700,2300,500,200,0,0,0,0,0,0,0,0,0,15,0,0,0,0,0,0,15,0,6,1900,0,0,0,0,0,0,0,0,6,0,6,600,0,0,0,0,6,300,0,0,0,0,0,0,0,0,0,0,0,0,0,12,1200,0,0,0,0,0,0,0,0,0,0,0,0,0,0,0,0,0,0,0,0,0,0,0,0,0,0,0,0,0,0,0,0,0,0,0,0,0,0,0,0,0,0,0,0,0,0,0,0,0,0,0,0,0,0,0,0
yune,track-a-comparison,luna_pinyin,session_create_select_destroy,,8,1,0,0,22,13300,0,0,0,0,500,2400,2200,300,300,0,0,0,0,0,0,0,0,0,15,0,0,0,0,0,0,15,0,6,1800,0,0,0,0,0,0,0,0,6,0,6,800,0,0,0,0,6,300,0,0,0,0,0,0,0,0,0,0,0,0,0,12,1100,0,0,0,0,0,0,0,0,0,0,0,0,0,0,0,0,0,0,0,0,0,0,0,0,0,0,0,0,0,0,0,0,0,0,0,0,0,0,0,0,0,0,0,0,0,0,0,0,0,0,0,0,0,0,0,0
yune,track-a-comparison,luna_pinyin,session_create_select_destroy,,9,1,0,0,22,13000,0,0,0,0,500,2100,2200,500,300,0,0,0,0,0,0,0,0,0,15,0,0,0,0,0,0,15,0,6,1900,0,0,0,0,0,0,0,0,6,0,6,900,0,0,0,0,6,200,0,0,0,0,0,0,0,0,0,0,0,0,0,12,1300,0,0,0,0,0,0,0,0,0,0,0,0,0,0,0,0,0,0,0,0,0,0,0,0,0,0,0,0,0,0,0,0,0,0,0,0,0,0,0,0,0,0,0,0,0,0,0,0,0,0,0,0,0,0,0,0
yune,track-a-comparison,luna_pinyin,session_create_select_destroy,,10,1,0,0,22,12400,0,0,0,0,400,2600,2300,700,0,0,0,0,0,0,0,0,0,0,15,0,0,0,0,0,0,15,0,6,1300,0,0,0,0,0,0,0,0,6,0,6,800,0,0,0,0,6,0,0,0,0,0,0,0,0,0,0,0,0,0,0,12,1400,0,0,0,0,0,0,0,0,0,0,0,0,0,0,0,0,0,0,0,0,0,0,0,0,0,0,0,0,0,0,0,0,0,0,0,0,0,0,0,0,0,0,0,0,0,0,0,0,0,0,0,0,0,0,0,0
yune,track-a-comparison,luna_pinyin,session_create_select_destroy,,11,1,0,0,22,12600,0,0,0,0,400,2300,2400,600,200,0,0,0,0,0,0,0,0,0,15,0,0,0,0,0,0,15,0,6,2100,0,0,0,0,0,0,0,0,6,0,6,700,0,0,0,0,6,100,0,0,0,0,0,0,0,0,0,0,0,0,0,12,1000,0,0,0,0,0,0,0,0,0,0,0,0,0,0,0,0,0,0,0,0,0,0,0,0,0,0,0,0,0,0,0,0,0,0,0,0,0,0,0,0,0,0,0,0,0,0,0,0,0,0,0,0,0,0,0,0
yune,track-a-comparison,luna_pinyin,session_create_select_destroy,,12,1,0,0,22,14300,0,0,0,0,300,2500,2000,400,400,0,0,0,0,0,0,0,0,0,15,0,0,0,0,0,0,15,0,6,1300,0,0,0,0,0,0,0,0,6,0,6,800,0,0,0,0,6,100,0,0,0,0,0,0,0,0,0,0,0,0,0,12,1400,0,0,0,0,0,0,0,0,0,0,0,0,0,0,0,0,0,0,0,0,0,0,0,0,0,0,0,0,0,0,0,0,0,0,0,0,0,0,0,0,0,0,0,0,0,0,0,0,0,0,0,0,0,0,0,0
yune,track-a-comparison,luna_pinyin,session_create_select_destroy,,13,1,0,0,22,11100,0,0,0,0,300,2000,2300,300,300,0,0,0,0,0,0,0,0,0,15,0,0,0,0,0,0,15,0,6,1700,0,0,0,0,0,0,0,0,6,0,6,600,0,0,0,0,6,200,0,0,0,0,0,0,0,0,0,0,0,0,0,12,1000,0,0,0,0,0,0,0,0,0,0,0,0,0,0,0,0,0,0,0,0,0,0,0,0,0,0,0,0,0,0,0,0,0,0,0,0,0,0,0,0,0,0,0,0,0,0,0,0,0,0,0,0,0,0,0,0
yune,track-a-comparison,luna_pinyin,session_create_select_destroy,,14,1,0,0,22,14100,0,0,0,0,300,2900,2100,300,500,0,0,0,0,0,0,0,0,0,15,0,0,0,0,0,0,15,0,6,1800,0,0,0,0,0,0,0,0,6,0,6,800,0,0,0,0,6,200,0,0,0,0,0,0,0,0,0,0,0,0,0,12,1400,0,0,0,0,0,0,0,0,0,0,0,0,0,0,0,0,0,0,0,0,0,0,0,0,0,0,0,0,0,0,0,0,0,0,0,0,0,0,0,0,0,0,0,0,0,0,0,0,0,0,0,0,0,0,0,0
yune,track-a-comparison,luna_pinyin,session_create_select_destroy,,15,1,0,0,22,14100,0,0,0,0,700,2700,2300,500,100,0,0,0,0,0,0,0,0,0,15,0,0,0,0,0,0,15,0,6,1800,0,0,0,0,0,0,0,0,6,0,6,1200,0,0,0,0,6,200,0,0,0,0,0,0,0,0,0,0,0,0,0,12,1500,0,0,0,0,0,0,0,0,0,0,0,0,0,0,0,0,0,0,0,0,0,0,0,0,0,0,0,0,0,0,0,0,0,0,0,0,0,0,0,0,0,0,0,0,0,0,0,0,0,0,0,0,0,0,0,0
yune,track-a-comparison,luna_pinyin,session_create_select_destroy,,16,1,0,0,22,15500,0,0,0,0,600,4200,1700,400,100,0,0,0,0,0,0,0,0,0,15,0,0,0,0,0,0,15,0,6,1900,0,0,0,0,0,0,0,0,6,0,6,1300,0,0,0,0,6,500,0,0,0,0,0,0,0,0,0,0,0,0,0,12,1900,0,0,0,0,0,0,0,0,0,0,0,0,0,0,0,0,0,0,0,0,0,0,0,0,0,0,0,0,0,0,0,0,0,0,0,0,0,0,0,0,0,0,0,0,0,0,0,0,0,0,0,0,0,0,0,0
yune,track-a-comparison,luna_pinyin,session_create_select_destroy,,17,1,0,0,22,16500,0,0,0,0,100,3300,2300,400,500,0,0,0,0,0,0,0,0,0,15,0,0,0,0,0,0,15,0,6,1900,0,0,0,0,0,0,0,0,6,0,6,1400,0,0,0,0,6,100,0,0,0,0,0,0,0,0,0,0,0,0,0,12,1800,0,0,0,0,0,0,0,0,0,0,0,0,0,0,0,0,0,0,0,0,0,0,0,0,0,0,0,0,0,0,0,0,0,0,0,0,0,0,0,0,0,0,0,0,0,0,0,0,0,0,0,0,0,0,0,0
yune,track-a-comparison,luna_pinyin,session_create_select_destroy,,18,1,0,0,22,15300,0,0,0,0,400,3900,2200,700,200,0,0,0,0,0,0,0,0,0,15,0,0,0,0,0,0,15,0,6,1700,0,0,0,0,0,0,0,0,6,0,6,1400,0,0,0,0,6,200,0,0,0,0,0,0,0,0,0,0,0,0,0,12,1500,0,0,0,0,0,0,0,0,0,0,0,0,0,0,0,0,0,0,0,0,0,0,0,0,0,0,0,0,0,0,0,0,0,0,0,0,0,0,0,0,0,0,0,0,0,0,0,0,0,0,0,0,0,0,0,0
yune,track-a-comparison,luna_pinyin,session_create_select_destroy,,19,1,0,0,22,13400,0,0,0,0,100,3800,2200,400,400,0,0,0,0,0,0,0,0,0,15,0,0,0,0,0,0,15,0,6,1700,0,0,0,0,0,0,0,0,6,0,6,1100,0,0,0,0,6,300,0,0,0,0,0,0,0,0,0,0,0,0,0,12,1300,0,0,0,0,0,0,0,0,0,0,0,0,0,0,0,0,0,0,0,0,0,0,0,0,0,0,0,0,0,0,0,0,0,0,0,0,0,0,0,0,0,0,0,0,0,0,0,0,0,0,0,0,0,0,0,0
yune,track-a-comparison,luna_pinyin,session_create_select_destroy,,20,1,0,0,22,14900,0,0,0,0,500,3700,2200,300,700,0,0,0,0,0,0,0,0,0,15,0,0,0,0,0,0,15,0,6,2000,0,0,0,0,0,0,0,0,6,0,6,1000,0,0,0,0,6,200,0,0,0,0,0,0,0,0,0,0,0,0,0,12,1200,0,0,0,0,0,0,0,0,0,0,0,0,0,0,0,0,0,0,0,0,0,0,0,0,0,0,0,0,0,0,0,0,0,0,0,0,0,0,0,0,0,0,0,0,0,0,0,0,0,0,0,0,0,0,0,0
yune,track-a-comparison,luna_pinyin,session_create_select_destroy,,21,1,0,0,22,15700,0,0,0,0,500,3300,2200,300,500,0,0,0,0,0,0,0,0,0,15,0,0,0,0,0,0,15,0,6,1900,0,0,0,0,0,0,0,0,6,0,6,1000,0,0,0,0,6,100,0,0,0,0,0,0,0,0,0,0,0,0,0,12,1700,0,0,0,0,0,0,0,0,0,0,0,0,0,0,0,0,0,0,0,0,0,0,0,0,0,0,0,0,0,0,0,0,0,0,0,0,0,0,0,0,0,0,0,0,0,0,0,0,0,0,0,0,0,0,0,0
yune,track-a-comparison,luna_pinyin,session_create_select_destroy,,22,1,0,0,22,15600,0,0,0,0,500,3100,1900,100,600,0,0,0,0,0,0,0,0,0,15,0,0,0,0,0,0,15,0,6,2200,0,0,0,0,0,0,0,0,6,0,6,1200,0,0,0,0,6,300,0,0,0,0,0,0,0,0,0,0,0,0,0,12,1400,0,0,0,0,0,0,0,0,0,0,0,0,0,0,0,0,0,0,0,0,0,0,0,0,0,0,0,0,0,0,0,0,0,0,0,0,0,0,0,0,0,0,0,0,0,0,0,0,0,0,0,0,0,0,0,0
yune,track-a-comparison,luna_pinyin,session_create_select_destroy,,23,1,0,0,22,13100,0,0,0,0,400,3700,2300,600,200,0,0,0,0,0,0,0,0,0,15,0,0,0,0,0,0,15,0,6,2000,0,0,0,0,0,0,0,0,6,0,6,800,0,0,0,0,6,200,0,0,0,0,0,0,0,0,0,0,0,0,0,12,1000,0,0,0,0,0,0,0,0,0,0,0,0,0,0,0,0,0,0,0,0,0,0,0,0,0,0,0,0,0,0,0,0,0,0,0,0,0,0,0,0,0,0,0,0,0,0,0,0,0,0,0,0,0,0,0,0
yune,track-a-comparison,luna_pinyin,session_create_select_destroy,,24,1,0,0,22,14700,0,0,0,0,800,2500,2000,400,300,0,0,0,0,0,0,0,0,0,15,0,0,0,0,0,0,15,0,6,1700,0,0,0,0,0,0,0,0,6,0,6,900,0,0,0,0,6,300,0,0,0,0,0,0,0,0,0,0,0,0,0,12,1000,0,0,0,0,0,0,0,0,0,0,0,0,0,0,0,0,0,0,0,0,0,0,0,0,0,0,0,0,0,0,0,0,0,0,0,0,0,0,0,0,0,0,0,0,0,0,0,0,0,0,0,0,0,0,0,0
yune,track-a-comparison,luna_pinyin,session_create_select_destroy,,25,1,0,0,22,13600,0,0,0,0,100,2200,2500,200,300,0,0,0,0,0,0,0,0,0,15,0,0,0,0,0,0,15,0,6,1700,0,0,0,0,0,0,0,0,6,0,6,800,0,0,0,0,6,200,0,0,0,0,0,0,0,0,0,0,0,0,0,12,1300,0,0,0,0,0,0,0,0,0,0,0,0,0,0,0,0,0,0,0,0,0,0,0,0,0,0,0,0,0,0,0,0,0,0,0,0,0,0,0,0,0,0,0,0,0,0,0,0,0,0,0,0,0,0,0,0
yune,track-a-comparison,luna_pinyin,session_create_select_destroy,,26,1,0,0,22,15400,0,0,0,0,200,3200,2700,300,400,0,0,0,0,0,0,0,0,0,15,0,0,0,0,0,0,15,0,6,2200,0,0,0,0,0,0,0,0,6,0,6,800,0,0,0,0,6,200,0,0,0,0,0,0,0,0,0,0,0,0,0,12,1300,0,0,0,0,0,0,0,0,0,0,0,0,0,0,0,0,0,0,0,0,0,0,0,0,0,0,0,0,0,0,0,0,0,0,0,0,0,0,0,0,0,0,0,0,0,0,0,0,0,0,0,0,0,0,0,0
yune,track-a-comparison,luna_pinyin,session_create_select_destroy,,27,1,0,0,22,13100,0,0,0,0,400,2400,1800,600,200,0,0,0,0,0,0,0,0,0,15,0,0,0,0,0,0,15,0,6,1400,0,0,0,0,0,0,0,0,6,0,6,900,0,0,0,0,6,200,0,0,0,0,0,0,0,0,0,0,0,0,0,12,1000,0,0,0,0,0,0,0,0,0,0,0,0,0,0,0,0,0,0,0,0,0,0,0,0,0,0,0,0,0,0,0,0,0,0,0,0,0,0,0,0,0,0,0,0,0,0,0,0,0,0,0,0,0,0,0,0
yune,track-a-comparison,luna_pinyin,session_create_select_destroy,,28,1,0,0,22,13700,0,0,0,0,300,3300,2300,500,400,0,0,0,0,0,0,0,0,0,15,0,0,0,0,0,0,15,0,6,2000,0,0,0,0,0,0,0,0,6,0,6,900,0,0,0,0,6,300,0,0,0,0,0,0,0,0,0,0,0,0,0,12,1500,0,0,0,0,0,0,0,0,0,0,0,0,0,0,0,0,0,0,0,0,0,0,0,0,0,0,0,0,0,0,0,0,0,0,0,0,0,0,0,0,0,0,0,0,0,0,0,0,0,0,0,0,0,0,0,0
yune,track-a-comparison,luna_pinyin,session_create_select_destroy,,29,1,0,0,22,15800,0,0,0,0,500,4100,2600,100,100,0,0,0,0,0,0,0,0,0,15,0,0,0,0,0,0,15,0,6,2500,0,0,0,0,0,0,0,0,6,0,6,1200,0,0,0,0,6,100,0,0,0,0,0,0,0,0,0,0,0,0,0,12,1400,0,0,0,0,0,0,0,0,0,0,0,0,0,0,0,0,0,0,0,0,0,0,0,0,0,0,0,0,0,0,0,0,0,0,0,0,0,0,0,0,0,0,0,0,0,0,0,0,0,0,0,0,0,0,0,0
yune,track-a-comparison,luna_pinyin,session_create_select_destroy,,30,1,0,0,22,14000,0,0,0,0,300,3100,2600,300,400,0,0,0,0,0,0,0,0,0,15,0,0,0,0,0,0,15,0,6,2200,0,0,0,0,0,0,0,0,6,0,6,1000,0,0,0,0,6,200,0,0,0,0,0,0,0,0,0,0,0,0,0,12,1600,0,0,0,0,0,0,0,0,0,0,0,0,0,0,0,0,0,0,0,0,0,0,0,0,0,0,0,0,0,0,0,0,0,0,0,0,0,0,0,0,0,0,0,0,0,0,0,0,0,0,0,0,0,0,0,0
yune,track-a-comparison,luna_pinyin,session_create_select_destroy,,31,1,0,0,22,13000,0,0,0,0,300,2500,2200,200,100,0,0,0,0,0,0,0,0,0,15,0,0,0,0,0,0,15,0,6,1900,0,0,0,0,0,0,0,0,6,0,6,800,0,0,0,0,6,200,0,0,0,0,0,0,0,0,0,0,0,0,0,12,1300,0,0,0,0,0,0,0,0,0,0,0,0,0,0,0,0,0,0,0,0,0,0,0,0,0,0,0,0,0,0,0,0,0,0,0,0,0,0,0,0,0,0,0,0,0,0,0,0,0,0,0,0,0,0,0,0
yune,track-a-comparison,luna_pinyin,session_create_select_destroy,,32,1,0,0,22,12000,0,0,0,0,600,1600,1700,100,600,0,0,0,0,0,0,0,0,0,15,0,0,0,0,0,0,15,0,6,1300,0,0,0,0,0,0,0,0,6,0,6,600,0,0,0,0,6,300,0,0,0,0,0,0,0,0,0,0,0,0,0,12,1100,0,0,0,0,0,0,0,0,0,0,0,0,0,0,0,0,0,0,0,0,0,0,0,0,0,0,0,0,0,0,0,0,0,0,0,0,0,0,0,0,0,0,0,0,0,0,0,0,0,0,0,0,0,0,0,0
yune,track-a-comparison,luna_pinyin,session_create_select_destroy,,33,1,0,0,22,13100,0,0,0,0,200,2900,2500,500,600,0,0,0,0,0,0,0,0,0,15,0,0,0,0,0,0,15,0,6,1800,0,0,0,0,0,0,0,0,6,0,6,800,0,0,0,0,6,100,0,0,0,0,0,0,0,0,0,0,0,0,0,12,1400,0,0,0,0,0,0,0,0,0,0,0,0,0,0,0,0,0,0,0,0,0,0,0,0,0,0,0,0,0,0,0,0,0,0,0,0,0,0,0,0,0,0,0,0,0,0,0,0,0,0,0,0,0,0,0,0
yune,track-a-comparison,luna_pinyin,session_create_select_destroy,,34,1,0,0,22,12100,0,0,0,0,400,3200,2200,300,400,0,0,0,0,0,0,0,0,0,15,0,0,0,0,0,0,15,0,6,1600,0,0,0,0,0,0,0,0,6,0,6,900,0,0,0,0,6,400,0,0,0,0,0,0,0,0,0,0,0,0,0,12,1000,0,0,0,0,0,0,0,0,0,0,0,0,0,0,0,0,0,0,0,0,0,0,0,0,0,0,0,0,0,0,0,0,0,0,0,0,0,0,0,0,0,0,0,0,0,0,0,0,0,0,0,0,0,0,0,0
yune,track-a-comparison,luna_pinyin,session_create_select_destroy,,35,1,0,0,22,11400,0,0,0,0,700,1900,1700,200,200,0,0,0,0,0,0,0,0,0,15,0,0,0,0,0,0,15,0,6,1600,0,0,0,0,0,0,0,0,6,0,6,500,0,0,0,0,6,100,0,0,0,0,0,0,0,0,0,0,0,0,0,12,800,0,0,0,0,0,0,0,0,0,0,0,0,0,0,0,0,0,0,0,0,0,0,0,0,0,0,0,0,0,0,0,0,0,0,0,0,0,0,0,0,0,0,0,0,0,0,0,0,0,0,0,0,0,0,0,0
yune,track-a-comparison,luna_pinyin,session_create_select_destroy,,36,1,0,0,22,11900,0,0,0,0,100,2200,1800,500,100,0,0,0,0,0,0,0,0,0,15,0,0,0,0,0,0,15,0,6,1600,0,0,0,0,0,0,0,0,6,0,6,600,0,0,0,0,6,300,0,0,0,0,0,0,0,0,0,0,0,0,0,12,1500,0,0,0,0,0,0,0,0,0,0,0,0,0,0,0,0,0,0,0,0,0,0,0,0,0,0,0,0,0,0,0,0,0,0,0,0,0,0,0,0,0,0,0,0,0,0,0,0,0,0,0,0,0,0,0,0
yune,track-a-comparison,luna_pinyin,session_create_select_destroy,,37,1,0,0,22,13400,0,0,0,0,500,2100,2400,200,700,0,0,0,0,0,0,0,0,0,15,0,0,0,0,0,0,15,0,6,2100,0,0,0,0,0,0,0,0,6,0,6,500,0,0,0,0,6,200,0,0,0,0,0,0,0,0,0,0,0,0,0,12,1400,0,0,0,0,0,0,0,0,0,0,0,0,0,0,0,0,0,0,0,0,0,0,0,0,0,0,0,0,0,0,0,0,0,0,0,0,0,0,0,0,0,0,0,0,0,0,0,0,0,0,0,0,0,0,0,0
yune,track-a-comparison,luna_pinyin,session_create_select_destroy,,38,1,0,0,22,9700,0,0,0,0,300,2000,1800,500,100,0,0,0,0,0,0,0,0,0,15,0,0,0,0,0,0,15,0,6,1300,0,0,0,0,0,0,0,0,6,0,6,600,0,0,0,0,6,100,0,0,0,0,0,0,0,0,0,0,0,0,0,12,1100,0,0,0,0,0,0,0,0,0,0,0,0,0,0,0,0,0,0,0,0,0,0,0,0,0,0,0,0,0,0,0,0,0,0,0,0,0,0,0,0,0,0,0,0,0,0,0,0,0,0,0,0,0,0,0,0
yune,track-a-comparison,luna_pinyin,session_create_select_destroy,,39,1,0,0,22,11900,0,0,0,0,200,1900,1900,700,300,0,0,0,0,0,0,0,0,0,15,0,0,0,0,0,0,15,0,6,1400,0,0,0,0,0,0,0,0,6,0,6,900,0,0,0,0,6,200,0,0,0,0,0,0,0,0,0,0,0,0,0,12,1500,0,0,0,0,0,0,0,0,0,0,0,0,0,0,0,0,0,0,0,0,0,0,0,0,0,0,0,0,0,0,0,0,0,0,0,0,0,0,0,0,0,0,0,0,0,0,0,0,0,0,0,0,0,0,0,0
yune,track-a-comparison,luna_pinyin,session_create_select_destroy,,40,1,0,0,22,11500,0,0,0,0,500,2300,2200,300,600,0,0,0,0,0,0,0,0,0,15,0,0,0,0,0,0,15,0,6,1600,0,0,0,0,0,0,0,0,6,0,6,700,0,0,0,0,6,0,0,0,0,0,0,0,0,0,0,0,0,0,0,12,1300,0,0,0,0,0,0,0,0,0,0,0,0,0,0,0,0,0,0,0,0,0,0,0,0,0,0,0,0,0,0,0,0,0,0,0,0,0,0,0,0,0,0,0,0,0,0,0,0,0,0,0,0,0,0,0,0
yune,track-a-comparison,luna_pinyin,session_create_select_destroy,,41,1,0,0,22,14700,0,0,0,0,400,5300,2300,300,500,0,0,0,0,0,0,0,0,0,15,0,0,0,0,0,0,15,0,6,1800,0,0,0,0,0,0,0,0,6,0,6,1300,0,0,0,0,6,0,0,0,0,0,0,0,0,0,0,0,0,0,0,12,2000,0,0,0,0,0,0,0,0,0,0,0,0,0,0,0,0,0,0,0,0,0,0,0,0,0,0,0,0,0,0,0,0,0,0,0,0,0,0,0,0,0,0,0,0,0,0,0,0,0,0,0,0,0,0,0,0
yune,track-a-comparison,luna_pinyin,session_create_select_destroy,,42,1,0,0,22,14400,0,0,0,0,400,3000,3000,400,0,0,0,0,0,0,0,0,0,0,15,0,0,0,0,0,0,15,0,6,2200,0,0,0,0,0,0,0,0,6,0,6,1200,0,0,0,0,6,200,0,0,0,0,0,0,0,0,0,0,0,0,0,12,1500,0,0,0,0,0,0,0,0,0,0,0,0,0,0,0,0,0,0,0,0,0,0,0,0,0,0,0,0,0,0,0,0,0,0,0,0,0,0,0,0,0,0,0,0,0,0,0,0,0,0,0,0,0,0,0,0
yune,track-a-comparison,luna_pinyin,session_create_select_destroy,,43,1,0,0,22,11600,0,0,0,0,300,2700,2400,400,500,0,0,0,0,0,0,0,0,0,15,0,0,0,0,0,0,15,0,6,1300,0,0,0,0,0,0,0,0,6,0,6,900,0,0,0,0,6,0,0,0,0,0,0,0,0,0,0,0,0,0,0,12,1000,0,0,0,0,0,0,0,0,0,0,0,0,0,0,0,0,0,0,0,0,0,0,0,0,0,0,0,0,0,0,0,0,0,0,0,0,0,0,0,0,0,0,0,0,0,0,0,0,0,0,0,0,0,0,0,0
yune,track-a-comparison,luna_pinyin,session_create_select_destroy,,44,1,0,0,22,11900,0,0,0,0,400,1500,2000,600,300,0,0,0,0,0,0,0,0,0,15,0,0,0,0,0,0,15,0,6,1500,0,0,0,0,0,0,0,0,6,0,6,700,0,0,0,0,6,400,0,0,0,0,0,0,0,0,0,0,0,0,0,12,900,0,0,0,0,0,0,0,0,0,0,0,0,0,0,0,0,0,0,0,0,0,0,0,0,0,0,0,0,0,0,0,0,0,0,0,0,0,0,0,0,0,0,0,0,0,0,0,0,0,0,0,0,0,0,0,0
yune,track-a-comparison,luna_pinyin,session_create_select_destroy,,45,1,0,0,22,11700,0,0,0,0,300,2700,2200,400,200,0,0,0,0,0,0,0,0,0,15,0,0,0,0,0,0,15,0,6,1600,0,0,0,0,0,0,0,0,6,0,6,600,0,0,0,0,6,300,0,0,0,0,0,0,0,0,0,0,0,0,0,12,1200,0,0,0,0,0,0,0,0,0,0,0,0,0,0,0,0,0,0,0,0,0,0,0,0,0,0,0,0,0,0,0,0,0,0,0,0,0,0,0,0,0,0,0,0,0,0,0,0,0,0,0,0,0,0,0,0
yune,track-a-comparison,luna_pinyin,session_create_select_destroy,,46,1,0,0,22,12400,0,0,0,0,500,2500,2200,1100,200,0,0,0,0,0,0,0,0,0,15,0,0,0,0,0,0,15,0,6,1800,0,0,0,0,0,0,0,0,6,0,6,700,0,0,0,0,6,100,0,0,0,0,0,0,0,0,0,0,0,0,0,12,800,0,0,0,0,0,0,0,0,0,0,0,0,0,0,0,0,0,0,0,0,0,0,0,0,0,0,0,0,0,0,0,0,0,0,0,0,0,0,0,0,0,0,0,0,0,0,0,0,0,0,0,0,0,0,0,0
yune,track-a-comparison,luna_pinyin,session_create_select_destroy,,47,1,0,0,22,20200,0,0,0,0,300,2400,2200,500,500,0,0,0,0,0,0,0,0,0,15,0,0,0,0,0,0,15,0,6,1400,0,0,0,0,0,0,0,0,6,0,6,1000,0,0,0,0,6,100,0,0,0,0,0,0,0,0,0,0,0,0,0,12,1200,0,0,0,0,0,0,0,0,0,0,0,0,0,0,0,0,0,0,0,0,0,0,0,0,0,0,0,0,0,0,0,0,0,0,0,0,0,0,0,0,0,0,0,0,0,0,0,0,0,0,0,0,0,0,0,0
yune,track-a-comparison,luna_pinyin,session_create_select_destroy,,48,1,0,0,22,14100,0,0,0,0,600,2900,2400,500,600,0,0,0,0,0,0,0,0,0,15,0,0,0,0,0,0,15,0,6,2100,0,0,0,0,0,0,0,0,6,0,6,800,0,0,0,0,6,200,0,0,0,0,0,0,0,0,0,0,0,0,0,12,1000,0,0,0,0,0,0,0,0,0,0,0,0,0,0,0,0,0,0,0,0,0,0,0,0,0,0,0,0,0,0,0,0,0,0,0,0,0,0,0,0,0,0,0,0,0,0,0,0,0,0,0,0,0,0,0,0
yune,track-a-comparison,luna_pinyin,session_create_select_destroy,,49,1,0,0,22,20700,0,0,0,0,500,5000,3100,500,200,0,0,0,0,0,0,0,0,0,15,0,0,0,0,0,0,15,0,6,2600,0,0,0,0,0,0,0,0,6,0,6,1200,0,0,0,0,6,200,0,0,0,0,0,0,0,0,0,0,0,0,0,12,2100,0,0,0,0,0,0,0,0,0,0,0,0,0,0,0,0,0,0,0,0,0,0,0,0,0,0,0,0,0,0,0,0,0,0,0,0,0,0,0,0,0,0,0,0,0,0,0,0,0,0,0,0,0,0,0,0
yune,track-a-comparison,luna_pinyin,session_create_select_destroy,,50,1,0,0,22,20000,0,0,0,0,500,5800,2800,400,500,0,0,0,0,0,0,0,0,0,15,0,0,0,0,0,0,15,0,6,2600,0,0,0,0,0,0,0,0,6,0,6,1400,0,0,0,0,6,100,0,0,0,0,0,0,0,0,0,0,0,0,0,12,1700,0,0,0,0,0,0,0,0,0,0,0,0,0,0,0,0,0,0,0,0,0,0,0,0,0,0,0,0,0,0,0,0,0,0,0,0,0,0,0,0,0,0,0,0,0,0,0,0,0,0,0,0,0,0,0,0
yune,track-a-comparison,luna_pinyin,session_create_select_destroy,,51,1,0,0,22,17100,0,0,0,0,800,4300,2200,400,300,0,0,0,0,0,0,0,0,0,15,0,0,0,0,0,0,15,0,6,2200,0,0,0,0,0,0,0,0,6,0,6,1100,0,0,0,0,6,0,0,0,0,0,0,0,0,0,0,0,0,0,0,12,1800,0,0,0,0,0,0,0,0,0,0,0,0,0,0,0,0,0,0,0,0,0,0,0,0,0,0,0,0,0,0,0,0,0,0,0,0,0,0,0,0,0,0,0,0,0,0,0,0,0,0,0,0,0,0,0,0
yune,track-a-comparison,luna_pinyin,session_create_select_destroy,,52,1,0,0,22,11700,0,0,0,0,500,2000,2000,500,400,0,0,0,0,0,0,0,0,0,15,0,0,0,0,0,0,15,0,6,1800,0,0,0,0,0,0,0,0,6,0,6,600,0,0,0,0,6,100,0,0,0,0,0,0,0,0,0,0,0,0,0,12,1100,0,0,0,0,0,0,0,0,0,0,0,0,0,0,0,0,0,0,0,0,0,0,0,0,0,0,0,0,0,0,0,0,0,0,0,0,0,0,0,0,0,0,0,0,0,0,0,0,0,0,0,0,0,0,0,0
yune,track-a-comparison,luna_pinyin,session_create_select_destroy,,53,1,0,0,22,10200,0,0,0,0,600,2200,2100,500,200,0,0,0,0,0,0,0,0,0,15,0,0,0,0,0,0,15,0,6,1500,0,0,0,0,0,0,0,0,6,0,6,600,0,0,0,0,6,300,0,0,0,0,0,0,0,0,0,0,0,0,0,12,900,0,0,0,0,0,0,0,0,0,0,0,0,0,0,0,0,0,0,0,0,0,0,0,0,0,0,0,0,0,0,0,0,0,0,0,0,0,0,0,0,0,0,0,0,0,0,0,0,0,0,0,0,0,0,0,0
yune,track-a-comparison,luna_pinyin,session_create_select_destroy,,54,1,0,0,22,12200,0,0,0,0,400,1800,2400,100,500,0,0,0,0,0,0,0,0,0,15,0,0,0,0,0,0,15,0,6,1900,0,0,0,0,0,0,0,0,6,0,6,400,0,0,0,0,6,200,0,0,0,0,0,0,0,0,0,0,0,0,0,12,1100,0,0,0,0,0,0,0,0,0,0,0,0,0,0,0,0,0,0,0,0,0,0,0,0,0,0,0,0,0,0,0,0,0,0,0,0,0,0,0,0,0,0,0,0,0,0,0,0,0,0,0,0,0,0,0,0
yune,track-a-comparison,luna_pinyin,session_create_select_destroy,,55,1,0,0,22,12000,0,0,0,0,500,1900,2300,300,100,0,0,0,0,0,0,0,0,0,15,0,0,0,0,0,0,15,0,6,1300,0,0,0,0,0,0,0,0,6,0,6,600,0,0,0,0,6,100,0,0,0,0,0,0,0,0,0,0,0,0,0,12,900,0,0,0,0,0,0,0,0,0,0,0,0,0,0,0,0,0,0,0,0,0,0,0,0,0,0,0,0,0,0,0,0,0,0,0,0,0,0,0,0,0,0,0,0,0,0,0,0,0,0,0,0,0,0,0,0
yune,track-a-comparison,luna_pinyin,session_create_select_destroy,,56,1,0,0,22,10300,0,0,0,0,300,1600,2000,100,500,0,0,0,0,0,0,0,0,0,15,0,0,0,0,0,0,15,0,6,1300,0,0,0,0,0,0,0,0,6,0,6,700,0,0,0,0,6,100,0,0,0,0,0,0,0,0,0,0,0,0,0,12,700,0,0,0,0,0,0,0,0,0,0,0,0,0,0,0,0,0,0,0,0,0,0,0,0,0,0,0,0,0,0,0,0,0,0,0,0,0,0,0,0,0,0,0,0,0,0,0,0,0,0,0,0,0,0,0,0
yune,track-a-comparison,luna_pinyin,session_create_select_destroy,,57,1,0,0,22,9500,0,0,0,0,600,2000,1800,500,300,0,0,0,0,0,0,0,0,0,15,0,0,0,0,0,0,15,0,6,1600,0,0,0,0,0,0,0,0,6,0,6,400,0,0,0,0,6,300,0,0,0,0,0,0,0,0,0,0,0,0,0,12,800,0,0,0,0,0,0,0,0,0,0,0,0,0,0,0,0,0,0,0,0,0,0,0,0,0,0,0,0,0,0,0,0,0,0,0,0,0,0,0,0,0,0,0,0,0,0,0,0,0,0,0,0,0,0,0,0
yune,track-a-comparison,luna_pinyin,session_create_select_destroy,,58,1,0,0,22,13800,0,0,0,0,300,3600,2700,500,300,0,0,0,0,0,0,0,0,0,15,0,0,0,0,0,0,15,0,6,1700,0,0,0,0,0,0,0,0,6,0,6,1100,0,0,0,0,6,100,0,0,0,0,0,0,0,0,0,0,0,0,0,12,1500,0,0,0,0,0,0,0,0,0,0,0,0,0,0,0,0,0,0,0,0,0,0,0,0,0,0,0,0,0,0,0,0,0,0,0,0,0,0,0,0,0,0,0,0,0,0,0,0,0,0,0,0,0,0,0,0
yune,track-a-comparison,luna_pinyin,session_create_select_destroy,,59,1,0,0,22,9700,0,0,0,0,400,2000,2200,400,100,0,0,0,0,0,0,0,0,0,15,0,0,0,0,0,0,15,0,6,1200,0,0,0,0,0,0,0,0,6,0,6,500,0,0,0,0,6,200,0,0,0,0,0,0,0,0,0,0,0,0,0,12,700,0,0,0,0,0,0,0,0,0,0,0,0,0,0,0,0,0,0,0,0,0,0,0,0,0,0,0,0,0,0,0,0,0,0,0,0,0,0,0,0,0,0,0,0,0,0,0,0,0,0,0,0,0,0,0,0
yune,track-a-comparison,luna_pinyin,key_sequence_process_with_context,n,0,1,1,54700,3,52400,7,7,200,7,0,100,500,100,0,7,0,5,1,4200,5,1,200,1,0,5,2,1,7,7,7,0,0,1,300,0,1,22500,7,0,0,0,0,1,1,1,300,26,12,41,400,0,0,0,0,0,0,0,0,0,0,0,0,0,0,0,0,0,0,0,0,0,0,0,0,0,0,0,0,0,0,0,0,0,0,0,0,0,0,0,0,0,0,0,0,0,0,0,0,0,0,0,0,0,0,0,0,0,0,7,7,7,23200,100,1000,1700,0,0,0,0,0,0,0,0
yune,track-a-comparison,luna_pinyin,key_sequence_process_with_context,n,1,1,1,59600,3,57200,7,7,300,7,0,200,600,0,100,7,0,5,1,1500,5,1,200,1,0,5,2,1,7,7,7,0,0,1,200,0,1,25700,7,0,0,0,0,1,1,1,300,26,12,41,400,0,0,0,0,0,0,0,0,0,0,0,0,0,0,0,0,0,0,0,0,0,0,0,0,0,0,0,0,0,0,0,0,0,0,0,0,0,0,0,0,0,0,0,0,0,0,0,0,0,0,0,0,0,0,0,0,0,0,7,7,7,26200,100,1000,1600,0,0,0,0,0,0,0,0
yune,track-a-comparison,luna_pinyin,key_sequence_process_with_context,n,2,1,1,56600,3,54300,7,7,300,7,100,100,500,0,100,7,0,5,1,1400,5,1,100,1,0,5,2,1,7,7,7,0,0,1,200,0,1,24000,7,0,0,0,0,1,1,1,300,26,12,41,600,0,0,0,0,0,0,0,0,0,0,0,0,0,0,0,0,0,0,0,0,0,0,0,0,0,0,0,0,0,0,0,0,0,0,0,0,0,0,0,0,0,0,0,0,0,0,0,0,0,0,0,0,0,0,0,0,0,0,7,7,7,24600,100,1000,1600,0,0,0,0,0,0,0,0
yune,track-a-comparison,luna_pinyin,key_sequence_process_with_context,n,3,1,1,54900,3,52900,7,7,300,7,0,100,500,0,100,7,0,5,1,1400,5,1,200,1,0,5,2,1,7,7,7,0,0,1,200,0,1,23300,7,0,0,0,0,1,1,1,200,26,12,41,300,0,0,0,0,0,0,0,0,0,0,0,0,0,0,0,0,0,0,0,0,0,0,0,0,0,0,0,0,0,0,0,0,0,0,0,0,0,0,0,0,0,0,0,0,0,0,0,0,0,0,0,0,0,0,0,0,0,0,7,7,7,23900,100,1000,1500,0,0,0,0,0,0,0,0
yune,track-a-comparison,luna_pinyin,key_sequence_process_with_context,n,4,1,1,54200,3,52100,7,7,200,7,100,100,400,0,100,7,0,5,1,1400,5,1,100,1,0,5,2,1,7,7,7,0,0,1,200,0,1,22900,7,0,0,0,0,1,1,1,300,26,12,41,400,0,0,0,0,0,0,0,0,0,0,0,0,0,0,0,0,0,0,0,0,0,0,0,0,0,0,0,0,0,0,0,0,0,0,0,0,0,0,0,0,0,0,0,0,0,0,0,0,0,0,0,0,0,0,0,0,0,0,7,7,7,23400,0,1000,1600,0,0,0,0,0,0,0,0
yune,track-a-comparison,luna_pinyin,key_sequence_process_with_context,n,5,1,1,59900,3,57800,7,7,100,7,0,200,500,0,100,7,0,5,1,1500,5,1,200,1,0,5,2,1,7,7,7,0,0,1,200,0,1,21900,7,0,0,0,0,1,1,1,300,26,12,41,500,0,0,0,0,0,0,0,0,0,0,0,0,0,0,0,0,0,0,0,0,0,0,0,0,0,0,0,0,0,0,0,0,0,0,0,0,0,0,0,0,0,0,0,0,0,0,0,0,0,0,0,0,0,0,0,0,0,0,7,7,7,22400,0,900,1500,0,0,0,0,0,0,0,0
yune,track-a-comparison,luna_pinyin,key_sequence_process_with_context,n,6,1,1,53500,3,51400,7,7,400,7,100,100,400,0,100,7,0,5,1,1400,5,1,100,1,0,5,2,1,7,7,7,0,0,1,200,0,1,22300,7,0,0,0,0,1,1,1,300,26,12,41,300,0,0,0,0,0,0,0,0,0,0,0,0,0,0,0,0,0,0,0,0,0,0,0,0,0,0,0,0,0,0,0,0,0,0,0,0,0,0,0,0,0,0,0,0,0,0,0,0,0,0,0,0,0,0,0,0,0,0,7,7,7,22800,100,1000,1600,0,0,0,0,0,0,0,0
yune,track-a-comparison,luna_pinyin,key_sequence_process_with_context,n,7,1,1,53100,3,51200,7,7,200,7,100,100,400,0,100,7,0,5,1,1400,5,1,100,1,0,5,2,1,7,7,7,0,0,1,200,0,1,22200,7,0,0,0,0,1,1,1,200,26,12,41,300,0,0,0,0,0,0,0,0,0,0,0,0,0,0,0,0,0,0,0,0,0,0,0,0,0,0,0,0,0,0,0,0,0,0,0,0,0,0,0,0,0,0,0,0,0,0,0,0,0,0,0,0,0,0,0,0,0,0,7,7,7,22800,100,1000,1500,0,0,0,0,0,0,0,0
yune,track-a-comparison,luna_pinyin,key_sequence_process_with_context,n,8,1,1,53200,3,51100,7,7,200,7,0,100,600,100,0,7,0,5,1,1400,5,1,100,1,0,5,2,1,7,7,7,0,0,1,200,0,1,22300,7,0,0,0,0,1,1,1,200,26,12,41,600,0,0,0,0,0,0,0,0,0,0,0,0,0,0,0,0,0,0,0,0,0,0,0,0,0,0,0,0,0,0,0,0,0,0,0,0,0,0,0,0,0,0,0,0,0,0,0,0,0,0,0,0,0,0,0,0,0,0,7,7,7,22800,100,1000,1500,0,0,0,0,0,0,0,0
yune,track-a-comparison,luna_pinyin,key_sequence_process_with_context,n,9,1,1,53100,3,51000,7,7,200,7,0,100,500,0,0,7,0,5,1,1400,5,1,100,1,0,5,2,1,7,7,7,0,0,1,200,0,1,22200,7,0,0,0,0,1,1,1,200,26,12,41,400,0,0,0,0,0,0,0,0,0,0,0,0,0,0,0,0,0,0,0,0,0,0,0,0,0,0,0,0,0,0,0,0,0,0,0,0,0,0,0,0,0,0,0,0,0,0,0,0,0,0,0,0,0,0,0,0,0,0,7,7,7,22600,100,1000,1500,0,0,0,0,0,0,0,0
yune,track-a-comparison,luna_pinyin,key_sequence_process_with_context,n,10,1,1,53400,3,51200,7,7,200,7,100,200,500,0,100,7,0,5,1,1400,5,1,100,1,0,5,2,1,7,7,7,0,0,1,200,0,1,22200,7,0,0,0,0,1,1,1,300,26,12,41,400,0,0,0,0,0,0,0,0,0,0,0,0,0,0,0,0,0,0,0,0,0,0,0,0,0,0,0,0,0,0,0,0,0,0,0,0,0,0,0,0,0,0,0,0,0,0,0,0,0,0,0,0,0,0,0,0,0,0,7,7,7,22700,100,900,1500,0,0,0,0,0,0,0,0
yune,track-a-comparison,luna_pinyin,key_sequence_process_with_context,n,11,1,1,52700,3,50700,7,7,200,7,0,100,500,0,100,7,0,5,1,1300,5,1,100,1,0,5,2,1,7,7,7,0,0,1,200,0,1,22000,7,0,0,0,0,1,1,1,300,26,12,41,400,0,0,0,0,0,0,0,0,0,0,0,0,0,0,0,0,0,0,0,0,0,0,0,0,0,0,0,0,0,0,0,0,0,0,0,0,0,0,0,0,0,0,0,0,0,0,0,0,0,0,0,0,0,0,0,0,0,0,7,7,7,22600,100,900,1500,0,0,0,0,0,0,0,0
yune,track-a-comparison,luna_pinyin,key_sequence_process_with_context,n,12,1,1,52800,3,50900,7,7,200,7,0,200,500,0,0,7,0,5,1,1400,5,1,100,1,0,5,2,1,7,7,7,0,0,1,200,0,1,22000,7,0,0,0,0,1,1,1,200,26,12,41,600,0,0,0,0,0,0,0,0,0,0,0,0,0,0,0,0,0,0,0,0,0,0,0,0,0,0,0,0,0,0,0,0,0,0,0,0,0,0,0,0,0,0,0,0,0,0,0,0,0,0,0,0,0,0,0,0,0,0,7,7,7,22600,100,900,1500,0,0,0,0,0,0,0,0
yune,track-a-comparison,luna_pinyin,key_sequence_process_with_context,n,13,1,1,54800,3,52800,7,7,100,7,0,200,500,0,100,7,0,5,1,1400,5,1,100,1,0,5,2,1,7,7,7,0,0,1,300,0,1,22800,7,0,0,0,0,1,1,1,200,26,12,41,300,0,0,0,0,0,0,0,0,0,0,0,0,0,0,0,0,0,0,0,0,0,0,0,0,0,0,0,0,0,0,0,0,0,0,0,0,0,0,0,0,0,0,0,0,0,0,0,0,0,0,0,0,0,0,0,0,0,0,7,7,7,23300,0,900,1500,0,0,0,0,0,0,0,0
yune,track-a-comparison,luna_pinyin,key_sequence_process_with_context,n,14,1,1,55200,3,53300,7,7,200,7,0,200,500,100,0,7,0,5,1,1300,5,1,100,1,0,5,2,1,7,7,7,0,0,1,200,0,1,24000,7,0,0,0,0,1,1,1,300,26,12,41,300,0,0,0,0,0,0,0,0,0,0,0,0,0,0,0,0,0,0,0,0,0,0,0,0,0,0,0,0,0,0,0,0,0,0,0,0,0,0,0,0,0,0,0,0,0,0,0,0,0,0,0,0,0,0,0,0,0,0,7,7,7,24500,100,1000,1600,0,0,0,0,0,0,0,0
yune,track-a-comparison,luna_pinyin,key_sequence_process_with_context,n,15,1,1,55100,3,53100,7,7,100,7,0,100,500,0,0,7,0,5,1,1500,5,1,100,1,0,5,2,1,7,7,7,0,0,1,300,0,1,24100,7,0,0,0,0,1,1,1,300,26,12,41,500,0,0,0,0,0,0,0,0,0,0,0,0,0,0,0,0,0,0,0,0,0,0,0,0,0,0,0,0,0,0,0,0,0,0,0,0,0,0,0,0,0,0,0,0,0,0,0,0,0,0,0,0,0,0,0,0,0,0,7,7,7,24700,100,900,1500,0,0,0,0,0,0,0,0
yune,track-a-comparison,luna_pinyin,key_sequence_process_with_context,n,16,1,1,54300,3,52400,7,7,200,7,0,200,400,0,0,7,0,5,1,1400,5,1,200,1,0,5,2,1,7,7,7,0,0,1,200,0,1,23400,7,0,0,0,0,1,1,1,300,26,12,41,500,0,0,0,0,0,0,0,0,0,0,0,0,0,0,0,0,0,0,0,0,0,0,0,0,0,0,0,0,0,0,0,0,0,0,0,0,0,0,0,0,0,0,0,0,0,0,0,0,0,0,0,0,0,0,0,0,0,0,7,7,7,23900,0,900,1600,0,0,0,0,0,0,0,0
yune,track-a-comparison,luna_pinyin,key_sequence_process_with_context,n,17,1,1,53000,3,50800,7,7,200,7,100,200,500,0,0,7,0,5,1,1400,5,1,100,1,0,5,2,1,7,7,7,0,0,1,200,0,1,22000,7,0,0,0,0,1,1,1,300,26,12,41,600,0,0,0,0,0,0,0,0,0,0,0,0,0,0,0,0,0,0,0,0,0,0,0,0,0,0,0,0,0,0,0,0,0,0,0,0,0,0,0,0,0,0,0,0,0,0,0,0,0,0,0,0,0,0,0,0,0,0,7,7,7,22500,0,900,1500,0,0,0,0,0,0,0,0
yune,track-a-comparison,luna_pinyin,key_sequence_process_with_context,n,18,1,1,52900,3,50900,7,7,100,7,0,200,500,0,0,7,0,5,1,1400,5,1,200,1,0,5,2,1,7,7,7,0,0,1,200,0,1,22100,7,0,0,0,0,1,1,1,300,26,12,41,500,0,0,0,0,0,0,0,0,0,0,0,0,0,0,0,0,0,0,0,0,0,0,0,0,0,0,0,0,0,0,0,0,0,0,0,0,0,0,0,0,0,0,0,0,0,0,0,0,0,0,0,0,0,0,0,0,0,0,7,7,7,22500,100,1000,1500,0,0,0,0,0,0,0,0
yune,track-a-comparison,luna_pinyin,key_sequence_process_with_context,n,19,1,1,52700,3,50600,7,7,100,7,100,100,400,0,100,7,0,5,1,1400,5,1,100,1,0,5,2,1,7,7,7,0,0,1,200,0,1,22000,7,0,0,0,0,1,1,1,200,26,12,41,400,0,0,0,0,0,0,0,0,0,0,0,0,0,0,0,0,0,0,0,0,0,0,0,0,0,0,0,0,0,0,0,0,0,0,0,0,0,0,0,0,0,0,0,0,0,0,0,0,0,0,0,0,0,0,0,0,0,0,7,7,7,22500,100,1000,1500,0,0,0,0,0,0,0,0
yune,track-a-comparison,luna_pinyin,key_sequence_process_with_context,n,20,1,1,52800,3,50800,7,7,100,7,0,100,500,0,100,7,0,5,1,1400,5,1,100,1,0,5,2,1,7,7,7,0,0,1,300,0,1,22000,7,0,0,0,0,1,1,1,300,26,12,41,400,0,0,0,0,0,0,0,0,0,0,0,0,0,0,0,0,0,0,0,0,0,0,0,0,0,0,0,0,0,0,0,0,0,0,0,0,0,0,0,0,0,0,0,0,0,0,0,0,0,0,0,0,0,0,0,0,0,0,7,7,7,22500,0,900,1500,0,0,0,0,0,0,0,0
yune,track-a-comparison,luna_pinyin,key_sequence_process_with_context,n,21,1,1,52900,3,50900,7,7,100,7,0,200,500,0,0,7,0,5,1,1400,5,1,100,1,0,5,2,1,7,7,7,0,0,1,200,0,1,22000,7,0,0,0,0,1,1,1,300,26,12,41,400,0,0,0,0,0,0,0,0,0,0,0,0,0,0,0,0,0,0,0,0,0,0,0,0,0,0,0,0,0,0,0,0,0,0,0,0,0,0,0,0,0,0,0,0,0,0,0,0,0,0,0,0,0,0,0,0,0,0,7,7,7,22500,0,900,1500,0,0,0,0,0,0,0,0
yune,track-a-comparison,luna_pinyin,key_sequence_process_with_context,n,22,1,1,52900,3,51000,7,7,200,7,100,100,400,0,100,7,0,5,1,1400,5,1,100,1,0,5,2,1,7,7,7,0,0,1,300,0,1,22100,7,0,0,0,0,1,1,1,300,26,12,41,300,0,0,0,0,0,0,0,0,0,0,0,0,0,0,0,0,0,0,0,0,0,0,0,0,0,0,0,0,0,0,0,0,0,0,0,0,0,0,0,0,0,0,0,0,0,0,0,0,0,0,0,0,0,0,0,0,0,0,7,7,7,22600,0,900,1500,0,0,0,0,0,0,0,0
yune,track-a-comparison,luna_pinyin,key_sequence_process_with_context,n,23,1,1,53100,3,51100,7,7,300,7,0,200,500,0,100,7,0,5,1,1400,5,1,100,1,0,5,2,1,7,7,7,0,0,1,200,0,1,22100,7,0,0,0,0,1,1,1,300,26,12,41,300,0,0,0,0,0,0,0,0,0,0,0,0,0,0,0,0,0,0,0,0,0,0,0,0,0,0,0,0,0,0,0,0,0,0,0,0,0,0,0,0,0,0,0,0,0,0,0,0,0,0,0,0,0,0,0,0,0,0,7,7,7,22600,0,900,1600,0,0,0,0,0,0,0,0
yune,track-a-comparison,luna_pinyin,key_sequence_process_with_context,n,24,1,1,53100,3,51000,7,7,100,7,100,100,500,0,0,7,0,5,1,1400,5,1,100,1,0,5,2,1,7,7,7,0,0,1,300,0,1,22100,7,0,0,0,0,1,1,1,300,26,12,41,400,0,0,0,0,0,0,0,0,0,0,0,0,0,0,0,0,0,0,0,0,0,0,0,0,0,0,0,0,0,0,0,0,0,0,0,0,0,0,0,0,0,0,0,0,0,0,0,0,0,0,0,0,0,0,0,0,0,0,7,7,7,22600,0,900,1500,0,0,0,0,0,0,0,0
yune,track-a-comparison,luna_pinyin,key_sequence_process_with_context,n,25,1,1,53200,3,51200,7,7,300,7,0,100,500,0,0,7,0,5,1,1300,5,1,100,1,0,5,2,1,7,7,7,0,0,1,200,0,1,22100,7,0,0,0,0,1,1,1,300,26,12,41,500,0,0,0,0,0,0,0,0,0,0,0,0,0,0,0,0,0,0,0,0,0,0,0,0,0,0,0,0,0,0,0,0,0,0,0,0,0,0,0,0,0,0,0,0,0,0,0,0,0,0,0,0,0,0,0,0,0,0,7,7,7,22700,0,900,1600,0,0,0,0,0,0,0,0
yune,track-a-comparison,luna_pinyin,key_sequence_process_with_context,n,26,1,1,53400,3,51500,7,7,400,7,0,200,500,100,0,7,0,5,1,1300,5,1,100,1,0,5,2,1,7,7,7,0,0,1,200,0,1,22500,7,0,0,0,0,1,1,1,200,26,12,41,600,0,0,0,0,0,0,0,0,0,0,0,0,0,0,0,0,0,0,0,0,0,0,0,0,0,0,0,0,0,0,0,0,0,0,0,0,0,0,0,0,0,0,0,0,0,0,0,0,0,0,0,0,0,0,0,0,0,0,7,7,7,23100,100,1000,1600,0,0,0,0,0,0,0,0
yune,track-a-comparison,luna_pinyin,key_sequence_process_with_context,n,27,1,1,53300,3,51300,7,7,400,7,0,200,500,0,0,7,0,5,1,1400,5,1,100,1,0,5,2,1,7,7,7,0,0,1,200,0,1,22300,7,0,0,0,0,1,1,1,200,26,12,41,500,0,0,0,0,0,0,0,0,0,0,0,0,0,0,0,0,0,0,0,0,0,0,0,0,0,0,0,0,0,0,0,0,0,0,0,0,0,0,0,0,0,0,0,0,0,0,0,0,0,0,0,0,0,0,0,0,0,0,7,7,7,22800,0,900,1600,0,0,0,0,0,0,0,0
yune,track-a-comparison,luna_pinyin,key_sequence_process_with_context,n,28,1,1,53500,3,51500,7,7,300,7,0,200,500,100,0,7,0,5,1,1300,5,1,45500,1,0,5,2,1,7,7,7,0,0,1,200,0,1,22300,7,0,0,0,0,1,1,1,300,26,12,41,300,0,0,0,0,0,0,0,0,0,0,0,0,0,0,0,0,0,0,0,0,0,0,0,0,0,0,0,0,0,0,0,0,0,0,0,0,0,0,0,0,0,0,0,0,0,0,0,0,0,0,0,0,0,0,0,0,0,0,7,7,7,22900,0,1000,1600,0,0,0,0,0,0,0,0
yune,track-a-comparison,luna_pinyin,key_sequence_process_with_context,n,29,1,1,55100,3,52700,7,7,200,7,0,200,600,100,0,7,0,5,1,1500,5,1,200,1,0,5,2,1,7,7,7,0,0,1,300,0,1,23000,7,0,0,0,0,1,1,1,400,26,12,41,500,0,0,0,0,0,0,0,0,0,0,0,0,0,0,0,0,0,0,0,0,0,0,0,0,0,0,0,0,0,0,0,0,0,0,0,0,0,0,0,0,0,0,0,0,0,0,0,0,0,0,0,0,0,0,0,0,0,0,7,7,7,23500,0,1000,1800,0,0,0,0,0,0,0,0
yune,track-a-comparison,luna_pinyin,key_sequence_process_with_context,n,30,1,1,54600,3,52400,7,7,200,7,0,200,500,100,0,7,0,5,1,1600,5,1,100,1,0,5,2,1,7,7,7,0,0,1,300,0,1,22500,7,0,0,0,0,1,1,1,300,26,12,41,700,0,0,0,0,0,0,0,0,0,0,0,0,0,0,0,0,0,0,0,0,0,0,0,0,0,0,0,0,0,0,0,0,0,0,0,0,0,0,0,0,0,0,0,0,0,0,0,0,0,0,0,0,0,0,0,0,0,0,7,7,7,23100,100,1000,1600,0,0,0,0,0,0,0,0
yune,track-a-comparison,luna_pinyin,key_sequence_process_with_context,n,31,1,1,53500,3,51300,7,7,300,7,0,100,500,0,0,7,0,5,1,1500,5,1,200,1,0,5,2,1,7,7,7,0,0,1,300,0,1,22300,7,0,0,0,0,1,1,1,300,26,12,41,500,0,0,0,0,0,0,0,0,0,0,0,0,0,0,0,0,0,0,0,0,0,0,0,0,0,0,0,0,0,0,0,0,0,0,0,0,0,0,0,0,0,0,0,0,0,0,0,0,0,0,0,0,0,0,0,0,0,0,7,7,7,22800,0,900,1600,0,0,0,0,0,0,0,0
yune,track-a-comparison,luna_pinyin,key_sequence_process_with_context,n,32,1,1,53300,3,51200,7,7,100,7,100,200,400,0,0,7,0,5,1,1400,5,1,100,1,0,5,2,1,7,7,7,0,0,1,300,0,1,22300,7,0,0,0,0,1,1,1,300,26,12,41,600,0,0,0,0,0,0,0,0,0,0,0,0,0,0,0,0,0,0,0,0,0,0,0,0,0,0,0,0,0,0,0,0,0,0,0,0,0,0,0,0,0,0,0,0,0,0,0,0,0,0,0,0,0,0,0,0,0,0,7,7,7,22800,0,900,1500,0,0,0,0,0,0,0,0
yune,track-a-comparison,luna_pinyin,key_sequence_process_with_context,n,33,1,1,53200,3,51100,7,7,200,7,0,200,500,0,100,7,0,5,1,1400,5,1,100,1,0,5,2,1,7,7,7,0,0,1,200,0,1,22200,7,0,0,0,0,1,1,1,200,26,12,41,300,0,0,0,0,0,0,0,0,0,0,0,0,0,0,0,0,0,0,0,0,0,0,0,0,0,0,0,0,0,0,0,0,0,0,0,0,0,0,0,0,0,0,0,0,0,0,0,0,0,0,0,0,0,0,0,0,0,0,7,7,7,22600,0,900,1500,0,0,0,0,0,0,0,0
yune,track-a-comparison,luna_pinyin,key_sequence_process_with_context,n,34,1,1,53400,3,51400,7,7,200,7,100,100,400,0,100,7,0,5,1,1300,5,1,100,1,0,5,2,1,7,7,7,0,0,1,300,0,1,22400,7,0,0,0,0,1,1,1,300,26,12,41,300,0,0,0,0,0,0,0,0,0,0,0,0,0,0,0,0,0,0,0,0,0,0,0,0,0,0,0,0,0,0,0,0,0,0,0,0,0,0,0,0,0,0,0,0,0,0,0,0,0,0,0,0,0,0,0,0,0,0,7,7,7,22900,100,1000,1500,0,0,0,0,0,0,0,0
yune,track-a-comparison,luna_pinyin,key_sequence_process_with_context,n,35,1,1,53300,3,51400,7,7,100,7,0,100,500,100,0,7,0,5,1,1400,5,1,100,1,0,5,2,1,7,7,7,0,0,1,300,0,1,22300,7,0,0,0,0,1,1,1,200,26,12,41,300,0,0,0,0,0,0,0,0,0,0,0,0,0,0,0,0,0,0,0,0,0,0,0,0,0,0,0,0,0,0,0,0,0,0,0,0,0,0,0,0,0,0,0,0,0,0,0,0,0,0,0,0,0,0,0,0,0,0,7,7,7,22900,100,900,1500,0,0,0,0,0,0,0,0
yune,track-a-comparison,luna_pinyin,key_sequence_process_with_context,n,36,1,1,53500,3,51400,7,7,100,7,100,100,500,0,0,7,0,5,1,1400,5,1,100,1,0,5,2,1,7,7,7,0,0,1,200,0,1,22500,7,0,0,0,0,1,1,1,300,26,12,41,600,0,0,0,0,0,0,0,0,0,0,0,0,0,0,0,0,0,0,0,0,0,0,0,0,0,0,0,0,0,0,0,0,0,0,0,0,0,0,0,0,0,0,0,0,0,0,0,0,0,0,0,0,0,0,0,0,0,0,7,7,7,22900,0,900,1500,0,0,0,0,0,0,0,0
yune,track-a-comparison,luna_pinyin,key_sequence_process_with_context,n,37,1,1,53700,3,51600,7,7,100,7,100,100,500,0,0,7,0,5,1,1400,5,1,200,1,0,5,2,1,7,7,7,0,0,1,300,0,1,22800,7,0,0,0,0,1,1,1,200,26,12,41,300,0,0,0,0,0,0,0,0,0,0,0,0,0,0,0,0,0,0,0,0,0,0,0,0,0,0,0,0,0,0,0,0,0,0,0,0,0,0,0,0,0,0,0,0,0,0,0,0,0,0,0,0,0,0,0,0,0,0,7,7,7,23300,100,1000,1500,0,0,0,0,0,0,0,0
yune,track-a-comparison,luna_pinyin,key_sequence_process_with_context,n,38,1,1,54700,3,52800,7,7,200,7,0,200,500,100,0,7,0,5,1,1300,5,1,100,1,0,5,2,1,7,7,7,0,0,1,200,0,1,23500,7,0,0,0,0,1,1,1,200,26,12,41,400,0,0,0,0,0,0,0,0,0,0,0,0,0,0,0,0,0,0,0,0,0,0,0,0,0,0,0,0,0,0,0,0,0,0,0,0,0,0,0,0,0,0,0,0,0,0,0,0,0,0,0,0,0,0,0,0,0,0,7,7,7,24100,100,1000,1600,0,0,0,0,0,0,0,0
yune,track-a-comparison,luna_pinyin,key_sequence_process_with_context,n,39,1,1,55100,3,53000,7,7,100,7,100,100,400,0,100,7,0,5,1,1400,5,1,100,1,0,5,2,1,7,7,7,0,0,1,200,0,1,24100,7,0,0,0,0,1,1,1,300,26,12,41,300,0,0,0,0,0,0,0,0,0,0,0,0,0,0,0,0,0,0,0,0,0,0,0,0,0,0,0,0,0,0,0,0,0,0,0,0,0,0,0,0,0,0,0,0,0,0,0,0,0,0,0,0,0,0,0,0,0,0,7,7,7,24600,0,900,1500,0,0,0,0,0,0,0,0
yune,track-a-comparison,luna_pinyin,key_sequence_process_with_context,n,40,1,1,58800,3,56600,7,7,200,7,0,100,500,0,100,7,0,5,1,1500,5,1,100,1,0,5,2,1,7,7,7,0,0,1,200,0,1,24400,7,0,0,0,0,1,1,1,300,26,12,41,600,0,0,0,0,0,0,0,0,0,0,0,0,0,0,0,0,0,0,0,0,0,0,0,0,0,0,0,0,0,0,0,0,0,0,0,0,0,0,0,0,0,0,0,0,0,0,0,0,0,0,0,0,0,0,0,0,0,0,7,7,7,25000,0,900,1600,0,0,0,0,0,0,0,0
yune,track-a-comparison,luna_pinyin,key_sequence_process_with_context,n,41,1,1,55000,3,52700,7,7,200,7,100,200,400,0,0,7,0,5,1,1400,5,1,100,1,0,5,2,1,7,7,7,0,0,1,300,0,1,22700,7,0,0,0,0,1,1,1,300,26,12,41,300,0,0,0,0,0,0,0,0,0,0,0,0,0,0,0,0,0,0,0,0,0,0,0,0,0,0,0,0,0,0,0,0,0,0,0,0,0,0,0,0,0,0,0,0,0,0,0,0,0,0,0,0,0,0,0,0,0,0,7,7,7,23200,0,900,1600,0,0,0,0,0,0,0,0
yune,track-a-comparison,luna_pinyin,key_sequence_process_with_context,n,42,1,1,54100,3,52100,7,7,100,7,0,200,500,0,0,7,0,5,1,1400,5,1,100,1,0,5,2,1,7,7,7,0,0,1,300,0,1,22700,7,0,0,0,0,1,1,1,200,26,12,41,500,0,0,0,0,0,0,0,0,0,0,0,0,0,0,0,0,0,0,0,0,0,0,0,0,0,0,0,0,0,0,0,0,0,0,0,0,0,0,0,0,0,0,0,0,0,0,0,0,0,0,0,0,0,0,0,0,0,0,7,7,7,23200,0,900,1500,0,0,0,0,0,0,0,0
yune,track-a-comparison,luna_pinyin,key_sequence_process_with_context,n,43,1,1,54100,3,51900,7,7,300,7,100,100,400,0,0,7,0,5,1,1400,5,1,100,1,0,5,2,1,7,7,7,0,0,1,300,0,1,22300,7,0,0,0,0,1,1,1,300,26,12,41,600,0,0,0,0,0,0,0,0,0,0,0,0,0,0,0,0,0,0,0,0,0,0,0,0,0,0,0,0,0,0,0,0,0,0,0,0,0,0,0,0,0,0,0,0,0,0,0,0,0,0,0,0,0,0,0,0,0,0,7,7,7,22800,0,900,1500,0,0,0,0,0,0,0,0
yune,track-a-comparison,luna_pinyin,key_sequence_process_with_context,n,44,1,1,53800,3,51700,7,7,200,7,0,100,500,0,100,7,0,5,1,1400,5,1,100,1,0,5,2,1,7,7,7,0,0,1,200,0,1,22200,7,0,0,0,0,1,1,1,200,26,12,41,400,0,0,0,0,0,0,0,0,0,0,0,0,0,0,0,0,0,0,0,0,0,0,0,0,0,0,0,0,0,0,0,0,0,0,0,0,0,0,0,0,0,0,0,0,0,0,0,0,0,0,0,0,0,0,0,0,0,0,7,7,7,22700,0,900,1600,0,0,0,0,0,0,0,0
yune,track-a-comparison,luna_pinyin,key_sequence_process_with_context,n,45,1,1,53800,3,51800,7,7,200,7,0,100,500,100,0,7,0,5,1,1400,5,1,100,1,0,5,2,1,7,7,7,0,0,1,300,0,1,22500,7,0,0,0,0,1,1,1,300,26,12,41,400,0,0,0,0,0,0,0,0,0,0,0,0,0,0,0,0,0,0,0,0,0,0,0,0,0,0,0,0,0,0,0,0,0,0,0,0,0,0,0,0,0,0,0,0,0,0,0,0,0,0,0,0,0,0,0,0,0,0,7,7,7,23000,0,900,1600,0,0,0,0,0,0,0,0
yune,track-a-comparison,luna_pinyin,key_sequence_process_with_context,n,46,1,1,54200,3,52100,7,7,100,7,0,200,500,100,0,7,0,5,1,1500,5,1,100,1,0,5,2,1,7,7,7,0,0,1,300,0,1,22400,7,0,0,0,0,1,1,1,300,26,12,41,400,0,0,0,0,0,0,0,0,0,0,0,0,0,0,0,0,0,0,0,0,0,0,0,0,0,0,0,0,0,0,0,0,0,0,0,0,0,0,0,0,0,0,0,0,0,0,0,0,0,0,0,0,0,0,0,0,0,0,7,7,7,22900,0,900,1600,0,0,0,0,0,0,0,0
yune,track-a-comparison,luna_pinyin,key_sequence_process_with_context,n,47,1,1,54000,3,51900,7,7,200,7,0,100,500,0,100,7,0,5,1,1400,5,1,100,1,0,5,2,1,7,7,7,0,0,1,300,0,1,22600,7,0,0,0,0,1,1,1,200,26,12,41,500,0,0,0,0,0,0,0,0,0,0,0,0,0,0,0,0,0,0,0,0,0,0,0,0,0,0,0,0,0,0,0,0,0,0,0,0,0,0,0,0,0,0,0,0,0,0,0,0,0,0,0,0,0,0,0,0,0,0,7,7,7,23100,0,900,1500,0,0,0,0,0,0,0,0
yune,track-a-comparison,luna_pinyin,key_sequence_process_with_context,n,48,1,1,53700,3,51700,7,7,100,7,0,100,500,0,0,7,0,5,1,1500,5,1,100,1,0,5,2,1,7,7,7,0,0,1,200,0,1,22300,7,0,0,0,0,1,1,1,300,26,12,41,400,0,0,0,0,0,0,0,0,0,0,0,0,0,0,0,0,0,0,0,0,0,0,0,0,0,0,0,0,0,0,0,0,0,0,0,0,0,0,0,0,0,0,0,0,0,0,0,0,0,0,0,0,0,0,0,0,0,0,7,7,7,22900,100,1000,1500,0,0,0,0,0,0,0,0
yune,track-a-comparison,luna_pinyin,key_sequence_process_with_context,n,49,1,1,53500,3,51500,7,7,200,7,100,200,400,0,100,7,0,5,1,1400,5,1,100,1,0,5,2,1,7,7,7,0,0,1,300,0,1,22200,7,0,0,0,0,1,1,1,400,26,12,41,300,0,0,0,0,0,0,0,0,0,0,0,0,0,0,0,0,0,0,0,0,0,0,0,0,0,0,0,0,0,0,0,0,0,0,0,0,0,0,0,0,0,0,0,0,0,0,0,0,0,0,0,0,0,0,0,0,0,0,7,7,7,22800,0,900,1500,0,0,0,0,0,0,0,0
yune,track-a-comparison,luna_pinyin,key_sequence_process_with_context,n,50,1,1,53500,3,51400,7,7,100,7,100,100,500,0,0,7,0,5,1,1400,5,1,100,1,0,5,2,1,7,7,7,0,0,1,300,0,1,22200,7,0,0,0,0,1,1,1,200,26,12,41,600,0,0,0,0,0,0,0,0,0,0,0,0,0,0,0,0,0,0,0,0,0,0,0,0,0,0,0,0,0,0,0,0,0,0,0,0,0,0,0,0,0,0,0,0,0,0,0,0,0,0,0,0,0,0,0,0,0,0,7,7,7,22800,100,900,1500,0,0,0,0,0,0,0,0
yune,track-a-comparison,luna_pinyin,key_sequence_process_with_context,n,51,1,1,55800,3,53600,7,7,200,7,100,200,500,100,0,7,0,5,1,1400,5,1,200,1,0,5,2,1,7,7,7,0,0,1,300,0,1,24500,7,0,0,0,0,1,1,1,300,26,12,41,500,0,0,0,0,0,0,0,0,0,0,0,0,0,0,0,0,0,0,0,0,0,0,0,0,0,0,0,0,0,0,0,0,0,0,0,0,0,0,0,0,0,0,0,0,0,0,0,0,0,0,0,0,0,0,0,0,0,0,7,7,7,25100,100,1000,1500,0,0,0,0,0,0,0,0
yune,track-a-comparison,luna_pinyin,key_sequence_process_with_context,n,52,1,1,53500,3,51500,7,7,100,7,0,100,400,0,100,7,0,5,1,1400,5,1,100,1,0,5,2,1,7,7,7,0,0,1,200,0,1,22300,7,0,0,0,0,1,1,1,300,26,12,41,300,0,0,0,0,0,0,0,0,0,0,0,0,0,0,0,0,0,0,0,0,0,0,0,0,0,0,0,0,0,0,0,0,0,0,0,0,0,0,0,0,0,0,0,0,0,0,0,0,0,0,0,0,0,0,0,0,0,0,7,7,7,22900,100,900,1500,0,0,0,0,0,0,0,0
yune,track-a-comparison,luna_pinyin,key_sequence_process_with_context,n,53,1,1,53300,3,51300,7,7,100,7,0,100,500,0,0,7,0,5,1,1300,5,1,100,1,0,5,2,1,7,7,7,0,0,1,200,0,1,22200,7,0,0,0,0,1,1,1,200,26,12,41,300,0,0,0,0,0,0,0,0,0,0,0,0,0,0,0,0,0,0,0,0,0,0,0,0,0,0,0,0,0,0,0,0,0,0,0,0,0,0,0,0,0,0,0,0,0,0,0,0,0,0,0,0,0,0,0,0,0,0,7,7,7,22800,100,900,1500,0,0,0,0,0,0,0,0
yune,track-a-comparison,luna_pinyin,key_sequence_process_with_context,n,54,1,1,53200,3,51300,7,7,300,7,0,100,500,0,0,7,0,5,1,1500,5,1,100,1,0,5,2,1,7,7,7,0,0,1,200,0,1,22000,7,0,0,0,0,1,1,1,200,26,12,41,600,0,0,0,0,0,0,0,0,0,0,0,0,0,0,0,0,0,0,0,0,0,0,0,0,0,0,0,0,0,0,0,0,0,0,0,0,0,0,0,0,0,0,0,0,0,0,0,0,0,0,0,0,0,0,0,0,0,0,7,7,7,22500,0,900,1600,0,0,0,0,0,0,0,0
yune,track-a-comparison,luna_pinyin,key_sequence_process_with_context,n,55,1,1,53300,3,51200,7,7,200,7,100,200,400,0,100,7,0,5,1,1500,5,1,100,1,0,5,2,1,7,7,7,0,0,1,300,0,1,22200,7,0,0,0,0,1,1,1,200,26,12,41,500,0,0,0,0,0,0,0,0,0,0,0,0,0,0,0,0,0,0,0,0,0,0,0,0,0,0,0,0,0,0,0,0,0,0,0,0,0,0,0,0,0,0,0,0,0,0,0,0,0,0,0,0,0,0,0,0,0,0,7,7,7,22700,100,1000,1500,0,0,0,0,0,0,0,0
yune,track-a-comparison,luna_pinyin,key_sequence_process_with_context,n,56,1,1,53500,3,51500,7,7,200,7,0,200,500,100,0,7,0,5,1,1500,5,1,100,1,0,5,2,1,7,7,7,0,0,1,200,0,1,22300,7,0,0,0,0,1,1,1,200,26,12,41,500,0,0,0,0,0,0,0,0,0,0,0,0,0,0,0,0,0,0,0,0,0,0,0,0,0,0,0,0,0,0,0,0,0,0,0,0,0,0,0,0,0,0,0,0,0,0,0,0,0,0,0,0,0,0,0,0,0,0,7,7,7,22800,100,1000,1500,0,0,0,0,0,0,0,0
yune,track-a-comparison,luna_pinyin,key_sequence_process_with_context,n,57,1,1,53300,3,51300,7,7,200,7,100,200,500,0,0,7,0,5,1,1400,5,1,100,1,0,5,2,1,7,7,7,0,0,1,200,0,1,22200,7,0,0,0,0,1,1,1,200,26,12,41,600,0,0,0,0,0,0,0,0,0,0,0,0,0,0,0,0,0,0,0,0,0,0,0,0,0,0,0,0,0,0,0,0,0,0,0,0,0,0,0,0,0,0,0,0,0,0,0,0,0,0,0,0,0,0,0,0,0,0,7,7,7,22800,0,900,1500,0,0,0,0,0,0,0,0
yune,track-a-comparison,luna_pinyin,key_sequence_process_with_context,n,58,1,1,53400,3,51400,7,7,200,7,0,100,500,100,0,7,0,5,1,1500,5,1,100,1,0,5,2,1,7,7,7,0,0,1,300,0,1,22300,7,0,0,0,0,1,1,1,300,26,12,41,600,0,0,0,0,0,0,0,0,0,0,0,0,0,0,0,0,0,0,0,0,0,0,0,0,0,0,0,0,0,0,0,0,0,0,0,0,0,0,0,0,0,0,0,0,0,0,0,0,0,0,0,0,0,0,0,0,0,0,7,7,7,22900,0,900,1500,0,0,0,0,0,0,0,0
yune,track-a-comparison,luna_pinyin,key_sequence_process_with_context,n,59,1,1,53400,3,51300,7,7,300,7,0,100,400,0,100,7,0,5,1,1400,5,1,200,1,0,5,2,1,7,7,7,0,0,1,300,0,1,22100,7,0,0,0,0,1,1,1,200,26,12,41,300,0,0,0,0,0,0,0,0,0,0,0,0,0,0,0,0,0,0,0,0,0,0,0,0,0,0,0,0,0,0,0,0,0,0,0,0,0,0,0,0,0,0,0,0,0,0,0,0,0,0,0,0,0,0,0,0,0,0,7,7,7,22600,0,900,1700,0,0,0,0,0,0,0,0
yune,track-a-comparison,luna_pinyin,key_sequence_process_with_context,n,60,1,1,53600,3,51500,7,7,200,7,0,200,400,0,0,7,0,5,1,1400,5,1,200,1,0,5,2,1,7,7,7,0,0,1,200,0,1,22400,7,0,0,0,0,1,1,1,300,26,12,41,300,0,0,0,0,0,0,0,0,0,0,0,0,0,0,0,0,0,0,0,0,0,0,0,0,0,0,0,0,0,0,0,0,0,0,0,0,0,0,0,0,0,0,0,0,0,0,0,0,0,0,0,0,0,0,0,0,0,0,7,7,7,22900,100,1000,1500,0,0,0,0,0,0,0,0
yune,track-a-comparison,luna_pinyin,key_sequence_process_with_context,n,61,1,1,58200,3,56200,7,7,100,7,100,200,500,0,0,7,0,5,1,1400,5,1,100,1,0,5,2,1,7,7,7,0,0,1,200,0,1,27100,7,0,0,0,0,1,1,1,200,26,12,41,500,0,0,0,0,0,0,0,0,0,0,0,0,0,0,0,0,0,0,0,0,0,0,0,0,0,0,0,0,0,0,0,0,0,0,0,0,0,0,0,0,0,0,0,0,0,0,0,0,0,0,0,0,0,0,0,0,0,0,7,7,7,27800,100,1000,1500,0,0,0,0,0,0,0,0
yune,track-a-comparison,luna_pinyin,key_sequence_process_with_context,n,62,1,1,57000,3,54800,7,7,200,7,100,200,500,0,0,7,0,5,1,1400,5,1,100,1,0,5,2,1,7,7,7,0,0,1,300,0,1,25900,7,0,0,0,0,1,1,1,300,26,12,41,600,0,0,0,0,0,0,0,0,0,0,0,0,0,0,0,0,0,0,0,0,0,0,0,0,0,0,0,0,0,0,0,0,0,0,0,0,0,0,0,0,0,0,0,0,0,0,0,0,0,0,0,0,0,0,0,0,0,0,7,7,7,26500,0,900,1500,0,0,0,0,0,0,0,0
yune,track-a-comparison,luna_pinyin,key_sequence_process_with_context,n,63,1,1,59900,3,57800,7,7,200,7,0,100,400,0,0,7,0,5,1,1400,5,1,200,1,0,5,2,1,7,7,7,0,0,1,200,0,1,23800,7,0,0,0,0,1,1,1,300,26,12,41,300,0,0,0,0,0,0,0,0,0,0,0,0,0,0,0,0,0,0,0,0,0,0,0,0,0,0,0,0,0,0,0,0,0,0,0,0,0,0,0,0,0,0,0,0,0,0,0,0,0,0,0,0,0,0,0,0,0,0,7,7,7,24400,0,900,1500,0,0,0,0,0,0,0,0
yune,track-a-comparison,luna_pinyin,key_sequence_process_with_context,n,64,1,1,54800,3,52700,7,7,200,7,100,100,500,0,100,7,0,5,1,1400,5,1,100,1,0,5,2,1,7,7,7,0,0,1,200,0,1,23500,7,0,0,0,0,1,1,1,200,26,12,41,400,0,0,0,0,0,0,0,0,0,0,0,0,0,0,0,0,0,0,0,0,0,0,0,0,0,0,0,0,0,0,0,0,0,0,0,0,0,0,0,0,0,0,0,0,0,0,0,0,0,0,0,0,0,0,0,0,0,0,7,7,7,24000,0,900,1600,0,0,0,0,0,0,0,0
yune,track-a-comparison,luna_pinyin,key_sequence_process_with_context,n,65,1,1,53100,3,51100,7,7,100,7,100,100,400,0,0,7,0,5,1,1500,5,1,100,1,0,5,2,1,7,7,7,0,0,1,200,0,1,22100,7,0,0,0,0,1,1,1,200,26,12,41,300,0,0,0,0,0,0,0,0,0,0,0,0,0,0,0,0,0,0,0,0,0,0,0,0,0,0,0,0,0,0,0,0,0,0,0,0,0,0,0,0,0,0,0,0,0,0,0,0,0,0,0,0,0,0,0,0,0,0,7,7,7,22600,100,1000,1500,0,0,0,0,0,0,0,0
yune,track-a-comparison,luna_pinyin,key_sequence_process_with_context,n,66,1,1,53100,3,51000,7,7,100,7,100,100,500,100,0,7,0,5,1,1300,5,1,100,1,0,5,2,1,7,7,7,0,0,1,300,0,1,22100,7,0,0,0,0,1,1,1,300,26,12,41,400,0,0,0,0,0,0,0,0,0,0,0,0,0,0,0,0,0,0,0,0,0,0,0,0,0,0,0,0,0,0,0,0,0,0,0,0,0,0,0,0,0,0,0,0,0,0,0,0,0,0,0,0,0,0,0,0,0,0,7,7,7,22600,100,1000,1500,0,0,0,0,0,0,0,0
yune,track-a-comparison,luna_pinyin,key_sequence_process_with_context,n,67,1,1,53300,3,51200,7,7,200,7,0,100,500,0,100,7,0,5,1,1400,5,1,100,1,0,5,2,1,7,7,7,0,0,1,200,0,1,22200,7,0,0,0,0,1,1,1,200,26,12,41,400,0,0,0,0,0,0,0,0,0,0,0,0,0,0,0,0,0,0,0,0,0,0,0,0,0,0,0,0,0,0,0,0,0,0,0,0,0,0,0,0,0,0,0,0,0,0,0,0,0,0,0,0,0,0,0,0,0,0,7,7,7,22800,100,1000,1500,0,0,0,0,0,0,0,0
yune,track-a-comparison,luna_pinyin,key_sequence_process_with_context,n,68,1,1,53100,3,51100,7,7,400,7,0,100,500,100,0,7,0,5,1,1400,5,1,100,1,0,5,2,1,7,7,7,0,0,1,200,0,1,22100,7,0,0,0,0,1,1,1,300,26,12,41,600,0,0,0,0,0,0,0,0,0,0,0,0,0,0,0,0,0,0,0,0,0,0,0,0,0,0,0,0,0,0,0,0,0,0,0,0,0,0,0,0,0,0,0,0,0,0,0,0,0,0,0,0,0,0,0,0,0,0,7,7,7,22600,0,900,1500,0,0,0,0,0,0,0,0
yune,track-a-comparison,luna_pinyin,key_sequence_process_with_context,n,69,1,1,53400,3,51400,7,7,300,7,0,200,500,0,0,7,0,5,1,1400,5,1,100,1,0,5,2,1,7,7,7,0,0,1,300,0,1,22100,7,0,0,0,0,1,1,1,300,26,12,41,400,0,0,0,0,0,0,0,0,0,0,0,0,0,0,0,0,0,0,0,0,0,0,0,0,0,0,0,0,0,0,0,0,0,0,0,0,0,0,0,0,0,0,0,0,0,0,0,0,0,0,0,0,0,0,0,0,0,0,7,7,7,22600,100,1000,1600,0,0,0,0,0,0,0,0
yune,track-a-comparison,luna_pinyin,key_sequence_process_with_context,n,70,1,1,53500,3,51500,7,7,100,7,0,100,500,0,100,7,0,5,1,1400,5,1,100,1,0,5,2,1,7,7,7,0,0,1,200,0,1,22500,7,0,0,0,0,1,1,1,300,26,12,41,400,0,0,0,0,0,0,0,0,0,0,0,0,0,0,0,0,0,0,0,0,0,0,0,0,0,0,0,0,0,0,0,0,0,0,0,0,0,0,0,0,0,0,0,0,0,0,0,0,0,0,0,0,0,0,0,0,0,0,7,7,7,23000,100,1000,1500,0,0,0,0,0,0,0,0
yune,track-a-comparison,luna_pinyin,key_sequence_process_with_context,n,71,1,1,53600,3,51500,7,7,200,7,0,200,500,0,100,7,0,5,1,1400,5,1,100,1,0,5,2,1,7,7,7,0,0,1,300,0,1,22300,7,0,0,0,0,1,1,1,200,26,12,41,300,0,0,0,0,0,0,0,0,0,0,0,0,0,0,0,0,0,0,0,0,0,0,0,0,0,0,0,0,0,0,0,0,0,0,0,0,0,0,0,0,0,0,0,0,0,0,0,0,0,0,0,0,0,0,0,0,0,0,7,7,7,22800,0,900,1500,0,0,0,0,0,0,0,0
yune,track-a-comparison,luna_pinyin,key_sequence_process_with_context,n,72,1,1,53400,3,51500,7,7,200,7,0,200,500,0,0,7,0,5,1,1400,5,1,100,1,0,5,2,1,7,7,7,0,0,1,200,0,1,22300,7,0,0,0,0,1,1,1,200,26,12,41,600,0,0,0,0,0,0,0,0,0,0,0,0,0,0,0,0,0,0,0,0,0,0,0,0,0,0,0,0,0,0,0,0,0,0,0,0,0,0,0,0,0,0,0,0,0,0,0,0,0,0,0,0,0,0,0,0,0,0,7,7,7,22900,100,900,1500,0,0,0,0,0,0,0,0
yune,track-a-comparison,luna_pinyin,key_sequence_process_with_context,n,73,1,1,53800,3,51800,7,7,200,7,100,200,500,100,0,7,0,5,1,1400,5,1,100,1,0,5,2,1,7,7,7,0,0,1,300,0,1,22400,7,0,0,0,0,1,1,1,300,26,12,41,600,0,0,0,0,0,0,0,0,0,0,0,0,0,0,0,0,0,0,0,0,0,0,0,0,0,0,0,0,0,0,0,0,0,0,0,0,0,0,0,0,0,0,0,0,0,0,0,0,0,0,0,0,0,0,0,0,0,0,7,7,7,23000,0,1000,1500,0,0,0,0,0,0,0,0
yune,track-a-comparison,luna_pinyin,key_sequence_process_with_context,n,74,1,1,53500,3,51500,7,7,100,7,0,200,500,0,0,7,0,5,1,1400,5,1,100,1,0,5,2,1,7,7,7,0,0,1,200,0,1,22400,7,0,0,0,0,1,1,1,300,26,12,41,500,0,0,0,0,0,0,0,0,0,0,0,0,0,0,0,0,0,0,0,0,0,0,0,0,0,0,0,0,0,0,0,0,0,0,0,0,0,0,0,0,0,0,0,0,0,0,0,0,0,0,0,0,0,0,0,0,0,0,7,7,7,23000,100,900,1500,0,0,0,0,0,0,0,0
yune,track-a-comparison,luna_pinyin,key_sequence_process_with_context,n,75,1,1,53700,3,51500,7,7,100,7,0,200,500,0,0,7,0,5,1,1400,5,1,200,1,0,5,2,1,7,7,7,0,0,1,200,0,1,22300,7,0,0,0,0,1,1,1,300,26,12,41,500,0,0,0,0,0,0,0,0,0,0,0,0,0,0,0,0,0,0,0,0,0,0,0,0,0,0,0,0,0,0,0,0,0,0,0,0,0,0,0,0,0,0,0,0,0,0,0,0,0,0,0,0,0,0,0,0,0,0,7,7,7,22800,100,1000,1500,0,0,0,0,0,0,0,0
yune,track-a-comparison,luna_pinyin,key_sequence_process_with_context,n,76,1,1,53400,3,51300,7,7,200,7,100,100,400,0,100,7,0,5,1,1400,5,1,200,1,0,5,2,1,7,7,7,0,0,1,200,0,1,22100,7,0,0,0,0,1,1,1,200,26,12,41,300,0,0,0,0,0,0,0,0,0,0,0,0,0,0,0,0,0,0,0,0,0,0,0,0,0,0,0,0,0,0,0,0,0,0,0,0,0,0,0,0,0,0,0,0,0,0,0,0,0,0,0,0,0,0,0,0,0,0,7,7,7,22600,0,900,1600,0,0,0,0,0,0,0,0
yune,track-a-comparison,luna_pinyin,key_sequence_process_with_context,n,77,1,1,53500,3,51500,7,7,200,7,0,200,500,0,0,7,0,5,1,1400,5,1,100,1,0,5,2,1,7,7,7,0,0,1,300,0,1,22500,7,0,0,0,0,1,1,1,300,26,12,41,600,0,0,0,0,0,0,0,0,0,0,0,0,0,0,0,0,0,0,0,0,0,0,0,0,0,0,0,0,0,0,0,0,0,0,0,0,0,0,0,0,0,0,0,0,0,0,0,0,0,0,0,0,0,0,0,0,0,0,7,7,7,23100,0,900,1500,0,0,0,0,0,0,0,0
yune,track-a-comparison,luna_pinyin,key_sequence_process_with_context,n,78,1,1,53700,3,51600,7,7,200,7,0,200,500,100,0,7,0,5,1,1400,5,1,100,1,0,5,2,1,7,7,7,0,0,1,200,0,1,22300,7,0,0,0,0,1,1,1,300,26,12,41,600,0,0,0,0,0,0,0,0,0,0,0,0,0,0,0,0,0,0,0,0,0,0,0,0,0,0,0,0,0,0,0,0,0,0,0,0,0,0,0,0,0,0,0,0,0,0,0,0,0,0,0,0,0,0,0,0,0,0,7,7,7,22800,0,900,1600,0,0,0,0,0,0,0,0
yune,track-a-comparison,luna_pinyin,key_sequence_process_with_context,n,79,1,1,53200,3,51300,7,7,200,7,0,200,500,0,0,7,0,5,1,1400,5,1,200,1,0,5,2,1,7,7,7,0,0,1,200,0,1,22100,7,0,0,0,0,1,1,1,300,26,12,41,500,0,0,0,0,0,0,0,0,0,0,0,0,0,0,0,0,0,0,0,0,0,0,0,0,0,0,0,0,0,0,0,0,0,0,0,0,0,0,0,0,0,0,0,0,0,0,0,0,0,0,0,0,0,0,0,0,0,0,7,7,7,22600,0,900,1600,0,0,0,0,0,0,0,0
yune,track-a-comparison,luna_pinyin,key_sequence_process_with_context,ni,0,2,2,82600,6,78100,196,14,600,14,0,200,800,100,200,14,0,5,1,1600,5,1,100,2,0,10,4,2,14,14,14,0,0,2,1600,7,1,22300,7,0,0,0,0,2,1,2,400,27,12,42,700,0,0,0,0,0,0,0,0,0,0,0,0,0,0,0,0,0,0,0,0,0,0,0,0,0,0,0,0,0,0,0,0,0,0,0,0,0,0,0,0,0,0,0,0,0,0,0,0,0,0,0,0,0,0,0,0,0,0,14,14,14,24900,200,3700,4900,0,0,0,0,0,0,0,0
yune,track-a-comparison,luna_pinyin,key_sequence_process_with_context,ni,1,2,2,86100,6,81400,196,14,600,14,0,400,900,0,200,14,0,5,1,1500,5,1,200,2,0,10,4,2,14,14,14,0,0,2,1600,7,1,22700,7,0,0,0,0,2,1,2,400,27,12,42,400,0,0,0,0,0,0,0,0,0,0,0,0,0,0,0,0,0,0,0,0,0,0,0,0,0,0,0,0,0,0,0,0,0,0,0,0,0,0,0,0,0,0,0,0,0,0,0,0,0,0,0,0,0,0,0,0,0,0,14,14,14,25000,100,3700,5000,0,0,0,0,0,0,0,0
yune,track-a-comparison,luna_pinyin,key_sequence_process_with_context,ni,2,2,2,95600,6,90800,196,14,300,14,0,200,900,0,200,14,0,5,1,1600,5,1,200,2,0,10,4,2,14,14,14,0,0,2,1600,7,1,22600,7,0,0,0,0,2,1,2,400,27,12,42,600,0,0,0,0,0,0,0,0,0,0,0,0,0,0,0,0,0,0,0,0,0,0,0,0,0,0,0,0,0,0,0,0,0,0,0,0,0,0,0,0,0,0,0,0,0,0,0,0,0,0,0,0,0,0,0,0,0,0,14,14,14,24900,100,3700,5000,0,0,0,0,0,0,0,0
yune,track-a-comparison,luna_pinyin,key_sequence_process_with_context,ni,3,2,2,85000,6,80300,196,14,600,14,100,400,1000,100,200,14,0,5,1,1500,5,1,100,2,0,10,4,2,14,14,14,0,0,2,1400,7,1,23600,7,0,0,0,0,2,1,2,400,27,12,42,600,0,0,0,0,0,0,0,0,0,0,0,0,0,0,0,0,0,0,0,0,0,0,0,0,0,0,0,0,0,0,0,0,0,0,0,0,0,0,0,0,0,0,0,0,0,0,0,0,0,0,0,0,0,0,0,0,0,0,14,14,14,25700,100,3800,5200,0,0,0,0,0,0,0,0
yune,track-a-comparison,luna_pinyin,key_sequence_process_with_context,ni,4,2,2,82500,6,78200,196,14,500,14,100,300,900,0,100,14,0,5,1,1500,5,1,100,2,0,10,4,2,14,14,14,0,0,2,1400,7,1,22500,7,0,0,0,0,2,1,2,400,27,12,42,600,0,0,0,0,0,0,0,0,0,0,0,0,0,0,0,0,0,0,0,0,0,0,0,0,0,0,0,0,0,0,0,0,0,0,0,0,0,0,0,0,0,0,0,0,0,0,0,0,0,0,0,0,0,0,0,0,0,0,14,14,14,24900,200,3700,4700,0,0,0,0,0,0,0,0
yune,track-a-comparison,luna_pinyin,key_sequence_process_with_context,ni,5,2,2,83400,6,79000,196,14,400,14,0,300,900,100,200,14,0,5,1,1400,5,1,200,2,0,10,4,2,14,14,14,0,0,2,1500,7,1,23700,7,0,0,0,0,2,1,2,400,27,12,42,300,0,0,0,0,0,0,0,0,0,0,0,0,0,0,0,0,0,0,0,0,0,0,0,0,0,0,0,0,0,0,0,0,0,0,0,0,0,0,0,0,0,0,0,0,0,0,0,0,0,0,0,0,0,0,0,0,0,0,14,14,14,25800,0,3600,4800,0,0,0,0,0,0,0,0
yune,track-a-comparison,luna_pinyin,key_sequence_process_with_context,ni,6,2,2,85400,6,81000,196,14,400,14,0,300,1000,100,100,14,0,5,1,1400,5,1,100,2,0,10,4,2,14,14,14,0,0,2,1500,7,1,25700,7,0,0,0,0,2,1,2,400,27,12,42,400,0,0,0,0,0,0,0,0,0,0,0,0,0,0,0,0,0,0,0,0,0,0,0,0,0,0,0,0,0,0,0,0,0,0,0,0,0,0,0,0,0,0,0,0,0,0,0,0,0,0,0,0,0,0,0,0,0,0,14,14,14,27800,100,3600,5000,0,0,0,0,0,0,0,0
yune,track-a-comparison,luna_pinyin,key_sequence_process_with_context,ni,7,2,2,83200,6,78900,196,14,200,14,100,300,900,100,200,14,0,5,1,1400,5,1,100,2,0,10,4,2,14,14,14,0,0,2,1400,7,1,23700,7,0,0,0,0,2,1,2,400,27,12,42,500,0,0,0,0,0,0,0,0,0,0,0,0,0,0,0,0,0,0,0,0,0,0,0,0,0,0,0,0,0,0,0,0,0,0,0,0,0,0,0,0,0,0,0,0,0,0,0,0,0,0,0,0,0,0,0,0,0,0,14,14,14,25900,200,3700,4800,0,0,0,0,0,0,0,0
yune,track-a-comparison,luna_pinyin,key_sequence_process_with_context,ni,8,2,2,83300,6,78900,196,14,400,14,0,300,1000,0,200,14,0,5,1,1600,5,1,100,2,0,10,4,2,14,14,14,0,0,2,1400,7,1,23600,7,0,0,0,0,2,1,2,300,27,12,42,500,0,0,0,0,0,0,0,0,0,0,0,0,0,0,0,0,0,0,0,0,0,0,0,0,0,0,0,0,0,0,0,0,0,0,0,0,0,0,0,0,0,0,0,0,0,0,0,0,0,0,0,0,0,0,0,0,0,0,14,14,14,25800,100,3600,4800,0,0,0,0,0,0,0,0
yune,track-a-comparison,luna_pinyin,key_sequence_process_with_context,ni,9,2,2,81400,6,77000,196,14,400,14,200,300,900,0,200,14,0,5,1,1500,5,1,100,2,0,10,4,2,14,14,14,0,0,2,1400,7,1,21900,7,0,0,0,0,2,1,2,400,27,12,42,500,0,0,0,0,0,0,0,0,0,0,0,0,0,0,0,0,0,0,0,0,0,0,0,0,0,0,0,0,0,0,0,0,0,0,0,0,0,0,0,0,0,0,0,0,0,0,0,0,0,0,0,0,0,0,0,0,0,0,14,14,14,24100,0,3600,4800,0,0,0,0,0,0,0,0
yune,track-a-comparison,luna_pinyin,key_sequence_process_with_context,ni,10,2,2,81300,6,76900,196,14,400,14,100,300,900,0,200,14,0,5,1,1500,5,1,100,2,0,10,4,2,14,14,14,0,0,2,1400,7,1,21900,7,0,0,0,0,2,1,2,300,27,12,42,500,0,0,0,0,0,0,0,0,0,0,0,0,0,0,0,0,0,0,0,0,0,0,0,0,0,0,0,0,0,0,0,0,0,0,0,0,0,0,0,0,0,0,0,0,0,0,0,0,0,0,0,0,0,0,0,0,0,0,14,14,14,24100,0,3700,4700,0,0,0,0,0,0,0,0
yune,track-a-comparison,luna_pinyin,key_sequence_process_with_context,ni,11,2,2,81300,6,77000,196,14,500,14,100,400,1000,100,100,14,0,5,1,1400,5,1,100,2,0,10,4,2,14,14,14,0,0,2,1400,7,1,22000,7,0,0,0,0,2,1,2,400,27,12,42,400,0,0,0,0,0,0,0,0,0,0,0,0,0,0,0,0,0,0,0,0,0,0,0,0,0,0,0,0,0,0,0,0,0,0,0,0,0,0,0,0,0,0,0,0,0,0,0,0,0,0,0,0,0,0,0,0,0,0,14,14,14,24400,100,3600,4900,0,0,0,0,0,0,0,0
yune,track-a-comparison,luna_pinyin,key_sequence_process_with_context,ni,12,2,2,81400,6,77000,196,14,400,14,100,200,900,0,300,14,0,5,1,1500,5,1,100,2,0,10,4,2,14,14,14,0,0,2,1400,7,1,22100,7,0,0,0,0,2,1,2,200,27,12,42,400,0,0,0,0,0,0,0,0,0,0,0,0,0,0,0,0,0,0,0,0,0,0,0,0,0,0,0,0,0,0,0,0,0,0,0,0,0,0,0,0,0,0,0,0,0,0,0,0,0,0,0,0,0,0,0,0,0,0,14,14,14,24400,100,3700,4700,0,0,0,0,0,0,0,0
yune,track-a-comparison,luna_pinyin,key_sequence_process_with_context,ni,13,2,2,81600,6,77300,196,14,300,14,100,400,1000,100,100,14,0,5,1,1400,5,1,200,2,0,10,4,2,14,14,14,0,0,2,1500,7,1,22400,7,0,0,0,0,2,1,2,300,27,12,42,400,0,0,0,0,0,0,0,0,0,0,0,0,0,0,0,0,0,0,0,0,0,0,0,0,0,0,0,0,0,0,0,0,0,0,0,0,0,0,0,0,0,0,0,0,0,0,0,0,0,0,0,0,0,0,0,0,0,0,14,14,14,24600,200,3600,4800,0,0,0,0,0,0,0,0
yune,track-a-comparison,luna_pinyin,key_sequence_process_with_context,ni,14,2,2,81400,6,77100,196,14,400,14,0,300,1000,200,100,14,0,5,1,1400,5,1,100,2,0,10,4,2,14,14,14,0,0,2,1600,7,1,22200,7,0,0,0,0,2,1,2,400,27,12,42,400,0,0,0,0,0,0,0,0,0,0,0,0,0,0,0,0,0,0,0,0,0,0,0,0,0,0,0,0,0,0,0,0,0,0,0,0,0,0,0,0,0,0,0,0,0,0,0,0,0,0,0,0,0,0,0,0,0,0,14,14,14,24500,100,3700,4700,0,0,0,0,0,0,0,0
yune,track-a-comparison,luna_pinyin,key_sequence_process_with_context,ni,15,2,2,113800,6,109300,196,14,600,14,0,300,900,0,200,14,0,5,1,1500,5,1,200,2,0,10,4,2,14,14,14,0,0,2,1500,7,1,22400,7,0,0,0,0,2,1,2,400,27,12,42,500,0,0,0,0,0,0,0,0,0,0,0,0,0,0,0,0,0,0,0,0,0,0,0,0,0,0,0,0,0,0,0,0,0,0,0,0,0,0,0,0,0,0,0,0,0,0,0,0,0,0,0,0,0,0,0,0,0,0,14,14,14,24700,0,3700,4800,0,0,0,0,0,0,0,0
yune,track-a-comparison,luna_pinyin,key_sequence_process_with_context,ni,16,2,2,81600,6,77400,196,14,500,14,100,200,1000,0,100,14,0,5,1,1400,5,1,100,2,0,10,4,2,14,14,14,0,0,2,1400,7,1,22300,7,0,0,0,0,2,1,2,400,27,12,42,400,0,0,0,0,0,0,0,0,0,0,0,0,0,0,0,0,0,0,0,0,0,0,0,0,0,0,0,0,0,0,0,0,0,0,0,0,0,0,0,0,0,0,0,0,0,0,0,0,0,0,0,0,0,0,0,0,0,0,14,14,14,24500,0,3600,4900,0,0,0,0,0,0,0,0
yune,track-a-comparison,luna_pinyin,key_sequence_process_with_context,ni,17,2,2,81100,6,77100,196,14,300,14,200,300,900,0,200,14,0,5,1,1400,5,1,100,2,0,10,4,2,14,14,14,0,0,2,1400,7,1,22100,7,0,0,0,0,2,1,2,400,27,12,42,400,0,0,0,0,0,0,0,0,0,0,0,0,0,0,0,0,0,0,0,0,0,0,0,0,0,0,0,0,0,0,0,0,0,0,0,0,0,0,0,0,0,0,0,0,0,0,0,0,0,0,0,0,0,0,0,0,0,0,14,14,14,24400,200,3600,4700,0,0,0,0,0,0,0,0
yune,track-a-comparison,luna_pinyin,key_sequence_process_with_context,ni,18,2,2,81200,6,76900,196,14,300,14,200,400,900,100,100,14,0,5,1,1500,5,1,100,2,0,10,4,2,14,14,14,0,0,2,1400,7,1,22200,7,0,0,0,0,2,1,2,400,27,12,42,400,0,0,0,0,0,0,0,0,0,0,0,0,0,0,0,0,0,0,0,0,0,0,0,0,0,0,0,0,0,0,0,0,0,0,0,0,0,0,0,0,0,0,0,0,0,0,0,0,0,0,0,0,0,0,0,0,0,0,14,14,14,24300,100,3600,4700,0,0,0,0,0,0,0,0
yune,track-a-comparison,luna_pinyin,key_sequence_process_with_context,ni,19,2,2,81400,6,76800,196,14,300,14,100,300,1000,100,100,14,0,5,1,1500,5,1,100,2,0,10,4,2,14,14,14,0,0,2,1600,7,1,22300,7,0,0,0,0,2,1,2,300,27,12,42,600,0,0,0,0,0,0,0,0,0,0,0,0,0,0,0,0,0,0,0,0,0,0,0,0,0,0,0,0,0,0,0,0,0,0,0,0,0,0,0,0,0,0,0,0,0,0,0,0,0,0,0,0,0,0,0,0,0,0,14,14,14,24500,200,3700,4700,0,0,0,0,0,0,0,0
yune,track-a-comparison,luna_pinyin,key_sequence_process_with_context,ni,20,2,2,81400,6,76800,196,14,300,14,100,300,900,0,200,14,0,5,1,1400,5,1,200,2,0,10,4,2,14,14,14,0,0,2,1400,7,1,22000,7,0,0,0,0,2,1,2,300,27,12,42,300,0,0,0,0,0,0,0,0,0,0,0,0,0,0,0,0,0,0,0,0,0,0,0,0,0,0,0,0,0,0,0,0,0,0,0,0,0,0,0,0,0,0,0,0,0,0,0,0,0,0,0,0,0,0,0,0,0,0,14,14,14,24300,200,3600,4700,0,0,0,0,0,0,0,0
yune,track-a-comparison,luna_pinyin,key_sequence_process_with_context,ni,21,2,2,81600,6,77300,196,14,600,14,100,300,900,100,100,14,0,5,1,1400,5,1,100,2,0,10,4,2,14,14,14,0,0,2,1500,7,1,21900,7,0,0,0,0,2,1,2,300,27,12,42,400,0,0,0,0,0,0,0,0,0,0,0,0,0,0,0,0,0,0,0,0,0,0,0,0,0,0,0,0,0,0,0,0,0,0,0,0,0,0,0,0,0,0,0,0,0,0,0,0,0,0,0,0,0,0,0,0,0,0,14,14,14,24200,200,4000,5100,0,0,0,0,0,0,0,0
yune,track-a-comparison,luna_pinyin,key_sequence_process_with_context,ni,22,2,2,81000,6,76600,196,14,300,14,200,200,900,0,200,14,0,5,1,1500,5,1,100,2,0,10,4,2,14,14,14,0,0,2,1500,7,1,22200,7,0,0,0,0,2,1,2,400,27,12,42,400,0,0,0,0,0,0,0,0,0,0,0,0,0,0,0,0,0,0,0,0,0,0,0,0,0,0,0,0,0,0,0,0,0,0,0,0,0,0,0,0,0,0,0,0,0,0,0,0,0,0,0,0,0,0,0,0,0,0,14,14,14,24300,100,3500,4700,0,0,0,0,0,0,0,0
yune,track-a-comparison,luna_pinyin,key_sequence_process_with_context,ni,23,2,2,86500,6,82200,196,14,500,14,100,300,900,0,200,14,0,5,1,1500,5,1,100,2,0,10,4,2,14,14,14,0,0,2,6400,7,1,22100,7,0,0,0,0,2,1,2,200,27,12,42,600,0,0,0,0,0,0,0,0,0,0,0,0,0,0,0,0,0,0,0,0,0,0,0,0,0,0,0,0,0,0,0,0,0,0,0,0,0,0,0,0,0,0,0,0,0,0,0,0,0,0,0,0,0,0,0,0,0,0,14,14,14,29500,0,3600,4700,0,0,0,0,0,0,0,0
yune,track-a-comparison,luna_pinyin,key_sequence_process_with_context,ni,24,2,2,82000,6,77600,196,14,400,14,100,200,900,0,300,14,0,5,1,1500,5,1,100,2,0,10,4,2,14,14,14,0,0,2,1400,7,1,23000,7,0,0,0,0,2,1,2,400,27,12,42,500,0,0,0,0,0,0,0,0,0,0,0,0,0,0,0,0,0,0,0,0,0,0,0,0,0,0,0,0,0,0,0,0,0,0,0,0,0,0,0,0,0,0,0,0,0,0,0,0,0,0,0,0,0,0,0,0,0,0,14,14,14,25100,200,3600,4800,0,0,0,0,0,0,0,0
yune,track-a-comparison,luna_pinyin,key_sequence_process_with_context,ni,25,2,2,81100,6,76800,196,14,500,14,100,300,800,0,300,14,0,5,1,1400,5,1,100,2,0,10,4,2,14,14,14,0,0,2,1600,7,1,22200,7,0,0,0,0,2,1,2,300,27,12,42,600,0,0,0,0,0,0,0,0,0,0,0,0,0,0,0,0,0,0,0,0,0,0,0,0,0,0,0,0,0,0,0,0,0,0,0,0,0,0,0,0,0,0,0,0,0,0,0,0,0,0,0,0,0,0,0,0,0,0,14,14,14,24400,200,3500,4800,0,0,0,0,0,0,0,0
yune,track-a-comparison,luna_pinyin,key_sequence_process_with_context,ni,26,2,2,81400,6,77100,196,14,500,14,100,400,900,100,100,14,0,5,1,1400,5,1,100,2,0,10,4,2,14,14,14,0,0,2,1600,7,1,22200,7,0,0,0,0,2,1,2,300,27,12,42,600,0,0,0,0,0,0,0,0,0,0,0,0,0,0,0,0,0,0,0,0,0,0,0,0,0,0,0,0,0,0,0,0,0,0,0,0,0,0,0,0,0,0,0,0,0,0,0,0,0,0,0,0,0,0,0,0,0,0,14,14,14,24400,100,3600,4700,0,0,0,0,0,0,0,0
yune,track-a-comparison,luna_pinyin,key_sequence_process_with_context,ni,27,2,2,81000,6,76700,196,14,300,14,0,300,900,0,100,14,0,5,1,1400,5,1,100,2,0,10,4,2,14,14,14,0,0,2,1400,7,1,22100,7,0,0,0,0,2,1,2,400,27,12,42,300,0,0,0,0,0,0,0,0,0,0,0,0,0,0,0,0,0,0,0,0,0,0,0,0,0,0,0,0,0,0,0,0,0,0,0,0,0,0,0,0,0,0,0,0,0,0,0,0,0,0,0,0,0,0,0,0,0,0,14,14,14,24300,100,3600,4600,0,0,0,0,0,0,0,0
yune,track-a-comparison,luna_pinyin,key_sequence_process_with_context,ni,28,2,2,81700,6,77300,196,14,500,14,0,300,1000,0,200,14,0,5,1,1400,5,1,100,2,0,10,4,2,14,14,14,0,0,2,1400,7,1,22300,7,0,0,0,0,2,1,2,400,27,12,42,300,0,0,0,0,0,0,0,0,0,0,0,0,0,0,0,0,0,0,0,0,0,0,0,0,0,0,0,0,0,0,0,0,0,0,0,0,0,0,0,0,0,0,0,0,0,0,0,0,0,0,0,0,0,0,0,0,0,0,14,14,14,24600,100,3500,4700,0,0,0,0,0,0,0,0
yune,track-a-comparison,luna_pinyin,key_sequence_process_with_context,ni,29,2,2,82400,6,78100,196,14,500,14,200,300,900,0,200,14,0,5,1,1400,5,1,100,2,0,10,4,2,14,14,14,0,0,2,1500,7,1,23000,7,0,0,0,0,2,1,2,400,27,12,42,300,0,0,0,0,0,0,0,0,0,0,0,0,0,0,0,0,0,0,0,0,0,0,0,0,0,0,0,0,0,0,0,0,0,0,0,0,0,0,0,0,0,0,0,0,0,0,0,0,0,0,0,0,0,0,0,0,0,0,14,14,14,25300,200,3600,4800,0,0,0,0,0,0,0,0
yune,track-a-comparison,luna_pinyin,key_sequence_process_with_context,ni,30,2,2,83500,6,79100,196,14,400,14,0,300,1000,100,100,14,0,5,1,1500,5,1,100,2,0,10,4,2,14,14,14,0,0,2,1400,7,1,24000,7,0,0,0,0,2,1,2,400,27,12,42,500,0,0,0,0,0,0,0,0,0,0,0,0,0,0,0,0,0,0,0,0,0,0,0,0,0,0,0,0,0,0,0,0,0,0,0,0,0,0,0,0,0,0,0,0,0,0,0,0,0,0,0,0,0,0,0,0,0,0,14,14,14,26200,100,3600,4700,0,0,0,0,0,0,0,0
yune,track-a-comparison,luna_pinyin,key_sequence_process_with_context,ni,31,2,2,83300,6,78900,196,14,400,14,100,300,800,0,300,14,0,5,1,1500,5,1,100,2,0,10,4,2,14,14,14,0,0,2,1400,7,1,23700,7,0,0,0,0,2,1,2,400,27,12,42,600,0,0,0,0,0,0,0,0,0,0,0,0,0,0,0,0,0,0,0,0,0,0,0,0,0,0,0,0,0,0,0,0,0,0,0,0,0,0,0,0,0,0,0,0,0,0,0,0,0,0,0,0,0,0,0,0,0,0,14,14,14,25900,100,3400,4700,0,0,0,0,0,0,0,0
yune,track-a-comparison,luna_pinyin,key_sequence_process_with_context,ni,32,2,2,91600,6,87100,196,14,400,14,100,300,1000,100,100,14,0,5,1,1400,5,1,100,2,0,10,4,2,14,14,14,0,0,2,1400,7,1,32300,7,0,0,0,0,2,1,2,400,27,12,42,600,0,0,0,0,0,0,0,0,0,0,0,0,0,0,0,0,0,0,0,0,0,0,0,0,0,0,0,0,0,0,0,0,0,0,0,0,0,0,0,0,0,0,0,0,0,0,0,0,0,0,0,0,0,0,0,0,0,0,14,14,14,34600,0,3500,4700,0,0,0,0,0,0,0,0
yune,track-a-comparison,luna_pinyin,key_sequence_process_with_context,ni,33,2,2,80900,6,76600,196,14,300,14,0,300,900,0,200,14,0,5,1,1500,5,1,100,2,0,10,4,2,14,14,14,0,0,2,1400,7,1,22100,7,0,0,0,0,2,1,2,300,27,12,42,600,0,0,0,0,0,0,0,0,0,0,0,0,0,0,0,0,0,0,0,0,0,0,0,0,0,0,0,0,0,0,0,0,0,0,0,0,0,0,0,0,0,0,0,0,0,0,0,0,0,0,0,0,0,0,0,0,0,0,14,14,14,24200,100,3500,4600,0,0,0,0,0,0,0,0
yune,track-a-comparison,luna_pinyin,key_sequence_process_with_context,ni,34,2,2,81400,6,77000,196,14,500,14,100,400,1000,0,200,14,0,5,1,1400,5,1,100,2,0,10,4,2,14,14,14,0,0,2,1500,7,1,22200,7,0,0,0,0,2,1,2,400,27,12,42,300,0,0,0,0,0,0,0,0,0,0,0,0,0,0,0,0,0,0,0,0,0,0,0,0,0,0,0,0,0,0,0,0,0,0,0,0,0,0,0,0,0,0,0,0,0,0,0,0,0,0,0,0,0,0,0,0,0,0,14,14,14,24400,0,3500,4700,0,0,0,0,0,0,0,0
yune,track-a-comparison,luna_pinyin,key_sequence_process_with_context,ni,35,2,2,81300,6,77100,196,14,300,14,0,300,900,100,200,14,0,5,1,1400,5,1,100,2,0,10,4,2,14,14,14,0,0,2,1400,7,1,22100,7,0,0,0,0,2,1,2,400,27,12,42,400,0,0,0,0,0,0,0,0,0,0,0,0,0,0,0,0,0,0,0,0,0,0,0,0,0,0,0,0,0,0,0,0,0,0,0,0,0,0,0,0,0,0,0,0,0,0,0,0,0,0,0,0,0,0,0,0,0,0,14,14,14,24400,200,3700,4700,0,0,0,0,0,0,0,0
yune,track-a-comparison,luna_pinyin,key_sequence_process_with_context,ni,36,2,2,81000,6,76700,196,14,300,14,0,400,900,0,100,14,0,5,1,1400,5,1,100,2,0,10,4,2,14,14,14,0,0,2,1400,7,1,22000,7,0,0,0,0,2,1,2,300,27,12,42,600,0,0,0,0,0,0,0,0,0,0,0,0,0,0,0,0,0,0,0,0,0,0,0,0,0,0,0,0,0,0,0,0,0,0,0,0,0,0,0,0,0,0,0,0,0,0,0,0,0,0,0,0,0,0,0,0,0,0,14,14,14,24200,100,3500,4800,0,0,0,0,0,0,0,0
yune,track-a-comparison,luna_pinyin,key_sequence_process_with_context,ni,37,2,2,81200,6,76900,196,14,400,14,0,300,1000,0,200,14,0,5,1,1400,5,1,200,2,0,10,4,2,14,14,14,0,0,2,1500,7,1,22100,7,0,0,0,0,2,1,2,300,27,12,42,400,0,0,0,0,0,0,0,0,0,0,0,0,0,0,0,0,0,0,0,0,0,0,0,0,0,0,0,0,0,0,0,0,0,0,0,0,0,0,0,0,0,0,0,0,0,0,0,0,0,0,0,0,0,0,0,0,0,0,14,14,14,24300,200,3600,4700,0,0,0,0,0,0,0,0
yune,track-a-comparison,luna_pinyin,key_sequence_process_with_context,ni,38,2,2,81100,6,76800,196,14,400,14,0,300,900,0,200,14,0,5,1,1400,5,1,100,2,0,10,4,2,14,14,14,0,0,2,1400,7,1,22100,7,0,0,0,0,2,1,2,300,27,12,42,600,0,0,0,0,0,0,0,0,0,0,0,0,0,0,0,0,0,0,0,0,0,0,0,0,0,0,0,0,0,0,0,0,0,0,0,0,0,0,0,0,0,0,0,0,0,0,0,0,0,0,0,0,0,0,0,0,0,0,14,14,14,24300,100,3500,4600,0,0,0,0,0,0,0,0
yune,track-a-comparison,luna_pinyin,key_sequence_process_with_context,ni,39,2,2,81000,6,76700,196,14,300,14,100,300,900,100,100,14,0,5,1,1400,5,1,200,2,0,10,4,2,14,14,14,0,0,2,1500,7,1,22100,7,0,0,0,0,2,1,2,400,27,12,42,400,0,0,0,0,0,0,0,0,0,0,0,0,0,0,0,0,0,0,0,0,0,0,0,0,0,0,0,0,0,0,0,0,0,0,0,0,0,0,0,0,0,0,0,0,0,0,0,0,0,0,0,0,0,0,0,0,0,0,14,14,14,24200,100,3600,4600,0,0,0,0,0,0,0,0
yune,track-a-comparison,luna_pinyin,key_sequence_process_with_context,ni,40,2,2,81200,6,76600,196,14,400,14,200,200,800,0,200,14,0,5,1,1500,5,1,100,2,0,10,4,2,14,14,14,0,0,2,1500,7,1,21900,7,0,0,0,0,2,1,2,300,27,12,42,600,0,0,0,0,0,0,0,0,0,0,0,0,0,0,0,0,0,0,0,0,0,0,0,0,0,0,0,0,0,0,0,0,0,0,0,0,0,0,0,0,0,0,0,0,0,0,0,0,0,0,0,0,0,0,0,0,0,0,14,14,14,24200,200,3600,4700,0,0,0,0,0,0,0,0
yune,track-a-comparison,luna_pinyin,key_sequence_process_with_context,ni,41,2,2,85700,6,81500,196,14,400,14,0,400,1000,100,100,14,0,5,1,1400,5,1,100,2,0,10,4,2,14,14,14,0,0,2,1500,7,1,22000,7,0,0,0,0,2,1,2,400,27,12,42,400,0,0,0,0,0,0,0,0,0,0,0,0,0,0,0,0,0,0,0,0,0,0,0,0,0,0,0,0,0,0,0,0,0,0,0,0,0,0,0,0,0,0,0,0,0,0,0,0,0,0,0,0,0,0,0,0,0,0,14,14,14,24400,200,3600,4800,0,0,0,0,0,0,0,0
yune,track-a-comparison,luna_pinyin,key_sequence_process_with_context,ni,42,2,2,81700,6,77500,196,14,300,14,0,400,900,0,300,14,0,5,1,1500,5,1,100,2,0,10,4,2,14,14,14,0,0,2,1500,7,1,22300,7,0,0,0,0,2,1,2,300,27,12,42,400,0,0,0,0,0,0,0,0,0,0,0,0,0,0,0,0,0,0,0,0,0,0,0,0,0,0,0,0,0,0,0,0,0,0,0,0,0,0,0,0,0,0,0,0,0,0,0,0,0,0,0,0,0,0,0,0,0,0,14,14,14,24600,200,3700,4900,0,0,0,0,0,0,0,0
yune,track-a-comparison,luna_pinyin,key_sequence_process_with_context,ni,43,2,2,82100,6,77700,196,14,500,14,100,200,900,100,100,14,0,5,1,1500,5,1,100,2,0,10,4,2,14,14,14,0,0,2,1500,7,1,22300,7,0,0,0,0,2,1,2,400,27,12,42,600,0,0,0,0,0,0,0,0,0,0,0,0,0,0,0,0,0,0,0,0,0,0,0,0,0,0,0,0,0,0,0,0,0,0,0,0,0,0,0,0,0,0,0,0,0,0,0,0,0,0,0,0,0,0,0,0,0,0,14,14,14,24700,100,3700,5000,0,0,0,0,0,0,0,0
yune,track-a-comparison,luna_pinyin,key_sequence_process_with_context,ni,44,2,2,82000,6,77600,196,14,400,14,0,300,1000,0,200,14,0,5,1,1400,5,1,100,2,0,10,4,2,14,14,14,0,0,2,1400,7,1,22200,7,0,0,0,0,2,1,2,300,27,12,42,400,0,0,0,0,0,0,0,0,0,0,0,0,0,0,0,0,0,0,0,0,0,0,0,0,0,0,0,0,0,0,0,0,0,0,0,0,0,0,0,0,0,0,0,0,0,0,0,0,0,0,0,0,0,0,0,0,0,0,14,14,14,24500,100,3600,4900,0,0,0,0,0,0,0,0
yune,track-a-comparison,luna_pinyin,key_sequence_process_with_context,ni,45,2,2,81700,6,77400,196,14,500,14,0,300,1000,100,100,14,0,5,1,1500,5,1,100,2,0,10,4,2,14,14,14,0,0,2,1400,7,1,22200,7,0,0,0,0,2,1,2,500,27,12,42,600,0,0,0,0,0,0,0,0,0,0,0,0,0,0,0,0,0,0,0,0,0,0,0,0,0,0,0,0,0,0,0,0,0,0,0,0,0,0,0,0,0,0,0,0,0,0,0,0,0,0,0,0,0,0,0,0,0,0,14,14,14,24600,100,3600,4800,0,0,0,0,0,0,0,0
yune,track-a-comparison,luna_pinyin,key_sequence_process_with_context,ni,46,2,2,81700,6,77200,196,14,600,14,100,200,900,100,300,14,0,5,1,1500,5,1,200,2,0,10,4,2,14,14,14,0,0,2,1500,7,1,22100,7,0,0,0,0,2,1,2,300,27,12,42,400,0,0,0,0,0,0,0,0,0,0,0,0,0,0,0,0,0,0,0,0,0,0,0,0,0,0,0,0,0,0,0,0,0,0,0,0,0,0,0,0,0,0,0,0,0,0,0,0,0,0,0,0,0,0,0,0,0,0,14,14,14,24300,100,3600,4600,0,0,0,0,0,0,0,0
yune,track-a-comparison,luna_pinyin,key_sequence_process_with_context,ni,47,2,2,82000,6,77500,196,14,400,14,100,300,900,0,200,14,0,5,1,1500,5,1,100,2,0,10,4,2,14,14,14,0,0,2,1500,7,1,22400,7,0,0,0,0,2,1,2,300,27,12,42,500,0,0,0,0,0,0,0,0,0,0,0,0,0,0,0,0,0,0,0,0,0,0,0,0,0,0,0,0,0,0,0,0,0,0,0,0,0,0,0,0,0,0,0,0,0,0,0,0,0,0,0,0,0,0,0,0,0,0,14,14,14,24700,0,3500,4600,0,0,0,0,0,0,0,0
yune,track-a-comparison,luna_pinyin,key_sequence_process_with_context,ni,48,2,2,82400,6,78200,196,14,400,14,0,400,900,0,100,14,0,5,1,1500,5,1,200,2,0,10,4,2,14,14,14,0,0,2,1400,7,1,22100,7,0,0,0,0,2,1,2,400,27,12,42,400,0,0,0,0,0,0,0,0,0,0,0,0,0,0,0,0,0,0,0,0,0,0,0,0,0,0,0,0,0,0,0,0,0,0,0,0,0,0,0,0,0,0,0,0,0,0,0,0,0,0,0,0,0,0,0,0,0,0,14,14,14,24300,200,3500,4700,0,0,0,0,0,0,0,0
yune,track-a-comparison,luna_pinyin,key_sequence_process_with_context,ni,49,2,2,83600,6,79300,196,14,500,14,100,200,800,0,300,14,0,5,1,1500,5,1,100,2,0,10,4,2,14,14,14,0,0,2,1500,7,1,22500,7,0,0,0,0,2,1,2,300,27,12,42,400,0,0,0,0,0,0,0,0,0,0,0,0,0,0,0,0,0,0,0,0,0,0,0,0,0,0,0,0,0,0,0,0,0,0,0,0,0,0,0,0,0,0,0,0,0,0,0,0,0,0,0,0,0,0,0,0,0,0,14,14,14,24900,0,3600,4700,0,0,0,0,0,0,0,0
yune,track-a-comparison,luna_pinyin,key_sequence_process_with_context,ni,50,2,2,83200,6,78800,196,14,400,14,100,300,1000,100,200,14,0,5,1,1500,5,1,100,2,0,10,4,2,14,14,14,0,0,2,1500,7,1,22300,7,0,0,0,0,2,1,2,300,27,12,42,400,0,0,0,0,0,0,0,0,0,0,0,0,0,0,0,0,0,0,0,0,0,0,0,0,0,0,0,0,0,0,0,0,0,0,0,0,0,0,0,0,0,0,0,0,0,0,0,0,0,0,0,0,0,0,0,0,0,0,14,14,14,24600,100,3600,4700,0,0,0,0,0,0,0,0
yune,track-a-comparison,luna_pinyin,key_sequence_process_with_context,ni,51,2,2,81800,6,77700,196,14,400,14,0,300,1000,100,100,14,0,5,1,1500,5,1,100,2,0,10,4,2,14,14,14,0,0,2,1500,7,1,22400,7,0,0,0,0,2,1,2,300,27,12,42,600,0,0,0,0,0,0,0,0,0,0,0,0,0,0,0,0,0,0,0,0,0,0,0,0,0,0,0,0,0,0,0,0,0,0,0,0,0,0,0,0,0,0,0,0,0,0,0,0,0,0,0,0,0,0,0,0,0,0,14,14,14,24600,0,3500,4600,0,0,0,0,0,0,0,0
yune,track-a-comparison,luna_pinyin,key_sequence_process_with_context,ni,52,2,2,81400,6,77000,196,14,500,14,0,300,800,0,200,14,0,5,1,1400,5,1,100,2,0,10,4,2,14,14,14,0,0,2,1400,7,1,22100,7,0,0,0,0,2,1,2,400,27,12,42,500,0,0,0,0,0,0,0,0,0,0,0,0,0,0,0,0,0,0,0,0,0,0,0,0,0,0,0,0,0,0,0,0,0,0,0,0,0,0,0,0,0,0,0,0,0,0,0,0,0,0,0,0,0,0,0,0,0,0,14,14,14,24500,100,3600,4700,0,0,0,0,0,0,0,0
yune,track-a-comparison,luna_pinyin,key_sequence_process_with_context,ni,53,2,2,82000,6,77500,196,14,400,14,100,300,900,0,100,14,0,5,1,1400,5,1,100,2,0,10,4,2,14,14,14,0,0,2,1500,7,1,22700,7,0,0,0,0,2,1,2,300,27,12,42,300,0,0,0,0,0,0,0,0,0,0,0,0,0,0,0,0,0,0,0,0,0,0,0,0,0,0,0,0,0,0,0,0,0,0,0,0,0,0,0,0,0,0,0,0,0,0,0,0,0,0,0,0,0,0,0,0,0,0,14,14,14,24900,200,3500,4800,0,0,0,0,0,0,0,0
yune,track-a-comparison,luna_pinyin,key_sequence_process_with_context,ni,54,2,2,87000,6,82400,196,14,300,14,0,300,900,100,100,14,0,5,1,1500,5,1,100,2,0,10,4,2,14,14,14,0,0,2,1500,7,1,27700,7,0,0,0,0,2,1,2,300,27,12,42,600,0,0,0,0,0,0,0,0,0,0,0,0,0,0,0,0,0,0,0,0,0,0,0,0,0,0,0,0,0,0,0,0,0,0,0,0,0,0,0,0,0,0,0,0,0,0,0,0,0,0,0,0,0,0,0,0,0,0,14,14,14,29900,100,3500,4600,0,0,0,0,0,0,0,0
yune,track-a-comparison,luna_pinyin,key_sequence_process_with_context,ni,55,2,2,82100,6,77800,196,14,300,14,100,200,900,0,200,14,0,5,1,1500,5,1,100,2,0,10,4,2,14,14,14,0,0,2,1400,7,1,23100,7,0,0,0,0,2,1,2,400,27,12,42,500,0,0,0,0,0,0,0,0,0,0,0,0,0,0,0,0,0,0,0,0,0,0,0,0,0,0,0,0,0,0,0,0,0,0,0,0,0,0,0,0,0,0,0,0,0,0,0,0,0,0,0,0,0,0,0,0,0,0,14,14,14,25300,100,3500,4700,0,0,0,0,0,0,0,0
yune,track-a-comparison,luna_pinyin,key_sequence_process_with_context,ni,56,2,2,82200,6,77800,196,14,400,14,100,300,900,0,200,14,0,5,1,1400,5,1,200,2,0,10,4,2,14,14,14,0,0,2,1700,7,1,22900,7,0,0,0,0,2,1,2,400,27,12,42,400,0,0,0,0,0,0,0,0,0,0,0,0,0,0,0,0,0,0,0,0,0,0,0,0,0,0,0,0,0,0,0,0,0,0,0,0,0,0,0,0,0,0,0,0,0,0,0,0,0,0,0,0,0,0,0,0,0,0,14,14,14,25400,100,3700,4800,0,0,0,0,0,0,0,0
yune,track-a-comparison,luna_pinyin,key_sequence_process_with_context,ni,57,2,2,81100,6,76900,196,14,500,14,0,300,900,100,200,14,0,5,1,1400,5,1,100,2,0,10,4,2,14,14,14,0,0,2,1400,7,1,22000,7,0,0,0,0,2,1,2,400,27,12,42,500,0,0,0,0,0,0,0,0,0,0,0,0,0,0,0,0,0,0,0,0,0,0,0,0,0,0,0,0,0,0,0,0,0,0,0,0,0,0,0,0,0,0,0,0,0,0,0,0,0,0,0,0,0,0,0,0,0,0,14,14,14,24300,200,3500,4700,0,0,0,0,0,0,0,0
yune,track-a-comparison,luna_pinyin,key_sequence_process_with_context,ni,58,2,2,81500,6,77100,196,14,200,14,200,300,800,0,200,14,0,5,1,1400,5,1,100,2,0,10,4,2,14,14,14,0,0,2,1600,7,1,22200,7,0,0,0,0,2,1,2,300,27,12,42,300,0,0,0,0,0,0,0,0,0,0,0,0,0,0,0,0,0,0,0,0,0,0,0,0,0,0,0,0,0,0,0,0,0,0,0,0,0,0,0,0,0,0,0,0,0,0,0,0,0,0,0,0,0,0,0,0,0,0,14,14,14,24500,200,3600,4800,0,0,0,0,0,0,0,0
yune,track-a-comparison,luna_pinyin,key_sequence_process_with_context,ni,59,2,2,81500,6,77100,196,14,600,14,200,300,900,0,200,14,0,5,1,1400,5,1,200,2,0,10,4,2,14,14,14,0,0,2,1400,7,1,22200,7,0,0,0,0,2,1,2,400,27,12,42,400,0,0,0,0,0,0,0,0,0,0,0,0,0,0,0,0,0,0,0,0,0,0,0,0,0,0,0,0,0,0,0,0,0,0,0,0,0,0,0,0,0,0,0,0,0,0,0,0,0,0,0,0,0,0,0,0,0,0,14,14,14,24400,200,3600,4900,0,0,0,0,0,0,0,0
yune,track-a-comparison,luna_pinyin,key_sequence_process_with_context,ni,60,2,2,81800,6,77400,196,14,500,14,100,200,800,0,300,14,0,5,1,1500,5,1,100,2,0,10,4,2,14,14,14,0,0,2,1400,7,1,22200,7,0,0,0,0,2,1,2,300,27,12,42,600,0,0,0,0,0,0,0,0,0,0,0,0,0,0,0,0,0,0,0,0,0,0,0,0,0,0,0,0,0,0,0,0,0,0,0,0,0,0,0,0,0,0,0,0,0,0,0,0,0,0,0,0,0,0,0,0,0,0,14,14,14,24600,200,3700,4700,0,0,0,0,0,0,0,0
yune,track-a-comparison,luna_pinyin,key_sequence_process_with_context,ni,61,2,2,81700,6,77200,196,14,200,14,100,400,1000,100,200,14,0,5,1,1500,5,1,100,2,0,10,4,2,14,14,14,0,0,2,1400,7,1,22300,7,0,0,0,0,2,1,2,300,27,12,42,600,0,0,0,0,0,0,0,0,0,0,0,0,0,0,0,0,0,0,0,0,0,0,0,0,0,0,0,0,0,0,0,0,0,0,0,0,0,0,0,0,0,0,0,0,0,0,0,0,0,0,0,0,0,0,0,0,0,0,14,14,14,24500,100,3600,4900,0,0,0,0,0,0,0,0
yune,track-a-comparison,luna_pinyin,key_sequence_process_with_context,ni,62,2,2,81300,6,77100,196,14,200,14,100,300,900,0,200,14,0,5,1,1400,5,1,100,2,0,10,4,2,14,14,14,0,0,2,1600,7,1,22300,7,0,0,0,0,2,1,2,300,27,12,42,400,0,0,0,0,0,0,0,0,0,0,0,0,0,0,0,0,0,0,0,0,0,0,0,0,0,0,0,0,0,0,0,0,0,0,0,0,0,0,0,0,0,0,0,0,0,0,0,0,0,0,0,0,0,0,0,0,0,0,14,14,14,24600,100,3500,4700,0,0,0,0,0,0,0,0
yune,track-a-comparison,luna_pinyin,key_sequence_process_with_context,ni,63,2,2,88700,6,84000,196,14,300,14,0,300,1000,0,300,14,0,5,1,1500,5,1,200,2,0,10,4,2,14,14,14,0,0,2,1500,7,1,22300,7,0,0,0,0,2,1,2,300,27,12,42,400,0,0,0,0,0,0,0,0,0,0,0,0,0,0,0,0,0,0,0,0,0,0,0,0,0,0,0,0,0,0,0,0,0,0,0,0,0,0,0,0,0,0,0,0,0,0,0,0,0,0,0,0,0,0,0,0,0,0,14,14,14,24400,100,3700,4700,0,0,0,0,0,0,0,0
yune,track-a-comparison,luna_pinyin,key_sequence_process_with_context,ni,64,2,2,81300,6,77000,196,14,500,14,0,400,1000,100,200,14,0,5,1,1500,5,1,100,2,0,10,4,2,14,14,14,0,0,2,1400,7,1,22200,7,0,0,0,0,2,1,2,300,27,12,42,600,0,0,0,0,0,0,0,0,0,0,0,0,0,0,0,0,0,0,0,0,0,0,0,0,0,0,0,0,0,0,0,0,0,0,0,0,0,0,0,0,0,0,0,0,0,0,0,0,0,0,0,0,0,0,0,0,0,0,14,14,14,24300,200,3600,4800,0,0,0,0,0,0,0,0
yune,track-a-comparison,luna_pinyin,key_sequence_process_with_context,ni,65,2,2,81600,6,77100,196,14,500,14,100,300,800,0,200,14,0,5,1,1500,5,1,100,2,0,10,4,2,14,14,14,0,0,2,1400,7,1,22300,7,0,0,0,0,2,1,2,400,27,12,42,600,0,0,0,0,0,0,0,0,0,0,0,0,0,0,0,0,0,0,0,0,0,0,0,0,0,0,0,0,0,0,0,0,0,0,0,0,0,0,0,0,0,0,0,0,0,0,0,0,0,0,0,0,0,0,0,0,0,0,14,14,14,24500,0,3500,4700,0,0,0,0,0,0,0,0
yune,track-a-comparison,luna_pinyin,key_sequence_process_with_context,ni,66,2,2,82900,6,78600,196,14,500,14,100,300,900,100,200,14,0,5,1,1500,5,1,100,2,0,10,4,2,14,14,14,0,0,2,1600,7,1,23700,7,0,0,0,0,2,1,2,200,27,12,42,600,0,0,0,0,0,0,0,0,0,0,0,0,0,0,0,0,0,0,0,0,0,0,0,0,0,0,0,0,0,0,0,0,0,0,0,0,0,0,0,0,0,0,0,0,0,0,0,0,0,0,0,0,0,0,0,0,0,0,14,14,14,26000,200,3600,4800,0,0,0,0,0,0,0,0
yune,track-a-comparison,luna_pinyin,key_sequence_process_with_context,ni,67,2,2,82200,6,77800,196,14,400,14,100,300,900,0,200,14,0,5,1,1400,5,1,100,2,0,10,4,2,14,14,14,0,0,2,1500,7,1,23000,7,0,0,0,0,2,1,2,200,27,12,42,400,0,0,0,0,0,0,0,0,0,0,0,0,0,0,0,0,0,0,0,0,0,0,0,0,0,0,0,0,0,0,0,0,0,0,0,0,0,0,0,0,0,0,0,0,0,0,0,0,0,0,0,0,0,0,0,0,0,0,14,14,14,25300,200,3600,4700,0,0,0,0,0,0,0,0
yune,track-a-comparison,luna_pinyin,key_sequence_process_with_context,ni,68,2,2,82100,6,77800,196,14,500,14,100,300,900,0,100,14,0,5,1,1500,5,1,100,2,0,10,4,2,14,14,14,0,0,2,1600,7,1,23000,7,0,0,0,0,2,1,2,400,27,12,42,300,0,0,0,0,0,0,0,0,0,0,0,0,0,0,0,0,0,0,0,0,0,0,0,0,0,0,0,0,0,0,0,0,0,0,0,0,0,0,0,0,0,0,0,0,0,0,0,0,0,0,0,0,0,0,0,0,0,0,14,14,14,25200,100,3500,4900,0,0,0,0,0,0,0,0
yune,track-a-comparison,luna_pinyin,key_sequence_process_with_context,ni,69,2,2,82300,6,78000,196,14,300,14,0,400,1000,100,100,14,0,5,1,1500,5,1,100,2,0,10,4,2,14,14,14,0,0,2,1500,7,1,22800,7,0,0,0,0,2,1,2,300,27,12,42,400,0,0,0,0,0,0,0,0,0,0,0,0,0,0,0,0,0,0,0,0,0,0,0,0,0,0,0,0,0,0,0,0,0,0,0,0,0,0,0,0,0,0,0,0,0,0,0,0,0,0,0,0,0,0,0,0,0,0,14,14,14,25000,200,3600,4900,0,0,0,0,0,0,0,0
yune,track-a-comparison,luna_pinyin,key_sequence_process_with_context,ni,70,2,2,81000,6,76500,196,14,100,14,200,300,900,100,200,14,0,5,1,1400,5,1,200,2,0,10,4,2,14,14,14,0,0,2,1500,7,1,22100,7,0,0,0,0,2,1,2,300,27,12,42,300,0,0,0,0,0,0,0,0,0,0,0,0,0,0,0,0,0,0,0,0,0,0,0,0,0,0,0,0,0,0,0,0,0,0,0,0,0,0,0,0,0,0,0,0,0,0,0,0,0,0,0,0,0,0,0,0,0,0,14,14,14,24400,200,3600,4700,0,0,0,0,0,0,0,0
yune,track-a-comparison,luna_pinyin,key_sequence_process_with_context,ni,71,2,2,81200,6,77000,196,14,300,14,100,400,900,100,100,14,0,5,1,1400,5,1,100,2,0,10,4,2,14,14,14,0,0,2,1500,7,1,22200,7,0,0,0,0,2,1,2,400,27,12,42,400,0,0,0,0,0,0,0,0,0,0,0,0,0,0,0,0,0,0,0,0,0,0,0,0,0,0,0,0,0,0,0,0,0,0,0,0,0,0,0,0,0,0,0,0,0,0,0,0,0,0,0,0,0,0,0,0,0,0,14,14,14,24500,200,3600,4700,0,0,0,0,0,0,0,0
yune,track-a-comparison,luna_pinyin,key_sequence_process_with_context,ni,72,2,2,81600,6,76900,196,14,400,14,0,300,1000,0,200,14,0,5,1,1500,5,1,100,2,0,10,4,2,14,14,14,0,0,2,1500,7,1,22300,7,0,0,0,0,2,1,2,400,27,12,42,400,0,0,0,0,0,0,0,0,0,0,0,0,0,0,0,0,0,0,0,0,0,0,0,0,0,0,0,0,0,0,0,0,0,0,0,0,0,0,0,0,0,0,0,0,0,0,0,0,0,0,0,0,0,0,0,0,0,0,14,14,14,24500,100,3500,4700,0,0,0,0,0,0,0,0
yune,track-a-comparison,luna_pinyin,key_sequence_process_with_context,ni,73,2,2,81500,6,77100,196,14,600,14,0,300,1000,100,200,14,0,5,1,1400,5,1,100,2,0,10,4,2,14,14,14,0,0,2,1500,7,1,22300,7,0,0,0,0,2,1,2,200,27,12,42,600,0,0,0,0,0,0,0,0,0,0,0,0,0,0,0,0,0,0,0,0,0,0,0,0,0,0,0,0,0,0,0,0,0,0,0,0,0,0,0,0,0,0,0,0,0,0,0,0,0,0,0,0,0,0,0,0,0,0,14,14,14,24500,100,3600,4700,0,0,0,0,0,0,0,0
yune,track-a-comparison,luna_pinyin,key_sequence_process_with_context,ni,74,2,2,81400,6,77000,196,14,300,14,100,300,1000,0,100,14,0,5,1,1500,5,1,100,2,0,10,4,2,14,14,14,0,0,2,1500,7,1,22100,7,0,0,0,0,2,1,2,400,27,12,42,600,0,0,0,0,0,0,0,0,0,0,0,0,0,0,0,0,0,0,0,0,0,0,0,0,0,0,0,0,0,0,0,0,0,0,0,0,0,0,0,0,0,0,0,0,0,0,0,0,0,0,0,0,0,0,0,0,0,0,14,14,14,24400,100,3500,4700,0,0,0,0,0,0,0,0
yune,track-a-comparison,luna_pinyin,key_sequence_process_with_context,ni,75,2,2,81400,6,77000,196,14,400,14,0,400,1000,100,100,14,0,5,1,1400,5,1,100,2,0,10,4,2,14,14,14,0,0,2,1500,7,1,22300,7,0,0,0,0,2,1,2,300,27,12,42,400,0,0,0,0,0,0,0,0,0,0,0,0,0,0,0,0,0,0,0,0,0,0,0,0,0,0,0,0,0,0,0,0,0,0,0,0,0,0,0,0,0,0,0,0,0,0,0,0,0,0,0,0,0,0,0,0,0,0,14,14,14,24500,100,3700,4800,0,0,0,0,0,0,0,0
yune,track-a-comparison,luna_pinyin,key_sequence_process_with_context,ni,76,2,2,81300,6,77000,196,14,600,14,100,200,800,0,300,14,0,5,1,1400,5,1,100,2,0,10,4,2,14,14,14,0,0,2,1500,7,1,22400,7,0,0,0,0,2,1,2,200,27,12,42,300,0,0,0,0,0,0,0,0,0,0,0,0,0,0,0,0,0,0,0,0,0,0,0,0,0,0,0,0,0,0,0,0,0,0,0,0,0,0,0,0,0,0,0,0,0,0,0,0,0,0,0,0,0,0,0,0,0,0,14,14,14,24600,0,3600,4700,0,0,0,0,0,0,0,0
yune,track-a-comparison,luna_pinyin,key_sequence_process_with_context,ni,77,2,2,81300,6,77000,196,14,400,14,0,300,1000,0,200,14,0,5,1,1400,5,1,200,2,0,10,4,2,14,14,14,0,0,2,1600,7,1,22500,7,0,0,0,0,2,1,2,300,27,12,42,300,0,0,0,0,0,0,0,0,0,0,0,0,0,0,0,0,0,0,0,0,0,0,0,0,0,0,0,0,0,0,0,0,0,0,0,0,0,0,0,0,0,0,0,0,0,0,0,0,0,0,0,0,0,0,0,0,0,0,14,14,14,24700,100,3600,4800,0,0,0,0,0,0,0,0
yune,track-a-comparison,luna_pinyin,key_sequence_process_with_context,ni,78,2,2,89100,6,84700,196,14,500,14,0,300,1000,200,100,14,0,5,1,1500,5,1,200,2,0,10,4,2,14,14,14,0,0,2,1500,7,1,28100,7,0,0,0,0,2,1,2,400,27,12,42,600,0,0,0,0,0,0,0,0,0,0,0,0,0,0,0,0,0,0,0,0,0,0,0,0,0,0,0,0,0,0,0,0,0,0,0,0,0,0,0,0,0,0,0,0,0,0,0,0,0,0,0,0,0,0,0,0,0,0,14,14,14,30600,100,3900,4900,0,0,0,0,0,0,0,0
yune,track-a-comparison,luna_pinyin,key_sequence_process_with_context,ni,79,2,2,84000,6,79600,196,14,500,14,0,400,1000,200,100,14,0,5,1,1500,5,1,100,2,0,10,4,2,14,14,14,0,0,2,1600,7,1,23700,7,0,0,0,0,2,1,2,300,27,12,42,500,0,0,0,0,0,0,0,0,0,0,0,0,0,0,0,0,0,0,0,0,0,0,0,0,0,0,0,0,0,0,0,0,0,0,0,0,0,0,0,0,0,0,0,0,0,0,0,0,0,0,0,0,0,0,0,0,0,0,14,14,14,26000,100,3700,4900,0,0,0,0,0,0,0,0
yune,track-a-comparison,luna_pinyin,key_sequence_process_with_context,hao,0,3,3,70500,9,63500,169,21,700,21,200,400,1500,100,200,21,0,5,1,1600,5,1,100,3,0,15,6,3,21,21,21,0,0,3,3300,14,1,8800,7,0,0,0,0,3,1,3,400,21,12,48,300,0,0,0,0,0,0,0,0,0,0,0,0,0,0,0,0,0,0,0,0,0,0,0,0,0,0,0,0,0,0,0,0,0,0,0,0,0,0,0,0,0,0,0,0,0,0,0,0,0,0,0,0,0,0,0,0,0,0,21,21,21,13900,200,7000,8700,0,0,0,0,0,0,0,0
yune,track-a-comparison,luna_pinyin,key_sequence_process_with_context,hao,1,3,3,72400,9,65200,169,21,800,21,0,500,1500,0,400,21,0,5,1,1600,5,1,200,3,0,15,6,3,21,21,21,0,0,3,3200,14,1,8800,7,0,0,0,0,3,1,3,500,21,12,48,400,0,0,0,0,0,0,0,0,0,0,0,0,0,0,0,0,0,0,0,0,0,0,0,0,0,0,0,0,0,0,0,0,0,0,0,0,0,0,0,0,0,0,0,0,0,0,0,0,0,0,0,0,0,0,0,0,0,0,21,21,21,14000,200,6900,8500,0,0,0,0,0,0,0,0
yune,track-a-comparison,luna_pinyin,key_sequence_process_with_context,hao,2,3,3,70500,9,63500,169,21,600,21,200,600,1500,200,300,21,0,5,1,1600,5,1,100,3,0,15,6,3,21,21,21,0,0,3,3200,14,1,8800,7,0,0,0,0,3,1,3,300,21,12,48,500,0,0,0,0,0,0,0,0,0,0,0,0,0,0,0,0,0,0,0,0,0,0,0,0,0,0,0,0,0,0,0,0,0,0,0,0,0,0,0,0,0,0,0,0,0,0,0,0,0,0,0,0,0,0,0,0,0,0,21,21,21,13700,300,6500,8300,0,0,0,0,0,0,0,0
yune,track-a-comparison,luna_pinyin,key_sequence_process_with_context,hao,3,3,3,69100,9,62200,169,21,800,21,0,500,1500,100,300,21,0,5,1,1400,5,1,100,3,0,15,6,3,21,21,21,0,0,3,3200,14,1,8500,7,0,0,0,0,3,1,3,300,21,12,48,400,0,0,0,0,0,0,0,0,0,0,0,0,0,0,0,0,0,0,0,0,0,0,0,0,0,0,0,0,0,0,0,0,0,0,0,0,0,0,0,0,0,0,0,0,0,0,0,0,0,0,0,0,0,0,0,0,0,0,21,21,21,13300,0,6300,8200,0,0,0,0,0,0,0,0
yune,track-a-comparison,luna_pinyin,key_sequence_process_with_context,hao,4,3,3,68500,9,61900,169,21,600,21,100,500,1400,0,400,21,0,5,1,1500,5,1,100,3,0,15,6,3,21,21,21,0,0,3,3000,14,1,8500,7,0,0,0,0,3,1,3,500,21,12,48,300,0,0,0,0,0,0,0,0,0,0,0,0,0,0,0,0,0,0,0,0,0,0,0,0,0,0,0,0,0,0,0,0,0,0,0,0,0,0,0,0,0,0,0,0,0,0,0,0,0,0,0,0,0,0,0,0,0,0,21,21,21,13400,300,6400,8100,0,0,0,0,0,0,0,0
yune,track-a-comparison,luna_pinyin,key_sequence_process_with_context,hao,5,3,3,68400,9,61700,169,21,700,21,200,400,1400,0,300,21,0,5,1,1400,5,1,100,3,0,15,6,3,21,21,21,0,0,3,3200,14,1,8500,7,0,0,0,0,3,1,3,300,21,12,48,400,0,0,0,0,0,0,0,0,0,0,0,0,0,0,0,0,0,0,0,0,0,0,0,0,0,0,0,0,0,0,0,0,0,0,0,0,0,0,0,0,0,0,0,0,0,0,0,0,0,0,0,0,0,0,0,0,0,0,21,21,21,13300,100,6300,8200,0,0,0,0,0,0,0,0
yune,track-a-comparison,luna_pinyin,key_sequence_process_with_context,hao,6,3,3,69000,9,62500,169,21,700,21,300,400,1300,0,200,21,0,5,1,1300,5,1,100,3,0,15,6,3,21,21,21,0,0,3,3100,14,1,8500,7,0,0,0,0,3,1,3,500,21,12,48,500,0,0,0,0,0,0,0,0,0,0,0,0,0,0,0,0,0,0,0,0,0,0,0,0,0,0,0,0,0,0,0,0,0,0,0,0,0,0,0,0,0,0,0,0,0,0,0,0,0,0,0,0,0,0,0,0,0,0,21,21,21,13200,200,6400,8500,0,0,0,0,0,0,0,0
yune,track-a-comparison,luna_pinyin,key_sequence_process_with_context,hao,7,3,3,68800,9,62000,169,21,700,21,100,400,1400,100,200,21,0,5,1,1400,5,1,100,3,0,15,6,3,21,21,21,0,0,3,3100,14,1,8400,7,0,0,0,0,3,1,3,500,21,12,48,400,0,0,0,0,0,0,0,0,0,0,0,0,0,0,0,0,0,0,0,0,0,0,0,0,0,0,0,0,0,0,0,0,0,0,0,0,0,0,0,0,0,0,0,0,0,0,0,0,0,0,0,0,0,0,0,0,0,0,21,21,21,13300,200,6500,8300,0,0,0,0,0,0,0,0
yune,track-a-comparison,luna_pinyin,key_sequence_process_with_context,hao,8,3,3,68500,9,61700,169,21,500,21,200,500,1400,0,400,21,0,5,1,1300,5,1,100,3,0,15,6,3,21,21,21,0,0,3,3100,14,1,8300,7,0,0,0,0,3,1,3,400,21,12,48,600,0,0,0,0,0,0,0,0,0,0,0,0,0,0,0,0,0,0,0,0,0,0,0,0,0,0,0,0,0,0,0,0,0,0,0,0,0,0,0,0,0,0,0,0,0,0,0,0,0,0,0,0,0,0,0,0,0,0,21,21,21,13300,200,6400,8000,0,0,0,0,0,0,0,0
yune,track-a-comparison,luna_pinyin,key_sequence_process_with_context,hao,9,3,3,69200,9,62200,169,21,700,21,100,500,1400,100,300,21,0,5,1,1400,5,1,100,3,0,15,6,3,21,21,21,0,0,3,3000,14,1,8600,7,0,0,0,0,3,1,3,400,21,12,48,500,0,0,0,0,0,0,0,0,0,0,0,0,0,0,0,0,0,0,0,0,0,0,0,0,0,0,0,0,0,0,0,0,0,0,0,0,0,0,0,0,0,0,0,0,0,0,0,0,0,0,0,0,0,0,0,0,0,0,21,21,21,13600,200,6400,8400,0,0,0,0,0,0,0,0
yune,track-a-comparison,luna_pinyin,key_sequence_process_with_context,hao,10,3,3,71000,9,64100,169,21,900,21,100,300,1300,0,500,21,0,5,1,1400,5,1,100,3,0,15,6,3,21,21,21,0,0,3,3400,14,1,8700,7,0,0,0,0,3,1,3,500,21,12,48,300,0,0,0,0,0,0,0,0,0,0,0,0,0,0,0,0,0,0,0,0,0,0,0,0,0,0,0,0,0,0,0,0,0,0,0,0,0,0,0,0,0,0,0,0,0,0,0,0,0,0,0,0,0,0,0,0,0,0,21,21,21,13600,0,6600,8400,0,0,0,0,0,0,0,0
yune,track-a-comparison,luna_pinyin,key_sequence_process_with_context,hao,11,3,3,70200,9,63300,169,21,700,21,200,400,1400,0,300,21,0,5,1,1400,5,1,100,3,0,15,6,3,21,21,21,0,0,3,3200,14,1,8600,7,0,0,0,0,3,1,3,300,21,12,48,300,0,0,0,0,0,0,0,0,0,0,0,0,0,0,0,0,0,0,0,0,0,0,0,0,0,0,0,0,0,0,0,0,0,0,0,0,0,0,0,0,0,0,0,0,0,0,0,0,0,0,0,0,0,0,0,0,0,0,21,21,21,13700,200,6500,8400,0,0,0,0,0,0,0,0
yune,track-a-comparison,luna_pinyin,key_sequence_process_with_context,hao,12,3,3,69500,9,62600,169,21,600,21,200,300,1300,0,300,21,0,5,1,1400,5,1,100,3,0,15,6,3,21,21,21,0,0,3,3100,14,1,8700,7,0,0,0,0,3,1,3,500,21,12,48,300,0,0,0,0,0,0,0,0,0,0,0,0,0,0,0,0,0,0,0,0,0,0,0,0,0,0,0,0,0,0,0,0,0,0,0,0,0,0,0,0,0,0,0,0,0,0,0,0,0,0,0,0,0,0,0,0,0,0,21,21,21,13700,300,6400,8100,0,0,0,0,0,0,0,0
yune,track-a-comparison,luna_pinyin,key_sequence_process_with_context,hao,13,3,3,68500,9,61600,169,21,700,21,200,500,1400,0,300,21,0,5,1,1400,5,1,100,3,0,15,6,3,21,21,21,0,0,3,3300,14,1,8500,7,0,0,0,0,3,1,3,300,21,12,48,300,0,0,0,0,0,0,0,0,0,0,0,0,0,0,0,0,0,0,0,0,0,0,0,0,0,0,0,0,0,0,0,0,0,0,0,0,0,0,0,0,0,0,0,0,0,0,0,0,0,0,0,0,0,0,0,0,0,0,21,21,21,13400,200,6300,8100,0,0,0,0,0,0,0,0
yune,track-a-comparison,luna_pinyin,key_sequence_process_with_context,hao,14,3,3,69100,9,62600,169,21,900,21,100,400,1300,0,200,21,0,5,1,1400,5,1,100,3,0,15,6,3,21,21,21,0,0,3,3200,14,1,8800,7,0,0,0,0,3,1,3,400,21,12,48,600,0,0,0,0,0,0,0,0,0,0,0,0,0,0,0,0,0,0,0,0,0,0,0,0,0,0,0,0,0,0,0,0,0,0,0,0,0,0,0,0,0,0,0,0,0,0,0,0,0,0,0,0,0,0,0,0,0,0,21,21,21,13600,200,6200,8200,0,0,0,0,0,0,0,0
yune,track-a-comparison,luna_pinyin,key_sequence_process_with_context,hao,15,3,3,68800,9,62000,169,21,700,21,0,400,1400,200,300,21,0,5,1,1600,5,1,100,3,0,15,6,3,21,21,21,0,0,3,3100,14,1,8400,7,0,0,0,0,3,1,3,400,21,12,48,300,0,0,0,0,0,0,0,0,0,0,0,0,0,0,0,0,0,0,0,0,0,0,0,0,0,0,0,0,0,0,0,0,0,0,0,0,0,0,0,0,0,0,0,0,0,0,0,0,0,0,0,0,0,0,0,0,0,0,21,21,21,13300,200,6400,8200,0,0,0,0,0,0,0,0
yune,track-a-comparison,luna_pinyin,key_sequence_process_with_context,hao,16,3,3,69900,9,63000,169,21,900,21,0,400,1500,0,200,21,0,5,1,1400,5,1,100,3,0,15,6,3,21,21,21,0,0,3,3400,14,1,8500,7,0,0,0,0,3,1,3,300,21,12,48,600,0,0,0,0,0,0,0,0,0,0,0,0,0,0,0,0,0,0,0,0,0,0,0,0,0,0,0,0,0,0,0,0,0,0,0,0,0,0,0,0,0,0,0,0,0,0,0,0,0,0,0,0,0,0,0,0,0,0,21,21,21,13600,100,6400,8200,0,0,0,0,0,0,0,0
yune,track-a-comparison,luna_pinyin,key_sequence_process_with_context,hao,17,3,3,69000,9,62200,169,21,600,21,100,500,1400,0,200,21,0,5,1,1300,5,1,100,3,0,15,6,3,21,21,21,0,0,3,3300,14,1,8600,7,0,0,0,0,3,1,3,500,21,12,48,400,0,0,0,0,0,0,0,0,0,0,0,0,0,0,0,0,0,0,0,0,0,0,0,0,0,0,0,0,0,0,0,0,0,0,0,0,0,0,0,0,0,0,0,0,0,0,0,0,0,0,0,0,0,0,0,0,0,0,21,21,21,13600,200,6400,8100,0,0,0,0,0,0,0,0
yune,track-a-comparison,luna_pinyin,key_sequence_process_with_context,hao,18,3,3,68700,9,62000,169,21,700,21,100,600,1400,0,300,21,0,5,1,1300,5,1,100,3,0,15,6,3,21,21,21,0,0,3,3200,14,1,8500,7,0,0,0,0,3,1,3,300,21,12,48,400,0,0,0,0,0,0,0,0,0,0,0,0,0,0,0,0,0,0,0,0,0,0,0,0,0,0,0,0,0,0,0,0,0,0,0,0,0,0,0,0,0,0,0,0,0,0,0,0,0,0,0,0,0,0,0,0,0,0,21,21,21,13400,100,6300,7900,0,0,0,0,0,0,0,0
yune,track-a-comparison,luna_pinyin,key_sequence_process_with_context,hao,19,3,3,68600,9,61700,169,21,900,21,0,500,1300,0,300,21,0,5,1,1500,5,1,100,3,0,15,6,3,21,21,21,0,0,3,3100,14,1,8600,7,0,0,0,0,3,1,3,300,21,12,48,400,0,0,0,0,0,0,0,0,0,0,0,0,0,0,0,0,0,0,0,0,0,0,0,0,0,0,0,0,0,0,0,0,0,0,0,0,0,0,0,0,0,0,0,0,0,0,0,0,0,0,0,0,0,0,0,0,0,0,21,21,21,13500,200,6400,8000,0,0,0,0,0,0,0,0
yune,track-a-comparison,luna_pinyin,key_sequence_process_with_context,hao,20,3,3,70100,9,63100,169,21,1000,21,300,500,1500,100,200,21,0,5,1,1400,5,1,200,3,0,15,6,3,21,21,21,0,0,3,3200,14,1,8600,7,0,0,0,0,3,1,3,400,21,12,48,300,0,0,0,0,0,0,0,0,0,0,0,0,0,0,0,0,0,0,0,0,0,0,0,0,0,0,0,0,0,0,0,0,0,0,0,0,0,0,0,0,0,0,0,0,0,0,0,0,0,0,0,0,0,0,0,0,0,0,21,21,21,13600,100,6300,8000,0,0,0,0,0,0,0,0
yune,track-a-comparison,luna_pinyin,key_sequence_process_with_context,hao,21,3,3,68800,9,62100,169,21,700,21,0,400,1500,100,200,21,0,5,1,1400,5,1,100,3,0,15,6,3,21,21,21,0,0,3,3200,14,1,8600,7,0,0,0,0,3,1,3,300,21,12,48,600,0,0,0,0,0,0,0,0,0,0,0,0,0,0,0,0,0,0,0,0,0,0,0,0,0,0,0,0,0,0,0,0,0,0,0,0,0,0,0,0,0,0,0,0,0,0,0,0,0,0,0,0,0,0,0,0,0,0,21,21,21,13500,200,6200,7900,0,0,0,0,0,0,0,0
yune,track-a-comparison,luna_pinyin,key_sequence_process_with_context,hao,22,3,3,68700,9,62200,169,21,800,21,100,400,1500,0,200,21,0,5,1,1400,5,1,100,3,0,15,6,3,21,21,21,0,0,3,3200,14,1,8600,7,0,0,0,0,3,1,3,300,21,12,48,600,0,0,0,0,0,0,0,0,0,0,0,0,0,0,0,0,0,0,0,0,0,0,0,0,0,0,0,0,0,0,0,0,0,0,0,0,0,0,0,0,0,0,0,0,0,0,0,0,0,0,0,0,0,0,0,0,0,0,21,21,21,13600,200,6400,8000,0,0,0,0,0,0,0,0
yune,track-a-comparison,luna_pinyin,key_sequence_process_with_context,hao,23,3,3,83100,9,76100,169,21,900,21,100,600,1500,300,200,21,0,5,1,1400,5,1,2200,3,0,15,6,3,21,21,21,0,0,3,3100,14,1,8500,7,0,0,0,0,3,1,3,400,21,12,48,300,0,0,0,0,0,0,0,0,0,0,0,0,0,0,0,0,0,0,0,0,0,0,0,0,0,0,0,0,0,0,0,0,0,0,0,0,0,0,0,0,0,0,0,0,0,0,0,0,0,0,0,0,0,0,0,0,0,0,21,21,21,13400,100,20800,22500,0,0,0,0,0,0,0,0
yune,track-a-comparison,luna_pinyin,key_sequence_process_with_context,hao,24,3,3,69200,9,62300,169,21,900,21,100,500,1400,0,300,21,0,5,1,1400,5,1,200,3,0,15,6,3,21,21,21,0,0,3,3000,14,1,8800,7,0,0,0,0,3,1,3,300,21,12,48,300,0,0,0,0,0,0,0,0,0,0,0,0,0,0,0,0,0,0,0,0,0,0,0,0,0,0,0,0,0,0,0,0,0,0,0,0,0,0,0,0,0,0,0,0,0,0,0,0,0,0,0,0,0,0,0,0,0,0,21,21,21,13700,200,6400,8200,0,0,0,0,0,0,0,0
yune,track-a-comparison,luna_pinyin,key_sequence_process_with_context,hao,25,3,3,68200,9,61500,169,21,700,21,0,400,1400,100,300,21,0,5,1,1400,5,1,100,3,0,15,6,3,21,21,21,0,0,3,3200,14,1,8600,7,0,0,0,0,3,1,3,400,21,12,48,300,0,0,0,0,0,0,0,0,0,0,0,0,0,0,0,0,0,0,0,0,0,0,0,0,0,0,0,0,0,0,0,0,0,0,0,0,0,0,0,0,0,0,0,0,0,0,0,0,0,0,0,0,0,0,0,0,0,0,21,21,21,13400,200,6300,8100,0,0,0,0,0,0,0,0
yune,track-a-comparison,luna_pinyin,key_sequence_process_with_context,hao,26,3,3,68400,9,61500,169,21,600,21,0,500,1500,200,200,21,0,5,1,1400,5,1,100,3,0,15,6,3,21,21,21,0,0,3,3100,14,1,8600,7,0,0,0,0,3,1,3,300,21,12,48,600,0,0,0,0,0,0,0,0,0,0,0,0,0,0,0,0,0,0,0,0,0,0,0,0,0,0,0,0,0,0,0,0,0,0,0,0,0,0,0,0,0,0,0,0,0,0,0,0,0,0,0,0,0,0,0,0,0,0,21,21,21,13400,300,6400,8100,0,0,0,0,0,0,0,0
yune,track-a-comparison,luna_pinyin,key_sequence_process_with_context,hao,27,3,3,68000,9,61200,169,21,500,21,200,400,1500,200,200,21,0,5,1,1400,5,1,100,3,0,15,6,3,21,21,21,0,0,3,3100,14,1,8400,7,0,0,0,0,3,1,3,400,21,12,48,300,0,0,0,0,0,0,0,0,0,0,0,0,0,0,0,0,0,0,0,0,0,0,0,0,0,0,0,0,0,0,0,0,0,0,0,0,0,0,0,0,0,0,0,0,0,0,0,0,0,0,0,0,0,0,0,0,0,0,21,21,21,13200,100,6300,8000,0,0,0,0,0,0,0,0
yune,track-a-comparison,luna_pinyin,key_sequence_process_with_context,hao,28,3,3,69900,9,62900,169,21,700,21,100,600,1500,100,300,21,0,5,1,1500,5,1,100,3,0,15,6,3,21,21,21,0,0,3,3200,14,1,8700,7,0,0,0,0,3,1,3,500,21,12,48,400,0,0,0,0,0,0,0,0,0,0,0,0,0,0,0,0,0,0,0,0,0,0,0,0,0,0,0,0,0,0,0,0,0,0,0,0,0,0,0,0,0,0,0,0,0,0,0,0,0,0,0,0,0,0,0,0,0,0,21,21,21,13700,200,6400,8100,0,0,0,0,0,0,0,0
yune,track-a-comparison,luna_pinyin,key_sequence_process_with_context,hao,29,3,3,68600,9,61800,169,21,700,21,200,400,1300,0,400,21,0,5,1,1300,5,1,100,3,0,15,6,3,21,21,21,0,0,3,3200,14,1,8500,7,0,0,0,0,3,1,3,300,21,12,48,400,0,0,0,0,0,0,0,0,0,0,0,0,0,0,0,0,0,0,0,0,0,0,0,0,0,0,0,0,0,0,0,0,0,0,0,0,0,0,0,0,0,0,0,0,0,0,0,0,0,0,0,0,0,0,0,0,0,0,21,21,21,13600,200,6400,8200,0,0,0,0,0,0,0,0
yune,track-a-comparison,luna_pinyin,key_sequence_process_with_context,hao,30,3,3,68200,9,61700,169,21,600,21,100,500,1500,200,200,21,0,5,1,1400,5,1,100,3,0,15,6,3,21,21,21,0,0,3,3100,14,1,8500,7,0,0,0,0,3,1,3,500,21,12,48,500,0,0,0,0,0,0,0,0,0,0,0,0,0,0,0,0,0,0,0,0,0,0,0,0,0,0,0,0,0,0,0,0,0,0,0,0,0,0,0,0,0,0,0,0,0,0,0,0,0,0,0,0,0,0,0,0,0,0,21,21,21,13400,200,6400,8000,0,0,0,0,0,0,0,0
yune,track-a-comparison,luna_pinyin,key_sequence_process_with_context,hao,31,3,3,68400,9,61500,169,21,700,21,0,500,1500,100,200,21,0,5,1,1400,5,1,100,3,0,15,6,3,21,21,21,0,0,3,3200,14,1,8500,7,0,0,0,0,3,1,3,400,21,12,48,600,0,0,0,0,0,0,0,0,0,0,0,0,0,0,0,0,0,0,0,0,0,0,0,0,0,0,0,0,0,0,0,0,0,0,0,0,0,0,0,0,0,0,0,0,0,0,0,0,0,0,0,0,0,0,0,0,0,0,21,21,21,13300,200,6500,8100,0,0,0,0,0,0,0,0
yune,track-a-comparison,luna_pinyin,key_sequence_process_with_context,hao,32,3,3,69000,9,61900,169,21,600,21,0,500,1500,0,500,21,0,5,1,1400,5,1,100,3,0,15,6,3,21,21,21,0,0,3,3100,14,1,8700,7,0,0,0,0,3,1,3,300,21,12,48,500,0,0,0,0,0,0,0,0,0,0,0,0,0,0,0,0,0,0,0,0,0,0,0,0,0,0,0,0,0,0,0,0,0,0,0,0,0,0,0,0,0,0,0,0,0,0,0,0,0,0,0,0,0,0,0,0,0,0,21,21,21,13600,300,6300,8100,0,0,0,0,0,0,0,0
yune,track-a-comparison,luna_pinyin,key_sequence_process_with_context,hao,33,3,3,73600,9,66300,169,21,600,21,100,500,1500,0,200,21,0,5,1,1400,5,1,100,3,0,15,6,3,21,21,21,0,0,3,3300,14,1,8700,7,0,0,0,0,3,1,3,400,21,12,48,300,0,0,0,0,0,0,0,0,0,0,0,0,0,0,0,0,0,0,0,0,0,0,0,0,0,0,0,0,0,0,0,0,0,0,0,0,0,0,0,0,0,0,0,0,0,0,0,0,0,0,0,0,0,0,0,0,0,0,21,21,21,13700,200,6300,8000,0,0,0,0,0,0,0,0
yune,track-a-comparison,luna_pinyin,key_sequence_process_with_context,hao,34,3,3,68500,9,61800,169,21,700,21,0,400,1500,0,300,21,0,5,1,1400,5,1,100,3,0,15,6,3,21,21,21,0,0,3,3100,14,1,8500,7,0,0,0,0,3,1,3,300,21,12,48,600,0,0,0,0,0,0,0,0,0,0,0,0,0,0,0,0,0,0,0,0,0,0,0,0,0,0,0,0,0,0,0,0,0,0,0,0,0,0,0,0,0,0,0,0,0,0,0,0,0,0,0,0,0,0,0,0,0,0,21,21,21,13400,100,6500,8100,0,0,0,0,0,0,0,0
yune,track-a-comparison,luna_pinyin,key_sequence_process_with_context,hao,35,3,3,68400,9,61500,169,21,400,21,100,500,1400,0,400,21,0,5,1,1500,5,1,100,3,0,15,6,3,21,21,21,0,0,3,3200,14,1,8400,7,0,0,0,0,3,1,3,400,21,12,48,400,0,0,0,0,0,0,0,0,0,0,0,0,0,0,0,0,0,0,0,0,0,0,0,0,0,0,0,0,0,0,0,0,0,0,0,0,0,0,0,0,0,0,0,0,0,0,0,0,0,0,0,0,0,0,0,0,0,0,21,21,21,13300,200,6400,7900,0,0,0,0,0,0,0,0
yune,track-a-comparison,luna_pinyin,key_sequence_process_with_context,hao,36,3,3,68700,9,61800,169,21,900,21,100,500,1400,0,300,21,0,5,1,1400,5,1,200,3,0,15,6,3,21,21,21,0,0,3,3200,14,1,8600,7,0,0,0,0,3,1,3,500,21,12,48,600,0,0,0,0,0,0,0,0,0,0,0,0,0,0,0,0,0,0,0,0,0,0,0,0,0,0,0,0,0,0,0,0,0,0,0,0,0,0,0,0,0,0,0,0,0,0,0,0,0,0,0,0,0,0,0,0,0,0,21,21,21,13400,100,6400,8200,0,0,0,0,0,0,0,0
yune,track-a-comparison,luna_pinyin,key_sequence_process_with_context,hao,37,3,3,68700,9,61800,169,21,700,21,200,500,1500,100,300,21,0,5,1,1400,5,1,100,3,0,15,6,3,21,21,21,0,0,3,3200,14,1,8800,7,0,0,0,0,3,1,3,400,21,12,48,300,0,0,0,0,0,0,0,0,0,0,0,0,0,0,0,0,0,0,0,0,0,0,0,0,0,0,0,0,0,0,0,0,0,0,0,0,0,0,0,0,0,0,0,0,0,0,0,0,0,0,0,0,0,0,0,0,0,0,21,21,21,13700,300,6300,8200,0,0,0,0,0,0,0,0
yune,track-a-comparison,luna_pinyin,key_sequence_process_with_context,hao,38,3,3,69500,9,62700,169,21,700,21,100,400,1500,100,400,21,0,5,1,1400,5,1,200,3,0,15,6,3,21,21,21,0,0,3,3200,14,1,9300,7,0,0,0,0,3,1,3,300,21,12,48,500,0,0,0,0,0,0,0,0,0,0,0,0,0,0,0,0,0,0,0,0,0,0,0,0,0,0,0,0,0,0,0,0,0,0,0,0,0,0,0,0,0,0,0,0,0,0,0,0,0,0,0,0,0,0,0,0,0,0,21,21,21,14100,200,6400,8200,0,0,0,0,0,0,0,0
yune,track-a-comparison,luna_pinyin,key_sequence_process_with_context,hao,39,3,3,68100,9,61400,169,21,1000,21,0,500,1500,200,300,21,0,5,1,1400,5,1,100,3,0,15,6,3,21,21,21,0,0,3,3100,14,1,8400,7,0,0,0,0,3,1,3,400,21,12,48,300,0,0,0,0,0,0,0,0,0,0,0,0,0,0,0,0,0,0,0,0,0,0,0,0,0,0,0,0,0,0,0,0,0,0,0,0,0,0,0,0,0,0,0,0,0,0,0,0,0,0,0,0,0,0,0,0,0,0,21,21,21,13500,200,6400,8100,0,0,0,0,0,0,0,0
yune,track-a-comparison,luna_pinyin,key_sequence_process_with_context,hao,40,3,3,68800,9,61900,169,21,600,21,100,400,1300,0,300,21,0,5,1,1400,5,1,200,3,0,15,6,3,21,21,21,0,0,3,3200,14,1,8600,7,0,0,0,0,3,1,3,300,21,12,48,500,0,0,0,0,0,0,0,0,0,0,0,0,0,0,0,0,0,0,0,0,0,0,0,0,0,0,0,0,0,0,0,0,0,0,0,0,0,0,0,0,0,0,0,0,0,0,0,0,0,0,0,0,0,0,0,0,0,0,21,21,21,13600,300,6400,8300,0,0,0,0,0,0,0,0
yune,track-a-comparison,luna_pinyin,key_sequence_process_with_context,hao,41,3,3,68500,9,62000,169,21,900,21,100,500,1500,200,300,21,0,5,1,1400,5,1,100,3,0,15,6,3,21,21,21,0,0,3,3300,14,1,8600,7,0,0,0,0,3,1,3,500,21,12,48,300,0,0,0,0,0,0,0,0,0,0,0,0,0,0,0,0,0,0,0,0,0,0,0,0,0,0,0,0,0,0,0,0,0,0,0,0,0,0,0,0,0,0,0,0,0,0,0,0,0,0,0,0,0,0,0,0,0,0,21,21,21,13600,200,6500,8100,0,0,0,0,0,0,0,0
yune,track-a-comparison,luna_pinyin,key_sequence_process_with_context,hao,42,3,3,67800,9,61000,169,21,800,21,0,300,1300,0,400,21,0,5,1,1400,5,1,200,3,0,15,6,3,21,21,21,0,0,3,3100,14,1,8400,7,0,0,0,0,3,1,3,400,21,12,48,500,0,0,0,0,0,0,0,0,0,0,0,0,0,0,0,0,0,0,0,0,0,0,0,0,0,0,0,0,0,0,0,0,0,0,0,0,0,0,0,0,0,0,0,0,0,0,0,0,0,0,0,0,0,0,0,0,0,0,21,21,21,13100,0,6300,8100,0,0,0,0,0,0,0,0
yune,track-a-comparison,luna_pinyin,key_sequence_process_with_context,hao,43,3,3,77600,9,71000,169,21,500,21,0,500,1500,100,300,21,0,5,1,1500,5,1,100,3,0,15,6,3,21,21,21,0,0,3,3300,14,1,8500,7,0,0,0,0,3,1,3,400,21,12,48,600,0,0,0,0,0,0,0,0,0,0,0,0,0,0,0,0,0,0,0,0,0,0,0,0,0,0,0,0,0,0,0,0,0,0,0,0,0,0,0,0,0,0,0,0,0,0,0,0,0,0,0,0,0,0,0,0,0,0,21,21,21,13700,300,6800,8600,0,0,0,0,0,0,0,0
yune,track-a-comparison,luna_pinyin,key_sequence_process_with_context,hao,44,3,3,68900,9,62100,169,21,700,21,200,500,1400,0,300,21,0,5,1,1400,5,1,100,3,0,15,6,3,21,21,21,0,0,3,3200,14,1,8800,7,0,0,0,0,3,1,3,400,21,12,48,300,0,0,0,0,0,0,0,0,0,0,0,0,0,0,0,0,0,0,0,0,0,0,0,0,0,0,0,0,0,0,0,0,0,0,0,0,0,0,0,0,0,0,0,0,0,0,0,0,0,0,0,0,0,0,0,0,0,0,21,21,21,13800,300,6700,8400,0,0,0,0,0,0,0,0
yune,track-a-comparison,luna_pinyin,key_sequence_process_with_context,hao,45,3,3,69000,9,61900,169,21,800,21,0,500,1500,100,300,21,0,5,1,1400,5,1,100,3,0,15,6,3,21,21,21,0,0,3,3200,14,1,8500,7,0,0,0,0,3,1,3,400,21,12,48,300,0,0,0,0,0,0,0,0,0,0,0,0,0,0,0,0,0,0,0,0,0,0,0,0,0,0,0,0,0,0,0,0,0,0,0,0,0,0,0,0,0,0,0,0,0,0,0,0,0,0,0,0,0,0,0,0,0,0,21,21,21,13700,200,6500,8100,0,0,0,0,0,0,0,0
yune,track-a-comparison,luna_pinyin,key_sequence_process_with_context,hao,46,3,3,67900,9,61200,169,21,800,21,200,600,1400,100,300,21,0,5,1,1300,5,1,100,3,0,15,6,3,21,21,21,0,0,3,3200,14,1,8500,7,0,0,0,0,3,1,3,500,21,12,48,300,0,0,0,0,0,0,0,0,0,0,0,0,0,0,0,0,0,0,0,0,0,0,0,0,0,0,0,0,0,0,0,0,0,0,0,0,0,0,0,0,0,0,0,0,0,0,0,0,0,0,0,0,0,0,0,0,0,0,21,21,21,13400,100,6300,7900,0,0,0,0,0,0,0,0
yune,track-a-comparison,luna_pinyin,key_sequence_process_with_context,hao,47,3,3,68600,9,62000,169,21,600,21,0,500,1500,100,400,21,0,5,1,1400,5,1,100,3,0,15,6,3,21,21,21,0,0,3,3100,14,1,8700,7,0,0,0,0,3,1,3,400,21,12,48,300,0,0,0,0,0,0,0,0,0,0,0,0,0,0,0,0,0,0,0,0,0,0,0,0,0,0,0,0,0,0,0,0,0,0,0,0,0,0,0,0,0,0,0,0,0,0,0,0,0,0,0,0,0,0,0,0,0,0,21,21,21,13700,200,6400,8000,0,0,0,0,0,0,0,0
yune,track-a-comparison,luna_pinyin,key_sequence_process_with_context,hao,48,3,3,69300,9,62400,169,21,600,21,0,400,1400,100,300,21,0,5,1,1400,5,1,100,3,0,15,6,3,21,21,21,0,0,3,3100,14,1,8700,7,0,0,0,0,3,1,3,300,21,12,48,600,0,0,0,0,0,0,0,0,0,0,0,0,0,0,0,0,0,0,0,0,0,0,0,0,0,0,0,0,0,0,0,0,0,0,0,0,0,0,0,0,0,0,0,0,0,0,0,0,0,0,0,0,0,0,0,0,0,0,21,21,21,13600,100,6700,8500,0,0,0,0,0,0,0,0
yune,track-a-comparison,luna_pinyin,key_sequence_process_with_context,hao,49,3,3,68600,9,62100,169,21,900,21,100,500,1500,100,300,21,0,5,1,1500,5,1,100,3,0,15,6,3,21,21,21,0,0,3,3200,14,1,8900,7,0,0,0,0,3,1,3,400,21,12,48,300,0,0,0,0,0,0,0,0,0,0,0,0,0,0,0,0,0,0,0,0,0,0,0,0,0,0,0,0,0,0,0,0,0,0,0,0,0,0,0,0,0,0,0,0,0,0,0,0,0,0,0,0,0,0,0,0,0,0,21,21,21,13800,200,6500,8100,0,0,0,0,0,0,0,0
yune,track-a-comparison,luna_pinyin,key_sequence_process_with_context,hao,50,3,3,75200,9,68300,169,21,400,21,200,600,1500,300,200,21,0,5,1,1400,5,1,100,3,0,15,6,3,21,21,21,0,0,3,3300,14,1,13900,7,0,0,0,0,3,1,3,300,21,12,48,300,0,0,0,0,0,0,0,0,0,0,0,0,0,0,0,0,0,0,0,0,0,0,0,0,0,0,0,0,0,0,0,0,0,0,0,0,0,0,0,0,0,0,0,0,0,0,0,0,0,0,0,0,0,0,0,0,0,0,21,21,21,19100,0,6800,8600,0,0,0,0,0,0,0,0
yune,track-a-comparison,luna_pinyin,key_sequence_process_with_context,hao,51,3,3,68800,9,62000,169,21,1000,21,100,500,1400,0,300,21,0,5,1,1400,5,1,100,3,0,15,6,3,21,21,21,0,0,3,3300,14,1,8700,7,0,0,0,0,3,1,3,500,21,12,48,600,0,0,0,0,0,0,0,0,0,0,0,0,0,0,0,0,0,0,0,0,0,0,0,0,0,0,0,0,0,0,0,0,0,0,0,0,0,0,0,0,0,0,0,0,0,0,0,0,0,0,0,0,0,0,0,0,0,0,21,21,21,13700,100,6400,8300,0,0,0,0,0,0,0,0
yune,track-a-comparison,luna_pinyin,key_sequence_process_with_context,hao,52,3,3,69700,9,62900,169,21,400,21,100,500,1300,100,300,21,0,5,1,1400,5,1,100,3,0,15,6,3,21,21,21,0,0,3,3400,14,1,8700,7,0,0,0,0,3,1,3,500,21,12,48,500,0,0,0,0,0,0,0,0,0,0,0,0,0,0,0,0,0,0,0,0,0,0,0,0,0,0,0,0,0,0,0,0,0,0,0,0,0,0,0,0,0,0,0,0,0,0,0,0,0,0,0,0,0,0,0,0,0,0,21,21,21,13900,300,6400,8200,0,0,0,0,0,0,0,0
yune,track-a-comparison,luna_pinyin,key_sequence_process_with_context,hao,53,3,3,68600,9,61700,169,21,700,21,100,400,1300,0,400,21,0,5,1,1400,5,1,100,3,0,15,6,3,21,21,21,0,0,3,3300,14,1,8700,7,0,0,0,0,3,1,3,400,21,12,48,600,0,0,0,0,0,0,0,0,0,0,0,0,0,0,0,0,0,0,0,0,0,0,0,0,0,0,0,0,0,0,0,0,0,0,0,0,0,0,0,0,0,0,0,0,0,0,0,0,0,0,0,0,0,0,0,0,0,0,21,21,21,13700,300,6400,8100,0,0,0,0,0,0,0,0
yune,track-a-comparison,luna_pinyin,key_sequence_process_with_context,hao,54,3,3,68500,9,61800,169,21,700,21,0,400,1400,100,300,21,0,5,1,1400,5,1,100,3,0,15,6,3,21,21,21,0,0,3,3100,14,1,8400,7,0,0,0,0,3,1,3,200,21,12,48,500,0,0,0,0,0,0,0,0,0,0,0,0,0,0,0,0,0,0,0,0,0,0,0,0,0,0,0,0,0,0,0,0,0,0,0,0,0,0,0,0,0,0,0,0,0,0,0,0,0,0,0,0,0,0,0,0,0,0,21,21,21,13400,300,6300,8100,0,0,0,0,0,0,0,0
yune,track-a-comparison,luna_pinyin,key_sequence_process_with_context,hao,55,3,3,69500,9,62000,169,21,800,21,200,300,1400,100,300,21,0,5,1,1500,5,1,100,3,0,15,6,3,21,21,21,0,0,3,3100,14,1,8500,7,0,0,0,0,3,1,3,400,21,12,48,600,0,0,0,0,0,0,0,0,0,0,0,0,0,0,0,0,0,0,0,0,0,0,0,0,0,0,0,0,0,0,0,0,0,0,0,0,0,0,0,0,0,0,0,0,0,0,0,0,0,0,0,0,0,0,0,0,0,0,21,21,21,13500,100,6200,8300,0,0,0,0,0,0,0,0
yune,track-a-comparison,luna_pinyin,key_sequence_process_with_context,hao,56,3,3,68500,9,61700,169,21,800,21,0,400,1300,0,300,21,0,5,1,1400,5,1,100,3,0,15,6,3,21,21,21,0,0,3,3100,14,1,8600,7,0,0,0,0,3,1,3,300,21,12,48,600,0,0,0,0,0,0,0,0,0,0,0,0,0,0,0,0,0,0,0,0,0,0,0,0,0,0,0,0,0,0,0,0,0,0,0,0,0,0,0,0,0,0,0,0,0,0,0,0,0,0,0,0,0,0,0,0,0,0,21,21,21,13500,100,6300,8100,0,0,0,0,0,0,0,0
yune,track-a-comparison,luna_pinyin,key_sequence_process_with_context,hao,57,3,3,68600,9,61900,169,21,600,21,100,500,1500,0,200,21,0,5,1,1400,5,1,100,3,0,15,6,3,21,21,21,0,0,3,3200,14,1,8600,7,0,0,0,0,3,1,3,400,21,12,48,300,0,0,0,0,0,0,0,0,0,0,0,0,0,0,0,0,0,0,0,0,0,0,0,0,0,0,0,0,0,0,0,0,0,0,0,0,0,0,0,0,0,0,0,0,0,0,0,0,0,0,0,0,0,0,0,0,0,0,21,21,21,13600,300,6300,8100,0,0,0,0,0,0,0,0
yune,track-a-comparison,luna_pinyin,key_sequence_process_with_context,hao,58,3,3,69300,9,62300,169,21,800,21,100,600,1500,100,300,21,0,5,1,1400,5,1,200,3,0,15,6,3,21,21,21,0,0,3,3300,14,1,8700,7,0,0,0,0,3,1,3,500,21,12,48,300,0,0,0,0,0,0,0,0,0,0,0,0,0,0,0,0,0,0,0,0,0,0,0,0,0,0,0,0,0,0,0,0,0,0,0,0,0,0,0,0,0,0,0,0,0,0,0,0,0,0,0,0,0,0,0,0,0,0,21,21,21,13500,300,6300,8200,0,0,0,0,0,0,0,0
yune,track-a-comparison,luna_pinyin,key_sequence_process_with_context,hao,59,3,3,69800,9,63100,169,21,1000,21,0,500,1500,100,300,21,0,5,1,1400,5,1,100,3,0,15,6,3,21,21,21,0,0,3,3500,14,1,8600,7,0,0,0,0,3,1,3,500,21,12,48,300,0,0,0,0,0,0,0,0,0,0,0,0,0,0,0,0,0,0,0,0,0,0,0,0,0,0,0,0,0,0,0,0,0,0,0,0,0,0,0,0,0,0,0,0,0,0,0,0,0,0,0,0,0,0,0,0,0,0,21,21,21,13800,100,6900,8600,0,0,0,0,0,0,0,0
yune,track-a-comparison,luna_pinyin,key_sequence_process_with_context,hao,60,3,3,69000,9,62300,169,21,700,21,0,600,1500,200,200,21,0,5,1,1400,5,1,100,3,0,15,6,3,21,21,21,0,0,3,3200,14,1,8600,7,0,0,0,0,3,1,3,300,21,12,48,500,0,0,0,0,0,0,0,0,0,0,0,0,0,0,0,0,0,0,0,0,0,0,0,0,0,0,0,0,0,0,0,0,0,0,0,0,0,0,0,0,0,0,0,0,0,0,0,0,0,0,0,0,0,0,0,0,0,0,21,21,21,13700,100,6500,8200,0,0,0,0,0,0,0,0
yune,track-a-comparison,luna_pinyin,key_sequence_process_with_context,hao,61,3,3,68400,9,61800,169,21,800,21,0,600,1400,100,200,21,0,5,1,1400,5,1,100,3,0,15,6,3,21,21,21,0,0,3,3100,14,1,8500,7,0,0,0,0,3,1,3,300,21,12,48,300,0,0,0,0,0,0,0,0,0,0,0,0,0,0,0,0,0,0,0,0,0,0,0,0,0,0,0,0,0,0,0,0,0,0,0,0,0,0,0,0,0,0,0,0,0,0,0,0,0,0,0,0,0,0,0,0,0,0,21,21,21,13400,100,6300,7900,0,0,0,0,0,0,0,0
yune,track-a-comparison,luna_pinyin,key_sequence_process_with_context,hao,62,3,3,72200,9,65300,169,21,800,21,100,500,1500,100,300,21,0,5,1,1500,5,1,100,3,0,15,6,3,21,21,21,0,0,3,3200,14,1,8600,7,0,0,0,0,3,1,3,500,21,12,48,400,0,0,0,0,0,0,0,0,0,0,0,0,0,0,0,0,0,0,0,0,0,0,0,0,0,0,0,0,0,0,0,0,0,0,0,0,0,0,0,0,0,0,0,0,0,0,0,0,0,0,0,0,0,0,0,0,0,0,21,21,21,13400,200,6500,8200,0,0,0,0,0,0,0,0
yune,track-a-comparison,luna_pinyin,key_sequence_process_with_context,hao,63,3,3,68700,9,61800,169,21,700,21,0,500,1500,0,200,21,0,5,1,1400,5,1,100,3,0,15,6,3,21,21,21,0,0,3,3100,14,1,8800,7,0,0,0,0,3,1,3,300,21,12,48,300,0,0,0,0,0,0,0,0,0,0,0,0,0,0,0,0,0,0,0,0,0,0,0,0,0,0,0,0,0,0,0,0,0,0,0,0,0,0,0,0,0,0,0,0,0,0,0,0,0,0,0,0,0,0,0,0,0,0,21,21,21,13700,300,6600,8100,0,0,0,0,0,0,0,0
yune,track-a-comparison,luna_pinyin,key_sequence_process_with_context,hao,64,3,3,68500,9,61300,169,21,600,21,200,500,1400,0,300,21,0,5,1,1400,5,1,100,3,0,15,6,3,21,21,21,0,0,3,3200,14,1,8600,7,0,0,0,0,3,1,3,400,21,12,48,600,0,0,0,0,0,0,0,0,0,0,0,0,0,0,0,0,0,0,0,0,0,0,0,0,0,0,0,0,0,0,0,0,0,0,0,0,0,0,0,0,0,0,0,0,0,0,0,0,0,0,0,0,0,0,0,0,0,0,21,21,21,13600,200,6300,7900,0,0,0,0,0,0,0,0
yune,track-a-comparison,luna_pinyin,key_sequence_process_with_context,hao,65,3,3,68700,9,61700,169,21,800,21,0,600,1500,0,400,21,0,5,1,1400,5,1,100,3,0,15,6,3,21,21,21,0,0,3,3100,14,1,8600,7,0,0,0,0,3,1,3,400,21,12,48,600,0,0,0,0,0,0,0,0,0,0,0,0,0,0,0,0,0,0,0,0,0,0,0,0,0,0,0,0,0,0,0,0,0,0,0,0,0,0,0,0,0,0,0,0,0,0,0,0,0,0,0,0,0,0,0,0,0,0,21,21,21,13300,0,6300,8000,0,0,0,0,0,0,0,0
yune,track-a-comparison,luna_pinyin,key_sequence_process_with_context,hao,66,3,3,68800,9,62100,169,21,600,21,200,400,1500,200,200,21,0,5,1,1400,5,1,100,3,0,15,6,3,21,21,21,0,0,3,3200,14,1,8500,7,0,0,0,0,3,1,3,400,21,12,48,300,0,0,0,0,0,0,0,0,0,0,0,0,0,0,0,0,0,0,0,0,0,0,0,0,0,0,0,0,0,0,0,0,0,0,0,0,0,0,0,0,0,0,0,0,0,0,0,0,0,0,0,0,0,0,0,0,0,0,21,21,21,13400,200,6300,8000,0,0,0,0,0,0,0,0
yune,track-a-comparison,luna_pinyin,key_sequence_process_with_context,hao,67,3,3,68200,9,61400,169,21,800,21,100,600,1500,200,200,21,0,5,1,1400,5,1,100,3,0,15,6,3,21,21,21,0,0,3,3200,14,1,8400,7,0,0,0,0,3,1,3,500,21,12,48,600,0,0,0,0,0,0,0,0,0,0,0,0,0,0,0,0,0,0,0,0,0,0,0,0,0,0,0,0,0,0,0,0,0,0,0,0,0,0,0,0,0,0,0,0,0,0,0,0,0,0,0,0,0,0,0,0,0,0,21,21,21,13300,100,6300,7900,0,0,0,0,0,0,0,0
yune,track-a-comparison,luna_pinyin,key_sequence_process_with_context,hao,68,3,3,68100,9,61300,169,21,600,21,100,400,1400,100,200,21,0,5,1,1400,5,1,100,3,0,15,6,3,21,21,21,0,0,3,3200,14,1,8400,7,0,0,0,0,3,1,3,400,21,12,48,300,0,0,0,0,0,0,0,0,0,0,0,0,0,0,0,0,0,0,0,0,0,0,0,0,0,0,0,0,0,0,0,0,0,0,0,0,0,0,0,0,0,0,0,0,0,0,0,0,0,0,0,0,0,0,0,0,0,0,21,21,21,13400,100,6200,7800,0,0,0,0,0,0,0,0
yune,track-a-comparison,luna_pinyin,key_sequence_process_with_context,hao,69,3,3,68000,9,61300,169,21,800,21,200,500,1300,0,300,21,0,5,1,1400,5,1,100,3,0,15,6,3,21,21,21,0,0,3,3200,14,1,8400,7,0,0,0,0,3,1,3,300,21,12,48,600,0,0,0,0,0,0,0,0,0,0,0,0,0,0,0,0,0,0,0,0,0,0,0,0,0,0,0,0,0,0,0,0,0,0,0,0,0,0,0,0,0,0,0,0,0,0,0,0,0,0,0,0,0,0,0,0,0,0,21,21,21,13400,100,6200,8000,0,0,0,0,0,0,0,0
yune,track-a-comparison,luna_pinyin,key_sequence_process_with_context,hao,70,3,3,68500,9,61400,169,21,600,21,100,500,1400,0,300,21,0,5,1,1400,5,1,200,3,0,15,6,3,21,21,21,0,0,3,3200,14,1,8500,7,0,0,0,0,3,1,3,400,21,12,48,600,0,0,0,0,0,0,0,0,0,0,0,0,0,0,0,0,0,0,0,0,0,0,0,0,0,0,0,0,0,0,0,0,0,0,0,0,0,0,0,0,0,0,0,0,0,0,0,0,0,0,0,0,0,0,0,0,0,0,21,21,21,13500,300,6300,8000,0,0,0,0,0,0,0,0
yune,track-a-comparison,luna_pinyin,key_sequence_process_with_context,hao,71,3,3,68200,9,61600,169,21,700,21,200,500,1400,100,200,21,0,5,1,1400,5,1,100,3,0,15,6,3,21,21,21,0,0,3,3100,14,1,8400,7,0,0,0,0,3,1,3,400,21,12,48,300,0,0,0,0,0,0,0,0,0,0,0,0,0,0,0,0,0,0,0,0,0,0,0,0,0,0,0,0,0,0,0,0,0,0,0,0,0,0,0,0,0,0,0,0,0,0,0,0,0,0,0,0,0,0,0,0,0,0,21,21,21,13400,200,6400,8200,0,0,0,0,0,0,0,0
yune,track-a-comparison,luna_pinyin,key_sequence_process_with_context,hao,72,3,3,71100,9,64300,169,21,600,21,0,500,1300,0,300,21,0,5,1,1400,5,1,100,3,0,15,6,3,21,21,21,0,0,3,3200,14,1,8600,7,0,0,0,0,3,1,3,400,21,12,48,400,0,0,0,0,0,0,0,0,0,0,0,0,0,0,0,0,0,0,0,0,0,0,0,0,0,0,0,0,0,0,0,0,0,0,0,0,0,0,0,0,0,0,0,0,0,0,0,0,0,0,0,0,0,0,0,0,0,0,21,21,21,13400,300,6400,8100,0,0,0,0,0,0,0,0
yune,track-a-comparison,luna_pinyin,key_sequence_process_with_context,hao,73,3,3,68000,9,61400,169,21,800,21,100,600,1500,100,200,21,0,5,1,1400,5,1,100,3,0,15,6,3,21,21,21,0,0,3,3100,14,1,8400,7,0,0,0,0,3,1,3,400,21,12,48,300,0,0,0,0,0,0,0,0,0,0,0,0,0,0,0,0,0,0,0,0,0,0,0,0,0,0,0,0,0,0,0,0,0,0,0,0,0,0,0,0,0,0,0,0,0,0,0,0,0,0,0,0,0,0,0,0,0,0,21,21,21,13200,100,6300,8100,0,0,0,0,0,0,0,0
yune,track-a-comparison,luna_pinyin,key_sequence_process_with_context,hao,74,3,3,68100,9,61300,169,21,600,21,100,500,1300,100,300,21,0,5,1,1400,5,1,200,3,0,15,6,3,21,21,21,0,0,3,3100,14,1,8500,7,0,0,0,0,3,1,3,400,21,12,48,300,0,0,0,0,0,0,0,0,0,0,0,0,0,0,0,0,0,0,0,0,0,0,0,0,0,0,0,0,0,0,0,0,0,0,0,0,0,0,0,0,0,0,0,0,0,0,0,0,0,0,0,0,0,0,0,0,0,0,21,21,21,13300,100,6400,8300,0,0,0,0,0,0,0,0
yune,track-a-comparison,luna_pinyin,key_sequence_process_with_context,hao,75,3,3,68100,9,61500,169,21,700,21,100,600,1500,200,400,21,0,5,1,1400,5,1,100,3,0,15,6,3,21,21,21,0,0,3,3100,14,1,8600,7,0,0,0,0,3,1,3,400,21,12,48,400,0,0,0,0,0,0,0,0,0,0,0,0,0,0,0,0,0,0,0,0,0,0,0,0,0,0,0,0,0,0,0,0,0,0,0,0,0,0,0,0,0,0,0,0,0,0,0,0,0,0,0,0,0,0,0,0,0,0,21,21,21,13300,100,6300,7900,0,0,0,0,0,0,0,0
yune,track-a-comparison,luna_pinyin,key_sequence_process_with_context,hao,76,3,3,68500,9,61300,169,21,400,21,200,600,1500,100,300,21,0,5,1,1500,5,1,100,3,0,15,6,3,21,21,21,0,0,3,3100,14,1,8400,7,0,0,0,0,3,1,3,500,21,12,48,300,0,0,0,0,0,0,0,0,0,0,0,0,0,0,0,0,0,0,0,0,0,0,0,0,0,0,0,0,0,0,0,0,0,0,0,0,0,0,0,0,0,0,0,0,0,0,0,0,0,0,0,0,0,0,0,0,0,0,21,21,21,13400,200,6200,7900,0,0,0,0,0,0,0,0
yune,track-a-comparison,luna_pinyin,key_sequence_process_with_context,hao,77,3,3,68600,9,61600,169,21,800,21,0,500,1400,0,300,21,0,5,1,1400,5,1,100,3,0,15,6,3,21,21,21,0,0,3,3200,14,1,8400,7,0,0,0,0,3,1,3,500,21,12,48,400,0,0,0,0,0,0,0,0,0,0,0,0,0,0,0,0,0,0,0,0,0,0,0,0,0,0,0,0,0,0,0,0,0,0,0,0,0,0,0,0,0,0,0,0,0,0,0,0,0,0,0,0,0,0,0,0,0,0,21,21,21,13300,200,6300,8000,0,0,0,0,0,0,0,0
yune,track-a-comparison,luna_pinyin,key_sequence_process_with_context,hao,78,3,3,68500,9,61400,169,21,600,21,100,500,1400,0,300,21,0,5,1,1400,5,1,100,3,0,15,6,3,21,21,21,0,0,3,3200,14,1,8500,7,0,0,0,0,3,1,3,300,21,12,48,500,0,0,0,0,0,0,0,0,0,0,0,0,0,0,0,0,0,0,0,0,0,0,0,0,0,0,0,0,0,0,0,0,0,0,0,0,0,0,0,0,0,0,0,0,0,0,0,0,0,0,0,0,0,0,0,0,0,0,21,21,21,13200,200,6300,7900,0,0,0,0,0,0,0,0
yune,track-a-comparison,luna_pinyin,key_sequence_process_with_context,hao,79,3,3,68300,9,61300,169,21,500,21,0,500,1400,0,400,21,0,5,1,1400,5,1,100,3,0,15,6,3,21,21,21,0,0,3,3100,14,1,8500,7,0,0,0,0,3,1,3,400,21,12,48,300,0,0,0,0,0,0,0,0,0,0,0,0,0,0,0,0,0,0,0,0,0,0,0,0,0,0,0,0,0,0,0,0,0,0,0,0,0,0,0,0,0,0,0,0,0,0,0,0,0,0,0,0,0,0,0,0,0,0,21,21,21,13300,100,6400,8000,0,0,0,0,0,0,0,0
yune,track-a-comparison,luna_pinyin,key_sequence_process_with_context,zhongguo,0,8,8,349900,24,322900,296,160,5400,159,200,1600,9800,300,2400,159,0,5,1,1800,5,1,100,8,0,40,120,8,160,159,160,0,0,8,11100,31,7,167200,129,0,0,0,0,8,7,8,1100,61,12,121,600,0,0,0,0,0,0,0,0,0,0,0,0,0,0,0,0,0,0,0,0,0,0,0,0,0,0,0,0,0,0,0,0,0,0,0,0,0,0,0,0,0,0,0,0,0,0,0,0,0,0,0,0,0,0,0,0,0,0,0,0,0,0,0,0,0,0,0,0,0,0,0,0,0
yune,track-a-comparison,luna_pinyin,key_sequence_process_with_context,zhongguo,1,8,8,345900,24,318700,296,160,4400,159,100,1400,9900,300,2400,159,0,5,1,1600,5,1,300,8,0,40,120,8,160,159,160,0,0,8,11300,31,7,160700,129,0,0,0,0,8,7,8,1000,61,12,121,400,0,0,0,0,0,0,0,0,0,0,0,0,0,0,0,0,0,0,0,0,0,0,0,0,0,0,0,0,0,0,0,0,0,0,0,0,0,0,0,0,0,0,0,0,0,0,0,0,0,0,0,0,0,0,0,0,0,0,0,0,0,0,0,0,0,0,0,0,0,0,0,0,0
yune,track-a-comparison,luna_pinyin,key_sequence_process_with_context,zhongguo,2,8,8,354500,24,327500,296,160,5200,159,400,1600,9700,300,2500,159,0,5,1,1600,5,1,200,8,0,40,120,8,160,159,160,0,0,8,11100,31,7,169600,129,0,0,0,0,8,7,8,1000,61,12,121,600,0,0,0,0,0,0,0,0,0,0,0,0,0,0,0,0,0,0,0,0,0,0,0,0,0,0,0,0,0,0,0,0,0,0,0,0,0,0,0,0,0,0,0,0,0,0,0,0,0,0,0,0,0,0,0,0,0,0,0,0,0,0,0,0,0,0,0,0,0,0,0,0,0
yune,track-a-comparison,luna_pinyin,key_sequence_process_with_context,zhongguo,3,8,8,344700,24,317500,296,160,5000,159,400,1400,9700,100,2400,159,0,5,1,1600,5,1,100,8,0,40,120,8,160,159,160,0,0,8,10900,31,7,160800,129,0,0,0,0,8,7,8,1200,61,12,121,300,0,0,0,0,0,0,0,0,0,0,0,0,0,0,0,0,0,0,0,0,0,0,0,0,0,0,0,0,0,0,0,0,0,0,0,0,0,0,0,0,0,0,0,0,0,0,0,0,0,0,0,0,0,0,0,0,0,0,0,0,0,0,0,0,0,0,0,0,0,0,0,0,0
yune,track-a-comparison,luna_pinyin,key_sequence_process_with_context,zhongguo,4,8,8,346700,24,320200,296,160,4400,159,300,1300,9800,300,2400,159,0,5,1,1600,5,1,100,8,0,40,120,8,160,159,160,0,0,8,11100,31,7,162800,129,0,0,0,0,8,7,8,1000,61,12,121,600,0,0,0,0,0,0,0,0,0,0,0,0,0,0,0,0,0,0,0,0,0,0,0,0,0,0,0,0,0,0,0,0,0,0,0,0,0,0,0,0,0,0,0,0,0,0,0,0,0,0,0,0,0,0,0,0,0,0,0,0,0,0,0,0,0,0,0,0,0,0,0,0,0
yune,track-a-comparison,luna_pinyin,key_sequence_process_with_context,zhongguo,5,8,8,359600,24,332500,296,160,5000,159,100,1600,9900,200,2200,159,0,5,1,1700,5,1,200,8,0,40,120,8,160,159,160,0,0,8,11400,31,7,167100,129,0,0,0,0,8,7,8,1000,61,12,121,600,0,0,0,0,0,0,0,0,0,0,0,0,0,0,0,0,0,0,0,0,0,0,0,0,0,0,0,0,0,0,0,0,0,0,0,0,0,0,0,0,0,0,0,0,0,0,0,0,0,0,0,0,0,0,0,0,0,0,0,0,0,0,0,0,0,0,0,0,0,0,0,0,0
yune,track-a-comparison,luna_pinyin,key_sequence_process_with_context,zhongguo,6,8,8,348400,24,321800,296,160,4700,159,300,1400,9900,300,2300,159,0,5,1,1600,5,1,100,8,0,40,120,8,160,159,160,0,0,8,11100,31,7,164400,129,0,0,0,0,8,7,8,1200,61,12,121,500,0,0,0,0,0,0,0,0,0,0,0,0,0,0,0,0,0,0,0,0,0,0,0,0,0,0,0,0,0,0,0,0,0,0,0,0,0,0,0,0,0,0,0,0,0,0,0,0,0,0,0,0,0,0,0,0,0,0,0,0,0,0,0,0,0,0,0,0,0,0,0,0,0
yune,track-a-comparison,luna_pinyin,key_sequence_process_with_context,zhongguo,7,8,8,350700,24,324000,296,160,5000,159,300,1300,9900,100,2400,159,0,5,1,1500,5,1,200,8,0,40,120,8,160,159,160,0,0,8,11000,31,7,166700,129,0,0,0,0,8,7,8,1100,61,12,121,400,0,0,0,0,0,0,0,0,0,0,0,0,0,0,0,0,0,0,0,0,0,0,0,0,0,0,0,0,0,0,0,0,0,0,0,0,0,0,0,0,0,0,0,0,0,0,0,0,0,0,0,0,0,0,0,0,0,0,0,0,0,0,0,0,0,0,0,0,0,0,0,0,0
yune,track-a-comparison,luna_pinyin,key_sequence_process_with_context,zhongguo,8,8,8,354200,24,327100,296,160,4600,159,300,1400,9900,500,2100,159,0,5,1,1700,5,1,100,8,0,40,120,8,160,159,160,0,0,8,11000,31,7,169800,129,0,0,0,0,8,7,8,1300,61,12,121,600,0,0,0,0,0,0,0,0,0,0,0,0,0,0,0,0,0,0,0,0,0,0,0,0,0,0,0,0,0,0,0,0,0,0,0,0,0,0,0,0,0,0,0,0,0,0,0,0,0,0,0,0,0,0,0,0,0,0,0,0,0,0,0,0,0,0,0,0,0,0,0,0,0
yune,track-a-comparison,luna_pinyin,key_sequence_process_with_context,zhongguo,9,8,8,341300,24,314700,296,160,4400,159,300,1500,9800,100,2400,159,0,5,1,1500,5,1,100,8,0,40,120,8,160,159,160,0,0,8,10700,31,7,158900,129,0,0,0,0,8,7,8,1500,61,12,121,500,0,0,0,0,0,0,0,0,0,0,0,0,0,0,0,0,0,0,0,0,0,0,0,0,0,0,0,0,0,0,0,0,0,0,0,0,0,0,0,0,0,0,0,0,0,0,0,0,0,0,0,0,0,0,0,0,0,0,0,0,0,0,0,0,0,0,0,0,0,0,0,0,0
yune,track-a-comparison,luna_pinyin,key_sequence_process_with_context,zhongguo,10,8,8,346500,24,319600,296,160,5500,159,300,1600,9900,200,2400,159,0,5,1,1600,5,1,200,8,0,40,120,8,160,159,160,0,0,8,16200,31,7,159200,129,0,0,0,0,8,7,8,1100,61,12,121,400,0,0,0,0,0,0,0,0,0,0,0,0,0,0,0,0,0,0,0,0,0,0,0,0,0,0,0,0,0,0,0,0,0,0,0,0,0,0,0,0,0,0,0,0,0,0,0,0,0,0,0,0,0,0,0,0,0,0,0,0,0,0,0,0,0,0,0,0,0,0,0,0,0
yune,track-a-comparison,luna_pinyin,key_sequence_process_with_context,zhongguo,11,8,8,341500,24,315200,296,160,5000,159,200,1300,9800,200,2400,159,0,5,1,1500,5,1,200,8,0,40,120,8,160,159,160,0,0,8,10700,31,7,159200,129,0,0,0,0,8,7,8,1100,61,12,121,400,0,0,0,0,0,0,0,0,0,0,0,0,0,0,0,0,0,0,0,0,0,0,0,0,0,0,0,0,0,0,0,0,0,0,0,0,0,0,0,0,0,0,0,0,0,0,0,0,0,0,0,0,0,0,0,0,0,0,0,0,0,0,0,0,0,0,0,0,0,0,0,0,0
yune,track-a-comparison,luna_pinyin,key_sequence_process_with_context,zhongguo,12,8,8,340800,24,313900,296,160,5000,159,500,1500,9600,200,2200,159,0,5,1,1600,5,1,200,8,0,40,120,8,160,159,160,0,0,8,10900,31,7,158200,129,0,0,0,0,8,7,8,1000,61,12,121,300,0,0,0,0,0,0,0,0,0,0,0,0,0,0,0,0,0,0,0,0,0,0,0,0,0,0,0,0,0,0,0,0,0,0,0,0,0,0,0,0,0,0,0,0,0,0,0,0,0,0,0,0,0,0,0,0,0,0,0,0,0,0,0,0,0,0,0,0,0,0,0,0,0
yune,track-a-comparison,luna_pinyin,key_sequence_process_with_context,zhongguo,13,8,8,352400,24,325600,296,160,5100,159,200,1300,9500,100,2400,159,0,5,1,1500,5,1,100,8,0,40,120,8,160,159,160,0,0,8,11000,31,7,159400,129,0,0,0,0,8,7,8,1100,61,12,121,500,0,0,0,0,0,0,0,0,0,0,0,0,0,0,0,0,0,0,0,0,0,0,0,0,0,0,0,0,0,0,0,0,0,0,0,0,0,0,0,0,0,0,0,0,0,0,0,0,0,0,0,0,0,0,0,0,0,0,0,0,0,0,0,0,0,0,0,0,0,0,0,0,0
yune,track-a-comparison,luna_pinyin,key_sequence_process_with_context,zhongguo,14,8,8,339400,24,312900,296,160,5100,159,300,1600,9800,0,2400,159,0,5,1,1500,5,1,100,8,0,40,120,8,160,159,160,0,0,8,10800,31,7,157600,129,0,0,0,0,8,7,8,900,61,12,121,400,0,0,0,0,0,0,0,0,0,0,0,0,0,0,0,0,0,0,0,0,0,0,0,0,0,0,0,0,0,0,0,0,0,0,0,0,0,0,0,0,0,0,0,0,0,0,0,0,0,0,0,0,0,0,0,0,0,0,0,0,0,0,0,0,0,0,0,0,0,0,0,0,0
yune,track-a-comparison,luna_pinyin,key_sequence_process_with_context,zhongguo,15,8,8,344600,24,318000,296,160,4900,159,400,1400,9500,100,2500,159,0,5,1,1500,5,1,100,8,0,40,120,8,160,159,160,0,0,8,10800,31,7,162400,129,0,0,0,0,8,7,8,1100,61,12,121,400,0,0,0,0,0,0,0,0,0,0,0,0,0,0,0,0,0,0,0,0,0,0,0,0,0,0,0,0,0,0,0,0,0,0,0,0,0,0,0,0,0,0,0,0,0,0,0,0,0,0,0,0,0,0,0,0,0,0,0,0,0,0,0,0,0,0,0,0,0,0,0,0,0
yune,track-a-comparison,luna_pinyin,key_sequence_process_with_context,zhongguo,16,8,8,341100,24,314400,296,160,5300,159,400,1500,9400,200,2600,159,0,5,1,1500,5,1,100,8,0,40,120,8,160,159,160,0,0,8,10900,31,7,158700,129,0,0,0,0,8,7,8,1300,61,12,121,400,0,0,0,0,0,0,0,0,0,0,0,0,0,0,0,0,0,0,0,0,0,0,0,0,0,0,0,0,0,0,0,0,0,0,0,0,0,0,0,0,0,0,0,0,0,0,0,0,0,0,0,0,0,0,0,0,0,0,0,0,0,0,0,0,0,0,0,0,0,0,0,0,0
yune,track-a-comparison,luna_pinyin,key_sequence_process_with_context,zhongguo,17,8,8,339500,24,312800,296,160,5000,159,300,1400,9900,200,2300,159,0,5,1,1500,5,1,100,8,0,40,120,8,160,159,160,0,0,8,10900,31,7,157600,129,0,0,0,0,8,7,8,1400,61,12,121,400,0,0,0,0,0,0,0,0,0,0,0,0,0,0,0,0,0,0,0,0,0,0,0,0,0,0,0,0,0,0,0,0,0,0,0,0,0,0,0,0,0,0,0,0,0,0,0,0,0,0,0,0,0,0,0,0,0,0,0,0,0,0,0,0,0,0,0,0,0,0,0,0,0
yune,track-a-comparison,luna_pinyin,key_sequence_process_with_context,zhongguo,18,8,8,344200,24,317300,296,160,4900,159,300,1300,9400,100,2600,159,0,5,1,1600,5,1,100,8,0,40,120,8,160,159,160,0,0,8,10900,31,7,158500,129,0,0,0,0,8,7,8,1100,61,12,121,600,0,0,0,0,0,0,0,0,0,0,0,0,0,0,0,0,0,0,0,0,0,0,0,0,0,0,0,0,0,0,0,0,0,0,0,0,0,0,0,0,0,0,0,0,0,0,0,0,0,0,0,0,0,0,0,0,0,0,0,0,0,0,0,0,0,0,0,0,0,0,0,0,0
yune,track-a-comparison,luna_pinyin,key_sequence_process_with_context,zhongguo,19,8,8,339000,24,312400,296,160,4700,159,600,1400,9700,200,2500,159,0,5,1,1500,5,1,100,8,0,40,120,8,160,159,160,0,0,8,10900,31,7,157400,129,0,0,0,0,8,7,8,1100,61,12,121,400,0,0,0,0,0,0,0,0,0,0,0,0,0,0,0,0,0,0,0,0,0,0,0,0,0,0,0,0,0,0,0,0,0,0,0,0,0,0,0,0,0,0,0,0,0,0,0,0,0,0,0,0,0,0,0,0,0,0,0,0,0,0,0,0,0,0,0,0,0,0,0,0,0
yune,track-a-comparison,luna_pinyin,key_sequence_process_with_context,zhongguo,20,8,8,339200,24,312700,296,160,5100,159,300,1400,9800,100,2600,159,0,5,1,1500,5,1,100,8,0,40,120,8,160,159,160,0,0,8,10600,31,7,157600,129,0,0,0,0,8,7,8,900,61,12,121,500,0,0,0,0,0,0,0,0,0,0,0,0,0,0,0,0,0,0,0,0,0,0,0,0,0,0,0,0,0,0,0,0,0,0,0,0,0,0,0,0,0,0,0,0,0,0,0,0,0,0,0,0,0,0,0,0,0,0,0,0,0,0,0,0,0,0,0,0,0,0,0,0,0
yune,track-a-comparison,luna_pinyin,key_sequence_process_with_context,zhongguo,21,8,8,338900,24,312800,296,160,5600,159,400,1500,9700,0,2500,159,0,5,1,1500,5,1,100,8,0,40,120,8,160,159,160,0,0,8,10800,31,7,157600,129,0,0,0,0,8,7,8,1100,61,12,121,400,0,0,0,0,0,0,0,0,0,0,0,0,0,0,0,0,0,0,0,0,0,0,0,0,0,0,0,0,0,0,0,0,0,0,0,0,0,0,0,0,0,0,0,0,0,0,0,0,0,0,0,0,0,0,0,0,0,0,0,0,0,0,0,0,0,0,0,0,0,0,0,0,0
yune,track-a-comparison,luna_pinyin,key_sequence_process_with_context,zhongguo,22,8,8,356200,24,321300,296,160,4700,159,300,1500,17600,300,2500,159,0,5,1,1600,5,1,200,8,0,40,120,8,160,159,160,0,0,8,11000,31,7,159900,129,0,0,0,0,8,7,8,1200,61,12,121,700,0,0,0,0,0,0,0,0,0,0,0,0,0,0,0,0,0,0,0,0,0,0,0,0,0,0,0,0,0,0,0,0,0,0,0,0,0,0,0,0,0,0,0,0,0,0,0,0,0,0,0,0,0,0,0,0,0,0,0,0,0,0,0,0,0,0,0,0,0,0,0,0,0
yune,track-a-comparison,luna_pinyin,key_sequence_process_with_context,zhongguo,23,8,8,368600,24,342400,296,160,5100,159,0,1300,9700,100,2500,159,0,5,1,1800,5,1,100,8,0,40,120,8,160,159,160,0,0,8,11300,31,7,185100,129,0,0,0,0,8,7,8,1100,61,12,121,500,0,0,0,0,0,0,0,0,0,0,0,0,0,0,0,0,0,0,0,0,0,0,0,0,0,0,0,0,0,0,0,0,0,0,0,0,0,0,0,0,0,0,0,0,0,0,0,0,0,0,0,0,0,0,0,0,0,0,0,0,0,0,0,0,0,0,0,0,0,0,0,0,0
yune,track-a-comparison,luna_pinyin,key_sequence_process_with_context,zhongguo,24,8,8,343400,24,316500,296,160,4500,159,300,1400,9900,200,2500,159,0,5,1,1600,5,1,100,8,0,40,120,8,160,159,160,0,0,8,11000,31,7,159400,129,0,0,0,0,8,7,8,1100,61,12,121,400,0,0,0,0,0,0,0,0,0,0,0,0,0,0,0,0,0,0,0,0,0,0,0,0,0,0,0,0,0,0,0,0,0,0,0,0,0,0,0,0,0,0,0,0,0,0,0,0,0,0,0,0,0,0,0,0,0,0,0,0,0,0,0,0,0,0,0,0,0,0,0,0,0
yune,track-a-comparison,luna_pinyin,key_sequence_process_with_context,zhongguo,25,8,8,342400,24,315400,296,160,4300,159,400,1400,9800,200,2600,159,0,5,1,1500,5,1,100,8,0,40,120,8,160,159,160,0,0,8,11000,31,7,158700,129,0,0,0,0,8,7,8,1200,61,12,121,400,0,0,0,0,0,0,0,0,0,0,0,0,0,0,0,0,0,0,0,0,0,0,0,0,0,0,0,0,0,0,0,0,0,0,0,0,0,0,0,0,0,0,0,0,0,0,0,0,0,0,0,0,0,0,0,0,0,0,0,0,0,0,0,0,0,0,0,0,0,0,0,0,0
yune,track-a-comparison,luna_pinyin,key_sequence_process_with_context,zhongguo,26,8,8,346700,24,320000,296,160,5000,159,100,1500,9900,300,2200,159,0,5,1,1600,5,1,200,8,0,40,120,8,160,159,160,0,0,8,11000,31,7,163700,129,0,0,0,0,8,7,8,1000,61,12,121,600,0,0,0,0,0,0,0,0,0,0,0,0,0,0,0,0,0,0,0,0,0,0,0,0,0,0,0,0,0,0,0,0,0,0,0,0,0,0,0,0,0,0,0,0,0,0,0,0,0,0,0,0,0,0,0,0,0,0,0,0,0,0,0,0,0,0,0,0,0,0,0,0,0
yune,track-a-comparison,luna_pinyin,key_sequence_process_with_context,zhongguo,27,8,8,339900,24,313600,296,160,4500,159,100,1200,9600,200,2700,159,0,5,1,1400,5,1,100,8,0,40,120,8,160,159,160,0,0,8,11000,31,7,157600,129,0,0,0,0,8,7,8,1100,61,12,121,500,0,0,0,0,0,0,0,0,0,0,0,0,0,0,0,0,0,0,0,0,0,0,0,0,0,0,0,0,0,0,0,0,0,0,0,0,0,0,0,0,0,0,0,0,0,0,0,0,0,0,0,0,0,0,0,0,0,0,0,0,0,0,0,0,0,0,0,0,0,0,0,0,0
yune,track-a-comparison,luna_pinyin,key_sequence_process_with_context,zhongguo,28,8,8,340100,24,313900,296,160,4800,159,200,1300,9700,100,2300,159,0,5,1,1500,5,1,100,8,0,40,120,8,160,159,160,0,0,8,11000,31,7,158800,129,0,0,0,0,8,7,8,1200,61,12,121,600,0,0,0,0,0,0,0,0,0,0,0,0,0,0,0,0,0,0,0,0,0,0,0,0,0,0,0,0,0,0,0,0,0,0,0,0,0,0,0,0,0,0,0,0,0,0,0,0,0,0,0,0,0,0,0,0,0,0,0,0,0,0,0,0,0,0,0,0,0,0,0,0,0
yune,track-a-comparison,luna_pinyin,key_sequence_process_with_context,zhongguo,29,8,8,351000,24,324600,296,160,4600,159,100,1400,9800,100,2300,159,0,5,1,1500,5,1,200,8,0,40,120,8,160,159,160,0,0,8,11300,31,7,161800,129,0,0,0,0,8,7,8,1200,61,12,121,300,0,0,0,0,0,0,0,0,0,0,0,0,0,0,0,0,0,0,0,0,0,0,0,0,0,0,0,0,0,0,0,0,0,0,0,0,0,0,0,0,0,0,0,0,0,0,0,0,0,0,0,0,0,0,0,0,0,0,0,0,0,0,0,0,0,0,0,0,0,0,0,0,0
yune,track-a-comparison,luna_pinyin,key_sequence_process_with_context,zhongguo,30,8,8,346100,24,319200,296,160,5100,159,500,1600,9800,300,2300,159,0,5,1,1600,5,1,100,8,0,40,120,8,160,159,160,0,0,8,10900,31,7,163600,129,0,0,0,0,8,7,8,900,61,12,121,600,0,0,0,0,0,0,0,0,0,0,0,0,0,0,0,0,0,0,0,0,0,0,0,0,0,0,0,0,0,0,0,0,0,0,0,0,0,0,0,0,0,0,0,0,0,0,0,0,0,0,0,0,0,0,0,0,0,0,0,0,0,0,0,0,0,0,0,0,0,0,0,0,0
yune,track-a-comparison,luna_pinyin,key_sequence_process_with_context,zhongguo,31,8,8,349200,24,322500,296,160,4200,159,200,1300,9800,300,2300,159,0,5,1,1600,5,1,100,8,0,40,120,8,160,159,160,0,0,8,11200,31,7,162700,129,0,0,0,0,8,7,8,1000,61,12,121,400,0,0,0,0,0,0,0,0,0,0,0,0,0,0,0,0,0,0,0,0,0,0,0,0,0,0,0,0,0,0,0,0,0,0,0,0,0,0,0,0,0,0,0,0,0,0,0,0,0,0,0,0,0,0,0,0,0,0,0,0,0,0,0,0,0,0,0,0,0,0,0,0,0
yune,track-a-comparison,luna_pinyin,key_sequence_process_with_context,zhongguo,32,8,8,346200,24,319500,296,160,5100,159,400,1500,9600,200,2300,159,0,5,1,1500,5,1,100,8,0,40,120,8,160,159,160,0,0,8,10800,31,7,164100,129,0,0,0,0,8,7,8,1000,61,12,121,300,0,0,0,0,0,0,0,0,0,0,0,0,0,0,0,0,0,0,0,0,0,0,0,0,0,0,0,0,0,0,0,0,0,0,0,0,0,0,0,0,0,0,0,0,0,0,0,0,0,0,0,0,0,0,0,0,0,0,0,0,0,0,0,0,0,0,0,0,0,0,0,0,0
yune,track-a-comparison,luna_pinyin,key_sequence_process_with_context,zhongguo,33,8,8,347000,24,320500,296,160,4900,159,300,1500,10000,300,2300,159,0,5,1,1600,5,1,100,8,0,40,120,8,160,159,160,0,0,8,11000,31,7,163500,129,0,0,0,0,8,7,8,1100,61,12,121,700,0,0,0,0,0,0,0,0,0,0,0,0,0,0,0,0,0,0,0,0,0,0,0,0,0,0,0,0,0,0,0,0,0,0,0,0,0,0,0,0,0,0,0,0,0,0,0,0,0,0,0,0,0,0,0,0,0,0,0,0,0,0,0,0,0,0,0,0,0,0,0,0,0
yune,track-a-comparison,luna_pinyin,key_sequence_process_with_context,zhongguo,34,8,8,344800,24,318200,296,160,4400,159,300,1400,9800,300,2300,159,0,5,1,1700,5,1,100,8,0,40,120,8,160,159,160,0,0,8,10900,31,7,162500,129,0,0,0,0,8,7,8,900,61,12,121,500,0,0,0,0,0,0,0,0,0,0,0,0,0,0,0,0,0,0,0,0,0,0,0,0,0,0,0,0,0,0,0,0,0,0,0,0,0,0,0,0,0,0,0,0,0,0,0,0,0,0,0,0,0,0,0,0,0,0,0,0,0,0,0,0,0,0,0,0,0,0,0,0,0
yune,track-a-comparison,luna_pinyin,key_sequence_process_with_context,zhongguo,35,8,8,341400,24,314800,296,160,4700,159,200,1500,10100,300,2400,159,0,5,1,1600,5,1,200,8,0,40,120,8,160,159,160,0,0,8,11100,31,7,159200,129,0,0,0,0,8,7,8,1000,61,12,121,600,0,0,0,0,0,0,0,0,0,0,0,0,0,0,0,0,0,0,0,0,0,0,0,0,0,0,0,0,0,0,0,0,0,0,0,0,0,0,0,0,0,0,0,0,0,0,0,0,0,0,0,0,0,0,0,0,0,0,0,0,0,0,0,0,0,0,0,0,0,0,0,0,0
yune,track-a-comparison,luna_pinyin,key_sequence_process_with_context,zhongguo,36,8,8,341900,24,314600,296,160,5000,159,400,1500,10000,200,2200,159,0,5,1,1600,5,1,100,8,0,40,120,8,160,159,160,0,0,8,11000,31,7,159000,129,0,0,0,0,8,7,8,1100,61,12,121,700,0,0,0,0,0,0,0,0,0,0,0,0,0,0,0,0,0,0,0,0,0,0,0,0,0,0,0,0,0,0,0,0,0,0,0,0,0,0,0,0,0,0,0,0,0,0,0,0,0,0,0,0,0,0,0,0,0,0,0,0,0,0,0,0,0,0,0,0,0,0,0,0,0
yune,track-a-comparison,luna_pinyin,key_sequence_process_with_context,zhongguo,37,8,8,345100,24,318600,296,160,4900,159,100,1400,9800,200,2500,159,0,5,1,1600,5,1,100,8,0,40,120,8,160,159,160,0,0,8,10900,31,7,160400,129,0,0,0,0,8,7,8,900,61,12,121,600,0,0,0,0,0,0,0,0,0,0,0,0,0,0,0,0,0,0,0,0,0,0,0,0,0,0,0,0,0,0,0,0,0,0,0,0,0,0,0,0,0,0,0,0,0,0,0,0,0,0,0,0,0,0,0,0,0,0,0,0,0,0,0,0,0,0,0,0,0,0,0,0,0
yune,track-a-comparison,luna_pinyin,key_sequence_process_with_context,zhongguo,38,8,8,363400,24,336700,296,160,5400,159,400,1400,9900,100,2300,159,0,5,1,1600,5,1,100,8,0,40,120,8,160,159,160,0,0,8,11000,31,7,178800,129,0,0,0,0,8,7,8,1000,61,12,121,400,0,0,0,0,0,0,0,0,0,0,0,0,0,0,0,0,0,0,0,0,0,0,0,0,0,0,0,0,0,0,0,0,0,0,0,0,0,0,0,0,0,0,0,0,0,0,0,0,0,0,0,0,0,0,0,0,0,0,0,0,0,0,0,0,0,0,0,0,0,0,0,0,0
yune,track-a-comparison,luna_pinyin,key_sequence_process_with_context,zhongguo,39,8,8,345400,24,318400,296,160,5400,159,400,1300,9800,400,2200,159,0,5,1,1700,5,1,200,8,0,40,120,8,160,159,160,0,0,8,10900,31,7,161300,129,0,0,0,0,8,7,8,1100,61,12,121,600,0,0,0,0,0,0,0,0,0,0,0,0,0,0,0,0,0,0,0,0,0,0,0,0,0,0,0,0,0,0,0,0,0,0,0,0,0,0,0,0,0,0,0,0,0,0,0,0,0,0,0,0,0,0,0,0,0,0,0,0,0,0,0,0,0,0,0,0,0,0,0,0,0
yune,track-a-comparison,luna_pinyin,key_sequence_process_with_context,zhongguo,40,8,8,350900,24,324400,296,160,4500,159,400,1500,9500,0,2500,159,0,5,1,1600,5,1,100,8,0,40,120,8,160,159,160,0,0,8,11100,31,7,168900,129,0,0,0,0,8,7,8,1000,61,12,121,600,0,0,0,0,0,0,0,0,0,0,0,0,0,0,0,0,0,0,0,0,0,0,0,0,0,0,0,0,0,0,0,0,0,0,0,0,0,0,0,0,0,0,0,0,0,0,0,0,0,0,0,0,0,0,0,0,0,0,0,0,0,0,0,0,0,0,0,0,0,0,0,0,0
yune,track-a-comparison,luna_pinyin,key_sequence_process_with_context,zhongguo,41,8,8,345300,24,318400,296,160,5100,159,200,1500,9700,200,2400,159,0,5,1,1500,5,1,200,8,0,40,120,8,160,159,160,0,0,8,10700,31,7,162000,129,0,0,0,0,8,7,8,1100,61,12,121,300,0,0,0,0,0,0,0,0,0,0,0,0,0,0,0,0,0,0,0,0,0,0,0,0,0,0,0,0,0,0,0,0,0,0,0,0,0,0,0,0,0,0,0,0,0,0,0,0,0,0,0,0,0,0,0,0,0,0,0,0,0,0,0,0,0,0,0,0,0,0,0,0,0
yune,track-a-comparison,luna_pinyin,key_sequence_process_with_context,zhongguo,42,8,8,348000,24,321800,296,160,5100,159,200,1500,9900,100,2400,159,0,5,1,1600,5,1,200,8,0,40,120,8,160,159,160,0,0,8,11100,31,7,164000,129,0,0,0,0,8,7,8,1000,61,12,121,400,0,0,0,0,0,0,0,0,0,0,0,0,0,0,0,0,0,0,0,0,0,0,0,0,0,0,0,0,0,0,0,0,0,0,0,0,0,0,0,0,0,0,0,0,0,0,0,0,0,0,0,0,0,0,0,0,0,0,0,0,0,0,0,0,0,0,0,0,0,0,0,0,0
yune,track-a-comparison,luna_pinyin,key_sequence_process_with_context,zhongguo,43,8,8,354700,24,327900,296,160,5000,159,200,1400,9600,100,2300,159,0,5,1,1600,5,1,100,8,0,40,120,8,160,159,160,0,0,8,11000,31,7,171600,129,0,0,0,0,8,7,8,1000,61,12,121,400,0,0,0,0,0,0,0,0,0,0,0,0,0,0,0,0,0,0,0,0,0,0,0,0,0,0,0,0,0,0,0,0,0,0,0,0,0,0,0,0,0,0,0,0,0,0,0,0,0,0,0,0,0,0,0,0,0,0,0,0,0,0,0,0,0,0,0,0,0,0,0,0,0
yune,track-a-comparison,luna_pinyin,key_sequence_process_with_context,zhongguo,44,8,8,350000,24,323200,296,160,4800,159,400,1500,9900,100,2400,159,0,5,1,1700,5,1,100,8,0,40,120,8,160,159,160,0,0,8,10900,31,7,166600,129,0,0,0,0,8,7,8,1200,61,12,121,800,0,0,0,0,0,0,0,0,0,0,0,0,0,0,0,0,0,0,0,0,0,0,0,0,0,0,0,0,0,0,0,0,0,0,0,0,0,0,0,0,0,0,0,0,0,0,0,0,0,0,0,0,0,0,0,0,0,0,0,0,0,0,0,0,0,0,0,0,0,0,0,0,0
yune,track-a-comparison,luna_pinyin,key_sequence_process_with_context,zhongguo,45,8,8,350000,24,323200,296,160,4200,159,100,1000,9800,200,2400,159,0,5,1,1600,5,1,200,8,0,40,120,8,160,159,160,0,0,8,11100,31,7,166500,129,0,0,0,0,8,7,8,1000,61,12,121,500,0,0,0,0,0,0,0,0,0,0,0,0,0,0,0,0,0,0,0,0,0,0,0,0,0,0,0,0,0,0,0,0,0,0,0,0,0,0,0,0,0,0,0,0,0,0,0,0,0,0,0,0,0,0,0,0,0,0,0,0,0,0,0,0,0,0,0,0,0,0,0,0,0
yune,track-a-comparison,luna_pinyin,key_sequence_process_with_context,zhongguo,46,8,8,348500,24,321400,296,160,4800,159,100,1300,9900,300,2300,159,0,5,1,1500,5,1,100,8,0,40,120,8,160,159,160,0,0,8,10600,31,7,160100,129,0,0,0,0,8,7,8,1000,61,12,121,300,0,0,0,0,0,0,0,0,0,0,0,0,0,0,0,0,0,0,0,0,0,0,0,0,0,0,0,0,0,0,0,0,0,0,0,0,0,0,0,0,0,0,0,0,0,0,0,0,0,0,0,0,0,0,0,0,0,0,0,0,0,0,0,0,0,0,0,0,0,0,0,0,0
yune,track-a-comparison,luna_pinyin,key_sequence_process_with_context,zhongguo,47,8,8,344400,24,317500,296,160,5300,159,300,1400,9900,0,2600,159,0,5,1,1500,5,1,200,8,0,40,120,8,160,159,160,0,0,8,10700,31,7,161100,129,0,0,0,0,8,7,8,1000,61,12,121,500,0,0,0,0,0,0,0,0,0,0,0,0,0,0,0,0,0,0,0,0,0,0,0,0,0,0,0,0,0,0,0,0,0,0,0,0,0,0,0,0,0,0,0,0,0,0,0,0,0,0,0,0,0,0,0,0,0,0,0,0,0,0,0,0,0,0,0,0,0,0,0,0,0
yune,track-a-comparison,luna_pinyin,key_sequence_process_with_context,zhongguo,48,8,8,349400,24,322400,296,160,4600,159,200,1200,9800,300,2300,159,0,5,1,1700,5,1,200,8,0,40,120,8,160,159,160,0,0,8,10900,31,7,162400,129,0,0,0,0,8,7,8,1300,61,12,121,500,0,0,0,0,0,0,0,0,0,0,0,0,0,0,0,0,0,0,0,0,0,0,0,0,0,0,0,0,0,0,0,0,0,0,0,0,0,0,0,0,0,0,0,0,0,0,0,0,0,0,0,0,0,0,0,0,0,0,0,0,0,0,0,0,0,0,0,0,0,0,0,0,0
yune,track-a-comparison,luna_pinyin,key_sequence_process_with_context,zhongguo,49,8,8,344500,24,317500,296,160,4600,159,200,1500,9800,200,2600,159,0,5,1,1500,5,1,100,8,0,40,120,8,160,159,160,0,0,8,11000,31,7,161900,129,0,0,0,0,8,7,8,1000,61,12,121,400,0,0,0,0,0,0,0,0,0,0,0,0,0,0,0,0,0,0,0,0,0,0,0,0,0,0,0,0,0,0,0,0,0,0,0,0,0,0,0,0,0,0,0,0,0,0,0,0,0,0,0,0,0,0,0,0,0,0,0,0,0,0,0,0,0,0,0,0,0,0,0,0,0
yune,track-a-comparison,luna_pinyin,key_sequence_process_with_context,zhongguo,50,8,8,340500,24,313700,296,160,4900,159,400,1300,9800,100,2100,159,0,5,1,1600,5,1,100,8,0,40,120,8,160,159,160,0,0,8,10900,31,7,158200,129,0,0,0,0,8,7,8,1000,61,12,121,300,0,0,0,0,0,0,0,0,0,0,0,0,0,0,0,0,0,0,0,0,0,0,0,0,0,0,0,0,0,0,0,0,0,0,0,0,0,0,0,0,0,0,0,0,0,0,0,0,0,0,0,0,0,0,0,0,0,0,0,0,0,0,0,0,0,0,0,0,0,0,0,0,0
yune,track-a-comparison,luna_pinyin,key_sequence_process_with_context,zhongguo,51,8,8,345700,24,314900,296,160,4800,159,200,1100,13400,300,2500,159,0,5,1,1500,5,1,100,8,0,40,120,8,160,159,160,0,0,8,10900,31,7,158600,129,0,0,0,0,8,7,8,1000,61,12,121,400,0,0,0,0,0,0,0,0,0,0,0,0,0,0,0,0,0,0,0,0,0,0,0,0,0,0,0,0,0,0,0,0,0,0,0,0,0,0,0,0,0,0,0,0,0,0,0,0,0,0,0,0,0,0,0,0,0,0,0,0,0,0,0,0,0,0,0,0,0,0,0,0,0
yune,track-a-comparison,luna_pinyin,key_sequence_process_with_context,zhongguo,52,8,8,340300,24,313800,296,160,4900,159,400,1300,9600,0,2600,159,0,5,1,1500,5,1,100,8,0,40,120,8,160,159,160,0,0,8,11200,31,7,158600,129,0,0,0,0,8,7,8,1000,61,12,121,700,0,0,0,0,0,0,0,0,0,0,0,0,0,0,0,0,0,0,0,0,0,0,0,0,0,0,0,0,0,0,0,0,0,0,0,0,0,0,0,0,0,0,0,0,0,0,0,0,0,0,0,0,0,0,0,0,0,0,0,0,0,0,0,0,0,0,0,0,0,0,0,0,0
yune,track-a-comparison,luna_pinyin,key_sequence_process_with_context,zhongguo,53,8,8,348900,24,321100,296,160,4900,159,300,1400,10200,100,2500,159,0,5,1,1500,5,1,100,8,0,40,120,8,160,159,160,0,0,8,11100,31,7,163200,129,0,0,0,0,8,7,8,1100,61,12,121,600,0,0,0,0,0,0,0,0,0,0,0,0,0,0,0,0,0,0,0,0,0,0,0,0,0,0,0,0,0,0,0,0,0,0,0,0,0,0,0,0,0,0,0,0,0,0,0,0,0,0,0,0,0,0,0,0,0,0,0,0,0,0,0,0,0,0,0,0,0,0,0,0,0
yune,track-a-comparison,luna_pinyin,key_sequence_process_with_context,zhongguo,54,8,8,345600,24,318500,296,160,5400,159,100,1500,9800,400,2600,159,0,5,1,1500,5,1,100,8,0,40,120,8,160,159,160,0,0,8,10600,31,7,162000,129,0,0,0,0,8,7,8,900,61,12,121,500,0,0,0,0,0,0,0,0,0,0,0,0,0,0,0,0,0,0,0,0,0,0,0,0,0,0,0,0,0,0,0,0,0,0,0,0,0,0,0,0,0,0,0,0,0,0,0,0,0,0,0,0,0,0,0,0,0,0,0,0,0,0,0,0,0,0,0,0,0,0,0,0,0
yune,track-a-comparison,luna_pinyin,key_sequence_process_with_context,zhongguo,55,8,8,353400,24,327000,296,160,4600,159,300,1500,9800,100,2200,159,0,5,1,1600,5,1,200,8,0,40,120,8,160,159,160,0,0,8,10900,31,7,170600,129,0,0,0,0,8,7,8,1000,61,12,121,600,0,0,0,0,0,0,0,0,0,0,0,0,0,0,0,0,0,0,0,0,0,0,0,0,0,0,0,0,0,0,0,0,0,0,0,0,0,0,0,0,0,0,0,0,0,0,0,0,0,0,0,0,0,0,0,0,0,0,0,0,0,0,0,0,0,0,0,0,0,0,0,0,0
yune,track-a-comparison,luna_pinyin,key_sequence_process_with_context,zhongguo,56,8,8,354200,24,327600,296,160,5200,159,100,1400,9700,400,2300,159,0,5,1,1700,5,1,100,8,0,40,120,8,160,159,160,0,0,8,11100,31,7,166000,129,0,0,0,0,8,7,8,1100,61,12,121,600,0,0,0,0,0,0,0,0,0,0,0,0,0,0,0,0,0,0,0,0,0,0,0,0,0,0,0,0,0,0,0,0,0,0,0,0,0,0,0,0,0,0,0,0,0,0,0,0,0,0,0,0,0,0,0,0,0,0,0,0,0,0,0,0,0,0,0,0,0,0,0,0,0
yune,track-a-comparison,luna_pinyin,key_sequence_process_with_context,zhongguo,57,8,8,350600,24,323700,296,160,5000,159,300,1600,9900,200,2400,159,0,5,1,1500,5,1,200,8,0,40,120,8,160,159,160,0,0,8,10800,31,7,166100,129,0,0,0,0,8,7,8,1200,61,12,121,400,0,0,0,0,0,0,0,0,0,0,0,0,0,0,0,0,0,0,0,0,0,0,0,0,0,0,0,0,0,0,0,0,0,0,0,0,0,0,0,0,0,0,0,0,0,0,0,0,0,0,0,0,0,0,0,0,0,0,0,0,0,0,0,0,0,0,0,0,0,0,0,0,0
yune,track-a-comparison,luna_pinyin,key_sequence_process_with_context,zhongguo,58,8,8,355400,24,327900,296,160,4400,159,300,1500,10200,300,2100,159,0,5,1,1600,5,1,200,8,0,40,120,8,160,159,160,0,0,8,10900,31,7,171200,129,0,0,0,0,8,7,8,1000,61,12,121,500,0,0,0,0,0,0,0,0,0,0,0,0,0,0,0,0,0,0,0,0,0,0,0,0,0,0,0,0,0,0,0,0,0,0,0,0,0,0,0,0,0,0,0,0,0,0,0,0,0,0,0,0,0,0,0,0,0,0,0,0,0,0,0,0,0,0,0,0,0,0,0,0,0
yune,track-a-comparison,luna_pinyin,key_sequence_process_with_context,zhongguo,59,8,8,346000,24,319100,296,160,4400,159,400,1500,9900,200,2500,159,0,5,1,1600,5,1,100,8,0,40,120,8,160,159,160,0,0,8,11000,31,7,163600,129,0,0,0,0,8,7,8,1100,61,12,121,600,0,0,0,0,0,0,0,0,0,0,0,0,0,0,0,0,0,0,0,0,0,0,0,0,0,0,0,0,0,0,0,0,0,0,0,0,0,0,0,0,0,0,0,0,0,0,0,0,0,0,0,0,0,0,0,0,0,0,0,0,0,0,0,0,0,0,0,0,0,0,0,0,0
yune,track-a-comparison,luna_pinyin,key_sequence_process_with_context,zhongguo,60,8,8,339900,24,313400,296,160,4100,159,300,1400,10000,0,2300,159,0,5,1,1600,5,1,100,8,0,40,120,8,160,159,160,0,0,8,10800,31,7,158300,129,0,0,0,0,8,7,8,900,61,12,121,400,0,0,0,0,0,0,0,0,0,0,0,0,0,0,0,0,0,0,0,0,0,0,0,0,0,0,0,0,0,0,0,0,0,0,0,0,0,0,0,0,0,0,0,0,0,0,0,0,0,0,0,0,0,0,0,0,0,0,0,0,0,0,0,0,0,0,0,0,0,0,0,0,0
yune,track-a-comparison,luna_pinyin,key_sequence_process_with_context,zhongguo,61,8,8,346000,24,319100,296,160,4400,159,600,1500,9700,200,2400,159,0,5,1,1600,5,1,200,8,0,40,120,8,160,159,160,0,0,8,10800,31,7,158600,129,0,0,0,0,8,7,8,1000,61,12,121,500,0,0,0,0,0,0,0,0,0,0,0,0,0,0,0,0,0,0,0,0,0,0,0,0,0,0,0,0,0,0,0,0,0,0,0,0,0,0,0,0,0,0,0,0,0,0,0,0,0,0,0,0,0,0,0,0,0,0,0,0,0,0,0,0,0,0,0,0,0,0,0,0,0
yune,track-a-comparison,luna_pinyin,key_sequence_process_with_context,zhongguo,62,8,8,343000,24,316300,296,160,4200,159,500,1500,9500,100,2600,159,0,5,1,1600,5,1,100,8,0,40,120,8,160,159,160,0,0,8,10700,31,7,160000,129,0,0,0,0,8,7,8,800,61,12,121,500,0,0,0,0,0,0,0,0,0,0,0,0,0,0,0,0,0,0,0,0,0,0,0,0,0,0,0,0,0,0,0,0,0,0,0,0,0,0,0,0,0,0,0,0,0,0,0,0,0,0,0,0,0,0,0,0,0,0,0,0,0,0,0,0,0,0,0,0,0,0,0,0,0
yune,track-a-comparison,luna_pinyin,key_sequence_process_with_context,zhongguo,63,8,8,343700,24,316800,296,160,5200,159,500,1300,9600,200,2200,159,0,5,1,1600,5,1,100,8,0,40,120,8,160,159,160,0,0,8,11000,31,7,160900,129,0,0,0,0,8,7,8,1100,61,12,121,400,0,0,0,0,0,0,0,0,0,0,0,0,0,0,0,0,0,0,0,0,0,0,0,0,0,0,0,0,0,0,0,0,0,0,0,0,0,0,0,0,0,0,0,0,0,0,0,0,0,0,0,0,0,0,0,0,0,0,0,0,0,0,0,0,0,0,0,0,0,0,0,0,0
yune,track-a-comparison,luna_pinyin,key_sequence_process_with_context,zhongguo,64,8,8,365000,24,337600,296,160,5500,159,300,1400,10100,400,2300,159,0,5,1,1600,5,1,100,8,0,40,120,8,160,159,160,0,0,8,11200,31,7,180300,129,0,0,0,0,8,7,8,1100,61,12,121,600,0,0,0,0,0,0,0,0,0,0,0,0,0,0,0,0,0,0,0,0,0,0,0,0,0,0,0,0,0,0,0,0,0,0,0,0,0,0,0,0,0,0,0,0,0,0,0,0,0,0,0,0,0,0,0,0,0,0,0,0,0,0,0,0,0,0,0,0,0,0,0,0,0
yune,track-a-comparison,luna_pinyin,key_sequence_process_with_context,zhongguo,65,8,8,346000,24,319100,296,160,4800,159,300,1400,9900,200,2200,159,0,5,1,1700,5,1,200,8,0,40,120,8,160,159,160,0,0,8,11000,31,7,161600,129,0,0,0,0,8,7,8,1100,61,12,121,400,0,0,0,0,0,0,0,0,0,0,0,0,0,0,0,0,0,0,0,0,0,0,0,0,0,0,0,0,0,0,0,0,0,0,0,0,0,0,0,0,0,0,0,0,0,0,0,0,0,0,0,0,0,0,0,0,0,0,0,0,0,0,0,0,0,0,0,0,0,0,0,0,0
yune,track-a-comparison,luna_pinyin,key_sequence_process_with_context,zhongguo,66,8,8,346400,24,319000,296,160,5700,159,300,1600,10200,200,2200,159,0,5,1,1700,5,1,100,8,0,40,120,8,160,159,160,0,0,8,10900,31,7,161500,129,0,0,0,0,8,7,8,1000,61,12,121,600,0,0,0,0,0,0,0,0,0,0,0,0,0,0,0,0,0,0,0,0,0,0,0,0,0,0,0,0,0,0,0,0,0,0,0,0,0,0,0,0,0,0,0,0,0,0,0,0,0,0,0,0,0,0,0,0,0,0,0,0,0,0,0,0,0,0,0,0,0,0,0,0,0
yune,track-a-comparison,luna_pinyin,key_sequence_process_with_context,zhongguo,67,8,8,346400,24,319600,296,160,5100,159,0,1400,9800,300,2600,159,0,5,1,1600,5,1,200,8,0,40,120,8,160,159,160,0,0,8,10800,31,7,162700,129,0,0,0,0,8,7,8,800,61,12,121,700,0,0,0,0,0,0,0,0,0,0,0,0,0,0,0,0,0,0,0,0,0,0,0,0,0,0,0,0,0,0,0,0,0,0,0,0,0,0,0,0,0,0,0,0,0,0,0,0,0,0,0,0,0,0,0,0,0,0,0,0,0,0,0,0,0,0,0,0,0,0,0,0,0
yune,track-a-comparison,luna_pinyin,key_sequence_process_with_context,zhongguo,68,8,8,344500,24,318000,296,160,5000,159,600,1500,9800,100,2300,159,0,5,1,1600,5,1,100,8,0,40,120,8,160,159,160,0,0,8,10900,31,7,161300,129,0,0,0,0,8,7,8,1100,61,12,121,400,0,0,0,0,0,0,0,0,0,0,0,0,0,0,0,0,0,0,0,0,0,0,0,0,0,0,0,0,0,0,0,0,0,0,0,0,0,0,0,0,0,0,0,0,0,0,0,0,0,0,0,0,0,0,0,0,0,0,0,0,0,0,0,0,0,0,0,0,0,0,0,0,0
yune,track-a-comparison,luna_pinyin,key_sequence_process_with_context,zhongguo,69,8,8,355000,24,323000,296,160,5300,159,100,1300,14700,300,2600,159,0,5,1,1600,5,1,200,8,0,40,120,8,160,159,160,0,0,8,11100,31,7,167200,129,0,0,0,0,8,7,8,1200,61,12,121,400,0,0,0,0,0,0,0,0,0,0,0,0,0,0,0,0,0,0,0,0,0,0,0,0,0,0,0,0,0,0,0,0,0,0,0,0,0,0,0,0,0,0,0,0,0,0,0,0,0,0,0,0,0,0,0,0,0,0,0,0,0,0,0,0,0,0,0,0,0,0,0,0,0
yune,track-a-comparison,luna_pinyin,key_sequence_process_with_context,zhongguo,70,8,8,342300,24,315600,296,160,4300,159,100,1500,9700,400,2300,159,0,5,1,1600,5,1,200,8,0,40,120,8,160,159,160,0,0,8,10700,31,7,159200,129,0,0,0,0,8,7,8,1300,61,12,121,300,0,0,0,0,0,0,0,0,0,0,0,0,0,0,0,0,0,0,0,0,0,0,0,0,0,0,0,0,0,0,0,0,0,0,0,0,0,0,0,0,0,0,0,0,0,0,0,0,0,0,0,0,0,0,0,0,0,0,0,0,0,0,0,0,0,0,0,0,0,0,0,0,0
yune,track-a-comparison,luna_pinyin,key_sequence_process_with_context,zhongguo,71,8,8,341300,24,314800,296,160,4500,159,400,1200,9600,200,2500,159,0,5,1,1600,5,1,200,8,0,40,120,8,160,159,160,0,0,8,11100,31,7,158400,129,0,0,0,0,8,7,8,1100,61,12,121,400,0,0,0,0,0,0,0,0,0,0,0,0,0,0,0,0,0,0,0,0,0,0,0,0,0,0,0,0,0,0,0,0,0,0,0,0,0,0,0,0,0,0,0,0,0,0,0,0,0,0,0,0,0,0,0,0,0,0,0,0,0,0,0,0,0,0,0,0,0,0,0,0,0
yune,track-a-comparison,luna_pinyin,key_sequence_process_with_context,zhongguo,72,8,8,347400,24,320700,296,160,4700,159,200,1400,9700,300,2400,159,0,5,1,1500,5,1,200,8,0,40,120,8,160,159,160,0,0,8,11100,31,7,158400,129,0,0,0,0,8,7,8,1100,61,12,121,400,0,0,0,0,0,0,0,0,0,0,0,0,0,0,0,0,0,0,0,0,0,0,0,0,0,0,0,0,0,0,0,0,0,0,0,0,0,0,0,0,0,0,0,0,0,0,0,0,0,0,0,0,0,0,0,0,0,0,0,0,0,0,0,0,0,0,0,0,0,0,0,0,0
yune,track-a-comparison,luna_pinyin,key_sequence_process_with_context,zhongguo,73,8,8,340000,24,313400,296,160,5200,159,100,1500,9700,300,2200,159,0,5,1,1500,5,1,200,8,0,40,120,8,160,159,160,0,0,8,10800,31,7,157700,129,0,0,0,0,8,7,8,1200,61,12,121,300,0,0,0,0,0,0,0,0,0,0,0,0,0,0,0,0,0,0,0,0,0,0,0,0,0,0,0,0,0,0,0,0,0,0,0,0,0,0,0,0,0,0,0,0,0,0,0,0,0,0,0,0,0,0,0,0,0,0,0,0,0,0,0,0,0,0,0,0,0,0,0,0,0
yune,track-a-comparison,luna_pinyin,key_sequence_process_with_context,zhongguo,74,8,8,345200,24,318400,296,160,4400,159,200,1500,9600,100,2500,159,0,5,1,1600,5,1,100,8,0,40,120,8,160,159,160,0,0,8,10800,31,7,163000,129,0,0,0,0,8,7,8,1000,61,12,121,400,0,0,0,0,0,0,0,0,0,0,0,0,0,0,0,0,0,0,0,0,0,0,0,0,0,0,0,0,0,0,0,0,0,0,0,0,0,0,0,0,0,0,0,0,0,0,0,0,0,0,0,0,0,0,0,0,0,0,0,0,0,0,0,0,0,0,0,0,0,0,0,0,0
yune,track-a-comparison,luna_pinyin,key_sequence_process_with_context,zhongguo,75,8,8,340600,24,314000,296,160,4500,159,200,1300,9700,300,2400,159,0,5,1,1600,5,1,100,8,0,40,120,8,160,159,160,0,0,8,10800,31,7,158900,129,0,0,0,0,8,7,8,800,61,12,121,500,0,0,0,0,0,0,0,0,0,0,0,0,0,0,0,0,0,0,0,0,0,0,0,0,0,0,0,0,0,0,0,0,0,0,0,0,0,0,0,0,0,0,0,0,0,0,0,0,0,0,0,0,0,0,0,0,0,0,0,0,0,0,0,0,0,0,0,0,0,0,0,0,0
yune,track-a-comparison,luna_pinyin,key_sequence_process_with_context,zhongguo,76,8,8,345300,24,318800,296,160,5600,159,200,1500,9700,200,2300,159,0,5,1,1500,5,1,100,8,0,40,120,8,160,159,160,0,0,8,11000,31,7,157900,129,0,0,0,0,8,7,8,1100,61,12,121,400,0,0,0,0,0,0,0,0,0,0,0,0,0,0,0,0,0,0,0,0,0,0,0,0,0,0,0,0,0,0,0,0,0,0,0,0,0,0,0,0,0,0,0,0,0,0,0,0,0,0,0,0,0,0,0,0,0,0,0,0,0,0,0,0,0,0,0,0,0,0,0,0,0
yune,track-a-comparison,luna_pinyin,key_sequence_process_with_context,zhongguo,77,8,8,340500,24,314000,296,160,4900,159,200,1400,9700,300,2400,159,0,5,1,1600,5,1,100,8,0,40,120,8,160,159,160,0,0,8,10900,31,7,158300,129,0,0,0,0,8,7,8,1000,61,12,121,600,0,0,0,0,0,0,0,0,0,0,0,0,0,0,0,0,0,0,0,0,0,0,0,0,0,0,0,0,0,0,0,0,0,0,0,0,0,0,0,0,0,0,0,0,0,0,0,0,0,0,0,0,0,0,0,0,0,0,0,0,0,0,0,0,0,0,0,0,0,0,0,0,0
yune,track-a-comparison,luna_pinyin,key_sequence_process_with_context,zhongguo,78,8,8,344800,24,318000,296,160,5500,159,500,1400,9800,200,2200,159,0,5,1,1500,5,1,100,8,0,40,120,8,160,159,160,0,0,8,10900,31,7,162900,129,0,0,0,0,8,7,8,1100,61,12,121,400,0,0,0,0,0,0,0,0,0,0,0,0,0,0,0,0,0,0,0,0,0,0,0,0,0,0,0,0,0,0,0,0,0,0,0,0,0,0,0,0,0,0,0,0,0,0,0,0,0,0,0,0,0,0,0,0,0,0,0,0,0,0,0,0,0,0,0,0,0,0,0,0,0
yune,track-a-comparison,luna_pinyin,key_sequence_process_with_context,zhongguo,79,8,8,343500,24,317100,296,160,4400,159,100,900,9500,300,2400,159,0,5,1,1600,5,1,100,8,0,40,120,8,160,159,160,0,0,8,11100,31,7,160800,129,0,0,0,0,8,7,8,1300,61,12,121,600,0,0,0,0,0,0,0,0,0,0,0,0,0,0,0,0,0,0,0,0,0,0,0,0,0,0,0,0,0,0,0,0,0,0,0,0,0,0,0,0,0,0,0,0,0,0,0,0,0,0,0,0,0,0,0,0,0,0,0,0,0,0,0,0,0,0,0,0,0,0,0,0,0
yune,track-a-comparison,luna_pinyin,key_sequence_process_with_context,ceshiyixiachangjushuruxingnengzenyang,0,37,37,59291900,111,59154200,184,115,4100,249,1000,12400,26900,600,5000,249,0,5,1,3000,5,1,300,37,0,185,555,37,740,249,250,0,0,37,444600,28,36,310000,87,0,0,0,0,37,36,37,4000,37,7,260,500,0,0,0,0,0,0,0,0,0,0,0,0,0,0,0,27,57195900,135,1524,2791,3950,6741,0,0,496,727,1223,301,301,355,293,355,1223,496,0,27,47182900,0,0,648,0,0,0,0,0,0,0,0,0,0,0,0,0,0,0,0,0,0,0,0,0,0,0,0,0,0,0,0,0,0,0,0,0
yune,track-a-comparison,luna_pinyin,key_sequence_process_with_context,ceshiyixiachangjushuruxingnengzenyang,1,37,37,59316700,111,59179800,184,115,4200,249,1000,12100,26300,800,5100,249,0,5,1,2700,5,1,600,37,0,185,555,37,740,249,250,0,0,37,474300,28,36,308000,87,0,0,0,0,37,36,37,3700,37,7,260,300,0,0,0,0,0,0,0,0,0,0,0,0,0,0,0,27,57140500,135,1524,2791,3950,6741,0,0,496,727,1223,301,301,355,293,355,1223,496,0,27,46995500,0,0,648,0,0,0,0,0,0,0,0,0,0,0,0,0,0,0,0,0,0,0,0,0,0,0,0,0,0,0,0,0,0,0,0,0
yune,track-a-comparison,luna_pinyin,key_sequence_process_with_context,ceshiyixiachangjushuruxingnengzenyang,2,37,37,59522900,111,59378300,184,115,3500,249,800,11700,28100,700,5100,249,0,5,1,3900,5,1,600,37,0,185,555,37,740,249,250,0,0,37,481700,28,36,310600,87,0,0,0,0,37,36,37,3300,37,7,260,500,0,0,0,0,0,0,0,0,0,0,0,0,0,0,0,27,57309300,135,1524,2791,3950,6741,0,0,496,727,1223,301,301,355,293,355,1223,496,0,27,47163000,0,0,648,0,0,0,0,0,0,0,0,0,0,0,0,0,0,0,0,0,0,0,0,0,0,0,0,0,0,0,0,0,0,0,0,0
yune,track-a-comparison,luna_pinyin,key_sequence_process_with_context,ceshiyixiachangjushuruxingnengzenyang,3,37,37,59334400,111,59198700,184,115,3400,249,1700,11900,26300,900,4700,249,0,5,1,3400,5,1,300,37,0,185,555,37,740,249,250,0,0,37,490600,28,36,307000,87,0,0,0,0,37,36,37,4700,37,7,260,500,0,0,0,0,0,0,0,0,0,0,0,0,0,0,0,27,57109800,135,1524,2791,3950,6741,0,0,496,727,1223,301,301,355,293,355,1223,496,0,27,46968400,0,0,648,0,0,0,0,0,0,0,0,0,0,0,0,0,0,0,0,0,0,0,0,0,0,0,0,0,0,0,0,0,0,0,0,0
yune,track-a-comparison,luna_pinyin,key_sequence_process_with_context,ceshiyixiachangjushuruxingnengzenyang,4,37,37,59727400,111,59577900,184,115,3800,249,1000,12300,28100,500,5000,249,0,5,1,3800,5,1,600,37,0,185,555,37,740,249,250,0,0,37,479500,28,36,309500,87,0,0,0,0,37,36,37,4900,37,7,260,700,0,0,0,0,0,0,0,0,0,0,0,0,0,0,0,27,57512200,135,1524,2791,3950,6741,0,0,496,727,1223,301,301,355,293,355,1223,496,0,27,47336500,0,0,648,0,0,0,0,0,0,0,0,0,0,0,0,0,0,0,0,0,0,0,0,0,0,0,0,0,0,0,0,0,0,0,0,0
yune,track-a-comparison,luna_pinyin,key_sequence_process_with_context,ceshiyixiachangjushuruxingnengzenyang,5,37,37,59792200,111,59646700,184,115,4100,249,1300,11500,27800,800,5800,249,0,5,1,3400,5,1,700,37,0,185,555,37,740,249,250,0,0,37,459900,28,36,331100,87,0,0,0,0,37,36,37,4600,37,7,260,400,0,0,0,0,0,0,0,0,0,0,0,0,0,0,0,27,57606600,135,1524,2791,3950,6741,0,0,496,727,1223,301,301,355,293,355,1223,496,0,27,47590900,0,0,648,0,0,0,0,0,0,0,0,0,0,0,0,0,0,0,0,0,0,0,0,0,0,0,0,0,0,0,0,0,0,0,0,0
yune,track-a-comparison,luna_pinyin,key_sequence_process_with_context,ceshiyixiachangjushuruxingnengzenyang,6,37,37,59567700,111,59426000,184,115,3900,249,1600,12000,27200,700,5000,249,0,5,1,3100,5,1,300,37,0,185,555,37,740,249,250,0,0,37,458700,28,36,308700,87,0,0,0,0,37,36,37,4600,37,7,260,400,0,0,0,0,0,0,0,0,0,0,0,0,0,0,0,27,57420300,135,1524,2791,3950,6741,0,0,496,727,1223,301,301,355,293,355,1223,496,0,27,47398300,0,0,648,0,0,0,0,0,0,0,0,0,0,0,0,0,0,0,0,0,0,0,0,0,0,0,0,0,0,0,0,0,0,0,0,0
yune,track-a-comparison,luna_pinyin,key_sequence_process_with_context,ceshiyixiachangjushuruxingnengzenyang,7,37,37,59745500,111,59604200,184,115,3500,249,500,11200,27000,1200,5300,249,0,5,1,2700,5,1,500,37,0,185,555,37,740,249,250,0,0,37,468900,28,36,339500,87,0,0,0,0,37,36,37,4400,37,7,260,500,0,0,0,0,0,0,0,0,0,0,0,0,0,0,0,27,57514600,135,1524,2791,3950,6741,0,0,496,727,1223,301,301,355,293,355,1223,496,0,27,47438700,0,0,648,0,0,0,0,0,0,0,0,0,0,0,0,0,0,0,0,0,0,0,0,0,0,0,0,0,0,0,0,0,0,0,0,0
yune,track-a-comparison,luna_pinyin,key_sequence_process_with_context,ceshiyixiachangjushuruxingnengzenyang,8,37,37,59767200,111,59629100,184,115,3900,249,1200,11200,27400,1000,4800,249,0,5,1,2800,5,1,200,37,0,185,555,37,740,249,250,0,0,37,488200,28,36,307000,87,0,0,0,0,37,36,37,4200,37,7,260,700,0,0,0,0,0,0,0,0,0,0,0,0,0,0,0,27,57581300,135,1524,2791,3950,6741,0,0,496,727,1223,301,301,355,293,355,1223,496,0,27,47469700,0,0,648,0,0,0,0,0,0,0,0,0,0,0,0,0,0,0,0,0,0,0,0,0,0,0,0,0,0,0,0,0,0,0,0,0
yune,track-a-comparison,luna_pinyin,key_sequence_process_with_context,ceshiyixiachangjushuruxingnengzenyang,9,37,37,59828700,111,59691600,184,115,3600,249,1100,11600,25900,600,5000,249,0,5,1,2800,5,1,200,37,0,185,555,37,740,249,250,0,0,37,473600,28,36,312500,87,0,0,0,0,37,36,37,3800,37,7,260,500,0,0,0,0,0,0,0,0,0,0,0,0,0,0,0,27,57651200,135,1524,2791,3950,6741,0,0,496,727,1223,301,301,355,293,355,1223,496,0,27,47525600,0,0,648,0,0,0,0,0,0,0,0,0,0,0,0,0,0,0,0,0,0,0,0,0,0,0,0,0,0,0,0,0,0,0,0,0
yune,track-a-comparison,luna_pinyin,key_sequence_process_with_context,ceshiyixiachangjushuruxingnengzenyang,10,37,37,59735800,111,59596600,184,115,4200,249,1100,11800,27300,800,5300,249,0,5,1,3100,5,1,200,37,0,185,555,37,740,249,250,0,0,37,481000,28,36,320900,87,0,0,0,0,37,36,37,3700,37,7,260,500,0,0,0,0,0,0,0,0,0,0,0,0,0,0,0,27,57536400,135,1524,2791,3950,6741,0,0,496,727,1223,301,301,355,293,355,1223,496,0,27,47421600,0,0,648,0,0,0,0,0,0,0,0,0,0,0,0,0,0,0,0,0,0,0,0,0,0,0,0,0,0,0,0,0,0,0,0,0
yune,track-a-comparison,luna_pinyin,key_sequence_process_with_context,ceshiyixiachangjushuruxingnengzenyang,11,37,37,60090800,111,59945900,184,115,3700,249,1200,12300,28500,500,5600,249,0,5,1,3300,5,1,400,37,0,185,555,37,740,249,250,0,0,37,479000,28,36,310800,87,0,0,0,0,37,36,37,4300,37,7,260,300,0,0,0,0,0,0,0,0,0,0,0,0,0,0,0,27,57900500,135,1524,2791,3950,6741,0,0,496,727,1223,301,301,355,293,355,1223,496,0,27,47722600,0,0,648,0,0,0,0,0,0,0,0,0,0,0,0,0,0,0,0,0,0,0,0,0,0,0,0,0,0,0,0,0,0,0,0,0
yune,track-a-comparison,luna_pinyin,key_sequence_process_with_context,ceshiyixiachangjushuruxingnengzenyang,12,37,37,62322700,111,62086500,184,115,4200,249,2300,17800,39000,900,6700,249,0,5,1,4000,5,1,500,37,0,185,555,37,740,249,250,0,0,37,466000,28,36,326100,87,0,0,0,0,37,36,37,5700,37,7,260,700,0,0,0,0,0,0,0,0,0,0,0,0,0,0,0,27,60018400,135,1524,2791,3950,6741,0,0,496,727,1223,301,301,355,293,355,1223,496,0,27,49498200,0,0,648,0,0,0,0,0,0,0,0,0,0,0,0,0,0,0,0,0,0,0,0,0,0,0,0,0,0,0,0,0,0,0,0,0
yune,track-a-comparison,luna_pinyin,key_sequence_process_with_context,ceshiyixiachangjushuruxingnengzenyang,13,37,37,65331000,111,65043600,184,115,4500,249,2300,21600,39700,1300,6800,249,0,5,1,3700,5,1,600,37,0,185,555,37,740,249,250,0,0,37,465600,28,36,344200,87,0,0,0,0,37,36,37,7400,37,7,260,600,0,0,0,0,0,0,0,0,0,0,0,0,0,0,0,27,62914700,135,1524,2791,3950,6741,0,0,496,727,1223,301,301,355,293,355,1223,496,0,27,51738500,0,0,648,0,0,0,0,0,0,0,0,0,0,0,0,0,0,0,0,0,0,0,0,0,0,0,0,0,0,0,0,0,0,0,0,0
yune,track-a-comparison,luna_pinyin,key_sequence_process_with_context,ceshiyixiachangjushuruxingnengzenyang,14,37,37,68836800,111,68471800,184,115,3500,249,4500,28300,54600,900,9000,249,0,5,1,4000,5,1,700,37,0,185,555,37,740,249,250,0,0,37,474600,28,36,354400,87,0,0,0,0,37,36,37,8900,37,7,260,500,0,0,0,0,0,0,0,0,0,0,0,0,0,0,0,27,66224900,135,1524,2791,3950,6741,0,0,496,727,1223,301,301,355,293,355,1223,496,0,27,54644800,0,0,648,0,0,0,0,0,0,0,0,0,0,0,0,0,0,0,0,0,0,0,0,0,0,0,0,0,0,0,0,0,0,0,0,0
yune,track-a-comparison,luna_pinyin,key_sequence_process_with_context,ceshiyixiachangjushuruxingnengzenyang,15,37,37,62861100,111,62573400,184,115,4400,249,2600,32300,43000,800,7500,249,0,5,1,4400,5,1,500,37,0,185,555,37,740,249,250,0,0,37,466300,28,36,340100,87,0,0,0,0,37,36,37,7300,37,7,260,500,0,0,0,0,0,0,0,0,0,0,0,0,0,0,0,27,60452500,135,1524,2791,3950,6741,0,0,496,727,1223,301,301,355,293,355,1223,496,0,27,49680000,0,0,648,0,0,0,0,0,0,0,0,0,0,0,0,0,0,0,0,0,0,0,0,0,0,0,0,0,0,0,0,0,0,0,0,0
yune,track-a-comparison,luna_pinyin,key_sequence_process_with_context,ceshiyixiachangjushuruxingnengzenyang,16,37,37,62414300,111,62213400,184,115,4800,249,1400,15900,35200,1000,5900,249,0,5,1,3600,5,1,700,37,0,185,555,37,740,249,250,0,0,37,457700,28,36,322300,87,0,0,0,0,37,36,37,6400,37,7,260,600,0,0,0,0,0,0,0,0,0,0,0,0,0,0,0,27,60183800,135,1524,2791,3950,6741,0,0,496,727,1223,301,301,355,293,355,1223,496,0,27,49573700,0,0,648,0,0,0,0,0,0,0,0,0,0,0,0,0,0,0,0,0,0,0,0,0,0,0,0,0,0,0,0,0,0,0,0,0
yune,track-a-comparison,luna_pinyin,key_sequence_process_with_context,ceshiyixiachangjushuruxingnengzenyang,17,37,37,61009200,111,60848600,184,115,3800,249,1800,12300,30700,1300,5200,249,0,5,1,3200,5,1,700,37,0,185,555,37,740,249,250,0,0,37,473000,28,36,329500,87,0,0,0,0,37,36,37,4100,37,7,260,600,0,0,0,0,0,0,0,0,0,0,0,0,0,0,0,27,58768800,135,1524,2791,3950,6741,0,0,496,727,1223,301,301,355,293,355,1223,496,0,27,48516800,0,0,648,0,0,0,0,0,0,0,0,0,0,0,0,0,0,0,0,0,0,0,0,0,0,0,0,0,0,0,0,0,0,0,0,0
yune,track-a-comparison,luna_pinyin,key_sequence_process_with_context,ceshiyixiachangjushuruxingnengzenyang,18,37,37,61513400,111,61334200,184,115,4300,249,1200,13200,32500,800,5600,249,0,5,1,3200,5,1,600,37,0,185,555,37,740,249,250,0,0,37,461600,28,36,316200,87,0,0,0,0,37,36,37,5200,37,7,260,400,0,0,0,0,0,0,0,0,0,0,0,0,0,0,0,27,59300400,135,1524,2791,3950,6741,0,0,496,727,1223,301,301,355,293,355,1223,496,0,27,48806700,0,0,648,0,0,0,0,0,0,0,0,0,0,0,0,0,0,0,0,0,0,0,0,0,0,0,0,0,0,0,0,0,0,0,0,0
yune,track-a-comparison,luna_pinyin,key_sequence_process_with_context,ceshiyixiachangjushuruxingnengzenyang,19,37,37,60940400,111,60786900,184,115,3800,249,1500,12500,29700,800,4900,249,0,5,1,3200,5,1,400,37,0,185,555,37,740,249,250,0,0,37,447200,28,36,314700,87,0,0,0,0,37,36,37,5200,37,7,260,600,0,0,0,0,0,0,0,0,0,0,0,0,0,0,0,27,58801900,135,1524,2791,3950,6741,0,0,496,727,1223,301,301,355,293,355,1223,496,0,27,48614600,0,0,648,0,0,0,0,0,0,0,0,0,0,0,0,0,0,0,0,0,0,0,0,0,0,0,0,0,0,0,0,0,0,0,0,0
yune,track-a-comparison,luna_pinyin,key_sequence_process_with_context,ceshiyixiachangjushuruxingnengzenyang,20,37,37,61352500,111,61192000,184,115,3900,249,1200,13200,30800,900,5300,249,0,5,1,3800,5,1,500,37,0,185,555,37,740,249,250,0,0,37,448200,28,36,313300,87,0,0,0,0,37,36,37,5400,37,7,260,800,0,0,0,0,0,0,0,0,0,0,0,0,0,0,0,27,59221000,135,1524,2791,3950,6741,0,0,496,727,1223,301,301,355,293,355,1223,496,0,27,48803800,0,0,648,0,0,0,0,0,0,0,0,0,0,0,0,0,0,0,0,0,0,0,0,0,0,0,0,0,0,0,0,0,0,0,0,0
yune,track-a-comparison,luna_pinyin,key_sequence_process_with_context,ceshiyixiachangjushuruxingnengzenyang,21,37,37,61433600,111,61263000,184,115,4100,249,1700,13700,32700,300,5500,249,0,5,1,3600,5,1,700,37,0,185,555,37,740,249,250,0,0,37,456600,28,36,333800,87,0,0,0,0,37,36,37,5300,37,7,260,600,0,0,0,0,0,0,0,0,0,0,0,0,0,0,0,27,59231900,135,1524,2791,3950,6741,0,0,496,727,1223,301,301,355,293,355,1223,496,0,27,48866400,0,0,648,0,0,0,0,0,0,0,0,0,0,0,0,0,0,0,0,0,0,0,0,0,0,0,0,0,0,0,0,0,0,0,0,0
yune,track-a-comparison,luna_pinyin,key_sequence_process_with_context,ceshiyixiachangjushuruxingnengzenyang,22,37,37,61638500,111,61436800,184,115,4200,249,1600,13900,59200,1000,6300,249,0,5,1,6900,5,1,500,37,0,185,555,37,740,249,250,0,0,37,473700,28,36,332000,87,0,0,0,0,37,36,37,5600,37,7,260,600,0,0,0,0,0,0,0,0,0,0,0,0,0,0,0,27,59340100,135,1524,2791,3950,6741,0,0,496,727,1223,301,301,355,293,355,1223,496,0,27,48988600,0,0,648,0,0,0,0,0,0,0,0,0,0,0,0,0,0,0,0,0,0,0,0,0,0,0,0,0,0,0,0,0,0,0,0,0
yune,track-a-comparison,luna_pinyin,key_sequence_process_with_context,ceshiyixiachangjushuruxingnengzenyang,23,37,37,60750300,111,60589600,184,115,4200,249,1400,13000,30800,800,5700,249,0,5,1,4300,5,1,400,37,0,185,555,37,740,249,250,0,0,37,475400,28,36,329700,87,0,0,0,0,37,36,37,6000,37,7,260,700,0,0,0,0,0,0,0,0,0,0,0,0,0,0,0,27,58495200,135,1524,2791,3950,6741,0,0,496,727,1223,301,301,355,293,355,1223,496,0,27,48144500,0,0,648,0,0,0,0,0,0,0,0,0,0,0,0,0,0,0,0,0,0,0,0,0,0,0,0,0,0,0,0,0,0,0,0,0
yune,track-a-comparison,luna_pinyin,key_sequence_process_with_context,ceshiyixiachangjushuruxingnengzenyang,24,37,37,61638800,111,61472700,184,115,4100,249,1600,13500,31600,600,5000,249,0,5,1,3600,5,1,400,37,0,185,555,37,740,249,250,0,0,37,469600,28,36,319400,87,0,0,0,0,37,36,37,5300,37,7,260,700,0,0,0,0,0,0,0,0,0,0,0,0,0,0,0,27,59419700,135,1524,2791,3950,6741,0,0,496,727,1223,301,301,355,293,355,1223,496,0,27,48666900,0,0,648,0,0,0,0,0,0,0,0,0,0,0,0,0,0,0,0,0,0,0,0,0,0,0,0,0,0,0,0,0,0,0,0,0
yune,track-a-comparison,luna_pinyin,key_sequence_process_with_context,ceshiyixiachangjushuruxingnengzenyang,25,37,37,60816100,111,60662100,184,115,3600,249,1300,12200,29300,900,5200,249,0,5,1,3200,5,1,300,37,0,185,555,37,740,249,250,0,0,37,476200,28,36,316300,87,0,0,0,0,37,36,37,4400,37,7,260,600,0,0,0,0,0,0,0,0,0,0,0,0,0,0,0,27,58582500,135,1524,2791,3950,6741,0,0,496,727,1223,301,301,355,293,355,1223,496,0,27,48242000,0,0,648,0,0,0,0,0,0,0,0,0,0,0,0,0,0,0,0,0,0,0,0,0,0,0,0,0,0,0,0,0,0,0,0,0
yune,track-a-comparison,luna_pinyin,key_sequence_process_with_context,ceshiyixiachangjushuruxingnengzenyang,26,37,37,60934500,111,60765700,184,115,3500,249,1800,13600,31900,900,4900,249,0,5,1,3700,5,1,500,37,0,185,555,37,740,249,250,0,0,37,468700,28,36,319600,87,0,0,0,0,37,36,37,5500,37,7,260,600,0,0,0,0,0,0,0,0,0,0,0,0,0,0,0,27,58705400,135,1524,2791,3950,6741,0,0,496,727,1223,301,301,355,293,355,1223,496,0,27,48360600,0,0,648,0,0,0,0,0,0,0,0,0,0,0,0,0,0,0,0,0,0,0,0,0,0,0,0,0,0,0,0,0,0,0,0,0
yune,track-a-comparison,luna_pinyin,key_sequence_process_with_context,ceshiyixiachangjushuruxingnengzenyang,27,37,37,60686800,111,60533200,184,115,3900,249,1200,12100,29800,800,5300,249,0,5,1,3600,5,1,400,37,0,185,555,37,740,249,250,0,0,37,474600,28,36,312800,87,0,0,0,0,37,36,37,4800,37,7,260,900,0,0,0,0,0,0,0,0,0,0,0,0,0,0,0,27,58462400,135,1524,2791,3950,6741,0,0,496,727,1223,301,301,355,293,355,1223,496,0,27,48268200,0,0,648,0,0,0,0,0,0,0,0,0,0,0,0,0,0,0,0,0,0,0,0,0,0,0,0,0,0,0,0,0,0,0,0,0
yune,track-a-comparison,luna_pinyin,key_sequence_process_with_context,ceshiyixiachangjushuruxingnengzenyang,28,37,37,62710300,111,62529400,184,115,3800,249,2100,14500,34100,1000,5400,249,0,5,1,3700,5,1,500,37,0,185,555,37,740,249,250,0,0,37,457500,28,36,316600,87,0,0,0,0,37,36,37,5200,37,7,260,700,0,0,0,0,0,0,0,0,0,0,0,0,0,0,0,27,60488400,135,1524,2791,3950,6741,0,0,496,727,1223,301,301,355,293,355,1223,496,0,27,49889200,0,0,648,0,0,0,0,0,0,0,0,0,0,0,0,0,0,0,0,0,0,0,0,0,0,0,0,0,0,0,0,0,0,0,0,0
yune,track-a-comparison,luna_pinyin,key_sequence_process_with_context,ceshiyixiachangjushuruxingnengzenyang,29,37,37,60632900,111,60481500,184,115,3500,249,700,12200,29800,800,4800,249,0,5,1,3000,5,1,400,37,0,185,555,37,740,249,250,0,0,37,452300,28,36,319300,87,0,0,0,0,37,36,37,5000,37,7,260,500,0,0,0,0,0,0,0,0,0,0,0,0,0,0,0,27,58484800,135,1524,2791,3950,6741,0,0,496,727,1223,301,301,355,293,355,1223,496,0,27,48276000,0,0,648,0,0,0,0,0,0,0,0,0,0,0,0,0,0,0,0,0,0,0,0,0,0,0,0,0,0,0,0,0,0,0,0,0
yune,track-a-comparison,luna_pinyin,key_sequence_process_with_context,ceshiyixiachangjushuruxingnengzenyang,30,37,37,61773100,111,61567700,184,115,3900,249,1600,17500,37400,1100,5500,249,0,5,1,3800,5,1,500,37,0,185,555,37,740,249,250,0,0,37,460600,28,36,317500,87,0,0,0,0,37,36,37,6100,37,7,260,400,0,0,0,0,0,0,0,0,0,0,0,0,0,0,0,27,59563100,135,1524,2791,3950,6741,0,0,496,727,1223,301,301,355,293,355,1223,496,0,27,49190100,0,0,648,0,0,0,0,0,0,0,0,0,0,0,0,0,0,0,0,0,0,0,0,0,0,0,0,0,0,0,0,0,0,0,0,0
yune,track-a-comparison,luna_pinyin,key_sequence_process_with_context,ceshiyixiachangjushuruxingnengzenyang,31,37,37,60591000,111,60424500,184,115,3900,249,1900,13700,30800,600,4700,249,0,5,1,3400,5,1,400,37,0,185,555,37,740,249,250,0,0,37,455300,28,36,321100,87,0,0,0,0,37,36,37,4400,37,7,260,900,0,0,0,0,0,0,0,0,0,0,0,0,0,0,0,27,58404700,135,1524,2791,3950,6741,0,0,496,727,1223,301,301,355,293,355,1223,496,0,27,48194600,0,0,648,0,0,0,0,0,0,0,0,0,0,0,0,0,0,0,0,0,0,0,0,0,0,0,0,0,0,0,0,0,0,0,0,0
yune,track-a-comparison,luna_pinyin,key_sequence_process_with_context,ceshiyixiachangjushuruxingnengzenyang,32,37,37,60638900,111,60484500,184,115,4300,249,1400,13500,29400,700,4700,249,0,5,1,3700,5,1,500,37,0,185,555,37,740,249,250,0,0,37,476700,28,36,311500,87,0,0,0,0,37,36,37,5000,37,7,260,700,0,0,0,0,0,0,0,0,0,0,0,0,0,0,0,27,58419500,135,1524,2791,3950,6741,0,0,496,727,1223,301,301,355,293,355,1223,496,0,27,48180200,0,0,648,0,0,0,0,0,0,0,0,0,0,0,0,0,0,0,0,0,0,0,0,0,0,0,0,0,0,0,0,0,0,0,0,0
yune,track-a-comparison,luna_pinyin,key_sequence_process_with_context,ceshiyixiachangjushuruxingnengzenyang,33,37,37,60844800,111,60689600,184,115,3100,249,1300,12900,30500,600,5200,249,0,5,1,3200,5,1,500,37,0,185,555,37,740,249,250,0,0,37,477300,28,36,314000,87,0,0,0,0,37,36,37,4300,37,7,260,600,0,0,0,0,0,0,0,0,0,0,0,0,0,0,0,27,58621400,135,1524,2791,3950,6741,0,0,496,727,1223,301,301,355,293,355,1223,496,0,27,48284300,0,0,648,0,0,0,0,0,0,0,0,0,0,0,0,0,0,0,0,0,0,0,0,0,0,0,0,0,0,0,0,0,0,0,0,0
yune,track-a-comparison,luna_pinyin,key_sequence_process_with_context,ceshiyixiachangjushuruxingnengzenyang,34,37,37,60553900,111,60400500,184,115,4500,249,1000,12700,29700,1000,5300,249,0,5,1,3400,5,1,700,37,0,185,555,37,740,249,250,0,0,37,474900,28,36,321400,87,0,0,0,0,37,36,37,4600,37,7,260,1000,0,0,0,0,0,0,0,0,0,0,0,0,0,0,0,27,58325700,135,1524,2791,3950,6741,0,0,496,727,1223,301,301,355,293,355,1223,496,0,27,48223000,0,0,648,0,0,0,0,0,0,0,0,0,0,0,0,0,0,0,0,0,0,0,0,0,0,0,0,0,0,0,0,0,0,0,0,0
yune,track-a-comparison,luna_pinyin,key_sequence_process_with_context,ceshiyixiachangjushuruxingnengzenyang,35,37,37,60749800,111,60596700,184,115,3500,249,1400,12500,30700,800,4900,249,0,5,1,5000,5,1,300,37,0,185,555,37,740,249,250,0,0,37,494500,28,36,312800,87,0,0,0,0,37,36,37,4700,37,7,260,1000,0,0,0,0,0,0,0,0,0,0,0,0,0,0,0,27,58496000,135,1524,2791,3950,6741,0,0,496,727,1223,301,301,355,293,355,1223,496,0,27,48196600,0,0,648,0,0,0,0,0,0,0,0,0,0,0,0,0,0,0,0,0,0,0,0,0,0,0,0,0,0,0,0,0,0,0,0,0
yune,track-a-comparison,luna_pinyin,key_sequence_process_with_context,ceshiyixiachangjushuruxingnengzenyang,36,37,37,60737900,111,60585500,184,115,3700,249,800,12200,30500,800,5100,249,0,5,1,3200,5,1,400,37,0,185,555,37,740,249,250,0,0,37,474400,28,36,313500,87,0,0,0,0,37,36,37,4600,37,7,260,800,0,0,0,0,0,0,0,0,0,0,0,0,0,0,0,27,58520500,135,1524,2791,3950,6741,0,0,496,727,1223,301,301,355,293,355,1223,496,0,27,48149200,0,0,648,0,0,0,0,0,0,0,0,0,0,0,0,0,0,0,0,0,0,0,0,0,0,0,0,0,0,0,0,0,0,0,0,0
yune,track-a-comparison,luna_pinyin,key_sequence_process_with_context,ceshiyixiachangjushuruxingnengzenyang,37,37,37,61105100,111,60944900,184,115,4000,249,900,13500,30300,1000,4900,249,0,5,1,3800,5,1,400,37,0,185,555,37,740,249,250,0,0,37,468100,28,36,311900,87,0,0,0,0,37,36,37,5100,37,7,260,500,0,0,0,0,0,0,0,0,0,0,0,0,0,0,0,27,58913300,135,1524,2791,3950,6741,0,0,496,727,1223,301,301,355,293,355,1223,496,0,27,48579300,0,0,648,0,0,0,0,0,0,0,0,0,0,0,0,0,0,0,0,0,0,0,0,0,0,0,0,0,0,0,0,0,0,0,0,0
yune,track-a-comparison,luna_pinyin,key_sequence_process_with_context,ceshiyixiachangjushuruxingnengzenyang,38,37,37,60667400,111,60513700,184,115,3300,249,1400,12500,30000,400,4600,249,0,5,1,3100,5,1,300,37,0,185,555,37,740,249,250,0,0,37,444000,28,36,313000,87,0,0,0,0,37,36,37,5000,37,7,260,600,0,0,0,0,0,0,0,0,0,0,0,0,0,0,0,27,58546600,135,1524,2791,3950,6741,0,0,496,727,1223,301,301,355,293,355,1223,496,0,27,48505300,0,0,648,0,0,0,0,0,0,0,0,0,0,0,0,0,0,0,0,0,0,0,0,0,0,0,0,0,0,0,0,0,0,0,0,0
yune,track-a-comparison,luna_pinyin,key_sequence_process_with_context,ceshiyixiachangjushuruxingnengzenyang,39,37,37,68344700,111,67998700,184,115,3600,249,3800,28400,55000,1300,9300,249,0,5,1,12400,5,1,1600,37,0,185,555,37,740,249,250,0,0,37,477300,28,36,350600,87,0,0,0,0,37,36,37,7200,37,7,260,1000,0,0,0,0,0,0,0,0,0,0,0,0,0,0,0,27,65843900,135,1524,2791,3950,6741,0,0,496,727,1223,301,301,355,293,355,1223,496,0,27,54764200,0,0,648,0,0,0,0,0,0,0,0,0,0,0,0,0,0,0,0,0,0,0,0,0,0,0,0,0,0,0,0,0,0,0,0,0
yune,track-a-comparison,luna_pinyin,key_sequence_process_with_context,ceshiyixiachangjushuruxingnengzenyang,40,37,37,63624400,111,63359600,184,115,3800,249,2300,17800,39900,1100,6300,249,0,5,1,4000,5,1,500,37,0,185,555,37,740,249,250,0,0,37,464100,28,36,387300,87,0,0,0,0,37,36,37,12300,37,7,260,600,0,0,0,0,0,0,0,0,0,0,0,0,0,0,0,27,61152300,135,1524,2791,3950,6741,0,0,496,727,1223,301,301,355,293,355,1223,496,0,27,50163200,0,0,648,0,0,0,0,0,0,0,0,0,0,0,0,0,0,0,0,0,0,0,0,0,0,0,0,0,0,0,0,0,0,0,0,0
yune,track-a-comparison,luna_pinyin,key_sequence_process_with_context,ceshiyixiachangjushuruxingnengzenyang,41,37,37,60695400,111,60538300,184,115,3700,249,1200,12500,29200,600,5800,249,0,5,1,3600,5,1,500,37,0,185,555,37,740,249,250,0,0,37,455700,28,36,314500,87,0,0,0,0,37,36,37,4900,37,7,260,900,0,0,0,0,0,0,0,0,0,0,0,0,0,0,0,27,58529100,135,1524,2791,3950,6741,0,0,496,727,1223,301,301,355,293,355,1223,496,0,27,48393200,0,0,648,0,0,0,0,0,0,0,0,0,0,0,0,0,0,0,0,0,0,0,0,0,0,0,0,0,0,0,0,0,0,0,0,0
yune,track-a-comparison,luna_pinyin,key_sequence_process_with_context,ceshiyixiachangjushuruxingnengzenyang,42,37,37,60779000,111,60621100,184,115,3300,249,1000,12800,30400,900,5200,249,0,5,1,3900,5,1,700,37,0,185,555,37,740,249,250,0,0,37,459600,28,36,314100,87,0,0,0,0,37,36,37,4800,37,7,260,400,0,0,0,0,0,0,0,0,0,0,0,0,0,0,0,27,58570700,135,1524,2791,3950,6741,0,0,496,727,1223,301,301,355,293,355,1223,496,0,27,48403800,0,0,648,0,0,0,0,0,0,0,0,0,0,0,0,0,0,0,0,0,0,0,0,0,0,0,0,0,0,0,0,0,0,0,0,0
yune,track-a-comparison,luna_pinyin,key_sequence_process_with_context,ceshiyixiachangjushuruxingnengzenyang,43,37,37,60824900,111,60660500,184,115,3900,249,1100,13200,31300,500,5100,249,0,5,1,3200,5,1,500,37,0,185,555,37,740,249,250,0,0,37,482100,28,36,317300,87,0,0,0,0,37,36,37,5200,37,7,260,700,0,0,0,0,0,0,0,0,0,0,0,0,0,0,0,27,58592600,135,1524,2791,3950,6741,0,0,496,727,1223,301,301,355,293,355,1223,496,0,27,48441700,0,0,648,0,0,0,0,0,0,0,0,0,0,0,0,0,0,0,0,0,0,0,0,0,0,0,0,0,0,0,0,0,0,0,0,0
yune,track-a-comparison,luna_pinyin,key_sequence_process_with_context,ceshiyixiachangjushuruxingnengzenyang,44,37,37,60972300,111,60772600,184,115,3600,249,1900,28100,31600,500,4700,249,0,5,1,3300,5,1,500,37,0,185,555,37,740,249,250,0,0,37,479900,28,36,316100,87,0,0,0,0,37,36,37,4900,37,7,260,700,0,0,0,0,0,0,0,0,0,0,0,0,0,0,0,27,58701000,135,1524,2791,3950,6741,0,0,496,727,1223,301,301,355,293,355,1223,496,0,27,48278700,0,0,648,0,0,0,0,0,0,0,0,0,0,0,0,0,0,0,0,0,0,0,0,0,0,0,0,0,0,0,0,0,0,0,0,0
yune,track-a-comparison,luna_pinyin,key_sequence_process_with_context,ceshiyixiachangjushuruxingnengzenyang,45,37,37,60646900,111,60495900,184,115,3800,249,800,12600,29500,1000,5100,249,0,5,1,2900,5,1,400,37,0,185,555,37,740,249,250,0,0,37,488400,28,36,321500,87,0,0,0,0,37,36,37,5500,37,7,260,700,0,0,0,0,0,0,0,0,0,0,0,0,0,0,0,27,58409600,135,1524,2791,3950,6741,0,0,496,727,1223,301,301,355,293,355,1223,496,0,27,48320300,0,0,648,0,0,0,0,0,0,0,0,0,0,0,0,0,0,0,0,0,0,0,0,0,0,0,0,0,0,0,0,0,0,0,0,0
yune,track-a-comparison,luna_pinyin,key_sequence_process_with_context,ceshiyixiachangjushuruxingnengzenyang,46,37,37,61211000,111,61022900,184,115,4600,249,1600,14100,33000,500,5500,249,0,5,1,3700,5,1,500,37,0,185,555,37,740,249,250,0,0,37,477300,28,36,313600,87,0,0,0,0,37,36,37,5000,37,7,260,600,0,0,0,0,0,0,0,0,0,0,0,0,0,0,0,27,58947500,135,1524,2791,3950,6741,0,0,496,727,1223,301,301,355,293,355,1223,496,0,27,48817700,0,0,648,0,0,0,0,0,0,0,0,0,0,0,0,0,0,0,0,0,0,0,0,0,0,0,0,0,0,0,0,0,0,0,0,0
yune,track-a-comparison,luna_pinyin,key_sequence_process_with_context,ceshiyixiachangjushuruxingnengzenyang,47,37,37,60887400,111,60709000,184,115,3900,249,2000,16300,31500,900,5600,249,0,5,1,3100,5,1,400,37,0,185,555,37,740,249,250,0,0,37,476800,28,36,321600,87,0,0,0,0,37,36,37,4900,37,7,260,600,0,0,0,0,0,0,0,0,0,0,0,0,0,0,0,27,58638100,135,1524,2791,3950,6741,0,0,496,727,1223,301,301,355,293,355,1223,496,0,27,48536400,0,0,648,0,0,0,0,0,0,0,0,0,0,0,0,0,0,0,0,0,0,0,0,0,0,0,0,0,0,0,0,0,0,0,0,0
yune,track-a-comparison,luna_pinyin,key_sequence_process_with_context,ceshiyixiachangjushuruxingnengzenyang,48,37,37,60920100,111,60766100,184,115,3900,249,1400,13500,30000,900,4700,249,0,5,1,3500,5,1,500,37,0,185,555,37,740,249,250,0,0,37,465800,28,36,320700,87,0,0,0,0,37,36,37,5400,37,7,260,800,0,0,0,0,0,0,0,0,0,0,0,0,0,0,0,27,58725000,135,1524,2791,3950,6741,0,0,496,727,1223,301,301,355,293,355,1223,496,0,27,48666200,0,0,648,0,0,0,0,0,0,0,0,0,0,0,0,0,0,0,0,0,0,0,0,0,0,0,0,0,0,0,0,0,0,0,0,0
yune,track-a-comparison,luna_pinyin,key_sequence_process_with_context,ceshiyixiachangjushuruxingnengzenyang,49,37,37,60472000,111,60321100,184,115,3300,249,1300,13500,29100,600,5300,249,0,5,1,3500,5,1,400,37,0,185,555,37,740,249,250,0,0,37,443600,28,36,320500,87,0,0,0,0,37,36,37,4400,37,7,260,500,0,0,0,0,0,0,0,0,0,0,0,0,0,0,0,27,58341900,135,1524,2791,3950,6741,0,0,496,727,1223,301,301,355,293,355,1223,496,0,27,48173600,0,0,648,0,0,0,0,0,0,0,0,0,0,0,0,0,0,0,0,0,0,0,0,0,0,0,0,0,0,0,0,0,0,0,0,0
yune,track-a-comparison,luna_pinyin,key_sequence_process_with_context,ceshiyixiachangjushuruxingnengzenyang,50,37,37,60327700,111,60180600,184,115,4000,249,1000,13300,29900,200,4700,249,0,5,1,3000,5,1,300,37,0,185,555,37,740,249,250,0,0,37,443000,28,36,311100,87,0,0,0,0,37,36,37,4000,37,7,260,500,0,0,0,0,0,0,0,0,0,0,0,0,0,0,0,27,58191300,135,1524,2791,3950,6741,0,0,496,727,1223,301,301,355,293,355,1223,496,0,27,47980200,0,0,648,0,0,0,0,0,0,0,0,0,0,0,0,0,0,0,0,0,0,0,0,0,0,0,0,0,0,0,0,0,0,0,0,0
yune,track-a-comparison,luna_pinyin,key_sequence_process_with_context,ceshiyixiachangjushuruxingnengzenyang,51,37,37,61387800,111,61226000,184,115,3400,249,700,14600,31600,800,4600,249,0,5,1,3400,5,1,500,37,0,185,555,37,740,249,250,0,0,37,455600,28,36,302000,87,0,0,0,0,37,36,37,4300,37,7,260,400,0,0,0,0,0,0,0,0,0,0,0,0,0,0,0,27,59248500,135,1524,2791,3950,6741,0,0,496,727,1223,301,301,355,293,355,1223,496,0,27,48865100,0,0,648,0,0,0,0,0,0,0,0,0,0,0,0,0,0,0,0,0,0,0,0,0,0,0,0,0,0,0,0,0,0,0,0,0
yune,track-a-comparison,luna_pinyin,key_sequence_process_with_context,ceshiyixiachangjushuruxingnengzenyang,52,37,37,60203700,111,60051900,184,115,4100,249,1200,12600,30800,600,4600,249,0,5,1,3100,5,1,600,37,0,185,555,37,740,249,250,0,0,37,447400,28,36,307900,87,0,0,0,0,37,36,37,4000,37,7,260,700,0,0,0,0,0,0,0,0,0,0,0,0,0,0,0,27,58076900,135,1524,2791,3950,6741,0,0,496,727,1223,301,301,355,293,355,1223,496,0,27,47909900,0,0,648,0,0,0,0,0,0,0,0,0,0,0,0,0,0,0,0,0,0,0,0,0,0,0,0,0,0,0,0,0,0,0,0,0
yune,track-a-comparison,luna_pinyin,key_sequence_process_with_context,ceshiyixiachangjushuruxingnengzenyang,53,37,37,60810800,111,60653000,184,115,3900,249,1400,14700,30100,900,4600,249,0,5,1,3300,5,1,500,37,0,185,555,37,740,249,250,0,0,37,471700,28,36,306400,87,0,0,0,0,37,36,37,4000,37,7,260,500,0,0,0,0,0,0,0,0,0,0,0,0,0,0,0,27,58608400,135,1524,2791,3950,6741,0,0,496,727,1223,301,301,355,293,355,1223,496,0,27,48049800,0,0,648,0,0,0,0,0,0,0,0,0,0,0,0,0,0,0,0,0,0,0,0,0,0,0,0,0,0,0,0,0,0,0,0,0
yune,track-a-comparison,luna_pinyin,key_sequence_process_with_context,ceshiyixiachangjushuruxingnengzenyang,54,37,37,60807600,111,60658000,184,115,3800,249,1400,12600,29200,800,4900,249,0,5,1,3100,5,1,400,37,0,185,555,37,740,249,250,0,0,37,476900,28,36,310000,87,0,0,0,0,37,36,37,4300,37,7,260,500,0,0,0,0,0,0,0,0,0,0,0,0,0,0,0,27,58620500,135,1524,2791,3950,6741,0,0,496,727,1223,301,301,355,293,355,1223,496,0,27,48570400,0,0,648,0,0,0,0,0,0,0,0,0,0,0,0,0,0,0,0,0,0,0,0,0,0,0,0,0,0,0,0,0,0,0,0,0
yune,track-a-comparison,luna_pinyin,key_sequence_process_with_context,ceshiyixiachangjushuruxingnengzenyang,55,37,37,60353100,111,60201800,184,115,3600,249,800,12500,29500,1300,4900,249,0,5,1,4000,5,1,400,37,0,185,555,37,740,249,250,0,0,37,461400,28,36,315100,87,0,0,0,0,37,36,37,5100,37,7,260,1000,0,0,0,0,0,0,0,0,0,0,0,0,0,0,0,27,58184900,135,1524,2791,3950,6741,0,0,496,727,1223,301,301,355,293,355,1223,496,0,27,48072900,0,0,648,0,0,0,0,0,0,0,0,0,0,0,0,0,0,0,0,0,0,0,0,0,0,0,0,0,0,0,0,0,0,0,0,0
yune,track-a-comparison,luna_pinyin,key_sequence_process_with_context,ceshiyixiachangjushuruxingnengzenyang,56,37,37,60641300,111,60493000,184,115,4000,249,1400,12400,29800,1000,5200,249,0,5,1,3600,5,1,300,37,0,185,555,37,740,249,250,0,0,37,485000,28,36,339200,87,0,0,0,0,37,36,37,5100,37,7,260,400,0,0,0,0,0,0,0,0,0,0,0,0,0,0,0,27,58376600,135,1524,2791,3950,6741,0,0,496,727,1223,301,301,355,293,355,1223,496,0,27,48171600,0,0,648,0,0,0,0,0,0,0,0,0,0,0,0,0,0,0,0,0,0,0,0,0,0,0,0,0,0,0,0,0,0,0,0,0
yune,track-a-comparison,luna_pinyin,key_sequence_process_with_context,ceshiyixiachangjushuruxingnengzenyang,57,37,37,60461100,111,60304300,184,115,4400,249,1100,13800,30100,1200,4700,249,0,5,1,3100,5,1,500,37,0,185,555,37,740,249,250,0,0,37,472900,28,36,307500,87,0,0,0,0,37,36,37,4600,37,7,260,500,0,0,0,0,0,0,0,0,0,0,0,0,0,0,0,27,58198600,135,1524,2791,3950,6741,0,0,496,727,1223,301,301,355,293,355,1223,496,0,27,48019400,0,0,648,0,0,0,0,0,0,0,0,0,0,0,0,0,0,0,0,0,0,0,0,0,0,0,0,0,0,0,0,0,0,0,0,0
yune,track-a-comparison,luna_pinyin,key_sequence_process_with_context,ceshiyixiachangjushuruxingnengzenyang,58,37,37,60165900,111,60019300,184,115,3700,249,1000,12400,29300,700,4700,249,0,5,1,3100,5,1,300,37,0,185,555,37,740,249,250,0,0,37,445000,28,36,303500,87,0,0,0,0,37,36,37,4300,37,7,260,500,0,0,0,0,0,0,0,0,0,0,0,0,0,0,0,27,58060900,135,1524,2791,3950,6741,0,0,496,727,1223,301,301,355,293,355,1223,496,0,27,47825200,0,0,648,0,0,0,0,0,0,0,0,0,0,0,0,0,0,0,0,0,0,0,0,0,0,0,0,0,0,0,0,0,0,0,0,0
yune,track-a-comparison,luna_pinyin,key_sequence_process_with_context,ceshiyixiachangjushuruxingnengzenyang,59,37,37,60638700,111,60471500,184,115,3900,249,1400,14300,32400,500,5100,249,0,5,1,3100,5,1,600,37,0,185,555,37,740,249,250,0,0,37,467300,28,36,309700,87,0,0,0,0,37,36,37,4100,37,7,260,500,0,0,0,0,0,0,0,0,0,0,0,0,0,0,0,27,58417300,135,1524,2791,3950,6741,0,0,496,727,1223,301,301,355,293,355,1223,496,0,27,48209300,0,0,648,0,0,0,0,0,0,0,0,0,0,0,0,0,0,0,0,0,0,0,0,0,0,0,0,0,0,0,0,0,0,0,0,0
yune,track-a-comparison,luna_pinyin,key_sequence_process_with_context,ceshiyixiachangjushuruxingnengzenyang,60,37,37,60874500,111,60720900,184,115,3700,249,1500,13000,30600,1000,4900,249,0,5,1,3700,5,1,400,37,0,185,555,37,740,249,250,0,0,37,463300,28,36,305900,87,0,0,0,0,37,36,37,4300,37,7,260,600,0,0,0,0,0,0,0,0,0,0,0,0,0,0,0,27,58713500,135,1524,2791,3950,6741,0,0,496,727,1223,301,301,355,293,355,1223,496,0,27,48687800,0,0,648,0,0,0,0,0,0,0,0,0,0,0,0,0,0,0,0,0,0,0,0,0,0,0,0,0,0,0,0,0,0,0,0,0
yune,track-a-comparison,luna_pinyin,key_sequence_process_with_context,ceshiyixiachangjushuruxingnengzenyang,61,37,37,60763200,111,60594600,184,115,3800,249,900,13800,31500,800,5700,249,0,5,1,3700,5,1,500,37,0,185,555,37,740,249,250,0,0,37,484000,28,36,319400,87,0,0,0,0,37,36,37,4200,37,7,260,800,0,0,0,0,0,0,0,0,0,0,0,0,0,0,0,27,58439400,135,1524,2791,3950,6741,0,0,496,727,1223,301,301,355,293,355,1223,496,0,27,48313700,0,0,648,0,0,0,0,0,0,0,0,0,0,0,0,0,0,0,0,0,0,0,0,0,0,0,0,0,0,0,0,0,0,0,0,0
yune,track-a-comparison,luna_pinyin,key_sequence_process_with_context,ceshiyixiachangjushuruxingnengzenyang,62,37,37,60071500,111,59926000,184,115,3700,249,1600,12200,29200,600,4900,249,0,5,1,2700,5,1,300,37,0,185,555,37,740,249,250,0,0,37,473400,28,36,314200,87,0,0,0,0,37,36,37,5000,37,7,260,400,0,0,0,0,0,0,0,0,0,0,0,0,0,0,0,27,57845000,135,1524,2791,3950,6741,0,0,496,727,1223,301,301,355,293,355,1223,496,0,27,47718800,0,0,648,0,0,0,0,0,0,0,0,0,0,0,0,0,0,0,0,0,0,0,0,0,0,0,0,0,0,0,0,0,0,0,0,0
yune,track-a-comparison,luna_pinyin,key_sequence_process_with_context,ceshiyixiachangjushuruxingnengzenyang,63,37,37,60875500,111,60680000,184,115,3400,249,2300,17000,34100,500,5300,249,0,5,1,3700,5,1,600,37,0,185,555,37,740,249,250,0,0,37,475800,28,36,317000,87,0,0,0,0,37,36,37,4500,37,7,260,500,0,0,0,0,0,0,0,0,0,0,0,0,0,0,0,27,58580600,135,1524,2791,3950,6741,0,0,496,727,1223,301,301,355,293,355,1223,496,0,27,48390500,0,0,648,0,0,0,0,0,0,0,0,0,0,0,0,0,0,0,0,0,0,0,0,0,0,0,0,0,0,0,0,0,0,0,0,0
yune,track-a-comparison,luna_pinyin,key_sequence_process_with_context,ceshiyixiachangjushuruxingnengzenyang,64,37,37,60035600,111,59886100,184,115,3500,249,1000,12700,29700,800,4800,249,0,5,1,3200,5,1,400,37,0,185,555,37,740,249,250,0,0,37,473600,28,36,307000,87,0,0,0,0,37,36,37,4200,37,7,260,600,0,0,0,0,0,0,0,0,0,0,0,0,0,0,0,27,57819100,135,1524,2791,3950,6741,0,0,496,727,1223,301,301,355,293,355,1223,496,0,27,47715500,0,0,648,0,0,0,0,0,0,0,0,0,0,0,0,0,0,0,0,0,0,0,0,0,0,0,0,0,0,0,0,0,0,0,0,0
yune,track-a-comparison,luna_pinyin,key_sequence_process_with_context,ceshiyixiachangjushuruxingnengzenyang,65,37,37,60306300,111,60145600,184,115,3900,249,700,13400,29500,700,4600,249,0,5,1,3700,5,1,200,37,0,185,555,37,740,249,250,0,0,37,482800,28,36,306200,87,0,0,0,0,37,36,37,4100,37,7,260,1000,0,0,0,0,0,0,0,0,0,0,0,0,0,0,0,27,58077400,135,1524,2791,3950,6741,0,0,496,727,1223,301,301,355,293,355,1223,496,0,27,47961100,0,0,648,0,0,0,0,0,0,0,0,0,0,0,0,0,0,0,0,0,0,0,0,0,0,0,0,0,0,0,0,0,0,0,0,0
yune,track-a-comparison,luna_pinyin,key_sequence_process_with_context,ceshiyixiachangjushuruxingnengzenyang,66,37,37,60192200,111,60028500,184,115,4200,249,1600,13500,30100,800,4900,249,0,5,1,11200,5,1,400,37,0,185,555,37,740,249,250,0,0,37,467400,28,36,324000,87,0,0,0,0,37,36,37,4900,37,7,260,400,0,0,0,0,0,0,0,0,0,0,0,0,0,0,0,27,57992900,135,1524,2791,3950,6741,0,0,496,727,1223,301,301,355,293,355,1223,496,0,27,47919300,0,0,648,0,0,0,0,0,0,0,0,0,0,0,0,0,0,0,0,0,0,0,0,0,0,0,0,0,0,0,0,0,0,0,0,0
yune,track-a-comparison,luna_pinyin,key_sequence_process_with_context,ceshiyixiachangjushuruxingnengzenyang,67,37,37,61079700,111,60914800,184,115,3600,249,1700,13400,32100,900,4700,249,0,5,1,3600,5,1,400,37,0,185,555,37,740,249,250,0,0,37,464600,28,36,309900,87,0,0,0,0,37,36,37,4700,37,7,260,600,0,0,0,0,0,0,0,0,0,0,0,0,0,0,0,27,58885400,135,1524,2791,3950,6741,0,0,496,727,1223,301,301,355,293,355,1223,496,0,27,48589600,0,0,648,0,0,0,0,0,0,0,0,0,0,0,0,0,0,0,0,0,0,0,0,0,0,0,0,0,0,0,0,0,0,0,0,0
yune,track-a-comparison,luna_pinyin,key_sequence_process_with_context,ceshiyixiachangjushuruxingnengzenyang,68,37,37,60550500,111,60402900,184,115,3600,249,900,12100,29600,1100,5600,249,0,5,1,3200,5,1,200,37,0,185,555,37,740,249,250,0,0,37,472500,28,36,325800,87,0,0,0,0,37,36,37,4600,37,7,260,700,0,0,0,0,0,0,0,0,0,0,0,0,0,0,0,27,58308800,135,1524,2791,3950,6741,0,0,496,727,1223,301,301,355,293,355,1223,496,0,27,48138300,0,0,648,0,0,0,0,0,0,0,0,0,0,0,0,0,0,0,0,0,0,0,0,0,0,0,0,0,0,0,0,0,0,0,0,0
yune,track-a-comparison,luna_pinyin,key_sequence_process_with_context,ceshiyixiachangjushuruxingnengzenyang,69,37,37,60234100,111,60080400,184,115,3900,249,1000,17600,28500,1000,5300,249,0,5,1,3000,5,1,300,37,0,185,555,37,740,249,250,0,0,37,471600,28,36,310400,87,0,0,0,0,37,36,37,4500,37,7,260,500,0,0,0,0,0,0,0,0,0,0,0,0,0,0,0,27,58008400,135,1524,2791,3950,6741,0,0,496,727,1223,301,301,355,293,355,1223,496,0,27,47860900,0,0,648,0,0,0,0,0,0,0,0,0,0,0,0,0,0,0,0,0,0,0,0,0,0,0,0,0,0,0,0,0,0,0,0,0
yune,track-a-comparison,luna_pinyin,key_sequence_process_with_context,ceshiyixiachangjushuruxingnengzenyang,70,37,37,60315000,111,60154500,184,115,4000,249,1000,12500,30800,800,5500,249,0,5,1,3800,5,1,400,37,0,185,555,37,740,249,250,0,0,37,470700,28,36,327300,87,0,0,0,0,37,36,37,4100,37,7,260,600,0,0,0,0,0,0,0,0,0,0,0,0,0,0,0,27,58141000,135,1524,2791,3950,6741,0,0,496,727,1223,301,301,355,293,355,1223,496,0,27,47995900,0,0,648,0,0,0,0,0,0,0,0,0,0,0,0,0,0,0,0,0,0,0,0,0,0,0,0,0,0,0,0,0,0,0,0,0
yune,track-a-comparison,luna_pinyin,key_sequence_process_with_context,ceshiyixiachangjushuruxingnengzenyang,71,37,37,62218600,111,62004900,184,115,3900,249,2000,16500,39200,1000,5600,249,0,5,1,4900,5,1,700,37,0,185,555,37,740,249,250,0,0,37,461400,28,36,317100,87,0,0,0,0,37,36,37,5500,37,7,260,700,0,0,0,0,0,0,0,0,0,0,0,0,0,0,0,27,59926400,135,1524,2791,3950,6741,0,0,496,727,1223,301,301,355,293,355,1223,496,0,27,49270800,0,0,648,0,0,0,0,0,0,0,0,0,0,0,0,0,0,0,0,0,0,0,0,0,0,0,0,0,0,0,0,0,0,0,0,0
yune,track-a-comparison,luna_pinyin,key_sequence_process_with_context,ceshiyixiachangjushuruxingnengzenyang,72,37,37,64762600,111,64436100,184,115,3800,249,2100,21900,47900,1200,6400,249,0,5,1,3700,5,1,600,37,0,185,555,37,740,249,250,0,0,37,466800,28,36,350100,87,0,0,0,0,37,36,37,7700,37,7,260,600,0,0,0,0,0,0,0,0,0,0,0,0,0,0,0,27,62266900,135,1524,2791,3950,6741,0,0,496,727,1223,301,301,355,293,355,1223,496,0,27,51631100,0,0,648,0,0,0,0,0,0,0,0,0,0,0,0,0,0,0,0,0,0,0,0,0,0,0,0,0,0,0,0,0,0,0,0,0
yune,track-a-comparison,luna_pinyin,key_sequence_process_with_context,ceshiyixiachangjushuruxingnengzenyang,73,37,37,60622300,111,60459100,184,115,4100,249,900,13800,31300,1000,5000,249,0,5,1,3600,5,1,300,37,0,185,555,37,740,249,250,0,0,37,467600,28,36,312800,87,0,0,0,0,37,36,37,5100,37,7,260,700,0,0,0,0,0,0,0,0,0,0,0,0,0,0,0,27,58434400,135,1524,2791,3950,6741,0,0,496,727,1223,301,301,355,293,355,1223,496,0,27,48154500,0,0,648,0,0,0,0,0,0,0,0,0,0,0,0,0,0,0,0,0,0,0,0,0,0,0,0,0,0,0,0,0,0,0,0,0
yune,track-a-comparison,luna_pinyin,key_sequence_process_with_context,ceshiyixiachangjushuruxingnengzenyang,74,37,37,60756400,111,60604200,184,115,2800,249,1200,12900,31000,1000,4800,249,0,5,1,2500,5,1,300,37,0,185,555,37,740,249,250,0,0,37,475100,28,36,311200,87,0,0,0,0,37,36,37,4300,37,7,260,700,0,0,0,0,0,0,0,0,0,0,0,0,0,0,0,27,58536700,135,1524,2791,3950,6741,0,0,496,727,1223,301,301,355,293,355,1223,496,0,27,47635100,0,0,648,0,0,0,0,0,0,0,0,0,0,0,0,0,0,0,0,0,0,0,0,0,0,0,0,0,0,0,0,0,0,0,0,0
yune,track-a-comparison,luna_pinyin,key_sequence_process_with_context,ceshiyixiachangjushuruxingnengzenyang,75,37,37,60298700,111,60136000,184,115,4100,249,900,13200,30800,900,5100,249,0,5,1,3200,5,1,500,37,0,185,555,37,740,249,250,0,0,37,473700,28,36,306400,87,0,0,0,0,37,36,37,3700,37,7,260,500,0,0,0,0,0,0,0,0,0,0,0,0,0,0,0,27,58094000,135,1524,2791,3950,6741,0,0,496,727,1223,301,301,355,293,355,1223,496,0,27,47884400,0,0,648,0,0,0,0,0,0,0,0,0,0,0,0,0,0,0,0,0,0,0,0,0,0,0,0,0,0,0,0,0,0,0,0,0
yune,track-a-comparison,luna_pinyin,key_sequence_process_with_context,ceshiyixiachangjushuruxingnengzenyang,76,37,37,60498000,111,60343100,184,115,3600,249,1300,12200,30400,1100,5100,249,0,5,1,3500,5,1,500,37,0,185,555,37,740,249,250,0,0,37,475000,28,36,305200,87,0,0,0,0,37,36,37,4100,37,7,260,700,0,0,0,0,0,0,0,0,0,0,0,0,0,0,0,27,58304900,135,1524,2791,3950,6741,0,0,496,727,1223,301,301,355,293,355,1223,496,0,27,48058400,0,0,648,0,0,0,0,0,0,0,0,0,0,0,0,0,0,0,0,0,0,0,0,0,0,0,0,0,0,0,0,0,0,0,0,0
yune,track-a-comparison,luna_pinyin,key_sequence_process_with_context,ceshiyixiachangjushuruxingnengzenyang,77,37,37,60671500,111,60520700,184,115,4800,249,1000,12400,30300,800,5100,249,0,5,1,2600,5,1,300,37,0,185,555,37,740,249,250,0,0,37,473900,28,36,313100,87,0,0,0,0,37,36,37,4500,37,7,260,600,0,0,0,0,0,0,0,0,0,0,0,0,0,0,0,27,58446400,135,1524,2791,3950,6741,0,0,496,727,1223,301,301,355,293,355,1223,496,0,27,48209000,0,0,648,0,0,0,0,0,0,0,0,0,0,0,0,0,0,0,0,0,0,0,0,0,0,0,0,0,0,0,0,0,0,0,0,0
yune,track-a-comparison,luna_pinyin,key_sequence_process_with_context,ceshiyixiachangjushuruxingnengzenyang,78,37,37,60452600,111,60306000,184,115,4200,249,1400,12400,29900,900,4700,249,0,5,1,3600,5,1,400,37,0,185,555,37,740,249,250,0,0,37,479600,28,36,306800,87,0,0,0,0,37,36,37,4000,37,7,260,700,0,0,0,0,0,0,0,0,0,0,0,0,0,0,0,27,58246700,135,1524,2791,3950,6741,0,0,496,727,1223,301,301,355,293,355,1223,496,0,27,48021000,0,0,648,0,0,0,0,0,0,0,0,0,0,0,0,0,0,0,0,0,0,0,0,0,0,0,0,0,0,0,0,0,0,0,0,0
yune,track-a-comparison,luna_pinyin,key_sequence_process_with_context,ceshiyixiachangjushuruxingnengzenyang,79,37,37,60566600,111,60406300,184,115,4000,249,2100,14100,33100,900,5000,249,0,5,1,3700,5,1,400,37,0,185,555,37,740,249,250,0,0,37,480700,28,36,314000,87,0,0,0,0,37,36,37,5000,37,7,260,400,0,0,0,0,0,0,0,0,0,0,0,0,0,0,0,27,58348400,135,1524,2791,3950,6741,0,0,496,727,1223,301,301,355,293,355,1223,496,0,27,48135500,0,0,648,0,0,0,0,0,0,0,0,0,0,0,0,0,0,0,0,0,0,0,0,0,0,0,0,0,0,0,0,0,0,0,0,0
yune,track-a-comparison,luna_pinyin,key_sequence_process_with_context,zhegeyinqingqishiyinggaizhichichaochangjuzishurucainengyong,0,59,59,150185300,177,149899500,295,115,3600,375,2500,28700,49700,2100,7500,375,0,5,1,3800,5,1,500,59,0,295,885,59,1180,375,375,0,0,59,888600,23,58,734900,92,0,0,0,0,59,58,59,9000,58,7,408,600,0,0,0,0,0,0,0,0,0,0,0,0,0,0,0,52,145915500,260,3900,7005,11673,18774,0,0,1119,1928,3047,853,853,945,797,945,3047,1119,0,52,120485800,0,0,1742,0,0,0,0,0,0,0,0,0,0,0,0,0,0,0,0,0,0,0,0,0,0,0,0,0,0,0,0,0,0,0,0,0
yune,track-a-comparison,luna_pinyin,key_sequence_process_with_context,zhegeyinqingqishiyinggaizhichichaochangjuzishurucainengyong,1,59,59,151430300,177,151110400,295,115,3200,375,2200,30200,52300,1000,8000,375,0,5,1,3600,5,1,400,59,0,295,885,59,1180,375,375,0,0,59,935100,23,58,763700,92,0,0,0,0,59,58,59,10200,58,7,408,600,0,0,0,0,0,0,0,0,0,0,0,0,0,0,0,52,146988600,260,3900,7005,11673,18774,0,0,1119,1928,3047,853,853,945,797,945,3047,1119,0,52,121391400,0,0,1742,0,0,0,0,0,0,0,0,0,0,0,0,0,0,0,0,0,0,0,0,0,0,0,0,0,0,0,0,0,0,0,0,0
yune,track-a-comparison,luna_pinyin,key_sequence_process_with_context,zhegeyinqingqishiyinggaizhichichaochangjuzishurucainengyong,2,59,59,150570900,177,150283100,295,115,4100,375,2400,27100,50100,1100,7600,375,0,5,1,4100,5,1,500,59,0,295,885,59,1180,375,375,0,0,59,882400,23,58,751100,92,0,0,0,0,59,58,59,9700,58,7,408,500,0,0,0,0,0,0,0,0,0,0,0,0,0,0,0,52,146306700,260,3900,7005,11673,18774,0,0,1119,1928,3047,853,853,945,797,945,3047,1119,0,52,121030900,0,0,1742,0,0,0,0,0,0,0,0,0,0,0,0,0,0,0,0,0,0,0,0,0,0,0,0,0,0,0,0,0,0,0,0,0
yune,track-a-comparison,luna_pinyin,key_sequence_process_with_context,zhegeyinqingqishiyinggaizhichichaochangjuzishurucainengyong,3,59,59,150724700,177,150443500,295,115,3400,375,1900,26200,49700,1400,7300,375,0,5,1,3300,5,1,400,59,0,295,885,59,1180,375,375,0,0,59,912900,23,58,731400,92,0,0,0,0,59,58,59,8900,58,7,408,700,0,0,0,0,0,0,0,0,0,0,0,0,0,0,0,52,146375900,260,3900,7005,11673,18774,0,0,1119,1928,3047,853,853,945,797,945,3047,1119,0,52,120960300,0,0,1742,0,0,0,0,0,0,0,0,0,0,0,0,0,0,0,0,0,0,0,0,0,0,0,0,0,0,0,0,0,0,0,0,0
yune,track-a-comparison,luna_pinyin,key_sequence_process_with_context,zhegeyinqingqishiyinggaizhichichaochangjuzishurucainengyong,4,59,59,152646400,177,152339200,295,115,3900,375,2100,27500,51400,1600,8500,375,0,5,1,3700,5,1,500,59,0,295,885,59,1180,375,375,0,0,59,912800,23,58,754800,92,0,0,0,0,59,58,59,9400,58,7,408,500,0,0,0,0,0,0,0,0,0,0,0,0,0,0,0,52,148270100,260,3900,7005,11673,18774,0,0,1119,1928,3047,853,853,945,797,945,3047,1119,0,52,122577700,0,0,1742,0,0,0,0,0,0,0,0,0,0,0,0,0,0,0,0,0,0,0,0,0,0,0,0,0,0,0,0,0,0,0,0,0
yune,track-a-comparison,luna_pinyin,key_sequence_process_with_context,zhegeyinqingqishiyinggaizhichichaochangjuzishurucainengyong,5,59,59,149909500,177,149635500,295,115,3900,375,1500,27800,47700,1600,6900,375,0,5,1,3200,5,1,400,59,0,295,885,59,1180,375,375,0,0,59,935400,23,58,756100,92,0,0,0,0,59,58,59,13800,58,7,408,500,0,0,0,0,0,0,0,0,0,0,0,0,0,0,0,52,145515300,260,3900,7005,11673,18774,0,0,1119,1928,3047,853,853,945,797,945,3047,1119,0,52,120114300,0,0,1742,0,0,0,0,0,0,0,0,0,0,0,0,0,0,0,0,0,0,0,0,0,0,0,0,0,0,0,0,0,0,0,0,0
yune,track-a-comparison,luna_pinyin,key_sequence_process_with_context,zhegeyinqingqishiyinggaizhichichaochangjuzishurucainengyong,6,59,59,150239100,177,149977200,295,115,4100,375,2100,25300,48300,1700,7200,375,0,5,1,3000,5,1,400,59,0,295,885,59,1180,375,375,0,0,59,947500,23,58,743900,92,0,0,0,0,59,58,59,8700,58,7,408,500,0,0,0,0,0,0,0,0,0,0,0,0,0,0,0,52,145890200,260,3900,7005,11673,18774,0,0,1119,1928,3047,853,853,945,797,945,3047,1119,0,52,120438600,0,0,1742,0,0,0,0,0,0,0,0,0,0,0,0,0,0,0,0,0,0,0,0,0,0,0,0,0,0,0,0,0,0,0,0,0
yune,track-a-comparison,luna_pinyin,key_sequence_process_with_context,zhegeyinqingqishiyinggaizhichichaochangjuzishurucainengyong,7,59,59,150180500,177,149914300,295,115,4000,375,1800,32400,46800,1400,7100,375,0,5,1,3800,5,1,500,59,0,295,885,59,1180,375,375,0,0,59,980300,23,58,726500,92,0,0,0,0,59,58,59,9200,58,7,408,800,0,0,0,0,0,0,0,0,0,0,0,0,0,0,0,52,145779600,260,3900,7005,11673,18774,0,0,1119,1928,3047,853,853,945,797,945,3047,1119,0,52,120219200,0,0,1742,0,0,0,0,0,0,0,0,0,0,0,0,0,0,0,0,0,0,0,0,0,0,0,0,0,0,0,0,0,0,0,0,0
yune,track-a-comparison,luna_pinyin,key_sequence_process_with_context,zhegeyinqingqishiyinggaizhichichaochangjuzishurucainengyong,8,59,59,151544200,177,151255300,295,115,3700,375,2200,28100,50300,1500,8400,375,0,5,1,3500,5,1,400,59,0,295,885,59,1180,375,375,0,0,59,936800,23,58,746200,92,0,0,0,0,59,58,59,8600,58,7,408,700,0,0,0,0,0,0,0,0,0,0,0,0,0,0,0,52,147124900,260,3900,7005,11673,18774,0,0,1119,1928,3047,853,853,945,797,945,3047,1119,0,52,121388800,0,0,1742,0,0,0,0,0,0,0,0,0,0,0,0,0,0,0,0,0,0,0,0,0,0,0,0,0,0,0,0,0,0,0,0,0
yune,track-a-comparison,luna_pinyin,key_sequence_process_with_context,zhegeyinqingqishiyinggaizhichichaochangjuzishurucainengyong,9,59,59,149088400,177,148824700,295,115,3900,375,1700,23000,48600,1400,6800,375,0,5,1,3400,5,1,600,59,0,295,885,59,1180,375,375,0,0,59,890700,23,58,751600,92,0,0,0,0,59,58,59,7900,58,7,408,600,0,0,0,0,0,0,0,0,0,0,0,0,0,0,0,52,144856400,260,3900,7005,11673,18774,0,0,1119,1928,3047,853,853,945,797,945,3047,1119,0,52,119598900,0,0,1742,0,0,0,0,0,0,0,0,0,0,0,0,0,0,0,0,0,0,0,0,0,0,0,0,0,0,0,0,0,0,0,0,0
yune,track-a-comparison,luna_pinyin,key_sequence_process_with_context,zhegeyinqingqishiyinggaizhichichaochangjuzishurucainengyong,10,59,59,148360100,177,148120000,295,115,3800,375,1100,23300,44300,1200,7000,375,0,5,1,3000,5,1,400,59,0,295,885,59,1180,375,375,0,0,59,891700,23,58,729600,92,0,0,0,0,59,58,59,10900,58,7,408,400,0,0,0,0,0,0,0,0,0,0,0,0,0,0,0,52,144181700,260,3900,7005,11673,18774,0,0,1119,1928,3047,853,853,945,797,945,3047,1119,0,52,119111900,0,0,1742,0,0,0,0,0,0,0,0,0,0,0,0,0,0,0,0,0,0,0,0,0,0,0,0,0,0,0,0,0,0,0,0,0
yune,track-a-comparison,luna_pinyin,key_sequence_process_with_context,zhegeyinqingqishiyinggaizhichichaochangjuzishurucainengyong,11,59,59,149668000,177,149413500,295,115,3700,375,2000,23300,45600,1600,7100,375,0,5,1,3900,5,1,500,59,0,295,885,59,1180,375,375,0,0,59,937500,23,58,728400,92,0,0,0,0,59,58,59,7400,58,7,408,700,0,0,0,0,0,0,0,0,0,0,0,0,0,0,0,52,145325400,260,3900,7005,11673,18774,0,0,1119,1928,3047,853,853,945,797,945,3047,1119,0,52,120027700,0,0,1742,0,0,0,0,0,0,0,0,0,0,0,0,0,0,0,0,0,0,0,0,0,0,0,0,0,0,0,0,0,0,0,0,0
yune,track-a-comparison,luna_pinyin,key_sequence_process_with_context,zhegeyinqingqishiyinggaizhichichaochangjuzishurucainengyong,12,59,59,148283500,177,148048700,295,115,3400,375,1100,22000,42200,1800,7500,375,0,5,1,3100,5,1,300,59,0,295,885,59,1180,375,375,0,0,59,940400,23,58,749500,92,0,0,0,0,59,58,59,7200,58,7,408,700,0,0,0,0,0,0,0,0,0,0,0,0,0,0,0,52,143939700,260,3900,7005,11673,18774,0,0,1119,1928,3047,853,853,945,797,945,3047,1119,0,52,118733600,0,0,1742,0,0,0,0,0,0,0,0,0,0,0,0,0,0,0,0,0,0,0,0,0,0,0,0,0,0,0,0,0,0,0,0,0
yune,track-a-comparison,luna_pinyin,key_sequence_process_with_context,zhegeyinqingqishiyinggaizhichichaochangjuzishurucainengyong,13,59,59,148513300,177,148273500,295,115,3900,375,1800,23000,42500,1200,7200,375,0,5,1,3100,5,1,300,59,0,295,885,59,1180,375,375,0,0,59,943800,23,58,745200,92,0,0,0,0,59,58,59,7000,58,7,408,500,0,0,0,0,0,0,0,0,0,0,0,0,0,0,0,52,144142000,260,3900,7005,11673,18774,0,0,1119,1928,3047,853,853,945,797,945,3047,1119,0,52,118844200,0,0,1742,0,0,0,0,0,0,0,0,0,0,0,0,0,0,0,0,0,0,0,0,0,0,0,0,0,0,0,0,0,0,0,0,0
yune,track-a-comparison,luna_pinyin,key_sequence_process_with_context,zhegeyinqingqishiyinggaizhichichaochangjuzishurucainengyong,14,59,59,148260100,177,148020000,295,115,3100,375,2300,22300,45900,1200,7100,375,0,5,1,3200,5,1,200,59,0,295,885,59,1180,375,375,0,0,59,944100,23,58,736300,92,0,0,0,0,59,58,59,8100,58,7,408,700,0,0,0,0,0,0,0,0,0,0,0,0,0,0,0,52,143933700,260,3900,7005,11673,18774,0,0,1119,1928,3047,853,853,945,797,945,3047,1119,0,52,118692500,0,0,1742,0,0,0,0,0,0,0,0,0,0,0,0,0,0,0,0,0,0,0,0,0,0,0,0,0,0,0,0,0,0,0,0,0
yune,track-a-comparison,luna_pinyin,key_sequence_process_with_context,zhegeyinqingqishiyinggaizhichichaochangjuzishurucainengyong,15,59,59,149131000,177,148883400,295,115,4000,375,1500,22800,44900,1500,8500,375,0,5,1,2800,5,1,400,59,0,295,885,59,1180,375,375,0,0,59,940400,23,58,743900,92,0,0,0,0,59,58,59,6600,58,7,408,500,0,0,0,0,0,0,0,0,0,0,0,0,0,0,0,52,144776900,260,3900,7005,11673,18774,0,0,1119,1928,3047,853,853,945,797,945,3047,1119,0,52,119428800,0,0,1742,0,0,0,0,0,0,0,0,0,0,0,0,0,0,0,0,0,0,0,0,0,0,0,0,0,0,0,0,0,0,0,0,0
yune,track-a-comparison,luna_pinyin,key_sequence_process_with_context,zhegeyinqingqishiyinggaizhichichaochangjuzishurucainengyong,16,59,59,148870200,177,148624800,295,115,3900,375,2200,22400,42300,1600,6500,375,0,5,1,2800,5,1,700,59,0,295,885,59,1180,375,375,0,0,59,961800,23,58,731200,92,0,0,0,0,59,58,59,7100,58,7,408,600,0,0,0,0,0,0,0,0,0,0,0,0,0,0,0,52,144534000,260,3900,7005,11673,18774,0,0,1119,1928,3047,853,853,945,797,945,3047,1119,0,52,119301800,0,0,1742,0,0,0,0,0,0,0,0,0,0,0,0,0,0,0,0,0,0,0,0,0,0,0,0,0,0,0,0,0,0,0,0,0
yune,track-a-comparison,luna_pinyin,key_sequence_process_with_context,zhegeyinqingqishiyinggaizhichichaochangjuzishurucainengyong,17,59,59,149132400,177,148886800,295,115,3600,375,2300,22100,45000,1000,7900,375,0,5,1,3600,5,1,400,59,0,295,885,59,1180,375,375,0,0,59,928800,23,58,728300,92,0,0,0,0,59,58,59,6600,58,7,408,600,0,0,0,0,0,0,0,0,0,0,0,0,0,0,0,52,144843600,260,3900,7005,11673,18774,0,0,1119,1928,3047,853,853,945,797,945,3047,1119,0,52,119449500,0,0,1742,0,0,0,0,0,0,0,0,0,0,0,0,0,0,0,0,0,0,0,0,0,0,0,0,0,0,0,0,0,0,0,0,0
yune,track-a-comparison,luna_pinyin,key_sequence_process_with_context,zhegeyinqingqishiyinggaizhichichaochangjuzishurucainengyong,18,59,59,147762900,177,147522900,295,115,3900,375,1700,22100,44000,1500,7400,375,0,5,1,3000,5,1,300,59,0,295,885,59,1180,375,375,0,0,59,876400,23,58,726300,92,0,0,0,0,59,58,59,7800,58,7,408,600,0,0,0,0,0,0,0,0,0,0,0,0,0,0,0,52,143620400,260,3900,7005,11673,18774,0,0,1119,1928,3047,853,853,945,797,945,3047,1119,0,52,118376200,0,0,1742,0,0,0,0,0,0,0,0,0,0,0,0,0,0,0,0,0,0,0,0,0,0,0,0,0,0,0,0,0,0,0,0,0
yune,track-a-comparison,luna_pinyin,key_sequence_process_with_context,zhegeyinqingqishiyinggaizhichichaochangjuzishurucainengyong,19,59,59,148261900,177,148022500,295,115,4000,375,1800,22700,43800,1300,7200,375,0,5,1,3000,5,1,200,59,0,295,885,59,1180,375,375,0,0,59,882000,23,58,718800,92,0,0,0,0,59,58,59,6900,58,7,408,500,0,0,0,0,0,0,0,0,0,0,0,0,0,0,0,52,144116100,260,3900,7005,11673,18774,0,0,1119,1928,3047,853,853,945,797,945,3047,1119,0,52,118582900,0,0,1742,0,0,0,0,0,0,0,0,0,0,0,0,0,0,0,0,0,0,0,0,0,0,0,0,0,0,0,0,0,0,0,0,0
yune,track-a-comparison,luna_pinyin,key_sequence_process_with_context,zhegeyinqingqishiyinggaizhichichaochangjuzishurucainengyong,20,59,59,148082300,177,147840700,295,115,3400,375,1200,24800,43700,1200,6800,375,0,5,1,3200,5,1,300,59,0,295,885,59,1180,375,375,0,0,59,892100,23,58,722100,92,0,0,0,0,59,58,59,6700,58,7,408,600,0,0,0,0,0,0,0,0,0,0,0,0,0,0,0,52,143910700,260,3900,7005,11673,18774,0,0,1119,1928,3047,853,853,945,797,945,3047,1119,0,52,118744200,0,0,1742,0,0,0,0,0,0,0,0,0,0,0,0,0,0,0,0,0,0,0,0,0,0,0,0,0,0,0,0,0,0,0,0,0
yune,track-a-comparison,luna_pinyin,key_sequence_process_with_context,zhegeyinqingqishiyinggaizhichichaochangjuzishurucainengyong,21,59,59,148026300,177,147754600,295,115,3200,375,2900,26700,47400,1000,8400,375,0,5,1,3100,5,1,200,59,0,295,885,59,1180,375,375,0,0,59,896000,23,58,727800,92,0,0,0,0,59,58,59,7200,58,7,408,700,0,0,0,0,0,0,0,0,0,0,0,0,0,0,0,52,143758800,260,3900,7005,11673,18774,0,0,1119,1928,3047,853,853,945,797,945,3047,1119,0,52,118612800,0,0,1742,0,0,0,0,0,0,0,0,0,0,0,0,0,0,0,0,0,0,0,0,0,0,0,0,0,0,0,0,0,0,0,0,0
yune,track-a-comparison,luna_pinyin,key_sequence_process_with_context,zhegeyinqingqishiyinggaizhichichaochangjuzishurucainengyong,22,59,59,147177900,177,146940000,295,115,3600,375,1000,22400,43100,1900,7300,375,0,5,1,3100,5,1,300,59,0,295,885,59,1180,375,375,0,0,59,903500,23,58,732100,92,0,0,0,0,59,58,59,7700,58,7,408,700,0,0,0,0,0,0,0,0,0,0,0,0,0,0,0,52,142988000,260,3900,7005,11673,18774,0,0,1119,1928,3047,853,853,945,797,945,3047,1119,0,52,117992700,0,0,1742,0,0,0,0,0,0,0,0,0,0,0,0,0,0,0,0,0,0,0,0,0,0,0,0,0,0,0,0,0,0,0,0,0
yune,track-a-comparison,luna_pinyin,key_sequence_process_with_context,zhegeyinqingqishiyinggaizhichichaochangjuzishurucainengyong,23,59,59,147624800,177,147382100,295,115,3400,375,2300,22500,46200,1300,7000,375,0,5,1,3000,5,1,700,59,0,295,885,59,1180,375,375,0,0,59,894900,23,58,731200,92,0,0,0,0,59,58,59,6500,58,7,408,500,0,0,0,0,0,0,0,0,0,0,0,0,0,0,0,52,143412600,260,3900,7005,11673,18774,0,0,1119,1928,3047,853,853,945,797,945,3047,1119,0,52,118377400,0,0,1742,0,0,0,0,0,0,0,0,0,0,0,0,0,0,0,0,0,0,0,0,0,0,0,0,0,0,0,0,0,0,0,0,0
yune,track-a-comparison,luna_pinyin,key_sequence_process_with_context,zhegeyinqingqishiyinggaizhichichaochangjuzishurucainengyong,24,59,59,148419400,177,148170800,295,115,3900,375,1300,23400,45400,1000,7600,375,0,5,1,3700,5,1,500,59,0,295,885,59,1180,375,375,0,0,59,891000,23,58,739900,92,0,0,0,0,59,58,59,7600,58,7,408,600,0,0,0,0,0,0,0,0,0,0,0,0,0,0,0,52,144173600,260,3900,7005,11673,18774,0,0,1119,1928,3047,853,853,945,797,945,3047,1119,0,52,118891900,0,0,1742,0,0,0,0,0,0,0,0,0,0,0,0,0,0,0,0,0,0,0,0,0,0,0,0,0,0,0,0,0,0,0,0,0
yune,track-a-comparison,luna_pinyin,key_sequence_process_with_context,zhegeyinqingqishiyinggaizhichichaochangjuzishurucainengyong,25,59,59,147448600,177,147207900,295,115,3500,375,1600,22500,44900,800,6800,375,0,5,1,3200,5,1,300,59,0,295,885,59,1180,375,375,0,0,59,905300,23,58,723200,92,0,0,0,0,59,58,59,8000,58,7,408,500,0,0,0,0,0,0,0,0,0,0,0,0,0,0,0,52,143258000,260,3900,7005,11673,18774,0,0,1119,1928,3047,853,853,945,797,945,3047,1119,0,52,118093100,0,0,1742,0,0,0,0,0,0,0,0,0,0,0,0,0,0,0,0,0,0,0,0,0,0,0,0,0,0,0,0,0,0,0,0,0
yune,track-a-comparison,luna_pinyin,key_sequence_process_with_context,zhegeyinqingqishiyinggaizhichichaochangjuzishurucainengyong,26,59,59,147530400,177,147291800,295,115,3500,375,1500,22300,43200,1300,6600,375,0,5,1,3200,5,1,300,59,0,295,885,59,1180,375,375,0,0,59,934700,23,58,722000,92,0,0,0,0,59,58,59,6800,58,7,408,700,0,0,0,0,0,0,0,0,0,0,0,0,0,0,0,52,143229000,260,3900,7005,11673,18774,0,0,1119,1928,3047,853,853,945,797,945,3047,1119,0,52,118117300,0,0,1742,0,0,0,0,0,0,0,0,0,0,0,0,0,0,0,0,0,0,0,0,0,0,0,0,0,0,0,0,0,0,0,0,0
yune,track-a-comparison,luna_pinyin,key_sequence_process_with_context,zhegeyinqingqishiyinggaizhichichaochangjuzishurucainengyong,27,59,59,147702500,177,147464600,295,115,3700,375,1600,22200,43100,1100,6100,375,0,5,1,3300,5,1,400,59,0,295,885,59,1180,375,375,0,0,59,938600,23,58,735800,92,0,0,0,0,59,58,59,6500,58,7,408,400,0,0,0,0,0,0,0,0,0,0,0,0,0,0,0,52,143373300,260,3900,7005,11673,18774,0,0,1119,1928,3047,853,853,945,797,945,3047,1119,0,52,118162200,0,0,1742,0,0,0,0,0,0,0,0,0,0,0,0,0,0,0,0,0,0,0,0,0,0,0,0,0,0,0,0,0,0,0,0,0
yune,track-a-comparison,luna_pinyin,key_sequence_process_with_context,zhegeyinqingqishiyinggaizhichichaochangjuzishurucainengyong,28,59,59,148306400,177,148033100,295,115,3400,375,1600,25600,45800,1900,8000,375,0,5,1,2600,5,1,200,59,0,295,885,59,1180,375,375,0,0,59,952500,23,58,737300,92,0,0,0,0,59,58,59,7000,58,7,408,600,0,0,0,0,0,0,0,0,0,0,0,0,0,0,0,52,143927300,260,3900,7005,11673,18774,0,0,1119,1928,3047,853,853,945,797,945,3047,1119,0,52,118645300,0,0,1742,0,0,0,0,0,0,0,0,0,0,0,0,0,0,0,0,0,0,0,0,0,0,0,0,0,0,0,0,0,0,0,0,0
yune,track-a-comparison,luna_pinyin,key_sequence_process_with_context,zhegeyinqingqishiyinggaizhichichaochangjuzishurucainengyong,29,59,59,147840900,177,147602500,295,115,4100,375,1400,23100,43200,1000,7400,375,0,5,1,3500,5,1,300,59,0,295,885,59,1180,375,375,0,0,59,939500,23,58,733500,92,0,0,0,0,59,58,59,7800,58,7,408,600,0,0,0,0,0,0,0,0,0,0,0,0,0,0,0,52,143526900,260,3900,7005,11673,18774,0,0,1119,1928,3047,853,853,945,797,945,3047,1119,0,52,118490200,0,0,1742,0,0,0,0,0,0,0,0,0,0,0,0,0,0,0,0,0,0,0,0,0,0,0,0,0,0,0,0,0,0,0,0,0
yune,track-a-comparison,luna_pinyin,key_sequence_process_with_context,zhegeyinqingqishiyinggaizhichichaochangjuzishurucainengyong,30,59,59,148118600,177,147873000,295,115,2900,375,2300,24100,45300,1300,7500,375,0,5,1,3000,5,1,200,59,0,295,885,59,1180,375,375,0,0,59,938500,23,58,730600,92,0,0,0,0,59,58,59,6700,58,7,408,500,0,0,0,0,0,0,0,0,0,0,0,0,0,0,0,52,143790500,260,3900,7005,11673,18774,0,0,1119,1928,3047,853,853,945,797,945,3047,1119,0,52,118571900,0,0,1742,0,0,0,0,0,0,0,0,0,0,0,0,0,0,0,0,0,0,0,0,0,0,0,0,0,0,0,0,0,0,0,0,0
yune,track-a-comparison,luna_pinyin,key_sequence_process_with_context,zhegeyinqingqishiyinggaizhichichaochangjuzishurucainengyong,31,59,59,148644800,177,148392100,295,115,3900,375,2300,24100,46100,1900,7300,375,0,5,1,3300,5,1,700,59,0,295,885,59,1180,375,375,0,0,59,903500,23,58,739800,92,0,0,0,0,59,58,59,7600,58,7,408,700,0,0,0,0,0,0,0,0,0,0,0,0,0,0,0,52,144404500,260,3900,7005,11673,18774,0,0,1119,1928,3047,853,853,945,797,945,3047,1119,0,52,119033800,0,0,1742,0,0,0,0,0,0,0,0,0,0,0,0,0,0,0,0,0,0,0,0,0,0,0,0,0,0,0,0,0,0,0,0,0
yune,track-a-comparison,luna_pinyin,key_sequence_process_with_context,zhegeyinqingqishiyinggaizhichichaochangjuzishurucainengyong,32,59,59,147956600,177,147718700,295,115,3500,375,1000,23700,43400,600,7200,375,0,5,1,3300,5,1,200,59,0,295,885,59,1180,375,375,0,0,59,905700,23,58,725600,92,0,0,0,0,59,58,59,7300,58,7,408,700,0,0,0,0,0,0,0,0,0,0,0,0,0,0,0,52,143751200,260,3900,7005,11673,18774,0,0,1119,1928,3047,853,853,945,797,945,3047,1119,0,52,118599200,0,0,1742,0,0,0,0,0,0,0,0,0,0,0,0,0,0,0,0,0,0,0,0,0,0,0,0,0,0,0,0,0,0,0,0,0
yune,track-a-comparison,luna_pinyin,key_sequence_process_with_context,zhegeyinqingqishiyinggaizhichichaochangjuzishurucainengyong,33,59,59,147686600,177,147451200,295,115,3700,375,2500,24100,42900,1300,7000,375,0,5,1,3400,5,1,300,59,0,295,885,59,1180,375,375,0,0,59,939200,23,58,716000,92,0,0,0,0,59,58,59,7000,58,7,408,500,0,0,0,0,0,0,0,0,0,0,0,0,0,0,0,52,143380400,260,3900,7005,11673,18774,0,0,1119,1928,3047,853,853,945,797,945,3047,1119,0,52,118359400,0,0,1742,0,0,0,0,0,0,0,0,0,0,0,0,0,0,0,0,0,0,0,0,0,0,0,0,0,0,0,0,0,0,0,0,0
yune,track-a-comparison,luna_pinyin,key_sequence_process_with_context,zhegeyinqingqishiyinggaizhichichaochangjuzishurucainengyong,34,59,59,148053400,177,147811200,295,115,4700,375,1800,23000,43200,1300,7500,375,0,5,1,3400,5,1,400,59,0,295,885,59,1180,375,375,0,0,59,935600,23,58,723400,92,0,0,0,0,59,58,59,6800,58,7,408,300,0,0,0,0,0,0,0,0,0,0,0,0,0,0,0,52,143759800,260,3900,7005,11673,18774,0,0,1119,1928,3047,853,853,945,797,945,3047,1119,0,52,118628000,0,0,1742,0,0,0,0,0,0,0,0,0,0,0,0,0,0,0,0,0,0,0,0,0,0,0,0,0,0,0,0,0,0,0,0,0
yune,track-a-comparison,luna_pinyin,key_sequence_process_with_context,zhegeyinqingqishiyinggaizhichichaochangjuzishurucainengyong,35,59,59,148214300,177,147946900,295,115,3600,375,1900,24300,46000,1700,7800,375,0,5,1,3400,5,1,500,59,0,295,885,59,1180,375,375,0,0,59,922600,23,58,726300,92,0,0,0,0,59,58,59,7200,58,7,408,300,0,0,0,0,0,0,0,0,0,0,0,0,0,0,0,52,143924300,260,3900,7005,11673,18774,0,0,1119,1928,3047,853,853,945,797,945,3047,1119,0,52,118719500,0,0,1742,0,0,0,0,0,0,0,0,0,0,0,0,0,0,0,0,0,0,0,0,0,0,0,0,0,0,0,0,0,0,0,0,0
yune,track-a-comparison,luna_pinyin,key_sequence_process_with_context,zhegeyinqingqishiyinggaizhichichaochangjuzishurucainengyong,36,59,59,147589000,177,147352100,295,115,4400,375,1200,22600,43100,1400,7300,375,0,5,1,3000,5,1,400,59,0,295,885,59,1180,375,375,0,0,59,882900,23,58,729800,92,0,0,0,0,59,58,59,7400,58,7,408,400,0,0,0,0,0,0,0,0,0,0,0,0,0,0,0,52,143427700,260,3900,7005,11673,18774,0,0,1119,1928,3047,853,853,945,797,945,3047,1119,0,52,118290700,0,0,1742,0,0,0,0,0,0,0,0,0,0,0,0,0,0,0,0,0,0,0,0,0,0,0,0,0,0,0,0,0,0,0,0,0
yune,track-a-comparison,luna_pinyin,key_sequence_process_with_context,zhegeyinqingqishiyinggaizhichichaochangjuzishurucainengyong,37,59,59,148128100,177,147883200,295,115,4300,375,2000,22000,44900,1800,7200,375,0,5,1,3100,5,1,400,59,0,295,885,59,1180,375,375,0,0,59,928800,23,58,725300,92,0,0,0,0,59,58,59,6600,58,7,408,600,0,0,0,0,0,0,0,0,0,0,0,0,0,0,0,52,143832100,260,3900,7005,11673,18774,0,0,1119,1928,3047,853,853,945,797,945,3047,1119,0,52,118757200,0,0,1742,0,0,0,0,0,0,0,0,0,0,0,0,0,0,0,0,0,0,0,0,0,0,0,0,0,0,0,0,0,0,0,0,0
yune,track-a-comparison,luna_pinyin,key_sequence_process_with_context,zhegeyinqingqishiyinggaizhichichaochangjuzishurucainengyong,38,59,59,148668400,177,148366100,295,115,3900,375,5700,43400,48500,1800,8100,375,0,5,1,3700,5,1,400,59,0,295,885,59,1180,375,375,0,0,59,892300,23,58,726800,92,0,0,0,0,59,58,59,7700,58,7,408,400,0,0,0,0,0,0,0,0,0,0,0,0,0,0,0,52,144353600,260,3900,7005,11673,18774,0,0,1119,1928,3047,853,853,945,797,945,3047,1119,0,52,119293400,0,0,1742,0,0,0,0,0,0,0,0,0,0,0,0,0,0,0,0,0,0,0,0,0,0,0,0,0,0,0,0,0,0,0,0,0
yune,track-a-comparison,luna_pinyin,key_sequence_process_with_context,zhegeyinqingqishiyinggaizhichichaochangjuzishurucainengyong,39,59,59,147358700,177,147123000,295,115,3600,375,1800,22600,43200,1900,7000,375,0,5,1,3200,5,1,600,59,0,295,885,59,1180,375,375,0,0,59,894600,23,58,720500,92,0,0,0,0,59,58,59,7600,58,7,408,700,0,0,0,0,0,0,0,0,0,0,0,0,0,0,0,52,143191900,260,3900,7005,11673,18774,0,0,1119,1928,3047,853,853,945,797,945,3047,1119,0,52,118176900,0,0,1742,0,0,0,0,0,0,0,0,0,0,0,0,0,0,0,0,0,0,0,0,0,0,0,0,0,0,0,0,0,0,0,0,0
yune,track-a-comparison,luna_pinyin,key_sequence_process_with_context,zhegeyinqingqishiyinggaizhichichaochangjuzishurucainengyong,40,59,59,147248900,177,147013300,295,115,3800,375,1800,21400,42200,1400,7600,375,0,5,1,3200,5,1,400,59,0,295,885,59,1180,375,375,0,0,59,885000,23,58,715700,92,0,0,0,0,59,58,59,7100,58,7,408,900,0,0,0,0,0,0,0,0,0,0,0,0,0,0,0,52,143107500,260,3900,7005,11673,18774,0,0,1119,1928,3047,853,853,945,797,945,3047,1119,0,52,118096100,0,0,1742,0,0,0,0,0,0,0,0,0,0,0,0,0,0,0,0,0,0,0,0,0,0,0,0,0,0,0,0,0,0,0,0,0
yune,track-a-comparison,luna_pinyin,key_sequence_process_with_context,zhegeyinqingqishiyinggaizhichichaochangjuzishurucainengyong,41,59,59,147629000,177,147393200,295,115,4000,375,2200,22400,43100,1400,7000,375,0,5,1,3400,5,1,200,59,0,295,885,59,1180,375,375,0,0,59,914900,23,58,717700,92,0,0,0,0,59,58,59,7100,58,7,408,600,0,0,0,0,0,0,0,0,0,0,0,0,0,0,0,52,143400700,260,3900,7005,11673,18774,0,0,1119,1928,3047,853,853,945,797,945,3047,1119,0,52,118392000,0,0,1742,0,0,0,0,0,0,0,0,0,0,0,0,0,0,0,0,0,0,0,0,0,0,0,0,0,0,0,0,0,0,0,0,0
yune,track-a-comparison,luna_pinyin,key_sequence_process_with_context,zhegeyinqingqishiyinggaizhichichaochangjuzishurucainengyong,42,59,59,148187400,177,147938200,295,115,4000,375,2100,23800,43300,1000,8200,375,0,5,1,2800,5,1,300,59,0,295,885,59,1180,375,375,0,0,59,900800,23,58,728500,92,0,0,0,0,59,58,59,6400,58,7,408,600,0,0,0,0,0,0,0,0,0,0,0,0,0,0,0,52,143996700,260,3900,7005,11673,18774,0,0,1119,1928,3047,853,853,945,797,945,3047,1119,0,52,118716300,0,0,1742,0,0,0,0,0,0,0,0,0,0,0,0,0,0,0,0,0,0,0,0,0,0,0,0,0,0,0,0,0,0,0,0,0
yune,track-a-comparison,luna_pinyin,key_sequence_process_with_context,zhegeyinqingqishiyinggaizhichichaochangjuzishurucainengyong,43,59,59,147607100,177,147371900,295,115,3300,375,2500,21700,43000,1700,6900,375,0,5,1,2900,5,1,400,59,0,295,885,59,1180,375,375,0,0,59,896200,23,58,724900,92,0,0,0,0,59,58,59,7100,58,7,408,500,0,0,0,0,0,0,0,0,0,0,0,0,0,0,0,52,143436300,260,3900,7005,11673,18774,0,0,1119,1928,3047,853,853,945,797,945,3047,1119,0,52,118409000,0,0,1742,0,0,0,0,0,0,0,0,0,0,0,0,0,0,0,0,0,0,0,0,0,0,0,0,0,0,0,0,0,0,0,0,0
yune,track-a-comparison,luna_pinyin,key_sequence_process_with_context,zhegeyinqingqishiyinggaizhichichaochangjuzishurucainengyong,44,59,59,151145700,177,150896000,295,115,4400,375,2000,23500,46500,1700,7300,375,0,5,1,4400,5,1,500,59,0,295,885,59,1180,375,375,0,0,59,893600,23,58,730700,92,0,0,0,0,59,58,59,6900,58,7,408,700,0,0,0,0,0,0,0,0,0,0,0,0,0,0,0,52,146939800,260,3900,7005,11673,18774,0,0,1119,1928,3047,853,853,945,797,945,3047,1119,0,52,118668400,0,0,1742,0,0,0,0,0,0,0,0,0,0,0,0,0,0,0,0,0,0,0,0,0,0,0,0,0,0,0,0,0,0,0,0,0
yune,track-a-comparison,luna_pinyin,key_sequence_process_with_context,zhegeyinqingqishiyinggaizhichichaochangjuzishurucainengyong,45,59,59,146663600,177,146416900,295,115,3700,375,2200,23900,44700,2200,7500,375,0,5,1,3700,5,1,500,59,0,295,885,59,1180,375,375,0,0,59,939100,23,58,770900,92,0,0,0,0,59,58,59,7600,58,7,408,600,0,0,0,0,0,0,0,0,0,0,0,0,0,0,0,52,142305900,260,3900,7005,11673,18774,0,0,1119,1928,3047,853,853,945,797,945,3047,1119,0,52,117371400,0,0,1742,0,0,0,0,0,0,0,0,0,0,0,0,0,0,0,0,0,0,0,0,0,0,0,0,0,0,0,0,0,0,0,0,0
yune,track-a-comparison,luna_pinyin,key_sequence_process_with_context,zhegeyinqingqishiyinggaizhichichaochangjuzishurucainengyong,46,59,59,146680400,177,146446600,295,115,3800,375,1900,23700,42400,1900,6800,375,0,5,1,3000,5,1,300,59,0,295,885,59,1180,375,375,0,0,59,940000,23,58,725900,92,0,0,0,0,59,58,59,6900,58,7,408,600,0,0,0,0,0,0,0,0,0,0,0,0,0,0,0,52,142380200,260,3900,7005,11673,18774,0,0,1119,1928,3047,853,853,945,797,945,3047,1119,0,52,117610100,0,0,1742,0,0,0,0,0,0,0,0,0,0,0,0,0,0,0,0,0,0,0,0,0,0,0,0,0,0,0,0,0,0,0,0,0
yune,track-a-comparison,luna_pinyin,key_sequence_process_with_context,zhegeyinqingqishiyinggaizhichichaochangjuzishurucainengyong,47,59,59,146320600,177,146086800,295,115,3900,375,1800,21800,42600,1100,9600,375,0,5,1,3100,5,1,300,59,0,295,885,59,1180,375,375,0,0,59,937800,23,58,721400,92,0,0,0,0,59,58,59,6400,58,7,408,600,0,0,0,0,0,0,0,0,0,0,0,0,0,0,0,52,142026300,260,3900,7005,11673,18774,0,0,1119,1928,3047,853,853,945,797,945,3047,1119,0,52,117342800,0,0,1742,0,0,0,0,0,0,0,0,0,0,0,0,0,0,0,0,0,0,0,0,0,0,0,0,0,0,0,0,0,0,0,0,0
yune,track-a-comparison,luna_pinyin,key_sequence_process_with_context,zhegeyinqingqishiyinggaizhichichaochangjuzishurucainengyong,48,59,59,147147600,177,146881400,295,115,3900,375,2100,23800,45900,1600,7900,375,0,5,1,3200,5,1,300,59,0,295,885,59,1180,375,375,0,0,59,943300,23,58,730900,92,0,0,0,0,59,58,59,8100,58,7,408,800,0,0,0,0,0,0,0,0,0,0,0,0,0,0,0,52,142806000,260,3900,7005,11673,18774,0,0,1119,1928,3047,853,853,945,797,945,3047,1119,0,52,118041200,0,0,1742,0,0,0,0,0,0,0,0,0,0,0,0,0,0,0,0,0,0,0,0,0,0,0,0,0,0,0,0,0,0,0,0,0
yune,track-a-comparison,luna_pinyin,key_sequence_process_with_context,zhegeyinqingqishiyinggaizhichichaochangjuzishurucainengyong,49,59,59,146309500,177,146070700,295,115,4200,375,1600,21700,44100,1800,7600,375,0,5,1,2500,5,1,300,59,0,295,885,59,1180,375,375,0,0,59,938500,23,58,724500,92,0,0,0,0,59,58,59,7600,58,7,408,600,0,0,0,0,0,0,0,0,0,0,0,0,0,0,0,52,142020200,260,3900,7005,11673,18774,0,0,1119,1928,3047,853,853,945,797,945,3047,1119,0,52,117330200,0,0,1742,0,0,0,0,0,0,0,0,0,0,0,0,0,0,0,0,0,0,0,0,0,0,0,0,0,0,0,0,0,0,0,0,0
yune,track-a-comparison,luna_pinyin,key_sequence_process_with_context,zhegeyinqingqishiyinggaizhichichaochangjuzishurucainengyong,50,59,59,146417000,177,146184200,295,115,3700,375,2200,22300,43000,1100,7100,375,0,5,1,3500,5,1,400,59,0,295,885,59,1180,375,375,0,0,59,931900,23,58,715000,92,0,0,0,0,59,58,59,6900,58,7,408,600,0,0,0,0,0,0,0,0,0,0,0,0,0,0,0,52,142150200,260,3900,7005,11673,18774,0,0,1119,1928,3047,853,853,945,797,945,3047,1119,0,52,117426500,0,0,1742,0,0,0,0,0,0,0,0,0,0,0,0,0,0,0,0,0,0,0,0,0,0,0,0,0,0,0,0,0,0,0,0,0
yune,track-a-comparison,luna_pinyin,key_sequence_process_with_context,zhegeyinqingqishiyinggaizhichichaochangjuzishurucainengyong,51,59,59,146990800,177,146737200,295,115,3600,375,2400,23900,44200,900,7700,375,0,5,1,3700,5,1,500,59,0,295,885,59,1180,375,375,0,0,59,927600,23,58,723900,92,0,0,0,0,59,58,59,6500,58,7,408,800,0,0,0,0,0,0,0,0,0,0,0,0,0,0,0,52,142700100,260,3900,7005,11673,18774,0,0,1119,1928,3047,853,853,945,797,945,3047,1119,0,52,117813400,0,0,1742,0,0,0,0,0,0,0,0,0,0,0,0,0,0,0,0,0,0,0,0,0,0,0,0,0,0,0,0,0,0,0,0,0
yune,track-a-comparison,luna_pinyin,key_sequence_process_with_context,zhegeyinqingqishiyinggaizhichichaochangjuzishurucainengyong,52,59,59,149033600,177,148770900,295,115,3600,375,2000,24100,48900,1400,7300,375,0,5,1,3200,5,1,600,59,0,295,885,59,1180,375,375,0,0,59,900100,23,58,735800,92,0,0,0,0,59,58,59,8900,58,7,408,700,0,0,0,0,0,0,0,0,0,0,0,0,0,0,0,52,144771100,260,3900,7005,11673,18774,0,0,1119,1928,3047,853,853,945,797,945,3047,1119,0,52,119473300,0,0,1742,0,0,0,0,0,0,0,0,0,0,0,0,0,0,0,0,0,0,0,0,0,0,0,0,0,0,0,0,0,0,0,0,0
yune,track-a-comparison,luna_pinyin,key_sequence_process_with_context,zhegeyinqingqishiyinggaizhichichaochangjuzishurucainengyong,53,59,59,148898100,177,148631400,295,115,2800,375,1200,25500,48200,1300,7400,375,0,5,1,3300,5,1,500,59,0,295,885,59,1180,375,375,0,0,59,932900,23,58,729200,92,0,0,0,0,59,58,59,9000,58,7,408,500,0,0,0,0,0,0,0,0,0,0,0,0,0,0,0,52,144581500,260,3900,7005,11673,18774,0,0,1119,1928,3047,853,853,945,797,945,3047,1119,0,52,119485700,0,0,1742,0,0,0,0,0,0,0,0,0,0,0,0,0,0,0,0,0,0,0,0,0,0,0,0,0,0,0,0,0,0,0,0,0
yune,track-a-comparison,luna_pinyin,key_sequence_process_with_context,zhegeyinqingqishiyinggaizhichichaochangjuzishurucainengyong,54,59,59,149162500,177,148888900,295,115,4100,375,1600,24800,56500,1500,7300,375,0,5,1,3400,5,1,400,59,0,295,885,59,1180,375,375,0,0,59,932300,23,58,719900,92,0,0,0,0,59,58,59,8500,58,7,408,600,0,0,0,0,0,0,0,0,0,0,0,0,0,0,0,52,144821800,260,3900,7005,11673,18774,0,0,1119,1928,3047,853,853,945,797,945,3047,1119,0,52,119680900,0,0,1742,0,0,0,0,0,0,0,0,0,0,0,0,0,0,0,0,0,0,0,0,0,0,0,0,0,0,0,0,0,0,0,0,0
yune,track-a-comparison,luna_pinyin,key_sequence_process_with_context,zhegeyinqingqishiyinggaizhichichaochangjuzishurucainengyong,55,59,59,149835000,177,149506600,295,115,3600,375,2000,29100,51200,1100,7200,375,0,5,1,3600,5,1,500,59,0,295,885,59,1180,375,375,0,0,59,918000,23,58,748600,92,0,0,0,0,59,58,59,9400,58,7,408,1000,0,0,0,0,0,0,0,0,0,0,0,0,0,0,0,52,145425100,260,3900,7005,11673,18774,0,0,1119,1928,3047,853,853,945,797,945,3047,1119,0,52,120209200,0,0,1742,0,0,0,0,0,0,0,0,0,0,0,0,0,0,0,0,0,0,0,0,0,0,0,0,0,0,0,0,0,0,0,0,0
yune,track-a-comparison,luna_pinyin,key_sequence_process_with_context,zhegeyinqingqishiyinggaizhichichaochangjuzishurucainengyong,56,59,59,148546800,177,148278000,295,115,3700,375,2200,25000,46800,1400,7600,375,0,5,1,3400,5,1,600,59,0,295,885,59,1180,375,375,0,0,59,925500,23,58,726400,92,0,0,0,0,59,58,59,9800,58,7,408,700,0,0,0,0,0,0,0,0,0,0,0,0,0,0,0,52,144263300,260,3900,7005,11673,18774,0,0,1119,1928,3047,853,853,945,797,945,3047,1119,0,52,119185400,0,0,1742,0,0,0,0,0,0,0,0,0,0,0,0,0,0,0,0,0,0,0,0,0,0,0,0,0,0,0,0,0,0,0,0,0
yune,track-a-comparison,luna_pinyin,key_sequence_process_with_context,zhegeyinqingqishiyinggaizhichichaochangjuzishurucainengyong,57,59,59,148854900,177,148591000,295,115,3500,375,1700,25500,47800,1400,7700,375,0,5,1,3300,5,1,400,59,0,295,885,59,1180,375,375,0,0,59,894300,23,58,730100,92,0,0,0,0,59,58,59,8500,58,7,408,700,0,0,0,0,0,0,0,0,0,0,0,0,0,0,0,52,144643600,260,3900,7005,11673,18774,0,0,1119,1928,3047,853,853,945,797,945,3047,1119,0,52,119453000,0,0,1742,0,0,0,0,0,0,0,0,0,0,0,0,0,0,0,0,0,0,0,0,0,0,0,0,0,0,0,0,0,0,0,0,0
yune,track-a-comparison,luna_pinyin,key_sequence_process_with_context,zhegeyinqingqishiyinggaizhichichaochangjuzishurucainengyong,58,59,59,149208600,177,148933100,295,115,4000,375,2200,26100,48700,1200,6700,375,0,5,1,3300,5,1,600,59,0,295,885,59,1180,375,375,0,0,59,886700,23,58,723100,92,0,0,0,0,59,58,59,8900,58,7,408,500,0,0,0,0,0,0,0,0,0,0,0,0,0,0,0,52,145001100,260,3900,7005,11673,18774,0,0,1119,1928,3047,853,853,945,797,945,3047,1119,0,52,119601300,0,0,1742,0,0,0,0,0,0,0,0,0,0,0,0,0,0,0,0,0,0,0,0,0,0,0,0,0,0,0,0,0,0,0,0,0
yune,track-a-comparison,luna_pinyin,key_sequence_process_with_context,zhegeyinqingqishiyinggaizhichichaochangjuzishurucainengyong,59,59,59,148317600,177,148060600,295,115,3400,375,1400,23400,47200,1100,6800,375,0,5,1,3200,5,1,500,59,0,295,885,59,1180,375,375,0,0,59,880300,23,58,740600,92,0,0,0,0,59,58,59,8900,58,7,408,500,0,0,0,0,0,0,0,0,0,0,0,0,0,0,0,52,144143000,260,3900,7005,11673,18774,0,0,1119,1928,3047,853,853,945,797,945,3047,1119,0,52,119123800,0,0,1742,0,0,0,0,0,0,0,0,0,0,0,0,0,0,0,0,0,0,0,0,0,0,0,0,0,0,0,0,0,0,0,0,0
yune,track-a-comparison,luna_pinyin,key_sequence_process_with_context,zhegeyinqingqishiyinggaizhichichaochangjuzishurucainengyong,60,59,59,148142100,177,147883500,295,115,3700,375,2100,24100,47500,1100,6500,375,0,5,1,3600,5,1,300,59,0,295,885,59,1180,375,375,0,0,59,873800,23,58,725700,92,0,0,0,0,59,58,59,8500,58,7,408,400,0,0,0,0,0,0,0,0,0,0,0,0,0,0,0,52,143967600,260,3900,7005,11673,18774,0,0,1119,1928,3047,853,853,945,797,945,3047,1119,0,52,119020000,0,0,1742,0,0,0,0,0,0,0,0,0,0,0,0,0,0,0,0,0,0,0,0,0,0,0,0,0,0,0,0,0,0,0,0,0
yune,track-a-comparison,luna_pinyin,key_sequence_process_with_context,zhegeyinqingqishiyinggaizhichichaochangjuzishurucainengyong,61,59,59,150321900,177,150047800,295,115,3300,375,2500,26300,49000,1500,7600,375,0,5,1,3500,5,1,700,59,0,295,885,59,1180,375,375,0,0,59,938200,23,58,776500,92,0,0,0,0,59,58,59,10100,58,7,408,400,0,0,0,0,0,0,0,0,0,0,0,0,0,0,0,52,145921300,260,3900,7005,11673,18774,0,0,1119,1928,3047,853,853,945,797,945,3047,1119,0,52,120696900,0,0,1742,0,0,0,0,0,0,0,0,0,0,0,0,0,0,0,0,0,0,0,0,0,0,0,0,0,0,0,0,0,0,0,0,0
yune,track-a-comparison,luna_pinyin,key_sequence_process_with_context,zhegeyinqingqishiyinggaizhichichaochangjuzishurucainengyong,62,59,59,149229000,177,148922200,295,115,4100,375,2600,27200,49800,1100,8200,375,0,5,1,3300,5,1,500,59,0,295,885,59,1180,375,375,0,0,59,895900,23,58,739600,92,0,0,0,0,59,58,59,9100,58,7,408,500,0,0,0,0,0,0,0,0,0,0,0,0,0,0,0,52,144945600,260,3900,7005,11673,18774,0,0,1119,1928,3047,853,853,945,797,945,3047,1119,0,52,119748300,0,0,1742,0,0,0,0,0,0,0,0,0,0,0,0,0,0,0,0,0,0,0,0,0,0,0,0,0,0,0,0,0,0,0,0,0
yune,track-a-comparison,luna_pinyin,key_sequence_process_with_context,zhegeyinqingqishiyinggaizhichichaochangjuzishurucainengyong,63,59,59,148610100,177,148339500,295,115,3600,375,2200,24400,47500,1400,7400,375,0,5,1,4100,5,1,400,59,0,295,885,59,1180,375,375,0,0,59,940600,23,58,737000,92,0,0,0,0,59,58,59,10000,58,7,408,800,0,0,0,0,0,0,0,0,0,0,0,0,0,0,0,52,144236500,260,3900,7005,11673,18774,0,0,1119,1928,3047,853,853,945,797,945,3047,1119,0,52,119092600,0,0,1742,0,0,0,0,0,0,0,0,0,0,0,0,0,0,0,0,0,0,0,0,0,0,0,0,0,0,0,0,0,0,0,0,0
yune,track-a-comparison,luna_pinyin,key_sequence_process_with_context,zhegeyinqingqishiyinggaizhichichaochangjuzishurucainengyong,64,59,59,148999600,177,148730300,295,115,3500,375,1400,25300,47300,1800,7100,375,0,5,1,3600,5,1,500,59,0,295,885,59,1180,375,375,0,0,59,915800,23,58,724500,92,0,0,0,0,59,58,59,9000,58,7,408,700,0,0,0,0,0,0,0,0,0,0,0,0,0,0,0,52,144718600,260,3900,7005,11673,18774,0,0,1119,1928,3047,853,853,945,797,945,3047,1119,0,52,119582100,0,0,1742,0,0,0,0,0,0,0,0,0,0,0,0,0,0,0,0,0,0,0,0,0,0,0,0,0,0,0,0,0,0,0,0,0
yune,track-a-comparison,luna_pinyin,key_sequence_process_with_context,zhegeyinqingqishiyinggaizhichichaochangjuzishurucainengyong,65,59,59,150124600,177,149849100,295,115,3600,375,2500,25200,48300,1600,6700,375,0,5,1,3600,5,1,500,59,0,295,885,59,1180,375,375,0,0,59,872700,23,58,728200,92,0,0,0,0,59,58,59,8900,58,7,408,600,0,0,0,0,0,0,0,0,0,0,0,0,0,0,0,52,145923500,260,3900,7005,11673,18774,0,0,1119,1928,3047,853,853,945,797,945,3047,1119,0,52,120241500,0,0,1742,0,0,0,0,0,0,0,0,0,0,0,0,0,0,0,0,0,0,0,0,0,0,0,0,0,0,0,0,0,0,0,0,0
yune,track-a-comparison,luna_pinyin,key_sequence_process_with_context,zhegeyinqingqishiyinggaizhichichaochangjuzishurucainengyong,66,59,59,149877500,177,149592400,295,115,3800,375,2400,26100,51200,2000,7200,375,0,5,1,3500,5,1,500,59,0,295,885,59,1180,375,375,0,0,59,891900,23,58,731600,92,0,0,0,0,59,58,59,9300,58,7,408,800,0,0,0,0,0,0,0,0,0,0,0,0,0,0,0,52,145631800,260,3900,7005,11673,18774,0,0,1119,1928,3047,853,853,945,797,945,3047,1119,0,52,120201800,0,0,1742,0,0,0,0,0,0,0,0,0,0,0,0,0,0,0,0,0,0,0,0,0,0,0,0,0,0,0,0,0,0,0,0,0
yune,track-a-comparison,luna_pinyin,key_sequence_process_with_context,zhegeyinqingqishiyinggaizhichichaochangjuzishurucainengyong,67,59,59,149305300,177,149036900,295,115,4000,375,1800,24800,49500,1300,7700,375,0,5,1,4500,5,1,400,59,0,295,885,59,1180,375,375,0,0,59,957600,23,58,723900,92,0,0,0,0,59,58,59,9100,58,7,408,800,0,0,0,0,0,0,0,0,0,0,0,0,0,0,0,52,144974800,260,3900,7005,11673,18774,0,0,1119,1928,3047,853,853,945,797,945,3047,1119,0,52,119881400,0,0,1742,0,0,0,0,0,0,0,0,0,0,0,0,0,0,0,0,0,0,0,0,0,0,0,0,0,0,0,0,0,0,0,0,0
yune,track-a-comparison,luna_pinyin,key_sequence_process_with_context,zhegeyinqingqishiyinggaizhichichaochangjuzishurucainengyong,68,59,59,149411400,177,149134500,295,115,3400,375,2200,24500,48800,1200,6700,375,0,5,1,3000,5,1,500,59,0,295,885,59,1180,375,375,0,0,59,883000,23,58,735800,92,0,0,0,0,59,58,59,9400,58,7,408,600,0,0,0,0,0,0,0,0,0,0,0,0,0,0,0,52,145197100,260,3900,7005,11673,18774,0,0,1119,1928,3047,853,853,945,797,945,3047,1119,0,52,120002100,0,0,1742,0,0,0,0,0,0,0,0,0,0,0,0,0,0,0,0,0,0,0,0,0,0,0,0,0,0,0,0,0,0,0,0,0
yune,track-a-comparison,luna_pinyin,key_sequence_process_with_context,zhegeyinqingqishiyinggaizhichichaochangjuzishurucainengyong,69,59,59,150515100,177,150234700,295,115,3800,375,2000,24900,51700,1200,8000,375,0,5,1,3700,5,1,400,59,0,295,885,59,1180,375,375,0,0,59,910500,23,58,739200,92,0,0,0,0,59,58,59,8700,58,7,408,600,0,0,0,0,0,0,0,0,0,0,0,0,0,0,0,52,146215500,260,3900,7005,11673,18774,0,0,1119,1928,3047,853,853,945,797,945,3047,1119,0,52,120803400,0,0,1742,0,0,0,0,0,0,0,0,0,0,0,0,0,0,0,0,0,0,0,0,0,0,0,0,0,0,0,0,0,0,0,0,0
yune,track-a-comparison,luna_pinyin,key_sequence_process_with_context,zhegeyinqingqishiyinggaizhichichaochangjuzishurucainengyong,70,59,59,149355600,177,149080100,295,115,4100,375,2700,26300,47900,1200,7800,375,0,5,1,3600,5,1,500,59,0,295,885,59,1180,375,375,0,0,59,941300,23,58,732000,92,0,0,0,0,59,58,59,10400,58,7,408,500,0,0,0,0,0,0,0,0,0,0,0,0,0,0,0,52,144957800,260,3900,7005,11673,18774,0,0,1119,1928,3047,853,853,945,797,945,3047,1119,0,52,119830100,0,0,1742,0,0,0,0,0,0,0,0,0,0,0,0,0,0,0,0,0,0,0,0,0,0,0,0,0,0,0,0,0,0,0,0,0
yune,track-a-comparison,luna_pinyin,key_sequence_process_with_context,zhegeyinqingqishiyinggaizhichichaochangjuzishurucainengyong,71,59,59,154999800,177,154561800,295,115,3900,375,3800,37800,66300,1300,10800,375,0,5,1,4100,5,1,300,59,0,295,885,59,1180,375,375,0,0,59,979200,23,58,773800,92,0,0,0,0,59,58,59,12000,58,7,408,700,0,0,0,0,0,0,0,0,0,0,0,0,0,0,0,52,150231800,260,3900,7005,11673,18774,0,0,1119,1928,3047,853,853,945,797,945,3047,1119,0,52,124052700,0,0,1742,0,0,0,0,0,0,0,0,0,0,0,0,0,0,0,0,0,0,0,0,0,0,0,0,0,0,0,0,0,0,0,0,0
yune,track-a-comparison,luna_pinyin,key_sequence_process_with_context,zhegeyinqingqishiyinggaizhichichaochangjuzishurucainengyong,72,59,59,149477300,177,149195400,295,115,4400,375,2300,26600,48600,1500,8600,375,0,5,1,3600,5,1,400,59,0,295,885,59,1180,375,375,0,0,59,915900,23,58,739200,92,0,0,0,0,59,58,59,8200,58,7,408,500,0,0,0,0,0,0,0,0,0,0,0,0,0,0,0,52,145154400,260,3900,7005,11673,18774,0,0,1119,1928,3047,853,853,945,797,945,3047,1119,0,52,119722100,0,0,1742,0,0,0,0,0,0,0,0,0,0,0,0,0,0,0,0,0,0,0,0,0,0,0,0,0,0,0,0,0,0,0,0,0
yune,track-a-comparison,luna_pinyin,key_sequence_process_with_context,zhegeyinqingqishiyinggaizhichichaochangjuzishurucainengyong,73,59,59,148138100,177,147897800,295,115,4000,375,1400,22300,45600,1200,7700,375,0,5,1,3000,5,1,300,59,0,295,885,59,1180,375,375,0,0,59,940200,23,58,726300,92,0,0,0,0,59,58,59,7800,58,7,408,600,0,0,0,0,0,0,0,0,0,0,0,0,0,0,0,52,143827400,260,3900,7005,11673,18774,0,0,1119,1928,3047,853,853,945,797,945,3047,1119,0,52,118811700,0,0,1742,0,0,0,0,0,0,0,0,0,0,0,0,0,0,0,0,0,0,0,0,0,0,0,0,0,0,0,0,0,0,0,0,0
yune,track-a-comparison,luna_pinyin,key_sequence_process_with_context,zhegeyinqingqishiyinggaizhichichaochangjuzishurucainengyong,74,59,59,149190500,177,148937300,295,115,3900,375,2000,22300,44900,1300,7400,375,0,5,1,2800,5,1,200,59,0,295,885,59,1180,375,375,0,0,59,940300,23,58,739700,92,0,0,0,0,59,58,59,7300,58,7,408,300,0,0,0,0,0,0,0,0,0,0,0,0,0,0,0,52,144845200,260,3900,7005,11673,18774,0,0,1119,1928,3047,853,853,945,797,945,3047,1119,0,52,119649100,0,0,1742,0,0,0,0,0,0,0,0,0,0,0,0,0,0,0,0,0,0,0,0,0,0,0,0,0,0,0,0,0,0,0,0,0
yune,track-a-comparison,luna_pinyin,key_sequence_process_with_context,zhegeyinqingqishiyinggaizhichichaochangjuzishurucainengyong,75,59,59,149039300,177,148763400,295,115,3600,375,1900,25500,47900,1300,7700,375,0,5,1,2800,5,1,200,59,0,295,885,59,1180,375,375,0,0,59,943800,23,58,733500,92,0,0,0,0,59,58,59,7300,58,7,408,600,0,0,0,0,0,0,0,0,0,0,0,0,0,0,0,52,144673100,260,3900,7005,11673,18774,0,0,1119,1928,3047,853,853,945,797,945,3047,1119,0,52,119597700,0,0,1742,0,0,0,0,0,0,0,0,0,0,0,0,0,0,0,0,0,0,0,0,0,0,0,0,0,0,0,0,0,0,0,0,0
yune,track-a-comparison,luna_pinyin,key_sequence_process_with_context,zhegeyinqingqishiyinggaizhichichaochangjuzishurucainengyong,76,59,59,148063000,177,147829100,295,115,3700,375,1800,21400,42500,1200,7200,375,0,5,1,2600,5,1,200,59,0,295,885,59,1180,375,375,0,0,59,935600,23,58,720200,92,0,0,0,0,59,58,59,8100,58,7,408,600,0,0,0,0,0,0,0,0,0,0,0,0,0,0,0,52,143762700,260,3900,7005,11673,18774,0,0,1119,1928,3047,853,853,945,797,945,3047,1119,0,52,118813300,0,0,1742,0,0,0,0,0,0,0,0,0,0,0,0,0,0,0,0,0,0,0,0,0,0,0,0,0,0,0,0,0,0,0,0,0
yune,track-a-comparison,luna_pinyin,key_sequence_process_with_context,zhegeyinqingqishiyinggaizhichichaochangjuzishurucainengyong,77,59,59,147649400,177,147412000,295,115,3500,375,2100,22300,42900,1000,7200,375,0,5,1,3400,5,1,300,59,0,295,885,59,1180,375,375,0,0,59,942000,23,58,717600,92,0,0,0,0,59,58,59,7700,58,7,408,700,0,0,0,0,0,0,0,0,0,0,0,0,0,0,0,52,143366900,260,3900,7005,11673,18774,0,0,1119,1928,3047,853,853,945,797,945,3047,1119,0,52,118423800,0,0,1742,0,0,0,0,0,0,0,0,0,0,0,0,0,0,0,0,0,0,0,0,0,0,0,0,0,0,0,0,0,0,0,0,0
yune,track-a-comparison,luna_pinyin,key_sequence_process_with_context,zhegeyinqingqishiyinggaizhichichaochangjuzishurucainengyong,78,59,59,149461000,177,149178400,295,115,3600,375,2600,25800,48300,1500,7000,375,0,5,1,4000,5,1,400,59,0,295,885,59,1180,375,375,0,0,59,948100,23,58,738700,92,0,0,0,0,59,58,59,8100,58,7,408,800,0,0,0,0,0,0,0,0,0,0,0,0,0,0,0,52,145071900,260,3900,7005,11673,18774,0,0,1119,1928,3047,853,853,945,797,945,3047,1119,0,52,119312500,0,0,1742,0,0,0,0,0,0,0,0,0,0,0,0,0,0,0,0,0,0,0,0,0,0,0,0,0,0,0,0,0,0,0,0,0
yune,track-a-comparison,luna_pinyin,key_sequence_process_with_context,zhegeyinqingqishiyinggaizhichichaochangjuzishurucainengyong,79,59,59,149683200,177,149418300,295,115,4000,375,1700,24700,48400,1100,7200,375,0,5,1,3300,5,1,400,59,0,295,885,59,1180,375,375,0,0,59,934800,23,58,735500,92,0,0,0,0,59,58,59,9600,58,7,408,500,0,0,0,0,0,0,0,0,0,0,0,0,0,0,0,52,145340100,260,3900,7005,11673,18774,0,0,1119,1928,3047,853,853,945,797,945,3047,1119,0,52,119852300,0,0,1742,0,0,0,0,0,0,0,0,0,0,0,0,0,0,0,0,0,0,0,0,0,0,0,0,0,0,0,0,0,0,0,0,0
yune,track-a-comparison,luna_pinyin,key_sequence_process_with_context,cszysmsrsd,0,10,10,5788500,30,5756000,20,20,600,65,100,2300,6500,200,1500,65,0,5,1,2400,5,1,100,10,0,50,150,10,200,65,209,0,0,10,7400,0,10,24700,20,0,0,0,0,10,10,209,16800,1688,7,134,300,0,0,0,0,0,0,0,0,0,0,0,0,0,0,0,18,5641200,45,18,11085,151,11147,0,0,1652,9,9,9,9,63,45,1661,1661,0,0,18,1164600,0,0,108,0,0,0,0,0,0,0,0,9,569900,1652,1652,1652,427400,1150800,3864700,19200,5042100,0,0,0,0,0,0,0,0,0,0,0,0,0,0,0
yune,track-a-comparison,luna_pinyin,key_sequence_process_with_context,cszysmsrsd,1,10,10,5769700,30,5737400,20,20,800,65,200,2400,6400,200,1600,65,0,5,1,2000,5,1,200,10,0,50,150,10,200,65,209,0,0,10,7200,0,10,24600,20,0,0,0,0,10,10,209,18000,1688,7,134,300,0,0,0,0,0,0,0,0,0,0,0,0,0,0,0,18,5621000,45,18,11085,151,11147,0,0,1652,9,9,9,9,63,45,1661,1661,0,0,18,1172700,0,0,108,0,0,0,0,0,0,0,0,9,553200,1652,1652,1652,415800,1158200,3854100,19200,5038400,0,0,0,0,0,0,0,0,0,0,0,0,0,0,0
yune,track-a-comparison,luna_pinyin,key_sequence_process_with_context,cszysmsrsd,2,10,10,5754400,30,5721900,20,20,500,65,600,2200,6400,100,1500,65,0,5,1,1900,5,1,200,10,0,50,150,10,200,65,209,0,0,10,7400,0,10,24400,20,0,0,0,0,10,10,209,19600,1688,7,134,500,0,0,0,0,0,0,0,0,0,0,0,0,0,0,0,18,5598700,45,18,11085,151,11147,0,0,1652,9,9,9,9,63,45,1661,1661,0,0,18,1170200,0,0,108,0,0,0,0,0,0,0,0,9,541900,1652,1652,1652,404600,1155400,3845800,18800,5027500,0,0,0,0,0,0,0,0,0,0,0,0,0,0,0
yune,track-a-comparison,luna_pinyin,key_sequence_process_with_context,cszysmsrsd,3,10,10,5751900,30,5719500,20,20,500,65,400,2500,6200,300,1400,65,0,5,1,1900,5,1,200,10,0,50,150,10,200,65,209,0,0,10,7600,0,10,23900,20,0,0,0,0,10,10,209,19300,1688,7,134,500,0,0,0,0,0,0,0,0,0,0,0,0,0,0,0,18,5605300,45,18,11085,151,11147,0,0,1652,9,9,9,9,63,45,1661,1661,0,0,18,1174500,0,0,108,0,0,0,0,0,0,0,0,9,552600,1652,1652,1652,417000,1160100,3837300,19000,5023700,0,0,0,0,0,0,0,0,0,0,0,0,0,0,0
yune,track-a-comparison,luna_pinyin,key_sequence_process_with_context,cszysmsrsd,4,10,10,5761500,30,5728800,20,20,500,65,300,2400,6500,200,1200,65,0,5,1,1600,5,1,200,10,0,50,150,10,200,65,209,0,0,10,7300,0,10,24000,20,0,0,0,0,10,10,209,18500,1688,7,134,300,0,0,0,0,0,0,0,0,0,0,0,0,0,0,0,18,5614200,45,18,11085,151,11147,0,0,1652,9,9,9,9,63,45,1661,1661,0,0,18,1160700,0,0,108,0,0,0,0,0,0,0,0,9,535600,1652,1652,1652,398300,1146500,3877200,18800,5049800,0,0,0,0,0,0,0,0,0,0,0,0,0,0,0
yune,track-a-comparison,luna_pinyin,key_sequence_process_with_context,cszysmsrsd,5,10,10,5751400,30,5719300,20,20,600,65,300,2400,6400,400,1300,65,0,5,1,1500,5,1,200,10,0,50,150,10,200,65,209,0,0,10,7400,0,10,23900,20,0,0,0,0,10,10,209,17700,1688,7,134,300,0,0,0,0,0,0,0,0,0,0,0,0,0,0,0,18,5605000,45,18,11085,151,11147,0,0,1652,9,9,9,9,63,45,1661,1661,0,0,18,1153000,0,0,108,0,0,0,0,0,0,0,0,9,539300,1652,1652,1652,404700,1138500,3865000,19100,5036500,0,0,0,0,0,0,0,0,0,0,0,0,0,0,0
yune,track-a-comparison,luna_pinyin,key_sequence_process_with_context,cszysmsrsd,6,10,10,5767900,30,5735100,20,20,500,65,0,2500,6400,100,1500,65,0,5,1,1600,5,1,100,10,0,50,150,10,200,65,209,0,0,10,7400,0,10,24200,20,0,0,0,0,10,10,209,18400,1688,7,134,400,0,0,0,0,0,0,0,0,0,0,0,0,0,0,0,18,5619600,45,18,11085,151,11147,0,0,1652,9,9,9,9,63,45,1661,1661,0,0,18,1187800,0,0,108,0,0,0,0,0,0,0,0,9,539000,1652,1652,1652,403200,1173200,3851600,19200,5051500,0,0,0,0,0,0,0,0,0,0,0,0,0,0,0
yune,track-a-comparison,luna_pinyin,key_sequence_process_with_context,cszysmsrsd,7,10,10,5677300,30,5645300,20,20,700,65,200,2400,6400,300,1400,65,0,5,1,1700,5,1,200,10,0,50,150,10,200,65,209,0,0,10,7300,0,10,24200,20,0,0,0,0,10,10,209,18500,1688,7,134,500,0,0,0,0,0,0,0,0,0,0,0,0,0,0,0,18,5530000,45,18,11085,151,11147,0,0,1652,9,9,9,9,63,45,1661,1661,0,0,18,1172100,0,0,108,0,0,0,0,0,0,0,0,9,541100,1652,1652,1652,399700,1157200,3775600,19000,4959600,0,0,0,0,0,0,0,0,0,0,0,0,0,0,0
yune,track-a-comparison,luna_pinyin,key_sequence_process_with_context,cszysmsrsd,8,10,10,5691200,30,5659400,20,20,800,65,200,2400,6400,0,1200,65,0,5,1,1500,5,1,200,10,0,50,150,10,200,65,209,0,0,10,7400,0,10,25400,20,0,0,0,0,10,10,209,18800,1688,7,134,300,0,0,0,0,0,0,0,0,0,0,0,0,0,0,0,18,5542900,45,18,11085,151,11147,0,0,1652,9,9,9,9,63,45,1661,1661,0,0,18,1200900,0,0,108,0,0,0,0,0,0,0,0,9,543600,1652,1652,1652,406200,1186100,3757100,19200,4969600,0,0,0,0,0,0,0,0,0,0,0,0,0,0,0
yune,track-a-comparison,luna_pinyin,key_sequence_process_with_context,cszysmsrsd,9,10,10,5682800,30,5649700,20,20,600,65,200,2500,6200,200,1500,65,0,5,1,1600,5,1,100,10,0,50,150,10,200,65,209,0,0,10,7500,0,10,26900,20,0,0,0,0,10,10,209,19100,1688,7,134,500,0,0,0,0,0,0,0,0,0,0,0,0,0,0,0,18,5523400,45,18,11085,151,11147,0,0,1652,9,9,9,9,63,45,1661,1661,0,0,18,1176700,0,0,108,0,0,0,0,0,0,0,0,9,544900,1652,1652,1652,405700,1161700,3760700,18900,4949000,0,0,0,0,0,0,0,0,0,0,0,0,0,0,0
yune,track-a-comparison,luna_pinyin,key_sequence_process_with_context,cszysmsrsd,10,10,10,5665400,30,5632800,20,20,900,65,600,2300,6400,200,1400,65,0,5,1,1600,5,1,100,10,0,50,150,10,200,65,209,0,0,10,7500,0,10,24000,20,0,0,0,0,10,10,209,19600,1688,7,134,300,0,0,0,0,0,0,0,0,0,0,0,0,0,0,0,18,5518900,45,18,11085,151,11147,0,0,1652,9,9,9,9,63,45,1661,1661,0,0,18,1206300,0,0,108,0,0,0,0,0,0,0,0,9,543500,1652,1652,1652,405700,1191200,3728100,18400,4945800,0,0,0,0,0,0,0,0,0,0,0,0,0,0,0
yune,track-a-comparison,luna_pinyin,key_sequence_process_with_context,cszysmsrsd,11,10,10,5694400,30,5661300,20,20,700,65,0,2500,6700,400,1500,65,0,5,1,1600,5,1,200,10,0,50,150,10,200,65,209,0,0,10,7400,0,10,35500,20,0,0,0,0,10,10,209,17700,1688,7,134,300,0,0,0,0,0,0,0,0,0,0,0,0,0,0,0,18,5534400,45,18,11085,151,11147,0,0,1652,9,9,9,9,63,45,1661,1661,0,0,18,1170200,0,0,108,0,0,0,0,0,0,0,0,9,545200,1652,1652,1652,410000,1155300,3777700,19000,4958900,0,0,0,0,0,0,0,0,0,0,0,0,0,0,0
yune,track-a-comparison,luna_pinyin,key_sequence_process_with_context,cszysmsrsd,12,10,10,5713200,30,5681000,20,20,600,65,100,2300,6200,100,1400,65,0,5,1,1500,5,1,100,10,0,50,150,10,200,65,209,0,0,10,7400,0,10,24200,20,0,0,0,0,10,10,209,19900,1688,7,134,400,0,0,0,0,0,0,0,0,0,0,0,0,0,0,0,18,5564900,45,18,11085,151,11147,0,0,1652,9,9,9,9,63,45,1661,1661,0,0,18,1195900,0,0,108,0,0,0,0,0,0,0,0,9,545000,1652,1652,1652,408900,1180100,3783200,18900,4990000,0,0,0,0,0,0,0,0,0,0,0,0,0,0,0
yune,track-a-comparison,luna_pinyin,key_sequence_process_with_context,cszysmsrsd,13,10,10,5704300,30,5672100,20,20,500,65,200,2500,6300,100,1500,65,0,5,1,1500,5,1,100,10,0,50,150,10,200,65,209,0,0,10,7400,0,10,24300,20,0,0,0,0,10,10,209,18300,1688,7,134,200,0,0,0,0,0,0,0,0,0,0,0,0,0,0,0,18,5551900,45,18,11085,151,11147,0,0,1652,9,9,9,9,63,45,1661,1661,0,0,18,1171200,0,0,108,0,0,0,0,0,0,0,0,9,547000,1652,1652,1652,405800,1156400,3792800,18900,4975800,0,0,0,0,0,0,0,0,0,0,0,0,0,0,0
yune,track-a-comparison,luna_pinyin,key_sequence_process_with_context,cszysmsrsd,14,10,10,5695500,30,5662200,20,20,400,65,200,2300,6800,0,1500,65,0,5,1,1600,5,1,200,10,0,50,150,10,200,65,209,0,0,10,7500,0,10,24300,20,0,0,0,0,10,10,209,19300,1688,7,134,300,0,0,0,0,0,0,0,0,0,0,0,0,0,0,0,18,5547800,45,18,11085,151,11147,0,0,1652,9,9,9,9,63,45,1661,1661,0,0,18,1197900,0,0,108,0,0,0,0,0,0,0,0,9,544900,1652,1652,1652,409300,1183100,3763900,19100,4973600,0,0,0,0,0,0,0,0,0,0,0,0,0,0,0
yune,track-a-comparison,luna_pinyin,key_sequence_process_with_context,cszysmsrsd,15,10,10,7347800,30,7314000,20,20,500,65,400,2500,7000,100,1600,65,0,5,1,1500,5,1,100,10,0,50,150,10,200,65,209,0,0,10,7400,0,10,36900,20,0,0,0,0,10,10,209,19100,1688,7,134,500,0,0,0,0,0,0,0,0,0,0,0,0,0,0,0,18,7186600,45,18,11085,151,11147,0,0,1652,9,9,9,9,63,45,1661,1661,0,0,18,1250300,0,0,108,0,0,0,0,0,0,0,0,9,559200,1652,1652,1652,420700,1234100,5330200,18800,6596000,0,0,0,0,0,0,0,0,0,0,0,0,0,0,0
yune,track-a-comparison,luna_pinyin,key_sequence_process_with_context,cszysmsrsd,16,10,10,5736200,30,5703600,20,20,400,65,300,2200,6500,300,1500,65,0,5,1,1500,5,1,200,10,0,50,150,10,200,65,209,0,0,10,7400,0,10,25600,20,0,0,0,0,10,10,209,20400,1688,7,134,400,0,0,0,0,0,0,0,0,0,0,0,0,0,0,0,18,5587000,45,18,11085,151,11147,0,0,1652,9,9,9,9,63,45,1661,1661,0,0,18,1194500,0,0,108,0,0,0,0,0,0,0,0,9,559100,1652,1652,1652,415200,1178600,3791800,19400,4997400,0,0,0,0,0,0,0,0,0,0,0,0,0,0,0
yune,track-a-comparison,luna_pinyin,key_sequence_process_with_context,cszysmsrsd,17,10,10,5707000,30,5673700,20,20,500,65,200,2500,6900,100,1400,65,0,5,1,1600,5,1,200,10,0,50,150,10,200,65,209,0,0,10,7300,0,10,24800,20,0,0,0,0,10,10,209,19800,1688,7,134,400,0,0,0,0,0,0,0,0,0,0,0,0,0,0,0,18,5558900,45,18,11085,151,11147,0,0,1652,9,9,9,9,63,45,1661,1661,0,0,18,1180400,0,0,108,0,0,0,0,0,0,0,0,9,551500,1652,1652,1652,404700,1165300,3785000,27200,4977300,0,0,0,0,0,0,0,0,0,0,0,0,0,0,0
yune,track-a-comparison,luna_pinyin,key_sequence_process_with_context,cszysmsrsd,18,10,10,5671900,30,5639400,20,20,900,65,200,2300,6300,300,1400,65,0,5,1,1500,5,1,100,10,0,50,150,10,200,65,209,0,0,10,7400,0,10,24400,20,0,0,0,0,10,10,209,18200,1688,7,134,500,0,0,0,0,0,0,0,0,0,0,0,0,0,0,0,18,5525100,45,18,11085,151,11147,0,0,1652,9,9,9,9,63,45,1661,1661,0,0,18,1171500,0,0,108,0,0,0,0,0,0,0,0,9,542500,1652,1652,1652,404700,1156800,3770500,18600,4953300,0,0,0,0,0,0,0,0,0,0,0,0,0,0,0
yune,track-a-comparison,luna_pinyin,key_sequence_process_with_context,cszysmsrsd,19,10,10,5675100,30,5642200,20,20,600,65,200,2500,6500,400,1500,65,0,5,1,1500,5,1,200,10,0,50,150,10,200,65,209,0,0,10,7400,0,10,23900,20,0,0,0,0,10,10,209,18800,1688,7,134,500,0,0,0,0,0,0,0,0,0,0,0,0,0,0,0,18,5528200,45,18,11085,151,11147,0,0,1652,9,9,9,9,63,45,1661,1661,0,0,18,1182300,0,0,108,0,0,0,0,0,0,0,0,9,543600,1652,1652,1652,407200,1167700,3760600,19200,4955100,0,0,0,0,0,0,0,0,0,0,0,0,0,0,0
yune,track-a-comparison,luna_pinyin,key_sequence_process_with_context,cszysmsrsd,20,10,10,5690500,30,5657800,20,20,700,65,100,2500,6200,300,1400,65,0,5,1,1500,5,1,200,10,0,50,150,10,200,65,209,0,0,10,7500,0,10,24300,20,0,0,0,0,10,10,209,19200,1688,7,134,200,0,0,0,0,0,0,0,0,0,0,0,0,0,0,0,18,5542200,45,18,11085,151,11147,0,0,1652,9,9,9,9,63,45,1661,1661,0,0,18,1172400,0,0,108,0,0,0,0,0,0,0,0,9,544600,1652,1652,1652,408400,1157400,3783600,18800,4967700,0,0,0,0,0,0,0,0,0,0,0,0,0,0,0
yune,track-a-comparison,luna_pinyin,key_sequence_process_with_context,cszysmsrsd,21,10,10,5675100,30,5632600,20,20,500,65,300,12100,6600,200,1600,65,0,5,1,1500,5,1,100,10,0,50,150,10,200,65,209,0,0,10,7300,0,10,24400,20,0,0,0,0,10,10,209,18600,1688,7,134,300,0,0,0,0,0,0,0,0,0,0,0,0,0,0,0,18,5517500,45,18,11085,151,11147,0,0,1652,9,9,9,9,63,45,1661,1661,0,0,18,1197900,0,0,108,0,0,0,0,0,0,0,0,9,542900,1652,1652,1652,404700,1183200,3735700,18700,4945400,0,0,0,0,0,0,0,0,0,0,0,0,0,0,0
yune,track-a-comparison,luna_pinyin,key_sequence_process_with_context,cszysmsrsd,22,10,10,5755100,30,5722500,20,20,600,65,300,2200,6400,200,1300,65,0,5,1,1600,5,1,200,10,0,50,150,10,200,65,209,0,0,10,7500,0,10,39300,20,0,0,0,0,10,10,209,18200,1688,7,134,200,0,0,0,0,0,0,0,0,0,0,0,0,0,0,0,18,5593100,45,18,11085,151,11147,0,0,1652,9,9,9,9,63,45,1661,1661,0,0,18,1173300,0,0,108,0,0,0,0,0,0,0,0,9,561500,1652,1652,1652,411500,1158900,3817200,19100,5002000,0,0,0,0,0,0,0,0,0,0,0,0,0,0,0
yune,track-a-comparison,luna_pinyin,key_sequence_process_with_context,cszysmsrsd,23,10,10,5706500,30,5674100,20,20,800,65,0,2300,6600,200,1400,65,0,5,1,1800,5,1,200,10,0,50,150,10,200,65,209,0,0,10,7500,0,10,25000,20,0,0,0,0,10,10,209,19900,1688,7,134,300,0,0,0,0,0,0,0,0,0,0,0,0,0,0,0,18,5558200,45,18,11085,151,11147,0,0,1652,9,9,9,9,63,45,1661,1661,0,0,18,1181300,0,0,108,0,0,0,0,0,0,0,0,9,558200,1652,1652,1652,419500,1165900,3777700,19000,4969900,0,0,0,0,0,0,0,0,0,0,0,0,0,0,0
yune,track-a-comparison,luna_pinyin,key_sequence_process_with_context,cszysmsrsd,24,10,10,5738500,30,5705700,20,20,600,65,400,2400,6500,200,1600,65,0,5,1,1600,5,1,100,10,0,50,150,10,200,65,209,0,0,10,7400,0,10,24600,20,0,0,0,0,10,10,209,20100,1688,7,134,400,0,0,0,0,0,0,0,0,0,0,0,0,0,0,0,18,5585000,45,18,11085,151,11147,0,0,1652,9,9,9,9,63,45,1661,1661,0,0,18,1182600,0,0,108,0,0,0,0,0,0,0,0,9,555800,1652,1652,1652,407600,1167900,3805600,19200,5000000,0,0,0,0,0,0,0,0,0,0,0,0,0,0,0
yune,track-a-comparison,luna_pinyin,key_sequence_process_with_context,cszysmsrsd,25,10,10,5749500,30,5716600,20,20,400,65,100,2500,6600,300,1800,65,0,5,1,1600,5,1,200,10,0,50,150,10,200,65,209,0,0,10,7400,0,10,24800,20,0,0,0,0,10,10,209,17700,1688,7,134,400,0,0,0,0,0,0,0,0,0,0,0,0,0,0,0,18,5599800,45,18,11085,151,11147,0,0,1652,9,9,9,9,63,45,1661,1661,0,0,18,1198700,0,0,108,0,0,0,0,0,0,0,0,9,549400,1652,1652,1652,410600,1183700,3809700,19000,5020500,0,0,0,0,0,0,0,0,0,0,0,0,0,0,0
yune,track-a-comparison,luna_pinyin,key_sequence_process_with_context,cszysmsrsd,26,10,10,5720000,30,5686400,20,20,400,65,100,2600,6700,400,1600,65,0,5,1,1500,5,1,100,10,0,50,150,10,200,65,209,0,0,10,7400,0,10,24400,20,0,0,0,0,10,10,209,18500,1688,7,134,400,0,0,0,0,0,0,0,0,0,0,0,0,0,0,0,18,5563900,45,18,11085,151,11147,0,0,1652,9,9,9,9,63,45,1661,1661,0,0,18,1170100,0,0,108,0,0,0,0,0,0,0,0,9,548700,1652,1652,1652,412300,1154600,3801200,19100,4983200,0,0,0,0,0,0,0,0,0,0,0,0,0,0,0
yune,track-a-comparison,luna_pinyin,key_sequence_process_with_context,cszysmsrsd,27,10,10,5736800,30,5703100,20,20,500,65,300,2600,7000,200,1300,65,0,5,1,1700,5,1,100,10,0,50,150,10,200,65,209,0,0,10,7500,0,10,24800,20,0,0,0,0,10,10,209,19200,1688,7,134,300,0,0,0,0,0,0,0,0,0,0,0,0,0,0,0,18,5585700,45,18,11085,151,11147,0,0,1652,9,9,9,9,63,45,1661,1661,0,0,18,1183000,0,0,108,0,0,0,0,0,0,0,0,9,547400,1652,1652,1652,407700,1167400,3813300,19000,5008000,0,0,0,0,0,0,0,0,0,0,0,0,0,0,0
yune,track-a-comparison,luna_pinyin,key_sequence_process_with_context,cszysmsrsd,28,10,10,5745000,30,5711600,20,20,900,65,400,2500,7100,200,1500,65,0,5,1,1600,5,1,200,10,0,50,150,10,200,65,209,0,0,10,7500,0,10,24400,20,0,0,0,0,10,10,209,18800,1688,7,134,400,0,0,0,0,0,0,0,0,0,0,0,0,0,0,0,18,5595900,45,18,11085,151,11147,0,0,1652,9,9,9,9,63,45,1661,1661,0,0,18,1183200,0,0,108,0,0,0,0,0,0,0,0,9,545900,1652,1652,1652,407000,1167900,3824900,19100,5020000,0,0,0,0,0,0,0,0,0,0,0,0,0,0,0
yune,track-a-comparison,luna_pinyin,key_sequence_process_with_context,cszysmsrsd,29,10,10,5712400,30,5679300,20,20,400,65,100,2300,6800,100,1600,65,0,5,1,1500,5,1,200,10,0,50,150,10,200,65,209,0,0,10,7400,0,10,25300,20,0,0,0,0,10,10,209,18800,1688,7,134,400,0,0,0,0,0,0,0,0,0,0,0,0,0,0,0,18,5554900,45,18,11085,151,11147,0,0,1652,9,9,9,9,63,45,1661,1661,0,0,18,1178600,0,0,108,0,0,0,0,0,0,0,0,9,545900,1652,1652,1652,409400,1163100,3789000,19100,4978900,0,0,0,0,0,0,0,0,0,0,0,0,0,0,0
yune,track-a-comparison,luna_pinyin,key_sequence_process_with_context,cszysmsrsd,30,10,10,5747500,30,5715100,20,20,500,65,400,2300,6600,200,1600,65,0,5,1,1600,5,1,200,10,0,50,150,10,200,65,209,0,0,10,7400,0,10,24500,20,0,0,0,0,10,10,209,20200,1688,7,134,200,0,0,0,0,0,0,0,0,0,0,0,0,0,0,0,18,5599800,45,18,11085,151,11147,0,0,1652,9,9,9,9,63,45,1661,1661,0,0,18,1202100,0,0,108,0,0,0,0,0,0,0,0,9,548100,1652,1652,1652,409900,1186500,3807600,18900,5020900,0,0,0,0,0,0,0,0,0,0,0,0,0,0,0
yune,track-a-comparison,luna_pinyin,key_sequence_process_with_context,cszysmsrsd,31,10,10,5700400,30,5667300,20,20,600,65,100,2400,6700,300,1700,65,0,5,1,1400,5,1,100,10,0,50,150,10,200,65,209,0,0,10,7400,0,10,25000,20,0,0,0,0,10,10,209,19300,1688,7,134,300,0,0,0,0,0,0,0,0,0,0,0,0,0,0,0,18,5550000,45,18,11085,151,11147,0,0,1652,9,9,9,9,63,45,1661,1661,0,0,18,1184800,0,0,108,0,0,0,0,0,0,0,0,9,547900,1652,1652,1652,410200,1169600,3776100,19200,4972100,0,0,0,0,0,0,0,0,0,0,0,0,0,0,0
yune,track-a-comparison,luna_pinyin,key_sequence_process_with_context,cszysmsrsd,32,10,10,5724000,30,5690700,20,20,400,65,500,2300,6700,100,1500,65,0,5,1,1500,5,1,200,10,0,50,150,10,200,65,209,0,0,10,7400,0,10,24600,20,0,0,0,0,10,10,209,19300,1688,7,134,400,0,0,0,0,0,0,0,0,0,0,0,0,0,0,0,18,5574600,45,18,11085,151,11147,0,0,1652,9,9,9,9,63,45,1661,1661,0,0,18,1177800,0,0,108,0,0,0,0,0,0,0,0,9,568100,1652,1652,1652,428100,1162800,3785900,19100,4975900,0,0,0,0,0,0,0,0,0,0,0,0,0,0,0
yune,track-a-comparison,luna_pinyin,key_sequence_process_with_context,cszysmsrsd,33,10,10,5805200,30,5771600,20,20,500,65,200,2500,6900,200,1600,65,0,5,1,1600,5,1,200,10,0,50,150,10,200,65,209,0,0,10,7500,0,10,25200,20,0,0,0,0,10,10,209,18500,1688,7,134,300,0,0,0,0,0,0,0,0,0,0,0,0,0,0,0,18,5654200,45,18,11085,151,11147,0,0,1652,9,9,9,9,63,45,1661,1661,0,0,18,1204200,0,0,108,0,0,0,0,0,0,0,0,9,561500,1652,1652,1652,423200,1188200,3847100,19000,5062100,0,0,0,0,0,0,0,0,0,0,0,0,0,0,0
yune,track-a-comparison,luna_pinyin,key_sequence_process_with_context,cszysmsrsd,34,10,10,5864000,30,5830500,20,20,600,65,200,2400,6900,200,1600,65,0,5,1,1600,5,1,200,10,0,50,150,10,200,65,209,0,0,10,7400,0,10,24500,20,0,0,0,0,10,10,209,19000,1688,7,134,400,0,0,0,0,0,0,0,0,0,0,0,0,0,0,0,18,5714400,45,18,11085,151,11147,0,0,1652,9,9,9,9,63,45,1661,1661,0,0,18,1234800,0,0,108,0,0,0,0,0,0,0,0,9,563400,1652,1652,1652,422800,1218100,3874100,19300,5119800,0,0,0,0,0,0,0,0,0,0,0,0,0,0,0
yune,track-a-comparison,luna_pinyin,key_sequence_process_with_context,cszysmsrsd,35,10,10,5855100,30,5821900,20,20,800,65,100,2200,6900,300,1600,65,0,5,1,1600,5,1,200,10,0,50,150,10,200,65,209,0,0,10,7400,0,10,24300,20,0,0,0,0,10,10,209,26400,1688,7,134,400,0,0,0,0,0,0,0,0,0,0,0,0,0,0,0,18,5706900,45,18,11085,151,11147,0,0,1652,9,9,9,9,63,45,1661,1661,0,0,18,1245300,0,0,108,0,0,0,0,0,0,0,0,9,581900,1652,1652,1652,435200,1229000,3838200,19100,5094100,0,0,0,0,0,0,0,0,0,0,0,0,0,0,0
yune,track-a-comparison,luna_pinyin,key_sequence_process_with_context,cszysmsrsd,36,10,10,5853100,30,5817700,20,20,500,65,200,2400,7000,500,3600,65,0,5,1,1500,5,1,200,10,0,50,150,10,200,65,209,0,0,10,7300,0,10,24200,20,0,0,0,0,10,10,209,21900,1688,7,134,500,0,0,0,0,0,0,0,0,0,0,0,0,0,0,0,18,5702700,45,18,11085,151,11147,0,0,1652,9,9,9,9,63,45,1661,1661,0,0,18,1267900,0,0,108,0,0,0,0,0,0,0,0,9,559900,1652,1652,1652,421100,1252100,3826200,19300,5105600,0,0,0,0,0,0,0,0,0,0,0,0,0,0,0
yune,track-a-comparison,luna_pinyin,key_sequence_process_with_context,cszysmsrsd,37,10,10,5851500,30,5817200,20,20,700,65,200,2700,7300,300,1600,65,0,5,1,1600,5,1,200,10,0,50,150,10,200,65,209,0,0,10,7400,0,10,25000,20,0,0,0,0,10,10,209,18800,1688,7,134,300,0,0,0,0,0,0,0,0,0,0,0,0,0,0,0,18,5700900,45,18,11085,151,11147,0,0,1652,9,9,9,9,63,45,1661,1661,0,0,18,1255900,0,0,108,0,0,0,0,0,0,0,0,9,565000,1652,1652,1652,424600,1239500,3837500,21000,5104200,0,0,0,0,0,0,0,0,0,0,0,0,0,0,0
yune,track-a-comparison,luna_pinyin,key_sequence_process_with_context,cszysmsrsd,38,10,10,5931400,30,5897100,20,20,400,65,100,2300,6700,400,1500,65,0,5,1,1600,5,1,200,10,0,50,150,10,200,65,209,0,0,10,7300,0,10,24500,20,0,0,0,0,10,10,209,19400,1688,7,134,500,0,0,0,0,0,0,0,0,0,0,0,0,0,0,0,18,5781300,45,18,11085,151,11147,0,0,1652,9,9,9,9,63,45,1661,1661,0,0,18,1252900,0,0,108,0,0,0,0,0,0,0,0,9,567800,1652,1652,1652,429200,1236000,3917200,19200,5181000,0,0,0,0,0,0,0,0,0,0,0,0,0,0,0
yune,track-a-comparison,luna_pinyin,key_sequence_process_with_context,cszysmsrsd,39,10,10,5892800,30,5859300,20,20,600,65,200,2500,6900,500,1400,65,0,5,1,1600,5,1,100,10,0,50,150,10,200,65,209,0,0,10,7400,0,10,24600,20,0,0,0,0,10,10,209,18900,1688,7,134,400,0,0,0,0,0,0,0,0,0,0,0,0,0,0,0,18,5742800,45,18,11085,151,11147,0,0,1652,9,9,9,9,63,45,1661,1661,0,0,18,1260500,0,0,108,0,0,0,0,0,0,0,0,9,575900,1652,1652,1652,431600,1244400,3864100,19300,5135500,0,0,0,0,0,0,0,0,0,0,0,0,0,0,0
yune,track-a-comparison,luna_pinyin,key_sequence_process_with_context,cszysmsrsd,40,10,10,5844700,30,5811600,20,20,600,65,200,2500,6800,200,1700,65,0,5,1,1600,5,1,200,10,0,50,150,10,200,65,209,0,0,10,7400,0,10,24600,20,0,0,0,0,10,10,209,18400,1688,7,134,400,0,0,0,0,0,0,0,0,0,0,0,0,0,0,0,18,5695700,45,18,11085,151,11147,0,0,1652,9,9,9,9,63,45,1661,1661,0,0,18,1232300,0,0,108,0,0,0,0,0,0,0,0,9,569900,1652,1652,1652,432500,1216300,3853500,19400,5094700,0,0,0,0,0,0,0,0,0,0,0,0,0,0,0
yune,track-a-comparison,luna_pinyin,key_sequence_process_with_context,cszysmsrsd,41,10,10,5829100,30,5795600,20,20,600,65,100,2600,6700,400,1400,65,0,5,1,1500,5,1,100,10,0,50,150,10,200,65,209,0,0,10,7400,0,10,40300,20,0,0,0,0,10,10,209,17300,1688,7,134,500,0,0,0,0,0,0,0,0,0,0,0,0,0,0,0,18,5663600,45,18,11085,151,11147,0,0,1652,9,9,9,9,63,45,1661,1661,0,0,18,1233800,0,0,108,0,0,0,0,0,0,0,0,9,562300,1652,1652,1652,422800,1217700,3829000,18900,5069900,0,0,0,0,0,0,0,0,0,0,0,0,0,0,0
yune,track-a-comparison,luna_pinyin,key_sequence_process_with_context,cszysmsrsd,42,10,10,5797700,30,5764600,20,20,900,65,300,2200,7000,300,1500,65,0,5,1,1500,5,1,200,10,0,50,150,10,200,65,209,0,0,10,7400,0,10,24200,20,0,0,0,0,10,10,209,19000,1688,7,134,200,0,0,0,0,0,0,0,0,0,0,0,0,0,0,0,18,5649100,45,18,11085,151,11147,0,0,1652,9,9,9,9,63,45,1661,1661,0,0,18,1230200,0,0,108,0,0,0,0,0,0,0,0,9,557500,1652,1652,1652,419400,1214200,3822800,18800,5060600,0,0,0,0,0,0,0,0,0,0,0,0,0,0,0
yune,track-a-comparison,luna_pinyin,key_sequence_process_with_context,cszysmsrsd,43,10,10,5868800,30,5835600,20,20,600,65,300,2400,7100,100,1700,65,0,5,1,1600,5,1,100,10,0,50,150,10,200,65,209,0,0,10,7400,0,10,24500,20,0,0,0,0,10,10,209,18900,1688,7,134,300,0,0,0,0,0,0,0,0,0,0,0,0,0,0,0,18,5720000,45,18,11085,151,11147,0,0,1652,9,9,9,9,63,45,1661,1661,0,0,18,1234100,0,0,108,0,0,0,0,0,0,0,0,9,561400,1652,1652,1652,414500,1217900,3886400,19200,5127900,0,0,0,0,0,0,0,0,0,0,0,0,0,0,0
yune,track-a-comparison,luna_pinyin,key_sequence_process_with_context,cszysmsrsd,44,10,10,5856400,30,5819500,20,20,700,65,300,2400,7100,300,1600,65,0,5,1,1500,5,1,100,10,0,50,150,10,200,65,209,0,0,10,7400,0,10,24500,20,0,0,0,0,10,10,209,17400,1688,7,134,200,0,0,0,0,0,0,0,0,0,0,0,0,0,0,0,18,5704500,45,18,11085,151,11147,0,0,1652,9,9,9,9,63,45,1661,1661,0,0,18,1186000,0,0,108,0,0,0,0,0,0,0,0,9,559000,1652,1652,1652,422000,1170600,3922400,18400,5115500,0,0,0,0,0,0,0,0,0,0,0,0,0,0,0
yune,track-a-comparison,luna_pinyin,key_sequence_process_with_context,cszysmsrsd,45,10,10,5849500,30,5816400,20,20,700,65,400,2500,6900,100,1500,65,0,5,1,1600,5,1,200,10,0,50,150,10,200,65,209,0,0,10,7500,0,10,24500,20,0,0,0,0,10,10,209,18200,1688,7,134,400,0,0,0,0,0,0,0,0,0,0,0,0,0,0,0,18,5698900,45,18,11085,151,11147,0,0,1652,9,9,9,9,63,45,1661,1661,0,0,18,1191400,0,0,108,0,0,0,0,0,0,0,0,9,546000,1652,1652,1652,410400,1176100,3923100,18900,5122100,0,0,0,0,0,0,0,0,0,0,0,0,0,0,0
yune,track-a-comparison,luna_pinyin,key_sequence_process_with_context,cszysmsrsd,46,10,10,5835900,30,5802900,20,20,600,65,400,2300,7000,500,1300,65,0,5,1,1600,5,1,200,10,0,50,150,10,200,65,209,0,0,10,7400,0,10,25400,20,0,0,0,0,10,10,209,17400,1688,7,134,300,0,0,0,0,0,0,0,0,0,0,0,0,0,0,0,18,5686400,45,18,11085,151,11147,0,0,1652,9,9,9,9,63,45,1661,1661,0,0,18,1169700,0,0,108,0,0,0,0,0,0,0,0,9,548700,1652,1652,1652,410000,1154400,3930600,18900,5107900,0,0,0,0,0,0,0,0,0,0,0,0,0,0,0
yune,track-a-comparison,luna_pinyin,key_sequence_process_with_context,cszysmsrsd,47,10,10,5838100,30,5806000,20,20,500,65,400,2300,6600,200,1400,65,0,5,1,1600,5,1,200,10,0,50,150,10,200,65,209,0,0,10,7500,0,10,24900,20,0,0,0,0,10,10,209,19100,1688,7,134,400,0,0,0,0,0,0,0,0,0,0,0,0,0,0,0,18,5690100,45,18,11085,151,11147,0,0,1652,9,9,9,9,63,45,1661,1661,0,0,18,1192700,0,0,108,0,0,0,0,0,0,0,0,9,555700,1652,1652,1652,402500,1178000,3904700,25200,5105300,0,0,0,0,0,0,0,0,0,0,0,0,0,0,0
yune,track-a-comparison,luna_pinyin,key_sequence_process_with_context,cszysmsrsd,48,10,10,5842100,30,5809300,20,20,900,65,400,2500,6700,100,1500,65,0,5,1,1500,5,1,100,10,0,50,150,10,200,65,209,0,0,10,7300,0,10,25000,20,0,0,0,0,10,10,209,18200,1688,7,134,300,0,0,0,0,0,0,0,0,0,0,0,0,0,0,0,18,5694000,45,18,11085,151,11147,0,0,1652,9,9,9,9,63,45,1661,1661,0,0,18,1207800,0,0,108,0,0,0,0,0,0,0,0,9,544000,1652,1652,1652,406100,1192900,3903200,18600,5119900,0,0,0,0,0,0,0,0,0,0,0,0,0,0,0
yune,track-a-comparison,luna_pinyin,key_sequence_process_with_context,cszysmsrsd,49,10,10,5852600,30,5820400,20,20,600,65,400,2600,6800,200,1500,65,0,5,1,1600,5,1,200,10,0,50,150,10,200,65,209,0,0,10,7300,0,10,24500,20,0,0,0,0,10,10,209,18900,1688,7,134,300,0,0,0,0,0,0,0,0,0,0,0,0,0,0,0,18,5704200,45,18,11085,151,11147,0,0,1652,9,9,9,9,63,45,1661,1661,0,0,18,1182900,0,0,108,0,0,0,0,0,0,0,0,9,544300,1652,1652,1652,406400,1168200,3939000,18400,5130200,0,0,0,0,0,0,0,0,0,0,0,0,0,0,0
yune,track-a-comparison,luna_pinyin,key_sequence_process_with_context,cszysmsrsd,50,10,10,5816500,30,5783600,20,20,700,65,200,2400,6800,600,1600,65,0,5,1,1500,5,1,100,10,0,50,150,10,200,65,209,0,0,10,7400,0,10,24000,20,0,0,0,0,10,10,209,19000,1688,7,134,300,0,0,0,0,0,0,0,0,0,0,0,0,0,0,0,18,5668300,45,18,11085,151,11147,0,0,1652,9,9,9,9,63,45,1661,1661,0,0,18,1166500,0,0,108,0,0,0,0,0,0,0,0,9,544200,1652,1652,1652,403900,1151100,3920000,18400,5093900,0,0,0,0,0,0,0,0,0,0,0,0,0,0,0
yune,track-a-comparison,luna_pinyin,key_sequence_process_with_context,cszysmsrsd,51,10,10,5882000,30,5848700,20,20,400,65,400,2300,6700,300,1600,65,0,5,1,1600,5,1,200,10,0,50,150,10,200,65,209,0,0,10,7400,0,10,24700,20,0,0,0,0,10,10,209,18800,1688,7,134,300,0,0,0,0,0,0,0,0,0,0,0,0,0,0,0,18,5733800,45,18,11085,151,11147,0,0,1652,9,9,9,9,63,45,1661,1661,0,0,18,1188300,0,0,108,0,0,0,0,0,0,0,0,9,545800,1652,1652,1652,404600,1173600,3961600,19000,5158000,0,0,0,0,0,0,0,0,0,0,0,0,0,0,0
yune,track-a-comparison,luna_pinyin,key_sequence_process_with_context,cszysmsrsd,52,10,10,5864300,30,5831000,20,20,800,65,500,2300,6700,200,1400,65,0,5,1,1500,5,1,200,10,0,50,150,10,200,65,209,0,0,10,7400,0,10,24500,20,0,0,0,0,10,10,209,19500,1688,7,134,300,0,0,0,0,0,0,0,0,0,0,0,0,0,0,0,18,5715500,45,18,11085,151,11147,0,0,1652,9,9,9,9,63,45,1661,1661,0,0,18,1164400,0,0,108,0,0,0,0,0,0,0,0,9,557700,1652,1652,1652,415300,1148800,3955100,19000,5127100,0,0,0,0,0,0,0,0,0,0,0,0,0,0,0
yune,track-a-comparison,luna_pinyin,key_sequence_process_with_context,cszysmsrsd,53,10,10,5855600,30,5821700,20,20,400,65,300,2500,6700,100,1500,65,0,5,1,1500,5,1,100,10,0,50,150,10,200,65,209,0,0,10,7300,0,10,24700,20,0,0,0,0,10,10,209,17800,1688,7,134,400,0,0,0,0,0,0,0,0,0,0,0,0,0,0,0,18,5706000,45,18,11085,151,11147,0,0,1652,9,9,9,9,63,45,1661,1661,0,0,18,1203300,0,0,108,0,0,0,0,0,0,0,0,9,544700,1652,1652,1652,406400,1187300,3920100,18800,5130600,0,0,0,0,0,0,0,0,0,0,0,0,0,0,0
yune,track-a-comparison,luna_pinyin,key_sequence_process_with_context,cszysmsrsd,54,10,10,5849100,30,5796600,20,20,600,65,200,2400,26200,100,1600,65,0,5,1,1600,5,1,200,10,0,50,150,10,200,65,209,0,0,10,7200,0,10,24400,20,0,0,0,0,10,10,209,19600,1688,7,134,400,0,0,0,0,0,0,0,0,0,0,0,0,0,0,0,18,5681800,45,18,11085,151,11147,0,0,1652,9,9,9,9,63,45,1661,1661,0,0,18,1177400,0,0,108,0,0,0,0,0,0,0,0,9,542300,1652,1652,1652,405300,1161900,3924900,18500,5109500,0,0,0,0,0,0,0,0,0,0,0,0,0,0,0
yune,track-a-comparison,luna_pinyin,key_sequence_process_with_context,cszysmsrsd,55,10,10,5876200,30,5841800,20,20,400,65,0,2400,7000,300,1700,65,0,5,1,3200,5,1,500,10,0,50,150,10,200,65,209,0,0,10,7400,0,10,25200,20,0,0,0,0,10,10,209,19000,1688,7,134,600,0,0,0,0,0,0,0,0,0,0,0,0,0,0,0,18,5717700,45,18,11085,151,11147,0,0,1652,9,9,9,9,63,45,1661,1661,0,0,18,1175000,0,0,108,0,0,0,0,0,0,0,0,9,551800,1652,1652,1652,411500,1159500,3951700,18900,5134400,0,0,0,0,0,0,0,0,0,0,0,0,0,0,0
yune,track-a-comparison,luna_pinyin,key_sequence_process_with_context,cszysmsrsd,56,10,10,5967700,30,5931000,20,20,700,65,100,2400,8100,300,1900,65,0,5,1,2900,5,1,500,10,0,50,150,10,200,65,209,0,0,10,7500,0,10,32900,20,0,0,0,0,10,10,209,20500,1688,7,134,600,0,0,0,0,0,0,0,0,0,0,0,0,0,0,0,18,5802500,45,18,11085,151,11147,0,0,1652,9,9,9,9,63,45,1661,1661,0,0,18,1233900,0,0,108,0,0,0,0,0,0,0,0,9,561300,1652,1652,1652,418300,1217900,3967800,19200,5209300,0,0,0,0,0,0,0,0,0,0,0,0,0,0,0
yune,track-a-comparison,luna_pinyin,key_sequence_process_with_context,cszysmsrsd,57,10,10,5883000,30,5849000,20,20,600,65,100,2600,6800,200,1600,65,0,5,1,2800,5,1,300,10,0,50,150,10,200,65,209,0,0,10,7400,0,10,33600,20,0,0,0,0,10,10,209,19500,1688,7,134,500,0,0,0,0,0,0,0,0,0,0,0,0,0,0,0,18,5721300,45,18,11085,151,11147,0,0,1652,9,9,9,9,63,45,1661,1661,0,0,18,1184400,0,0,108,0,0,0,0,0,0,0,0,9,544700,1652,1652,1652,402200,1169300,3953400,18900,5145500,0,0,0,0,0,0,0,0,0,0,0,0,0,0,0
yune,track-a-comparison,luna_pinyin,key_sequence_process_with_context,cszysmsrsd,58,10,10,5849600,30,5813300,20,20,700,65,200,2500,8400,100,1300,65,0,5,1,2700,5,1,200,10,0,50,150,10,200,65,209,0,0,10,7400,0,10,29100,20,0,0,0,0,10,10,209,18400,1688,7,134,400,0,0,0,0,0,0,0,0,0,0,0,0,0,0,0,18,5691200,45,18,11085,151,11147,0,0,1652,9,9,9,9,63,45,1661,1661,0,0,18,1166300,0,0,108,0,0,0,0,0,0,0,0,9,542000,1652,1652,1652,401300,1151300,3945600,19000,5119200,0,0,0,0,0,0,0,0,0,0,0,0,0,0,0
yune,track-a-comparison,luna_pinyin,key_sequence_process_with_context,cszysmsrsd,59,10,10,5857500,30,5823700,20,20,600,65,200,2500,7000,0,1500,65,0,5,1,2300,5,1,200,10,0,50,150,10,200,65,209,0,0,10,7100,0,10,26300,20,0,0,0,0,10,10,209,19900,1688,7,134,400,0,0,0,0,0,0,0,0,0,0,0,0,0,0,0,18,5699800,45,18,11085,151,11147,0,0,1652,9,9,9,9,63,45,1661,1661,0,0,18,1172300,0,0,108,0,0,0,0,0,0,0,0,9,550700,1652,1652,1652,408700,1157400,3939500,19200,5119800,0,0,0,0,0,0,0,0,0,0,0,0,0,0,0
yune,track-a-comparison,luna_pinyin,key_sequence_process_with_context,cszysmsrsd,60,10,10,5821600,30,5788700,20,20,600,65,300,2400,6600,200,1600,65,0,5,1,2400,5,1,200,10,0,50,150,10,200,65,209,0,0,10,7500,0,10,26100,20,0,0,0,0,10,10,209,18800,1688,7,134,500,0,0,0,0,0,0,0,0,0,0,0,0,0,0,0,18,5669400,45,18,11085,151,11147,0,0,1652,9,9,9,9,63,45,1661,1661,0,0,18,1175100,0,0,108,0,0,0,0,0,0,0,0,9,552000,1652,1652,1652,412100,1160700,3905200,18700,5088400,0,0,0,0,0,0,0,0,0,0,0,0,0,0,0
yune,track-a-comparison,luna_pinyin,key_sequence_process_with_context,cszysmsrsd,61,10,10,5853800,30,5820900,20,20,500,65,100,2500,7000,100,1700,65,0,5,1,2300,5,1,200,10,0,50,150,10,200,65,209,0,0,10,7400,0,10,25800,20,0,0,0,0,10,10,209,18600,1688,7,134,200,0,0,0,0,0,0,0,0,0,0,0,0,0,0,0,18,5703500,45,18,11085,151,11147,0,0,1652,9,9,9,9,63,45,1661,1661,0,0,18,1161900,0,0,108,0,0,0,0,0,0,0,0,9,573100,1652,1652,1652,407000,1147300,3930900,19400,5101100,0,0,0,0,0,0,0,0,0,0,0,0,0,0,0
yune,track-a-comparison,luna_pinyin,key_sequence_process_with_context,cszysmsrsd,62,10,10,5817700,30,5784700,20,20,600,65,300,2400,6500,300,1500,65,0,5,1,2100,5,1,200,10,0,50,150,10,200,65,209,0,0,10,7200,0,10,25700,20,0,0,0,0,10,10,209,18000,1688,7,134,300,0,0,0,0,0,0,0,0,0,0,0,0,0,0,0,18,5667300,45,18,11085,151,11147,0,0,1652,9,9,9,9,63,45,1661,1661,0,0,18,1174700,0,0,108,0,0,0,0,0,0,0,0,9,547300,1652,1652,1652,407500,1160300,3908200,19100,5090800,0,0,0,0,0,0,0,0,0,0,0,0,0,0,0
yune,track-a-comparison,luna_pinyin,key_sequence_process_with_context,cszysmsrsd,63,10,10,5838700,30,5805000,20,20,900,65,300,2500,6800,200,1600,65,0,5,1,1900,5,1,200,10,0,50,150,10,200,65,209,0,0,10,7500,0,10,25800,20,0,0,0,0,10,10,209,18900,1688,7,134,400,0,0,0,0,0,0,0,0,0,0,0,0,0,0,0,18,5686500,45,18,11085,151,11147,0,0,1652,9,9,9,9,63,45,1661,1661,0,0,18,1172500,0,0,108,0,0,0,0,0,0,0,0,9,545500,1652,1652,1652,406300,1157000,3930600,19100,5110600,0,0,0,0,0,0,0,0,0,0,0,0,0,0,0
yune,track-a-comparison,luna_pinyin,key_sequence_process_with_context,cszysmsrsd,64,10,10,5863300,30,5830000,20,20,700,65,200,2500,7000,200,1400,65,0,5,1,1800,5,1,100,10,0,50,150,10,200,65,209,0,0,10,7400,0,10,25900,20,0,0,0,0,10,10,209,18600,1688,7,134,400,0,0,0,0,0,0,0,0,0,0,0,0,0,0,0,18,5703700,45,18,11085,151,11147,0,0,1652,9,9,9,9,63,45,1661,1661,0,0,18,1168000,0,0,108,0,0,0,0,0,0,0,0,9,553100,1652,1652,1652,410900,1151600,3945200,19200,5120000,0,0,0,0,0,0,0,0,0,0,0,0,0,0,0
yune,track-a-comparison,luna_pinyin,key_sequence_process_with_context,cszysmsrsd,65,10,10,5824400,30,5791900,20,20,600,65,100,2500,6400,0,1600,65,0,5,1,1800,5,1,200,10,0,50,150,10,200,65,209,0,0,10,7400,0,10,25400,20,0,0,0,0,10,10,209,23900,1688,7,134,200,0,0,0,0,0,0,0,0,0,0,0,0,0,0,0,18,5674400,45,18,11085,151,11147,0,0,1652,9,9,9,9,63,45,1661,1661,0,0,18,1182300,0,0,108,0,0,0,0,0,0,0,0,9,552500,1652,1652,1652,408700,1166900,3901800,20000,5091600,0,0,0,0,0,0,0,0,0,0,0,0,0,0,0
yune,track-a-comparison,luna_pinyin,key_sequence_process_with_context,cszysmsrsd,66,10,10,5863400,30,5830600,20,20,400,65,100,2300,6700,0,1400,65,0,5,1,1700,5,1,200,10,0,50,150,10,200,65,209,0,0,10,7300,0,10,25300,20,0,0,0,0,10,10,209,19700,1688,7,134,100,0,0,0,0,0,0,0,0,0,0,0,0,0,0,0,18,5714100,45,18,11085,151,11147,0,0,1652,9,9,9,9,63,45,1661,1661,0,0,18,1196600,0,0,108,0,0,0,0,0,0,0,0,9,543500,1652,1652,1652,402800,1180900,3936000,19600,5140000,0,0,0,0,0,0,0,0,0,0,0,0,0,0,0
yune,track-a-comparison,luna_pinyin,key_sequence_process_with_context,cszysmsrsd,67,10,10,5853000,30,5819800,20,20,800,65,100,2400,6700,400,1400,65,0,5,1,1600,5,1,100,10,0,50,150,10,200,65,209,0,0,10,7200,0,10,25300,20,0,0,0,0,10,10,209,19000,1688,7,134,400,0,0,0,0,0,0,0,0,0,0,0,0,0,0,0,18,5702900,45,18,11085,151,11147,0,0,1652,9,9,9,9,63,45,1661,1661,0,0,18,1180700,0,0,108,0,0,0,0,0,0,0,0,9,555200,1652,1652,1652,417800,1164700,3928400,18800,5116500,0,0,0,0,0,0,0,0,0,0,0,0,0,0,0
yune,track-a-comparison,luna_pinyin,key_sequence_process_with_context,cszysmsrsd,68,10,10,5852600,30,5818700,20,20,600,65,500,2500,7000,100,1600,65,0,5,1,1600,5,1,200,10,0,50,150,10,200,65,209,0,0,10,7400,0,10,27200,20,0,0,0,0,10,10,209,19900,1688,7,134,500,0,0,0,0,0,0,0,0,0,0,0,0,0,0,0,18,5700200,45,18,11085,151,11147,0,0,1652,9,9,9,9,63,45,1661,1661,0,0,18,1183600,0,0,108,0,0,0,0,0,0,0,0,9,544500,1652,1652,1652,405400,1167600,3934800,18500,5125500,0,0,0,0,0,0,0,0,0,0,0,0,0,0,0
yune,track-a-comparison,luna_pinyin,key_sequence_process_with_context,cszysmsrsd,69,10,10,5799600,30,5767000,20,20,700,65,400,2400,6900,100,1400,65,0,5,1,1600,5,1,100,10,0,50,150,10,200,65,209,0,0,10,7400,0,10,24900,20,0,0,0,0,10,10,209,17800,1688,7,134,400,0,0,0,0,0,0,0,0,0,0,0,0,0,0,0,18,5651100,45,18,11085,151,11147,0,0,1652,9,9,9,9,63,45,1661,1661,0,0,18,1165900,0,0,108,0,0,0,0,0,0,0,0,9,548200,1652,1652,1652,400400,1151200,3900000,18900,5073600,0,0,0,0,0,0,0,0,0,0,0,0,0,0,0
yune,track-a-comparison,luna_pinyin,key_sequence_process_with_context,cszysmsrsd,70,10,10,5837600,30,5804600,20,20,800,65,600,2600,6600,0,1700,65,0,5,1,1600,5,1,100,10,0,50,150,10,200,65,209,0,0,10,7300,0,10,24800,20,0,0,0,0,10,10,209,18800,1688,7,134,500,0,0,0,0,0,0,0,0,0,0,0,0,0,0,0,18,5688500,45,18,11085,151,11147,0,0,1652,9,9,9,9,63,45,1661,1661,0,0,18,1194900,0,0,108,0,0,0,0,0,0,0,0,9,550600,1652,1652,1652,408900,1169900,3904600,19900,5097900,0,0,0,0,0,0,0,0,0,0,0,0,0,0,0
yune,track-a-comparison,luna_pinyin,key_sequence_process_with_context,cszysmsrsd,71,10,10,5826400,30,5788100,20,20,1000,65,200,7700,6800,100,1600,65,0,5,1,1600,5,1,200,10,0,50,150,10,200,65,209,0,0,10,7400,0,10,23900,20,0,0,0,0,10,10,209,17700,1688,7,134,500,0,0,0,0,0,0,0,0,0,0,0,0,0,0,0,18,5672800,45,18,11085,151,11147,0,0,1652,9,9,9,9,63,45,1661,1661,0,0,18,1188800,0,0,108,0,0,0,0,0,0,0,0,9,540500,1652,1652,1652,401600,1173600,3906300,18700,5102500,0,0,0,0,0,0,0,0,0,0,0,0,0,0,0
yune,track-a-comparison,luna_pinyin,key_sequence_process_with_context,cszysmsrsd,72,10,10,5810500,30,5778200,20,20,800,65,400,2200,6700,200,1400,65,0,5,1,1600,5,1,100,10,0,50,150,10,200,65,209,0,0,10,7100,0,10,24400,20,0,0,0,0,10,10,209,18200,1688,7,134,300,0,0,0,0,0,0,0,0,0,0,0,0,0,0,0,18,5662800,45,18,11085,151,11147,0,0,1652,9,9,9,9,63,45,1661,1661,0,0,18,1169200,0,0,108,0,0,0,0,0,0,0,0,9,539600,1652,1652,1652,400500,1154500,3916800,18900,5093800,0,0,0,0,0,0,0,0,0,0,0,0,0,0,0
yune,track-a-comparison,luna_pinyin,key_sequence_process_with_context,cszysmsrsd,73,10,10,5808000,30,5764700,20,20,700,65,300,2400,6700,100,1600,65,0,5,1,1600,5,1,200,10,0,50,150,10,200,65,209,0,0,10,7400,0,10,28600,20,0,0,0,0,10,10,209,18000,1688,7,134,400,0,0,0,0,0,0,0,0,0,0,0,0,0,0,0,18,5635100,45,18,11085,151,11147,0,0,1652,9,9,9,9,63,45,1661,1661,0,0,18,1158400,0,0,108,0,0,0,0,0,0,0,0,9,541900,1652,1652,1652,405100,1142600,3897500,18900,5063100,0,0,0,0,0,0,0,0,0,0,0,0,0,0,0
yune,track-a-comparison,luna_pinyin,key_sequence_process_with_context,cszysmsrsd,74,10,10,5836400,30,5804400,20,20,1000,65,200,2400,6600,300,1500,65,0,5,1,1600,5,1,200,10,0,50,150,10,200,65,209,0,0,10,7300,0,10,24100,20,0,0,0,0,10,10,209,18500,1688,7,134,500,0,0,0,0,0,0,0,0,0,0,0,0,0,0,0,18,5690100,45,18,11085,151,11147,0,0,1652,9,9,9,9,63,45,1661,1661,0,0,18,1198100,0,0,108,0,0,0,0,0,0,0,0,9,543700,1652,1652,1652,406600,1184300,3911300,19300,5118400,0,0,0,0,0,0,0,0,0,0,0,0,0,0,0
yune,track-a-comparison,luna_pinyin,key_sequence_process_with_context,cszysmsrsd,75,10,10,5874000,30,5840500,20,20,1000,65,400,2500,6400,300,1500,65,0,5,1,1600,5,1,100,10,0,50,150,10,200,65,209,0,0,10,7100,0,10,24200,20,0,0,0,0,10,10,209,18300,1688,7,134,500,0,0,0,0,0,0,0,0,0,0,0,0,0,0,0,18,5726000,45,18,11085,151,11147,0,0,1652,9,9,9,9,63,45,1661,1661,0,0,18,1179800,0,0,108,0,0,0,0,0,0,0,0,9,553000,1652,1652,1652,404700,1165000,3955600,19200,5143400,0,0,0,0,0,0,0,0,0,0,0,0,0,0,0
yune,track-a-comparison,luna_pinyin,key_sequence_process_with_context,cszysmsrsd,76,10,10,5954000,30,5921800,20,20,600,65,100,2500,6300,200,1500,65,0,5,1,1500,5,1,200,10,0,50,150,10,200,65,209,0,0,10,7200,0,10,24100,20,0,0,0,0,10,10,209,17800,1688,7,134,400,0,0,0,0,0,0,0,0,0,0,0,0,0,0,0,18,5806700,45,18,11085,151,11147,0,0,1652,9,9,9,9,63,45,1661,1661,0,0,18,1176400,0,0,108,0,0,0,0,0,0,0,0,9,546600,1652,1652,1652,399700,1161900,4045900,18700,5230900,0,0,0,0,0,0,0,0,0,0,0,0,0,0,0
yune,track-a-comparison,luna_pinyin,key_sequence_process_with_context,cszysmsrsd,77,10,10,5946400,30,5913200,20,20,400,65,500,2500,6700,400,1600,65,0,5,1,1500,5,1,100,10,0,50,150,10,200,65,209,0,0,10,7500,0,10,24400,20,0,0,0,0,10,10,209,17400,1688,7,134,500,0,0,0,0,0,0,0,0,0,0,0,0,0,0,0,18,5798100,45,18,11085,151,11147,0,0,1652,9,9,9,9,63,45,1661,1661,0,0,18,1163700,0,0,108,0,0,0,0,0,0,0,0,9,540700,1652,1652,1652,401200,1148200,4050400,18800,5221800,0,0,0,0,0,0,0,0,0,0,0,0,0,0,0
yune,track-a-comparison,luna_pinyin,key_sequence_process_with_context,cszysmsrsd,78,10,10,5967300,30,5934900,20,20,400,65,200,2100,6700,100,1500,65,0,5,1,1600,5,1,100,10,0,50,150,10,200,65,209,0,0,10,7200,0,10,25000,20,0,0,0,0,10,10,209,18100,1688,7,134,300,0,0,0,0,0,0,0,0,0,0,0,0,0,0,0,18,5818900,45,18,11085,151,11147,0,0,1652,9,9,9,9,63,45,1661,1661,0,0,18,1175300,0,0,108,0,0,0,0,0,0,0,0,9,545800,1652,1652,1652,406000,1160400,4059500,19000,5243200,0,0,0,0,0,0,0,0,0,0,0,0,0,0,0
yune,track-a-comparison,luna_pinyin,key_sequence_process_with_context,cszysmsrsd,79,10,10,5951100,30,5918600,20,20,400,65,300,2500,6600,0,1600,65,0,5,1,1500,5,1,100,10,0,50,150,10,200,65,209,0,0,10,7500,0,10,24800,20,0,0,0,0,10,10,209,18900,1688,7,134,400,0,0,0,0,0,0,0,0,0,0,0,0,0,0,0,18,5803300,45,18,11085,151,11147,0,0,1652,9,9,9,9,63,45,1661,1661,0,0,18,1162500,0,0,108,0,0,0,0,0,0,0,0,9,548600,1652,1652,1652,410900,1147800,4054200,18700,5224900,0,0,0,0,0,0,0,0,0,0,0,0,0,0,0
yune,track-a-comparison,luna_pinyin,key_sequence_process_with_context,zybfshmsru,0,10,10,5878500,30,5846400,20,20,500,65,100,2400,6400,300,1500,65,0,5,1,1900,5,1,100,10,0,50,150,10,200,65,209,0,0,10,7600,0,10,30800,20,0,0,0,0,10,10,209,17800,1348,7,120,500,0,0,0,0,0,0,0,0,0,0,0,0,0,0,0,18,5725400,45,18,8772,89,8827,0,0,1311,9,9,9,9,63,45,1320,1320,0,0,18,932500,0,0,108,0,0,0,0,0,0,0,0,9,462800,1311,1311,1311,346500,920900,4294500,16500,5238600,0,0,0,0,0,0,0,0,0,0,0,0,0,0,0
yune,track-a-comparison,luna_pinyin,key_sequence_process_with_context,zybfshmsru,1,10,10,5900000,30,5867900,20,20,400,65,0,2300,6200,300,1600,65,0,5,1,1700,5,1,200,10,0,50,150,10,200,65,209,0,0,10,7200,0,10,30100,20,0,0,0,0,10,10,209,17200,1348,7,120,500,0,0,0,0,0,0,0,0,0,0,0,0,0,0,0,18,5744800,45,18,8772,89,8827,0,0,1311,9,9,9,9,63,45,1320,1320,0,0,18,955800,0,0,108,0,0,0,0,0,0,0,0,9,460000,1311,1311,1311,339900,943300,4294000,16700,5260000,0,0,0,0,0,0,0,0,0,0,0,0,0,0,0
yune,track-a-comparison,luna_pinyin,key_sequence_process_with_context,zybfshmsru,2,10,10,5898500,30,5865500,20,20,400,65,400,2400,6600,300,1400,65,0,5,1,2000,5,1,200,10,0,50,150,10,200,65,209,0,0,10,7300,0,10,31500,20,0,0,0,0,10,10,209,18700,1348,7,120,300,0,0,0,0,0,0,0,0,0,0,0,0,0,0,0,18,5740700,45,18,8772,89,8827,0,0,1311,9,9,9,9,63,45,1320,1320,0,0,18,942800,0,0,108,0,0,0,0,0,0,0,0,9,466700,1311,1311,1311,348400,930700,4295900,16800,5249800,0,0,0,0,0,0,0,0,0,0,0,0,0,0,0
yune,track-a-comparison,luna_pinyin,key_sequence_process_with_context,zybfshmsru,3,10,10,5881500,30,5849600,20,20,500,65,200,2600,6400,200,1300,65,0,5,1,1600,5,1,200,10,0,50,150,10,200,65,209,0,0,10,7300,0,10,30400,20,0,0,0,0,10,10,209,17200,1348,7,120,400,0,0,0,0,0,0,0,0,0,0,0,0,0,0,0,18,5728700,45,18,8772,89,8827,0,0,1311,9,9,9,9,63,45,1320,1320,0,0,18,940800,0,0,108,0,0,0,0,0,0,0,0,9,456000,1311,1311,1311,337900,928900,4296100,17200,5247900,0,0,0,0,0,0,0,0,0,0,0,0,0,0,0
yune,track-a-comparison,luna_pinyin,key_sequence_process_with_context,zybfshmsru,4,10,10,5900300,30,5867900,20,20,700,65,300,2400,6700,400,1400,65,0,5,1,1600,5,1,100,10,0,50,150,10,200,65,209,0,0,10,7500,0,10,30900,20,0,0,0,0,10,10,209,17400,1348,7,120,400,0,0,0,0,0,0,0,0,0,0,0,0,0,0,0,18,5745900,45,18,8772,89,8827,0,0,1311,9,9,9,9,63,45,1320,1320,0,0,18,938200,0,0,108,0,0,0,0,0,0,0,0,9,459600,1311,1311,1311,340700,925900,4313000,17000,5261500,0,0,0,0,0,0,0,0,0,0,0,0,0,0,0
yune,track-a-comparison,luna_pinyin,key_sequence_process_with_context,zybfshmsru,5,10,10,5918500,30,5886300,20,20,500,65,300,2300,6300,100,1400,65,0,5,1,1500,5,1,200,10,0,50,150,10,200,65,209,0,0,10,7400,0,10,30800,20,0,0,0,0,10,10,209,18100,1348,7,120,400,0,0,0,0,0,0,0,0,0,0,0,0,0,0,0,18,5744600,45,18,8772,89,8827,0,0,1311,9,9,9,9,63,45,1320,1320,0,0,18,940500,0,0,108,0,0,0,0,0,0,0,0,9,456900,1311,1311,1311,336300,928100,4312200,16800,5263200,0,0,0,0,0,0,0,0,0,0,0,0,0,0,0
yune,track-a-comparison,luna_pinyin,key_sequence_process_with_context,zybfshmsru,6,10,10,5876500,30,5845300,20,20,600,65,300,2100,6100,200,1300,65,0,5,1,1600,5,1,100,10,0,50,150,10,200,65,209,0,0,10,7500,0,10,30100,20,0,0,0,0,10,10,209,17600,1348,7,120,500,0,0,0,0,0,0,0,0,0,0,0,0,0,0,0,18,5723700,45,18,8772,89,8827,0,0,1311,9,9,9,9,63,45,1320,1320,0,0,18,945500,0,0,108,0,0,0,0,0,0,0,0,9,453300,1311,1311,1311,335100,933500,4289800,16800,5246500,0,0,0,0,0,0,0,0,0,0,0,0,0,0,0
yune,track-a-comparison,luna_pinyin,key_sequence_process_with_context,zybfshmsru,7,10,10,5903500,30,5871300,20,20,600,65,0,2600,6300,500,1400,65,0,5,1,1600,5,1,100,10,0,50,150,10,200,65,209,0,0,10,7400,0,10,30400,20,0,0,0,0,10,10,209,17700,1348,7,120,400,0,0,0,0,0,0,0,0,0,0,0,0,0,0,0,18,5750700,45,18,8772,89,8827,0,0,1311,9,9,9,9,63,45,1320,1320,0,0,18,946600,0,0,108,0,0,0,0,0,0,0,0,9,473600,1311,1311,1311,353400,934300,4295300,17200,5252800,0,0,0,0,0,0,0,0,0,0,0,0,0,0,0
yune,track-a-comparison,luna_pinyin,key_sequence_process_with_context,zybfshmsru,8,10,10,5878300,30,5846900,20,20,500,65,100,2400,6000,200,1400,65,0,5,1,1700,5,1,200,10,0,50,150,10,200,65,209,0,0,10,7400,0,10,29900,20,0,0,0,0,10,10,209,18100,1348,7,120,400,0,0,0,0,0,0,0,0,0,0,0,0,0,0,0,18,5726500,45,18,8772,89,8827,0,0,1311,9,9,9,9,63,45,1320,1320,0,0,18,933500,0,0,108,0,0,0,0,0,0,0,0,9,459900,1311,1311,1311,341900,921600,4297400,17200,5242300,0,0,0,0,0,0,0,0,0,0,0,0,0,0,0
yune,track-a-comparison,luna_pinyin,key_sequence_process_with_context,zybfshmsru,9,10,10,5854600,30,5823100,20,20,600,65,300,2200,6500,200,1200,65,0,5,1,1600,5,1,200,10,0,50,150,10,200,65,209,0,0,10,7400,0,10,30400,20,0,0,0,0,10,10,209,18000,1348,7,120,500,0,0,0,0,0,0,0,0,0,0,0,0,0,0,0,18,5700800,45,18,8772,89,8827,0,0,1311,9,9,9,9,63,45,1320,1320,0,0,18,939700,0,0,108,0,0,0,0,0,0,0,0,9,452100,1311,1311,1311,333800,927400,4273900,16600,5224400,0,0,0,0,0,0,0,0,0,0,0,0,0,0,0
yune,track-a-comparison,luna_pinyin,key_sequence_process_with_context,zybfshmsru,10,10,10,5886900,30,5854800,20,20,600,65,300,2400,6400,300,1400,65,0,5,1,1600,5,1,100,10,0,50,150,10,200,65,209,0,0,10,7400,0,10,30900,20,0,0,0,0,10,10,209,18300,1348,7,120,600,0,0,0,0,0,0,0,0,0,0,0,0,0,0,0,18,5732400,45,18,8772,89,8827,0,0,1311,9,9,9,9,63,45,1320,1320,0,0,18,934500,0,0,108,0,0,0,0,0,0,0,0,9,455400,1311,1311,1311,336900,922500,4306200,17000,5251900,0,0,0,0,0,0,0,0,0,0,0,0,0,0,0
yune,track-a-comparison,luna_pinyin,key_sequence_process_with_context,zybfshmsru,11,10,10,5879600,30,5848200,20,20,700,65,500,2400,6100,200,1200,65,0,5,1,1600,5,1,100,10,0,50,150,10,200,65,209,0,0,10,7400,0,10,30400,20,0,0,0,0,10,10,209,17900,1348,7,120,400,0,0,0,0,0,0,0,0,0,0,0,0,0,0,0,18,5726400,45,18,8772,89,8827,0,0,1311,9,9,9,9,63,45,1320,1320,0,0,18,942200,0,0,108,0,0,0,0,0,0,0,0,9,453000,1311,1311,1311,336100,929800,4295300,17000,5248700,0,0,0,0,0,0,0,0,0,0,0,0,0,0,0
yune,track-a-comparison,luna_pinyin,key_sequence_process_with_context,zybfshmsru,12,10,10,5887000,30,5854700,20,20,600,65,300,2500,6500,200,1400,65,0,5,1,1500,5,1,100,10,0,50,150,10,200,65,209,0,0,10,7500,0,10,32100,20,0,0,0,0,10,10,209,17200,1348,7,120,500,0,0,0,0,0,0,0,0,0,0,0,0,0,0,0,18,5730600,45,18,8772,89,8827,0,0,1311,9,9,9,9,63,45,1320,1320,0,0,18,939000,0,0,108,0,0,0,0,0,0,0,0,9,455900,1311,1311,1311,337600,926800,4299100,17000,5249700,0,0,0,0,0,0,0,0,0,0,0,0,0,0,0
yune,track-a-comparison,luna_pinyin,key_sequence_process_with_context,zybfshmsru,13,10,10,5886500,30,5854100,20,20,400,65,200,2500,6100,100,1500,65,0,5,1,1600,5,1,100,10,0,50,150,10,200,65,209,0,0,10,7500,0,10,31800,20,0,0,0,0,10,10,209,16800,1348,7,120,400,0,0,0,0,0,0,0,0,0,0,0,0,0,0,0,18,5721000,45,18,8772,89,8827,0,0,1311,9,9,9,9,63,45,1320,1320,0,0,18,943900,0,0,108,0,0,0,0,0,0,0,0,9,454300,1311,1311,1311,336600,931200,4287500,17000,5242300,0,0,0,0,0,0,0,0,0,0,0,0,0,0,0
yune,track-a-comparison,luna_pinyin,key_sequence_process_with_context,zybfshmsru,14,10,10,5837400,30,5804900,20,20,800,65,100,2200,6000,100,1500,65,0,5,1,1500,5,1,100,10,0,50,150,10,200,65,209,0,0,10,7400,0,10,29600,20,0,0,0,0,10,10,209,17300,1348,7,120,500,0,0,0,0,0,0,0,0,0,0,0,0,0,0,0,18,5685200,45,18,8772,89,8827,0,0,1311,9,9,9,9,63,45,1320,1320,0,0,18,943900,0,0,108,0,0,0,0,0,0,0,0,9,453400,1311,1311,1311,334600,932600,4252400,16900,5207900,0,0,0,0,0,0,0,0,0,0,0,0,0,0,0
yune,track-a-comparison,luna_pinyin,key_sequence_process_with_context,zybfshmsru,15,10,10,5874200,30,5842300,20,20,800,65,500,2300,6200,200,1400,65,0,5,1,1600,5,1,100,10,0,50,150,10,200,65,209,0,0,10,7400,0,10,30100,20,0,0,0,0,10,10,209,18200,1348,7,120,300,0,0,0,0,0,0,0,0,0,0,0,0,0,0,0,18,5720700,45,18,8772,89,8827,0,0,1311,9,9,9,9,63,45,1320,1320,0,0,18,967400,0,0,108,0,0,0,0,0,0,0,0,9,454400,1311,1311,1311,337800,956200,4264300,16900,5243300,0,0,0,0,0,0,0,0,0,0,0,0,0,0,0
yune,track-a-comparison,luna_pinyin,key_sequence_process_with_context,zybfshmsru,16,10,10,5850700,30,5819100,20,20,400,65,300,2200,6500,100,1400,65,0,5,1,1500,5,1,200,10,0,50,150,10,200,65,209,0,0,10,7600,0,10,29900,20,0,0,0,0,10,10,209,18000,1348,7,120,400,0,0,0,0,0,0,0,0,0,0,0,0,0,0,0,18,5697400,45,18,8772,89,8827,0,0,1311,9,9,9,9,63,45,1320,1320,0,0,18,930900,0,0,108,0,0,0,0,0,0,0,0,9,451200,1311,1311,1311,333400,919000,4280500,16900,5222300,0,0,0,0,0,0,0,0,0,0,0,0,0,0,0
yune,track-a-comparison,luna_pinyin,key_sequence_process_with_context,zybfshmsru,17,10,10,5850700,30,5819600,20,20,600,65,400,2500,6200,300,1300,65,0,5,1,1500,5,1,200,10,0,50,150,10,200,65,209,0,0,10,7500,0,10,30200,20,0,0,0,0,10,10,209,17100,1348,7,120,200,0,0,0,0,0,0,0,0,0,0,0,0,0,0,0,18,5699600,45,18,8772,89,8827,0,0,1311,9,9,9,9,63,45,1320,1320,0,0,18,930300,0,0,108,0,0,0,0,0,0,0,0,9,455600,1311,1311,1311,336600,918400,4278900,17000,5220400,0,0,0,0,0,0,0,0,0,0,0,0,0,0,0
yune,track-a-comparison,luna_pinyin,key_sequence_process_with_context,zybfshmsru,18,10,10,5887200,30,5856000,20,20,400,65,300,2500,6200,100,1300,65,0,5,1,1600,5,1,100,10,0,50,150,10,200,65,209,0,0,10,7700,0,10,30300,20,0,0,0,0,10,10,209,17300,1348,7,120,400,0,0,0,0,0,0,0,0,0,0,0,0,0,0,0,18,5734400,45,18,8772,89,8827,0,0,1311,9,9,9,9,63,45,1320,1320,0,0,18,935600,0,0,108,0,0,0,0,0,0,0,0,9,452500,1311,1311,1311,336400,923500,4311000,16900,5257600,0,0,0,0,0,0,0,0,0,0,0,0,0,0,0
yune,track-a-comparison,luna_pinyin,key_sequence_process_with_context,zybfshmsru,19,10,10,5868800,30,5836900,20,20,400,65,500,2300,6600,700,1300,65,0,5,1,1500,5,1,200,10,0,50,150,10,200,65,209,0,0,10,7200,0,10,29700,20,0,0,0,0,10,10,209,18200,1348,7,120,400,0,0,0,0,0,0,0,0,0,0,0,0,0,0,0,18,5708800,45,18,8772,89,8827,0,0,1311,9,9,9,9,63,45,1320,1320,0,0,18,933600,0,0,108,0,0,0,0,0,0,0,0,9,452200,1311,1311,1311,334500,921600,4288200,16600,5232500,0,0,0,0,0,0,0,0,0,0,0,0,0,0,0
yune,track-a-comparison,luna_pinyin,key_sequence_process_with_context,zybfshmsru,20,10,10,5875700,30,5843700,20,20,400,65,200,2400,6400,100,1300,65,0,5,1,1600,5,1,200,10,0,50,150,10,200,65,209,0,0,10,7700,0,10,29500,20,0,0,0,0,10,10,209,17600,1348,7,120,500,0,0,0,0,0,0,0,0,0,0,0,0,0,0,0,18,5723000,45,18,8772,89,8827,0,0,1311,9,9,9,9,63,45,1320,1320,0,0,18,947100,0,0,108,0,0,0,0,0,0,0,0,9,467900,1311,1311,1311,331000,935300,4273000,17100,5231200,0,0,0,0,0,0,0,0,0,0,0,0,0,0,0
yune,track-a-comparison,luna_pinyin,key_sequence_process_with_context,zybfshmsru,21,10,10,5879200,30,5847800,20,20,700,65,200,2500,6100,100,1200,65,0,5,1,1700,5,1,200,10,0,50,150,10,200,65,209,0,0,10,7500,0,10,29500,20,0,0,0,0,10,10,209,18800,1348,7,120,500,0,0,0,0,0,0,0,0,0,0,0,0,0,0,0,18,5727200,45,18,8772,89,8827,0,0,1311,9,9,9,9,63,45,1320,1320,0,0,18,959400,0,0,108,0,0,0,0,0,0,0,0,9,465700,1311,1311,1311,344100,948300,4267000,16800,5238100,0,0,0,0,0,0,0,0,0,0,0,0,0,0,0
yune,track-a-comparison,luna_pinyin,key_sequence_process_with_context,zybfshmsru,22,10,10,5874800,30,5842700,20,20,500,65,300,2300,6200,100,1200,65,0,5,1,1600,5,1,200,10,0,50,150,10,200,65,209,0,0,10,7600,0,10,29700,20,0,0,0,0,10,10,209,17200,1348,7,120,400,0,0,0,0,0,0,0,0,0,0,0,0,0,0,0,18,5722800,45,18,8772,89,8827,0,0,1311,9,9,9,9,63,45,1320,1320,0,0,18,942300,0,0,108,0,0,0,0,0,0,0,0,9,458400,1311,1311,1311,340400,930400,4286900,16800,5240400,0,0,0,0,0,0,0,0,0,0,0,0,0,0,0
yune,track-a-comparison,luna_pinyin,key_sequence_process_with_context,zybfshmsru,23,10,10,5874200,30,5835100,20,20,700,65,100,2400,6200,0,8100,65,0,5,1,1600,5,1,100,10,0,50,150,10,200,65,209,0,0,10,7500,0,10,30400,20,0,0,0,0,10,10,209,17900,1348,7,120,400,0,0,0,0,0,0,0,0,0,0,0,0,0,0,0,18,5713200,45,18,8772,89,8827,0,0,1311,9,9,9,9,63,45,1320,1320,0,0,18,943700,0,0,108,0,0,0,0,0,0,0,0,9,452900,1311,1311,1311,332600,931700,4281600,16500,5236100,0,0,0,0,0,0,0,0,0,0,0,0,0,0,0
yune,track-a-comparison,luna_pinyin,key_sequence_process_with_context,zybfshmsru,24,10,10,5900600,30,5868600,20,20,500,65,300,2600,6300,400,1400,65,0,5,1,1600,5,1,200,10,0,50,150,10,200,65,209,0,0,10,7400,0,10,30200,20,0,0,0,0,10,10,209,18600,1348,7,120,300,0,0,0,0,0,0,0,0,0,0,0,0,0,0,0,18,5746300,45,18,8772,89,8827,0,0,1311,9,9,9,9,63,45,1320,1320,0,0,18,958900,0,0,108,0,0,0,0,0,0,0,0,9,457800,1311,1311,1311,338100,946800,4294500,16800,5264600,0,0,0,0,0,0,0,0,0,0,0,0,0,0,0
yune,track-a-comparison,luna_pinyin,key_sequence_process_with_context,zybfshmsru,25,10,10,5896400,30,5863700,20,20,400,65,300,2400,6600,200,1400,65,0,5,1,1600,5,1,200,10,0,50,150,10,200,65,209,0,0,10,7300,0,10,30800,20,0,0,0,0,10,10,209,17400,1348,7,120,400,0,0,0,0,0,0,0,0,0,0,0,0,0,0,0,18,5742500,45,18,8772,89,8827,0,0,1311,9,9,9,9,63,45,1320,1320,0,0,18,936500,0,0,108,0,0,0,0,0,0,0,0,9,454700,1311,1311,1311,337900,924200,4316600,16700,5263900,0,0,0,0,0,0,0,0,0,0,0,0,0,0,0
yune,track-a-comparison,luna_pinyin,key_sequence_process_with_context,zybfshmsru,26,10,10,5885000,30,5853300,20,20,700,65,400,2500,6100,100,1400,65,0,5,1,1600,5,1,100,10,0,50,150,10,200,65,209,0,0,10,7500,0,10,30700,20,0,0,0,0,10,10,209,17500,1348,7,120,300,0,0,0,0,0,0,0,0,0,0,0,0,0,0,0,18,5732200,45,18,8772,89,8827,0,0,1311,9,9,9,9,63,45,1320,1320,0,0,18,933200,0,0,108,0,0,0,0,0,0,0,0,9,451100,1311,1311,1311,331800,921300,4312600,16900,5256700,0,0,0,0,0,0,0,0,0,0,0,0,0,0,0
yune,track-a-comparison,luna_pinyin,key_sequence_process_with_context,zybfshmsru,27,10,10,5898300,30,5866800,20,20,600,65,300,2400,6200,700,1200,65,0,5,1,1700,5,1,100,10,0,50,150,10,200,65,209,0,0,10,7400,0,10,29900,20,0,0,0,0,10,10,209,18400,1348,7,120,400,0,0,0,0,0,0,0,0,0,0,0,0,0,0,0,18,5746500,45,18,8772,89,8827,0,0,1311,9,9,9,9,63,45,1320,1320,0,0,18,936800,0,0,108,0,0,0,0,0,0,0,0,9,461400,1311,1311,1311,341600,925600,4313600,17000,5261700,0,0,0,0,0,0,0,0,0,0,0,0,0,0,0
yune,track-a-comparison,luna_pinyin,key_sequence_process_with_context,zybfshmsru,28,10,10,5917700,30,5884700,20,20,300,65,300,2200,6300,200,1400,65,0,5,1,1600,5,1,100,10,0,50,150,10,200,65,209,0,0,10,7700,0,10,30100,20,0,0,0,0,10,10,209,17500,1348,7,120,300,0,0,0,0,0,0,0,0,0,0,0,0,0,0,0,18,5764000,45,18,8772,89,8827,0,0,1311,9,9,9,9,63,45,1320,1320,0,0,18,992900,0,0,108,0,0,0,0,0,0,0,0,9,451000,1311,1311,1311,335300,980800,4285100,16900,5288900,0,0,0,0,0,0,0,0,0,0,0,0,0,0,0
yune,track-a-comparison,luna_pinyin,key_sequence_process_with_context,zybfshmsru,29,10,10,5856800,30,5824300,20,20,500,65,500,2400,6600,300,1200,65,0,5,1,1500,5,1,100,10,0,50,150,10,200,65,209,0,0,10,7300,0,10,29900,20,0,0,0,0,10,10,209,17900,1348,7,120,300,0,0,0,0,0,0,0,0,0,0,0,0,0,0,0,18,5703600,45,18,8772,89,8827,0,0,1311,9,9,9,9,63,45,1320,1320,0,0,18,945800,0,0,108,0,0,0,0,0,0,0,0,9,448900,1311,1311,1311,330400,934100,4274700,16700,5231200,0,0,0,0,0,0,0,0,0,0,0,0,0,0,0
yune,track-a-comparison,luna_pinyin,key_sequence_process_with_context,zybfshmsru,30,10,10,5782400,30,5750200,20,20,700,65,200,2200,6300,0,1100,65,0,5,1,1500,5,1,100,10,0,50,150,10,200,65,209,0,0,10,7400,0,10,30300,20,0,0,0,0,10,10,209,18200,1348,7,120,400,0,0,0,0,0,0,0,0,0,0,0,0,0,0,0,18,5628100,45,18,8772,89,8827,0,0,1311,9,9,9,9,63,45,1320,1320,0,0,18,943100,0,0,108,0,0,0,0,0,0,0,0,9,453100,1311,1311,1311,332500,931300,4197100,17100,5151200,0,0,0,0,0,0,0,0,0,0,0,0,0,0,0
yune,track-a-comparison,luna_pinyin,key_sequence_process_with_context,zybfshmsru,31,10,10,5747700,30,5715600,20,20,300,65,300,2500,6100,300,1400,65,0,5,1,1500,5,1,100,10,0,50,150,10,200,65,209,0,0,10,7500,0,10,29300,20,0,0,0,0,10,10,209,18000,1348,7,120,400,0,0,0,0,0,0,0,0,0,0,0,0,0,0,0,18,5595000,45,18,8772,89,8827,0,0,1311,9,9,9,9,63,45,1320,1320,0,0,18,949900,0,0,108,0,0,0,0,0,0,0,0,9,453500,1311,1311,1311,336000,938100,4156800,16600,5117400,0,0,0,0,0,0,0,0,0,0,0,0,0,0,0
yune,track-a-comparison,luna_pinyin,key_sequence_process_with_context,zybfshmsru,32,10,10,5766600,30,5734900,20,20,700,65,100,2400,6200,200,1400,65,0,5,1,1600,5,1,200,10,0,50,150,10,200,65,209,0,0,10,7600,0,10,30000,20,0,0,0,0,10,10,209,17200,1348,7,120,200,0,0,0,0,0,0,0,0,0,0,0,0,0,0,0,18,5606100,45,18,8772,89,8827,0,0,1311,9,9,9,9,63,45,1320,1320,0,0,18,938800,0,0,108,0,0,0,0,0,0,0,0,9,452300,1311,1311,1311,335100,927300,4179700,16600,5129800,0,0,0,0,0,0,0,0,0,0,0,0,0,0,0
yune,track-a-comparison,luna_pinyin,key_sequence_process_with_context,zybfshmsru,33,10,10,5762200,30,5730300,20,20,400,65,0,2100,6000,500,1300,65,0,5,1,1500,5,1,200,10,0,50,150,10,200,65,209,0,0,10,7300,0,10,30000,20,0,0,0,0,10,10,209,17800,1348,7,120,300,0,0,0,0,0,0,0,0,0,0,0,0,0,0,0,18,5609200,45,18,8772,89,8827,0,0,1311,9,9,9,9,63,45,1320,1320,0,0,18,974500,0,0,108,0,0,0,0,0,0,0,0,9,459600,1311,1311,1311,342700,963200,4134500,17000,5120500,0,0,0,0,0,0,0,0,0,0,0,0,0,0,0
yune,track-a-comparison,luna_pinyin,key_sequence_process_with_context,zybfshmsru,34,10,10,5759800,30,5727800,20,20,500,65,400,2600,6400,200,1300,65,0,5,1,1600,5,1,200,10,0,50,150,10,200,65,209,0,0,10,7400,0,10,29900,20,0,0,0,0,10,10,209,17500,1348,7,120,400,0,0,0,0,0,0,0,0,0,0,0,0,0,0,0,18,5607300,45,18,8772,89,8827,0,0,1311,9,9,9,9,63,45,1320,1320,0,0,18,947300,0,0,108,0,0,0,0,0,0,0,0,9,454300,1311,1311,1311,337600,935400,4171400,16600,5129500,0,0,0,0,0,0,0,0,0,0,0,0,0,0,0
yune,track-a-comparison,luna_pinyin,key_sequence_process_with_context,zybfshmsru,35,10,10,5780900,30,5748400,20,20,700,65,400,2400,6400,100,1700,65,0,5,1,1800,5,1,200,10,0,50,150,10,200,65,209,0,0,10,7400,0,10,30400,20,0,0,0,0,10,10,209,18000,1348,7,120,300,0,0,0,0,0,0,0,0,0,0,0,0,0,0,0,18,5627400,45,18,8772,89,8827,0,0,1311,9,9,9,9,63,45,1320,1320,0,0,18,943000,0,0,108,0,0,0,0,0,0,0,0,9,457700,1311,1311,1311,337900,931200,4191800,16700,5145800,0,0,0,0,0,0,0,0,0,0,0,0,0,0,0
yune,track-a-comparison,luna_pinyin,key_sequence_process_with_context,zybfshmsru,36,10,10,5826700,30,5794900,20,20,300,65,200,2500,6400,200,1400,65,0,5,1,2100,5,1,200,10,0,50,150,10,200,65,209,0,0,10,7400,0,10,30600,20,0,0,0,0,10,10,209,17600,1348,7,120,200,0,0,0,0,0,0,0,0,0,0,0,0,0,0,0,18,5672700,45,18,8772,89,8827,0,0,1311,9,9,9,9,63,45,1320,1320,0,0,18,999600,0,0,108,0,0,0,0,0,0,0,0,9,472800,1311,1311,1311,351200,987900,4165300,17000,5175800,0,0,0,0,0,0,0,0,0,0,0,0,0,0,0
yune,track-a-comparison,luna_pinyin,key_sequence_process_with_context,zybfshmsru,37,10,10,5801600,30,5768900,20,20,500,65,400,2200,6700,300,1500,65,0,5,1,1700,5,1,100,10,0,50,150,10,200,65,209,0,0,10,7400,0,10,31400,20,0,0,0,0,10,10,209,18400,1348,7,120,200,0,0,0,0,0,0,0,0,0,0,0,0,0,0,0,18,5646000,45,18,8772,89,8827,0,0,1311,9,9,9,9,63,45,1320,1320,0,0,18,954100,0,0,108,0,0,0,0,0,0,0,0,9,460700,1311,1311,1311,341300,942500,4195800,16500,5161100,0,0,0,0,0,0,0,0,0,0,0,0,0,0,0
yune,track-a-comparison,luna_pinyin,key_sequence_process_with_context,zybfshmsru,38,10,10,5824600,30,5791600,20,20,500,65,400,2300,7100,300,1700,65,0,5,1,1700,5,1,200,10,0,50,150,10,200,65,209,0,0,10,7600,0,10,31100,20,0,0,0,0,10,10,209,18900,1348,7,120,400,0,0,0,0,0,0,0,0,0,0,0,0,0,0,0,18,5641100,45,18,8772,89,8827,0,0,1311,9,9,9,9,63,45,1320,1320,0,0,18,948300,0,0,108,0,0,0,0,0,0,0,0,9,462400,1311,1311,1311,342000,935900,4195200,17100,5154100,0,0,0,0,0,0,0,0,0,0,0,0,0,0,0
yune,track-a-comparison,luna_pinyin,key_sequence_process_with_context,zybfshmsru,39,10,10,5806300,30,5774100,20,20,500,65,400,2600,6600,200,1300,65,0,5,1,2000,5,1,200,10,0,50,150,10,200,65,209,0,0,10,7400,0,10,31200,20,0,0,0,0,10,10,209,17300,1348,7,120,400,0,0,0,0,0,0,0,0,0,0,0,0,0,0,0,18,5651300,45,18,8772,89,8827,0,0,1311,9,9,9,9,63,45,1320,1320,0,0,18,974000,0,0,108,0,0,0,0,0,0,0,0,9,465900,1311,1311,1311,346200,962400,4176100,17500,5162000,0,0,0,0,0,0,0,0,0,0,0,0,0,0,0
yune,track-a-comparison,luna_pinyin,key_sequence_process_with_context,zybfshmsru,40,10,10,5904400,30,5867400,20,20,700,65,200,3000,7200,300,1600,65,0,5,1,2400,5,1,300,10,0,50,150,10,200,65,209,0,0,10,7800,0,10,30600,20,0,0,0,0,10,10,209,20200,1348,7,120,400,0,0,0,0,0,0,0,0,0,0,0,0,0,0,0,18,5743300,45,18,8772,89,8827,0,0,1311,9,9,9,9,63,45,1320,1320,0,0,18,995200,0,0,108,0,0,0,0,0,0,0,0,9,475200,1311,1311,1311,350000,982000,4235000,18400,5241400,0,0,0,0,0,0,0,0,0,0,0,0,0,0,0
yune,track-a-comparison,luna_pinyin,key_sequence_process_with_context,zybfshmsru,41,10,10,5734700,30,5693400,20,20,600,65,600,2800,7700,200,2000,65,0,5,1,2400,5,1,300,10,0,50,150,10,200,65,209,0,0,10,7900,0,10,32600,20,0,0,0,0,10,10,209,17700,1348,7,120,500,0,0,0,0,0,0,0,0,0,0,0,0,0,0,0,18,5562200,45,18,8772,89,8827,0,0,1311,9,9,9,9,63,45,1320,1320,0,0,18,1015900,0,0,108,0,0,0,0,0,0,0,0,9,470400,1311,1311,1311,350400,1001100,4039300,18100,5064300,0,0,0,0,0,0,0,0,0,0,0,0,0,0,0
yune,track-a-comparison,luna_pinyin,key_sequence_process_with_context,zybfshmsru,42,10,10,5663700,30,5632700,20,20,600,65,200,2300,6000,0,1600,65,0,5,1,2000,5,1,200,10,0,50,150,10,200,65,209,0,0,10,7300,0,10,32800,20,0,0,0,0,10,10,209,18200,1348,7,120,300,0,0,0,0,0,0,0,0,0,0,0,0,0,0,0,18,5505600,45,18,8772,89,8827,0,0,1311,9,9,9,9,63,45,1320,1320,0,0,18,931500,0,0,108,0,0,0,0,0,0,0,0,9,442100,1311,1311,1311,323600,918800,4096600,17200,5038000,0,0,0,0,0,0,0,0,0,0,0,0,0,0,0
yune,track-a-comparison,luna_pinyin,key_sequence_process_with_context,zybfshmsru,43,10,10,5809400,30,5768800,20,20,600,65,300,2700,7300,300,1800,65,0,5,1,2600,5,1,300,10,0,50,150,10,200,65,209,0,0,10,7400,0,10,30100,20,0,0,0,0,10,10,209,19200,1348,7,120,600,0,0,0,0,0,0,0,0,0,0,0,0,0,0,0,18,5644400,45,18,8772,89,8827,0,0,1311,9,9,9,9,63,45,1320,1320,0,0,18,1019200,0,0,108,0,0,0,0,0,0,0,0,9,474900,1311,1311,1311,350200,1004300,4112900,17900,5141800,0,0,0,0,0,0,0,0,0,0,0,0,0,0,0
yune,track-a-comparison,luna_pinyin,key_sequence_process_with_context,zybfshmsru,44,10,10,5786300,30,5753600,20,20,700,65,300,2600,6600,300,1500,65,0,5,1,2000,5,1,200,10,0,50,150,10,200,65,209,0,0,10,6900,0,10,32100,20,0,0,0,0,10,10,209,18000,1348,7,120,500,0,0,0,0,0,0,0,0,0,0,0,0,0,0,0,18,5627800,45,18,8772,89,8827,0,0,1311,9,9,9,9,63,45,1320,1320,0,0,18,942800,0,0,108,0,0,0,0,0,0,0,0,9,452900,1311,1311,1311,333800,930900,4196300,17500,5150500,0,0,0,0,0,0,0,0,0,0,0,0,0,0,0
yune,track-a-comparison,luna_pinyin,key_sequence_process_with_context,zybfshmsru,45,10,10,5806700,30,5774400,20,20,400,65,300,2200,6500,400,1400,65,0,5,1,1600,5,1,200,10,0,50,150,10,200,65,209,0,0,10,6900,0,10,29800,20,0,0,0,0,10,10,209,18000,1348,7,120,500,0,0,0,0,0,0,0,0,0,0,0,0,0,0,0,18,5655600,45,18,8772,89,8827,0,0,1311,9,9,9,9,63,45,1320,1320,0,0,18,956500,0,0,108,0,0,0,0,0,0,0,0,9,451000,1311,1311,1311,330600,944700,4212100,16600,5180900,0,0,0,0,0,0,0,0,0,0,0,0,0,0,0
yune,track-a-comparison,luna_pinyin,key_sequence_process_with_context,zybfshmsru,46,10,10,5783800,30,5752000,20,20,300,65,400,2100,6500,100,1300,65,0,5,1,1600,5,1,200,10,0,50,150,10,200,65,209,0,0,10,7100,0,10,29800,20,0,0,0,0,10,10,209,17200,1348,7,120,300,0,0,0,0,0,0,0,0,0,0,0,0,0,0,0,18,5634000,45,18,8772,89,8827,0,0,1311,9,9,9,9,63,45,1320,1320,0,0,18,930900,0,0,108,0,0,0,0,0,0,0,0,9,447600,1311,1311,1311,327100,919400,4219900,16900,5162800,0,0,0,0,0,0,0,0,0,0,0,0,0,0,0
yune,track-a-comparison,luna_pinyin,key_sequence_process_with_context,zybfshmsru,47,10,10,5736700,30,5705100,20,20,800,65,400,2200,6300,300,1500,65,0,5,1,1700,5,1,100,10,0,50,150,10,200,65,209,0,0,10,6700,0,10,29800,20,0,0,0,0,10,10,209,18400,1348,7,120,300,0,0,0,0,0,0,0,0,0,0,0,0,0,0,0,18,5586400,45,18,8772,89,8827,0,0,1311,9,9,9,9,63,45,1320,1320,0,0,18,935500,0,0,108,0,0,0,0,0,0,0,0,9,457500,1311,1311,1311,339100,924100,4158000,17200,5105700,0,0,0,0,0,0,0,0,0,0,0,0,0,0,0
yune,track-a-comparison,luna_pinyin,key_sequence_process_with_context,zybfshmsru,48,10,10,5759400,30,5727000,20,20,600,65,200,2300,6300,100,1700,65,0,5,1,1700,5,1,100,10,0,50,150,10,200,65,209,0,0,10,7200,0,10,30500,20,0,0,0,0,10,10,209,18600,1348,7,120,400,0,0,0,0,0,0,0,0,0,0,0,0,0,0,0,18,5607200,45,18,8772,89,8827,0,0,1311,9,9,9,9,63,45,1320,1320,0,0,18,947100,0,0,108,0,0,0,0,0,0,0,0,9,449500,1311,1311,1311,332900,935600,4172500,16700,5131700,0,0,0,0,0,0,0,0,0,0,0,0,0,0,0
yune,track-a-comparison,luna_pinyin,key_sequence_process_with_context,zybfshmsru,49,10,10,5792200,30,5760000,20,20,500,65,200,2400,6500,100,1600,65,0,5,1,1700,5,1,200,10,0,50,150,10,200,65,209,0,0,10,7000,0,10,30500,20,0,0,0,0,10,10,209,17100,1348,7,120,500,0,0,0,0,0,0,0,0,0,0,0,0,0,0,0,18,5640100,45,18,8772,89,8827,0,0,1311,9,9,9,9,63,45,1320,1320,0,0,18,964800,0,0,108,0,0,0,0,0,0,0,0,9,448300,1311,1311,1311,330400,953300,4191900,16800,5168400,0,0,0,0,0,0,0,0,0,0,0,0,0,0,0
yune,track-a-comparison,luna_pinyin,key_sequence_process_with_context,zybfshmsru,50,10,10,5775500,30,5743500,20,20,500,65,200,2200,6700,300,1400,65,0,5,1,1600,5,1,200,10,0,50,150,10,200,65,209,0,0,10,7100,0,10,31700,20,0,0,0,0,10,10,209,18300,1348,7,120,600,0,0,0,0,0,0,0,0,0,0,0,0,0,0,0,18,5622200,45,18,8772,89,8827,0,0,1311,9,9,9,9,63,45,1320,1320,0,0,18,947200,0,0,108,0,0,0,0,0,0,0,0,9,450100,1311,1311,1311,332400,934900,4189200,16800,5147900,0,0,0,0,0,0,0,0,0,0,0,0,0,0,0
yune,track-a-comparison,luna_pinyin,key_sequence_process_with_context,zybfshmsru,51,10,10,5729000,30,5697300,20,20,500,65,400,2400,6500,300,1300,65,0,5,1,1500,5,1,100,10,0,50,150,10,200,65,209,0,0,10,7000,0,10,29600,20,0,0,0,0,10,10,209,22900,1348,7,120,300,0,0,0,0,0,0,0,0,0,0,0,0,0,0,0,18,5579400,45,18,8772,89,8827,0,0,1311,9,9,9,9,63,45,1320,1320,0,0,18,929500,0,0,108,0,0,0,0,0,0,0,0,9,454700,1311,1311,1311,326100,918400,4160400,16900,5101800,0,0,0,0,0,0,0,0,0,0,0,0,0,0,0
yune,track-a-comparison,luna_pinyin,key_sequence_process_with_context,zybfshmsru,52,10,10,5729900,30,5698800,20,20,500,65,200,2300,6500,300,1400,65,0,5,1,1500,5,1,100,10,0,50,150,10,200,65,209,0,0,10,7100,0,10,29600,20,0,0,0,0,10,10,209,18200,1348,7,120,500,0,0,0,0,0,0,0,0,0,0,0,0,0,0,0,18,5580300,45,18,8772,89,8827,0,0,1311,9,9,9,9,63,45,1320,1320,0,0,18,945200,0,0,108,0,0,0,0,0,0,0,0,9,444600,1311,1311,1311,324200,934000,4155300,17000,5112800,0,0,0,0,0,0,0,0,0,0,0,0,0,0,0
yune,track-a-comparison,luna_pinyin,key_sequence_process_with_context,zybfshmsru,53,10,10,5746400,30,5706700,20,20,300,65,500,2300,6600,400,1400,65,0,5,1,1500,5,1,200,10,0,50,150,10,200,65,209,0,0,10,7000,0,10,29700,20,0,0,0,0,10,10,209,16500,1348,7,120,500,0,0,0,0,0,0,0,0,0,0,0,0,0,0,0,18,5588000,45,18,8772,89,8827,0,0,1311,9,9,9,9,63,45,1320,1320,0,0,18,939800,0,0,108,0,0,0,0,0,0,0,0,9,449700,1311,1311,1311,336100,927700,4163400,16800,5114200,0,0,0,0,0,0,0,0,0,0,0,0,0,0,0
yune,track-a-comparison,luna_pinyin,key_sequence_process_with_context,zybfshmsru,54,10,10,5746600,30,5714800,20,20,600,65,400,2300,6700,400,1200,65,0,5,1,1500,5,1,200,10,0,50,150,10,200,65,209,0,0,10,6900,0,10,30500,20,0,0,0,0,10,10,209,17900,1348,7,120,400,0,0,0,0,0,0,0,0,0,0,0,0,0,0,0,18,5595400,45,18,8772,89,8827,0,0,1311,9,9,9,9,63,45,1320,1320,0,0,18,957700,0,0,108,0,0,0,0,0,0,0,0,9,458400,1311,1311,1311,329700,946600,4143700,17000,5113400,0,0,0,0,0,0,0,0,0,0,0,0,0,0,0
yune,track-a-comparison,luna_pinyin,key_sequence_process_with_context,zybfshmsru,55,10,10,5727900,30,5696300,20,20,500,65,100,2400,6300,0,1400,65,0,5,1,1500,5,1,100,10,0,50,150,10,200,65,209,0,0,10,6700,0,10,29100,20,0,0,0,0,10,10,209,18500,1348,7,120,200,0,0,0,0,0,0,0,0,0,0,0,0,0,0,0,18,5579800,45,18,8772,89,8827,0,0,1311,9,9,9,9,63,45,1320,1320,0,0,18,935800,0,0,108,0,0,0,0,0,0,0,0,9,445200,1311,1311,1311,325300,924200,4163200,16900,5110400,0,0,0,0,0,0,0,0,0,0,0,0,0,0,0
yune,track-a-comparison,luna_pinyin,key_sequence_process_with_context,zybfshmsru,56,10,10,5739300,30,5707600,20,20,900,65,200,2500,6200,200,1300,65,0,5,1,1500,5,1,200,10,0,50,150,10,200,65,209,0,0,10,7100,0,10,46500,20,0,0,0,0,10,10,209,18400,1348,7,120,500,0,0,0,0,0,0,0,0,0,0,0,0,0,0,0,18,5573500,45,18,8772,89,8827,0,0,1311,9,9,9,9,63,45,1320,1320,0,0,18,923800,0,0,108,0,0,0,0,0,0,0,0,9,450900,1311,1311,1311,331800,912500,4163300,16800,5099000,0,0,0,0,0,0,0,0,0,0,0,0,0,0,0
yune,track-a-comparison,luna_pinyin,key_sequence_process_with_context,zybfshmsru,57,10,10,5731700,30,5700500,20,20,600,65,200,2700,6300,700,1100,65,0,5,1,1500,5,1,100,10,0,50,150,10,200,65,209,0,0,10,6800,0,10,29200,20,0,0,0,0,10,10,209,17500,1348,7,120,200,0,0,0,0,0,0,0,0,0,0,0,0,0,0,0,18,5583400,45,18,8772,89,8827,0,0,1311,9,9,9,9,63,45,1320,1320,0,0,18,938300,0,0,108,0,0,0,0,0,0,0,0,9,446500,1311,1311,1311,330700,926800,4163800,16800,5113200,0,0,0,0,0,0,0,0,0,0,0,0,0,0,0
yune,track-a-comparison,luna_pinyin,key_sequence_process_with_context,zybfshmsru,58,10,10,5758700,30,5727100,20,20,500,65,100,2400,6400,500,1300,65,0,5,1,1500,5,1,200,10,0,50,150,10,200,65,209,0,0,10,6900,0,10,29300,20,0,0,0,0,10,10,209,17600,1348,7,120,500,0,0,0,0,0,0,0,0,0,0,0,0,0,0,0,18,5604500,45,18,8772,89,8827,0,0,1311,9,9,9,9,63,45,1320,1320,0,0,18,931200,0,0,108,0,0,0,0,0,0,0,0,9,469800,1311,1311,1311,351200,919800,4168400,17300,5111700,0,0,0,0,0,0,0,0,0,0,0,0,0,0,0
yune,track-a-comparison,luna_pinyin,key_sequence_process_with_context,zybfshmsru,59,10,10,5744900,30,5712900,20,20,700,65,200,2200,6200,300,1300,65,0,5,1,4900,5,1,200,10,0,50,150,10,200,65,209,0,0,10,7100,0,10,29200,20,0,0,0,0,10,10,209,17500,1348,7,120,400,0,0,0,0,0,0,0,0,0,0,0,0,0,0,0,18,5596100,45,18,8772,89,8827,0,0,1311,9,9,9,9,63,45,1320,1320,0,0,18,942100,0,0,108,0,0,0,0,0,0,0,0,9,453700,1311,1311,1311,335700,930400,4165300,17000,5119100,0,0,0,0,0,0,0,0,0,0,0,0,0,0,0
yune,track-a-comparison,luna_pinyin,key_sequence_process_with_context,zybfshmsru,60,10,10,5732900,30,5700900,20,20,400,65,300,2200,6600,300,1400,65,0,5,1,1500,5,1,100,10,0,50,150,10,200,65,209,0,0,10,7100,0,10,29500,20,0,0,0,0,10,10,209,17800,1348,7,120,400,0,0,0,0,0,0,0,0,0,0,0,0,0,0,0,18,5584500,45,18,8772,89,8827,0,0,1311,9,9,9,9,63,45,1320,1320,0,0,18,930900,0,0,108,0,0,0,0,0,0,0,0,9,447000,1311,1311,1311,331800,919600,4171200,16800,5113800,0,0,0,0,0,0,0,0,0,0,0,0,0,0,0
yune,track-a-comparison,luna_pinyin,key_sequence_process_with_context,zybfshmsru,61,10,10,5755800,30,5723200,20,20,800,65,400,2400,6600,300,1300,65,0,5,1,1600,5,1,200,10,0,50,150,10,200,65,209,0,0,10,6900,0,10,29300,20,0,0,0,0,10,10,209,16900,1348,7,120,300,0,0,0,0,0,0,0,0,0,0,0,0,0,0,0,18,5605800,45,18,8772,89,8827,0,0,1311,9,9,9,9,63,45,1320,1320,0,0,18,957100,0,0,108,0,0,0,0,0,0,0,0,9,447300,1311,1311,1311,329400,946100,4166500,16800,5136200,0,0,0,0,0,0,0,0,0,0,0,0,0,0,0
yune,track-a-comparison,luna_pinyin,key_sequence_process_with_context,zybfshmsru,62,10,10,5742700,30,5710500,20,20,500,65,400,2400,6500,400,1300,65,0,5,1,1500,5,1,100,10,0,50,150,10,200,65,209,0,0,10,7000,0,10,29500,20,0,0,0,0,10,10,209,18100,1348,7,120,500,0,0,0,0,0,0,0,0,0,0,0,0,0,0,0,18,5593100,45,18,8772,89,8827,0,0,1311,9,9,9,9,63,45,1320,1320,0,0,18,938000,0,0,108,0,0,0,0,0,0,0,0,9,446100,1311,1311,1311,326500,926500,4173800,16800,5123400,0,0,0,0,0,0,0,0,0,0,0,0,0,0,0
yune,track-a-comparison,luna_pinyin,key_sequence_process_with_context,zybfshmsru,63,10,10,5763400,30,5732100,20,20,400,65,600,2200,6100,300,1300,65,0,5,1,1600,5,1,200,10,0,50,150,10,200,65,209,0,0,10,7000,0,10,29200,20,0,0,0,0,10,10,209,16700,1348,7,120,400,0,0,0,0,0,0,0,0,0,0,0,0,0,0,0,18,5609500,45,18,8772,89,8827,0,0,1311,9,9,9,9,63,45,1320,1320,0,0,18,931100,0,0,108,0,0,0,0,0,0,0,0,9,482000,1311,1311,1311,364500,920300,4161900,16800,5105200,0,0,0,0,0,0,0,0,0,0,0,0,0,0,0
yune,track-a-comparison,luna_pinyin,key_sequence_process_with_context,zybfshmsru,64,10,10,5735100,30,5703700,20,20,500,65,400,2400,6200,300,1200,65,0,5,1,1500,5,1,100,10,0,50,150,10,200,65,209,0,0,10,6900,0,10,29400,20,0,0,0,0,10,10,209,18800,1348,7,120,500,0,0,0,0,0,0,0,0,0,0,0,0,0,0,0,18,5585000,45,18,8772,89,8827,0,0,1311,9,9,9,9,63,45,1320,1320,0,0,18,946900,0,0,108,0,0,0,0,0,0,0,0,9,451000,1311,1311,1311,331600,935900,4152000,17100,5111200,0,0,0,0,0,0,0,0,0,0,0,0,0,0,0
yune,track-a-comparison,luna_pinyin,key_sequence_process_with_context,zybfshmsru,65,10,10,5887100,30,5844700,20,20,600,65,500,3000,7800,300,1600,65,0,5,1,2400,5,1,300,10,0,50,150,10,200,65,209,0,0,10,7700,0,10,30500,20,0,0,0,0,10,10,209,18300,1348,7,120,600,0,0,0,0,0,0,0,0,0,0,0,0,0,0,0,18,5721700,45,18,8772,89,8827,0,0,1311,9,9,9,9,63,45,1320,1320,0,0,18,1014700,0,0,108,0,0,0,0,0,0,0,0,9,488100,1311,1311,1311,361300,1000300,4178600,18900,5205200,0,0,0,0,0,0,0,0,0,0,0,0,0,0,0
yune,track-a-comparison,luna_pinyin,key_sequence_process_with_context,zybfshmsru,66,10,10,5757300,30,5723300,20,20,500,65,400,2400,6500,200,1300,65,0,5,1,1600,5,1,200,10,0,50,150,10,200,65,209,0,0,10,7300,0,10,31400,20,0,0,0,0,10,10,209,18400,1348,7,120,300,0,0,0,0,0,0,0,0,0,0,0,0,0,0,0,18,5586000,45,18,8772,89,8827,0,0,1311,9,9,9,9,63,45,1320,1320,0,0,18,931400,0,0,108,0,0,0,0,0,0,0,0,9,453600,1311,1311,1311,333400,919700,4166000,17300,5109300,0,0,0,0,0,0,0,0,0,0,0,0,0,0,0
yune,track-a-comparison,luna_pinyin,key_sequence_process_with_context,zybfshmsru,67,10,10,5731400,30,5700000,20,20,500,65,200,2300,6400,400,1300,65,0,5,1,1500,5,1,100,10,0,50,150,10,200,65,209,0,0,10,7200,0,10,30600,20,0,0,0,0,10,10,209,17400,1348,7,120,400,0,0,0,0,0,0,0,0,0,0,0,0,0,0,0,18,5577900,45,18,8772,89,8827,0,0,1311,9,9,9,9,63,45,1320,1320,0,0,18,942300,0,0,108,0,0,0,0,0,0,0,0,9,446600,1311,1311,1311,331100,931100,4153900,17200,5108100,0,0,0,0,0,0,0,0,0,0,0,0,0,0,0
yune,track-a-comparison,luna_pinyin,key_sequence_process_with_context,zybfshmsru,68,10,10,5708900,30,5677600,20,20,700,65,500,2400,6300,200,1300,65,0,5,1,1500,5,1,100,10,0,50,150,10,200,65,209,0,0,10,7300,0,10,29900,20,0,0,0,0,10,10,209,17200,1348,7,120,300,0,0,0,0,0,0,0,0,0,0,0,0,0,0,0,18,5556400,45,18,8772,89,8827,0,0,1311,9,9,9,9,63,45,1320,1320,0,0,18,917900,0,0,108,0,0,0,0,0,0,0,0,9,446100,1311,1311,1311,327800,906900,4148000,16800,5078300,0,0,0,0,0,0,0,0,0,0,0,0,0,0,0
yune,track-a-comparison,luna_pinyin,key_sequence_process_with_context,zybfshmsru,69,10,10,5748900,30,5695700,20,20,600,65,300,2300,27600,400,1400,65,0,5,1,1600,5,1,100,10,0,50,150,10,200,65,209,0,0,10,7500,0,10,30600,20,0,0,0,0,10,10,209,18700,1348,7,120,500,0,0,0,0,0,0,0,0,0,0,0,0,0,0,0,18,5575000,45,18,8772,89,8827,0,0,1311,9,9,9,9,63,45,1320,1320,0,0,18,938900,0,0,108,0,0,0,0,0,0,0,0,9,442000,1311,1311,1311,325400,927700,4158000,16500,5109200,0,0,0,0,0,0,0,0,0,0,0,0,0,0,0
yune,track-a-comparison,luna_pinyin,key_sequence_process_with_context,zybfshmsru,70,10,10,5736200,30,5703800,20,20,700,65,200,2400,6900,100,1300,65,0,5,1,1600,5,1,200,10,0,50,150,10,200,65,209,0,0,10,7400,0,10,30100,20,0,0,0,0,10,10,209,16200,1348,7,120,300,0,0,0,0,0,0,0,0,0,0,0,0,0,0,0,18,5583500,45,18,8772,89,8827,0,0,1311,9,9,9,9,63,45,1320,1320,0,0,18,921400,0,0,108,0,0,0,0,0,0,0,0,9,443600,1311,1311,1311,323000,909800,4183200,16500,5116400,0,0,0,0,0,0,0,0,0,0,0,0,0,0,0
yune,track-a-comparison,luna_pinyin,key_sequence_process_with_context,zybfshmsru,71,10,10,5807400,30,5772000,20,20,400,65,100,2700,7000,400,1800,65,0,5,1,1600,5,1,200,10,0,50,150,10,200,65,209,0,0,10,7400,0,10,29500,20,0,0,0,0,10,10,209,15900,1348,7,120,300,0,0,0,0,0,0,0,0,0,0,0,0,0,0,0,18,5651700,45,18,8772,89,8827,0,0,1311,9,9,9,9,63,45,1320,1320,0,0,18,924900,0,0,108,0,0,0,0,0,0,0,0,9,445800,1311,1311,1311,329500,913300,4244100,16800,5181700,0,0,0,0,0,0,0,0,0,0,0,0,0,0,0
yune,track-a-comparison,luna_pinyin,key_sequence_process_with_context,zybfshmsru,72,10,10,5754300,30,5722800,20,20,400,65,200,2200,6000,100,1300,65,0,5,1,1600,5,1,100,10,0,50,150,10,200,65,209,0,0,10,7300,0,10,29800,20,0,0,0,0,10,10,209,17500,1348,7,120,500,0,0,0,0,0,0,0,0,0,0,0,0,0,0,0,18,5602300,45,18,8772,89,8827,0,0,1311,9,9,9,9,63,45,1320,1320,0,0,18,915300,0,0,108,0,0,0,0,0,0,0,0,9,445000,1311,1311,1311,328400,904100,4206000,16900,5133500,0,0,0,0,0,0,0,0,0,0,0,0,0,0,0
yune,track-a-comparison,luna_pinyin,key_sequence_process_with_context,zybfshmsru,73,10,10,5829900,30,5797100,20,20,500,65,400,2300,6400,200,1500,65,0,5,1,1600,5,1,100,10,0,50,150,10,200,65,209,0,0,10,7300,0,10,30000,20,0,0,0,0,10,10,209,17900,1348,7,120,300,0,0,0,0,0,0,0,0,0,0,0,0,0,0,0,18,5675600,45,18,8772,89,8827,0,0,1311,9,9,9,9,63,45,1320,1320,0,0,18,925300,0,0,108,0,0,0,0,0,0,0,0,9,446000,1311,1311,1311,324700,913500,4268300,17100,5205700,0,0,0,0,0,0,0,0,0,0,0,0,0,0,0
yune,track-a-comparison,luna_pinyin,key_sequence_process_with_context,zybfshmsru,74,10,10,5791200,30,5758900,20,20,600,65,300,2500,6300,0,1700,65,0,5,1,1700,5,1,100,10,0,50,150,10,200,65,209,0,0,10,7500,0,10,29800,20,0,0,0,0,10,10,209,16900,1348,7,120,400,0,0,0,0,0,0,0,0,0,0,0,0,0,0,0,18,5638200,45,18,8772,89,8827,0,0,1311,9,9,9,9,63,45,1320,1320,0,0,18,940800,0,0,108,0,0,0,0,0,0,0,0,9,445900,1311,1311,1311,327500,929000,4216200,16600,5168400,0,0,0,0,0,0,0,0,0,0,0,0,0,0,0
yune,track-a-comparison,luna_pinyin,key_sequence_process_with_context,zybfshmsru,75,10,10,5780400,30,5748700,20,20,800,65,100,2300,6400,200,1200,65,0,5,1,1500,5,1,200,10,0,50,150,10,200,65,209,0,0,10,7300,0,10,30400,20,0,0,0,0,10,10,209,17000,1348,7,120,500,0,0,0,0,0,0,0,0,0,0,0,0,0,0,0,18,5628300,45,18,8772,89,8827,0,0,1311,9,9,9,9,63,45,1320,1320,0,0,18,930400,0,0,108,0,0,0,0,0,0,0,0,9,452700,1311,1311,1311,330800,919400,4209400,17000,5152500,0,0,0,0,0,0,0,0,0,0,0,0,0,0,0
yune,track-a-comparison,luna_pinyin,key_sequence_process_with_context,zybfshmsru,76,10,10,5806800,30,5774800,20,20,700,65,100,2200,6300,100,1400,65,0,5,1,1500,5,1,200,10,0,50,150,10,200,65,209,0,0,10,7500,0,10,29300,20,0,0,0,0,10,10,209,16400,1348,7,120,200,0,0,0,0,0,0,0,0,0,0,0,0,0,0,0,18,5655300,45,18,8772,89,8827,0,0,1311,9,9,9,9,63,45,1320,1320,0,0,18,945100,0,0,108,0,0,0,0,0,0,0,0,9,448400,1311,1311,1311,330300,934100,4226900,16400,5184000,0,0,0,0,0,0,0,0,0,0,0,0,0,0,0
yune,track-a-comparison,luna_pinyin,key_sequence_process_with_context,zybfshmsru,77,10,10,5813400,30,5781800,20,20,700,65,200,2300,6300,300,1600,65,0,5,1,1600,5,1,200,10,0,50,150,10,200,65,209,0,0,10,7300,0,10,29800,20,0,0,0,0,10,10,209,16500,1348,7,120,400,0,0,0,0,0,0,0,0,0,0,0,0,0,0,0,18,5661400,45,18,8772,89,8827,0,0,1311,9,9,9,9,63,45,1320,1320,0,0,18,935900,0,0,108,0,0,0,0,0,0,0,0,9,446200,1311,1311,1311,328300,924500,4243900,17000,5191600,0,0,0,0,0,0,0,0,0,0,0,0,0,0,0
yune,track-a-comparison,luna_pinyin,key_sequence_process_with_context,zybfshmsru,78,10,10,5814900,30,5782900,20,20,500,65,500,2400,6100,200,1300,65,0,5,1,1600,5,1,100,10,0,50,150,10,200,65,209,0,0,10,7500,0,10,29900,20,0,0,0,0,10,10,209,17600,1348,7,120,300,0,0,0,0,0,0,0,0,0,0,0,0,0,0,0,18,5663300,45,18,8772,89,8827,0,0,1311,9,9,9,9,63,45,1320,1320,0,0,18,931200,0,0,108,0,0,0,0,0,0,0,0,9,456400,1311,1311,1311,335700,919400,4240200,16900,5183000,0,0,0,0,0,0,0,0,0,0,0,0,0,0,0
yune,track-a-comparison,luna_pinyin,key_sequence_process_with_context,zybfshmsru,79,10,10,5852500,30,5819600,20,20,600,65,100,2500,6300,200,1300,65,0,5,1,1600,5,1,100,10,0,50,150,10,200,65,209,0,0,10,7300,0,10,29300,20,0,0,0,0,10,10,209,16800,1348,7,120,300,0,0,0,0,0,0,0,0,0,0,0,0,0,0,0,18,5699000,45,18,8772,89,8827,0,0,1311,9,9,9,9,63,45,1320,1320,0,0,18,957600,0,0,108,0,0,0,0,0,0,0,0,9,449500,1311,1311,1311,328400,946200,4256500,16900,5225800,0,0,0,0,0,0,0,0,0,0,0,0,0,0,0
