engine,track,schema_id,workload,input,sample_index,operation_count,process_key_calls,process_key_ns,translator_calls,translator_ns,lookup_views_visited,owned_candidates_materialized,owned_candidate_materialization_ns,candidates_sorted,candidate_sort_ns,userdb_merge_ns,filter_pipeline_ns,ranker_pipeline_ns,ai_merge_ns,candidates_stored,context_full_snapshot_candidates_cloned,context_page_snapshot_candidates_cloned,abi_get_context_calls,abi_get_context_ns,abi_candidates_exported,abi_free_context_calls,abi_free_context_ns,candidate_request_bounded_calls,candidate_request_unbounded_calls,candidate_request_page_limit_total,candidate_request_surplus_total,bounded_iterator_calls,bounded_iterator_limit_total,bounded_iterator_selected_total,bounded_iterator_full_count_total,full_list_translation_calls,full_list_fallback_count,exact_lookup_calls,exact_lookup_ns,exact_lookup_candidates,prefix_lookup_calls,prefix_lookup_ns,prefix_lookup_candidates,heap_exact_lookup_calls,heap_prefix_lookup_calls,no_marisa_compact_exact_lookup_calls,no_marisa_compact_prefix_lookup_calls,rsmarisa_exact_lookup_calls,rsmarisa_prefix_lookup_calls,prism_lookup_calls,prism_lookup_ns,prism_lookup_codes,abi_c_string_allocations,abi_c_string_bytes,abi_c_string_allocation_ns,sentence_candidate_calls,sentence_candidate_ns,sentence_substrings_considered,sentence_exact_lookup_calls,sentence_exact_lookup_ns,sentence_exact_lookup_candidates,sentence_prefix_lookup_calls,sentence_prefix_lookup_ns,sentence_prefix_lookup_candidates,sentence_entry_matches_collected,sentence_path_clones,sentence_path_replacements,sentence_paths_pruned,sentence_max_live_paths,sentence_result_candidates,upstream_sentence_model_calls,upstream_sentence_model_ns,upstream_sentence_model_candidates,upstream_sentence_model_code_prefix_checks,upstream_sentence_model_table_entries_considered,upstream_sentence_model_vocabulary_entries_considered,upstream_sentence_model_graph_edges,upstream_sentence_model_index_build_calls,upstream_sentence_model_index_build_ns,upstream_sentence_model_exact_range_index_hits,upstream_sentence_model_exact_range_index_misses,upstream_sentence_model_prefix_filter_hits,upstream_sentence_model_prefix_filter_misses,upstream_sentence_model_prefix_filter_early_breaks,upstream_sentence_model_reachable_starts_visited,upstream_sentence_model_unreachable_starts_skipped,upstream_sentence_model_phrase_index_walk_calls,upstream_sentence_model_phrase_index_nodes_visited,upstream_sentence_model_phrase_index_entry_ranges_emitted,upstream_sentence_model_partition_point_fallback_calls,upstream_sentence_model_graph_rebuild_calls,upstream_sentence_model_graph_rebuild_ns,upstream_sentence_model_incremental_reuse_hits,upstream_sentence_model_incremental_extend_ns,upstream_sentence_model_incremental_discarded_rebuild_chars,prefix_fallback_calls,prefix_fallback_ns,prefix_fallback_views_visited,prefix_fallback_candidates,dynamic_correction_calls,dynamic_correction_ns,dynamic_correction_codes_considered,dynamic_correction_candidates,abbreviation_span_discovery_calls,abbreviation_span_discovery_ns,abbreviation_span_candidates_considered,abbreviation_span_codes_emitted,abbreviation_model_has_code_calls,abbreviation_model_has_code_ns,abbreviation_code_span_graph_build_ns,abbreviation_sentence_ranking_ns,abbreviation_preedit_format_ns,abbreviation_candidate_format_ns,short_key_candidate_rows_scanned,short_key_candidates_materialized,short_key_candidates_cloned,short_key_filter_ns,short_key_sort_rank_ns,short_key_comment_quality_ns,short_key_first_page_materialize_ns,track_b_spelling_expansions_considered,track_b_spelling_expansion_ns,track_b_exact_lookup_calls,track_b_exact_lookup_ns,track_b_prefix_lookup_calls,track_b_prefix_lookup_ns,track_b_candidates_materialized,track_b_first_page_materialize_ns
yune,track-a-comparison,luna_pinyin,startup_warm_shared_assets_runtime_ready,,0,1,0,0,22,42400,513353,0,0,0,300,9900,6500,400,600,0,0,0,0,0,0,0,0,0,15,0,0,0,0,0,0,15,0,6,3500,0,0,0,0,0,0,0,0,6,0,6,800,0,0,0,0,6,200,0,0,0,0,0,0,0,0,0,0,0,0,0,12,3000,0,0,0,0,0,1,1598300,0,0,0,0,0,0,0,0,0,0,0,0,0,0,0,0,0,0,0,0,0,0,0,0,0,0,0,0,0,0,0,0,0,0,0,0,0,0,0,0,0,0,0,0,0,0,0,0,0
yune,track-a-comparison,luna_pinyin,startup_warm_shared_assets_runtime_ready,,1,1,0,0,22,6800,0,0,0,0,100,2200,1600,400,300,0,0,0,0,0,0,0,0,0,15,0,0,0,0,0,0,15,0,6,900,0,0,0,0,0,0,0,0,6,0,6,500,0,0,0,0,6,400,0,0,0,0,0,0,0,0,0,0,0,0,0,12,400,0,0,0,0,0,0,0,0,0,0,0,0,0,0,0,0,0,0,0,0,0,0,0,0,0,0,0,0,0,0,0,0,0,0,0,0,0,0,0,0,0,0,0,0,0,0,0,0,0,0,0,0,0,0,0,0
yune,track-a-comparison,luna_pinyin,startup_warm_shared_assets_runtime_ready,,2,1,0,0,22,6900,0,0,0,0,500,1600,1500,200,400,0,0,0,0,0,0,0,0,0,15,0,0,0,0,0,0,15,0,6,900,0,0,0,0,0,0,0,0,6,0,6,300,0,0,0,0,6,100,0,0,0,0,0,0,0,0,0,0,0,0,0,12,800,0,0,0,0,0,0,0,0,0,0,0,0,0,0,0,0,0,0,0,0,0,0,0,0,0,0,0,0,0,0,0,0,0,0,0,0,0,0,0,0,0,0,0,0,0,0,0,0,0,0,0,0,0,0,0,0
yune,track-a-comparison,luna_pinyin,startup_warm_shared_assets_runtime_ready,,3,1,0,0,22,7100,0,0,0,0,400,1500,1600,400,500,0,0,0,0,0,0,0,0,0,15,0,0,0,0,0,0,15,0,6,900,0,0,0,0,0,0,0,0,6,0,6,200,0,0,0,0,6,100,0,0,0,0,0,0,0,0,0,0,0,0,0,12,600,0,0,0,0,0,0,0,0,0,0,0,0,0,0,0,0,0,0,0,0,0,0,0,0,0,0,0,0,0,0,0,0,0,0,0,0,0,0,0,0,0,0,0,0,0,0,0,0,0,0,0,0,0,0,0,0
yune,track-a-comparison,luna_pinyin,startup_warm_shared_assets_runtime_ready,,4,1,0,0,22,6900,0,0,0,0,400,1300,1500,200,600,0,0,0,0,0,0,0,0,0,15,0,0,0,0,0,0,15,0,6,1300,0,0,0,0,0,0,0,0,6,0,6,400,0,0,0,0,6,300,0,0,0,0,0,0,0,0,0,0,0,0,0,12,1000,0,0,0,0,0,0,0,0,0,0,0,0,0,0,0,0,0,0,0,0,0,0,0,0,0,0,0,0,0,0,0,0,0,0,0,0,0,0,0,0,0,0,0,0,0,0,0,0,0,0,0,0,0,0,0,0
yune,track-a-comparison,luna_pinyin,startup_warm_shared_assets_runtime_ready,,5,1,0,0,22,6300,0,0,0,0,600,1700,1100,500,200,0,0,0,0,0,0,0,0,0,15,0,0,0,0,0,0,15,0,6,900,0,0,0,0,0,0,0,0,6,0,6,500,0,0,0,0,6,200,0,0,0,0,0,0,0,0,0,0,0,0,0,12,500,0,0,0,0,0,0,0,0,0,0,0,0,0,0,0,0,0,0,0,0,0,0,0,0,0,0,0,0,0,0,0,0,0,0,0,0,0,0,0,0,0,0,0,0,0,0,0,0,0,0,0,0,0,0,0,0
yune,track-a-comparison,luna_pinyin,startup_warm_shared_assets_runtime_ready,,6,1,0,0,22,5700,0,0,0,0,300,1700,1500,400,500,0,0,0,0,0,0,0,0,0,15,0,0,0,0,0,0,15,0,6,700,0,0,0,0,0,0,0,0,6,0,6,200,0,0,0,0,6,0,0,0,0,0,0,0,0,0,0,0,0,0,0,12,400,0,0,0,0,0,0,0,0,0,0,0,0,0,0,0,0,0,0,0,0,0,0,0,0,0,0,0,0,0,0,0,0,0,0,0,0,0,0,0,0,0,0,0,0,0,0,0,0,0,0,0,0,0,0,0,0
yune,track-a-comparison,luna_pinyin,startup_warm_shared_assets_runtime_ready,,7,1,0,0,22,6200,0,0,0,0,800,1600,1700,300,400,0,0,0,0,0,0,0,0,0,15,0,0,0,0,0,0,15,0,6,800,0,0,0,0,0,0,0,0,6,0,6,400,0,0,0,0,6,300,0,0,0,0,0,0,0,0,0,0,0,0,0,12,500,0,0,0,0,0,0,0,0,0,0,0,0,0,0,0,0,0,0,0,0,0,0,0,0,0,0,0,0,0,0,0,0,0,0,0,0,0,0,0,0,0,0,0,0,0,0,0,0,0,0,0,0,0,0,0,0
yune,track-a-comparison,luna_pinyin,startup_warm_shared_assets_runtime_ready,,8,1,0,0,22,6300,0,0,0,0,500,1800,1200,500,400,0,0,0,0,0,0,0,0,0,15,0,0,0,0,0,0,15,0,6,700,0,0,0,0,0,0,0,0,6,0,6,300,0,0,0,0,6,100,0,0,0,0,0,0,0,0,0,0,0,0,0,12,800,0,0,0,0,0,0,0,0,0,0,0,0,0,0,0,0,0,0,0,0,0,0,0,0,0,0,0,0,0,0,0,0,0,0,0,0,0,0,0,0,0,0,0,0,0,0,0,0,0,0,0,0,0,0,0,0
yune,track-a-comparison,luna_pinyin,session_create_select_destroy,,0,1,0,0,22,5400,0,0,0,0,400,1500,1400,200,500,0,0,0,0,0,0,0,0,0,15,0,0,0,0,0,0,15,0,6,600,0,0,0,0,0,0,0,0,6,0,6,100,0,0,0,0,6,0,0,0,0,0,0,0,0,0,0,0,0,0,0,12,800,0,0,0,0,0,0,0,0,0,0,0,0,0,0,0,0,0,0,0,0,0,0,0,0,0,0,0,0,0,0,0,0,0,0,0,0,0,0,0,0,0,0,0,0,0,0,0,0,0,0,0,0,0,0,0,0
yune,track-a-comparison,luna_pinyin,session_create_select_destroy,,1,1,0,0,22,5800,0,0,0,0,500,1400,1500,400,400,0,0,0,0,0,0,0,0,0,15,0,0,0,0,0,0,15,0,6,900,0,0,0,0,0,0,0,0,6,0,6,100,0,0,0,0,6,100,0,0,0,0,0,0,0,0,0,0,0,0,0,12,800,0,0,0,0,0,0,0,0,0,0,0,0,0,0,0,0,0,0,0,0,0,0,0,0,0,0,0,0,0,0,0,0,0,0,0,0,0,0,0,0,0,0,0,0,0,0,0,0,0,0,0,0,0,0,0,0
yune,track-a-comparison,luna_pinyin,session_create_select_destroy,,2,1,0,0,22,5800,0,0,0,0,900,1700,1400,100,500,0,0,0,0,0,0,0,0,0,15,0,0,0,0,0,0,15,0,6,1000,0,0,0,0,0,0,0,0,6,0,6,400,0,0,0,0,6,100,0,0,0,0,0,0,0,0,0,0,0,0,0,12,400,0,0,0,0,0,0,0,0,0,0,0,0,0,0,0,0,0,0,0,0,0,0,0,0,0,0,0,0,0,0,0,0,0,0,0,0,0,0,0,0,0,0,0,0,0,0,0,0,0,0,0,0,0,0,0,0
yune,track-a-comparison,luna_pinyin,session_create_select_destroy,,3,1,0,0,22,5500,0,0,0,0,0,1600,1500,0,500,0,0,0,0,0,0,0,0,0,15,0,0,0,0,0,0,15,0,6,800,0,0,0,0,0,0,0,0,6,0,6,200,0,0,0,0,6,100,0,0,0,0,0,0,0,0,0,0,0,0,0,12,600,0,0,0,0,0,0,0,0,0,0,0,0,0,0,0,0,0,0,0,0,0,0,0,0,0,0,0,0,0,0,0,0,0,0,0,0,0,0,0,0,0,0,0,0,0,0,0,0,0,0,0,0,0,0,0,0
yune,track-a-comparison,luna_pinyin,session_create_select_destroy,,4,1,0,0,22,5300,0,0,0,0,400,1400,1600,300,700,0,0,0,0,0,0,0,0,0,15,0,0,0,0,0,0,15,0,6,900,0,0,0,0,0,0,0,0,6,0,6,400,0,0,0,0,6,0,0,0,0,0,0,0,0,0,0,0,0,0,0,12,500,0,0,0,0,0,0,0,0,0,0,0,0,0,0,0,0,0,0,0,0,0,0,0,0,0,0,0,0,0,0,0,0,0,0,0,0,0,0,0,0,0,0,0,0,0,0,0,0,0,0,0,0,0,0,0,0
yune,track-a-comparison,luna_pinyin,session_create_select_destroy,,5,1,0,0,22,11000,0,0,0,0,100,2700,2200,400,500,0,0,0,0,0,0,0,0,0,15,0,0,0,0,0,0,15,0,6,1500,0,0,0,0,0,0,0,0,6,0,6,800,0,0,0,0,6,200,0,0,0,0,0,0,0,0,0,0,0,0,0,12,1100,0,0,0,0,0,0,0,0,0,0,0,0,0,0,0,0,0,0,0,0,0,0,0,0,0,0,0,0,0,0,0,0,0,0,0,0,0,0,0,0,0,0,0,0,0,0,0,0,0,0,0,0,0,0,0,0
yune,track-a-comparison,luna_pinyin,session_create_select_destroy,,6,1,0,0,22,7000,0,0,0,0,700,1700,1400,400,500,0,0,0,0,0,0,0,0,0,15,0,0,0,0,0,0,15,0,6,800,0,0,0,0,0,0,0,0,6,0,6,400,0,0,0,0,6,400,0,0,0,0,0,0,0,0,0,0,0,0,0,12,600,0,0,0,0,0,0,0,0,0,0,0,0,0,0,0,0,0,0,0,0,0,0,0,0,0,0,0,0,0,0,0,0,0,0,0,0,0,0,0,0,0,0,0,0,0,0,0,0,0,0,0,0,0,0,0,0
yune,track-a-comparison,luna_pinyin,session_create_select_destroy,,7,1,0,0,22,5300,0,0,0,0,400,1300,1500,300,700,0,0,0,0,0,0,0,0,0,15,0,0,0,0,0,0,15,0,6,600,0,0,0,0,0,0,0,0,6,0,6,100,0,0,0,0,6,100,0,0,0,0,0,0,0,0,0,0,0,0,0,12,400,0,0,0,0,0,0,0,0,0,0,0,0,0,0,0,0,0,0,0,0,0,0,0,0,0,0,0,0,0,0,0,0,0,0,0,0,0,0,0,0,0,0,0,0,0,0,0,0,0,0,0,0,0,0,0,0
yune,track-a-comparison,luna_pinyin,session_create_select_destroy,,8,1,0,0,22,6100,0,0,0,0,100,1700,1300,200,200,0,0,0,0,0,0,0,0,0,15,0,0,0,0,0,0,15,0,6,700,0,0,0,0,0,0,0,0,6,0,6,200,0,0,0,0,6,100,0,0,0,0,0,0,0,0,0,0,0,0,0,12,800,0,0,0,0,0,0,0,0,0,0,0,0,0,0,0,0,0,0,0,0,0,0,0,0,0,0,0,0,0,0,0,0,0,0,0,0,0,0,0,0,0,0,0,0,0,0,0,0,0,0,0,0,0,0,0,0
yune,track-a-comparison,luna_pinyin,session_create_select_destroy,,9,1,0,0,22,6400,0,0,0,0,300,1500,1400,400,200,0,0,0,0,0,0,0,0,0,15,0,0,0,0,0,0,15,0,6,900,0,0,0,0,0,0,0,0,6,0,6,100,0,0,0,0,6,200,0,0,0,0,0,0,0,0,0,0,0,0,0,12,600,0,0,0,0,0,0,0,0,0,0,0,0,0,0,0,0,0,0,0,0,0,0,0,0,0,0,0,0,0,0,0,0,0,0,0,0,0,0,0,0,0,0,0,0,0,0,0,0,0,0,0,0,0,0,0,0
yune,track-a-comparison,luna_pinyin,session_create_select_destroy,,10,1,0,0,22,5900,0,0,0,0,500,1400,1400,300,400,0,0,0,0,0,0,0,0,0,15,0,0,0,0,0,0,15,0,6,800,0,0,0,0,0,0,0,0,6,0,6,200,0,0,0,0,6,200,0,0,0,0,0,0,0,0,0,0,0,0,0,12,400,0,0,0,0,0,0,0,0,0,0,0,0,0,0,0,0,0,0,0,0,0,0,0,0,0,0,0,0,0,0,0,0,0,0,0,0,0,0,0,0,0,0,0,0,0,0,0,0,0,0,0,0,0,0,0,0
yune,track-a-comparison,luna_pinyin,session_create_select_destroy,,11,1,0,0,22,6200,0,0,0,0,300,1800,1600,900,400,0,0,0,0,0,0,0,0,0,15,0,0,0,0,0,0,15,0,6,1200,0,0,0,0,0,0,0,0,6,0,6,200,0,0,0,0,6,200,0,0,0,0,0,0,0,0,0,0,0,0,0,12,900,0,0,0,0,0,0,0,0,0,0,0,0,0,0,0,0,0,0,0,0,0,0,0,0,0,0,0,0,0,0,0,0,0,0,0,0,0,0,0,0,0,0,0,0,0,0,0,0,0,0,0,0,0,0,0,0
yune,track-a-comparison,luna_pinyin,session_create_select_destroy,,12,1,0,0,22,5600,0,0,0,0,400,1600,1200,400,100,0,0,0,0,0,0,0,0,0,15,0,0,0,0,0,0,15,0,6,800,0,0,0,0,0,0,0,0,6,0,6,200,0,0,0,0,6,100,0,0,0,0,0,0,0,0,0,0,0,0,0,12,300,0,0,0,0,0,0,0,0,0,0,0,0,0,0,0,0,0,0,0,0,0,0,0,0,0,0,0,0,0,0,0,0,0,0,0,0,0,0,0,0,0,0,0,0,0,0,0,0,0,0,0,0,0,0,0,0
yune,track-a-comparison,luna_pinyin,session_create_select_destroy,,13,1,0,0,22,6300,0,0,0,0,300,1500,1300,400,200,0,0,0,0,0,0,0,0,0,15,0,0,0,0,0,0,15,0,6,900,0,0,0,0,0,0,0,0,6,0,6,200,0,0,0,0,6,300,0,0,0,0,0,0,0,0,0,0,0,0,0,12,700,0,0,0,0,0,0,0,0,0,0,0,0,0,0,0,0,0,0,0,0,0,0,0,0,0,0,0,0,0,0,0,0,0,0,0,0,0,0,0,0,0,0,0,0,0,0,0,0,0,0,0,0,0,0,0,0
yune,track-a-comparison,luna_pinyin,session_create_select_destroy,,14,1,0,0,22,6100,0,0,0,0,800,1600,1100,600,100,0,0,0,0,0,0,0,0,0,15,0,0,0,0,0,0,15,0,6,900,0,0,0,0,0,0,0,0,6,0,6,100,0,0,0,0,6,300,0,0,0,0,0,0,0,0,0,0,0,0,0,12,400,0,0,0,0,0,0,0,0,0,0,0,0,0,0,0,0,0,0,0,0,0,0,0,0,0,0,0,0,0,0,0,0,0,0,0,0,0,0,0,0,0,0,0,0,0,0,0,0,0,0,0,0,0,0,0,0
yune,track-a-comparison,luna_pinyin,session_create_select_destroy,,15,1,0,0,22,5300,0,0,0,0,800,1200,1800,400,500,0,0,0,0,0,0,0,0,0,15,0,0,0,0,0,0,15,0,6,800,0,0,0,0,0,0,0,0,6,0,6,200,0,0,0,0,6,100,0,0,0,0,0,0,0,0,0,0,0,0,0,12,700,0,0,0,0,0,0,0,0,0,0,0,0,0,0,0,0,0,0,0,0,0,0,0,0,0,0,0,0,0,0,0,0,0,0,0,0,0,0,0,0,0,0,0,0,0,0,0,0,0,0,0,0,0,0,0,0
yune,track-a-comparison,luna_pinyin,session_create_select_destroy,,16,1,0,0,22,5700,0,0,0,0,300,1700,1200,500,500,0,0,0,0,0,0,0,0,0,15,0,0,0,0,0,0,15,0,6,1000,0,0,0,0,0,0,0,0,6,0,6,200,0,0,0,0,6,300,0,0,0,0,0,0,0,0,0,0,0,0,0,12,300,0,0,0,0,0,0,0,0,0,0,0,0,0,0,0,0,0,0,0,0,0,0,0,0,0,0,0,0,0,0,0,0,0,0,0,0,0,0,0,0,0,0,0,0,0,0,0,0,0,0,0,0,0,0,0,0
yune,track-a-comparison,luna_pinyin,session_create_select_destroy,,17,1,0,0,22,5200,0,0,0,0,400,1500,1400,300,500,0,0,0,0,0,0,0,0,0,15,0,0,0,0,0,0,15,0,6,1000,0,0,0,0,0,0,0,0,6,0,6,300,0,0,0,0,6,300,0,0,0,0,0,0,0,0,0,0,0,0,0,12,800,0,0,0,0,0,0,0,0,0,0,0,0,0,0,0,0,0,0,0,0,0,0,0,0,0,0,0,0,0,0,0,0,0,0,0,0,0,0,0,0,0,0,0,0,0,0,0,0,0,0,0,0,0,0,0,0
yune,track-a-comparison,luna_pinyin,session_create_select_destroy,,18,1,0,0,22,5500,0,0,0,0,200,1700,1400,400,200,0,0,0,0,0,0,0,0,0,15,0,0,0,0,0,0,15,0,6,700,0,0,0,0,0,0,0,0,6,0,6,200,0,0,0,0,6,400,0,0,0,0,0,0,0,0,0,0,0,0,0,12,900,0,0,0,0,0,0,0,0,0,0,0,0,0,0,0,0,0,0,0,0,0,0,0,0,0,0,0,0,0,0,0,0,0,0,0,0,0,0,0,0,0,0,0,0,0,0,0,0,0,0,0,0,0,0,0,0
yune,track-a-comparison,luna_pinyin,session_create_select_destroy,,19,1,0,0,22,4900,0,0,0,0,700,1600,1400,700,300,0,0,0,0,0,0,0,0,0,15,0,0,0,0,0,0,15,0,6,600,0,0,0,0,0,0,0,0,6,0,6,100,0,0,0,0,6,200,0,0,0,0,0,0,0,0,0,0,0,0,0,12,600,0,0,0,0,0,0,0,0,0,0,0,0,0,0,0,0,0,0,0,0,0,0,0,0,0,0,0,0,0,0,0,0,0,0,0,0,0,0,0,0,0,0,0,0,0,0,0,0,0,0,0,0,0,0,0,0
yune,track-a-comparison,luna_pinyin,session_create_select_destroy,,20,1,0,0,22,6100,0,0,0,0,200,1300,1500,400,300,0,0,0,0,0,0,0,0,0,15,0,0,0,0,0,0,15,0,6,1000,0,0,0,0,0,0,0,0,6,0,6,400,0,0,0,0,6,0,0,0,0,0,0,0,0,0,0,0,0,0,0,12,700,0,0,0,0,0,0,0,0,0,0,0,0,0,0,0,0,0,0,0,0,0,0,0,0,0,0,0,0,0,0,0,0,0,0,0,0,0,0,0,0,0,0,0,0,0,0,0,0,0,0,0,0,0,0,0,0
yune,track-a-comparison,luna_pinyin,session_create_select_destroy,,21,1,0,0,22,5100,0,0,0,0,200,1600,1200,500,300,0,0,0,0,0,0,0,0,0,15,0,0,0,0,0,0,15,0,6,700,0,0,0,0,0,0,0,0,6,0,6,300,0,0,0,0,6,100,0,0,0,0,0,0,0,0,0,0,0,0,0,12,600,0,0,0,0,0,0,0,0,0,0,0,0,0,0,0,0,0,0,0,0,0,0,0,0,0,0,0,0,0,0,0,0,0,0,0,0,0,0,0,0,0,0,0,0,0,0,0,0,0,0,0,0,0,0,0,0
yune,track-a-comparison,luna_pinyin,session_create_select_destroy,,22,1,0,0,22,5600,0,0,0,0,200,1700,1400,600,200,0,0,0,0,0,0,0,0,0,15,0,0,0,0,0,0,15,0,6,500,0,0,0,0,0,0,0,0,6,0,6,300,0,0,0,0,6,200,0,0,0,0,0,0,0,0,0,0,0,0,0,12,500,0,0,0,0,0,0,0,0,0,0,0,0,0,0,0,0,0,0,0,0,0,0,0,0,0,0,0,0,0,0,0,0,0,0,0,0,0,0,0,0,0,0,0,0,0,0,0,0,0,0,0,0,0,0,0,0
yune,track-a-comparison,luna_pinyin,session_create_select_destroy,,23,1,0,0,22,5700,0,0,0,0,500,1400,1400,200,300,0,0,0,0,0,0,0,0,0,15,0,0,0,0,0,0,15,0,6,900,0,0,0,0,0,0,0,0,6,0,6,400,0,0,0,0,6,100,0,0,0,0,0,0,0,0,0,0,0,0,0,12,300,0,0,0,0,0,0,0,0,0,0,0,0,0,0,0,0,0,0,0,0,0,0,0,0,0,0,0,0,0,0,0,0,0,0,0,0,0,0,0,0,0,0,0,0,0,0,0,0,0,0,0,0,0,0,0,0
yune,track-a-comparison,luna_pinyin,session_create_select_destroy,,24,1,0,0,22,6300,0,0,0,0,300,1200,2300,200,500,0,0,0,0,0,0,0,0,0,15,0,0,0,0,0,0,15,0,6,900,0,0,0,0,0,0,0,0,6,0,6,200,0,0,0,0,6,100,0,0,0,0,0,0,0,0,0,0,0,0,0,12,600,0,0,0,0,0,0,0,0,0,0,0,0,0,0,0,0,0,0,0,0,0,0,0,0,0,0,0,0,0,0,0,0,0,0,0,0,0,0,0,0,0,0,0,0,0,0,0,0,0,0,0,0,0,0,0,0
yune,track-a-comparison,luna_pinyin,session_create_select_destroy,,25,1,0,0,22,6000,0,0,0,0,100,1600,1400,0,300,0,0,0,0,0,0,0,0,0,15,0,0,0,0,0,0,15,0,6,700,0,0,0,0,0,0,0,0,6,0,6,300,0,0,0,0,6,200,0,0,0,0,0,0,0,0,0,0,0,0,0,12,500,0,0,0,0,0,0,0,0,0,0,0,0,0,0,0,0,0,0,0,0,0,0,0,0,0,0,0,0,0,0,0,0,0,0,0,0,0,0,0,0,0,0,0,0,0,0,0,0,0,0,0,0,0,0,0,0
yune,track-a-comparison,luna_pinyin,session_create_select_destroy,,26,1,0,0,22,5000,0,0,0,0,700,1200,1500,600,300,0,0,0,0,0,0,0,0,0,15,0,0,0,0,0,0,15,0,6,700,0,0,0,0,0,0,0,0,6,0,6,200,0,0,0,0,6,200,0,0,0,0,0,0,0,0,0,0,0,0,0,12,500,0,0,0,0,0,0,0,0,0,0,0,0,0,0,0,0,0,0,0,0,0,0,0,0,0,0,0,0,0,0,0,0,0,0,0,0,0,0,0,0,0,0,0,0,0,0,0,0,0,0,0,0,0,0,0,0
yune,track-a-comparison,luna_pinyin,session_create_select_destroy,,27,1,0,0,22,5200,0,0,0,0,600,1100,1400,200,300,0,0,0,0,0,0,0,0,0,15,0,0,0,0,0,0,15,0,6,700,0,0,0,0,0,0,0,0,6,0,6,0,0,0,0,0,6,200,0,0,0,0,0,0,0,0,0,0,0,0,0,12,700,0,0,0,0,0,0,0,0,0,0,0,0,0,0,0,0,0,0,0,0,0,0,0,0,0,0,0,0,0,0,0,0,0,0,0,0,0,0,0,0,0,0,0,0,0,0,0,0,0,0,0,0,0,0,0,0
yune,track-a-comparison,luna_pinyin,session_create_select_destroy,,28,1,0,0,22,7700,0,0,0,0,400,1700,1600,400,400,0,0,0,0,0,0,0,0,0,15,0,0,0,0,0,0,15,0,6,900,0,0,0,0,0,0,0,0,6,0,6,400,0,0,0,0,6,200,0,0,0,0,0,0,0,0,0,0,0,0,0,12,900,0,0,0,0,0,0,0,0,0,0,0,0,0,0,0,0,0,0,0,0,0,0,0,0,0,0,0,0,0,0,0,0,0,0,0,0,0,0,0,0,0,0,0,0,0,0,0,0,0,0,0,0,0,0,0,0
yune,track-a-comparison,luna_pinyin,session_create_select_destroy,,29,1,0,0,22,9400,0,0,0,0,100,2100,1200,100,500,0,0,0,0,0,0,0,0,0,15,0,0,0,0,0,0,15,0,6,1300,0,0,0,0,0,0,0,0,6,0,6,600,0,0,0,0,6,100,0,0,0,0,0,0,0,0,0,0,0,0,0,12,700,0,0,0,0,0,0,0,0,0,0,0,0,0,0,0,0,0,0,0,0,0,0,0,0,0,0,0,0,0,0,0,0,0,0,0,0,0,0,0,0,0,0,0,0,0,0,0,0,0,0,0,0,0,0,0,0
yune,track-a-comparison,luna_pinyin,session_create_select_destroy,,30,1,0,0,22,7200,0,0,0,0,600,1400,1400,0,800,0,0,0,0,0,0,0,0,0,15,0,0,0,0,0,0,15,0,6,900,0,0,0,0,0,0,0,0,6,0,6,400,0,0,0,0,6,100,0,0,0,0,0,0,0,0,0,0,0,0,0,12,300,0,0,0,0,0,0,0,0,0,0,0,0,0,0,0,0,0,0,0,0,0,0,0,0,0,0,0,0,0,0,0,0,0,0,0,0,0,0,0,0,0,0,0,0,0,0,0,0,0,0,0,0,0,0,0,0
yune,track-a-comparison,luna_pinyin,session_create_select_destroy,,31,1,0,0,22,5900,0,0,0,0,400,1300,1600,300,300,0,0,0,0,0,0,0,0,0,15,0,0,0,0,0,0,15,0,6,800,0,0,0,0,0,0,0,0,6,0,6,200,0,0,0,0,6,300,0,0,0,0,0,0,0,0,0,0,0,0,0,12,300,0,0,0,0,0,0,0,0,0,0,0,0,0,0,0,0,0,0,0,0,0,0,0,0,0,0,0,0,0,0,0,0,0,0,0,0,0,0,0,0,0,0,0,0,0,0,0,0,0,0,0,0,0,0,0,0
yune,track-a-comparison,luna_pinyin,session_create_select_destroy,,32,1,0,0,22,6100,0,0,0,0,200,1800,1400,700,400,0,0,0,0,0,0,0,0,0,15,0,0,0,0,0,0,15,0,6,900,0,0,0,0,0,0,0,0,6,0,6,300,0,0,0,0,6,200,0,0,0,0,0,0,0,0,0,0,0,0,0,12,900,0,0,0,0,0,0,0,0,0,0,0,0,0,0,0,0,0,0,0,0,0,0,0,0,0,0,0,0,0,0,0,0,0,0,0,0,0,0,0,0,0,0,0,0,0,0,0,0,0,0,0,0,0,0,0,0
yune,track-a-comparison,luna_pinyin,session_create_select_destroy,,33,1,0,0,22,4900,0,0,0,0,300,1600,1400,300,200,0,0,0,0,0,0,0,0,0,15,0,0,0,0,0,0,15,0,6,500,0,0,0,0,0,0,0,0,6,0,6,100,0,0,0,0,6,200,0,0,0,0,0,0,0,0,0,0,0,0,0,12,700,0,0,0,0,0,0,0,0,0,0,0,0,0,0,0,0,0,0,0,0,0,0,0,0,0,0,0,0,0,0,0,0,0,0,0,0,0,0,0,0,0,0,0,0,0,0,0,0,0,0,0,0,0,0,0,0
yune,track-a-comparison,luna_pinyin,session_create_select_destroy,,34,1,0,0,22,5700,0,0,0,0,500,1500,1300,400,400,0,0,0,0,0,0,0,0,0,15,0,0,0,0,0,0,15,0,6,1000,0,0,0,0,0,0,0,0,6,0,6,300,0,0,0,0,6,300,0,0,0,0,0,0,0,0,0,0,0,0,0,12,500,0,0,0,0,0,0,0,0,0,0,0,0,0,0,0,0,0,0,0,0,0,0,0,0,0,0,0,0,0,0,0,0,0,0,0,0,0,0,0,0,0,0,0,0,0,0,0,0,0,0,0,0,0,0,0,0
yune,track-a-comparison,luna_pinyin,session_create_select_destroy,,35,1,0,0,22,5500,0,0,0,0,500,1800,1700,500,200,0,0,0,0,0,0,0,0,0,15,0,0,0,0,0,0,15,0,6,700,0,0,0,0,0,0,0,0,6,0,6,300,0,0,0,0,6,100,0,0,0,0,0,0,0,0,0,0,0,0,0,12,500,0,0,0,0,0,0,0,0,0,0,0,0,0,0,0,0,0,0,0,0,0,0,0,0,0,0,0,0,0,0,0,0,0,0,0,0,0,0,0,0,0,0,0,0,0,0,0,0,0,0,0,0,0,0,0,0
yune,track-a-comparison,luna_pinyin,session_create_select_destroy,,36,1,0,0,22,8000,0,0,0,0,200,1600,1900,300,700,0,0,0,0,0,0,0,0,0,15,0,0,0,0,0,0,15,0,6,1300,0,0,0,0,0,0,0,0,6,0,6,300,0,0,0,0,6,300,0,0,0,0,0,0,0,0,0,0,0,0,0,12,500,0,0,0,0,0,0,0,0,0,0,0,0,0,0,0,0,0,0,0,0,0,0,0,0,0,0,0,0,0,0,0,0,0,0,0,0,0,0,0,0,0,0,0,0,0,0,0,0,0,0,0,0,0,0,0,0
yune,track-a-comparison,luna_pinyin,session_create_select_destroy,,37,1,0,0,22,9800,0,0,0,0,200,2500,2000,400,200,0,0,0,0,0,0,0,0,0,15,0,0,0,0,0,0,15,0,6,1300,0,0,0,0,0,0,0,0,6,0,6,1000,0,0,0,0,6,200,0,0,0,0,0,0,0,0,0,0,0,0,0,12,900,0,0,0,0,0,0,0,0,0,0,0,0,0,0,0,0,0,0,0,0,0,0,0,0,0,0,0,0,0,0,0,0,0,0,0,0,0,0,0,0,0,0,0,0,0,0,0,0,0,0,0,0,0,0,0,0
yune,track-a-comparison,luna_pinyin,session_create_select_destroy,,38,1,0,0,22,5600,0,0,0,0,100,1500,1700,300,500,0,0,0,0,0,0,0,0,0,15,0,0,0,0,0,0,15,0,6,700,0,0,0,0,0,0,0,0,6,0,6,400,0,0,0,0,6,100,0,0,0,0,0,0,0,0,0,0,0,0,0,12,400,0,0,0,0,0,0,0,0,0,0,0,0,0,0,0,0,0,0,0,0,0,0,0,0,0,0,0,0,0,0,0,0,0,0,0,0,0,0,0,0,0,0,0,0,0,0,0,0,0,0,0,0,0,0,0,0
yune,track-a-comparison,luna_pinyin,session_create_select_destroy,,39,1,0,0,22,5500,0,0,0,0,200,1700,1300,400,300,0,0,0,0,0,0,0,0,0,15,0,0,0,0,0,0,15,0,6,800,0,0,0,0,0,0,0,0,6,0,6,300,0,0,0,0,6,0,0,0,0,0,0,0,0,0,0,0,0,0,0,12,400,0,0,0,0,0,0,0,0,0,0,0,0,0,0,0,0,0,0,0,0,0,0,0,0,0,0,0,0,0,0,0,0,0,0,0,0,0,0,0,0,0,0,0,0,0,0,0,0,0,0,0,0,0,0,0,0
yune,track-a-comparison,luna_pinyin,session_create_select_destroy,,40,1,0,0,22,6200,0,0,0,0,0,1400,1300,100,500,0,0,0,0,0,0,0,0,0,15,0,0,0,0,0,0,15,0,6,700,0,0,0,0,0,0,0,0,6,0,6,300,0,0,0,0,6,200,0,0,0,0,0,0,0,0,0,0,0,0,0,12,400,0,0,0,0,0,0,0,0,0,0,0,0,0,0,0,0,0,0,0,0,0,0,0,0,0,0,0,0,0,0,0,0,0,0,0,0,0,0,0,0,0,0,0,0,0,0,0,0,0,0,0,0,0,0,0,0
yune,track-a-comparison,luna_pinyin,session_create_select_destroy,,41,1,0,0,22,5200,0,0,0,0,400,1600,1500,500,500,0,0,0,0,0,0,0,0,0,15,0,0,0,0,0,0,15,0,6,400,0,0,0,0,0,0,0,0,6,0,6,200,0,0,0,0,6,100,0,0,0,0,0,0,0,0,0,0,0,0,0,12,600,0,0,0,0,0,0,0,0,0,0,0,0,0,0,0,0,0,0,0,0,0,0,0,0,0,0,0,0,0,0,0,0,0,0,0,0,0,0,0,0,0,0,0,0,0,0,0,0,0,0,0,0,0,0,0,0
yune,track-a-comparison,luna_pinyin,session_create_select_destroy,,42,1,0,0,22,4500,0,0,0,0,400,1800,1400,700,400,0,0,0,0,0,0,0,0,0,15,0,0,0,0,0,0,15,0,6,700,0,0,0,0,0,0,0,0,6,0,6,200,0,0,0,0,6,300,0,0,0,0,0,0,0,0,0,0,0,0,0,12,700,0,0,0,0,0,0,0,0,0,0,0,0,0,0,0,0,0,0,0,0,0,0,0,0,0,0,0,0,0,0,0,0,0,0,0,0,0,0,0,0,0,0,0,0,0,0,0,0,0,0,0,0,0,0,0,0
yune,track-a-comparison,luna_pinyin,session_create_select_destroy,,43,1,0,0,22,5900,0,0,0,0,700,1100,1300,300,400,0,0,0,0,0,0,0,0,0,15,0,0,0,0,0,0,15,0,6,700,0,0,0,0,0,0,0,0,6,0,6,100,0,0,0,0,6,200,0,0,0,0,0,0,0,0,0,0,0,0,0,12,700,0,0,0,0,0,0,0,0,0,0,0,0,0,0,0,0,0,0,0,0,0,0,0,0,0,0,0,0,0,0,0,0,0,0,0,0,0,0,0,0,0,0,0,0,0,0,0,0,0,0,0,0,0,0,0,0
yune,track-a-comparison,luna_pinyin,session_create_select_destroy,,44,1,0,0,22,5600,0,0,0,0,400,1700,1600,200,700,0,0,0,0,0,0,0,0,0,15,0,0,0,0,0,0,15,0,6,600,0,0,0,0,0,0,0,0,6,0,6,300,0,0,0,0,6,300,0,0,0,0,0,0,0,0,0,0,0,0,0,12,600,0,0,0,0,0,0,0,0,0,0,0,0,0,0,0,0,0,0,0,0,0,0,0,0,0,0,0,0,0,0,0,0,0,0,0,0,0,0,0,0,0,0,0,0,0,0,0,0,0,0,0,0,0,0,0,0
yune,track-a-comparison,luna_pinyin,session_create_select_destroy,,45,1,0,0,22,9000,0,0,0,0,700,1600,1100,500,100,0,0,0,0,0,0,0,0,0,15,0,0,0,0,0,0,15,0,6,1200,0,0,0,0,0,0,0,0,6,0,6,200,0,0,0,0,6,200,0,0,0,0,0,0,0,0,0,0,0,0,0,12,1100,0,0,0,0,0,0,0,0,0,0,0,0,0,0,0,0,0,0,0,0,0,0,0,0,0,0,0,0,0,0,0,0,0,0,0,0,0,0,0,0,0,0,0,0,0,0,0,0,0,0,0,0,0,0,0,0
yune,track-a-comparison,luna_pinyin,session_create_select_destroy,,46,1,0,0,22,6100,0,0,0,0,200,1800,1600,300,500,0,0,0,0,0,0,0,0,0,15,0,0,0,0,0,0,15,0,6,800,0,0,0,0,0,0,0,0,6,0,6,500,0,0,0,0,6,200,0,0,0,0,0,0,0,0,0,0,0,0,0,12,700,0,0,0,0,0,0,0,0,0,0,0,0,0,0,0,0,0,0,0,0,0,0,0,0,0,0,0,0,0,0,0,0,0,0,0,0,0,0,0,0,0,0,0,0,0,0,0,0,0,0,0,0,0,0,0,0
yune,track-a-comparison,luna_pinyin,session_create_select_destroy,,47,1,0,0,22,4900,0,0,0,0,400,1800,1200,400,300,0,0,0,0,0,0,0,0,0,15,0,0,0,0,0,0,15,0,6,700,0,0,0,0,0,0,0,0,6,0,6,300,0,0,0,0,6,100,0,0,0,0,0,0,0,0,0,0,0,0,0,12,300,0,0,0,0,0,0,0,0,0,0,0,0,0,0,0,0,0,0,0,0,0,0,0,0,0,0,0,0,0,0,0,0,0,0,0,0,0,0,0,0,0,0,0,0,0,0,0,0,0,0,0,0,0,0,0,0
yune,track-a-comparison,luna_pinyin,session_create_select_destroy,,48,1,0,0,22,5200,0,0,0,0,400,1500,1500,200,400,0,0,0,0,0,0,0,0,0,15,0,0,0,0,0,0,15,0,6,800,0,0,0,0,0,0,0,0,6,0,6,200,0,0,0,0,6,200,0,0,0,0,0,0,0,0,0,0,0,0,0,12,500,0,0,0,0,0,0,0,0,0,0,0,0,0,0,0,0,0,0,0,0,0,0,0,0,0,0,0,0,0,0,0,0,0,0,0,0,0,0,0,0,0,0,0,0,0,0,0,0,0,0,0,0,0,0,0,0
yune,track-a-comparison,luna_pinyin,session_create_select_destroy,,49,1,0,0,22,11400,0,0,0,0,100,2300,3200,500,500,0,0,0,0,0,0,0,0,0,15,0,0,0,0,0,0,15,0,6,1600,0,0,0,0,0,0,0,0,6,0,6,800,0,0,0,0,6,200,0,0,0,0,0,0,0,0,0,0,0,0,0,12,700,0,0,0,0,0,0,0,0,0,0,0,0,0,0,0,0,0,0,0,0,0,0,0,0,0,0,0,0,0,0,0,0,0,0,0,0,0,0,0,0,0,0,0,0,0,0,0,0,0,0,0,0,0,0,0,0
yune,track-a-comparison,luna_pinyin,session_create_select_destroy,,50,1,0,0,22,6300,0,0,0,0,200,1500,1200,200,400,0,0,0,0,0,0,0,0,0,15,0,0,0,0,0,0,15,0,6,700,0,0,0,0,0,0,0,0,6,0,6,400,0,0,0,0,6,200,0,0,0,0,0,0,0,0,0,0,0,0,0,12,400,0,0,0,0,0,0,0,0,0,0,0,0,0,0,0,0,0,0,0,0,0,0,0,0,0,0,0,0,0,0,0,0,0,0,0,0,0,0,0,0,0,0,0,0,0,0,0,0,0,0,0,0,0,0,0,0
yune,track-a-comparison,luna_pinyin,session_create_select_destroy,,51,1,0,0,22,5200,0,0,0,0,200,1400,1300,300,600,0,0,0,0,0,0,0,0,0,15,0,0,0,0,0,0,15,0,6,500,0,0,0,0,0,0,0,0,6,0,6,200,0,0,0,0,6,100,0,0,0,0,0,0,0,0,0,0,0,0,0,12,800,0,0,0,0,0,0,0,0,0,0,0,0,0,0,0,0,0,0,0,0,0,0,0,0,0,0,0,0,0,0,0,0,0,0,0,0,0,0,0,0,0,0,0,0,0,0,0,0,0,0,0,0,0,0,0,0
yune,track-a-comparison,luna_pinyin,session_create_select_destroy,,52,1,0,0,22,5200,0,0,0,0,500,1300,1500,500,500,0,0,0,0,0,0,0,0,0,15,0,0,0,0,0,0,15,0,6,800,0,0,0,0,0,0,0,0,6,0,6,100,0,0,0,0,6,200,0,0,0,0,0,0,0,0,0,0,0,0,0,12,700,0,0,0,0,0,0,0,0,0,0,0,0,0,0,0,0,0,0,0,0,0,0,0,0,0,0,0,0,0,0,0,0,0,0,0,0,0,0,0,0,0,0,0,0,0,0,0,0,0,0,0,0,0,0,0,0
yune,track-a-comparison,luna_pinyin,session_create_select_destroy,,53,1,0,0,22,4800,0,0,0,0,400,1200,1400,400,600,0,0,0,0,0,0,0,0,0,15,0,0,0,0,0,0,15,0,6,500,0,0,0,0,0,0,0,0,6,0,6,200,0,0,0,0,6,100,0,0,0,0,0,0,0,0,0,0,0,0,0,12,600,0,0,0,0,0,0,0,0,0,0,0,0,0,0,0,0,0,0,0,0,0,0,0,0,0,0,0,0,0,0,0,0,0,0,0,0,0,0,0,0,0,0,0,0,0,0,0,0,0,0,0,0,0,0,0,0
yune,track-a-comparison,luna_pinyin,session_create_select_destroy,,54,1,0,0,22,4700,0,0,0,0,400,1400,1500,300,200,0,0,0,0,0,0,0,0,0,15,0,0,0,0,0,0,15,0,6,600,0,0,0,0,0,0,0,0,6,0,6,500,0,0,0,0,6,100,0,0,0,0,0,0,0,0,0,0,0,0,0,12,100,0,0,0,0,0,0,0,0,0,0,0,0,0,0,0,0,0,0,0,0,0,0,0,0,0,0,0,0,0,0,0,0,0,0,0,0,0,0,0,0,0,0,0,0,0,0,0,0,0,0,0,0,0,0,0,0
yune,track-a-comparison,luna_pinyin,session_create_select_destroy,,55,1,0,0,22,5400,0,0,0,0,200,1300,1300,300,500,0,0,0,0,0,0,0,0,0,15,0,0,0,0,0,0,15,0,6,700,0,0,0,0,0,0,0,0,6,0,6,300,0,0,0,0,6,300,0,0,0,0,0,0,0,0,0,0,0,0,0,12,600,0,0,0,0,0,0,0,0,0,0,0,0,0,0,0,0,0,0,0,0,0,0,0,0,0,0,0,0,0,0,0,0,0,0,0,0,0,0,0,0,0,0,0,0,0,0,0,0,0,0,0,0,0,0,0,0
yune,track-a-comparison,luna_pinyin,session_create_select_destroy,,56,1,0,0,22,5300,0,0,0,0,100,2000,1400,500,300,0,0,0,0,0,0,0,0,0,15,0,0,0,0,0,0,15,0,6,800,0,0,0,0,0,0,0,0,6,0,6,100,0,0,0,0,6,100,0,0,0,0,0,0,0,0,0,0,0,0,0,12,700,0,0,0,0,0,0,0,0,0,0,0,0,0,0,0,0,0,0,0,0,0,0,0,0,0,0,0,0,0,0,0,0,0,0,0,0,0,0,0,0,0,0,0,0,0,0,0,0,0,0,0,0,0,0,0,0
yune,track-a-comparison,luna_pinyin,session_create_select_destroy,,57,1,0,0,22,5300,0,0,0,0,600,1600,1100,300,300,0,0,0,0,0,0,0,0,0,15,0,0,0,0,0,0,15,0,6,900,0,0,0,0,0,0,0,0,6,0,6,300,0,0,0,0,6,200,0,0,0,0,0,0,0,0,0,0,0,0,0,12,800,0,0,0,0,0,0,0,0,0,0,0,0,0,0,0,0,0,0,0,0,0,0,0,0,0,0,0,0,0,0,0,0,0,0,0,0,0,0,0,0,0,0,0,0,0,0,0,0,0,0,0,0,0,0,0,0
yune,track-a-comparison,luna_pinyin,session_create_select_destroy,,58,1,0,0,22,5300,0,0,0,0,200,1800,1600,500,400,0,0,0,0,0,0,0,0,0,15,0,0,0,0,0,0,15,0,6,900,0,0,0,0,0,0,0,0,6,0,6,500,0,0,0,0,6,100,0,0,0,0,0,0,0,0,0,0,0,0,0,12,100,0,0,0,0,0,0,0,0,0,0,0,0,0,0,0,0,0,0,0,0,0,0,0,0,0,0,0,0,0,0,0,0,0,0,0,0,0,0,0,0,0,0,0,0,0,0,0,0,0,0,0,0,0,0,0,0
yune,track-a-comparison,luna_pinyin,session_create_select_destroy,,59,1,0,0,22,6400,0,0,0,0,0,1200,1600,200,500,0,0,0,0,0,0,0,0,0,15,0,0,0,0,0,0,15,0,6,1300,0,0,0,0,0,0,0,0,6,0,6,200,0,0,0,0,6,100,0,0,0,0,0,0,0,0,0,0,0,0,0,12,500,0,0,0,0,0,0,0,0,0,0,0,0,0,0,0,0,0,0,0,0,0,0,0,0,0,0,0,0,0,0,0,0,0,0,0,0,0,0,0,0,0,0,0,0,0,0,0,0,0,0,0,0,0,0,0,0
yune,track-a-comparison,luna_pinyin,key_sequence_process_with_context,n,0,1,1,61800,3,59600,7,7,200,7,0,200,500,0,100,7,0,5,1,3700,5,1,100,1,0,5,2,1,7,7,7,0,0,1,500,0,1,24400,7,0,0,0,0,1,1,1,300,26,12,41,400,0,0,0,0,0,0,0,0,0,0,0,0,0,0,0,0,0,0,0,0,0,0,0,0,0,0,0,0,0,0,0,0,0,0,0,0,0,0,0,0,0,0,0,0,0,0,0,0,0,0,0,0,0,0,0,0,0,0,7,7,7,25300,100,1100,1700,0,0,0,0,0,0,0,0
yune,track-a-comparison,luna_pinyin,key_sequence_process_with_context,n,1,1,1,59800,3,57600,7,7,200,7,100,100,500,0,0,7,0,5,1,1400,5,1,200,1,0,5,2,1,7,7,7,0,0,1,300,0,1,22900,7,0,0,0,0,1,1,1,300,26,12,41,500,0,0,0,0,0,0,0,0,0,0,0,0,0,0,0,0,0,0,0,0,0,0,0,0,0,0,0,0,0,0,0,0,0,0,0,0,0,0,0,0,0,0,0,0,0,0,0,0,0,0,0,0,0,0,0,0,0,0,7,7,7,23800,0,1100,1700,0,0,0,0,0,0,0,0
yune,track-a-comparison,luna_pinyin,key_sequence_process_with_context,n,2,1,1,56600,3,54400,7,7,100,7,0,100,700,100,0,7,0,5,1,1400,5,1,100,1,0,5,2,1,7,7,7,0,0,1,300,0,1,22400,7,0,0,0,0,1,1,1,300,26,12,41,300,0,0,0,0,0,0,0,0,0,0,0,0,0,0,0,0,0,0,0,0,0,0,0,0,0,0,0,0,0,0,0,0,0,0,0,0,0,0,0,0,0,0,0,0,0,0,0,0,0,0,0,0,0,0,0,0,0,0,7,7,7,23100,0,900,1600,0,0,0,0,0,0,0,0
yune,track-a-comparison,luna_pinyin,key_sequence_process_with_context,n,3,1,1,56000,3,54100,7,7,100,7,100,100,400,0,0,7,0,5,1,1400,5,1,100,1,0,5,2,1,7,7,7,0,0,1,400,0,1,22500,7,0,0,0,0,1,1,1,300,26,12,41,700,0,0,0,0,0,0,0,0,0,0,0,0,0,0,0,0,0,0,0,0,0,0,0,0,0,0,0,0,0,0,0,0,0,0,0,0,0,0,0,0,0,0,0,0,0,0,0,0,0,0,0,0,0,0,0,0,0,0,7,7,7,23200,0,900,1600,0,0,0,0,0,0,0,0
yune,track-a-comparison,luna_pinyin,key_sequence_process_with_context,n,4,1,1,55100,3,53200,7,7,300,7,0,100,500,0,0,7,0,5,1,1400,5,1,100,1,0,5,2,1,7,7,7,0,0,1,300,0,1,22300,7,0,0,0,0,1,1,1,200,26,12,41,700,0,0,0,0,0,0,0,0,0,0,0,0,0,0,0,0,0,0,0,0,0,0,0,0,0,0,0,0,0,0,0,0,0,0,0,0,0,0,0,0,0,0,0,0,0,0,0,0,0,0,0,0,0,0,0,0,0,0,7,7,7,23100,0,1000,1500,0,0,0,0,0,0,0,0
yune,track-a-comparison,luna_pinyin,key_sequence_process_with_context,n,5,1,1,55600,3,53600,7,7,200,7,100,100,500,100,0,7,0,5,1,1300,5,1,100,1,0,5,2,1,7,7,7,0,0,1,300,0,1,22400,7,0,0,0,0,1,1,1,200,26,12,41,600,0,0,0,0,0,0,0,0,0,0,0,0,0,0,0,0,0,0,0,0,0,0,0,0,0,0,0,0,0,0,0,0,0,0,0,0,0,0,0,0,0,0,0,0,0,0,0,0,0,0,0,0,0,0,0,0,0,0,7,7,7,23100,0,900,1600,0,0,0,0,0,0,0,0
yune,track-a-comparison,luna_pinyin,key_sequence_process_with_context,n,6,1,1,55500,3,53500,7,7,300,7,0,100,400,0,0,7,0,5,1,1400,5,1,100,1,0,5,2,1,7,7,7,0,0,1,300,0,1,22500,7,0,0,0,0,1,1,1,300,26,12,41,400,0,0,0,0,0,0,0,0,0,0,0,0,0,0,0,0,0,0,0,0,0,0,0,0,0,0,0,0,0,0,0,0,0,0,0,0,0,0,0,0,0,0,0,0,0,0,0,0,0,0,0,0,0,0,0,0,0,0,7,7,7,23200,0,1000,1600,0,0,0,0,0,0,0,0
yune,track-a-comparison,luna_pinyin,key_sequence_process_with_context,n,7,1,1,55500,3,53500,7,7,200,7,100,100,500,0,0,7,0,5,1,1400,5,1,100,1,0,5,2,1,7,7,7,0,0,1,300,0,1,22600,7,0,0,0,0,1,1,1,300,26,12,41,300,0,0,0,0,0,0,0,0,0,0,0,0,0,0,0,0,0,0,0,0,0,0,0,0,0,0,0,0,0,0,0,0,0,0,0,0,0,0,0,0,0,0,0,0,0,0,0,0,0,0,0,0,0,0,0,0,0,0,7,7,7,23400,0,900,1500,0,0,0,0,0,0,0,0
yune,track-a-comparison,luna_pinyin,key_sequence_process_with_context,n,8,1,1,55500,3,53600,7,7,200,7,0,200,500,100,0,7,0,5,1,1400,5,1,200,1,0,5,2,1,7,7,7,0,0,1,300,0,1,22600,7,0,0,0,0,1,1,1,300,26,12,41,600,0,0,0,0,0,0,0,0,0,0,0,0,0,0,0,0,0,0,0,0,0,0,0,0,0,0,0,0,0,0,0,0,0,0,0,0,0,0,0,0,0,0,0,0,0,0,0,0,0,0,0,0,0,0,0,0,0,0,7,7,7,23300,100,900,1600,0,0,0,0,0,0,0,0
yune,track-a-comparison,luna_pinyin,key_sequence_process_with_context,n,9,1,1,55400,3,53500,7,7,300,7,0,100,500,0,0,7,0,5,1,1400,5,1,100,1,0,5,2,1,7,7,7,0,0,1,300,0,1,22500,7,0,0,0,0,1,1,1,300,26,12,41,500,0,0,0,0,0,0,0,0,0,0,0,0,0,0,0,0,0,0,0,0,0,0,0,0,0,0,0,0,0,0,0,0,0,0,0,0,0,0,0,0,0,0,0,0,0,0,0,0,0,0,0,0,0,0,0,0,0,0,7,7,7,23200,100,1000,1600,0,0,0,0,0,0,0,0
yune,track-a-comparison,luna_pinyin,key_sequence_process_with_context,n,10,1,1,60300,3,58400,7,7,100,7,0,200,500,0,0,7,0,5,1,1400,5,1,100,1,0,5,2,1,7,7,7,0,0,1,300,0,1,22600,7,0,0,0,0,1,1,1,300,26,12,41,300,0,0,0,0,0,0,0,0,0,0,0,0,0,0,0,0,0,0,0,0,0,0,0,0,0,0,0,0,0,0,0,0,0,0,0,0,0,0,0,0,0,0,0,0,0,0,0,0,0,0,0,0,0,0,0,0,0,0,7,7,7,23400,100,1000,1600,0,0,0,0,0,0,0,0
yune,track-a-comparison,luna_pinyin,key_sequence_process_with_context,n,11,1,1,55400,3,53400,7,7,400,7,0,200,500,100,0,7,0,5,1,1400,5,1,100,1,0,5,2,1,7,7,7,0,0,1,300,0,1,22500,7,0,0,0,0,1,1,1,300,26,12,41,300,0,0,0,0,0,0,0,0,0,0,0,0,0,0,0,0,0,0,0,0,0,0,0,0,0,0,0,0,0,0,0,0,0,0,0,0,0,0,0,0,0,0,0,0,0,0,0,0,0,0,0,0,0,0,0,0,0,0,7,7,7,23200,0,1000,1500,0,0,0,0,0,0,0,0
yune,track-a-comparison,luna_pinyin,key_sequence_process_with_context,n,12,1,1,55600,3,53600,7,7,100,7,100,200,500,100,0,7,0,5,1,1400,5,1,100,1,0,5,2,1,7,7,7,0,0,1,400,0,1,22700,7,0,0,0,0,1,1,1,300,26,12,41,600,0,0,0,0,0,0,0,0,0,0,0,0,0,0,0,0,0,0,0,0,0,0,0,0,0,0,0,0,0,0,0,0,0,0,0,0,0,0,0,0,0,0,0,0,0,0,0,0,0,0,0,0,0,0,0,0,0,0,7,7,7,23400,0,900,1600,0,0,0,0,0,0,0,0
yune,track-a-comparison,luna_pinyin,key_sequence_process_with_context,n,13,1,1,55600,3,53600,7,7,100,7,100,200,400,0,100,7,0,5,1,1400,5,1,200,1,0,5,2,1,7,7,7,0,0,1,400,0,1,22600,7,0,0,0,0,1,1,1,300,26,12,41,600,0,0,0,0,0,0,0,0,0,0,0,0,0,0,0,0,0,0,0,0,0,0,0,0,0,0,0,0,0,0,0,0,0,0,0,0,0,0,0,0,0,0,0,0,0,0,0,0,0,0,0,0,0,0,0,0,0,0,7,7,7,23300,100,1000,1600,0,0,0,0,0,0,0,0
yune,track-a-comparison,luna_pinyin,key_sequence_process_with_context,n,14,1,1,55600,3,53600,7,7,100,7,100,100,400,0,100,7,0,5,1,1400,5,1,100,1,0,5,2,1,7,7,7,0,0,1,300,0,1,22800,7,0,0,0,0,1,1,1,300,26,12,41,500,0,0,0,0,0,0,0,0,0,0,0,0,0,0,0,0,0,0,0,0,0,0,0,0,0,0,0,0,0,0,0,0,0,0,0,0,0,0,0,0,0,0,0,0,0,0,0,0,0,0,0,0,0,0,0,0,0,0,7,7,7,23500,0,900,1500,0,0,0,0,0,0,0,0
yune,track-a-comparison,luna_pinyin,key_sequence_process_with_context,n,15,1,1,55300,3,53400,7,7,200,7,0,200,500,0,0,7,0,5,1,1300,5,1,100,1,0,5,2,1,7,7,7,0,0,1,300,0,1,22500,7,0,0,0,0,1,1,1,300,26,12,41,500,0,0,0,0,0,0,0,0,0,0,0,0,0,0,0,0,0,0,0,0,0,0,0,0,0,0,0,0,0,0,0,0,0,0,0,0,0,0,0,0,0,0,0,0,0,0,0,0,0,0,0,0,0,0,0,0,0,0,7,7,7,23100,0,900,1600,0,0,0,0,0,0,0,0
yune,track-a-comparison,luna_pinyin,key_sequence_process_with_context,n,16,1,1,55600,3,53600,7,7,100,7,0,200,500,0,0,7,0,5,1,1400,5,1,100,1,0,5,2,1,7,7,7,0,0,1,300,0,1,22700,7,0,0,0,0,1,1,1,300,26,12,41,600,0,0,0,0,0,0,0,0,0,0,0,0,0,0,0,0,0,0,0,0,0,0,0,0,0,0,0,0,0,0,0,0,0,0,0,0,0,0,0,0,0,0,0,0,0,0,0,0,0,0,0,0,0,0,0,0,0,0,7,7,7,23400,0,900,1600,0,0,0,0,0,0,0,0
yune,track-a-comparison,luna_pinyin,key_sequence_process_with_context,n,17,1,1,55400,3,53500,7,7,100,7,100,200,400,0,0,7,0,5,1,1400,5,1,100,1,0,5,2,1,7,7,7,0,0,1,400,0,1,22500,7,0,0,0,0,1,1,1,200,26,12,41,300,0,0,0,0,0,0,0,0,0,0,0,0,0,0,0,0,0,0,0,0,0,0,0,0,0,0,0,0,0,0,0,0,0,0,0,0,0,0,0,0,0,0,0,0,0,0,0,0,0,0,0,0,0,0,0,0,0,0,7,7,7,23200,0,900,1600,0,0,0,0,0,0,0,0
yune,track-a-comparison,luna_pinyin,key_sequence_process_with_context,n,18,1,1,55400,3,53500,7,7,100,7,100,100,400,0,0,7,0,5,1,1400,5,1,100,1,0,5,2,1,7,7,7,0,0,1,400,0,1,22600,7,0,0,0,0,1,1,1,300,26,12,41,300,0,0,0,0,0,0,0,0,0,0,0,0,0,0,0,0,0,0,0,0,0,0,0,0,0,0,0,0,0,0,0,0,0,0,0,0,0,0,0,0,0,0,0,0,0,0,0,0,0,0,0,0,0,0,0,0,0,0,7,7,7,23300,0,900,1600,0,0,0,0,0,0,0,0
yune,track-a-comparison,luna_pinyin,key_sequence_process_with_context,n,19,1,1,55500,3,53500,7,7,200,7,0,100,500,0,100,7,0,5,1,1400,5,1,100,1,0,5,2,1,7,7,7,0,0,1,400,0,1,22500,7,0,0,0,0,1,1,1,200,26,12,41,300,0,0,0,0,0,0,0,0,0,0,0,0,0,0,0,0,0,0,0,0,0,0,0,0,0,0,0,0,0,0,0,0,0,0,0,0,0,0,0,0,0,0,0,0,0,0,0,0,0,0,0,0,0,0,0,0,0,0,7,7,7,23200,0,900,1600,0,0,0,0,0,0,0,0
yune,track-a-comparison,luna_pinyin,key_sequence_process_with_context,n,20,1,1,56100,3,54200,7,7,300,7,0,100,500,100,0,7,0,5,1,1400,5,1,100,1,0,5,2,1,7,7,7,0,0,1,400,0,1,23300,7,0,0,0,0,1,1,1,200,26,12,41,300,0,0,0,0,0,0,0,0,0,0,0,0,0,0,0,0,0,0,0,0,0,0,0,0,0,0,0,0,0,0,0,0,0,0,0,0,0,0,0,0,0,0,0,0,0,0,0,0,0,0,0,0,0,0,0,0,0,0,7,7,7,24100,0,1000,1500,0,0,0,0,0,0,0,0
yune,track-a-comparison,luna_pinyin,key_sequence_process_with_context,n,21,1,1,56800,3,54800,7,7,200,7,0,100,500,0,0,7,0,5,1,1400,5,1,100,1,0,5,2,1,7,7,7,0,0,1,400,0,1,24100,7,0,0,0,0,1,1,1,200,26,12,41,600,0,0,0,0,0,0,0,0,0,0,0,0,0,0,0,0,0,0,0,0,0,0,0,0,0,0,0,0,0,0,0,0,0,0,0,0,0,0,0,0,0,0,0,0,0,0,0,0,0,0,0,0,0,0,0,0,0,0,7,7,7,24800,100,1000,1600,0,0,0,0,0,0,0,0
yune,track-a-comparison,luna_pinyin,key_sequence_process_with_context,n,22,1,1,56800,3,54800,7,7,100,7,0,200,400,0,100,7,0,5,1,1400,5,1,100,1,0,5,2,1,7,7,7,0,0,1,400,0,1,23600,7,0,0,0,0,1,1,1,300,26,12,41,300,0,0,0,0,0,0,0,0,0,0,0,0,0,0,0,0,0,0,0,0,0,0,0,0,0,0,0,0,0,0,0,0,0,0,0,0,0,0,0,0,0,0,0,0,0,0,0,0,0,0,0,0,0,0,0,0,0,0,7,7,7,24400,100,1000,1500,0,0,0,0,0,0,0,0
yune,track-a-comparison,luna_pinyin,key_sequence_process_with_context,n,23,1,1,56300,3,54400,7,7,100,7,100,100,400,0,0,7,0,5,1,1400,5,1,100,1,0,5,2,1,7,7,7,0,0,1,300,0,1,23400,7,0,0,0,0,1,1,1,300,26,12,41,300,0,0,0,0,0,0,0,0,0,0,0,0,0,0,0,0,0,0,0,0,0,0,0,0,0,0,0,0,0,0,0,0,0,0,0,0,0,0,0,0,0,0,0,0,0,0,0,0,0,0,0,0,0,0,0,0,0,0,7,7,7,24100,100,1000,1600,0,0,0,0,0,0,0,0
yune,track-a-comparison,luna_pinyin,key_sequence_process_with_context,n,24,1,1,55800,3,53800,7,7,300,7,0,100,500,0,0,7,0,5,1,1400,5,1,100,1,0,5,2,1,7,7,7,0,0,1,400,0,1,22500,7,0,0,0,0,1,1,1,300,26,12,41,300,0,0,0,0,0,0,0,0,0,0,0,0,0,0,0,0,0,0,0,0,0,0,0,0,0,0,0,0,0,0,0,0,0,0,0,0,0,0,0,0,0,0,0,0,0,0,0,0,0,0,0,0,0,0,0,0,0,0,7,7,7,23300,100,1000,1600,0,0,0,0,0,0,0,0
yune,track-a-comparison,luna_pinyin,key_sequence_process_with_context,n,25,1,1,55600,3,53700,7,7,300,7,0,200,500,100,0,7,0,5,1,1400,5,1,200,1,0,5,2,1,7,7,7,0,0,1,300,0,1,22700,7,0,0,0,0,1,1,1,300,26,12,41,600,0,0,0,0,0,0,0,0,0,0,0,0,0,0,0,0,0,0,0,0,0,0,0,0,0,0,0,0,0,0,0,0,0,0,0,0,0,0,0,0,0,0,0,0,0,0,0,0,0,0,0,0,0,0,0,0,0,0,7,7,7,23400,0,1000,1500,0,0,0,0,0,0,0,0
yune,track-a-comparison,luna_pinyin,key_sequence_process_with_context,n,26,1,1,55400,3,53500,7,7,200,7,0,200,500,0,0,7,0,5,1,1400,5,1,100,1,0,5,2,1,7,7,7,0,0,1,300,0,1,22600,7,0,0,0,0,1,1,1,300,26,12,41,400,0,0,0,0,0,0,0,0,0,0,0,0,0,0,0,0,0,0,0,0,0,0,0,0,0,0,0,0,0,0,0,0,0,0,0,0,0,0,0,0,0,0,0,0,0,0,0,0,0,0,0,0,0,0,0,0,0,0,7,7,7,23300,0,1000,1600,0,0,0,0,0,0,0,0
yune,track-a-comparison,luna_pinyin,key_sequence_process_with_context,n,27,1,1,55600,3,53700,7,7,300,7,0,200,400,0,0,7,0,5,1,1400,5,1,100,1,0,5,2,1,7,7,7,0,0,1,300,0,1,22700,7,0,0,0,0,1,1,1,200,26,12,41,400,0,0,0,0,0,0,0,0,0,0,0,0,0,0,0,0,0,0,0,0,0,0,0,0,0,0,0,0,0,0,0,0,0,0,0,0,0,0,0,0,0,0,0,0,0,0,0,0,0,0,0,0,0,0,0,0,0,0,7,7,7,23500,100,1000,1500,0,0,0,0,0,0,0,0
yune,track-a-comparison,luna_pinyin,key_sequence_process_with_context,n,28,1,1,55700,3,53500,7,7,200,7,0,100,500,0,100,7,0,5,1,1400,5,1,100,1,0,5,2,1,7,7,7,0,0,1,300,0,1,22700,7,0,0,0,0,1,1,1,200,26,12,41,300,0,0,0,0,0,0,0,0,0,0,0,0,0,0,0,0,0,0,0,0,0,0,0,0,0,0,0,0,0,0,0,0,0,0,0,0,0,0,0,0,0,0,0,0,0,0,0,0,0,0,0,0,0,0,0,0,0,0,7,7,7,23500,0,1000,1500,0,0,0,0,0,0,0,0
yune,track-a-comparison,luna_pinyin,key_sequence_process_with_context,n,29,1,1,55400,3,53500,7,7,100,7,0,200,500,100,0,7,0,5,1,1400,5,1,100,1,0,5,2,1,7,7,7,0,0,1,400,0,1,22500,7,0,0,0,0,1,1,1,200,26,12,41,700,0,0,0,0,0,0,0,0,0,0,0,0,0,0,0,0,0,0,0,0,0,0,0,0,0,0,0,0,0,0,0,0,0,0,0,0,0,0,0,0,0,0,0,0,0,0,0,0,0,0,0,0,0,0,0,0,0,0,7,7,7,23300,100,1000,1500,0,0,0,0,0,0,0,0
yune,track-a-comparison,luna_pinyin,key_sequence_process_with_context,n,30,1,1,55800,3,53700,7,7,100,7,100,100,400,0,100,7,0,5,1,1400,5,1,100,1,0,5,2,1,7,7,7,0,0,1,400,0,1,22700,7,0,0,0,0,1,1,1,200,26,12,41,300,0,0,0,0,0,0,0,0,0,0,0,0,0,0,0,0,0,0,0,0,0,0,0,0,0,0,0,0,0,0,0,0,0,0,0,0,0,0,0,0,0,0,0,0,0,0,0,0,0,0,0,0,0,0,0,0,0,0,7,7,7,23400,100,1000,1600,0,0,0,0,0,0,0,0
yune,track-a-comparison,luna_pinyin,key_sequence_process_with_context,n,31,1,1,55500,3,53500,7,7,200,7,0,200,500,100,0,7,0,5,1,1400,5,1,200,1,0,5,2,1,7,7,7,0,0,1,300,0,1,22600,7,0,0,0,0,1,1,1,300,26,12,41,600,0,0,0,0,0,0,0,0,0,0,0,0,0,0,0,0,0,0,0,0,0,0,0,0,0,0,0,0,0,0,0,0,0,0,0,0,0,0,0,0,0,0,0,0,0,0,0,0,0,0,0,0,0,0,0,0,0,0,7,7,7,23400,100,1000,1500,0,0,0,0,0,0,0,0
yune,track-a-comparison,luna_pinyin,key_sequence_process_with_context,n,32,1,1,56800,3,54800,7,7,200,7,0,200,400,0,0,7,0,5,1,1400,5,1,200,1,0,5,2,1,7,7,7,0,0,1,300,0,1,23800,7,0,0,0,0,1,1,1,300,26,12,41,600,0,0,0,0,0,0,0,0,0,0,0,0,0,0,0,0,0,0,0,0,0,0,0,0,0,0,0,0,0,0,0,0,0,0,0,0,0,0,0,0,0,0,0,0,0,0,0,0,0,0,0,0,0,0,0,0,0,0,7,7,7,24600,0,1000,1500,0,0,0,0,0,0,0,0
yune,track-a-comparison,luna_pinyin,key_sequence_process_with_context,n,33,1,1,59000,3,56900,7,7,100,7,0,100,500,100,0,7,0,5,1,1400,5,1,100,1,0,5,2,1,7,7,7,0,0,1,400,0,1,25600,7,0,0,0,0,1,1,1,200,26,12,41,300,0,0,0,0,0,0,0,0,0,0,0,0,0,0,0,0,0,0,0,0,0,0,0,0,0,0,0,0,0,0,0,0,0,0,0,0,0,0,0,0,0,0,0,0,0,0,0,0,0,0,0,0,0,0,0,0,0,0,7,7,7,26300,100,1000,1600,0,0,0,0,0,0,0,0
yune,track-a-comparison,luna_pinyin,key_sequence_process_with_context,n,34,1,1,56900,3,54900,7,7,200,7,0,200,500,0,100,7,0,5,1,1400,5,1,100,1,0,5,2,1,7,7,7,0,0,1,400,0,1,23800,7,0,0,0,0,1,1,1,200,26,12,41,500,0,0,0,0,0,0,0,0,0,0,0,0,0,0,0,0,0,0,0,0,0,0,0,0,0,0,0,0,0,0,0,0,0,0,0,0,0,0,0,0,0,0,0,0,0,0,0,0,0,0,0,0,0,0,0,0,0,0,7,7,7,24500,0,900,1500,0,0,0,0,0,0,0,0
yune,track-a-comparison,luna_pinyin,key_sequence_process_with_context,n,35,1,1,56700,3,54800,7,7,300,7,100,100,500,100,0,7,0,5,1,1400,5,1,200,1,0,5,2,1,7,7,7,0,0,1,300,0,1,23500,7,0,0,0,0,1,1,1,200,26,12,41,600,0,0,0,0,0,0,0,0,0,0,0,0,0,0,0,0,0,0,0,0,0,0,0,0,0,0,0,0,0,0,0,0,0,0,0,0,0,0,0,0,0,0,0,0,0,0,0,0,0,0,0,0,0,0,0,0,0,0,7,7,7,24300,0,1000,1500,0,0,0,0,0,0,0,0
yune,track-a-comparison,luna_pinyin,key_sequence_process_with_context,n,36,1,1,55800,3,53800,7,7,300,7,100,100,400,0,100,7,0,5,1,1400,5,1,100,1,0,5,2,1,7,7,7,0,0,1,400,0,1,22600,7,0,0,0,0,1,1,1,300,26,12,41,500,0,0,0,0,0,0,0,0,0,0,0,0,0,0,0,0,0,0,0,0,0,0,0,0,0,0,0,0,0,0,0,0,0,0,0,0,0,0,0,0,0,0,0,0,0,0,0,0,0,0,0,0,0,0,0,0,0,0,7,7,7,23300,100,1000,1600,0,0,0,0,0,0,0,0
yune,track-a-comparison,luna_pinyin,key_sequence_process_with_context,n,37,1,1,55500,3,53500,7,7,100,7,100,200,400,0,0,7,0,5,1,1400,5,1,100,1,0,5,2,1,7,7,7,0,0,1,400,0,1,22500,7,0,0,0,0,1,1,1,300,26,12,41,300,0,0,0,0,0,0,0,0,0,0,0,0,0,0,0,0,0,0,0,0,0,0,0,0,0,0,0,0,0,0,0,0,0,0,0,0,0,0,0,0,0,0,0,0,0,0,0,0,0,0,0,0,0,0,0,0,0,0,7,7,7,23300,100,1000,1600,0,0,0,0,0,0,0,0
yune,track-a-comparison,luna_pinyin,key_sequence_process_with_context,n,38,1,1,55700,3,53800,7,7,200,7,0,200,500,100,0,7,0,5,1,1400,5,1,200,1,0,5,2,1,7,7,7,0,0,1,400,0,1,22700,7,0,0,0,0,1,1,1,300,26,12,41,500,0,0,0,0,0,0,0,0,0,0,0,0,0,0,0,0,0,0,0,0,0,0,0,0,0,0,0,0,0,0,0,0,0,0,0,0,0,0,0,0,0,0,0,0,0,0,0,0,0,0,0,0,0,0,0,0,0,0,7,7,7,23400,0,900,1500,0,0,0,0,0,0,0,0
yune,track-a-comparison,luna_pinyin,key_sequence_process_with_context,n,39,1,1,55600,3,53400,7,7,200,7,0,200,500,0,0,7,0,5,1,1400,5,1,100,1,0,5,2,1,7,7,7,0,0,1,400,0,1,22500,7,0,0,0,0,1,1,1,200,26,12,41,300,0,0,0,0,0,0,0,0,0,0,0,0,0,0,0,0,0,0,0,0,0,0,0,0,0,0,0,0,0,0,0,0,0,0,0,0,0,0,0,0,0,0,0,0,0,0,0,0,0,0,0,0,0,0,0,0,0,0,7,7,7,23200,0,900,1500,0,0,0,0,0,0,0,0
yune,track-a-comparison,luna_pinyin,key_sequence_process_with_context,n,40,1,1,55600,3,53700,7,7,200,7,0,100,500,100,0,7,0,5,1,1400,5,1,200,1,0,5,2,1,7,7,7,0,0,1,300,0,1,22600,7,0,0,0,0,1,1,1,300,26,12,41,600,0,0,0,0,0,0,0,0,0,0,0,0,0,0,0,0,0,0,0,0,0,0,0,0,0,0,0,0,0,0,0,0,0,0,0,0,0,0,0,0,0,0,0,0,0,0,0,0,0,0,0,0,0,0,0,0,0,0,7,7,7,23400,0,1000,1500,0,0,0,0,0,0,0,0
yune,track-a-comparison,luna_pinyin,key_sequence_process_with_context,n,41,1,1,56100,3,54100,7,7,200,7,100,100,400,0,0,7,0,5,1,1400,5,1,100,1,0,5,2,1,7,7,7,0,0,1,300,0,1,22800,7,0,0,0,0,1,1,1,300,26,12,41,300,0,0,0,0,0,0,0,0,0,0,0,0,0,0,0,0,0,0,0,0,0,0,0,0,0,0,0,0,0,0,0,0,0,0,0,0,0,0,0,0,0,0,0,0,0,0,0,0,0,0,0,0,0,0,0,0,0,0,7,7,7,23600,100,1000,1600,0,0,0,0,0,0,0,0
yune,track-a-comparison,luna_pinyin,key_sequence_process_with_context,n,42,1,1,55900,3,53900,7,7,200,7,0,100,500,0,0,7,0,5,1,1300,5,1,200,1,0,5,2,1,7,7,7,0,0,1,300,0,1,22700,7,0,0,0,0,1,1,1,200,26,12,41,600,0,0,0,0,0,0,0,0,0,0,0,0,0,0,0,0,0,0,0,0,0,0,0,0,0,0,0,0,0,0,0,0,0,0,0,0,0,0,0,0,0,0,0,0,0,0,0,0,0,0,0,0,0,0,0,0,0,0,7,7,7,23400,0,1000,1500,0,0,0,0,0,0,0,0
yune,track-a-comparison,luna_pinyin,key_sequence_process_with_context,n,43,1,1,55500,3,53600,7,7,200,7,0,200,400,0,100,7,0,5,1,1400,5,1,100,1,0,5,2,1,7,7,7,0,0,1,300,0,1,22600,7,0,0,0,0,1,1,1,200,26,12,41,500,0,0,0,0,0,0,0,0,0,0,0,0,0,0,0,0,0,0,0,0,0,0,0,0,0,0,0,0,0,0,0,0,0,0,0,0,0,0,0,0,0,0,0,0,0,0,0,0,0,0,0,0,0,0,0,0,0,0,7,7,7,23300,100,1000,1600,0,0,0,0,0,0,0,0
yune,track-a-comparison,luna_pinyin,key_sequence_process_with_context,n,44,1,1,55900,3,53900,7,7,200,7,100,200,500,0,0,7,0,5,1,1400,5,1,100,1,0,5,2,1,7,7,7,0,0,1,400,0,1,22700,7,0,0,0,0,1,1,1,300,26,12,41,300,0,0,0,0,0,0,0,0,0,0,0,0,0,0,0,0,0,0,0,0,0,0,0,0,0,0,0,0,0,0,0,0,0,0,0,0,0,0,0,0,0,0,0,0,0,0,0,0,0,0,0,0,0,0,0,0,0,0,7,7,7,23500,0,900,1500,0,0,0,0,0,0,0,0
yune,track-a-comparison,luna_pinyin,key_sequence_process_with_context,n,45,1,1,56800,3,54800,7,7,200,7,100,200,500,0,0,7,0,5,1,1500,5,1,100,1,0,5,2,1,7,7,7,0,0,1,300,0,1,23300,7,0,0,0,0,1,1,1,200,26,12,41,400,0,0,0,0,0,0,0,0,0,0,0,0,0,0,0,0,0,0,0,0,0,0,0,0,0,0,0,0,0,0,0,0,0,0,0,0,0,0,0,0,0,0,0,0,0,0,0,0,0,0,0,0,0,0,0,0,0,0,7,7,7,24000,100,1100,1700,0,0,0,0,0,0,0,0
yune,track-a-comparison,luna_pinyin,key_sequence_process_with_context,n,46,1,1,62500,3,60000,7,7,100,7,0,200,700,0,0,7,0,5,1,1400,5,1,100,1,0,5,2,1,7,7,7,0,0,1,400,0,1,28200,7,0,0,0,0,1,1,1,200,26,12,41,400,0,0,0,0,0,0,0,0,0,0,0,0,0,0,0,0,0,0,0,0,0,0,0,0,0,0,0,0,0,0,0,0,0,0,0,0,0,0,0,0,0,0,0,0,0,0,0,0,0,0,0,0,0,0,0,0,0,0,7,7,7,28900,100,900,2100,0,0,0,0,0,0,0,0
yune,track-a-comparison,luna_pinyin,key_sequence_process_with_context,n,47,1,1,57400,3,55500,7,7,200,7,0,100,500,0,0,7,0,5,1,1300,5,1,200,1,0,5,2,1,7,7,7,0,0,1,300,0,1,24300,7,0,0,0,0,1,1,1,300,26,12,41,600,0,0,0,0,0,0,0,0,0,0,0,0,0,0,0,0,0,0,0,0,0,0,0,0,0,0,0,0,0,0,0,0,0,0,0,0,0,0,0,0,0,0,0,0,0,0,0,0,0,0,0,0,0,0,0,0,0,0,7,7,7,25000,0,1000,1600,0,0,0,0,0,0,0,0
yune,track-a-comparison,luna_pinyin,key_sequence_process_with_context,n,48,1,1,57600,3,55700,7,7,400,7,0,100,500,0,0,7,0,5,1,1400,5,1,100,1,0,5,2,1,7,7,7,0,0,1,300,0,1,24300,7,0,0,0,0,1,1,1,300,26,12,41,300,0,0,0,0,0,0,0,0,0,0,0,0,0,0,0,0,0,0,0,0,0,0,0,0,0,0,0,0,0,0,0,0,0,0,0,0,0,0,0,0,0,0,0,0,0,0,0,0,0,0,0,0,0,0,0,0,0,0,7,7,7,25000,0,1000,1500,0,0,0,0,0,0,0,0
yune,track-a-comparison,luna_pinyin,key_sequence_process_with_context,n,49,1,1,55500,3,53600,7,7,100,7,100,100,400,0,100,7,0,5,1,1500,5,1,100,1,0,5,2,1,7,7,7,0,0,1,300,0,1,22400,7,0,0,0,0,1,1,1,200,26,12,41,600,0,0,0,0,0,0,0,0,0,0,0,0,0,0,0,0,0,0,0,0,0,0,0,0,0,0,0,0,0,0,0,0,0,0,0,0,0,0,0,0,0,0,0,0,0,0,0,0,0,0,0,0,0,0,0,0,0,0,7,7,7,23100,100,900,1500,0,0,0,0,0,0,0,0
yune,track-a-comparison,luna_pinyin,key_sequence_process_with_context,n,50,1,1,55900,3,54000,7,7,100,7,0,100,500,0,0,7,0,5,1,1400,5,1,100,1,0,5,2,1,7,7,7,0,0,1,400,0,1,22500,7,0,0,0,0,1,1,1,300,26,12,41,500,0,0,0,0,0,0,0,0,0,0,0,0,0,0,0,0,0,0,0,0,0,0,0,0,0,0,0,0,0,0,0,0,0,0,0,0,0,0,0,0,0,0,0,0,0,0,0,0,0,0,0,0,0,0,0,0,0,0,7,7,7,23200,100,1000,1500,0,0,0,0,0,0,0,0
yune,track-a-comparison,luna_pinyin,key_sequence_process_with_context,n,51,1,1,56500,3,54600,7,7,100,7,0,100,600,100,0,7,0,5,1,1400,5,1,200,1,0,5,2,1,7,7,7,0,0,1,400,0,1,22600,7,0,0,0,0,1,1,1,300,26,12,41,600,0,0,0,0,0,0,0,0,0,0,0,0,0,0,0,0,0,0,0,0,0,0,0,0,0,0,0,0,0,0,0,0,0,0,0,0,0,0,0,0,0,0,0,0,0,0,0,0,0,0,0,0,0,0,0,0,0,0,7,7,7,23300,100,1000,1500,0,0,0,0,0,0,0,0
yune,track-a-comparison,luna_pinyin,key_sequence_process_with_context,n,52,1,1,56200,3,54300,7,7,300,7,0,200,500,0,100,7,0,5,1,1400,5,1,100,1,0,5,2,1,7,7,7,0,0,1,300,0,1,22700,7,0,0,0,0,1,1,1,300,26,12,41,300,0,0,0,0,0,0,0,0,0,0,0,0,0,0,0,0,0,0,0,0,0,0,0,0,0,0,0,0,0,0,0,0,0,0,0,0,0,0,0,0,0,0,0,0,0,0,0,0,0,0,0,0,0,0,0,0,0,0,7,7,7,23600,0,1000,1500,0,0,0,0,0,0,0,0
yune,track-a-comparison,luna_pinyin,key_sequence_process_with_context,n,53,1,1,55900,3,54000,7,7,300,7,0,100,500,0,0,7,0,5,1,1500,5,1,100,1,0,5,2,1,7,7,7,0,0,1,400,0,1,22800,7,0,0,0,0,1,1,1,200,26,12,41,400,0,0,0,0,0,0,0,0,0,0,0,0,0,0,0,0,0,0,0,0,0,0,0,0,0,0,0,0,0,0,0,0,0,0,0,0,0,0,0,0,0,0,0,0,0,0,0,0,0,0,0,0,0,0,0,0,0,0,7,7,7,23600,100,1000,1500,0,0,0,0,0,0,0,0
yune,track-a-comparison,luna_pinyin,key_sequence_process_with_context,n,54,1,1,55600,3,53700,7,7,100,7,0,100,500,0,100,7,0,5,1,1300,5,1,100,1,0,5,2,1,7,7,7,0,0,1,300,0,1,22700,7,0,0,0,0,1,1,1,200,26,12,41,300,0,0,0,0,0,0,0,0,0,0,0,0,0,0,0,0,0,0,0,0,0,0,0,0,0,0,0,0,0,0,0,0,0,0,0,0,0,0,0,0,0,0,0,0,0,0,0,0,0,0,0,0,0,0,0,0,0,0,7,7,7,23400,100,1000,1500,0,0,0,0,0,0,0,0
yune,track-a-comparison,luna_pinyin,key_sequence_process_with_context,n,55,1,1,55500,3,53600,7,7,300,7,0,100,500,0,0,7,0,5,1,1400,5,1,200,1,0,5,2,1,7,7,7,0,0,1,300,0,1,22600,7,0,0,0,0,1,1,1,300,26,12,41,500,0,0,0,0,0,0,0,0,0,0,0,0,0,0,0,0,0,0,0,0,0,0,0,0,0,0,0,0,0,0,0,0,0,0,0,0,0,0,0,0,0,0,0,0,0,0,0,0,0,0,0,0,0,0,0,0,0,0,7,7,7,23400,0,1000,1500,0,0,0,0,0,0,0,0
yune,track-a-comparison,luna_pinyin,key_sequence_process_with_context,n,56,1,1,60000,3,57900,7,7,200,7,0,200,500,0,0,7,0,5,1,1400,5,1,100,1,0,5,2,1,7,7,7,0,0,1,400,0,1,22800,7,0,0,0,0,1,1,1,300,26,12,41,300,0,0,0,0,0,0,0,0,0,0,0,0,0,0,0,0,0,0,0,0,0,0,0,0,0,0,0,0,0,0,0,0,0,0,0,0,0,0,0,0,0,0,0,0,0,0,0,0,0,0,0,0,0,0,0,0,0,0,7,7,7,23600,100,1100,1700,0,0,0,0,0,0,0,0
yune,track-a-comparison,luna_pinyin,key_sequence_process_with_context,n,57,1,1,56700,3,54600,7,7,200,7,0,200,500,0,0,7,0,5,1,1500,5,1,100,1,0,5,2,1,7,7,7,0,0,1,300,0,1,22800,7,0,0,0,0,1,1,1,300,26,12,41,500,0,0,0,0,0,0,0,0,0,0,0,0,0,0,0,0,0,0,0,0,0,0,0,0,0,0,0,0,0,0,0,0,0,0,0,0,0,0,0,0,0,0,0,0,0,0,0,0,0,0,0,0,0,0,0,0,0,0,7,7,7,23500,0,900,1500,0,0,0,0,0,0,0,0
yune,track-a-comparison,luna_pinyin,key_sequence_process_with_context,n,58,1,1,55700,3,53800,7,7,400,7,0,200,500,100,0,7,0,5,1,1500,5,1,200,1,0,5,2,1,7,7,7,0,0,1,400,0,1,22600,7,0,0,0,0,1,1,1,300,26,12,41,300,0,0,0,0,0,0,0,0,0,0,0,0,0,0,0,0,0,0,0,0,0,0,0,0,0,0,0,0,0,0,0,0,0,0,0,0,0,0,0,0,0,0,0,0,0,0,0,0,0,0,0,0,0,0,0,0,0,0,7,7,7,23300,0,1000,1500,0,0,0,0,0,0,0,0
yune,track-a-comparison,luna_pinyin,key_sequence_process_with_context,n,59,1,1,55700,3,53800,7,7,200,7,0,100,500,100,0,7,0,5,1,1400,5,1,200,1,0,5,2,1,7,7,7,0,0,1,400,0,1,22500,7,0,0,0,0,1,1,1,300,26,12,41,500,0,0,0,0,0,0,0,0,0,0,0,0,0,0,0,0,0,0,0,0,0,0,0,0,0,0,0,0,0,0,0,0,0,0,0,0,0,0,0,0,0,0,0,0,0,0,0,0,0,0,0,0,0,0,0,0,0,0,7,7,7,23300,0,900,1500,0,0,0,0,0,0,0,0
yune,track-a-comparison,luna_pinyin,key_sequence_process_with_context,n,60,1,1,55900,3,54000,7,7,100,7,0,100,400,0,100,7,0,5,1,1400,5,1,100,1,0,5,2,1,7,7,7,0,0,1,400,0,1,22700,7,0,0,0,0,1,1,1,300,26,12,41,300,0,0,0,0,0,0,0,0,0,0,0,0,0,0,0,0,0,0,0,0,0,0,0,0,0,0,0,0,0,0,0,0,0,0,0,0,0,0,0,0,0,0,0,0,0,0,0,0,0,0,0,0,0,0,0,0,0,0,7,7,7,23400,100,1000,1700,0,0,0,0,0,0,0,0
yune,track-a-comparison,luna_pinyin,key_sequence_process_with_context,n,61,1,1,56100,3,54200,7,7,300,7,0,100,500,0,100,7,0,5,1,1300,5,1,100,1,0,5,2,1,7,7,7,0,0,1,400,0,1,22900,7,0,0,0,0,1,1,1,200,26,12,41,400,0,0,0,0,0,0,0,0,0,0,0,0,0,0,0,0,0,0,0,0,0,0,0,0,0,0,0,0,0,0,0,0,0,0,0,0,0,0,0,0,0,0,0,0,0,0,0,0,0,0,0,0,0,0,0,0,0,0,7,7,7,23600,100,1100,1600,0,0,0,0,0,0,0,0
yune,track-a-comparison,luna_pinyin,key_sequence_process_with_context,n,62,1,1,58200,3,56100,7,7,200,7,0,100,500,0,100,7,0,5,1,1400,5,1,200,1,0,5,2,1,7,7,7,0,0,1,300,0,1,24900,7,0,0,0,0,1,1,1,200,26,12,41,500,0,0,0,0,0,0,0,0,0,0,0,0,0,0,0,0,0,0,0,0,0,0,0,0,0,0,0,0,0,0,0,0,0,0,0,0,0,0,0,0,0,0,0,0,0,0,0,0,0,0,0,0,0,0,0,0,0,0,7,7,7,25700,100,1000,1600,0,0,0,0,0,0,0,0
yune,track-a-comparison,luna_pinyin,key_sequence_process_with_context,n,63,1,1,56200,3,54300,7,7,200,7,0,200,500,0,0,7,0,5,1,1400,5,1,200,1,0,5,2,1,7,7,7,0,0,1,300,0,1,22600,7,0,0,0,0,1,1,1,200,26,12,41,600,0,0,0,0,0,0,0,0,0,0,0,0,0,0,0,0,0,0,0,0,0,0,0,0,0,0,0,0,0,0,0,0,0,0,0,0,0,0,0,0,0,0,0,0,0,0,0,0,0,0,0,0,0,0,0,0,0,0,7,7,7,23300,0,1000,1600,0,0,0,0,0,0,0,0
yune,track-a-comparison,luna_pinyin,key_sequence_process_with_context,n,64,1,1,55900,3,54000,7,7,100,7,0,200,400,0,100,7,0,5,1,1400,5,1,100,1,0,5,2,1,7,7,7,0,0,1,300,0,1,22700,7,0,0,0,0,1,1,1,200,26,12,41,300,0,0,0,0,0,0,0,0,0,0,0,0,0,0,0,0,0,0,0,0,0,0,0,0,0,0,0,0,0,0,0,0,0,0,0,0,0,0,0,0,0,0,0,0,0,0,0,0,0,0,0,0,0,0,0,0,0,0,7,7,7,23400,100,1000,1600,0,0,0,0,0,0,0,0
yune,track-a-comparison,luna_pinyin,key_sequence_process_with_context,n,65,1,1,55800,3,53800,7,7,300,7,100,100,400,0,0,7,0,5,1,1400,5,1,100,1,0,5,2,1,7,7,7,0,0,1,400,0,1,22500,7,0,0,0,0,1,1,1,200,26,12,41,300,0,0,0,0,0,0,0,0,0,0,0,0,0,0,0,0,0,0,0,0,0,0,0,0,0,0,0,0,0,0,0,0,0,0,0,0,0,0,0,0,0,0,0,0,0,0,0,0,0,0,0,0,0,0,0,0,0,0,7,7,7,23300,0,1000,1600,0,0,0,0,0,0,0,0
yune,track-a-comparison,luna_pinyin,key_sequence_process_with_context,n,66,1,1,55900,3,54000,7,7,200,7,0,100,500,0,0,7,0,5,1,1400,5,1,100,1,0,5,2,1,7,7,7,0,0,1,400,0,1,22800,7,0,0,0,0,1,1,1,300,26,12,41,300,0,0,0,0,0,0,0,0,0,0,0,0,0,0,0,0,0,0,0,0,0,0,0,0,0,0,0,0,0,0,0,0,0,0,0,0,0,0,0,0,0,0,0,0,0,0,0,0,0,0,0,0,0,0,0,0,0,0,7,7,7,23500,100,1000,1600,0,0,0,0,0,0,0,0
yune,track-a-comparison,luna_pinyin,key_sequence_process_with_context,n,67,1,1,56200,3,54200,7,7,200,7,0,100,500,0,100,7,0,5,1,1400,5,1,100,1,0,5,2,1,7,7,7,0,0,1,300,0,1,22800,7,0,0,0,0,1,1,1,200,26,12,41,300,0,0,0,0,0,0,0,0,0,0,0,0,0,0,0,0,0,0,0,0,0,0,0,0,0,0,0,0,0,0,0,0,0,0,0,0,0,0,0,0,0,0,0,0,0,0,0,0,0,0,0,0,0,0,0,0,0,0,7,7,7,23600,100,1000,1500,0,0,0,0,0,0,0,0
yune,track-a-comparison,luna_pinyin,key_sequence_process_with_context,n,68,1,1,56200,3,54200,7,7,200,7,0,200,500,0,0,7,0,5,1,1400,5,1,100,1,0,5,2,1,7,7,7,0,0,1,400,0,1,23000,7,0,0,0,0,1,1,1,300,26,12,41,300,0,0,0,0,0,0,0,0,0,0,0,0,0,0,0,0,0,0,0,0,0,0,0,0,0,0,0,0,0,0,0,0,0,0,0,0,0,0,0,0,0,0,0,0,0,0,0,0,0,0,0,0,0,0,0,0,0,0,7,7,7,23800,0,1000,1500,0,0,0,0,0,0,0,0
yune,track-a-comparison,luna_pinyin,key_sequence_process_with_context,n,69,1,1,56000,3,54100,7,7,200,7,100,100,400,0,100,7,0,5,1,1400,5,1,100,1,0,5,2,1,7,7,7,0,0,1,400,0,1,22900,7,0,0,0,0,1,1,1,200,26,12,41,300,0,0,0,0,0,0,0,0,0,0,0,0,0,0,0,0,0,0,0,0,0,0,0,0,0,0,0,0,0,0,0,0,0,0,0,0,0,0,0,0,0,0,0,0,0,0,0,0,0,0,0,0,0,0,0,0,0,0,7,7,7,23600,100,1000,1600,0,0,0,0,0,0,0,0
yune,track-a-comparison,luna_pinyin,key_sequence_process_with_context,n,70,1,1,56600,3,54600,7,7,100,7,0,200,600,0,0,7,0,5,1,1400,5,1,100,1,0,5,2,1,7,7,7,0,0,1,400,0,1,23200,7,0,0,0,0,1,1,1,300,26,12,41,400,0,0,0,0,0,0,0,0,0,0,0,0,0,0,0,0,0,0,0,0,0,0,0,0,0,0,0,0,0,0,0,0,0,0,0,0,0,0,0,0,0,0,0,0,0,0,0,0,0,0,0,0,0,0,0,0,0,0,7,7,7,24000,100,1000,1500,0,0,0,0,0,0,0,0
yune,track-a-comparison,luna_pinyin,key_sequence_process_with_context,n,71,1,1,60500,3,58400,7,7,100,7,0,200,500,0,0,7,0,5,1,1400,5,1,100,1,0,5,2,1,7,7,7,0,0,1,400,0,1,27300,7,0,0,0,0,1,1,1,300,26,12,41,300,0,0,0,0,0,0,0,0,0,0,0,0,0,0,0,0,0,0,0,0,0,0,0,0,0,0,0,0,0,0,0,0,0,0,0,0,0,0,0,0,0,0,0,0,0,0,0,0,0,0,0,0,0,0,0,0,0,0,7,7,7,28000,0,1000,1600,0,0,0,0,0,0,0,0
yune,track-a-comparison,luna_pinyin,key_sequence_process_with_context,n,72,1,1,57300,3,55300,7,7,400,7,0,100,500,0,0,7,0,5,1,1400,5,1,100,1,0,5,2,1,7,7,7,0,0,1,300,0,1,24300,7,0,0,0,0,1,1,1,300,26,12,41,300,0,0,0,0,0,0,0,0,0,0,0,0,0,0,0,0,0,0,0,0,0,0,0,0,0,0,0,0,0,0,0,0,0,0,0,0,0,0,0,0,0,0,0,0,0,0,0,0,0,0,0,0,0,0,0,0,0,0,7,7,7,25000,0,1000,1500,0,0,0,0,0,0,0,0
yune,track-a-comparison,luna_pinyin,key_sequence_process_with_context,n,73,1,1,57700,3,55700,7,7,200,7,100,100,400,0,100,7,0,5,1,1400,5,1,100,1,0,5,2,1,7,7,7,0,0,1,400,0,1,24400,7,0,0,0,0,1,1,1,200,26,12,41,300,0,0,0,0,0,0,0,0,0,0,0,0,0,0,0,0,0,0,0,0,0,0,0,0,0,0,0,0,0,0,0,0,0,0,0,0,0,0,0,0,0,0,0,0,0,0,0,0,0,0,0,0,0,0,0,0,0,0,7,7,7,25200,100,1000,1600,0,0,0,0,0,0,0,0
yune,track-a-comparison,luna_pinyin,key_sequence_process_with_context,n,74,1,1,57200,3,55300,7,7,300,7,100,100,400,0,0,7,0,5,1,1400,5,1,100,1,0,5,2,1,7,7,7,0,0,1,300,0,1,24100,7,0,0,0,0,1,1,1,300,26,12,41,400,0,0,0,0,0,0,0,0,0,0,0,0,0,0,0,0,0,0,0,0,0,0,0,0,0,0,0,0,0,0,0,0,0,0,0,0,0,0,0,0,0,0,0,0,0,0,0,0,0,0,0,0,0,0,0,0,0,0,7,7,7,24800,0,1000,1600,0,0,0,0,0,0,0,0
yune,track-a-comparison,luna_pinyin,key_sequence_process_with_context,n,75,1,1,55500,3,53500,7,7,200,7,100,100,400,0,100,7,0,5,1,1400,5,1,100,1,0,5,2,1,7,7,7,0,0,1,300,0,1,22500,7,0,0,0,0,1,1,1,300,26,12,41,300,0,0,0,0,0,0,0,0,0,0,0,0,0,0,0,0,0,0,0,0,0,0,0,0,0,0,0,0,0,0,0,0,0,0,0,0,0,0,0,0,0,0,0,0,0,0,0,0,0,0,0,0,0,0,0,0,0,0,7,7,7,23200,100,1000,1600,0,0,0,0,0,0,0,0
yune,track-a-comparison,luna_pinyin,key_sequence_process_with_context,n,76,1,1,55800,3,53900,7,7,100,7,100,100,500,0,100,7,0,5,1,1400,5,1,100,1,0,5,2,1,7,7,7,0,0,1,400,0,1,22700,7,0,0,0,0,1,1,1,300,26,12,41,300,0,0,0,0,0,0,0,0,0,0,0,0,0,0,0,0,0,0,0,0,0,0,0,0,0,0,0,0,0,0,0,0,0,0,0,0,0,0,0,0,0,0,0,0,0,0,0,0,0,0,0,0,0,0,0,0,0,0,7,7,7,23400,100,1000,1500,0,0,0,0,0,0,0,0
yune,track-a-comparison,luna_pinyin,key_sequence_process_with_context,n,77,1,1,55600,3,53600,7,7,200,7,0,200,500,100,0,7,0,5,1,1400,5,1,100,1,0,5,2,1,7,7,7,0,0,1,400,0,1,22500,7,0,0,0,0,1,1,1,300,26,12,41,300,0,0,0,0,0,0,0,0,0,0,0,0,0,0,0,0,0,0,0,0,0,0,0,0,0,0,0,0,0,0,0,0,0,0,0,0,0,0,0,0,0,0,0,0,0,0,0,0,0,0,0,0,0,0,0,0,0,0,7,7,7,23200,0,900,1600,0,0,0,0,0,0,0,0
yune,track-a-comparison,luna_pinyin,key_sequence_process_with_context,n,78,1,1,55300,3,53500,7,7,100,7,100,100,500,0,100,7,0,5,1,1300,5,1,100,1,0,5,2,1,7,7,7,0,0,1,400,0,1,22400,7,0,0,0,0,1,1,1,200,26,12,41,300,0,0,0,0,0,0,0,0,0,0,0,0,0,0,0,0,0,0,0,0,0,0,0,0,0,0,0,0,0,0,0,0,0,0,0,0,0,0,0,0,0,0,0,0,0,0,0,0,0,0,0,0,0,0,0,0,0,0,7,7,7,23100,0,900,1600,0,0,0,0,0,0,0,0
yune,track-a-comparison,luna_pinyin,key_sequence_process_with_context,n,79,1,1,58000,3,56000,7,7,200,7,100,100,400,0,0,7,0,5,1,1400,5,1,100,1,0,5,2,1,7,7,7,0,0,1,300,0,1,22400,7,0,0,0,0,1,1,1,200,26,12,41,400,0,0,0,0,0,0,0,0,0,0,0,0,0,0,0,0,0,0,0,0,0,0,0,0,0,0,0,0,0,0,0,0,0,0,0,0,0,0,0,0,0,0,0,0,0,0,0,0,0,0,0,0,0,0,0,0,0,0,7,7,7,23200,0,900,1600,0,0,0,0,0,0,0,0
yune,track-a-comparison,luna_pinyin,key_sequence_process_with_context,ni,0,2,2,84700,6,80200,196,14,200,14,0,300,1000,0,200,14,0,5,1,1800,5,1,100,2,0,10,4,2,14,14,14,0,0,2,1700,7,1,22300,7,0,0,0,0,2,1,2,400,27,12,42,400,0,0,0,0,0,0,0,0,0,0,0,0,0,0,0,0,0,0,0,0,0,0,0,0,0,0,0,0,0,0,0,0,0,0,0,0,0,0,0,0,0,0,0,0,0,0,0,0,0,0,0,0,0,0,0,0,0,0,14,14,14,25000,200,3800,5000,0,0,0,0,0,0,0,0
yune,track-a-comparison,luna_pinyin,key_sequence_process_with_context,ni,1,2,2,87300,6,82800,196,14,200,14,0,300,1100,0,100,14,0,5,1,1500,5,1,100,2,0,10,4,2,14,14,14,0,0,2,1600,7,1,22800,7,0,0,0,0,2,1,2,300,27,12,42,600,0,0,0,0,0,0,0,0,0,0,0,0,0,0,0,0,0,0,0,0,0,0,0,0,0,0,0,0,0,0,0,0,0,0,0,0,0,0,0,0,0,0,0,0,0,0,0,0,0,0,0,0,0,0,0,0,0,0,14,14,14,25300,200,3800,5000,0,0,0,0,0,0,0,0
yune,track-a-comparison,luna_pinyin,key_sequence_process_with_context,ni,2,2,2,86200,6,81900,196,14,500,14,0,200,800,0,300,14,0,5,1,1500,5,1,100,2,0,10,4,2,14,14,14,0,0,2,1700,7,1,22500,7,0,0,0,0,2,1,2,400,27,12,42,300,0,0,0,0,0,0,0,0,0,0,0,0,0,0,0,0,0,0,0,0,0,0,0,0,0,0,0,0,0,0,0,0,0,0,0,0,0,0,0,0,0,0,0,0,0,0,0,0,0,0,0,0,0,0,0,0,0,0,14,14,14,25000,0,3700,4900,0,0,0,0,0,0,0,0
yune,track-a-comparison,luna_pinyin,key_sequence_process_with_context,ni,3,2,2,85700,6,81200,196,14,600,14,200,400,900,100,100,14,0,5,1,1400,5,1,100,2,0,10,4,2,14,14,14,0,0,2,1700,7,1,22900,7,0,0,0,0,2,1,2,400,27,12,42,400,0,0,0,0,0,0,0,0,0,0,0,0,0,0,0,0,0,0,0,0,0,0,0,0,0,0,0,0,0,0,0,0,0,0,0,0,0,0,0,0,0,0,0,0,0,0,0,0,0,0,0,0,0,0,0,0,0,0,14,14,14,25300,100,3700,5100,0,0,0,0,0,0,0,0
yune,track-a-comparison,luna_pinyin,key_sequence_process_with_context,ni,4,2,2,84600,6,80300,196,14,300,14,100,300,800,0,300,14,0,5,1,1400,5,1,200,2,0,10,4,2,14,14,14,0,0,2,1500,7,1,22400,7,0,0,0,0,2,1,2,300,27,12,42,500,0,0,0,0,0,0,0,0,0,0,0,0,0,0,0,0,0,0,0,0,0,0,0,0,0,0,0,0,0,0,0,0,0,0,0,0,0,0,0,0,0,0,0,0,0,0,0,0,0,0,0,0,0,0,0,0,0,0,14,14,14,24900,200,3500,4900,0,0,0,0,0,0,0,0
yune,track-a-comparison,luna_pinyin,key_sequence_process_with_context,ni,5,2,2,84300,6,80100,196,14,600,14,0,300,1000,100,100,14,0,5,1,1400,5,1,100,2,0,10,4,2,14,14,14,0,0,2,1700,7,1,22500,7,0,0,0,0,2,1,2,300,27,12,42,300,0,0,0,0,0,0,0,0,0,0,0,0,0,0,0,0,0,0,0,0,0,0,0,0,0,0,0,0,0,0,0,0,0,0,0,0,0,0,0,0,0,0,0,0,0,0,0,0,0,0,0,0,0,0,0,0,0,0,14,14,14,25000,100,3600,4900,0,0,0,0,0,0,0,0
yune,track-a-comparison,luna_pinyin,key_sequence_process_with_context,ni,6,2,2,91500,6,86900,196,14,500,14,100,400,1000,0,200,14,0,5,1,1400,5,1,100,2,0,10,4,2,14,14,14,0,0,2,1600,7,1,29100,7,0,0,0,0,2,1,2,400,27,12,42,400,0,0,0,0,0,0,0,0,0,0,0,0,0,0,0,0,0,0,0,0,0,0,0,0,0,0,0,0,0,0,0,0,0,0,0,0,0,0,0,0,0,0,0,0,0,0,0,0,0,0,0,0,0,0,0,0,0,0,14,14,14,31600,100,3700,4800,0,0,0,0,0,0,0,0
yune,track-a-comparison,luna_pinyin,key_sequence_process_with_context,ni,7,2,2,85000,6,80700,196,14,500,14,0,300,1000,0,200,14,0,5,1,1300,5,1,100,2,0,10,4,2,14,14,14,0,0,2,1800,7,1,22500,7,0,0,0,0,2,1,2,300,27,12,42,300,0,0,0,0,0,0,0,0,0,0,0,0,0,0,0,0,0,0,0,0,0,0,0,0,0,0,0,0,0,0,0,0,0,0,0,0,0,0,0,0,0,0,0,0,0,0,0,0,0,0,0,0,0,0,0,0,0,0,14,14,14,25100,100,3700,4800,0,0,0,0,0,0,0,0
yune,track-a-comparison,luna_pinyin,key_sequence_process_with_context,ni,8,2,2,84300,6,80000,196,14,400,14,0,200,1000,0,100,14,0,5,1,1500,5,1,100,2,0,10,4,2,14,14,14,0,0,2,1600,7,1,22500,7,0,0,0,0,2,1,2,300,27,12,42,400,0,0,0,0,0,0,0,0,0,0,0,0,0,0,0,0,0,0,0,0,0,0,0,0,0,0,0,0,0,0,0,0,0,0,0,0,0,0,0,0,0,0,0,0,0,0,0,0,0,0,0,0,0,0,0,0,0,0,14,14,14,24900,100,3600,4700,0,0,0,0,0,0,0,0
yune,track-a-comparison,luna_pinyin,key_sequence_process_with_context,ni,9,2,2,84400,6,80100,196,14,300,14,0,400,1000,100,100,14,0,5,1,1300,5,1,100,2,0,10,4,2,14,14,14,0,0,2,1600,7,1,22500,7,0,0,0,0,2,1,2,300,27,12,42,300,0,0,0,0,0,0,0,0,0,0,0,0,0,0,0,0,0,0,0,0,0,0,0,0,0,0,0,0,0,0,0,0,0,0,0,0,0,0,0,0,0,0,0,0,0,0,0,0,0,0,0,0,0,0,0,0,0,0,14,14,14,25100,200,3700,4700,0,0,0,0,0,0,0,0
yune,track-a-comparison,luna_pinyin,key_sequence_process_with_context,ni,10,2,2,84200,6,79800,196,14,500,14,0,300,900,100,200,14,0,5,1,1400,5,1,100,2,0,10,4,2,14,14,14,0,0,2,1600,7,1,22300,7,0,0,0,0,2,1,2,400,27,12,42,300,0,0,0,0,0,0,0,0,0,0,0,0,0,0,0,0,0,0,0,0,0,0,0,0,0,0,0,0,0,0,0,0,0,0,0,0,0,0,0,0,0,0,0,0,0,0,0,0,0,0,0,0,0,0,0,0,0,0,14,14,14,24900,100,3700,5000,0,0,0,0,0,0,0,0
yune,track-a-comparison,luna_pinyin,key_sequence_process_with_context,ni,11,2,2,84200,6,79700,196,14,200,14,0,300,900,100,200,14,0,5,1,1400,5,1,100,2,0,10,4,2,14,14,14,0,0,2,1600,7,1,22500,7,0,0,0,0,2,1,2,400,27,12,42,300,0,0,0,0,0,0,0,0,0,0,0,0,0,0,0,0,0,0,0,0,0,0,0,0,0,0,0,0,0,0,0,0,0,0,0,0,0,0,0,0,0,0,0,0,0,0,0,0,0,0,0,0,0,0,0,0,0,0,14,14,14,24900,200,3600,4800,0,0,0,0,0,0,0,0
yune,track-a-comparison,luna_pinyin,key_sequence_process_with_context,ni,12,2,2,84300,6,79900,196,14,200,14,100,400,1000,0,200,14,0,5,1,1400,5,1,100,2,0,10,4,2,14,14,14,0,0,2,1500,7,1,22500,7,0,0,0,0,2,1,2,400,27,12,42,400,0,0,0,0,0,0,0,0,0,0,0,0,0,0,0,0,0,0,0,0,0,0,0,0,0,0,0,0,0,0,0,0,0,0,0,0,0,0,0,0,0,0,0,0,0,0,0,0,0,0,0,0,0,0,0,0,0,0,14,14,14,24900,200,3700,4800,0,0,0,0,0,0,0,0
yune,track-a-comparison,luna_pinyin,key_sequence_process_with_context,ni,13,2,2,84500,6,80300,196,14,500,14,0,400,1000,100,100,14,0,5,1,1300,5,1,100,2,0,10,4,2,14,14,14,0,0,2,1600,7,1,22900,7,0,0,0,0,2,1,2,400,27,12,42,400,0,0,0,0,0,0,0,0,0,0,0,0,0,0,0,0,0,0,0,0,0,0,0,0,0,0,0,0,0,0,0,0,0,0,0,0,0,0,0,0,0,0,0,0,0,0,0,0,0,0,0,0,0,0,0,0,0,0,14,14,14,25400,0,3600,4700,0,0,0,0,0,0,0,0
yune,track-a-comparison,luna_pinyin,key_sequence_process_with_context,ni,14,2,2,84500,6,80200,196,14,400,14,0,200,1000,0,100,14,0,5,1,1300,5,1,100,2,0,10,4,2,14,14,14,0,0,2,1700,7,1,22900,7,0,0,0,0,2,1,2,300,27,12,42,300,0,0,0,0,0,0,0,0,0,0,0,0,0,0,0,0,0,0,0,0,0,0,0,0,0,0,0,0,0,0,0,0,0,0,0,0,0,0,0,0,0,0,0,0,0,0,0,0,0,0,0,0,0,0,0,0,0,0,14,14,14,25300,200,3600,4800,0,0,0,0,0,0,0,0
yune,track-a-comparison,luna_pinyin,key_sequence_process_with_context,ni,15,2,2,87100,6,82700,196,14,500,14,100,300,1000,200,100,14,0,5,1,1400,5,1,100,2,0,10,4,2,14,14,14,0,0,2,1800,7,1,23400,7,0,0,0,0,2,1,2,400,27,12,42,300,0,0,0,0,0,0,0,0,0,0,0,0,0,0,0,0,0,0,0,0,0,0,0,0,0,0,0,0,0,0,0,0,0,0,0,0,0,0,0,0,0,0,0,0,0,0,0,0,0,0,0,0,0,0,0,0,0,0,14,14,14,26100,200,3700,4900,0,0,0,0,0,0,0,0
yune,track-a-comparison,luna_pinyin,key_sequence_process_with_context,ni,16,2,2,87700,6,83300,196,14,400,14,100,300,900,100,200,14,0,5,1,1400,5,1,100,2,0,10,4,2,14,14,14,0,0,2,1600,7,1,24600,7,0,0,0,0,2,1,2,300,27,12,42,300,0,0,0,0,0,0,0,0,0,0,0,0,0,0,0,0,0,0,0,0,0,0,0,0,0,0,0,0,0,0,0,0,0,0,0,0,0,0,0,0,0,0,0,0,0,0,0,0,0,0,0,0,0,0,0,0,0,0,14,14,14,27100,100,3700,4900,0,0,0,0,0,0,0,0
yune,track-a-comparison,luna_pinyin,key_sequence_process_with_context,ni,17,2,2,86600,6,82200,196,14,600,14,0,200,900,0,200,14,0,5,1,1400,5,1,100,2,0,10,4,2,14,14,14,0,0,2,1600,7,1,24200,7,0,0,0,0,2,1,2,400,27,12,42,300,0,0,0,0,0,0,0,0,0,0,0,0,0,0,0,0,0,0,0,0,0,0,0,0,0,0,0,0,0,0,0,0,0,0,0,0,0,0,0,0,0,0,0,0,0,0,0,0,0,0,0,0,0,0,0,0,0,0,14,14,14,26800,100,3700,4800,0,0,0,0,0,0,0,0
yune,track-a-comparison,luna_pinyin,key_sequence_process_with_context,ni,18,2,2,87300,6,83000,196,14,600,14,0,300,900,100,100,14,0,5,1,1400,5,1,100,2,0,10,4,2,14,14,14,0,0,2,1600,7,1,24000,7,0,0,0,0,2,1,2,400,27,12,42,300,0,0,0,0,0,0,0,0,0,0,0,0,0,0,0,0,0,0,0,0,0,0,0,0,0,0,0,0,0,0,0,0,0,0,0,0,0,0,0,0,0,0,0,0,0,0,0,0,0,0,0,0,0,0,0,0,0,0,14,14,14,26600,100,3900,4900,0,0,0,0,0,0,0,0
yune,track-a-comparison,luna_pinyin,key_sequence_process_with_context,ni,19,2,2,84300,6,80200,196,14,400,14,0,300,900,0,200,14,0,5,1,1400,5,1,100,2,0,10,4,2,14,14,14,0,0,2,1700,7,1,22400,7,0,0,0,0,2,1,2,400,27,12,42,500,0,0,0,0,0,0,0,0,0,0,0,0,0,0,0,0,0,0,0,0,0,0,0,0,0,0,0,0,0,0,0,0,0,0,0,0,0,0,0,0,0,0,0,0,0,0,0,0,0,0,0,0,0,0,0,0,0,0,14,14,14,24900,200,3800,4900,0,0,0,0,0,0,0,0
yune,track-a-comparison,luna_pinyin,key_sequence_process_with_context,ni,20,2,2,84300,6,80000,196,14,400,14,100,300,900,0,100,14,0,5,1,1300,5,1,100,2,0,10,4,2,14,14,14,0,0,2,1800,7,1,22400,7,0,0,0,0,2,1,2,400,27,12,42,300,0,0,0,0,0,0,0,0,0,0,0,0,0,0,0,0,0,0,0,0,0,0,0,0,0,0,0,0,0,0,0,0,0,0,0,0,0,0,0,0,0,0,0,0,0,0,0,0,0,0,0,0,0,0,0,0,0,0,14,14,14,24900,200,3600,4800,0,0,0,0,0,0,0,0
yune,track-a-comparison,luna_pinyin,key_sequence_process_with_context,ni,21,2,2,84200,6,79900,196,14,400,14,100,300,900,100,100,14,0,5,1,1400,5,1,100,2,0,10,4,2,14,14,14,0,0,2,1600,7,1,22400,7,0,0,0,0,2,1,2,200,27,12,42,300,0,0,0,0,0,0,0,0,0,0,0,0,0,0,0,0,0,0,0,0,0,0,0,0,0,0,0,0,0,0,0,0,0,0,0,0,0,0,0,0,0,0,0,0,0,0,0,0,0,0,0,0,0,0,0,0,0,0,14,14,14,24800,200,3700,4800,0,0,0,0,0,0,0,0
yune,track-a-comparison,luna_pinyin,key_sequence_process_with_context,ni,22,2,2,84500,6,80200,196,14,400,14,0,200,900,0,200,14,0,5,1,1400,5,1,100,2,0,10,4,2,14,14,14,0,0,2,1700,7,1,22500,7,0,0,0,0,2,1,2,400,27,12,42,300,0,0,0,0,0,0,0,0,0,0,0,0,0,0,0,0,0,0,0,0,0,0,0,0,0,0,0,0,0,0,0,0,0,0,0,0,0,0,0,0,0,0,0,0,0,0,0,0,0,0,0,0,0,0,0,0,0,0,14,14,14,25000,200,3600,4900,0,0,0,0,0,0,0,0
yune,track-a-comparison,luna_pinyin,key_sequence_process_with_context,ni,23,2,2,87000,6,82700,196,14,400,14,0,400,1000,100,100,14,0,5,1,1400,5,1,100,2,0,10,4,2,14,14,14,0,0,2,1700,7,1,22600,7,0,0,0,0,2,1,2,200,27,12,42,600,0,0,0,0,0,0,0,0,0,0,0,0,0,0,0,0,0,0,0,0,0,0,0,0,0,0,0,0,0,0,0,0,0,0,0,0,0,0,0,0,0,0,0,0,0,0,0,0,0,0,0,0,0,0,0,0,0,0,14,14,14,25000,100,3500,4900,0,0,0,0,0,0,0,0
yune,track-a-comparison,luna_pinyin,key_sequence_process_with_context,ni,24,2,2,84200,6,79900,196,14,500,14,100,300,900,100,200,14,0,5,1,1400,5,1,100,2,0,10,4,2,14,14,14,0,0,2,1500,7,1,22400,7,0,0,0,0,2,1,2,300,27,12,42,700,0,0,0,0,0,0,0,0,0,0,0,0,0,0,0,0,0,0,0,0,0,0,0,0,0,0,0,0,0,0,0,0,0,0,0,0,0,0,0,0,0,0,0,0,0,0,0,0,0,0,0,0,0,0,0,0,0,0,14,14,14,24900,0,3600,4700,0,0,0,0,0,0,0,0
yune,track-a-comparison,luna_pinyin,key_sequence_process_with_context,ni,25,2,2,84400,6,80000,196,14,600,14,0,300,900,100,100,14,0,5,1,1400,5,1,100,2,0,10,4,2,14,14,14,0,0,2,1600,7,1,22500,7,0,0,0,0,2,1,2,400,27,12,42,200,0,0,0,0,0,0,0,0,0,0,0,0,0,0,0,0,0,0,0,0,0,0,0,0,0,0,0,0,0,0,0,0,0,0,0,0,0,0,0,0,0,0,0,0,0,0,0,0,0,0,0,0,0,0,0,0,0,0,14,14,14,24800,0,3700,4800,0,0,0,0,0,0,0,0
yune,track-a-comparison,luna_pinyin,key_sequence_process_with_context,ni,26,2,2,84700,6,80400,196,14,400,14,100,300,900,0,200,14,0,5,1,1400,5,1,200,2,0,10,4,2,14,14,14,0,0,2,1700,7,1,22600,7,0,0,0,0,2,1,2,200,27,12,42,400,0,0,0,0,0,0,0,0,0,0,0,0,0,0,0,0,0,0,0,0,0,0,0,0,0,0,0,0,0,0,0,0,0,0,0,0,0,0,0,0,0,0,0,0,0,0,0,0,0,0,0,0,0,0,0,0,0,0,14,14,14,25100,200,3600,4900,0,0,0,0,0,0,0,0
yune,track-a-comparison,luna_pinyin,key_sequence_process_with_context,ni,27,2,2,84800,6,80400,196,14,400,14,100,400,900,100,200,14,0,5,1,1900,5,1,100,2,0,10,4,2,14,14,14,0,0,2,1600,7,1,22500,7,0,0,0,0,2,1,2,300,27,12,42,300,0,0,0,0,0,0,0,0,0,0,0,0,0,0,0,0,0,0,0,0,0,0,0,0,0,0,0,0,0,0,0,0,0,0,0,0,0,0,0,0,0,0,0,0,0,0,0,0,0,0,0,0,0,0,0,0,0,0,14,14,14,25100,200,3700,5100,0,0,0,0,0,0,0,0
yune,track-a-comparison,luna_pinyin,key_sequence_process_with_context,ni,28,2,2,84300,6,79900,196,14,300,14,100,300,900,100,100,14,0,5,1,1400,5,1,100,2,0,10,4,2,14,14,14,0,0,2,1500,7,1,22400,7,0,0,0,0,2,1,2,300,27,12,42,400,0,0,0,0,0,0,0,0,0,0,0,0,0,0,0,0,0,0,0,0,0,0,0,0,0,0,0,0,0,0,0,0,0,0,0,0,0,0,0,0,0,0,0,0,0,0,0,0,0,0,0,0,0,0,0,0,0,0,14,14,14,25100,100,3600,4700,0,0,0,0,0,0,0,0
yune,track-a-comparison,luna_pinyin,key_sequence_process_with_context,ni,29,2,2,84700,6,80500,196,14,400,14,0,400,800,0,300,14,0,5,1,1400,5,1,100,2,0,10,4,2,14,14,14,0,0,2,1700,7,1,22600,7,0,0,0,0,2,1,2,400,27,12,42,600,0,0,0,0,0,0,0,0,0,0,0,0,0,0,0,0,0,0,0,0,0,0,0,0,0,0,0,0,0,0,0,0,0,0,0,0,0,0,0,0,0,0,0,0,0,0,0,0,0,0,0,0,0,0,0,0,0,0,14,14,14,25100,0,3600,4900,0,0,0,0,0,0,0,0
yune,track-a-comparison,luna_pinyin,key_sequence_process_with_context,ni,30,2,2,84600,6,80300,196,14,400,14,0,300,1000,0,300,14,0,5,1,1400,5,1,100,2,0,10,4,2,14,14,14,0,0,2,1600,7,1,22600,7,0,0,0,0,2,1,2,300,27,12,42,300,0,0,0,0,0,0,0,0,0,0,0,0,0,0,0,0,0,0,0,0,0,0,0,0,0,0,0,0,0,0,0,0,0,0,0,0,0,0,0,0,0,0,0,0,0,0,0,0,0,0,0,0,0,0,0,0,0,0,14,14,14,25100,200,3700,4900,0,0,0,0,0,0,0,0
yune,track-a-comparison,luna_pinyin,key_sequence_process_with_context,ni,31,2,2,84300,6,80000,196,14,200,14,0,200,900,0,200,14,0,5,1,1400,5,1,100,2,0,10,4,2,14,14,14,0,0,2,1700,7,1,22500,7,0,0,0,0,2,1,2,400,27,12,42,300,0,0,0,0,0,0,0,0,0,0,0,0,0,0,0,0,0,0,0,0,0,0,0,0,0,0,0,0,0,0,0,0,0,0,0,0,0,0,0,0,0,0,0,0,0,0,0,0,0,0,0,0,0,0,0,0,0,0,14,14,14,25000,200,3700,4800,0,0,0,0,0,0,0,0
yune,track-a-comparison,luna_pinyin,key_sequence_process_with_context,ni,32,2,2,86300,6,81900,196,14,400,14,0,300,900,100,100,14,0,5,1,1400,5,1,100,2,0,10,4,2,14,14,14,0,0,2,3300,7,1,22800,7,0,0,0,0,2,1,2,400,27,12,42,400,0,0,0,0,0,0,0,0,0,0,0,0,0,0,0,0,0,0,0,0,0,0,0,0,0,0,0,0,0,0,0,0,0,0,0,0,0,0,0,0,0,0,0,0,0,0,0,0,0,0,0,0,0,0,0,0,0,0,14,14,14,27000,200,3700,4900,0,0,0,0,0,0,0,0
yune,track-a-comparison,luna_pinyin,key_sequence_process_with_context,ni,33,2,2,84400,6,80200,196,14,300,14,100,400,1000,100,100,14,0,5,1,1300,5,1,100,2,0,10,4,2,14,14,14,0,0,2,1600,7,1,22600,7,0,0,0,0,2,1,2,400,27,12,42,300,0,0,0,0,0,0,0,0,0,0,0,0,0,0,0,0,0,0,0,0,0,0,0,0,0,0,0,0,0,0,0,0,0,0,0,0,0,0,0,0,0,0,0,0,0,0,0,0,0,0,0,0,0,0,0,0,0,0,14,14,14,25000,100,3600,4800,0,0,0,0,0,0,0,0
yune,track-a-comparison,luna_pinyin,key_sequence_process_with_context,ni,34,2,2,84200,6,80100,196,14,500,14,200,300,900,0,200,14,0,5,1,1400,5,1,100,2,0,10,4,2,14,14,14,0,0,2,1600,7,1,22400,7,0,0,0,0,2,1,2,400,27,12,42,400,0,0,0,0,0,0,0,0,0,0,0,0,0,0,0,0,0,0,0,0,0,0,0,0,0,0,0,0,0,0,0,0,0,0,0,0,0,0,0,0,0,0,0,0,0,0,0,0,0,0,0,0,0,0,0,0,0,0,14,14,14,25000,100,3700,4900,0,0,0,0,0,0,0,0
yune,track-a-comparison,luna_pinyin,key_sequence_process_with_context,ni,35,2,2,84600,6,80300,196,14,400,14,100,400,800,0,300,14,0,5,1,1400,5,1,100,2,0,10,4,2,14,14,14,0,0,2,1700,7,1,22700,7,0,0,0,0,2,1,2,400,27,12,42,600,0,0,0,0,0,0,0,0,0,0,0,0,0,0,0,0,0,0,0,0,0,0,0,0,0,0,0,0,0,0,0,0,0,0,0,0,0,0,0,0,0,0,0,0,0,0,0,0,0,0,0,0,0,0,0,0,0,0,14,14,14,25100,200,3600,4900,0,0,0,0,0,0,0,0
yune,track-a-comparison,luna_pinyin,key_sequence_process_with_context,ni,36,2,2,84500,6,80100,196,14,500,14,200,300,800,0,300,14,0,5,1,1400,5,1,100,2,0,10,4,2,14,14,14,0,0,2,1600,7,1,22500,7,0,0,0,0,2,1,2,200,27,12,42,700,0,0,0,0,0,0,0,0,0,0,0,0,0,0,0,0,0,0,0,0,0,0,0,0,0,0,0,0,0,0,0,0,0,0,0,0,0,0,0,0,0,0,0,0,0,0,0,0,0,0,0,0,0,0,0,0,0,0,14,14,14,24900,200,3700,4900,0,0,0,0,0,0,0,0
yune,track-a-comparison,luna_pinyin,key_sequence_process_with_context,ni,37,2,2,84400,6,80100,196,14,400,14,100,400,900,100,200,14,0,5,1,1400,5,1,200,2,0,10,4,2,14,14,14,0,0,2,1600,7,1,22600,7,0,0,0,0,2,1,2,400,27,12,42,500,0,0,0,0,0,0,0,0,0,0,0,0,0,0,0,0,0,0,0,0,0,0,0,0,0,0,0,0,0,0,0,0,0,0,0,0,0,0,0,0,0,0,0,0,0,0,0,0,0,0,0,0,0,0,0,0,0,0,14,14,14,25100,100,3600,4800,0,0,0,0,0,0,0,0
yune,track-a-comparison,luna_pinyin,key_sequence_process_with_context,ni,38,2,2,85500,6,81200,196,14,400,14,100,400,800,0,200,14,0,5,1,1400,5,1,100,2,0,10,4,2,14,14,14,0,0,2,1700,7,1,22800,7,0,0,0,0,2,1,2,300,27,12,42,600,0,0,0,0,0,0,0,0,0,0,0,0,0,0,0,0,0,0,0,0,0,0,0,0,0,0,0,0,0,0,0,0,0,0,0,0,0,0,0,0,0,0,0,0,0,0,0,0,0,0,0,0,0,0,0,0,0,0,14,14,14,25300,100,3800,4900,0,0,0,0,0,0,0,0
yune,track-a-comparison,luna_pinyin,key_sequence_process_with_context,ni,39,2,2,86300,6,81900,196,14,500,14,100,300,1000,100,200,14,0,5,1,1400,5,1,100,2,0,10,4,2,14,14,14,0,0,2,1700,7,1,23800,7,0,0,0,0,2,1,2,300,27,12,42,600,0,0,0,0,0,0,0,0,0,0,0,0,0,0,0,0,0,0,0,0,0,0,0,0,0,0,0,0,0,0,0,0,0,0,0,0,0,0,0,0,0,0,0,0,0,0,0,0,0,0,0,0,0,0,0,0,0,0,14,14,14,26300,200,3600,4900,0,0,0,0,0,0,0,0
yune,track-a-comparison,luna_pinyin,key_sequence_process_with_context,ni,40,2,2,86200,6,81700,196,14,600,14,0,300,1100,200,100,14,0,5,1,1500,5,1,100,2,0,10,4,2,14,14,14,0,0,2,1500,7,1,23700,7,0,0,0,0,2,1,2,300,27,12,42,400,0,0,0,0,0,0,0,0,0,0,0,0,0,0,0,0,0,0,0,0,0,0,0,0,0,0,0,0,0,0,0,0,0,0,0,0,0,0,0,0,0,0,0,0,0,0,0,0,0,0,0,0,0,0,0,0,0,0,14,14,14,26200,0,3700,4800,0,0,0,0,0,0,0,0
yune,track-a-comparison,luna_pinyin,key_sequence_process_with_context,ni,41,2,2,85800,6,81300,196,14,300,14,0,300,1000,0,100,14,0,5,1,1400,5,1,100,2,0,10,4,2,14,14,14,0,0,2,1600,7,1,23600,7,0,0,0,0,2,1,2,300,27,12,42,400,0,0,0,0,0,0,0,0,0,0,0,0,0,0,0,0,0,0,0,0,0,0,0,0,0,0,0,0,0,0,0,0,0,0,0,0,0,0,0,0,0,0,0,0,0,0,0,0,0,0,0,0,0,0,0,0,0,0,14,14,14,26200,200,3700,4700,0,0,0,0,0,0,0,0
yune,track-a-comparison,luna_pinyin,key_sequence_process_with_context,ni,42,2,2,85400,6,81100,196,14,300,14,100,400,1000,100,100,14,0,5,1,1400,5,1,100,2,0,10,4,2,14,14,14,0,0,2,1700,7,1,23400,7,0,0,0,0,2,1,2,400,27,12,42,300,0,0,0,0,0,0,0,0,0,0,0,0,0,0,0,0,0,0,0,0,0,0,0,0,0,0,0,0,0,0,0,0,0,0,0,0,0,0,0,0,0,0,0,0,0,0,0,0,0,0,0,0,0,0,0,0,0,0,14,14,14,25800,200,3700,4900,0,0,0,0,0,0,0,0
yune,track-a-comparison,luna_pinyin,key_sequence_process_with_context,ni,43,2,2,84500,6,80300,196,14,300,14,100,300,800,0,200,14,0,5,1,1400,5,1,100,2,0,10,4,2,14,14,14,0,0,2,1600,7,1,22400,7,0,0,0,0,2,1,2,300,27,12,42,500,0,0,0,0,0,0,0,0,0,0,0,0,0,0,0,0,0,0,0,0,0,0,0,0,0,0,0,0,0,0,0,0,0,0,0,0,0,0,0,0,0,0,0,0,0,0,0,0,0,0,0,0,0,0,0,0,0,0,14,14,14,24900,200,3600,4800,0,0,0,0,0,0,0,0
yune,track-a-comparison,luna_pinyin,key_sequence_process_with_context,ni,44,2,2,84400,6,80200,196,14,300,14,200,200,800,0,200,14,0,5,1,1400,5,1,100,2,0,10,4,2,14,14,14,0,0,2,1600,7,1,22600,7,0,0,0,0,2,1,2,200,27,12,42,400,0,0,0,0,0,0,0,0,0,0,0,0,0,0,0,0,0,0,0,0,0,0,0,0,0,0,0,0,0,0,0,0,0,0,0,0,0,0,0,0,0,0,0,0,0,0,0,0,0,0,0,0,0,0,0,0,0,0,14,14,14,25000,200,3500,4800,0,0,0,0,0,0,0,0
yune,track-a-comparison,luna_pinyin,key_sequence_process_with_context,ni,45,2,2,84100,6,79800,196,14,400,14,200,300,800,0,300,14,0,5,1,1400,5,1,100,2,0,10,4,2,14,14,14,0,0,2,1600,7,1,22300,7,0,0,0,0,2,1,2,400,27,12,42,300,0,0,0,0,0,0,0,0,0,0,0,0,0,0,0,0,0,0,0,0,0,0,0,0,0,0,0,0,0,0,0,0,0,0,0,0,0,0,0,0,0,0,0,0,0,0,0,0,0,0,0,0,0,0,0,0,0,0,14,14,14,24700,100,3500,4900,0,0,0,0,0,0,0,0
yune,track-a-comparison,luna_pinyin,key_sequence_process_with_context,ni,46,2,2,84600,6,80200,196,14,400,14,0,200,900,100,100,14,0,5,1,1400,5,1,100,2,0,10,4,2,14,14,14,0,0,2,1500,7,1,22700,7,0,0,0,0,2,1,2,300,27,12,42,300,0,0,0,0,0,0,0,0,0,0,0,0,0,0,0,0,0,0,0,0,0,0,0,0,0,0,0,0,0,0,0,0,0,0,0,0,0,0,0,0,0,0,0,0,0,0,0,0,0,0,0,0,0,0,0,0,0,0,14,14,14,25200,200,3700,4800,0,0,0,0,0,0,0,0
yune,track-a-comparison,luna_pinyin,key_sequence_process_with_context,ni,47,2,2,84700,6,80300,196,14,500,14,0,300,1000,200,100,14,0,5,1,1800,5,1,200,2,0,10,4,2,14,14,14,0,0,2,1700,7,1,22600,7,0,0,0,0,2,1,2,400,27,12,42,600,0,0,0,0,0,0,0,0,0,0,0,0,0,0,0,0,0,0,0,0,0,0,0,0,0,0,0,0,0,0,0,0,0,0,0,0,0,0,0,0,0,0,0,0,0,0,0,0,0,0,0,0,0,0,0,0,0,0,14,14,14,25000,100,3600,4800,0,0,0,0,0,0,0,0
yune,track-a-comparison,luna_pinyin,key_sequence_process_with_context,ni,48,2,2,84800,6,80500,196,14,400,14,0,200,900,100,200,14,0,5,1,1400,5,1,100,2,0,10,4,2,14,14,14,0,0,2,1600,7,1,22700,7,0,0,0,0,2,1,2,400,27,12,42,400,0,0,0,0,0,0,0,0,0,0,0,0,0,0,0,0,0,0,0,0,0,0,0,0,0,0,0,0,0,0,0,0,0,0,0,0,0,0,0,0,0,0,0,0,0,0,0,0,0,0,0,0,0,0,0,0,0,0,14,14,14,25100,100,3600,4700,0,0,0,0,0,0,0,0
yune,track-a-comparison,luna_pinyin,key_sequence_process_with_context,ni,49,2,2,115900,6,111400,196,14,400,14,100,200,900,0,300,14,0,5,1,1500,5,1,200,2,0,10,4,2,14,14,14,0,0,2,1600,7,1,22500,7,0,0,0,0,2,1,2,200,27,12,42,300,0,0,0,0,0,0,0,0,0,0,0,0,0,0,0,0,0,0,0,0,0,0,0,0,0,0,0,0,0,0,0,0,0,0,0,0,0,0,0,0,0,0,0,0,0,0,0,0,0,0,0,0,0,0,0,0,0,0,14,14,14,25000,200,3700,5000,0,0,0,0,0,0,0,0
yune,track-a-comparison,luna_pinyin,key_sequence_process_with_context,ni,50,2,2,85300,6,81100,196,14,400,14,100,300,900,100,200,14,0,5,1,1400,5,1,100,2,0,10,4,2,14,14,14,0,0,2,1700,7,1,22900,7,0,0,0,0,2,1,2,400,27,12,42,300,0,0,0,0,0,0,0,0,0,0,0,0,0,0,0,0,0,0,0,0,0,0,0,0,0,0,0,0,0,0,0,0,0,0,0,0,0,0,0,0,0,0,0,0,0,0,0,0,0,0,0,0,0,0,0,0,0,0,14,14,14,25500,200,3600,4800,0,0,0,0,0,0,0,0
yune,track-a-comparison,luna_pinyin,key_sequence_process_with_context,ni,51,2,2,87900,6,83600,196,14,300,14,100,300,900,100,200,14,0,5,1,1400,5,1,100,2,0,10,4,2,14,14,14,0,0,2,1600,7,1,25700,7,0,0,0,0,2,1,2,400,27,12,42,300,0,0,0,0,0,0,0,0,0,0,0,0,0,0,0,0,0,0,0,0,0,0,0,0,0,0,0,0,0,0,0,0,0,0,0,0,0,0,0,0,0,0,0,0,0,0,0,0,0,0,0,0,0,0,0,0,0,0,14,14,14,28100,200,3600,4800,0,0,0,0,0,0,0,0
yune,track-a-comparison,luna_pinyin,key_sequence_process_with_context,ni,52,2,2,85700,6,81400,196,14,400,14,100,300,800,0,200,14,0,5,1,1400,5,1,100,2,0,10,4,2,14,14,14,0,0,2,1700,7,1,23300,7,0,0,0,0,2,1,2,300,27,12,42,600,0,0,0,0,0,0,0,0,0,0,0,0,0,0,0,0,0,0,0,0,0,0,0,0,0,0,0,0,0,0,0,0,0,0,0,0,0,0,0,0,0,0,0,0,0,0,0,0,0,0,0,0,0,0,0,0,0,0,14,14,14,25800,200,3600,4900,0,0,0,0,0,0,0,0
yune,track-a-comparison,luna_pinyin,key_sequence_process_with_context,ni,53,2,2,85700,6,81600,196,14,400,14,0,400,1000,0,100,14,0,5,1,1400,5,1,100,2,0,10,4,2,14,14,14,0,0,2,1600,7,1,23400,7,0,0,0,0,2,1,2,300,27,12,42,300,0,0,0,0,0,0,0,0,0,0,0,0,0,0,0,0,0,0,0,0,0,0,0,0,0,0,0,0,0,0,0,0,0,0,0,0,0,0,0,0,0,0,0,0,0,0,0,0,0,0,0,0,0,0,0,0,0,0,14,14,14,25800,200,3700,4800,0,0,0,0,0,0,0,0
yune,track-a-comparison,luna_pinyin,key_sequence_process_with_context,ni,54,2,2,87000,6,82900,196,14,600,14,0,200,900,100,200,14,0,5,1,1400,5,1,100,2,0,10,4,2,14,14,14,0,0,2,1600,7,1,23200,7,0,0,0,0,2,1,2,400,27,12,42,400,0,0,0,0,0,0,0,0,0,0,0,0,0,0,0,0,0,0,0,0,0,0,0,0,0,0,0,0,0,0,0,0,0,0,0,0,0,0,0,0,0,0,0,0,0,0,0,0,0,0,0,0,0,0,0,0,0,0,14,14,14,25600,0,3600,4800,0,0,0,0,0,0,0,0
yune,track-a-comparison,luna_pinyin,key_sequence_process_with_context,ni,55,2,2,86700,6,82500,196,14,500,14,200,300,1000,0,100,14,0,5,1,1300,5,1,100,2,0,10,4,2,14,14,14,0,0,2,1700,7,1,22600,7,0,0,0,0,2,1,2,400,27,12,42,300,0,0,0,0,0,0,0,0,0,0,0,0,0,0,0,0,0,0,0,0,0,0,0,0,0,0,0,0,0,0,0,0,0,0,0,0,0,0,0,0,0,0,0,0,0,0,0,0,0,0,0,0,0,0,0,0,0,0,14,14,14,25200,100,3700,4900,0,0,0,0,0,0,0,0
yune,track-a-comparison,luna_pinyin,key_sequence_process_with_context,ni,56,2,2,85700,6,81400,196,14,300,14,0,300,1000,0,200,14,0,5,1,1400,5,1,100,2,0,10,4,2,14,14,14,0,0,2,1600,7,1,22700,7,0,0,0,0,2,1,2,400,27,12,42,300,0,0,0,0,0,0,0,0,0,0,0,0,0,0,0,0,0,0,0,0,0,0,0,0,0,0,0,0,0,0,0,0,0,0,0,0,0,0,0,0,0,0,0,0,0,0,0,0,0,0,0,0,0,0,0,0,0,0,14,14,14,25400,100,3600,4700,0,0,0,0,0,0,0,0
yune,track-a-comparison,luna_pinyin,key_sequence_process_with_context,ni,57,2,2,85000,6,80800,196,14,400,14,100,300,900,0,300,14,0,5,1,1400,5,1,100,2,0,10,4,2,14,14,14,0,0,2,1600,7,1,22600,7,0,0,0,0,2,1,2,200,27,12,42,600,0,0,0,0,0,0,0,0,0,0,0,0,0,0,0,0,0,0,0,0,0,0,0,0,0,0,0,0,0,0,0,0,0,0,0,0,0,0,0,0,0,0,0,0,0,0,0,0,0,0,0,0,0,0,0,0,0,0,14,14,14,25100,100,3700,4900,0,0,0,0,0,0,0,0
yune,track-a-comparison,luna_pinyin,key_sequence_process_with_context,ni,58,2,2,85100,6,80700,196,14,400,14,100,300,800,0,100,14,0,5,1,1500,5,1,100,2,0,10,4,2,14,14,14,0,0,2,1700,7,1,22700,7,0,0,0,0,2,1,2,300,27,12,42,300,0,0,0,0,0,0,0,0,0,0,0,0,0,0,0,0,0,0,0,0,0,0,0,0,0,0,0,0,0,0,0,0,0,0,0,0,0,0,0,0,0,0,0,0,0,0,0,0,0,0,0,0,0,0,0,0,0,0,14,14,14,25200,200,3600,4800,0,0,0,0,0,0,0,0
yune,track-a-comparison,luna_pinyin,key_sequence_process_with_context,ni,59,2,2,84300,6,80000,196,14,400,14,0,300,900,0,200,14,0,5,1,1600,5,1,100,2,0,10,4,2,14,14,14,0,0,2,1600,7,1,22600,7,0,0,0,0,2,1,2,400,27,12,42,300,0,0,0,0,0,0,0,0,0,0,0,0,0,0,0,0,0,0,0,0,0,0,0,0,0,0,0,0,0,0,0,0,0,0,0,0,0,0,0,0,0,0,0,0,0,0,0,0,0,0,0,0,0,0,0,0,0,0,14,14,14,25200,200,3700,4700,0,0,0,0,0,0,0,0
yune,track-a-comparison,luna_pinyin,key_sequence_process_with_context,ni,60,2,2,84700,6,80500,196,14,500,14,0,200,1000,0,200,14,0,5,1,1400,5,1,100,2,0,10,4,2,14,14,14,0,0,2,1600,7,1,22500,7,0,0,0,0,2,1,2,300,27,12,42,300,0,0,0,0,0,0,0,0,0,0,0,0,0,0,0,0,0,0,0,0,0,0,0,0,0,0,0,0,0,0,0,0,0,0,0,0,0,0,0,0,0,0,0,0,0,0,0,0,0,0,0,0,0,0,0,0,0,0,14,14,14,25100,0,3600,4700,0,0,0,0,0,0,0,0
yune,track-a-comparison,luna_pinyin,key_sequence_process_with_context,ni,61,2,2,84800,6,80400,196,14,400,14,0,300,900,0,200,14,0,5,1,1300,5,1,100,2,0,10,4,2,14,14,14,0,0,2,1700,7,1,22800,7,0,0,0,0,2,1,2,400,27,12,42,300,0,0,0,0,0,0,0,0,0,0,0,0,0,0,0,0,0,0,0,0,0,0,0,0,0,0,0,0,0,0,0,0,0,0,0,0,0,0,0,0,0,0,0,0,0,0,0,0,0,0,0,0,0,0,0,0,0,0,14,14,14,25200,100,3700,4800,0,0,0,0,0,0,0,0
yune,track-a-comparison,luna_pinyin,key_sequence_process_with_context,ni,62,2,2,84600,6,80300,196,14,500,14,0,300,1000,100,100,14,0,5,1,1300,5,1,100,2,0,10,4,2,14,14,14,0,0,2,1600,7,1,22800,7,0,0,0,0,2,1,2,200,27,12,42,300,0,0,0,0,0,0,0,0,0,0,0,0,0,0,0,0,0,0,0,0,0,0,0,0,0,0,0,0,0,0,0,0,0,0,0,0,0,0,0,0,0,0,0,0,0,0,0,0,0,0,0,0,0,0,0,0,0,0,14,14,14,25300,100,3700,4900,0,0,0,0,0,0,0,0
yune,track-a-comparison,luna_pinyin,key_sequence_process_with_context,ni,63,2,2,86700,6,82500,196,14,500,14,100,300,900,100,200,14,0,5,1,1400,5,1,100,2,0,10,4,2,14,14,14,0,0,2,1800,7,1,23600,7,0,0,0,0,2,1,2,300,27,12,42,300,0,0,0,0,0,0,0,0,0,0,0,0,0,0,0,0,0,0,0,0,0,0,0,0,0,0,0,0,0,0,0,0,0,0,0,0,0,0,0,0,0,0,0,0,0,0,0,0,0,0,0,0,0,0,0,0,0,0,14,14,14,26200,100,3700,4900,0,0,0,0,0,0,0,0
yune,track-a-comparison,luna_pinyin,key_sequence_process_with_context,ni,64,2,2,86300,6,82100,196,14,500,14,0,300,1000,0,200,14,0,5,1,1400,5,1,100,2,0,10,4,2,14,14,14,0,0,2,1700,7,1,23500,7,0,0,0,0,2,1,2,400,27,12,42,300,0,0,0,0,0,0,0,0,0,0,0,0,0,0,0,0,0,0,0,0,0,0,0,0,0,0,0,0,0,0,0,0,0,0,0,0,0,0,0,0,0,0,0,0,0,0,0,0,0,0,0,0,0,0,0,0,0,0,14,14,14,26100,100,3700,4800,0,0,0,0,0,0,0,0
yune,track-a-comparison,luna_pinyin,key_sequence_process_with_context,ni,65,2,2,86500,6,82200,196,14,300,14,0,400,1000,200,100,14,0,5,1,1300,5,1,100,2,0,10,4,2,14,14,14,0,0,2,1600,7,1,23700,7,0,0,0,0,2,1,2,400,27,12,42,300,0,0,0,0,0,0,0,0,0,0,0,0,0,0,0,0,0,0,0,0,0,0,0,0,0,0,0,0,0,0,0,0,0,0,0,0,0,0,0,0,0,0,0,0,0,0,0,0,0,0,0,0,0,0,0,0,0,0,14,14,14,26200,200,3800,4900,0,0,0,0,0,0,0,0
yune,track-a-comparison,luna_pinyin,key_sequence_process_with_context,ni,66,2,2,88700,6,84200,196,14,500,14,100,400,1000,100,100,14,0,5,1,1400,5,1,100,2,0,10,4,2,14,14,14,0,0,2,1700,7,1,23400,7,0,0,0,0,2,1,2,400,27,12,42,600,0,0,0,0,0,0,0,0,0,0,0,0,0,0,0,0,0,0,0,0,0,0,0,0,0,0,0,0,0,0,0,0,0,0,0,0,0,0,0,0,0,0,0,0,0,0,0,0,0,0,0,0,0,0,0,0,0,0,14,14,14,25900,0,3700,4900,0,0,0,0,0,0,0,0
yune,track-a-comparison,luna_pinyin,key_sequence_process_with_context,ni,67,2,2,85100,6,80900,196,14,400,14,0,200,900,0,200,14,0,5,1,1400,5,1,100,2,0,10,4,2,14,14,14,0,0,2,1600,7,1,22400,7,0,0,0,0,2,1,2,400,27,12,42,600,0,0,0,0,0,0,0,0,0,0,0,0,0,0,0,0,0,0,0,0,0,0,0,0,0,0,0,0,0,0,0,0,0,0,0,0,0,0,0,0,0,0,0,0,0,0,0,0,0,0,0,0,0,0,0,0,0,0,14,14,14,24900,200,3700,5000,0,0,0,0,0,0,0,0
yune,track-a-comparison,luna_pinyin,key_sequence_process_with_context,ni,68,2,2,85200,6,81000,196,14,400,14,100,400,800,0,100,14,0,5,1,1400,5,1,100,2,0,10,4,2,14,14,14,0,0,2,1500,7,1,22700,7,0,0,0,0,2,1,2,300,27,12,42,300,0,0,0,0,0,0,0,0,0,0,0,0,0,0,0,0,0,0,0,0,0,0,0,0,0,0,0,0,0,0,0,0,0,0,0,0,0,0,0,0,0,0,0,0,0,0,0,0,0,0,0,0,0,0,0,0,0,0,14,14,14,25300,200,3700,4900,0,0,0,0,0,0,0,0
yune,track-a-comparison,luna_pinyin,key_sequence_process_with_context,ni,69,2,2,84800,6,80400,196,14,400,14,0,300,1000,100,200,14,0,5,1,1300,5,1,100,2,0,10,4,2,14,14,14,0,0,2,1700,7,1,22500,7,0,0,0,0,2,1,2,400,27,12,42,500,0,0,0,0,0,0,0,0,0,0,0,0,0,0,0,0,0,0,0,0,0,0,0,0,0,0,0,0,0,0,0,0,0,0,0,0,0,0,0,0,0,0,0,0,0,0,0,0,0,0,0,0,0,0,0,0,0,0,14,14,14,24900,0,3700,4700,0,0,0,0,0,0,0,0
yune,track-a-comparison,luna_pinyin,key_sequence_process_with_context,ni,70,2,2,85000,6,80600,196,14,500,14,100,200,900,0,300,14,0,5,1,1400,5,1,100,2,0,10,4,2,14,14,14,0,0,2,1500,7,1,22700,7,0,0,0,0,2,1,2,200,27,12,42,700,0,0,0,0,0,0,0,0,0,0,0,0,0,0,0,0,0,0,0,0,0,0,0,0,0,0,0,0,0,0,0,0,0,0,0,0,0,0,0,0,0,0,0,0,0,0,0,0,0,0,0,0,0,0,0,0,0,0,14,14,14,25100,100,3700,4900,0,0,0,0,0,0,0,0
yune,track-a-comparison,luna_pinyin,key_sequence_process_with_context,ni,71,2,2,84600,6,80400,196,14,500,14,100,400,900,100,200,14,0,5,1,1300,5,1,100,2,0,10,4,2,14,14,14,0,0,2,1600,7,1,22400,7,0,0,0,0,2,1,2,300,27,12,42,300,0,0,0,0,0,0,0,0,0,0,0,0,0,0,0,0,0,0,0,0,0,0,0,0,0,0,0,0,0,0,0,0,0,0,0,0,0,0,0,0,0,0,0,0,0,0,0,0,0,0,0,0,0,0,0,0,0,0,14,14,14,25000,200,3800,4900,0,0,0,0,0,0,0,0
yune,track-a-comparison,luna_pinyin,key_sequence_process_with_context,ni,72,2,2,84800,6,80400,196,14,300,14,100,300,900,0,200,14,0,5,1,1400,5,1,100,2,0,10,4,2,14,14,14,0,0,2,1500,7,1,22600,7,0,0,0,0,2,1,2,300,27,12,42,300,0,0,0,0,0,0,0,0,0,0,0,0,0,0,0,0,0,0,0,0,0,0,0,0,0,0,0,0,0,0,0,0,0,0,0,0,0,0,0,0,0,0,0,0,0,0,0,0,0,0,0,0,0,0,0,0,0,0,14,14,14,25300,200,3700,4800,0,0,0,0,0,0,0,0
yune,track-a-comparison,luna_pinyin,key_sequence_process_with_context,ni,73,2,2,85400,6,81000,196,14,400,14,0,400,900,100,300,14,0,5,1,1400,5,1,100,2,0,10,4,2,14,14,14,0,0,2,1600,7,1,23100,7,0,0,0,0,2,1,2,300,27,12,42,400,0,0,0,0,0,0,0,0,0,0,0,0,0,0,0,0,0,0,0,0,0,0,0,0,0,0,0,0,0,0,0,0,0,0,0,0,0,0,0,0,0,0,0,0,0,0,0,0,0,0,0,0,0,0,0,0,0,0,14,14,14,25600,200,3700,4800,0,0,0,0,0,0,0,0
yune,track-a-comparison,luna_pinyin,key_sequence_process_with_context,ni,74,2,2,84900,6,80700,196,14,400,14,0,300,1000,0,100,14,0,5,1,1300,5,1,100,2,0,10,4,2,14,14,14,0,0,2,1700,7,1,22700,7,0,0,0,0,2,1,2,300,27,12,42,400,0,0,0,0,0,0,0,0,0,0,0,0,0,0,0,0,0,0,0,0,0,0,0,0,0,0,0,0,0,0,0,0,0,0,0,0,0,0,0,0,0,0,0,0,0,0,0,0,0,0,0,0,0,0,0,0,0,0,14,14,14,25400,100,3600,4800,0,0,0,0,0,0,0,0
yune,track-a-comparison,luna_pinyin,key_sequence_process_with_context,ni,75,2,2,107200,6,102300,196,14,400,14,0,300,1000,0,200,14,0,5,1,1500,5,1,100,2,0,10,4,2,14,14,14,0,0,2,1700,7,1,24200,7,0,0,0,0,2,1,2,400,27,12,42,500,0,0,0,0,0,0,0,0,0,0,0,0,0,0,0,0,0,0,0,0,0,0,0,0,0,0,0,0,0,0,0,0,0,0,0,0,0,0,0,0,0,0,0,0,0,0,0,0,0,0,0,0,0,0,0,0,0,0,14,14,14,26600,100,3600,5000,0,0,0,0,0,0,0,0
yune,track-a-comparison,luna_pinyin,key_sequence_process_with_context,ni,76,2,2,86300,6,82100,196,14,400,14,0,400,900,100,100,14,0,5,1,1400,5,1,100,2,0,10,4,2,14,14,14,0,0,2,1600,7,1,24000,7,0,0,0,0,2,1,2,300,27,12,42,600,0,0,0,0,0,0,0,0,0,0,0,0,0,0,0,0,0,0,0,0,0,0,0,0,0,0,0,0,0,0,0,0,0,0,0,0,0,0,0,0,0,0,0,0,0,0,0,0,0,0,0,0,0,0,0,0,0,0,14,14,14,26500,200,3700,4900,0,0,0,0,0,0,0,0
yune,track-a-comparison,luna_pinyin,key_sequence_process_with_context,ni,77,2,2,85800,6,81600,196,14,600,14,200,400,900,100,200,14,0,5,1,1400,5,1,100,2,0,10,4,2,14,14,14,0,0,2,1700,7,1,23600,7,0,0,0,0,2,1,2,300,27,12,42,700,0,0,0,0,0,0,0,0,0,0,0,0,0,0,0,0,0,0,0,0,0,0,0,0,0,0,0,0,0,0,0,0,0,0,0,0,0,0,0,0,0,0,0,0,0,0,0,0,0,0,0,0,0,0,0,0,0,0,14,14,14,26200,100,3700,4900,0,0,0,0,0,0,0,0
yune,track-a-comparison,luna_pinyin,key_sequence_process_with_context,ni,78,2,2,85700,6,81200,196,14,500,14,0,200,1100,0,200,14,0,5,1,1400,5,1,200,2,0,10,4,2,14,14,14,0,0,2,1600,7,1,23200,7,0,0,0,0,2,1,2,300,27,12,42,400,0,0,0,0,0,0,0,0,0,0,0,0,0,0,0,0,0,0,0,0,0,0,0,0,0,0,0,0,0,0,0,0,0,0,0,0,0,0,0,0,0,0,0,0,0,0,0,0,0,0,0,0,0,0,0,0,0,0,14,14,14,25900,100,3700,4800,0,0,0,0,0,0,0,0
yune,track-a-comparison,luna_pinyin,key_sequence_process_with_context,ni,79,2,2,84700,6,80400,196,14,600,14,100,200,800,0,200,14,0,5,1,1400,5,1,100,2,0,10,4,2,14,14,14,0,0,2,1600,7,1,22300,7,0,0,0,0,2,1,2,300,27,12,42,600,0,0,0,0,0,0,0,0,0,0,0,0,0,0,0,0,0,0,0,0,0,0,0,0,0,0,0,0,0,0,0,0,0,0,0,0,0,0,0,0,0,0,0,0,0,0,0,0,0,0,0,0,0,0,0,0,0,0,14,14,14,24900,100,3700,4800,0,0,0,0,0,0,0,0
yune,track-a-comparison,luna_pinyin,key_sequence_process_with_context,hao,0,3,3,71600,9,64800,169,21,800,21,200,500,1400,100,300,21,0,5,1,1600,5,1,100,3,0,15,6,3,21,21,21,0,0,3,3400,14,1,8600,7,0,0,0,0,3,1,3,600,21,12,48,600,0,0,0,0,0,0,0,0,0,0,0,0,0,0,0,0,0,0,0,0,0,0,0,0,0,0,0,0,0,0,0,0,0,0,0,0,0,0,0,0,0,0,0,0,0,0,0,0,0,0,0,0,0,0,0,0,0,0,21,21,21,13900,300,6600,8400,0,0,0,0,0,0,0,0
yune,track-a-comparison,luna_pinyin,key_sequence_process_with_context,hao,1,3,3,74000,9,66800,169,21,800,21,100,400,1500,0,400,21,0,5,1,1500,5,1,100,3,0,15,6,3,21,21,21,0,0,3,3400,14,1,8600,7,0,0,0,0,3,1,3,600,21,12,48,400,0,0,0,0,0,0,0,0,0,0,0,0,0,0,0,0,0,0,0,0,0,0,0,0,0,0,0,0,0,0,0,0,0,0,0,0,0,0,0,0,0,0,0,0,0,0,0,0,0,0,0,0,0,0,0,0,0,0,21,21,21,14000,200,6700,8600,0,0,0,0,0,0,0,0
yune,track-a-comparison,luna_pinyin,key_sequence_process_with_context,hao,2,3,3,72400,9,65600,169,21,1000,21,100,300,1500,100,300,21,0,5,1,1400,5,1,100,3,0,15,6,3,21,21,21,0,0,3,3300,14,1,8800,7,0,0,0,0,3,1,3,600,21,12,48,400,0,0,0,0,0,0,0,0,0,0,0,0,0,0,0,0,0,0,0,0,0,0,0,0,0,0,0,0,0,0,0,0,0,0,0,0,0,0,0,0,0,0,0,0,0,0,0,0,0,0,0,0,0,0,0,0,0,0,21,21,21,14200,100,6500,8200,0,0,0,0,0,0,0,0
yune,track-a-comparison,luna_pinyin,key_sequence_process_with_context,hao,3,3,3,71500,9,64700,169,21,700,21,200,400,1400,200,300,21,0,5,1,1400,5,1,200,3,0,15,6,3,21,21,21,0,0,3,3200,14,1,8500,7,0,0,0,0,3,1,3,700,21,12,48,500,0,0,0,0,0,0,0,0,0,0,0,0,0,0,0,0,0,0,0,0,0,0,0,0,0,0,0,0,0,0,0,0,0,0,0,0,0,0,0,0,0,0,0,0,0,0,0,0,0,0,0,0,0,0,0,0,0,0,21,21,21,13700,200,6500,8200,0,0,0,0,0,0,0,0
yune,track-a-comparison,luna_pinyin,key_sequence_process_with_context,hao,4,3,3,71400,9,64700,169,21,900,21,0,500,1400,0,300,21,0,5,1,1500,5,1,100,3,0,15,6,3,21,21,21,0,0,3,3400,14,1,8700,7,0,0,0,0,3,1,3,600,21,12,48,300,0,0,0,0,0,0,0,0,0,0,0,0,0,0,0,0,0,0,0,0,0,0,0,0,0,0,0,0,0,0,0,0,0,0,0,0,0,0,0,0,0,0,0,0,0,0,0,0,0,0,0,0,0,0,0,0,0,0,21,21,21,13900,200,6600,8100,0,0,0,0,0,0,0,0
yune,track-a-comparison,luna_pinyin,key_sequence_process_with_context,hao,5,3,3,70900,9,64300,169,21,500,21,0,600,1400,100,200,21,0,5,1,1400,5,1,100,3,0,15,6,3,21,21,21,0,0,3,3400,14,1,8600,7,0,0,0,0,3,1,3,400,21,12,48,300,0,0,0,0,0,0,0,0,0,0,0,0,0,0,0,0,0,0,0,0,0,0,0,0,0,0,0,0,0,0,0,0,0,0,0,0,0,0,0,0,0,0,0,0,0,0,0,0,0,0,0,0,0,0,0,0,0,0,21,21,21,13600,200,6300,8000,0,0,0,0,0,0,0,0
yune,track-a-comparison,luna_pinyin,key_sequence_process_with_context,hao,6,3,3,71600,9,64900,169,21,800,21,100,600,1400,0,400,21,0,5,1,1400,5,1,100,3,0,15,6,3,21,21,21,0,0,3,3200,14,1,8800,7,0,0,0,0,3,1,3,400,21,12,48,300,0,0,0,0,0,0,0,0,0,0,0,0,0,0,0,0,0,0,0,0,0,0,0,0,0,0,0,0,0,0,0,0,0,0,0,0,0,0,0,0,0,0,0,0,0,0,0,0,0,0,0,0,0,0,0,0,0,0,21,21,21,14200,100,6500,8300,0,0,0,0,0,0,0,0
yune,track-a-comparison,luna_pinyin,key_sequence_process_with_context,hao,7,3,3,71900,9,65000,169,21,700,21,300,600,1300,0,400,21,0,5,1,1300,5,1,100,3,0,15,6,3,21,21,21,0,0,3,3400,14,1,9300,7,0,0,0,0,3,1,3,500,21,12,48,300,0,0,0,0,0,0,0,0,0,0,0,0,0,0,0,0,0,0,0,0,0,0,0,0,0,0,0,0,0,0,0,0,0,0,0,0,0,0,0,0,0,0,0,0,0,0,0,0,0,0,0,0,0,0,0,0,0,0,21,21,21,14500,100,6700,8200,0,0,0,0,0,0,0,0
yune,track-a-comparison,luna_pinyin,key_sequence_process_with_context,hao,8,3,3,70700,9,64300,169,21,600,21,100,400,1300,0,500,21,0,5,1,1400,5,1,100,3,0,15,6,3,21,21,21,0,0,3,3300,14,1,8700,7,0,0,0,0,3,1,3,600,21,12,48,400,0,0,0,0,0,0,0,0,0,0,0,0,0,0,0,0,0,0,0,0,0,0,0,0,0,0,0,0,0,0,0,0,0,0,0,0,0,0,0,0,0,0,0,0,0,0,0,0,0,0,0,0,0,0,0,0,0,0,21,21,21,13900,200,6400,8000,0,0,0,0,0,0,0,0
yune,track-a-comparison,luna_pinyin,key_sequence_process_with_context,hao,9,3,3,70500,9,63800,169,21,700,21,0,500,1500,100,200,21,0,5,1,1400,5,1,100,3,0,15,6,3,21,21,21,0,0,3,3200,14,1,9000,7,0,0,0,0,3,1,3,500,21,12,48,500,0,0,0,0,0,0,0,0,0,0,0,0,0,0,0,0,0,0,0,0,0,0,0,0,0,0,0,0,0,0,0,0,0,0,0,0,0,0,0,0,0,0,0,0,0,0,0,0,0,0,0,0,0,0,0,0,0,0,21,21,21,14000,200,6400,8100,0,0,0,0,0,0,0,0
yune,track-a-comparison,luna_pinyin,key_sequence_process_with_context,hao,10,3,3,70300,9,63800,169,21,700,21,100,500,1400,100,200,21,0,5,1,1400,5,1,100,3,0,15,6,3,21,21,21,0,0,3,3300,14,1,8400,7,0,0,0,0,3,1,3,600,21,12,48,300,0,0,0,0,0,0,0,0,0,0,0,0,0,0,0,0,0,0,0,0,0,0,0,0,0,0,0,0,0,0,0,0,0,0,0,0,0,0,0,0,0,0,0,0,0,0,0,0,0,0,0,0,0,0,0,0,0,0,21,21,21,13500,100,6300,8100,0,0,0,0,0,0,0,0
yune,track-a-comparison,luna_pinyin,key_sequence_process_with_context,hao,11,3,3,69800,9,63400,169,21,500,21,100,500,1300,0,300,21,0,5,1,1300,5,1,100,3,0,15,6,3,21,21,21,0,0,3,3200,14,1,8500,7,0,0,0,0,3,1,3,500,21,12,48,600,0,0,0,0,0,0,0,0,0,0,0,0,0,0,0,0,0,0,0,0,0,0,0,0,0,0,0,0,0,0,0,0,0,0,0,0,0,0,0,0,0,0,0,0,0,0,0,0,0,0,0,0,0,0,0,0,0,0,21,21,21,13700,100,6300,8000,0,0,0,0,0,0,0,0
yune,track-a-comparison,luna_pinyin,key_sequence_process_with_context,hao,12,3,3,69900,9,63300,169,21,600,21,0,500,1400,100,300,21,0,5,1,1400,5,1,100,3,0,15,6,3,21,21,21,0,0,3,3300,14,1,8400,7,0,0,0,0,3,1,3,400,21,12,48,500,0,0,0,0,0,0,0,0,0,0,0,0,0,0,0,0,0,0,0,0,0,0,0,0,0,0,0,0,0,0,0,0,0,0,0,0,0,0,0,0,0,0,0,0,0,0,0,0,0,0,0,0,0,0,0,0,0,0,21,21,21,13500,100,6300,8100,0,0,0,0,0,0,0,0
yune,track-a-comparison,luna_pinyin,key_sequence_process_with_context,hao,13,3,3,71800,9,65100,169,21,700,21,100,600,1500,200,300,21,0,5,1,1400,5,1,100,3,0,15,6,3,21,21,21,0,0,3,3300,14,1,9900,7,0,0,0,0,3,1,3,500,21,12,48,200,0,0,0,0,0,0,0,0,0,0,0,0,0,0,0,0,0,0,0,0,0,0,0,0,0,0,0,0,0,0,0,0,0,0,0,0,0,0,0,0,0,0,0,0,0,0,0,0,0,0,0,0,0,0,0,0,0,0,21,21,21,15100,100,6400,8100,0,0,0,0,0,0,0,0
yune,track-a-comparison,luna_pinyin,key_sequence_process_with_context,hao,14,3,3,70400,9,63600,169,21,800,21,100,500,1500,0,400,21,0,5,1,1400,5,1,100,3,0,15,6,3,21,21,21,0,0,3,3300,14,1,8600,7,0,0,0,0,3,1,3,500,21,12,48,600,0,0,0,0,0,0,0,0,0,0,0,0,0,0,0,0,0,0,0,0,0,0,0,0,0,0,0,0,0,0,0,0,0,0,0,0,0,0,0,0,0,0,0,0,0,0,0,0,0,0,0,0,0,0,0,0,0,0,21,21,21,13800,200,6400,8300,0,0,0,0,0,0,0,0
yune,track-a-comparison,luna_pinyin,key_sequence_process_with_context,hao,15,3,3,70100,9,63500,169,21,900,21,0,500,1400,100,300,21,0,5,1,1400,5,1,200,3,0,15,6,3,21,21,21,0,0,3,3200,14,1,8400,7,0,0,0,0,3,1,3,600,21,12,48,400,0,0,0,0,0,0,0,0,0,0,0,0,0,0,0,0,0,0,0,0,0,0,0,0,0,0,0,0,0,0,0,0,0,0,0,0,0,0,0,0,0,0,0,0,0,0,0,0,0,0,0,0,0,0,0,0,0,0,21,21,21,13700,200,6500,8200,0,0,0,0,0,0,0,0
yune,track-a-comparison,luna_pinyin,key_sequence_process_with_context,hao,16,3,3,70700,9,64100,169,21,700,21,0,600,1500,200,200,21,0,5,1,1300,5,1,100,3,0,15,6,3,21,21,21,0,0,3,3200,14,1,8700,7,0,0,0,0,3,1,3,500,21,12,48,300,0,0,0,0,0,0,0,0,0,0,0,0,0,0,0,0,0,0,0,0,0,0,0,0,0,0,0,0,0,0,0,0,0,0,0,0,0,0,0,0,0,0,0,0,0,0,0,0,0,0,0,0,0,0,0,0,0,0,21,21,21,13900,300,6400,8100,0,0,0,0,0,0,0,0
yune,track-a-comparison,luna_pinyin,key_sequence_process_with_context,hao,17,3,3,70500,9,63900,169,21,400,21,300,500,1400,0,300,21,0,5,1,1300,5,1,100,3,0,15,6,3,21,21,21,0,0,3,3200,14,1,8500,7,0,0,0,0,3,1,3,600,21,12,48,500,0,0,0,0,0,0,0,0,0,0,0,0,0,0,0,0,0,0,0,0,0,0,0,0,0,0,0,0,0,0,0,0,0,0,0,0,0,0,0,0,0,0,0,0,0,0,0,0,0,0,0,0,0,0,0,0,0,0,21,21,21,13600,200,6400,8200,0,0,0,0,0,0,0,0
yune,track-a-comparison,luna_pinyin,key_sequence_process_with_context,hao,18,3,3,70600,9,64000,169,21,500,21,0,500,1400,0,300,21,0,5,1,1400,5,1,100,3,0,15,6,3,21,21,21,0,0,3,3300,14,1,8500,7,0,0,0,0,3,1,3,300,21,12,48,300,0,0,0,0,0,0,0,0,0,0,0,0,0,0,0,0,0,0,0,0,0,0,0,0,0,0,0,0,0,0,0,0,0,0,0,0,0,0,0,0,0,0,0,0,0,0,0,0,0,0,0,0,0,0,0,0,0,0,21,21,21,13600,0,6300,8000,0,0,0,0,0,0,0,0
yune,track-a-comparison,luna_pinyin,key_sequence_process_with_context,hao,19,3,3,70400,9,63900,169,21,400,21,100,500,1300,0,300,21,0,5,1,1400,5,1,100,3,0,15,6,3,21,21,21,0,0,3,3300,14,1,8500,7,0,0,0,0,3,1,3,300,21,12,48,400,0,0,0,0,0,0,0,0,0,0,0,0,0,0,0,0,0,0,0,0,0,0,0,0,0,0,0,0,0,0,0,0,0,0,0,0,0,0,0,0,0,0,0,0,0,0,0,0,0,0,0,0,0,0,0,0,0,0,21,21,21,13600,100,6300,8200,0,0,0,0,0,0,0,0
yune,track-a-comparison,luna_pinyin,key_sequence_process_with_context,hao,20,3,3,71200,9,64700,169,21,1000,21,200,600,1400,0,300,21,0,5,1,1400,5,1,200,3,0,15,6,3,21,21,21,0,0,3,3300,14,1,9000,7,0,0,0,0,3,1,3,600,21,12,48,600,0,0,0,0,0,0,0,0,0,0,0,0,0,0,0,0,0,0,0,0,0,0,0,0,0,0,0,0,0,0,0,0,0,0,0,0,0,0,0,0,0,0,0,0,0,0,0,0,0,0,0,0,0,0,0,0,0,0,21,21,21,14100,100,6500,8000,0,0,0,0,0,0,0,0
yune,track-a-comparison,luna_pinyin,key_sequence_process_with_context,hao,21,3,3,72000,9,65400,169,21,800,21,0,300,1400,0,400,21,0,5,1,1400,5,1,100,3,0,15,6,3,21,21,21,0,0,3,3400,14,1,8600,7,0,0,0,0,3,1,3,400,21,12,48,300,0,0,0,0,0,0,0,0,0,0,0,0,0,0,0,0,0,0,0,0,0,0,0,0,0,0,0,0,0,0,0,0,0,0,0,0,0,0,0,0,0,0,0,0,0,0,0,0,0,0,0,0,0,0,0,0,0,0,21,21,21,14000,300,6400,8200,0,0,0,0,0,0,0,0
yune,track-a-comparison,luna_pinyin,key_sequence_process_with_context,hao,22,3,3,70900,9,64700,169,21,400,21,100,400,1400,100,400,21,0,5,1,1500,5,1,200,3,0,15,6,3,21,21,21,0,0,3,3400,14,1,8700,7,0,0,0,0,3,1,3,500,21,12,48,600,0,0,0,0,0,0,0,0,0,0,0,0,0,0,0,0,0,0,0,0,0,0,0,0,0,0,0,0,0,0,0,0,0,0,0,0,0,0,0,0,0,0,0,0,0,0,0,0,0,0,0,0,0,0,0,0,0,0,21,21,21,13800,200,6300,8100,0,0,0,0,0,0,0,0
yune,track-a-comparison,luna_pinyin,key_sequence_process_with_context,hao,23,3,3,72300,9,65600,169,21,600,21,200,600,1500,100,200,21,0,5,1,1400,5,1,100,3,0,15,6,3,21,21,21,0,0,3,3400,14,1,8500,7,0,0,0,0,3,1,3,400,21,12,48,600,0,0,0,0,0,0,0,0,0,0,0,0,0,0,0,0,0,0,0,0,0,0,0,0,0,0,0,0,0,0,0,0,0,0,0,0,0,0,0,0,0,0,0,0,0,0,0,0,0,0,0,0,0,0,0,0,0,0,21,21,21,13500,100,8000,9900,0,0,0,0,0,0,0,0
yune,track-a-comparison,luna_pinyin,key_sequence_process_with_context,hao,24,3,3,70500,9,63900,169,21,800,21,0,500,1200,0,300,21,0,5,1,1400,5,1,200,3,0,15,6,3,21,21,21,0,0,3,3400,14,1,8500,7,0,0,0,0,3,1,3,600,21,12,48,600,0,0,0,0,0,0,0,0,0,0,0,0,0,0,0,0,0,0,0,0,0,0,0,0,0,0,0,0,0,0,0,0,0,0,0,0,0,0,0,0,0,0,0,0,0,0,0,0,0,0,0,0,0,0,0,0,0,0,21,21,21,13700,0,6300,8000,0,0,0,0,0,0,0,0
yune,track-a-comparison,luna_pinyin,key_sequence_process_with_context,hao,25,3,3,70600,9,64000,169,21,700,21,0,500,1400,100,200,21,0,5,1,1300,5,1,200,3,0,15,6,3,21,21,21,0,0,3,3500,14,1,8500,7,0,0,0,0,3,1,3,600,21,12,48,600,0,0,0,0,0,0,0,0,0,0,0,0,0,0,0,0,0,0,0,0,0,0,0,0,0,0,0,0,0,0,0,0,0,0,0,0,0,0,0,0,0,0,0,0,0,0,0,0,0,0,0,0,0,0,0,0,0,0,21,21,21,13800,200,6300,8100,0,0,0,0,0,0,0,0
yune,track-a-comparison,luna_pinyin,key_sequence_process_with_context,hao,26,3,3,70900,9,64200,169,21,1000,21,200,600,1400,100,300,21,0,5,1,1400,5,1,100,3,0,15,6,3,21,21,21,0,0,3,3300,14,1,8600,7,0,0,0,0,3,1,3,500,21,12,48,600,0,0,0,0,0,0,0,0,0,0,0,0,0,0,0,0,0,0,0,0,0,0,0,0,0,0,0,0,0,0,0,0,0,0,0,0,0,0,0,0,0,0,0,0,0,0,0,0,0,0,0,0,0,0,0,0,0,0,21,21,21,13900,300,6500,8100,0,0,0,0,0,0,0,0
yune,track-a-comparison,luna_pinyin,key_sequence_process_with_context,hao,27,3,3,71600,9,64700,169,21,600,21,0,500,1500,200,300,21,0,5,1,1400,5,1,200,3,0,15,6,3,21,21,21,0,0,3,3200,14,1,8500,7,0,0,0,0,3,1,3,500,21,12,48,500,0,0,0,0,0,0,0,0,0,0,0,0,0,0,0,0,0,0,0,0,0,0,0,0,0,0,0,0,0,0,0,0,0,0,0,0,0,0,0,0,0,0,0,0,0,0,0,0,0,0,0,0,0,0,0,0,0,0,21,21,21,13700,100,6500,8300,0,0,0,0,0,0,0,0
yune,track-a-comparison,luna_pinyin,key_sequence_process_with_context,hao,28,3,3,71400,9,64800,169,21,600,21,0,500,1400,100,200,21,0,5,1,1300,5,1,100,3,0,15,6,3,21,21,21,0,0,3,3300,14,1,8700,7,0,0,0,0,3,1,3,600,21,12,48,300,0,0,0,0,0,0,0,0,0,0,0,0,0,0,0,0,0,0,0,0,0,0,0,0,0,0,0,0,0,0,0,0,0,0,0,0,0,0,0,0,0,0,0,0,0,0,0,0,0,0,0,0,0,0,0,0,0,0,21,21,21,14000,200,6500,8200,0,0,0,0,0,0,0,0
yune,track-a-comparison,luna_pinyin,key_sequence_process_with_context,hao,29,3,3,70800,9,64200,169,21,500,21,200,500,1300,0,400,21,0,5,1,1400,5,1,100,3,0,15,6,3,21,21,21,0,0,3,3300,14,1,8500,7,0,0,0,0,3,1,3,500,21,12,48,300,0,0,0,0,0,0,0,0,0,0,0,0,0,0,0,0,0,0,0,0,0,0,0,0,0,0,0,0,0,0,0,0,0,0,0,0,0,0,0,0,0,0,0,0,0,0,0,0,0,0,0,0,0,0,0,0,0,0,21,21,21,13800,200,6400,8300,0,0,0,0,0,0,0,0
yune,track-a-comparison,luna_pinyin,key_sequence_process_with_context,hao,30,3,3,70800,9,64200,169,21,700,21,0,500,1400,0,300,21,0,5,1,1300,5,1,100,3,0,15,6,3,21,21,21,0,0,3,3200,14,1,8700,7,0,0,0,0,3,1,3,500,21,12,48,500,0,0,0,0,0,0,0,0,0,0,0,0,0,0,0,0,0,0,0,0,0,0,0,0,0,0,0,0,0,0,0,0,0,0,0,0,0,0,0,0,0,0,0,0,0,0,0,0,0,0,0,0,0,0,0,0,0,0,21,21,21,13900,200,6400,8200,0,0,0,0,0,0,0,0
yune,track-a-comparison,luna_pinyin,key_sequence_process_with_context,hao,31,3,3,70500,9,64100,169,21,800,21,100,600,1400,200,200,21,0,5,1,1300,5,1,100,3,0,15,6,3,21,21,21,0,0,3,3300,14,1,8500,7,0,0,0,0,3,1,3,500,21,12,48,400,0,0,0,0,0,0,0,0,0,0,0,0,0,0,0,0,0,0,0,0,0,0,0,0,0,0,0,0,0,0,0,0,0,0,0,0,0,0,0,0,0,0,0,0,0,0,0,0,0,0,0,0,0,0,0,0,0,0,21,21,21,13600,100,6400,7900,0,0,0,0,0,0,0,0
yune,track-a-comparison,luna_pinyin,key_sequence_process_with_context,hao,32,3,3,71100,9,64400,169,21,900,21,200,400,1400,100,400,21,0,5,1,1400,5,1,100,3,0,15,6,3,21,21,21,0,0,3,3300,14,1,8700,7,0,0,0,0,3,1,3,500,21,12,48,300,0,0,0,0,0,0,0,0,0,0,0,0,0,0,0,0,0,0,0,0,0,0,0,0,0,0,0,0,0,0,0,0,0,0,0,0,0,0,0,0,0,0,0,0,0,0,0,0,0,0,0,0,0,0,0,0,0,0,21,21,21,13900,100,6300,8100,0,0,0,0,0,0,0,0
yune,track-a-comparison,luna_pinyin,key_sequence_process_with_context,hao,33,3,3,73600,9,66900,169,21,400,21,100,400,1300,100,300,21,0,5,1,1400,5,1,200,3,0,15,6,3,21,21,21,0,0,3,3400,14,1,8800,7,0,0,0,0,3,1,3,500,21,12,48,500,0,0,0,0,0,0,0,0,0,0,0,0,0,0,0,0,0,0,0,0,0,0,0,0,0,0,0,0,0,0,0,0,0,0,0,0,0,0,0,0,0,0,0,0,0,0,0,0,0,0,0,0,0,0,0,0,0,0,21,21,21,14300,200,6300,8100,0,0,0,0,0,0,0,0
yune,track-a-comparison,luna_pinyin,key_sequence_process_with_context,hao,34,3,3,71200,9,64600,169,21,700,21,200,300,1300,100,300,21,0,5,1,1400,5,1,100,3,0,15,6,3,21,21,21,0,0,3,3400,14,1,8500,7,0,0,0,0,3,1,3,600,21,12,48,600,0,0,0,0,0,0,0,0,0,0,0,0,0,0,0,0,0,0,0,0,0,0,0,0,0,0,0,0,0,0,0,0,0,0,0,0,0,0,0,0,0,0,0,0,0,0,0,0,0,0,0,0,0,0,0,0,0,0,21,21,21,13700,200,6500,8200,0,0,0,0,0,0,0,0
yune,track-a-comparison,luna_pinyin,key_sequence_process_with_context,hao,35,3,3,71200,9,64200,169,21,800,21,100,400,1600,0,400,21,0,5,1,1400,5,1,100,3,0,15,6,3,21,21,21,0,0,3,3400,14,1,8500,7,0,0,0,0,3,1,3,500,21,12,48,300,0,0,0,0,0,0,0,0,0,0,0,0,0,0,0,0,0,0,0,0,0,0,0,0,0,0,0,0,0,0,0,0,0,0,0,0,0,0,0,0,0,0,0,0,0,0,0,0,0,0,0,0,0,0,0,0,0,0,21,21,21,13500,100,6500,8300,0,0,0,0,0,0,0,0
yune,track-a-comparison,luna_pinyin,key_sequence_process_with_context,hao,36,3,3,71000,9,64200,169,21,800,21,100,500,1500,100,200,21,0,5,1,1400,5,1,100,3,0,15,6,3,21,21,21,0,0,3,3400,14,1,8500,7,0,0,0,0,3,1,3,400,21,12,48,500,0,0,0,0,0,0,0,0,0,0,0,0,0,0,0,0,0,0,0,0,0,0,0,0,0,0,0,0,0,0,0,0,0,0,0,0,0,0,0,0,0,0,0,0,0,0,0,0,0,0,0,0,0,0,0,0,0,0,21,21,21,13600,200,6300,8000,0,0,0,0,0,0,0,0
yune,track-a-comparison,luna_pinyin,key_sequence_process_with_context,hao,37,3,3,70700,9,64100,169,21,800,21,100,600,1400,200,200,21,0,5,1,1400,5,1,100,3,0,15,6,3,21,21,21,0,0,3,3200,14,1,8500,7,0,0,0,0,3,1,3,400,21,12,48,300,0,0,0,0,0,0,0,0,0,0,0,0,0,0,0,0,0,0,0,0,0,0,0,0,0,0,0,0,0,0,0,0,0,0,0,0,0,0,0,0,0,0,0,0,0,0,0,0,0,0,0,0,0,0,0,0,0,0,21,21,21,13700,100,6400,8000,0,0,0,0,0,0,0,0
yune,track-a-comparison,luna_pinyin,key_sequence_process_with_context,hao,38,3,3,72200,9,65300,169,21,700,21,0,600,1500,200,200,21,0,5,1,1400,5,1,100,3,0,15,6,3,21,21,21,0,0,3,3400,14,1,8700,7,0,0,0,0,3,1,3,400,21,12,48,500,0,0,0,0,0,0,0,0,0,0,0,0,0,0,0,0,0,0,0,0,0,0,0,0,0,0,0,0,0,0,0,0,0,0,0,0,0,0,0,0,0,0,0,0,0,0,0,0,0,0,0,0,0,0,0,0,0,0,21,21,21,14000,300,6700,8500,0,0,0,0,0,0,0,0
yune,track-a-comparison,luna_pinyin,key_sequence_process_with_context,hao,39,3,3,71500,9,64800,169,21,600,21,200,600,1400,100,300,21,0,5,1,1300,5,1,100,3,0,15,6,3,21,21,21,0,0,3,3500,14,1,8700,7,0,0,0,0,3,1,3,500,21,12,48,300,0,0,0,0,0,0,0,0,0,0,0,0,0,0,0,0,0,0,0,0,0,0,0,0,0,0,0,0,0,0,0,0,0,0,0,0,0,0,0,0,0,0,0,0,0,0,0,0,0,0,0,0,0,0,0,0,0,0,21,21,21,13900,200,6600,8300,0,0,0,0,0,0,0,0
yune,track-a-comparison,luna_pinyin,key_sequence_process_with_context,hao,40,3,3,70900,9,64100,169,21,700,21,0,500,1500,100,300,21,0,5,1,1400,5,1,200,3,0,15,6,3,21,21,21,0,0,3,3300,14,1,8600,7,0,0,0,0,3,1,3,500,21,12,48,500,0,0,0,0,0,0,0,0,0,0,0,0,0,0,0,0,0,0,0,0,0,0,0,0,0,0,0,0,0,0,0,0,0,0,0,0,0,0,0,0,0,0,0,0,0,0,0,0,0,0,0,0,0,0,0,0,0,0,21,21,21,13700,200,6300,8300,0,0,0,0,0,0,0,0
yune,track-a-comparison,luna_pinyin,key_sequence_process_with_context,hao,41,3,3,70600,9,64000,169,21,500,21,200,500,1400,100,200,21,0,5,1,1300,5,1,100,3,0,15,6,3,21,21,21,0,0,3,3200,14,1,8500,7,0,0,0,0,3,1,3,500,21,12,48,300,0,0,0,0,0,0,0,0,0,0,0,0,0,0,0,0,0,0,0,0,0,0,0,0,0,0,0,0,0,0,0,0,0,0,0,0,0,0,0,0,0,0,0,0,0,0,0,0,0,0,0,0,0,0,0,0,0,0,21,21,21,13700,100,6400,8200,0,0,0,0,0,0,0,0
yune,track-a-comparison,luna_pinyin,key_sequence_process_with_context,hao,42,3,3,70800,9,64100,169,21,1100,21,100,500,1300,0,300,21,0,5,1,1500,5,1,100,3,0,15,6,3,21,21,21,0,0,3,3300,14,1,8500,7,0,0,0,0,3,1,3,500,21,12,48,600,0,0,0,0,0,0,0,0,0,0,0,0,0,0,0,0,0,0,0,0,0,0,0,0,0,0,0,0,0,0,0,0,0,0,0,0,0,0,0,0,0,0,0,0,0,0,0,0,0,0,0,0,0,0,0,0,0,0,21,21,21,13500,100,6400,8200,0,0,0,0,0,0,0,0
yune,track-a-comparison,luna_pinyin,key_sequence_process_with_context,hao,43,3,3,85800,9,78900,169,21,600,21,100,500,1500,100,200,21,0,5,1,1400,5,1,100,3,0,15,6,3,21,21,21,0,0,3,3400,14,1,23000,7,0,0,0,0,3,1,3,500,21,12,48,300,0,0,0,0,0,0,0,0,0,0,0,0,0,0,0,0,0,0,0,0,0,0,0,0,0,0,0,0,0,0,0,0,0,0,0,0,0,0,0,0,0,0,0,0,0,0,0,0,0,0,0,0,0,0,0,0,0,0,21,21,21,28100,0,6500,8100,0,0,0,0,0,0,0,0
yune,track-a-comparison,luna_pinyin,key_sequence_process_with_context,hao,44,3,3,71500,9,64800,169,21,500,21,200,500,1700,100,200,21,0,5,1,1300,5,1,100,3,0,15,6,3,21,21,21,0,0,3,3200,14,1,8500,7,0,0,0,0,3,1,3,600,21,12,48,300,0,0,0,0,0,0,0,0,0,0,0,0,0,0,0,0,0,0,0,0,0,0,0,0,0,0,0,0,0,0,0,0,0,0,0,0,0,0,0,0,0,0,0,0,0,0,0,0,0,0,0,0,0,0,0,0,0,0,21,21,21,13500,100,6300,8700,0,0,0,0,0,0,0,0
yune,track-a-comparison,luna_pinyin,key_sequence_process_with_context,hao,45,3,3,71100,9,64200,169,21,500,21,0,500,1300,100,300,21,0,5,1,1400,5,1,200,3,0,15,6,3,21,21,21,0,0,3,3300,14,1,8600,7,0,0,0,0,3,1,3,600,21,12,48,700,0,0,0,0,0,0,0,0,0,0,0,0,0,0,0,0,0,0,0,0,0,0,0,0,0,0,0,0,0,0,0,0,0,0,0,0,0,0,0,0,0,0,0,0,0,0,0,0,0,0,0,0,0,0,0,0,0,0,21,21,21,13900,200,6400,8200,0,0,0,0,0,0,0,0
yune,track-a-comparison,luna_pinyin,key_sequence_process_with_context,hao,46,3,3,71100,9,64300,169,21,700,21,0,400,1400,200,300,21,0,5,1,1400,5,1,100,3,0,15,6,3,21,21,21,0,0,3,3300,14,1,8700,7,0,0,0,0,3,1,3,400,21,12,48,400,0,0,0,0,0,0,0,0,0,0,0,0,0,0,0,0,0,0,0,0,0,0,0,0,0,0,0,0,0,0,0,0,0,0,0,0,0,0,0,0,0,0,0,0,0,0,0,0,0,0,0,0,0,0,0,0,0,0,21,21,21,13900,300,6500,8300,0,0,0,0,0,0,0,0
yune,track-a-comparison,luna_pinyin,key_sequence_process_with_context,hao,47,3,3,71700,9,65100,169,21,800,21,100,500,1300,0,400,21,0,5,1,1400,5,1,100,3,0,15,6,3,21,21,21,0,0,3,3200,14,1,9300,7,0,0,0,0,3,1,3,400,21,12,48,600,0,0,0,0,0,0,0,0,0,0,0,0,0,0,0,0,0,0,0,0,0,0,0,0,0,0,0,0,0,0,0,0,0,0,0,0,0,0,0,0,0,0,0,0,0,0,0,0,0,0,0,0,0,0,0,0,0,0,21,21,21,14500,300,6600,8400,0,0,0,0,0,0,0,0
yune,track-a-comparison,luna_pinyin,key_sequence_process_with_context,hao,48,3,3,70600,9,63800,169,21,500,21,100,600,1300,100,200,21,0,5,1,1400,5,1,100,3,0,15,6,3,21,21,21,0,0,3,3500,14,1,8500,7,0,0,0,0,3,1,3,500,21,12,48,300,0,0,0,0,0,0,0,0,0,0,0,0,0,0,0,0,0,0,0,0,0,0,0,0,0,0,0,0,0,0,0,0,0,0,0,0,0,0,0,0,0,0,0,0,0,0,0,0,0,0,0,0,0,0,0,0,0,0,21,21,21,13700,300,6500,8400,0,0,0,0,0,0,0,0
yune,track-a-comparison,luna_pinyin,key_sequence_process_with_context,hao,49,3,3,70200,9,63500,169,21,600,21,100,500,1500,0,300,21,0,5,1,1400,5,1,100,3,0,15,6,3,21,21,21,0,0,3,3400,14,1,8500,7,0,0,0,0,3,1,3,600,21,12,48,300,0,0,0,0,0,0,0,0,0,0,0,0,0,0,0,0,0,0,0,0,0,0,0,0,0,0,0,0,0,0,0,0,0,0,0,0,0,0,0,0,0,0,0,0,0,0,0,0,0,0,0,0,0,0,0,0,0,0,21,21,21,13600,200,6400,8200,0,0,0,0,0,0,0,0
yune,track-a-comparison,luna_pinyin,key_sequence_process_with_context,hao,50,3,3,70300,9,63700,169,21,700,21,300,500,1300,0,400,21,0,5,1,1300,5,1,100,3,0,15,6,3,21,21,21,0,0,3,3400,14,1,8500,7,0,0,0,0,3,1,3,600,21,12,48,800,0,0,0,0,0,0,0,0,0,0,0,0,0,0,0,0,0,0,0,0,0,0,0,0,0,0,0,0,0,0,0,0,0,0,0,0,0,0,0,0,0,0,0,0,0,0,0,0,0,0,0,0,0,0,0,0,0,0,21,21,21,13600,200,6500,8200,0,0,0,0,0,0,0,0
yune,track-a-comparison,luna_pinyin,key_sequence_process_with_context,hao,51,3,3,70200,9,63700,169,21,600,21,0,600,1500,200,200,21,0,5,1,1400,5,1,100,3,0,15,6,3,21,21,21,0,0,3,3300,14,1,8500,7,0,0,0,0,3,1,3,500,21,12,48,300,0,0,0,0,0,0,0,0,0,0,0,0,0,0,0,0,0,0,0,0,0,0,0,0,0,0,0,0,0,0,0,0,0,0,0,0,0,0,0,0,0,0,0,0,0,0,0,0,0,0,0,0,0,0,0,0,0,0,21,21,21,13600,300,6300,8100,0,0,0,0,0,0,0,0
yune,track-a-comparison,luna_pinyin,key_sequence_process_with_context,hao,52,3,3,70000,9,63500,169,21,600,21,100,500,1300,0,300,21,0,5,1,1300,5,1,100,3,0,15,6,3,21,21,21,0,0,3,3400,14,1,8400,7,0,0,0,0,3,1,3,500,21,12,48,700,0,0,0,0,0,0,0,0,0,0,0,0,0,0,0,0,0,0,0,0,0,0,0,0,0,0,0,0,0,0,0,0,0,0,0,0,0,0,0,0,0,0,0,0,0,0,0,0,0,0,0,0,0,0,0,0,0,0,21,21,21,13500,300,6300,8200,0,0,0,0,0,0,0,0
yune,track-a-comparison,luna_pinyin,key_sequence_process_with_context,hao,53,3,3,72300,9,65700,169,21,300,21,100,500,1300,0,500,21,0,5,1,1400,5,1,100,3,0,15,6,3,21,21,21,0,0,3,3300,14,1,8500,7,0,0,0,0,3,1,3,500,21,12,48,600,0,0,0,0,0,0,0,0,0,0,0,0,0,0,0,0,0,0,0,0,0,0,0,0,0,0,0,0,0,0,0,0,0,0,0,0,0,0,0,0,0,0,0,0,0,0,0,0,0,0,0,0,0,0,0,0,0,0,21,21,21,13500,200,6400,8100,0,0,0,0,0,0,0,0
yune,track-a-comparison,luna_pinyin,key_sequence_process_with_context,hao,54,3,3,70200,9,63500,169,21,700,21,0,400,1300,0,300,21,0,5,1,1400,5,1,200,3,0,15,6,3,21,21,21,0,0,3,3200,14,1,8400,7,0,0,0,0,3,1,3,400,21,12,48,600,0,0,0,0,0,0,0,0,0,0,0,0,0,0,0,0,0,0,0,0,0,0,0,0,0,0,0,0,0,0,0,0,0,0,0,0,0,0,0,0,0,0,0,0,0,0,0,0,0,0,0,0,0,0,0,0,0,0,21,21,21,13600,200,6400,8200,0,0,0,0,0,0,0,0
yune,track-a-comparison,luna_pinyin,key_sequence_process_with_context,hao,55,3,3,70300,9,63800,169,21,600,21,200,600,1300,100,400,21,0,5,1,1400,5,1,100,3,0,15,6,3,21,21,21,0,0,3,3200,14,1,8500,7,0,0,0,0,3,1,3,500,21,12,48,300,0,0,0,0,0,0,0,0,0,0,0,0,0,0,0,0,0,0,0,0,0,0,0,0,0,0,0,0,0,0,0,0,0,0,0,0,0,0,0,0,0,0,0,0,0,0,0,0,0,0,0,0,0,0,0,0,0,0,21,21,21,13600,300,6400,8200,0,0,0,0,0,0,0,0
yune,track-a-comparison,luna_pinyin,key_sequence_process_with_context,hao,56,3,3,70400,9,63400,169,21,700,21,200,300,1500,100,200,21,0,5,1,1400,5,1,100,3,0,15,6,3,21,21,21,0,0,3,3300,14,1,8500,7,0,0,0,0,3,1,3,400,21,12,48,300,0,0,0,0,0,0,0,0,0,0,0,0,0,0,0,0,0,0,0,0,0,0,0,0,0,0,0,0,0,0,0,0,0,0,0,0,0,0,0,0,0,0,0,0,0,0,0,0,0,0,0,0,0,0,0,0,0,0,21,21,21,13600,100,6300,8100,0,0,0,0,0,0,0,0
yune,track-a-comparison,luna_pinyin,key_sequence_process_with_context,hao,57,3,3,71300,9,64500,169,21,500,21,300,300,1300,100,300,21,0,5,1,1400,5,1,200,3,0,15,6,3,21,21,21,0,0,3,3300,14,1,8500,7,0,0,0,0,3,1,3,500,21,12,48,500,0,0,0,0,0,0,0,0,0,0,0,0,0,0,0,0,0,0,0,0,0,0,0,0,0,0,0,0,0,0,0,0,0,0,0,0,0,0,0,0,0,0,0,0,0,0,0,0,0,0,0,0,0,0,0,0,0,0,21,21,21,13700,200,6500,8300,0,0,0,0,0,0,0,0
yune,track-a-comparison,luna_pinyin,key_sequence_process_with_context,hao,58,3,3,70300,9,63500,169,21,700,21,0,500,1500,0,300,21,0,5,1,1400,5,1,100,3,0,15,6,3,21,21,21,0,0,3,3200,14,1,8700,7,0,0,0,0,3,1,3,400,21,12,48,400,0,0,0,0,0,0,0,0,0,0,0,0,0,0,0,0,0,0,0,0,0,0,0,0,0,0,0,0,0,0,0,0,0,0,0,0,0,0,0,0,0,0,0,0,0,0,0,0,0,0,0,0,0,0,0,0,0,0,21,21,21,13700,200,6500,8300,0,0,0,0,0,0,0,0
yune,track-a-comparison,luna_pinyin,key_sequence_process_with_context,hao,59,3,3,71000,9,64400,169,21,300,21,0,400,1500,100,400,21,0,5,1,1400,5,1,100,3,0,15,6,3,21,21,21,0,0,3,3300,14,1,9400,7,0,0,0,0,3,1,3,500,21,12,48,300,0,0,0,0,0,0,0,0,0,0,0,0,0,0,0,0,0,0,0,0,0,0,0,0,0,0,0,0,0,0,0,0,0,0,0,0,0,0,0,0,0,0,0,0,0,0,0,0,0,0,0,0,0,0,0,0,0,0,21,21,21,14500,300,6300,8100,0,0,0,0,0,0,0,0
yune,track-a-comparison,luna_pinyin,key_sequence_process_with_context,hao,60,3,3,69700,9,63200,169,21,300,21,100,500,1300,0,300,21,0,5,1,1400,5,1,100,3,0,15,6,3,21,21,21,0,0,3,3200,14,1,8400,7,0,0,0,0,3,1,3,500,21,12,48,300,0,0,0,0,0,0,0,0,0,0,0,0,0,0,0,0,0,0,0,0,0,0,0,0,0,0,0,0,0,0,0,0,0,0,0,0,0,0,0,0,0,0,0,0,0,0,0,0,0,0,0,0,0,0,0,0,0,0,21,21,21,13600,300,6300,7900,0,0,0,0,0,0,0,0
yune,track-a-comparison,luna_pinyin,key_sequence_process_with_context,hao,61,3,3,69900,9,63200,169,21,700,21,100,500,1500,0,300,21,0,5,1,1300,5,1,100,3,0,15,6,3,21,21,21,0,0,3,3200,14,1,8400,7,0,0,0,0,3,1,3,400,21,12,48,300,0,0,0,0,0,0,0,0,0,0,0,0,0,0,0,0,0,0,0,0,0,0,0,0,0,0,0,0,0,0,0,0,0,0,0,0,0,0,0,0,0,0,0,0,0,0,0,0,0,0,0,0,0,0,0,0,0,0,21,21,21,13500,200,6400,7900,0,0,0,0,0,0,0,0
yune,track-a-comparison,luna_pinyin,key_sequence_process_with_context,hao,62,3,3,70400,9,63700,169,21,500,21,100,400,1400,0,300,21,0,5,1,1400,5,1,200,3,0,15,6,3,21,21,21,0,0,3,3300,14,1,8500,7,0,0,0,0,3,1,3,500,21,12,48,400,0,0,0,0,0,0,0,0,0,0,0,0,0,0,0,0,0,0,0,0,0,0,0,0,0,0,0,0,0,0,0,0,0,0,0,0,0,0,0,0,0,0,0,0,0,0,0,0,0,0,0,0,0,0,0,0,0,0,21,21,21,13500,200,6400,8300,0,0,0,0,0,0,0,0
yune,track-a-comparison,luna_pinyin,key_sequence_process_with_context,hao,63,3,3,71100,9,64400,169,21,500,21,0,500,1400,100,200,21,0,5,1,1500,5,1,100,3,0,15,6,3,21,21,21,0,0,3,3200,14,1,8500,7,0,0,0,0,3,1,3,500,21,12,48,400,0,0,0,0,0,0,0,0,0,0,0,0,0,0,0,0,0,0,0,0,0,0,0,0,0,0,0,0,0,0,0,0,0,0,0,0,0,0,0,0,0,0,0,0,0,0,0,0,0,0,0,0,0,0,0,0,0,0,21,21,21,13600,300,6500,8400,0,0,0,0,0,0,0,0
yune,track-a-comparison,luna_pinyin,key_sequence_process_with_context,hao,64,3,3,70700,9,64000,169,21,800,21,200,500,1300,0,400,21,0,5,1,1400,5,1,100,3,0,15,6,3,21,21,21,0,0,3,3300,14,1,8400,7,0,0,0,0,3,1,3,400,21,12,48,300,0,0,0,0,0,0,0,0,0,0,0,0,0,0,0,0,0,0,0,0,0,0,0,0,0,0,0,0,0,0,0,0,0,0,0,0,0,0,0,0,0,0,0,0,0,0,0,0,0,0,0,0,0,0,0,0,0,0,21,21,21,13600,100,6400,8200,0,0,0,0,0,0,0,0
yune,track-a-comparison,luna_pinyin,key_sequence_process_with_context,hao,65,3,3,71800,9,65000,169,21,700,21,0,400,1500,200,200,21,0,5,1,1400,5,1,200,3,0,15,6,3,21,21,21,0,0,3,3500,14,1,8700,7,0,0,0,0,3,1,3,500,21,12,48,500,0,0,0,0,0,0,0,0,0,0,0,0,0,0,0,0,0,0,0,0,0,0,0,0,0,0,0,0,0,0,0,0,0,0,0,0,0,0,0,0,0,0,0,0,0,0,0,0,0,0,0,0,0,0,0,0,0,0,21,21,21,13900,300,6600,8400,0,0,0,0,0,0,0,0
yune,track-a-comparison,luna_pinyin,key_sequence_process_with_context,hao,66,3,3,71100,9,64500,169,21,700,21,200,600,1200,0,400,21,0,5,1,1300,5,1,100,3,0,15,6,3,21,21,21,0,0,3,3300,14,1,8800,7,0,0,0,0,3,1,3,500,21,12,48,700,0,0,0,0,0,0,0,0,0,0,0,0,0,0,0,0,0,0,0,0,0,0,0,0,0,0,0,0,0,0,0,0,0,0,0,0,0,0,0,0,0,0,0,0,0,0,0,0,0,0,0,0,0,0,0,0,0,0,21,21,21,13900,200,6600,8200,0,0,0,0,0,0,0,0
yune,track-a-comparison,luna_pinyin,key_sequence_process_with_context,hao,67,3,3,70100,9,63400,169,21,700,21,100,500,1400,100,200,21,0,5,1,1400,5,1,200,3,0,15,6,3,21,21,21,0,0,3,3200,14,1,8400,7,0,0,0,0,3,1,3,500,21,12,48,500,0,0,0,0,0,0,0,0,0,0,0,0,0,0,0,0,0,0,0,0,0,0,0,0,0,0,0,0,0,0,0,0,0,0,0,0,0,0,0,0,0,0,0,0,0,0,0,0,0,0,0,0,0,0,0,0,0,0,21,21,21,13500,300,6500,8300,0,0,0,0,0,0,0,0
yune,track-a-comparison,luna_pinyin,key_sequence_process_with_context,hao,68,3,3,70400,9,64000,169,21,400,21,0,500,1500,0,200,21,0,5,1,1300,5,1,100,3,0,15,6,3,21,21,21,0,0,3,3400,14,1,8400,7,0,0,0,0,3,1,3,500,21,12,48,400,0,0,0,0,0,0,0,0,0,0,0,0,0,0,0,0,0,0,0,0,0,0,0,0,0,0,0,0,0,0,0,0,0,0,0,0,0,0,0,0,0,0,0,0,0,0,0,0,0,0,0,0,0,0,0,0,0,0,21,21,21,13600,300,6600,8300,0,0,0,0,0,0,0,0
yune,track-a-comparison,luna_pinyin,key_sequence_process_with_context,hao,69,3,3,70600,9,63900,169,21,700,21,0,600,1500,100,300,21,0,5,1,1400,5,1,100,3,0,15,6,3,21,21,21,0,0,3,3300,14,1,8700,7,0,0,0,0,3,1,3,400,21,12,48,300,0,0,0,0,0,0,0,0,0,0,0,0,0,0,0,0,0,0,0,0,0,0,0,0,0,0,0,0,0,0,0,0,0,0,0,0,0,0,0,0,0,0,0,0,0,0,0,0,0,0,0,0,0,0,0,0,0,0,21,21,21,13800,200,6500,8300,0,0,0,0,0,0,0,0
yune,track-a-comparison,luna_pinyin,key_sequence_process_with_context,hao,70,3,3,71500,9,64500,169,21,800,21,100,500,1300,100,300,21,0,5,1,1400,5,1,100,3,0,15,6,3,21,21,21,0,0,3,3300,14,1,8700,7,0,0,0,0,3,1,3,500,21,12,48,400,0,0,0,0,0,0,0,0,0,0,0,0,0,0,0,0,0,0,0,0,0,0,0,0,0,0,0,0,0,0,0,0,0,0,0,0,0,0,0,0,0,0,0,0,0,0,0,0,0,0,0,0,0,0,0,0,0,0,21,21,21,14000,100,6700,8300,0,0,0,0,0,0,0,0
yune,track-a-comparison,luna_pinyin,key_sequence_process_with_context,hao,71,3,3,71000,9,64400,169,21,500,21,100,400,1300,0,400,21,0,5,1,1400,5,1,100,3,0,15,6,3,21,21,21,0,0,3,3400,14,1,8600,7,0,0,0,0,3,1,3,300,21,12,48,300,0,0,0,0,0,0,0,0,0,0,0,0,0,0,0,0,0,0,0,0,0,0,0,0,0,0,0,0,0,0,0,0,0,0,0,0,0,0,0,0,0,0,0,0,0,0,0,0,0,0,0,0,0,0,0,0,0,0,21,21,21,13800,100,6600,8300,0,0,0,0,0,0,0,0
yune,track-a-comparison,luna_pinyin,key_sequence_process_with_context,hao,72,3,3,74000,9,67200,169,21,600,21,0,500,1300,100,300,21,0,5,1,1400,5,1,100,3,0,15,6,3,21,21,21,0,0,3,3300,14,1,8800,7,0,0,0,0,3,1,3,600,21,12,48,500,0,0,0,0,0,0,0,0,0,0,0,0,0,0,0,0,0,0,0,0,0,0,0,0,0,0,0,0,0,0,0,0,0,0,0,0,0,0,0,0,0,0,0,0,0,0,0,0,0,0,0,0,0,0,0,0,0,0,21,21,21,14100,200,8400,10200,0,0,0,0,0,0,0,0
yune,track-a-comparison,luna_pinyin,key_sequence_process_with_context,hao,73,3,3,72300,9,65600,169,21,800,21,100,300,1200,0,300,21,0,5,1,1300,5,1,100,3,0,15,6,3,21,21,21,0,0,3,3500,14,1,8600,7,0,0,0,0,3,1,3,700,21,12,48,400,0,0,0,0,0,0,0,0,0,0,0,0,0,0,0,0,0,0,0,0,0,0,0,0,0,0,0,0,0,0,0,0,0,0,0,0,0,0,0,0,0,0,0,0,0,0,0,0,0,0,0,0,0,0,0,0,0,0,21,21,21,14000,300,6500,8500,0,0,0,0,0,0,0,0
yune,track-a-comparison,luna_pinyin,key_sequence_process_with_context,hao,74,3,3,71200,9,64600,169,21,500,21,200,400,1300,100,400,21,0,5,1,1400,5,1,200,3,0,15,6,3,21,21,21,0,0,3,3400,14,1,8600,7,0,0,0,0,3,1,3,500,21,12,48,500,0,0,0,0,0,0,0,0,0,0,0,0,0,0,0,0,0,0,0,0,0,0,0,0,0,0,0,0,0,0,0,0,0,0,0,0,0,0,0,0,0,0,0,0,0,0,0,0,0,0,0,0,0,0,0,0,0,0,21,21,21,13900,300,6400,8200,0,0,0,0,0,0,0,0
yune,track-a-comparison,luna_pinyin,key_sequence_process_with_context,hao,75,3,3,71000,9,64200,169,21,400,21,100,600,1400,100,200,21,0,5,1,1400,5,1,100,3,0,15,6,3,21,21,21,0,0,3,3200,14,1,8700,7,0,0,0,0,3,1,3,500,21,12,48,300,0,0,0,0,0,0,0,0,0,0,0,0,0,0,0,0,0,0,0,0,0,0,0,0,0,0,0,0,0,0,0,0,0,0,0,0,0,0,0,0,0,0,0,0,0,0,0,0,0,0,0,0,0,0,0,0,0,0,21,21,21,13800,200,6500,8300,0,0,0,0,0,0,0,0
yune,track-a-comparison,luna_pinyin,key_sequence_process_with_context,hao,76,3,3,70300,9,63400,169,21,800,21,100,600,1400,0,300,21,0,5,1,1400,5,1,100,3,0,15,6,3,21,21,21,0,0,3,3100,14,1,8400,7,0,0,0,0,3,1,3,500,21,12,48,300,0,0,0,0,0,0,0,0,0,0,0,0,0,0,0,0,0,0,0,0,0,0,0,0,0,0,0,0,0,0,0,0,0,0,0,0,0,0,0,0,0,0,0,0,0,0,0,0,0,0,0,0,0,0,0,0,0,0,21,21,21,13500,200,6400,8200,0,0,0,0,0,0,0,0
yune,track-a-comparison,luna_pinyin,key_sequence_process_with_context,hao,77,3,3,70300,9,63300,169,21,400,21,100,600,1500,100,300,21,0,5,1,1300,5,1,100,3,0,15,6,3,21,21,21,0,0,3,3200,14,1,8600,7,0,0,0,0,3,1,3,500,21,12,48,300,0,0,0,0,0,0,0,0,0,0,0,0,0,0,0,0,0,0,0,0,0,0,0,0,0,0,0,0,0,0,0,0,0,0,0,0,0,0,0,0,0,0,0,0,0,0,0,0,0,0,0,0,0,0,0,0,0,0,21,21,21,13500,300,6400,8200,0,0,0,0,0,0,0,0
yune,track-a-comparison,luna_pinyin,key_sequence_process_with_context,hao,78,3,3,71100,9,64500,169,21,500,21,100,400,1400,0,400,21,0,5,1,1400,5,1,100,3,0,15,6,3,21,21,21,0,0,3,3300,14,1,8500,7,0,0,0,0,3,1,3,600,21,12,48,400,0,0,0,0,0,0,0,0,0,0,0,0,0,0,0,0,0,0,0,0,0,0,0,0,0,0,0,0,0,0,0,0,0,0,0,0,0,0,0,0,0,0,0,0,0,0,0,0,0,0,0,0,0,0,0,0,0,0,21,21,21,13600,100,6500,8300,0,0,0,0,0,0,0,0
yune,track-a-comparison,luna_pinyin,key_sequence_process_with_context,hao,79,3,3,70300,9,63500,169,21,700,21,0,500,1500,100,200,21,0,5,1,1300,5,1,200,3,0,15,6,3,21,21,21,0,0,3,3400,14,1,8500,7,0,0,0,0,3,1,3,400,21,12,48,600,0,0,0,0,0,0,0,0,0,0,0,0,0,0,0,0,0,0,0,0,0,0,0,0,0,0,0,0,0,0,0,0,0,0,0,0,0,0,0,0,0,0,0,0,0,0,0,0,0,0,0,0,0,0,0,0,0,0,21,21,21,13600,300,6500,8300,0,0,0,0,0,0,0,0
yune,track-a-comparison,luna_pinyin,key_sequence_process_with_context,zhongguo,0,8,8,352400,24,325500,296,160,4600,159,100,1100,10100,0,2200,159,0,5,1,1800,5,1,100,8,0,40,120,8,160,159,160,0,0,8,11600,31,7,160000,129,0,0,0,0,8,7,8,1100,61,12,121,600,0,0,0,0,0,0,0,0,0,0,0,0,0,0,0,0,0,0,0,0,0,0,0,0,0,0,0,0,0,0,0,0,0,0,0,0,0,0,0,0,0,0,0,0,0,0,0,0,0,0,0,0,0,0,0,0,0,0,0,0,0,0,0,0,0,0,0,0,0,0,0,0,0
yune,track-a-comparison,luna_pinyin,key_sequence_process_with_context,zhongguo,1,8,8,364800,24,336900,296,160,4700,159,200,1500,10500,0,2500,159,0,5,1,1700,5,1,100,8,0,40,120,8,160,159,160,0,0,8,11600,31,7,165300,129,0,0,0,0,8,7,8,1200,61,12,121,300,0,0,0,0,0,0,0,0,0,0,0,0,0,0,0,0,0,0,0,0,0,0,0,0,0,0,0,0,0,0,0,0,0,0,0,0,0,0,0,0,0,0,0,0,0,0,0,0,0,0,0,0,0,0,0,0,0,0,0,0,0,0,0,0,0,0,0,0,0,0,0,0,0
yune,track-a-comparison,luna_pinyin,key_sequence_process_with_context,zhongguo,2,8,8,363400,24,334900,296,160,4300,159,200,1600,10700,300,2300,159,0,5,1,1700,5,1,100,8,0,40,120,8,160,159,160,0,0,8,11700,31,7,166700,129,0,0,0,0,8,7,8,1400,61,12,121,800,0,0,0,0,0,0,0,0,0,0,0,0,0,0,0,0,0,0,0,0,0,0,0,0,0,0,0,0,0,0,0,0,0,0,0,0,0,0,0,0,0,0,0,0,0,0,0,0,0,0,0,0,0,0,0,0,0,0,0,0,0,0,0,0,0,0,0,0,0,0,0,0,0
yune,track-a-comparison,luna_pinyin,key_sequence_process_with_context,zhongguo,3,8,8,384700,24,356600,296,160,4700,159,300,1400,10500,300,2300,159,0,5,1,1600,5,1,100,8,0,40,120,8,160,159,160,0,0,8,11700,31,7,189100,129,0,0,0,0,8,7,8,1400,61,12,121,600,0,0,0,0,0,0,0,0,0,0,0,0,0,0,0,0,0,0,0,0,0,0,0,0,0,0,0,0,0,0,0,0,0,0,0,0,0,0,0,0,0,0,0,0,0,0,0,0,0,0,0,0,0,0,0,0,0,0,0,0,0,0,0,0,0,0,0,0,0,0,0,0,0
yune,track-a-comparison,luna_pinyin,key_sequence_process_with_context,zhongguo,4,8,8,363100,24,335600,296,160,4500,159,100,1200,10300,300,2300,159,0,5,1,1600,5,1,200,8,0,40,120,8,160,159,160,0,0,8,11700,31,7,168600,129,0,0,0,0,8,7,8,1400,61,12,121,400,0,0,0,0,0,0,0,0,0,0,0,0,0,0,0,0,0,0,0,0,0,0,0,0,0,0,0,0,0,0,0,0,0,0,0,0,0,0,0,0,0,0,0,0,0,0,0,0,0,0,0,0,0,0,0,0,0,0,0,0,0,0,0,0,0,0,0,0,0,0,0,0,0
yune,track-a-comparison,luna_pinyin,key_sequence_process_with_context,zhongguo,5,8,8,351300,24,323700,296,160,5300,159,200,1400,10200,200,2300,159,0,5,1,1500,5,1,100,8,0,40,120,8,160,159,160,0,0,8,11400,31,7,158900,129,0,0,0,0,8,7,8,1300,61,12,121,500,0,0,0,0,0,0,0,0,0,0,0,0,0,0,0,0,0,0,0,0,0,0,0,0,0,0,0,0,0,0,0,0,0,0,0,0,0,0,0,0,0,0,0,0,0,0,0,0,0,0,0,0,0,0,0,0,0,0,0,0,0,0,0,0,0,0,0,0,0,0,0,0,0
yune,track-a-comparison,luna_pinyin,key_sequence_process_with_context,zhongguo,6,8,8,355700,24,328300,296,160,5000,159,400,1600,10400,100,2300,159,0,5,1,1500,5,1,200,8,0,40,120,8,160,159,160,0,0,8,11200,31,7,159100,129,0,0,0,0,8,7,8,1200,61,12,121,400,0,0,0,0,0,0,0,0,0,0,0,0,0,0,0,0,0,0,0,0,0,0,0,0,0,0,0,0,0,0,0,0,0,0,0,0,0,0,0,0,0,0,0,0,0,0,0,0,0,0,0,0,0,0,0,0,0,0,0,0,0,0,0,0,0,0,0,0,0,0,0,0,0
yune,track-a-comparison,luna_pinyin,key_sequence_process_with_context,zhongguo,7,8,8,351300,24,324200,296,160,5100,159,400,1400,10300,100,2400,159,0,5,1,1500,5,1,100,8,0,40,120,8,160,159,160,0,0,8,11400,31,7,159500,129,0,0,0,0,8,7,8,1100,61,12,121,300,0,0,0,0,0,0,0,0,0,0,0,0,0,0,0,0,0,0,0,0,0,0,0,0,0,0,0,0,0,0,0,0,0,0,0,0,0,0,0,0,0,0,0,0,0,0,0,0,0,0,0,0,0,0,0,0,0,0,0,0,0,0,0,0,0,0,0,0,0,0,0,0,0
yune,track-a-comparison,luna_pinyin,key_sequence_process_with_context,zhongguo,8,8,8,350300,24,323500,296,160,5200,159,100,1400,10400,300,2200,159,0,5,1,1500,5,1,100,8,0,40,120,8,160,159,160,0,0,8,11400,31,7,159300,129,0,0,0,0,8,7,8,1300,61,12,121,300,0,0,0,0,0,0,0,0,0,0,0,0,0,0,0,0,0,0,0,0,0,0,0,0,0,0,0,0,0,0,0,0,0,0,0,0,0,0,0,0,0,0,0,0,0,0,0,0,0,0,0,0,0,0,0,0,0,0,0,0,0,0,0,0,0,0,0,0,0,0,0,0,0
yune,track-a-comparison,luna_pinyin,key_sequence_process_with_context,zhongguo,9,8,8,375800,24,347900,296,160,5100,159,200,1400,10300,300,2400,159,0,5,1,1700,5,1,200,8,0,40,120,8,160,159,160,0,0,8,11300,31,7,182600,129,0,0,0,0,8,7,8,1300,61,12,121,400,0,0,0,0,0,0,0,0,0,0,0,0,0,0,0,0,0,0,0,0,0,0,0,0,0,0,0,0,0,0,0,0,0,0,0,0,0,0,0,0,0,0,0,0,0,0,0,0,0,0,0,0,0,0,0,0,0,0,0,0,0,0,0,0,0,0,0,0,0,0,0,0,0
yune,track-a-comparison,luna_pinyin,key_sequence_process_with_context,zhongguo,10,8,8,352100,24,324300,296,160,5000,159,300,1500,10300,300,2300,159,0,5,1,1600,5,1,100,8,0,40,120,8,160,159,160,0,0,8,11300,31,7,160200,129,0,0,0,0,8,7,8,1200,61,12,121,700,0,0,0,0,0,0,0,0,0,0,0,0,0,0,0,0,0,0,0,0,0,0,0,0,0,0,0,0,0,0,0,0,0,0,0,0,0,0,0,0,0,0,0,0,0,0,0,0,0,0,0,0,0,0,0,0,0,0,0,0,0,0,0,0,0,0,0,0,0,0,0,0,0
yune,track-a-comparison,luna_pinyin,key_sequence_process_with_context,zhongguo,11,8,8,354300,24,327000,296,160,4600,159,300,1400,10400,100,2300,159,0,5,1,1500,5,1,100,8,0,40,120,8,160,159,160,0,0,8,11500,31,7,162400,129,0,0,0,0,8,7,8,1100,61,12,121,300,0,0,0,0,0,0,0,0,0,0,0,0,0,0,0,0,0,0,0,0,0,0,0,0,0,0,0,0,0,0,0,0,0,0,0,0,0,0,0,0,0,0,0,0,0,0,0,0,0,0,0,0,0,0,0,0,0,0,0,0,0,0,0,0,0,0,0,0,0,0,0,0,0
yune,track-a-comparison,luna_pinyin,key_sequence_process_with_context,zhongguo,12,8,8,351700,24,324600,296,160,4700,159,200,1300,10600,300,2200,159,0,5,1,1500,5,1,100,8,0,40,120,8,160,159,160,0,0,8,11400,31,7,160100,129,0,0,0,0,8,7,8,1200,61,12,121,300,0,0,0,0,0,0,0,0,0,0,0,0,0,0,0,0,0,0,0,0,0,0,0,0,0,0,0,0,0,0,0,0,0,0,0,0,0,0,0,0,0,0,0,0,0,0,0,0,0,0,0,0,0,0,0,0,0,0,0,0,0,0,0,0,0,0,0,0,0,0,0,0,0
yune,track-a-comparison,luna_pinyin,key_sequence_process_with_context,zhongguo,13,8,8,351800,24,324800,296,160,4700,159,100,1300,10200,300,2500,159,0,5,1,1600,5,1,100,8,0,40,120,8,160,159,160,0,0,8,11200,31,7,159700,129,0,0,0,0,8,7,8,1000,61,12,121,700,0,0,0,0,0,0,0,0,0,0,0,0,0,0,0,0,0,0,0,0,0,0,0,0,0,0,0,0,0,0,0,0,0,0,0,0,0,0,0,0,0,0,0,0,0,0,0,0,0,0,0,0,0,0,0,0,0,0,0,0,0,0,0,0,0,0,0,0,0,0,0,0,0
yune,track-a-comparison,luna_pinyin,key_sequence_process_with_context,zhongguo,14,8,8,354600,24,327000,296,160,4700,159,100,1500,10600,300,2300,159,0,5,1,1500,5,1,100,8,0,40,120,8,160,159,160,0,0,8,11500,31,7,160100,129,0,0,0,0,8,7,8,1400,61,12,121,400,0,0,0,0,0,0,0,0,0,0,0,0,0,0,0,0,0,0,0,0,0,0,0,0,0,0,0,0,0,0,0,0,0,0,0,0,0,0,0,0,0,0,0,0,0,0,0,0,0,0,0,0,0,0,0,0,0,0,0,0,0,0,0,0,0,0,0,0,0,0,0,0,0
yune,track-a-comparison,luna_pinyin,key_sequence_process_with_context,zhongguo,15,8,8,351800,24,324000,296,160,4500,159,300,1300,10400,200,2400,159,0,5,1,1500,5,1,200,8,0,40,120,8,160,159,160,0,0,8,11500,31,7,160100,129,0,0,0,0,8,7,8,1100,61,12,121,500,0,0,0,0,0,0,0,0,0,0,0,0,0,0,0,0,0,0,0,0,0,0,0,0,0,0,0,0,0,0,0,0,0,0,0,0,0,0,0,0,0,0,0,0,0,0,0,0,0,0,0,0,0,0,0,0,0,0,0,0,0,0,0,0,0,0,0,0,0,0,0,0,0
yune,track-a-comparison,luna_pinyin,key_sequence_process_with_context,zhongguo,16,8,8,354800,24,327300,296,160,4700,159,0,1200,10200,100,2300,159,0,5,1,1600,5,1,100,8,0,40,120,8,160,159,160,0,0,8,11200,31,7,163500,129,0,0,0,0,8,7,8,1400,61,12,121,700,0,0,0,0,0,0,0,0,0,0,0,0,0,0,0,0,0,0,0,0,0,0,0,0,0,0,0,0,0,0,0,0,0,0,0,0,0,0,0,0,0,0,0,0,0,0,0,0,0,0,0,0,0,0,0,0,0,0,0,0,0,0,0,0,0,0,0,0,0,0,0,0,0
yune,track-a-comparison,luna_pinyin,key_sequence_process_with_context,zhongguo,17,8,8,350800,24,323500,296,160,4300,159,200,1300,10000,400,2100,159,0,5,1,1600,5,1,100,8,0,40,120,8,160,159,160,0,0,8,11400,31,7,159600,129,0,0,0,0,8,7,8,1400,61,12,121,400,0,0,0,0,0,0,0,0,0,0,0,0,0,0,0,0,0,0,0,0,0,0,0,0,0,0,0,0,0,0,0,0,0,0,0,0,0,0,0,0,0,0,0,0,0,0,0,0,0,0,0,0,0,0,0,0,0,0,0,0,0,0,0,0,0,0,0,0,0,0,0,0,0
yune,track-a-comparison,luna_pinyin,key_sequence_process_with_context,zhongguo,18,8,8,351000,24,324200,296,160,5000,159,100,1300,10200,300,2300,159,0,5,1,1500,5,1,100,8,0,40,120,8,160,159,160,0,0,8,11300,31,7,160600,129,0,0,0,0,8,7,8,1100,61,12,121,300,0,0,0,0,0,0,0,0,0,0,0,0,0,0,0,0,0,0,0,0,0,0,0,0,0,0,0,0,0,0,0,0,0,0,0,0,0,0,0,0,0,0,0,0,0,0,0,0,0,0,0,0,0,0,0,0,0,0,0,0,0,0,0,0,0,0,0,0,0,0,0,0,0
yune,track-a-comparison,luna_pinyin,key_sequence_process_with_context,zhongguo,19,8,8,356200,24,328400,296,160,4900,159,300,1400,10600,400,2200,159,0,5,1,1700,5,1,100,8,0,40,120,8,160,159,160,0,0,8,11400,31,7,164600,129,0,0,0,0,8,7,8,1000,61,12,121,400,0,0,0,0,0,0,0,0,0,0,0,0,0,0,0,0,0,0,0,0,0,0,0,0,0,0,0,0,0,0,0,0,0,0,0,0,0,0,0,0,0,0,0,0,0,0,0,0,0,0,0,0,0,0,0,0,0,0,0,0,0,0,0,0,0,0,0,0,0,0,0,0,0
yune,track-a-comparison,luna_pinyin,key_sequence_process_with_context,zhongguo,20,8,8,350100,24,323100,296,160,4900,159,200,1300,10100,100,2700,159,0,5,1,1500,5,1,100,8,0,40,120,8,160,159,160,0,0,8,11300,31,7,160400,129,0,0,0,0,8,7,8,1400,61,12,121,400,0,0,0,0,0,0,0,0,0,0,0,0,0,0,0,0,0,0,0,0,0,0,0,0,0,0,0,0,0,0,0,0,0,0,0,0,0,0,0,0,0,0,0,0,0,0,0,0,0,0,0,0,0,0,0,0,0,0,0,0,0,0,0,0,0,0,0,0,0,0,0,0,0
yune,track-a-comparison,luna_pinyin,key_sequence_process_with_context,zhongguo,21,8,8,349100,24,322500,296,160,4700,159,200,1500,10200,100,2200,159,0,5,1,1600,5,1,100,8,0,40,120,8,160,159,160,0,0,8,11300,31,7,159300,129,0,0,0,0,8,7,8,1100,61,12,121,300,0,0,0,0,0,0,0,0,0,0,0,0,0,0,0,0,0,0,0,0,0,0,0,0,0,0,0,0,0,0,0,0,0,0,0,0,0,0,0,0,0,0,0,0,0,0,0,0,0,0,0,0,0,0,0,0,0,0,0,0,0,0,0,0,0,0,0,0,0,0,0,0,0
yune,track-a-comparison,luna_pinyin,key_sequence_process_with_context,zhongguo,22,8,8,355200,24,328100,296,160,4400,159,100,1300,9700,100,2600,159,0,5,1,1500,5,1,200,8,0,40,120,8,160,159,160,0,0,8,11300,31,7,160100,129,0,0,0,0,8,7,8,1200,61,12,121,300,0,0,0,0,0,0,0,0,0,0,0,0,0,0,0,0,0,0,0,0,0,0,0,0,0,0,0,0,0,0,0,0,0,0,0,0,0,0,0,0,0,0,0,0,0,0,0,0,0,0,0,0,0,0,0,0,0,0,0,0,0,0,0,0,0,0,0,0,0,0,0,0,0
yune,track-a-comparison,luna_pinyin,key_sequence_process_with_context,zhongguo,23,8,8,350100,24,323200,296,160,5100,159,400,1400,10100,400,2200,159,0,5,1,1600,5,1,100,8,0,40,120,8,160,159,160,0,0,8,11400,31,7,160500,129,0,0,0,0,8,7,8,1100,61,12,121,600,0,0,0,0,0,0,0,0,0,0,0,0,0,0,0,0,0,0,0,0,0,0,0,0,0,0,0,0,0,0,0,0,0,0,0,0,0,0,0,0,0,0,0,0,0,0,0,0,0,0,0,0,0,0,0,0,0,0,0,0,0,0,0,0,0,0,0,0,0,0,0,0,0
yune,track-a-comparison,luna_pinyin,key_sequence_process_with_context,zhongguo,24,8,8,357300,24,329700,296,160,4600,159,300,1500,10400,0,2200,159,0,5,1,1500,5,1,100,8,0,40,120,8,160,159,160,0,0,8,11600,31,7,162500,129,0,0,0,0,8,7,8,1200,61,12,121,400,0,0,0,0,0,0,0,0,0,0,0,0,0,0,0,0,0,0,0,0,0,0,0,0,0,0,0,0,0,0,0,0,0,0,0,0,0,0,0,0,0,0,0,0,0,0,0,0,0,0,0,0,0,0,0,0,0,0,0,0,0,0,0,0,0,0,0,0,0,0,0,0,0
yune,track-a-comparison,luna_pinyin,key_sequence_process_with_context,zhongguo,25,8,8,354900,24,327300,296,160,4300,159,200,1400,10200,100,2200,159,0,5,1,1500,5,1,200,8,0,40,120,8,160,159,160,0,0,8,11400,31,7,164000,129,0,0,0,0,8,7,8,1200,61,12,121,300,0,0,0,0,0,0,0,0,0,0,0,0,0,0,0,0,0,0,0,0,0,0,0,0,0,0,0,0,0,0,0,0,0,0,0,0,0,0,0,0,0,0,0,0,0,0,0,0,0,0,0,0,0,0,0,0,0,0,0,0,0,0,0,0,0,0,0,0,0,0,0,0,0
yune,track-a-comparison,luna_pinyin,key_sequence_process_with_context,zhongguo,26,8,8,356600,24,329400,296,160,4600,159,300,1200,10000,100,2400,159,0,5,1,1500,5,1,100,8,0,40,120,8,160,159,160,0,0,8,11400,31,7,165200,129,0,0,0,0,8,7,8,1100,61,12,121,500,0,0,0,0,0,0,0,0,0,0,0,0,0,0,0,0,0,0,0,0,0,0,0,0,0,0,0,0,0,0,0,0,0,0,0,0,0,0,0,0,0,0,0,0,0,0,0,0,0,0,0,0,0,0,0,0,0,0,0,0,0,0,0,0,0,0,0,0,0,0,0,0,0
yune,track-a-comparison,luna_pinyin,key_sequence_process_with_context,zhongguo,27,8,8,359000,24,331800,296,160,5100,159,200,1500,10300,300,2300,159,0,5,1,1500,5,1,200,8,0,40,120,8,160,159,160,0,0,8,11200,31,7,165700,129,0,0,0,0,8,7,8,1000,61,12,121,600,0,0,0,0,0,0,0,0,0,0,0,0,0,0,0,0,0,0,0,0,0,0,0,0,0,0,0,0,0,0,0,0,0,0,0,0,0,0,0,0,0,0,0,0,0,0,0,0,0,0,0,0,0,0,0,0,0,0,0,0,0,0,0,0,0,0,0,0,0,0,0,0,0
yune,track-a-comparison,luna_pinyin,key_sequence_process_with_context,zhongguo,28,8,8,362500,24,334900,296,160,5400,159,500,1400,10100,0,2500,159,0,5,1,1600,5,1,200,8,0,40,120,8,160,159,160,0,0,8,11100,31,7,170900,129,0,0,0,0,8,7,8,1200,61,12,121,400,0,0,0,0,0,0,0,0,0,0,0,0,0,0,0,0,0,0,0,0,0,0,0,0,0,0,0,0,0,0,0,0,0,0,0,0,0,0,0,0,0,0,0,0,0,0,0,0,0,0,0,0,0,0,0,0,0,0,0,0,0,0,0,0,0,0,0,0,0,0,0,0,0
yune,track-a-comparison,luna_pinyin,key_sequence_process_with_context,zhongguo,29,8,8,352800,24,325200,296,160,4900,159,500,1600,10200,100,2100,159,0,5,1,1500,5,1,100,8,0,40,120,8,160,159,160,0,0,8,11600,31,7,161600,129,0,0,0,0,8,7,8,1200,61,12,121,500,0,0,0,0,0,0,0,0,0,0,0,0,0,0,0,0,0,0,0,0,0,0,0,0,0,0,0,0,0,0,0,0,0,0,0,0,0,0,0,0,0,0,0,0,0,0,0,0,0,0,0,0,0,0,0,0,0,0,0,0,0,0,0,0,0,0,0,0,0,0,0,0,0
yune,track-a-comparison,luna_pinyin,key_sequence_process_with_context,zhongguo,30,8,8,354600,24,326900,296,160,4700,159,400,1300,10400,100,2600,159,0,5,1,1500,5,1,200,8,0,40,120,8,160,159,160,0,0,8,11500,31,7,163000,129,0,0,0,0,8,7,8,1200,61,12,121,600,0,0,0,0,0,0,0,0,0,0,0,0,0,0,0,0,0,0,0,0,0,0,0,0,0,0,0,0,0,0,0,0,0,0,0,0,0,0,0,0,0,0,0,0,0,0,0,0,0,0,0,0,0,0,0,0,0,0,0,0,0,0,0,0,0,0,0,0,0,0,0,0,0
yune,track-a-comparison,luna_pinyin,key_sequence_process_with_context,zhongguo,31,8,8,351900,24,324400,296,160,4900,159,300,1500,10300,300,2300,159,0,5,1,1500,5,1,100,8,0,40,120,8,160,159,160,0,0,8,11700,31,7,160400,129,0,0,0,0,8,7,8,1300,61,12,121,700,0,0,0,0,0,0,0,0,0,0,0,0,0,0,0,0,0,0,0,0,0,0,0,0,0,0,0,0,0,0,0,0,0,0,0,0,0,0,0,0,0,0,0,0,0,0,0,0,0,0,0,0,0,0,0,0,0,0,0,0,0,0,0,0,0,0,0,0,0,0,0,0,0
yune,track-a-comparison,luna_pinyin,key_sequence_process_with_context,zhongguo,32,8,8,356200,24,328500,296,160,4900,159,200,1500,10300,200,2400,159,0,5,1,1500,5,1,100,8,0,40,120,8,160,159,160,0,0,8,11400,31,7,164500,129,0,0,0,0,8,7,8,1100,61,12,121,400,0,0,0,0,0,0,0,0,0,0,0,0,0,0,0,0,0,0,0,0,0,0,0,0,0,0,0,0,0,0,0,0,0,0,0,0,0,0,0,0,0,0,0,0,0,0,0,0,0,0,0,0,0,0,0,0,0,0,0,0,0,0,0,0,0,0,0,0,0,0,0,0,0
yune,track-a-comparison,luna_pinyin,key_sequence_process_with_context,zhongguo,33,8,8,352300,24,325200,296,160,4700,159,200,1500,10400,100,2100,159,0,5,1,1500,5,1,200,8,0,40,120,8,160,159,160,0,0,8,11400,31,7,160800,129,0,0,0,0,8,7,8,1000,61,12,121,400,0,0,0,0,0,0,0,0,0,0,0,0,0,0,0,0,0,0,0,0,0,0,0,0,0,0,0,0,0,0,0,0,0,0,0,0,0,0,0,0,0,0,0,0,0,0,0,0,0,0,0,0,0,0,0,0,0,0,0,0,0,0,0,0,0,0,0,0,0,0,0,0,0
yune,track-a-comparison,luna_pinyin,key_sequence_process_with_context,zhongguo,34,8,8,356800,24,326700,296,160,5300,159,100,1200,12600,0,2300,159,0,5,1,1600,5,1,100,8,0,40,120,8,160,159,160,0,0,8,11700,31,7,162200,129,0,0,0,0,8,7,8,1100,61,12,121,600,0,0,0,0,0,0,0,0,0,0,0,0,0,0,0,0,0,0,0,0,0,0,0,0,0,0,0,0,0,0,0,0,0,0,0,0,0,0,0,0,0,0,0,0,0,0,0,0,0,0,0,0,0,0,0,0,0,0,0,0,0,0,0,0,0,0,0,0,0,0,0,0,0
yune,track-a-comparison,luna_pinyin,key_sequence_process_with_context,zhongguo,35,8,8,353700,24,325900,296,160,5300,159,300,1300,10300,200,2400,159,0,5,1,1500,5,1,200,8,0,40,120,8,160,159,160,0,0,8,11400,31,7,161800,129,0,0,0,0,8,7,8,900,61,12,121,400,0,0,0,0,0,0,0,0,0,0,0,0,0,0,0,0,0,0,0,0,0,0,0,0,0,0,0,0,0,0,0,0,0,0,0,0,0,0,0,0,0,0,0,0,0,0,0,0,0,0,0,0,0,0,0,0,0,0,0,0,0,0,0,0,0,0,0,0,0,0,0,0,0
yune,track-a-comparison,luna_pinyin,key_sequence_process_with_context,zhongguo,36,8,8,351900,24,324500,296,160,5100,159,300,1400,10100,200,2300,159,0,5,1,1500,5,1,100,8,0,40,120,8,160,159,160,0,0,8,11400,31,7,160100,129,0,0,0,0,8,7,8,1300,61,12,121,700,0,0,0,0,0,0,0,0,0,0,0,0,0,0,0,0,0,0,0,0,0,0,0,0,0,0,0,0,0,0,0,0,0,0,0,0,0,0,0,0,0,0,0,0,0,0,0,0,0,0,0,0,0,0,0,0,0,0,0,0,0,0,0,0,0,0,0,0,0,0,0,0,0
yune,track-a-comparison,luna_pinyin,key_sequence_process_with_context,zhongguo,37,8,8,353400,24,326500,296,160,4100,159,300,1400,10100,300,2400,159,0,5,1,1500,5,1,200,8,0,40,120,8,160,159,160,0,0,8,11300,31,7,162400,129,0,0,0,0,8,7,8,1100,61,12,121,500,0,0,0,0,0,0,0,0,0,0,0,0,0,0,0,0,0,0,0,0,0,0,0,0,0,0,0,0,0,0,0,0,0,0,0,0,0,0,0,0,0,0,0,0,0,0,0,0,0,0,0,0,0,0,0,0,0,0,0,0,0,0,0,0,0,0,0,0,0,0,0,0,0
yune,track-a-comparison,luna_pinyin,key_sequence_process_with_context,zhongguo,38,8,8,352600,24,325600,296,160,5000,159,100,1300,10100,200,2500,159,0,5,1,1500,5,1,100,8,0,40,120,8,160,159,160,0,0,8,11300,31,7,160300,129,0,0,0,0,8,7,8,1400,61,12,121,600,0,0,0,0,0,0,0,0,0,0,0,0,0,0,0,0,0,0,0,0,0,0,0,0,0,0,0,0,0,0,0,0,0,0,0,0,0,0,0,0,0,0,0,0,0,0,0,0,0,0,0,0,0,0,0,0,0,0,0,0,0,0,0,0,0,0,0,0,0,0,0,0,0
yune,track-a-comparison,luna_pinyin,key_sequence_process_with_context,zhongguo,39,8,8,349500,24,322700,296,160,5100,159,100,1300,10200,0,2300,159,0,5,1,1500,5,1,100,8,0,40,120,8,160,159,160,0,0,8,11300,31,7,159700,129,0,0,0,0,8,7,8,1100,61,12,121,600,0,0,0,0,0,0,0,0,0,0,0,0,0,0,0,0,0,0,0,0,0,0,0,0,0,0,0,0,0,0,0,0,0,0,0,0,0,0,0,0,0,0,0,0,0,0,0,0,0,0,0,0,0,0,0,0,0,0,0,0,0,0,0,0,0,0,0,0,0,0,0,0,0
yune,track-a-comparison,luna_pinyin,key_sequence_process_with_context,zhongguo,40,8,8,359100,24,331900,296,160,5000,159,300,1300,10100,200,2300,159,0,5,1,1600,5,1,100,8,0,40,120,8,160,159,160,0,0,8,11200,31,7,162700,129,0,0,0,0,8,7,8,1100,61,12,121,600,0,0,0,0,0,0,0,0,0,0,0,0,0,0,0,0,0,0,0,0,0,0,0,0,0,0,0,0,0,0,0,0,0,0,0,0,0,0,0,0,0,0,0,0,0,0,0,0,0,0,0,0,0,0,0,0,0,0,0,0,0,0,0,0,0,0,0,0,0,0,0,0,0
yune,track-a-comparison,luna_pinyin,key_sequence_process_with_context,zhongguo,41,8,8,352400,24,324800,296,160,4200,159,100,1300,10400,200,2300,159,0,5,1,1600,5,1,100,8,0,40,120,8,160,159,160,0,0,8,11700,31,7,160700,129,0,0,0,0,8,7,8,1300,61,12,121,500,0,0,0,0,0,0,0,0,0,0,0,0,0,0,0,0,0,0,0,0,0,0,0,0,0,0,0,0,0,0,0,0,0,0,0,0,0,0,0,0,0,0,0,0,0,0,0,0,0,0,0,0,0,0,0,0,0,0,0,0,0,0,0,0,0,0,0,0,0,0,0,0,0
yune,track-a-comparison,luna_pinyin,key_sequence_process_with_context,zhongguo,42,8,8,352800,24,325700,296,160,5100,159,300,1600,10300,400,2300,159,0,5,1,1500,5,1,100,8,0,40,120,8,160,159,160,0,0,8,11300,31,7,159800,129,0,0,0,0,8,7,8,1100,61,12,121,400,0,0,0,0,0,0,0,0,0,0,0,0,0,0,0,0,0,0,0,0,0,0,0,0,0,0,0,0,0,0,0,0,0,0,0,0,0,0,0,0,0,0,0,0,0,0,0,0,0,0,0,0,0,0,0,0,0,0,0,0,0,0,0,0,0,0,0,0,0,0,0,0,0
yune,track-a-comparison,luna_pinyin,key_sequence_process_with_context,zhongguo,43,8,8,354700,24,327400,296,160,4900,159,200,1400,10400,100,2300,159,0,5,1,1500,5,1,100,8,0,40,120,8,160,159,160,0,0,8,11700,31,7,160800,129,0,0,0,0,8,7,8,1300,61,12,121,400,0,0,0,0,0,0,0,0,0,0,0,0,0,0,0,0,0,0,0,0,0,0,0,0,0,0,0,0,0,0,0,0,0,0,0,0,0,0,0,0,0,0,0,0,0,0,0,0,0,0,0,0,0,0,0,0,0,0,0,0,0,0,0,0,0,0,0,0,0,0,0,0,0
yune,track-a-comparison,luna_pinyin,key_sequence_process_with_context,zhongguo,44,8,8,355200,24,327900,296,160,5400,159,400,1600,10300,200,2400,159,0,5,1,1400,5,1,100,8,0,40,120,8,160,159,160,0,0,8,11600,31,7,162800,129,0,0,0,0,8,7,8,1100,61,12,121,600,0,0,0,0,0,0,0,0,0,0,0,0,0,0,0,0,0,0,0,0,0,0,0,0,0,0,0,0,0,0,0,0,0,0,0,0,0,0,0,0,0,0,0,0,0,0,0,0,0,0,0,0,0,0,0,0,0,0,0,0,0,0,0,0,0,0,0,0,0,0,0,0,0
yune,track-a-comparison,luna_pinyin,key_sequence_process_with_context,zhongguo,45,8,8,356100,24,328900,296,160,5100,159,200,1400,10200,400,2300,159,0,5,1,1500,5,1,100,8,0,40,120,8,160,159,160,0,0,8,11700,31,7,160500,129,0,0,0,0,8,7,8,1300,61,12,121,500,0,0,0,0,0,0,0,0,0,0,0,0,0,0,0,0,0,0,0,0,0,0,0,0,0,0,0,0,0,0,0,0,0,0,0,0,0,0,0,0,0,0,0,0,0,0,0,0,0,0,0,0,0,0,0,0,0,0,0,0,0,0,0,0,0,0,0,0,0,0,0,0,0
yune,track-a-comparison,luna_pinyin,key_sequence_process_with_context,zhongguo,46,8,8,350000,24,323300,296,160,4800,159,200,1500,10300,300,2300,159,0,5,1,1500,5,1,100,8,0,40,120,8,160,159,160,0,0,8,11600,31,7,158700,129,0,0,0,0,8,7,8,1300,61,12,121,400,0,0,0,0,0,0,0,0,0,0,0,0,0,0,0,0,0,0,0,0,0,0,0,0,0,0,0,0,0,0,0,0,0,0,0,0,0,0,0,0,0,0,0,0,0,0,0,0,0,0,0,0,0,0,0,0,0,0,0,0,0,0,0,0,0,0,0,0,0,0,0,0,0
yune,track-a-comparison,luna_pinyin,key_sequence_process_with_context,zhongguo,47,8,8,364700,24,337900,296,160,5800,159,0,1200,10300,200,2300,159,0,5,1,1600,5,1,100,8,0,40,120,8,160,159,160,0,0,8,11700,31,7,172900,129,0,0,0,0,8,7,8,1000,61,12,121,500,0,0,0,0,0,0,0,0,0,0,0,0,0,0,0,0,0,0,0,0,0,0,0,0,0,0,0,0,0,0,0,0,0,0,0,0,0,0,0,0,0,0,0,0,0,0,0,0,0,0,0,0,0,0,0,0,0,0,0,0,0,0,0,0,0,0,0,0,0,0,0,0,0
yune,track-a-comparison,luna_pinyin,key_sequence_process_with_context,zhongguo,48,8,8,354800,24,327200,296,160,5400,159,200,1400,10400,200,2300,159,0,5,1,2100,5,1,100,8,0,40,120,8,160,159,160,0,0,8,11300,31,7,162300,129,0,0,0,0,8,7,8,1500,61,12,121,500,0,0,0,0,0,0,0,0,0,0,0,0,0,0,0,0,0,0,0,0,0,0,0,0,0,0,0,0,0,0,0,0,0,0,0,0,0,0,0,0,0,0,0,0,0,0,0,0,0,0,0,0,0,0,0,0,0,0,0,0,0,0,0,0,0,0,0,0,0,0,0,0,0
yune,track-a-comparison,luna_pinyin,key_sequence_process_with_context,zhongguo,49,8,8,353100,24,326300,296,160,5200,159,200,1300,10000,200,2400,159,0,5,1,1500,5,1,100,8,0,40,120,8,160,159,160,0,0,8,11200,31,7,161800,129,0,0,0,0,8,7,8,1000,61,12,121,600,0,0,0,0,0,0,0,0,0,0,0,0,0,0,0,0,0,0,0,0,0,0,0,0,0,0,0,0,0,0,0,0,0,0,0,0,0,0,0,0,0,0,0,0,0,0,0,0,0,0,0,0,0,0,0,0,0,0,0,0,0,0,0,0,0,0,0,0,0,0,0,0,0
yune,track-a-comparison,luna_pinyin,key_sequence_process_with_context,zhongguo,50,8,8,368700,24,336500,296,160,4500,159,400,6200,10300,200,2300,159,0,5,1,1600,5,1,100,8,0,40,120,8,160,159,160,0,0,8,11500,31,7,171800,129,0,0,0,0,8,7,8,1300,61,12,121,400,0,0,0,0,0,0,0,0,0,0,0,0,0,0,0,0,0,0,0,0,0,0,0,0,0,0,0,0,0,0,0,0,0,0,0,0,0,0,0,0,0,0,0,0,0,0,0,0,0,0,0,0,0,0,0,0,0,0,0,0,0,0,0,0,0,0,0,0,0,0,0,0,0
yune,track-a-comparison,luna_pinyin,key_sequence_process_with_context,zhongguo,51,8,8,354200,24,327100,296,160,5000,159,200,1400,10400,0,2300,159,0,5,1,1600,5,1,100,8,0,40,120,8,160,159,160,0,0,8,11400,31,7,163700,129,0,0,0,0,8,7,8,1200,61,12,121,500,0,0,0,0,0,0,0,0,0,0,0,0,0,0,0,0,0,0,0,0,0,0,0,0,0,0,0,0,0,0,0,0,0,0,0,0,0,0,0,0,0,0,0,0,0,0,0,0,0,0,0,0,0,0,0,0,0,0,0,0,0,0,0,0,0,0,0,0,0,0,0,0,0
yune,track-a-comparison,luna_pinyin,key_sequence_process_with_context,zhongguo,52,8,8,352100,24,325600,296,160,4700,159,0,1400,10000,200,2200,159,0,5,1,1500,5,1,100,8,0,40,120,8,160,159,160,0,0,8,11300,31,7,162800,129,0,0,0,0,8,7,8,1000,61,12,121,400,0,0,0,0,0,0,0,0,0,0,0,0,0,0,0,0,0,0,0,0,0,0,0,0,0,0,0,0,0,0,0,0,0,0,0,0,0,0,0,0,0,0,0,0,0,0,0,0,0,0,0,0,0,0,0,0,0,0,0,0,0,0,0,0,0,0,0,0,0,0,0,0,0
yune,track-a-comparison,luna_pinyin,key_sequence_process_with_context,zhongguo,53,8,8,350600,24,323900,296,160,3900,159,100,1300,10000,100,2300,159,0,5,1,1500,5,1,200,8,0,40,120,8,160,159,160,0,0,8,11400,31,7,160900,129,0,0,0,0,8,7,8,1200,61,12,121,300,0,0,0,0,0,0,0,0,0,0,0,0,0,0,0,0,0,0,0,0,0,0,0,0,0,0,0,0,0,0,0,0,0,0,0,0,0,0,0,0,0,0,0,0,0,0,0,0,0,0,0,0,0,0,0,0,0,0,0,0,0,0,0,0,0,0,0,0,0,0,0,0,0
yune,track-a-comparison,luna_pinyin,key_sequence_process_with_context,zhongguo,54,8,8,349400,24,322700,296,160,5600,159,300,1400,9900,100,2300,159,0,5,1,1500,5,1,100,8,0,40,120,8,160,159,160,0,0,8,11300,31,7,158600,129,0,0,0,0,8,7,8,1300,61,12,121,500,0,0,0,0,0,0,0,0,0,0,0,0,0,0,0,0,0,0,0,0,0,0,0,0,0,0,0,0,0,0,0,0,0,0,0,0,0,0,0,0,0,0,0,0,0,0,0,0,0,0,0,0,0,0,0,0,0,0,0,0,0,0,0,0,0,0,0,0,0,0,0,0,0
yune,track-a-comparison,luna_pinyin,key_sequence_process_with_context,zhongguo,55,8,8,352400,24,325400,296,160,4600,159,100,1100,10300,300,2300,159,0,5,1,1500,5,1,100,8,0,40,120,8,160,159,160,0,0,8,11200,31,7,159600,129,0,0,0,0,8,7,8,1300,61,12,121,600,0,0,0,0,0,0,0,0,0,0,0,0,0,0,0,0,0,0,0,0,0,0,0,0,0,0,0,0,0,0,0,0,0,0,0,0,0,0,0,0,0,0,0,0,0,0,0,0,0,0,0,0,0,0,0,0,0,0,0,0,0,0,0,0,0,0,0,0,0,0,0,0,0
yune,track-a-comparison,luna_pinyin,key_sequence_process_with_context,zhongguo,56,8,8,351700,24,324600,296,160,5600,159,100,1400,10300,0,2300,159,0,5,1,1500,5,1,200,8,0,40,120,8,160,159,160,0,0,8,11500,31,7,160200,129,0,0,0,0,8,7,8,1200,61,12,121,400,0,0,0,0,0,0,0,0,0,0,0,0,0,0,0,0,0,0,0,0,0,0,0,0,0,0,0,0,0,0,0,0,0,0,0,0,0,0,0,0,0,0,0,0,0,0,0,0,0,0,0,0,0,0,0,0,0,0,0,0,0,0,0,0,0,0,0,0,0,0,0,0,0
yune,track-a-comparison,luna_pinyin,key_sequence_process_with_context,zhongguo,57,8,8,352600,24,325500,296,160,4300,159,200,1500,10100,100,2400,159,0,5,1,1500,5,1,100,8,0,40,120,8,160,159,160,0,0,8,11300,31,7,159900,129,0,0,0,0,8,7,8,1400,61,12,121,400,0,0,0,0,0,0,0,0,0,0,0,0,0,0,0,0,0,0,0,0,0,0,0,0,0,0,0,0,0,0,0,0,0,0,0,0,0,0,0,0,0,0,0,0,0,0,0,0,0,0,0,0,0,0,0,0,0,0,0,0,0,0,0,0,0,0,0,0,0,0,0,0,0
yune,track-a-comparison,luna_pinyin,key_sequence_process_with_context,zhongguo,58,8,8,353500,24,326200,296,160,4700,159,400,1300,10200,300,2300,159,0,5,1,1500,5,1,200,8,0,40,120,8,160,159,160,0,0,8,11500,31,7,162200,129,0,0,0,0,8,7,8,1000,61,12,121,400,0,0,0,0,0,0,0,0,0,0,0,0,0,0,0,0,0,0,0,0,0,0,0,0,0,0,0,0,0,0,0,0,0,0,0,0,0,0,0,0,0,0,0,0,0,0,0,0,0,0,0,0,0,0,0,0,0,0,0,0,0,0,0,0,0,0,0,0,0,0,0,0,0
yune,track-a-comparison,luna_pinyin,key_sequence_process_with_context,zhongguo,59,8,8,356600,24,328900,296,160,5300,159,0,1300,10400,400,2300,159,0,5,1,1600,5,1,100,8,0,40,120,8,160,159,160,0,0,8,11600,31,7,163900,129,0,0,0,0,8,7,8,1300,61,12,121,600,0,0,0,0,0,0,0,0,0,0,0,0,0,0,0,0,0,0,0,0,0,0,0,0,0,0,0,0,0,0,0,0,0,0,0,0,0,0,0,0,0,0,0,0,0,0,0,0,0,0,0,0,0,0,0,0,0,0,0,0,0,0,0,0,0,0,0,0,0,0,0,0,0
yune,track-a-comparison,luna_pinyin,key_sequence_process_with_context,zhongguo,60,8,8,356300,24,328600,296,160,4900,159,400,1500,10400,500,2200,159,0,5,1,1600,5,1,100,8,0,40,120,8,160,159,160,0,0,8,11500,31,7,164900,129,0,0,0,0,8,7,8,1000,61,12,121,400,0,0,0,0,0,0,0,0,0,0,0,0,0,0,0,0,0,0,0,0,0,0,0,0,0,0,0,0,0,0,0,0,0,0,0,0,0,0,0,0,0,0,0,0,0,0,0,0,0,0,0,0,0,0,0,0,0,0,0,0,0,0,0,0,0,0,0,0,0,0,0,0,0
yune,track-a-comparison,luna_pinyin,key_sequence_process_with_context,zhongguo,61,8,8,358000,24,331000,296,160,4600,159,200,1200,10200,100,2400,159,0,5,1,1500,5,1,200,8,0,40,120,8,160,159,160,0,0,8,11400,31,7,165600,129,0,0,0,0,8,7,8,1400,61,12,121,500,0,0,0,0,0,0,0,0,0,0,0,0,0,0,0,0,0,0,0,0,0,0,0,0,0,0,0,0,0,0,0,0,0,0,0,0,0,0,0,0,0,0,0,0,0,0,0,0,0,0,0,0,0,0,0,0,0,0,0,0,0,0,0,0,0,0,0,0,0,0,0,0,0
yune,track-a-comparison,luna_pinyin,key_sequence_process_with_context,zhongguo,62,8,8,356500,24,329600,296,160,4900,159,200,1200,10200,100,2300,159,0,5,1,1600,5,1,200,8,0,40,120,8,160,159,160,0,0,8,11500,31,7,164900,129,0,0,0,0,8,7,8,1000,61,12,121,400,0,0,0,0,0,0,0,0,0,0,0,0,0,0,0,0,0,0,0,0,0,0,0,0,0,0,0,0,0,0,0,0,0,0,0,0,0,0,0,0,0,0,0,0,0,0,0,0,0,0,0,0,0,0,0,0,0,0,0,0,0,0,0,0,0,0,0,0,0,0,0,0,0
yune,track-a-comparison,luna_pinyin,key_sequence_process_with_context,zhongguo,63,8,8,364300,24,336600,296,160,4600,159,200,1400,10400,300,2400,159,0,5,1,1600,5,1,200,8,0,40,120,8,160,159,160,0,0,8,11500,31,7,171200,129,0,0,0,0,8,7,8,1100,61,12,121,600,0,0,0,0,0,0,0,0,0,0,0,0,0,0,0,0,0,0,0,0,0,0,0,0,0,0,0,0,0,0,0,0,0,0,0,0,0,0,0,0,0,0,0,0,0,0,0,0,0,0,0,0,0,0,0,0,0,0,0,0,0,0,0,0,0,0,0,0,0,0,0,0,0
yune,track-a-comparison,luna_pinyin,key_sequence_process_with_context,zhongguo,64,8,8,361200,24,333400,296,160,5400,159,400,1400,10300,300,2400,159,0,5,1,1600,5,1,100,8,0,40,120,8,160,159,160,0,0,8,11200,31,7,168000,129,0,0,0,0,8,7,8,1100,61,12,121,500,0,0,0,0,0,0,0,0,0,0,0,0,0,0,0,0,0,0,0,0,0,0,0,0,0,0,0,0,0,0,0,0,0,0,0,0,0,0,0,0,0,0,0,0,0,0,0,0,0,0,0,0,0,0,0,0,0,0,0,0,0,0,0,0,0,0,0,0,0,0,0,0,0
yune,track-a-comparison,luna_pinyin,key_sequence_process_with_context,zhongguo,65,8,8,353000,24,326000,296,160,5000,159,400,1500,10100,200,2400,159,0,5,1,1500,5,1,100,8,0,40,120,8,160,159,160,0,0,8,11700,31,7,161900,129,0,0,0,0,8,7,8,1200,61,12,121,500,0,0,0,0,0,0,0,0,0,0,0,0,0,0,0,0,0,0,0,0,0,0,0,0,0,0,0,0,0,0,0,0,0,0,0,0,0,0,0,0,0,0,0,0,0,0,0,0,0,0,0,0,0,0,0,0,0,0,0,0,0,0,0,0,0,0,0,0,0,0,0,0,0
yune,track-a-comparison,luna_pinyin,key_sequence_process_with_context,zhongguo,66,8,8,348700,24,321800,296,160,4200,159,200,1500,10400,300,2200,159,0,5,1,1500,5,1,100,8,0,40,120,8,160,159,160,0,0,8,11300,31,7,158400,129,0,0,0,0,8,7,8,1300,61,12,121,300,0,0,0,0,0,0,0,0,0,0,0,0,0,0,0,0,0,0,0,0,0,0,0,0,0,0,0,0,0,0,0,0,0,0,0,0,0,0,0,0,0,0,0,0,0,0,0,0,0,0,0,0,0,0,0,0,0,0,0,0,0,0,0,0,0,0,0,0,0,0,0,0,0
yune,track-a-comparison,luna_pinyin,key_sequence_process_with_context,zhongguo,67,8,8,348600,24,321800,296,160,4900,159,300,1400,10000,200,2300,159,0,5,1,1500,5,1,100,8,0,40,120,8,160,159,160,0,0,8,11400,31,7,157800,129,0,0,0,0,8,7,8,1100,61,12,121,400,0,0,0,0,0,0,0,0,0,0,0,0,0,0,0,0,0,0,0,0,0,0,0,0,0,0,0,0,0,0,0,0,0,0,0,0,0,0,0,0,0,0,0,0,0,0,0,0,0,0,0,0,0,0,0,0,0,0,0,0,0,0,0,0,0,0,0,0,0,0,0,0,0
yune,track-a-comparison,luna_pinyin,key_sequence_process_with_context,zhongguo,68,8,8,352500,24,325700,296,160,5600,159,0,1200,10100,200,2600,159,0,5,1,1500,5,1,100,8,0,40,120,8,160,159,160,0,0,8,11100,31,7,161800,129,0,0,0,0,8,7,8,1000,61,12,121,300,0,0,0,0,0,0,0,0,0,0,0,0,0,0,0,0,0,0,0,0,0,0,0,0,0,0,0,0,0,0,0,0,0,0,0,0,0,0,0,0,0,0,0,0,0,0,0,0,0,0,0,0,0,0,0,0,0,0,0,0,0,0,0,0,0,0,0,0,0,0,0,0,0
yune,track-a-comparison,luna_pinyin,key_sequence_process_with_context,zhongguo,69,8,8,349300,24,321800,296,160,5400,159,500,1400,10100,200,2400,159,0,5,1,1500,5,1,100,8,0,40,120,8,160,159,160,0,0,8,11400,31,7,158500,129,0,0,0,0,8,7,8,1400,61,12,121,600,0,0,0,0,0,0,0,0,0,0,0,0,0,0,0,0,0,0,0,0,0,0,0,0,0,0,0,0,0,0,0,0,0,0,0,0,0,0,0,0,0,0,0,0,0,0,0,0,0,0,0,0,0,0,0,0,0,0,0,0,0,0,0,0,0,0,0,0,0,0,0,0,0
yune,track-a-comparison,luna_pinyin,key_sequence_process_with_context,zhongguo,70,8,8,347500,24,320800,296,160,5300,159,100,1300,10200,400,2200,159,0,5,1,1500,5,1,100,8,0,40,120,8,160,159,160,0,0,8,11200,31,7,158000,129,0,0,0,0,8,7,8,1200,61,12,121,400,0,0,0,0,0,0,0,0,0,0,0,0,0,0,0,0,0,0,0,0,0,0,0,0,0,0,0,0,0,0,0,0,0,0,0,0,0,0,0,0,0,0,0,0,0,0,0,0,0,0,0,0,0,0,0,0,0,0,0,0,0,0,0,0,0,0,0,0,0,0,0,0,0
yune,track-a-comparison,luna_pinyin,key_sequence_process_with_context,zhongguo,71,8,8,352500,24,325300,296,160,4300,159,300,1400,10100,200,2400,159,0,5,1,1600,5,1,200,8,0,40,120,8,160,159,160,0,0,8,11400,31,7,159400,129,0,0,0,0,8,7,8,1200,61,12,121,300,0,0,0,0,0,0,0,0,0,0,0,0,0,0,0,0,0,0,0,0,0,0,0,0,0,0,0,0,0,0,0,0,0,0,0,0,0,0,0,0,0,0,0,0,0,0,0,0,0,0,0,0,0,0,0,0,0,0,0,0,0,0,0,0,0,0,0,0,0,0,0,0,0
yune,track-a-comparison,luna_pinyin,key_sequence_process_with_context,zhongguo,72,8,8,354300,24,326700,296,160,4400,159,200,1500,10500,200,2400,159,0,5,1,1500,5,1,100,8,0,40,120,8,160,159,160,0,0,8,11300,31,7,162500,129,0,0,0,0,8,7,8,1200,61,12,121,400,0,0,0,0,0,0,0,0,0,0,0,0,0,0,0,0,0,0,0,0,0,0,0,0,0,0,0,0,0,0,0,0,0,0,0,0,0,0,0,0,0,0,0,0,0,0,0,0,0,0,0,0,0,0,0,0,0,0,0,0,0,0,0,0,0,0,0,0,0,0,0,0,0
yune,track-a-comparison,luna_pinyin,key_sequence_process_with_context,zhongguo,73,8,8,352500,24,325100,296,160,5000,159,300,1600,10400,200,2400,159,0,5,1,1400,5,1,100,8,0,40,120,8,160,159,160,0,0,8,11400,31,7,162200,129,0,0,0,0,8,7,8,1100,61,12,121,600,0,0,0,0,0,0,0,0,0,0,0,0,0,0,0,0,0,0,0,0,0,0,0,0,0,0,0,0,0,0,0,0,0,0,0,0,0,0,0,0,0,0,0,0,0,0,0,0,0,0,0,0,0,0,0,0,0,0,0,0,0,0,0,0,0,0,0,0,0,0,0,0,0
yune,track-a-comparison,luna_pinyin,key_sequence_process_with_context,zhongguo,74,8,8,352800,24,325400,296,160,5300,159,400,1400,10400,300,2100,159,0,5,1,1500,5,1,100,8,0,40,120,8,160,159,160,0,0,8,11400,31,7,161800,129,0,0,0,0,8,7,8,1300,61,12,121,400,0,0,0,0,0,0,0,0,0,0,0,0,0,0,0,0,0,0,0,0,0,0,0,0,0,0,0,0,0,0,0,0,0,0,0,0,0,0,0,0,0,0,0,0,0,0,0,0,0,0,0,0,0,0,0,0,0,0,0,0,0,0,0,0,0,0,0,0,0,0,0,0,0
yune,track-a-comparison,luna_pinyin,key_sequence_process_with_context,zhongguo,75,8,8,354600,24,327300,296,160,4700,159,300,1400,10200,200,2400,159,0,5,1,1500,5,1,100,8,0,40,120,8,160,159,160,0,0,8,11200,31,7,163900,129,0,0,0,0,8,7,8,1300,61,12,121,300,0,0,0,0,0,0,0,0,0,0,0,0,0,0,0,0,0,0,0,0,0,0,0,0,0,0,0,0,0,0,0,0,0,0,0,0,0,0,0,0,0,0,0,0,0,0,0,0,0,0,0,0,0,0,0,0,0,0,0,0,0,0,0,0,0,0,0,0,0,0,0,0,0
yune,track-a-comparison,luna_pinyin,key_sequence_process_with_context,zhongguo,76,8,8,356800,24,329900,296,160,5500,159,100,1300,10100,100,2500,159,0,5,1,1500,5,1,100,8,0,40,120,8,160,159,160,0,0,8,11600,31,7,164600,129,0,0,0,0,8,7,8,1300,61,12,121,400,0,0,0,0,0,0,0,0,0,0,0,0,0,0,0,0,0,0,0,0,0,0,0,0,0,0,0,0,0,0,0,0,0,0,0,0,0,0,0,0,0,0,0,0,0,0,0,0,0,0,0,0,0,0,0,0,0,0,0,0,0,0,0,0,0,0,0,0,0,0,0,0,0
yune,track-a-comparison,luna_pinyin,key_sequence_process_with_context,zhongguo,77,8,8,355000,24,328200,296,160,4500,159,200,1100,10100,0,2500,159,0,5,1,1600,5,1,100,8,0,40,120,8,160,159,160,0,0,8,11300,31,7,165100,129,0,0,0,0,8,7,8,1300,61,12,121,400,0,0,0,0,0,0,0,0,0,0,0,0,0,0,0,0,0,0,0,0,0,0,0,0,0,0,0,0,0,0,0,0,0,0,0,0,0,0,0,0,0,0,0,0,0,0,0,0,0,0,0,0,0,0,0,0,0,0,0,0,0,0,0,0,0,0,0,0,0,0,0,0,0
yune,track-a-comparison,luna_pinyin,key_sequence_process_with_context,zhongguo,78,8,8,352100,24,325400,296,160,5000,159,200,1300,10100,200,2200,159,0,5,1,1600,5,1,100,8,0,40,120,8,160,159,160,0,0,8,11500,31,7,162200,129,0,0,0,0,8,7,8,1300,61,12,121,400,0,0,0,0,0,0,0,0,0,0,0,0,0,0,0,0,0,0,0,0,0,0,0,0,0,0,0,0,0,0,0,0,0,0,0,0,0,0,0,0,0,0,0,0,0,0,0,0,0,0,0,0,0,0,0,0,0,0,0,0,0,0,0,0,0,0,0,0,0,0,0,0,0
yune,track-a-comparison,luna_pinyin,key_sequence_process_with_context,zhongguo,79,8,8,349200,24,321900,296,160,4800,159,300,1600,10200,100,2100,159,0,5,1,1500,5,1,100,8,0,40,120,8,160,159,160,0,0,8,11600,31,7,158500,129,0,0,0,0,8,7,8,1400,61,12,121,400,0,0,0,0,0,0,0,0,0,0,0,0,0,0,0,0,0,0,0,0,0,0,0,0,0,0,0,0,0,0,0,0,0,0,0,0,0,0,0,0,0,0,0,0,0,0,0,0,0,0,0,0,0,0,0,0,0,0,0,0,0,0,0,0,0,0,0,0,0,0,0,0,0
yune,track-a-comparison,luna_pinyin,key_sequence_process_with_context,ceshiyixiachangjushuruxingnengzenyang,0,37,37,22420000,111,22261300,184,115,3800,249,1100,14100,31200,1100,4300,249,0,5,1,3100,5,1,500,37,0,185,555,37,740,249,250,0,0,37,437200,28,36,292200,87,0,0,0,0,37,36,37,4200,37,7,260,500,0,0,0,0,0,0,0,0,0,0,0,0,0,0,0,27,20433100,135,2170,233,3950,401,0,0,821,1072,1893,277,277,355,293,355,1893,821,0,27,19895100,26,19377000,11,0,0,0,0,0,0,0,0,0,0,0,0,0,0,0,0,0,0,0,0,0,0,0,0,0,0,0,0,0,0,0,0,0
yune,track-a-comparison,luna_pinyin,key_sequence_process_with_context,ceshiyixiachangjushuruxingnengzenyang,1,37,37,22812300,111,22670600,184,115,3900,249,600,12000,30300,900,4900,249,0,5,1,3000,5,1,200,37,0,185,555,37,740,249,250,0,0,37,450300,28,36,316000,87,0,0,0,0,37,36,37,3600,37,7,260,600,0,0,0,0,0,0,0,0,0,0,0,0,0,0,0,27,20818200,135,2170,233,3950,401,0,0,821,1072,1893,277,277,355,293,355,1893,821,0,27,20280300,26,19761900,11,0,0,0,0,0,0,0,0,0,0,0,0,0,0,0,0,0,0,0,0,0,0,0,0,0,0,0,0,0,0,0,0,0
yune,track-a-comparison,luna_pinyin,key_sequence_process_with_context,ceshiyixiachangjushuruxingnengzenyang,2,37,37,22806500,111,22663700,184,115,4100,249,900,12100,31200,800,4200,249,0,5,1,2800,5,1,300,37,0,185,555,37,740,249,250,0,0,37,432400,28,36,294900,87,0,0,0,0,37,36,37,5500,37,7,260,400,0,0,0,0,0,0,0,0,0,0,0,0,0,0,0,27,20843900,135,2170,233,3950,401,0,0,821,1072,1893,277,277,355,293,355,1893,821,0,27,20311900,26,19786600,11,0,0,0,0,0,0,0,0,0,0,0,0,0,0,0,0,0,0,0,0,0,0,0,0,0,0,0,0,0,0,0,0,0
yune,track-a-comparison,luna_pinyin,key_sequence_process_with_context,ceshiyixiachangjushuruxingnengzenyang,3,37,37,23062400,111,22924100,184,115,3500,249,1000,12400,28300,1100,4900,249,0,5,1,2800,5,1,200,37,0,185,555,37,740,249,250,0,0,37,455400,28,36,291100,87,0,0,0,0,37,36,37,3200,37,7,260,300,0,0,0,0,0,0,0,0,0,0,0,0,0,0,0,27,21052600,135,2170,233,3950,401,0,0,821,1072,1893,277,277,355,293,355,1893,821,0,27,20524000,26,19989100,11,0,0,0,0,0,0,0,0,0,0,0,0,0,0,0,0,0,0,0,0,0,0,0,0,0,0,0,0,0,0,0,0,0
yune,track-a-comparison,luna_pinyin,key_sequence_process_with_context,ceshiyixiachangjushuruxingnengzenyang,4,37,37,23253900,111,23109100,184,115,3900,249,1000,11700,29000,800,4900,249,0,5,1,3400,5,1,200,37,0,185,555,37,740,249,250,0,0,37,456900,28,36,286200,87,0,0,0,0,37,36,37,3400,37,7,260,400,0,0,0,0,0,0,0,0,0,0,0,0,0,0,0,27,21235500,135,2170,233,3950,401,0,0,821,1072,1893,277,277,355,293,355,1893,821,0,27,20706300,26,20172700,11,0,0,0,0,0,0,0,0,0,0,0,0,0,0,0,0,0,0,0,0,0,0,0,0,0,0,0,0,0,0,0,0,0
yune,track-a-comparison,luna_pinyin,key_sequence_process_with_context,ceshiyixiachangjushuruxingnengzenyang,5,37,37,23055200,111,22915100,184,115,3700,249,900,12000,28600,900,4800,249,0,5,1,2400,5,1,200,37,0,185,555,37,740,249,250,0,0,37,460700,28,36,286800,87,0,0,0,0,37,36,37,3700,37,7,260,400,0,0,0,0,0,0,0,0,0,0,0,0,0,0,0,27,21048100,135,2170,233,3950,401,0,0,821,1072,1893,277,277,355,293,355,1893,821,0,27,20524600,26,20009300,11,0,0,0,0,0,0,0,0,0,0,0,0,0,0,0,0,0,0,0,0,0,0,0,0,0,0,0,0,0,0,0,0,0
yune,track-a-comparison,luna_pinyin,key_sequence_process_with_context,ceshiyixiachangjushuruxingnengzenyang,6,37,37,23054200,111,22909900,184,115,4400,249,900,12000,29800,1200,4300,249,0,5,1,2900,5,1,200,37,0,185,555,37,740,249,250,0,0,37,456000,28,36,285800,87,0,0,0,0,37,36,37,4200,37,7,260,300,0,0,0,0,0,0,0,0,0,0,0,0,0,0,0,27,21035000,135,2170,233,3950,401,0,0,821,1072,1893,277,277,355,293,355,1893,821,0,27,20516800,26,19990900,11,0,0,0,0,0,0,0,0,0,0,0,0,0,0,0,0,0,0,0,0,0,0,0,0,0,0,0,0,0,0,0,0,0
yune,track-a-comparison,luna_pinyin,key_sequence_process_with_context,ceshiyixiachangjushuruxingnengzenyang,7,37,37,23082700,111,22944600,184,115,4000,249,900,11900,29000,500,4500,249,0,5,1,2700,5,1,200,37,0,185,555,37,740,249,250,0,0,37,456500,28,36,282700,87,0,0,0,0,37,36,37,3500,37,7,260,500,0,0,0,0,0,0,0,0,0,0,0,0,0,0,0,27,21080200,135,2170,233,3950,401,0,0,821,1072,1893,277,277,355,293,355,1893,821,0,27,20561800,26,20045300,11,0,0,0,0,0,0,0,0,0,0,0,0,0,0,0,0,0,0,0,0,0,0,0,0,0,0,0,0,0,0,0,0,0
yune,track-a-comparison,luna_pinyin,key_sequence_process_with_context,ceshiyixiachangjushuruxingnengzenyang,8,37,37,23107100,111,22968000,184,115,3800,249,800,12100,28800,600,4200,249,0,5,1,2600,5,1,200,37,0,185,555,37,740,249,250,0,0,37,465800,28,36,282800,87,0,0,0,0,37,36,37,3800,37,7,260,300,0,0,0,0,0,0,0,0,0,0,0,0,0,0,0,27,21089600,135,2170,233,3950,401,0,0,821,1072,1893,277,277,355,293,355,1893,821,0,27,20569200,26,20034400,11,0,0,0,0,0,0,0,0,0,0,0,0,0,0,0,0,0,0,0,0,0,0,0,0,0,0,0,0,0,0,0,0,0
yune,track-a-comparison,luna_pinyin,key_sequence_process_with_context,ceshiyixiachangjushuruxingnengzenyang,9,37,37,23494900,111,23355700,184,115,3900,249,1300,11700,30100,600,4300,249,0,5,1,2900,5,1,400,37,0,185,555,37,740,249,250,0,0,37,465500,28,36,284400,87,0,0,0,0,37,36,37,3200,37,7,260,400,0,0,0,0,0,0,0,0,0,0,0,0,0,0,0,27,21455000,135,2170,233,3950,401,0,0,821,1072,1893,277,277,355,293,355,1893,821,0,27,20909600,26,20376400,11,0,0,0,0,0,0,0,0,0,0,0,0,0,0,0,0,0,0,0,0,0,0,0,0,0,0,0,0,0,0,0,0,0
yune,track-a-comparison,luna_pinyin,key_sequence_process_with_context,ceshiyixiachangjushuruxingnengzenyang,10,37,37,23365600,111,23220000,184,115,3400,249,1000,12500,31800,900,4800,249,0,5,1,25000,5,1,400,37,0,185,555,37,740,249,250,0,0,37,470900,28,36,292200,87,0,0,0,0,37,36,37,3400,37,7,260,700,0,0,0,0,0,0,0,0,0,0,0,0,0,0,0,27,21289200,135,2170,233,3950,401,0,0,821,1072,1893,277,277,355,293,355,1893,821,0,27,20754900,26,20206700,11,0,0,0,0,0,0,0,0,0,0,0,0,0,0,0,0,0,0,0,0,0,0,0,0,0,0,0,0,0,0,0,0,0
yune,track-a-comparison,luna_pinyin,key_sequence_process_with_context,ceshiyixiachangjushuruxingnengzenyang,11,37,37,23265200,111,23125400,184,115,3600,249,1200,12200,28900,500,4500,249,0,5,1,3000,5,1,500,37,0,185,555,37,740,249,250,0,0,37,473200,28,36,291800,87,0,0,0,0,37,36,37,3300,37,7,260,400,0,0,0,0,0,0,0,0,0,0,0,0,0,0,0,27,21203400,135,2170,233,3950,401,0,0,821,1072,1893,277,277,355,293,355,1893,821,0,27,20669500,26,20133800,11,0,0,0,0,0,0,0,0,0,0,0,0,0,0,0,0,0,0,0,0,0,0,0,0,0,0,0,0,0,0,0,0,0
yune,track-a-comparison,luna_pinyin,key_sequence_process_with_context,ceshiyixiachangjushuruxingnengzenyang,12,37,37,23150200,111,23007900,184,115,3600,249,1000,11700,29700,900,4600,249,0,5,1,2600,5,1,200,37,0,185,555,37,740,249,250,0,0,37,464700,28,36,287400,87,0,0,0,0,37,36,37,5200,37,7,260,400,0,0,0,0,0,0,0,0,0,0,0,0,0,0,0,27,21099200,135,2170,233,3950,401,0,0,821,1072,1893,277,277,355,293,355,1893,821,0,27,20573400,26,20046800,11,0,0,0,0,0,0,0,0,0,0,0,0,0,0,0,0,0,0,0,0,0,0,0,0,0,0,0,0,0,0,0,0,0
yune,track-a-comparison,luna_pinyin,key_sequence_process_with_context,ceshiyixiachangjushuruxingnengzenyang,13,37,37,23056700,111,22918000,184,115,3400,249,1000,12600,29400,800,4500,249,0,5,1,2400,5,1,200,37,0,185,555,37,740,249,250,0,0,37,454900,28,36,289900,87,0,0,0,0,37,36,37,3500,37,7,260,300,0,0,0,0,0,0,0,0,0,0,0,0,0,0,0,27,21035600,135,2170,233,3950,401,0,0,821,1072,1893,277,277,355,293,355,1893,821,0,27,20517300,26,19991200,11,0,0,0,0,0,0,0,0,0,0,0,0,0,0,0,0,0,0,0,0,0,0,0,0,0,0,0,0,0,0,0,0,0
yune,track-a-comparison,luna_pinyin,key_sequence_process_with_context,ceshiyixiachangjushuruxingnengzenyang,14,37,37,23128900,111,22992200,184,115,3500,249,1700,12100,27500,700,4800,249,0,5,1,2500,5,1,200,37,0,185,555,37,740,249,250,0,0,37,460100,28,36,285400,87,0,0,0,0,37,36,37,3200,37,7,260,600,0,0,0,0,0,0,0,0,0,0,0,0,0,0,0,27,21120600,135,2170,233,3950,401,0,0,821,1072,1893,277,277,355,293,355,1893,821,0,27,20594300,26,20076100,11,0,0,0,0,0,0,0,0,0,0,0,0,0,0,0,0,0,0,0,0,0,0,0,0,0,0,0,0,0,0,0,0,0
yune,track-a-comparison,luna_pinyin,key_sequence_process_with_context,ceshiyixiachangjushuruxingnengzenyang,15,37,37,23145500,111,23004400,184,115,3800,249,1800,12100,29700,800,4200,249,0,5,1,2300,5,1,200,37,0,185,555,37,740,249,250,0,0,37,454800,28,36,288100,87,0,0,0,0,37,36,37,3300,37,7,260,400,0,0,0,0,0,0,0,0,0,0,0,0,0,0,0,27,21135800,135,2170,233,3950,401,0,0,821,1072,1893,277,277,355,293,355,1893,821,0,27,20604800,26,20071700,11,0,0,0,0,0,0,0,0,0,0,0,0,0,0,0,0,0,0,0,0,0,0,0,0,0,0,0,0,0,0,0,0,0
yune,track-a-comparison,luna_pinyin,key_sequence_process_with_context,ceshiyixiachangjushuruxingnengzenyang,16,37,37,22961400,111,22819300,184,115,3700,249,1500,11700,29200,1100,4600,249,0,5,1,2500,5,1,400,37,0,185,555,37,740,249,250,0,0,37,447300,28,36,286900,87,0,0,0,0,37,36,37,4000,37,7,260,300,0,0,0,0,0,0,0,0,0,0,0,0,0,0,0,27,20977700,135,2170,233,3950,401,0,0,821,1072,1893,277,277,355,293,355,1893,821,0,27,20435700,26,19917500,11,0,0,0,0,0,0,0,0,0,0,0,0,0,0,0,0,0,0,0,0,0,0,0,0,0,0,0,0,0,0,0,0,0
yune,track-a-comparison,luna_pinyin,key_sequence_process_with_context,ceshiyixiachangjushuruxingnengzenyang,17,37,37,22240900,111,22108200,184,115,4100,249,700,10900,28300,1000,3900,249,0,5,1,2500,5,1,300,37,0,185,555,37,740,249,250,0,0,37,438300,28,36,286800,87,0,0,0,0,37,36,37,3900,37,7,260,800,0,0,0,0,0,0,0,0,0,0,0,0,0,0,0,27,20287400,135,2170,233,3950,401,0,0,821,1072,1893,277,277,355,293,355,1893,821,0,27,19772300,26,19262200,11,0,0,0,0,0,0,0,0,0,0,0,0,0,0,0,0,0,0,0,0,0,0,0,0,0,0,0,0,0,0,0,0,0
yune,track-a-comparison,luna_pinyin,key_sequence_process_with_context,ceshiyixiachangjushuruxingnengzenyang,18,37,37,23251400,111,23106000,184,115,3300,249,1200,11900,30200,800,5000,249,0,5,1,3000,5,1,400,37,0,185,555,37,740,249,250,0,0,37,445800,28,36,294500,87,0,0,0,0,37,36,37,4100,37,7,260,600,0,0,0,0,0,0,0,0,0,0,0,0,0,0,0,27,21208600,135,2170,233,3950,401,0,0,821,1072,1893,277,277,355,293,355,1893,821,0,27,20678500,26,20173700,11,0,0,0,0,0,0,0,0,0,0,0,0,0,0,0,0,0,0,0,0,0,0,0,0,0,0,0,0,0,0,0,0,0
yune,track-a-comparison,luna_pinyin,key_sequence_process_with_context,ceshiyixiachangjushuruxingnengzenyang,19,37,37,22871200,111,22732200,184,115,3700,249,400,11900,28700,600,4600,249,0,5,1,1900,5,1,200,37,0,185,555,37,740,249,250,0,0,37,429500,28,36,287200,87,0,0,0,0,37,36,37,3900,37,7,260,400,0,0,0,0,0,0,0,0,0,0,0,0,0,0,0,27,20943400,135,2170,233,3950,401,0,0,821,1072,1893,277,277,355,293,355,1893,821,0,27,20422900,26,19901600,11,0,0,0,0,0,0,0,0,0,0,0,0,0,0,0,0,0,0,0,0,0,0,0,0,0,0,0,0,0,0,0,0,0
yune,track-a-comparison,luna_pinyin,key_sequence_process_with_context,ceshiyixiachangjushuruxingnengzenyang,20,37,37,22902300,111,22764700,184,115,4000,249,1200,11800,27900,600,4800,249,0,5,1,1900,5,1,100,37,0,185,555,37,740,249,250,0,0,37,429900,28,36,278200,87,0,0,0,0,37,36,37,4100,37,7,260,300,0,0,0,0,0,0,0,0,0,0,0,0,0,0,0,27,20988200,135,2170,233,3950,401,0,0,821,1072,1893,277,277,355,293,355,1893,821,0,27,20474600,26,19940500,11,0,0,0,0,0,0,0,0,0,0,0,0,0,0,0,0,0,0,0,0,0,0,0,0,0,0,0,0,0,0,0,0,0
yune,track-a-comparison,luna_pinyin,key_sequence_process_with_context,ceshiyixiachangjushuruxingnengzenyang,21,37,37,24640100,111,24481000,184,115,3500,249,1100,13200,31400,900,5400,249,0,5,1,3900,5,1,500,37,0,185,555,37,740,249,250,0,0,37,436300,28,36,288800,87,0,0,0,0,37,36,37,3400,37,7,260,500,0,0,0,0,0,0,0,0,0,0,0,0,0,0,0,27,22677000,135,2170,233,3950,401,0,0,821,1072,1893,277,277,355,293,355,1893,821,0,27,22095300,26,21519800,11,0,0,0,0,0,0,0,0,0,0,0,0,0,0,0,0,0,0,0,0,0,0,0,0,0,0,0,0,0,0,0,0,0
yune,track-a-comparison,luna_pinyin,key_sequence_process_with_context,ceshiyixiachangjushuruxingnengzenyang,22,37,37,23014600,111,22873200,184,115,4400,249,1100,12200,31200,1000,4500,249,0,5,1,3000,5,1,600,37,0,185,555,37,740,249,250,0,0,37,429200,28,36,298900,87,0,0,0,0,37,36,37,5200,37,7,260,700,0,0,0,0,0,0,0,0,0,0,0,0,0,0,0,27,21035100,135,2170,233,3950,401,0,0,821,1072,1893,277,277,355,293,355,1893,821,0,27,20507300,26,19973800,11,0,0,0,0,0,0,0,0,0,0,0,0,0,0,0,0,0,0,0,0,0,0,0,0,0,0,0,0,0,0,0,0,0
yune,track-a-comparison,luna_pinyin,key_sequence_process_with_context,ceshiyixiachangjushuruxingnengzenyang,23,37,37,23025000,111,22887000,184,115,3600,249,1200,12300,28600,700,4200,249,0,5,1,2600,5,1,200,37,0,185,555,37,740,249,250,0,0,37,429700,28,36,282600,87,0,0,0,0,37,36,37,4200,37,7,260,400,0,0,0,0,0,0,0,0,0,0,0,0,0,0,0,27,21097500,135,2170,233,3950,401,0,0,821,1072,1893,277,277,355,293,355,1893,821,0,27,20567500,26,20043500,11,0,0,0,0,0,0,0,0,0,0,0,0,0,0,0,0,0,0,0,0,0,0,0,0,0,0,0,0,0,0,0,0,0
yune,track-a-comparison,luna_pinyin,key_sequence_process_with_context,ceshiyixiachangjushuruxingnengzenyang,24,37,37,22971000,111,22828700,184,115,3000,249,1200,12100,29900,400,4900,249,0,5,1,2600,5,1,100,37,0,185,555,37,740,249,250,0,0,37,428700,28,36,281900,87,0,0,0,0,37,36,37,4800,37,7,260,600,0,0,0,0,0,0,0,0,0,0,0,0,0,0,0,27,21046200,135,2170,233,3950,401,0,0,821,1072,1893,277,277,355,293,355,1893,821,0,27,20523000,26,19989800,11,0,0,0,0,0,0,0,0,0,0,0,0,0,0,0,0,0,0,0,0,0,0,0,0,0,0,0,0,0,0,0,0,0
yune,track-a-comparison,luna_pinyin,key_sequence_process_with_context,ceshiyixiachangjushuruxingnengzenyang,25,37,37,23040700,111,22900800,184,115,4300,249,1100,12200,28000,700,4100,249,0,5,1,2000,5,1,100,37,0,185,555,37,740,249,250,0,0,37,429400,28,36,280400,87,0,0,0,0,37,36,37,4100,37,7,260,400,0,0,0,0,0,0,0,0,0,0,0,0,0,0,0,27,21119200,135,2170,233,3950,401,0,0,821,1072,1893,277,277,355,293,355,1893,821,0,27,20591800,26,20071600,11,0,0,0,0,0,0,0,0,0,0,0,0,0,0,0,0,0,0,0,0,0,0,0,0,0,0,0,0,0,0,0,0,0
yune,track-a-comparison,luna_pinyin,key_sequence_process_with_context,ceshiyixiachangjushuruxingnengzenyang,26,37,37,22983400,111,22846900,184,115,3500,249,1300,12200,28200,1000,4300,249,0,5,1,2200,5,1,200,37,0,185,555,37,740,249,250,0,0,37,434200,28,36,279800,87,0,0,0,0,37,36,37,3500,37,7,260,400,0,0,0,0,0,0,0,0,0,0,0,0,0,0,0,27,21065100,135,2170,233,3950,401,0,0,821,1072,1893,277,277,355,293,355,1893,821,0,27,20538800,26,20023500,11,0,0,0,0,0,0,0,0,0,0,0,0,0,0,0,0,0,0,0,0,0,0,0,0,0,0,0,0,0,0,0,0,0
yune,track-a-comparison,luna_pinyin,key_sequence_process_with_context,ceshiyixiachangjushuruxingnengzenyang,27,37,37,22988800,111,22838300,184,115,4500,249,1500,13000,29900,800,4700,249,0,5,1,2300,5,1,100,37,0,185,555,37,740,249,250,0,0,37,442700,28,36,280100,87,0,0,0,0,37,36,37,3300,37,7,260,500,0,0,0,0,0,0,0,0,0,0,0,0,0,0,0,27,21043700,135,2170,233,3950,401,0,0,821,1072,1893,277,277,355,293,355,1893,821,0,27,20509100,26,19995400,11,0,0,0,0,0,0,0,0,0,0,0,0,0,0,0,0,0,0,0,0,0,0,0,0,0,0,0,0,0,0,0,0,0
yune,track-a-comparison,luna_pinyin,key_sequence_process_with_context,ceshiyixiachangjushuruxingnengzenyang,28,37,37,23122400,111,22983400,184,115,3600,249,1200,11500,28800,900,4300,249,0,5,1,2200,5,1,200,37,0,185,555,37,740,249,250,0,0,37,429200,28,36,278000,87,0,0,0,0,37,36,37,8500,37,7,260,300,0,0,0,0,0,0,0,0,0,0,0,0,0,0,0,27,21198500,135,2170,233,3950,401,0,0,821,1072,1893,277,277,355,293,355,1893,821,0,27,20659500,26,20141500,11,0,0,0,0,0,0,0,0,0,0,0,0,0,0,0,0,0,0,0,0,0,0,0,0,0,0,0,0,0,0,0,0,0
yune,track-a-comparison,luna_pinyin,key_sequence_process_with_context,ceshiyixiachangjushuruxingnengzenyang,29,37,37,22992700,111,22854700,184,115,3900,249,1300,12200,28400,1300,4900,249,0,5,1,2100,5,1,200,37,0,185,555,37,740,249,250,0,0,37,429200,28,36,280400,87,0,0,0,0,37,36,37,3600,37,7,260,400,0,0,0,0,0,0,0,0,0,0,0,0,0,0,0,27,21075500,135,2170,233,3950,401,0,0,821,1072,1893,277,277,355,293,355,1893,821,0,27,20554900,26,20031600,11,0,0,0,0,0,0,0,0,0,0,0,0,0,0,0,0,0,0,0,0,0,0,0,0,0,0,0,0,0,0,0,0,0
yune,track-a-comparison,luna_pinyin,key_sequence_process_with_context,ceshiyixiachangjushuruxingnengzenyang,30,37,37,23749500,111,23591000,184,115,3400,249,1300,13400,31100,600,4700,249,0,5,1,2900,5,1,300,37,0,185,555,37,740,249,250,0,0,37,446600,28,36,293000,87,0,0,0,0,37,36,37,3900,37,7,260,500,0,0,0,0,0,0,0,0,0,0,0,0,0,0,0,27,21717200,135,2170,233,3950,401,0,0,821,1072,1893,277,277,355,293,355,1893,821,0,27,21151000,26,20626000,11,0,0,0,0,0,0,0,0,0,0,0,0,0,0,0,0,0,0,0,0,0,0,0,0,0,0,0,0,0,0,0,0,0
yune,track-a-comparison,luna_pinyin,key_sequence_process_with_context,ceshiyixiachangjushuruxingnengzenyang,31,37,37,23056500,111,22917000,184,115,3500,249,900,11900,28500,1000,4500,249,0,5,1,2400,5,1,100,37,0,185,555,37,740,249,250,0,0,37,429900,28,36,294100,87,0,0,0,0,37,36,37,3300,37,7,260,300,0,0,0,0,0,0,0,0,0,0,0,0,0,0,0,27,21115500,135,2170,233,3950,401,0,0,821,1072,1893,277,277,355,293,355,1893,821,0,27,20586800,26,20051000,11,0,0,0,0,0,0,0,0,0,0,0,0,0,0,0,0,0,0,0,0,0,0,0,0,0,0,0,0,0,0,0,0,0
yune,track-a-comparison,luna_pinyin,key_sequence_process_with_context,ceshiyixiachangjushuruxingnengzenyang,32,37,37,23014000,111,22863400,184,115,4000,249,1800,12400,29700,600,4800,249,0,5,1,2300,5,1,200,37,0,185,555,37,740,249,250,0,0,37,429800,28,36,290000,87,0,0,0,0,37,36,37,3700,37,7,260,400,0,0,0,0,0,0,0,0,0,0,0,0,0,0,0,27,21073500,135,2170,233,3950,401,0,0,821,1072,1893,277,277,355,293,355,1893,821,0,27,20535500,26,20011000,11,0,0,0,0,0,0,0,0,0,0,0,0,0,0,0,0,0,0,0,0,0,0,0,0,0,0,0,0,0,0,0,0,0
yune,track-a-comparison,luna_pinyin,key_sequence_process_with_context,ceshiyixiachangjushuruxingnengzenyang,33,37,37,23092400,111,22952400,184,115,4500,249,1400,12300,29400,600,4400,249,0,5,1,2200,5,1,200,37,0,185,555,37,740,249,250,0,0,37,431500,28,36,293200,87,0,0,0,0,37,36,37,4000,37,7,260,300,0,0,0,0,0,0,0,0,0,0,0,0,0,0,0,27,21156900,135,2170,233,3950,401,0,0,821,1072,1893,277,277,355,293,355,1893,821,0,27,20632500,26,20092300,11,0,0,0,0,0,0,0,0,0,0,0,0,0,0,0,0,0,0,0,0,0,0,0,0,0,0,0,0,0,0,0,0,0
yune,track-a-comparison,luna_pinyin,key_sequence_process_with_context,ceshiyixiachangjushuruxingnengzenyang,34,37,37,23006500,111,22868300,184,115,3600,249,800,12300,29300,700,4800,249,0,5,1,1900,5,1,200,37,0,185,555,37,740,249,250,0,0,37,429400,28,36,293100,87,0,0,0,0,37,36,37,4000,37,7,260,100,0,0,0,0,0,0,0,0,0,0,0,0,0,0,0,27,21078600,135,2170,233,3950,401,0,0,821,1072,1893,277,277,355,293,355,1893,821,0,27,20555700,26,20037700,11,0,0,0,0,0,0,0,0,0,0,0,0,0,0,0,0,0,0,0,0,0,0,0,0,0,0,0,0,0,0,0,0,0
yune,track-a-comparison,luna_pinyin,key_sequence_process_with_context,ceshiyixiachangjushuruxingnengzenyang,35,37,37,23061300,111,22923000,184,115,3500,249,1100,12200,28300,600,4300,249,0,5,1,2300,5,1,200,37,0,185,555,37,740,249,250,0,0,37,430000,28,36,291200,87,0,0,0,0,37,36,37,3400,37,7,260,400,0,0,0,0,0,0,0,0,0,0,0,0,0,0,0,27,21133400,135,2170,233,3950,401,0,0,821,1072,1893,277,277,355,293,355,1893,821,0,27,20613900,26,20086400,11,0,0,0,0,0,0,0,0,0,0,0,0,0,0,0,0,0,0,0,0,0,0,0,0,0,0,0,0,0,0,0,0,0
yune,track-a-comparison,luna_pinyin,key_sequence_process_with_context,ceshiyixiachangjushuruxingnengzenyang,36,37,37,23050700,111,22913400,184,115,3200,249,1500,12000,28100,900,4900,249,0,5,1,2400,5,1,100,37,0,185,555,37,740,249,250,0,0,37,430800,28,36,294200,87,0,0,0,0,37,36,37,3500,37,7,260,100,0,0,0,0,0,0,0,0,0,0,0,0,0,0,0,27,21115400,135,2170,233,3950,401,0,0,821,1072,1893,277,277,355,293,355,1893,821,0,27,20590400,26,20068400,11,0,0,0,0,0,0,0,0,0,0,0,0,0,0,0,0,0,0,0,0,0,0,0,0,0,0,0,0,0,0,0,0,0
yune,track-a-comparison,luna_pinyin,key_sequence_process_with_context,ceshiyixiachangjushuruxingnengzenyang,37,37,37,23164100,111,23024900,184,115,4400,249,1300,12200,28800,1100,4900,249,0,5,1,2000,5,1,100,37,0,185,555,37,740,249,250,0,0,37,429800,28,36,288100,87,0,0,0,0,37,36,37,3600,37,7,260,200,0,0,0,0,0,0,0,0,0,0,0,0,0,0,0,27,21232100,135,2170,233,3950,401,0,0,821,1072,1893,277,277,355,293,355,1893,821,0,27,20707200,26,20185900,11,0,0,0,0,0,0,0,0,0,0,0,0,0,0,0,0,0,0,0,0,0,0,0,0,0,0,0,0,0,0,0,0,0
yune,track-a-comparison,luna_pinyin,key_sequence_process_with_context,ceshiyixiachangjushuruxingnengzenyang,38,37,37,23027400,111,22890500,184,115,2800,249,900,12200,28400,900,4700,249,0,5,1,2300,5,1,200,37,0,185,555,37,740,249,250,0,0,37,429300,28,36,288900,87,0,0,0,0,37,36,37,3500,37,7,260,400,0,0,0,0,0,0,0,0,0,0,0,0,0,0,0,27,21098000,135,2170,233,3950,401,0,0,821,1072,1893,277,277,355,293,355,1893,821,0,27,20567000,26,20027900,11,0,0,0,0,0,0,0,0,0,0,0,0,0,0,0,0,0,0,0,0,0,0,0,0,0,0,0,0,0,0,0,0,0
yune,track-a-comparison,luna_pinyin,key_sequence_process_with_context,ceshiyixiachangjushuruxingnengzenyang,39,37,37,23513600,111,23366600,184,115,3700,249,1000,12700,30200,400,5000,249,0,5,1,2700,5,1,300,37,0,185,555,37,740,249,250,0,0,37,442000,28,36,290900,87,0,0,0,0,37,36,37,3100,37,7,260,500,0,0,0,0,0,0,0,0,0,0,0,0,0,0,0,27,21562000,135,2170,233,3950,401,0,0,821,1072,1893,277,277,355,293,355,1893,821,0,27,21014500,26,20499700,11,0,0,0,0,0,0,0,0,0,0,0,0,0,0,0,0,0,0,0,0,0,0,0,0,0,0,0,0,0,0,0,0,0
yune,track-a-comparison,luna_pinyin,key_sequence_process_with_context,ceshiyixiachangjushuruxingnengzenyang,40,37,37,22987300,111,22849500,184,115,3500,249,1300,12400,28100,600,4400,249,0,5,1,1800,5,1,200,37,0,185,555,37,740,249,250,0,0,37,430100,28,36,284000,87,0,0,0,0,37,36,37,3900,37,7,260,400,0,0,0,0,0,0,0,0,0,0,0,0,0,0,0,27,21044800,135,2170,233,3950,401,0,0,821,1072,1893,277,277,355,293,355,1893,821,0,27,20504600,26,19974100,11,0,0,0,0,0,0,0,0,0,0,0,0,0,0,0,0,0,0,0,0,0,0,0,0,0,0,0,0,0,0,0,0,0
yune,track-a-comparison,luna_pinyin,key_sequence_process_with_context,ceshiyixiachangjushuruxingnengzenyang,41,37,37,23102500,111,22964100,184,115,3100,249,1000,11900,28400,700,4500,249,0,5,1,2600,5,1,200,37,0,185,555,37,740,249,250,0,0,37,428300,28,36,281200,87,0,0,0,0,37,36,37,3600,37,7,260,400,0,0,0,0,0,0,0,0,0,0,0,0,0,0,0,27,21190400,135,2170,233,3950,401,0,0,821,1072,1893,277,277,355,293,355,1893,821,0,27,20652500,26,20124900,11,0,0,0,0,0,0,0,0,0,0,0,0,0,0,0,0,0,0,0,0,0,0,0,0,0,0,0,0,0,0,0,0,0
yune,track-a-comparison,luna_pinyin,key_sequence_process_with_context,ceshiyixiachangjushuruxingnengzenyang,42,37,37,23054600,111,22915600,184,115,3200,249,1200,12000,28600,1000,4600,249,0,5,1,2600,5,1,500,37,0,185,555,37,740,249,250,0,0,37,429300,28,36,281900,87,0,0,0,0,37,36,37,4300,37,7,260,400,0,0,0,0,0,0,0,0,0,0,0,0,0,0,0,27,21138000,135,2170,233,3950,401,0,0,821,1072,1893,277,277,355,293,355,1893,821,0,27,20605500,26,20085100,11,0,0,0,0,0,0,0,0,0,0,0,0,0,0,0,0,0,0,0,0,0,0,0,0,0,0,0,0,0,0,0,0,0
yune,track-a-comparison,luna_pinyin,key_sequence_process_with_context,ceshiyixiachangjushuruxingnengzenyang,43,37,37,23659200,111,23513000,184,115,3800,249,1000,12600,31700,500,4900,249,0,5,1,3300,5,1,500,37,0,185,555,37,740,249,250,0,0,37,429700,28,36,286600,87,0,0,0,0,37,36,37,3900,37,7,260,400,0,0,0,0,0,0,0,0,0,0,0,0,0,0,0,27,21722400,135,2170,233,3950,401,0,0,821,1072,1893,277,277,355,293,355,1893,821,0,27,21156600,26,20546100,11,0,0,0,0,0,0,0,0,0,0,0,0,0,0,0,0,0,0,0,0,0,0,0,0,0,0,0,0,0,0,0,0,0
yune,track-a-comparison,luna_pinyin,key_sequence_process_with_context,ceshiyixiachangjushuruxingnengzenyang,44,37,37,23319200,111,23153700,184,115,4400,249,1500,12700,31000,300,4300,249,0,5,1,2400,5,1,400,37,0,185,555,37,740,249,250,0,0,37,430300,28,36,353400,87,0,0,0,0,37,36,37,4400,37,7,260,400,0,0,0,0,0,0,0,0,0,0,0,0,0,0,0,27,21287900,135,2170,233,3950,401,0,0,821,1072,1893,277,277,355,293,355,1893,821,0,27,20732200,26,20202600,11,0,0,0,0,0,0,0,0,0,0,0,0,0,0,0,0,0,0,0,0,0,0,0,0,0,0,0,0,0,0,0,0,0
yune,track-a-comparison,luna_pinyin,key_sequence_process_with_context,ceshiyixiachangjushuruxingnengzenyang,45,37,37,23106500,111,22966700,184,115,4000,249,1100,12200,30200,1300,4300,249,0,5,1,2800,5,1,400,37,0,185,555,37,740,249,250,0,0,37,434400,28,36,291400,87,0,0,0,0,37,36,37,3900,37,7,260,400,0,0,0,0,0,0,0,0,0,0,0,0,0,0,0,27,21165500,135,2170,233,3950,401,0,0,821,1072,1893,277,277,355,293,355,1893,821,0,27,20620700,26,20088100,11,0,0,0,0,0,0,0,0,0,0,0,0,0,0,0,0,0,0,0,0,0,0,0,0,0,0,0,0,0,0,0,0,0
yune,track-a-comparison,luna_pinyin,key_sequence_process_with_context,ceshiyixiachangjushuruxingnengzenyang,46,37,37,22983100,111,22844400,184,115,4100,249,1000,12100,29300,900,4400,249,0,5,1,2600,5,1,400,37,0,185,555,37,740,249,250,0,0,37,429800,28,36,291600,87,0,0,0,0,37,36,37,3000,37,7,260,400,0,0,0,0,0,0,0,0,0,0,0,0,0,0,0,27,21053400,135,2170,233,3950,401,0,0,821,1072,1893,277,277,355,293,355,1893,821,0,27,20505000,26,19971400,11,0,0,0,0,0,0,0,0,0,0,0,0,0,0,0,0,0,0,0,0,0,0,0,0,0,0,0,0,0,0,0,0,0
yune,track-a-comparison,luna_pinyin,key_sequence_process_with_context,ceshiyixiachangjushuruxingnengzenyang,47,37,37,23006100,111,22865600,184,115,4400,249,500,11800,30400,1400,4800,249,0,5,1,2300,5,1,400,37,0,185,555,37,740,249,250,0,0,37,430200,28,36,283300,87,0,0,0,0,37,36,37,3700,37,7,260,500,0,0,0,0,0,0,0,0,0,0,0,0,0,0,0,27,21072100,135,2170,233,3950,401,0,0,821,1072,1893,277,277,355,293,355,1893,821,0,27,20526100,26,20000700,11,0,0,0,0,0,0,0,0,0,0,0,0,0,0,0,0,0,0,0,0,0,0,0,0,0,0,0,0,0,0,0,0,0
yune,track-a-comparison,luna_pinyin,key_sequence_process_with_context,ceshiyixiachangjushuruxingnengzenyang,48,37,37,23086600,111,22946700,184,115,3900,249,1200,12000,29600,1600,4400,249,0,5,1,2200,5,1,200,37,0,185,555,37,740,249,250,0,0,37,458200,28,36,282900,87,0,0,0,0,37,36,37,3900,37,7,260,500,0,0,0,0,0,0,0,0,0,0,0,0,0,0,0,27,21075500,135,2170,233,3950,401,0,0,821,1072,1893,277,277,355,293,355,1893,821,0,27,20548000,26,20029900,11,0,0,0,0,0,0,0,0,0,0,0,0,0,0,0,0,0,0,0,0,0,0,0,0,0,0,0,0,0,0,0,0,0
yune,track-a-comparison,luna_pinyin,key_sequence_process_with_context,ceshiyixiachangjushuruxingnengzenyang,49,37,37,23147300,111,23009100,184,115,4200,249,1000,12200,28900,700,3700,249,0,5,1,2700,5,1,300,37,0,185,555,37,740,249,250,0,0,37,461500,28,36,284700,87,0,0,0,0,37,36,37,3700,37,7,260,300,0,0,0,0,0,0,0,0,0,0,0,0,0,0,0,27,21120400,135,2170,233,3950,401,0,0,821,1072,1893,277,277,355,293,355,1893,821,0,27,20595600,26,20066000,11,0,0,0,0,0,0,0,0,0,0,0,0,0,0,0,0,0,0,0,0,0,0,0,0,0,0,0,0,0,0,0,0,0
yune,track-a-comparison,luna_pinyin,key_sequence_process_with_context,ceshiyixiachangjushuruxingnengzenyang,50,37,37,23139700,111,23000500,184,115,3300,249,700,12200,29700,700,4700,249,0,5,1,2800,5,1,300,37,0,185,555,37,740,249,250,0,0,37,457000,28,36,281000,87,0,0,0,0,37,36,37,3700,37,7,260,400,0,0,0,0,0,0,0,0,0,0,0,0,0,0,0,27,21120200,135,2170,233,3950,401,0,0,821,1072,1893,277,277,355,293,355,1893,821,0,27,20596300,26,20064200,11,0,0,0,0,0,0,0,0,0,0,0,0,0,0,0,0,0,0,0,0,0,0,0,0,0,0,0,0,0,0,0,0,0
yune,track-a-comparison,luna_pinyin,key_sequence_process_with_context,ceshiyixiachangjushuruxingnengzenyang,51,37,37,23047600,111,22907400,184,115,3600,249,1300,12500,29800,500,4600,249,0,5,1,2400,5,1,300,37,0,185,555,37,740,249,250,0,0,37,456000,28,36,283600,87,0,0,0,0,37,36,37,3600,37,7,260,600,0,0,0,0,0,0,0,0,0,0,0,0,0,0,0,27,21043900,135,2170,233,3950,401,0,0,821,1072,1893,277,277,355,293,355,1893,821,0,27,20521500,26,19979900,11,0,0,0,0,0,0,0,0,0,0,0,0,0,0,0,0,0,0,0,0,0,0,0,0,0,0,0,0,0,0,0,0,0
yune,track-a-comparison,luna_pinyin,key_sequence_process_with_context,ceshiyixiachangjushuruxingnengzenyang,52,37,37,23177100,111,23039400,184,115,3900,249,1400,11700,27100,900,4500,249,0,5,1,2400,5,1,200,37,0,185,555,37,740,249,250,0,0,37,457000,28,36,281000,87,0,0,0,0,37,36,37,3600,37,7,260,300,0,0,0,0,0,0,0,0,0,0,0,0,0,0,0,27,21183000,135,2170,233,3950,401,0,0,821,1072,1893,277,277,355,293,355,1893,821,0,27,20659000,26,20138300,11,0,0,0,0,0,0,0,0,0,0,0,0,0,0,0,0,0,0,0,0,0,0,0,0,0,0,0,0,0,0,0,0,0
yune,track-a-comparison,luna_pinyin,key_sequence_process_with_context,ceshiyixiachangjushuruxingnengzenyang,53,37,37,23095100,111,22957000,184,115,4000,249,1300,12500,27900,800,4500,249,0,5,1,2100,5,1,200,37,0,185,555,37,740,249,250,0,0,37,457300,28,36,284000,87,0,0,0,0,37,36,37,3300,37,7,260,400,0,0,0,0,0,0,0,0,0,0,0,0,0,0,0,27,21086300,135,2170,233,3950,401,0,0,821,1072,1893,277,277,355,293,355,1893,821,0,27,20558300,26,20037700,11,0,0,0,0,0,0,0,0,0,0,0,0,0,0,0,0,0,0,0,0,0,0,0,0,0,0,0,0,0,0,0,0,0
yune,track-a-comparison,luna_pinyin,key_sequence_process_with_context,ceshiyixiachangjushuruxingnengzenyang,54,37,37,23144100,111,23006900,184,115,3300,249,800,11900,28500,1100,4300,249,0,5,1,1900,5,1,200,37,0,185,555,37,740,249,250,0,0,37,456600,28,36,281000,87,0,0,0,0,37,36,37,3500,37,7,260,400,0,0,0,0,0,0,0,0,0,0,0,0,0,0,0,27,21143200,135,2170,233,3950,401,0,0,821,1072,1893,277,277,355,293,355,1893,821,0,27,20621800,26,20097200,11,0,0,0,0,0,0,0,0,0,0,0,0,0,0,0,0,0,0,0,0,0,0,0,0,0,0,0,0,0,0,0,0,0
yune,track-a-comparison,luna_pinyin,key_sequence_process_with_context,ceshiyixiachangjushuruxingnengzenyang,55,37,37,23137100,111,22997700,184,115,4000,249,900,11900,30300,700,3700,249,0,5,1,2600,5,1,100,37,0,185,555,37,740,249,250,0,0,37,457100,28,36,284100,87,0,0,0,0,37,36,37,3900,37,7,260,400,0,0,0,0,0,0,0,0,0,0,0,0,0,0,0,27,21127300,135,2170,233,3950,401,0,0,821,1072,1893,277,277,355,293,355,1893,821,0,27,20610000,26,20078300,11,0,0,0,0,0,0,0,0,0,0,0,0,0,0,0,0,0,0,0,0,0,0,0,0,0,0,0,0,0,0,0,0,0
yune,track-a-comparison,luna_pinyin,key_sequence_process_with_context,ceshiyixiachangjushuruxingnengzenyang,56,37,37,23118100,111,22977600,184,115,3300,249,1200,12300,28900,800,4100,249,0,5,1,2400,5,1,200,37,0,185,555,37,740,249,250,0,0,37,457600,28,36,282000,87,0,0,0,0,37,36,37,2800,37,7,260,600,0,0,0,0,0,0,0,0,0,0,0,0,0,0,0,27,21109700,135,2170,233,3950,401,0,0,821,1072,1893,277,277,355,293,355,1893,821,0,27,20593600,26,20064000,11,0,0,0,0,0,0,0,0,0,0,0,0,0,0,0,0,0,0,0,0,0,0,0,0,0,0,0,0,0,0,0,0,0
yune,track-a-comparison,luna_pinyin,key_sequence_process_with_context,ceshiyixiachangjushuruxingnengzenyang,57,37,37,23022400,111,22882600,184,115,3700,249,1200,12600,28500,900,4600,249,0,5,1,2200,5,1,300,37,0,185,555,37,740,249,250,0,0,37,458100,28,36,285000,87,0,0,0,0,37,36,37,3600,37,7,260,500,0,0,0,0,0,0,0,0,0,0,0,0,0,0,0,27,21001900,135,2170,233,3950,401,0,0,821,1072,1893,277,277,355,293,355,1893,821,0,27,20483300,26,19967500,11,0,0,0,0,0,0,0,0,0,0,0,0,0,0,0,0,0,0,0,0,0,0,0,0,0,0,0,0,0,0,0,0,0
yune,track-a-comparison,luna_pinyin,key_sequence_process_with_context,ceshiyixiachangjushuruxingnengzenyang,58,37,37,23161700,111,23024400,184,115,4000,249,1200,11800,28300,500,4300,249,0,5,1,3000,5,1,200,37,0,185,555,37,740,249,250,0,0,37,460100,28,36,282700,87,0,0,0,0,37,36,37,3200,37,7,260,400,0,0,0,0,0,0,0,0,0,0,0,0,0,0,0,27,21149800,135,2170,233,3950,401,0,0,821,1072,1893,277,277,355,293,355,1893,821,0,27,20620100,26,20102100,11,0,0,0,0,0,0,0,0,0,0,0,0,0,0,0,0,0,0,0,0,0,0,0,0,0,0,0,0,0,0,0,0,0
yune,track-a-comparison,luna_pinyin,key_sequence_process_with_context,ceshiyixiachangjushuruxingnengzenyang,59,37,37,23085200,111,22944300,184,115,3400,249,500,12400,29700,900,4200,249,0,5,1,2300,5,1,200,37,0,185,555,37,740,249,250,0,0,37,465700,28,36,294000,87,0,0,0,0,37,36,37,3500,37,7,260,300,0,0,0,0,0,0,0,0,0,0,0,0,0,0,0,27,21039800,135,2170,233,3950,401,0,0,821,1072,1893,277,277,355,293,355,1893,821,0,27,20513800,26,19984100,11,0,0,0,0,0,0,0,0,0,0,0,0,0,0,0,0,0,0,0,0,0,0,0,0,0,0,0,0,0,0,0,0,0
yune,track-a-comparison,luna_pinyin,key_sequence_process_with_context,ceshiyixiachangjushuruxingnengzenyang,60,37,37,23117300,111,22978600,184,115,3600,249,800,12000,29700,700,4600,249,0,5,1,2600,5,1,200,37,0,185,555,37,740,249,250,0,0,37,469000,28,36,291000,87,0,0,0,0,37,36,37,3200,37,7,260,400,0,0,0,0,0,0,0,0,0,0,0,0,0,0,0,27,21066800,135,2170,233,3950,401,0,0,821,1072,1893,277,277,355,293,355,1893,821,0,27,20546600,26,20024000,11,0,0,0,0,0,0,0,0,0,0,0,0,0,0,0,0,0,0,0,0,0,0,0,0,0,0,0,0,0,0,0,0,0
yune,track-a-comparison,luna_pinyin,key_sequence_process_with_context,ceshiyixiachangjushuruxingnengzenyang,61,37,37,23086500,111,22946900,184,115,4200,249,1100,12100,29900,1100,4600,249,0,5,1,2300,5,1,100,37,0,185,555,37,740,249,250,0,0,37,470100,28,36,298300,87,0,0,0,0,37,36,37,3000,37,7,260,600,0,0,0,0,0,0,0,0,0,0,0,0,0,0,0,27,21025700,135,2170,233,3950,401,0,0,821,1072,1893,277,277,355,293,355,1893,821,0,27,20498800,26,19961200,11,0,0,0,0,0,0,0,0,0,0,0,0,0,0,0,0,0,0,0,0,0,0,0,0,0,0,0,0,0,0,0,0,0
yune,track-a-comparison,luna_pinyin,key_sequence_process_with_context,ceshiyixiachangjushuruxingnengzenyang,62,37,37,23180500,111,23041500,184,115,3800,249,1100,12300,28200,1100,4300,249,0,5,1,1900,5,1,100,37,0,185,555,37,740,249,250,0,0,37,473000,28,36,298700,87,0,0,0,0,37,36,37,2800,37,7,260,300,0,0,0,0,0,0,0,0,0,0,0,0,0,0,0,27,21114500,135,2170,233,3950,401,0,0,821,1072,1893,277,277,355,293,355,1893,821,0,27,20589200,26,20065600,11,0,0,0,0,0,0,0,0,0,0,0,0,0,0,0,0,0,0,0,0,0,0,0,0,0,0,0,0,0,0,0,0,0
yune,track-a-comparison,luna_pinyin,key_sequence_process_with_context,ceshiyixiachangjushuruxingnengzenyang,63,37,37,23200400,111,23061200,184,115,3800,249,1000,12300,28400,1100,4400,249,0,5,1,2600,5,1,200,37,0,185,555,37,740,249,250,0,0,37,464500,28,36,298600,87,0,0,0,0,37,36,37,3000,37,7,260,800,0,0,0,0,0,0,0,0,0,0,0,0,0,0,0,27,21155200,135,2170,233,3950,401,0,0,821,1072,1893,277,277,355,293,355,1893,821,0,27,20616900,26,20086000,11,0,0,0,0,0,0,0,0,0,0,0,0,0,0,0,0,0,0,0,0,0,0,0,0,0,0,0,0,0,0,0,0,0
yune,track-a-comparison,luna_pinyin,key_sequence_process_with_context,ceshiyixiachangjushuruxingnengzenyang,64,37,37,25386900,111,25217400,184,115,3800,249,1100,13200,34000,1100,6400,249,0,5,1,3300,5,1,400,37,0,185,555,37,740,249,250,0,0,37,458400,28,36,304500,87,0,0,0,0,37,36,37,3000,37,7,260,500,0,0,0,0,0,0,0,0,0,0,0,0,0,0,0,27,23317300,135,2170,233,3950,401,0,0,821,1072,1893,277,277,355,293,355,1893,821,0,27,22684200,26,22167900,11,0,0,0,0,0,0,0,0,0,0,0,0,0,0,0,0,0,0,0,0,0,0,0,0,0,0,0,0,0,0,0,0,0
yune,track-a-comparison,luna_pinyin,key_sequence_process_with_context,ceshiyixiachangjushuruxingnengzenyang,65,37,37,23182200,111,23041200,184,115,4600,249,800,12100,31000,800,4700,249,0,5,1,3400,5,1,400,37,0,185,555,37,740,249,250,0,0,37,456900,28,36,310800,87,0,0,0,0,37,36,37,4800,37,7,260,600,0,0,0,0,0,0,0,0,0,0,0,0,0,0,0,27,21131200,135,2170,233,3950,401,0,0,821,1072,1893,277,277,355,293,355,1893,821,0,27,20598900,26,20071500,11,0,0,0,0,0,0,0,0,0,0,0,0,0,0,0,0,0,0,0,0,0,0,0,0,0,0,0,0,0,0,0,0,0
yune,track-a-comparison,luna_pinyin,key_sequence_process_with_context,ceshiyixiachangjushuruxingnengzenyang,66,37,37,23269700,111,23131100,184,115,3200,249,900,12300,29300,900,4200,249,0,5,1,2900,5,1,400,37,0,185,555,37,740,249,250,0,0,37,457600,28,36,304200,87,0,0,0,0,37,36,37,3700,37,7,260,500,0,0,0,0,0,0,0,0,0,0,0,0,0,0,0,27,21238100,135,2170,233,3950,401,0,0,821,1072,1893,277,277,355,293,355,1893,821,0,27,20710500,26,20192700,11,0,0,0,0,0,0,0,0,0,0,0,0,0,0,0,0,0,0,0,0,0,0,0,0,0,0,0,0,0,0,0,0,0
yune,track-a-comparison,luna_pinyin,key_sequence_process_with_context,ceshiyixiachangjushuruxingnengzenyang,67,37,37,23093200,111,22953600,184,115,4200,249,1400,12100,29100,1100,4500,249,0,5,1,3200,5,1,300,37,0,185,555,37,740,249,250,0,0,37,462300,28,36,308400,87,0,0,0,0,37,36,37,4100,37,7,260,500,0,0,0,0,0,0,0,0,0,0,0,0,0,0,0,27,21049600,135,2170,233,3950,401,0,0,821,1072,1893,277,277,355,293,355,1893,821,0,27,20530900,26,20001300,11,0,0,0,0,0,0,0,0,0,0,0,0,0,0,0,0,0,0,0,0,0,0,0,0,0,0,0,0,0,0,0,0,0
yune,track-a-comparison,luna_pinyin,key_sequence_process_with_context,ceshiyixiachangjushuruxingnengzenyang,68,37,37,23079900,111,22941300,184,115,4100,249,1100,12200,29300,600,4000,249,0,5,1,2600,5,1,400,37,0,185,555,37,740,249,250,0,0,37,458400,28,36,298600,87,0,0,0,0,37,36,37,3800,37,7,260,400,0,0,0,0,0,0,0,0,0,0,0,0,0,0,0,27,21060800,135,2170,233,3950,401,0,0,821,1072,1893,277,277,355,293,355,1893,821,0,27,20548700,26,20022700,11,0,0,0,0,0,0,0,0,0,0,0,0,0,0,0,0,0,0,0,0,0,0,0,0,0,0,0,0,0,0,0,0,0
yune,track-a-comparison,luna_pinyin,key_sequence_process_with_context,ceshiyixiachangjushuruxingnengzenyang,69,37,37,23181300,111,23041700,184,115,3300,249,1400,12600,29100,700,4200,249,0,5,1,2700,5,1,200,37,0,185,555,37,740,249,250,0,0,37,462100,28,36,297000,87,0,0,0,0,37,36,37,3500,37,7,260,400,0,0,0,0,0,0,0,0,0,0,0,0,0,0,0,27,21158700,135,2170,233,3950,401,0,0,821,1072,1893,277,277,355,293,355,1893,821,0,27,20632700,26,20109400,11,0,0,0,0,0,0,0,0,0,0,0,0,0,0,0,0,0,0,0,0,0,0,0,0,0,0,0,0,0,0,0,0,0
yune,track-a-comparison,luna_pinyin,key_sequence_process_with_context,ceshiyixiachangjushuruxingnengzenyang,70,37,37,23538700,111,23396700,184,115,3700,249,900,12400,30100,800,4900,249,0,5,1,3400,5,1,400,37,0,185,555,37,740,249,250,0,0,37,462000,28,36,301800,87,0,0,0,0,37,36,37,4100,37,7,260,400,0,0,0,0,0,0,0,0,0,0,0,0,0,0,0,27,21497600,135,2170,233,3950,401,0,0,821,1072,1893,277,277,355,293,355,1893,821,0,27,20940300,26,20401100,11,0,0,0,0,0,0,0,0,0,0,0,0,0,0,0,0,0,0,0,0,0,0,0,0,0,0,0,0,0,0,0,0,0
yune,track-a-comparison,luna_pinyin,key_sequence_process_with_context,ceshiyixiachangjushuruxingnengzenyang,71,37,37,23132500,111,22992400,184,115,4300,249,1200,12000,29800,700,4700,249,0,5,1,3000,5,1,500,37,0,185,555,37,740,249,250,0,0,37,456500,28,36,309000,87,0,0,0,0,37,36,37,3500,37,7,260,500,0,0,0,0,0,0,0,0,0,0,0,0,0,0,0,27,21096700,135,2170,233,3950,401,0,0,821,1072,1893,277,277,355,293,355,1893,821,0,27,20552500,26,19994100,11,0,0,0,0,0,0,0,0,0,0,0,0,0,0,0,0,0,0,0,0,0,0,0,0,0,0,0,0,0,0,0,0,0
yune,track-a-comparison,luna_pinyin,key_sequence_process_with_context,ceshiyixiachangjushuruxingnengzenyang,72,37,37,23083000,111,22944300,184,115,3500,249,600,11900,28500,600,4600,249,0,5,1,2600,5,1,200,37,0,185,555,37,740,249,250,0,0,37,455900,28,36,305700,87,0,0,0,0,37,36,37,3300,37,7,260,700,0,0,0,0,0,0,0,0,0,0,0,0,0,0,0,27,21057800,135,2170,233,3950,401,0,0,821,1072,1893,277,277,355,293,355,1893,821,0,27,20540200,26,20011700,11,0,0,0,0,0,0,0,0,0,0,0,0,0,0,0,0,0,0,0,0,0,0,0,0,0,0,0,0,0,0,0,0,0
yune,track-a-comparison,luna_pinyin,key_sequence_process_with_context,ceshiyixiachangjushuruxingnengzenyang,73,37,37,23000400,111,22861200,184,115,3900,249,1000,11300,28900,900,4900,249,0,5,1,3100,5,1,300,37,0,185,555,37,740,249,250,0,0,37,460600,28,36,299600,87,0,0,0,0,37,36,37,4100,37,7,260,600,0,0,0,0,0,0,0,0,0,0,0,0,0,0,0,27,20979000,135,2170,233,3950,401,0,0,821,1072,1893,277,277,355,293,355,1893,821,0,27,20457900,26,19939200,11,0,0,0,0,0,0,0,0,0,0,0,0,0,0,0,0,0,0,0,0,0,0,0,0,0,0,0,0,0,0,0,0,0
yune,track-a-comparison,luna_pinyin,key_sequence_process_with_context,ceshiyixiachangjushuruxingnengzenyang,74,37,37,23089700,111,22950700,184,115,3200,249,1100,12100,27900,600,4400,249,0,5,1,2500,5,1,300,37,0,185,555,37,740,249,250,0,0,37,456600,28,36,303600,87,0,0,0,0,37,36,37,3200,37,7,260,500,0,0,0,0,0,0,0,0,0,0,0,0,0,0,0,27,21070300,135,2170,233,3950,401,0,0,821,1072,1893,277,277,355,293,355,1893,821,0,27,20546800,26,20018400,11,0,0,0,0,0,0,0,0,0,0,0,0,0,0,0,0,0,0,0,0,0,0,0,0,0,0,0,0,0,0,0,0,0
yune,track-a-comparison,luna_pinyin,key_sequence_process_with_context,ceshiyixiachangjushuruxingnengzenyang,75,37,37,23084500,111,22939700,184,115,3900,249,1100,11900,33400,800,5000,249,0,5,1,2300,5,1,200,37,0,185,555,37,740,249,250,0,0,37,456700,28,36,295400,87,0,0,0,0,37,36,37,4000,37,7,260,300,0,0,0,0,0,0,0,0,0,0,0,0,0,0,0,27,21063300,135,2170,233,3950,401,0,0,821,1072,1893,277,277,355,293,355,1893,821,0,27,20534700,26,19990200,11,0,0,0,0,0,0,0,0,0,0,0,0,0,0,0,0,0,0,0,0,0,0,0,0,0,0,0,0,0,0,0,0,0
yune,track-a-comparison,luna_pinyin,key_sequence_process_with_context,ceshiyixiachangjushuruxingnengzenyang,76,37,37,23738400,111,23588900,184,115,3300,249,600,12800,31200,1500,4700,249,0,5,1,2600,5,1,300,37,0,185,555,37,740,249,250,0,0,37,461900,28,36,305800,87,0,0,0,0,37,36,37,3800,37,7,260,500,0,0,0,0,0,0,0,0,0,0,0,0,0,0,0,27,21662100,135,2170,233,3950,401,0,0,821,1072,1893,277,277,355,293,355,1893,821,0,27,21115900,26,20601400,11,0,0,0,0,0,0,0,0,0,0,0,0,0,0,0,0,0,0,0,0,0,0,0,0,0,0,0,0,0,0,0,0,0
yune,track-a-comparison,luna_pinyin,key_sequence_process_with_context,ceshiyixiachangjushuruxingnengzenyang,77,37,37,23069900,111,22928200,184,115,4100,249,1400,12300,30300,700,4500,249,0,5,1,2300,5,1,200,37,0,185,555,37,740,249,250,0,0,37,438000,28,36,294200,87,0,0,0,0,37,36,37,3500,37,7,260,400,0,0,0,0,0,0,0,0,0,0,0,0,0,0,0,27,21109100,135,2170,233,3950,401,0,0,821,1072,1893,277,277,355,293,355,1893,821,0,27,20593000,26,20068600,11,0,0,0,0,0,0,0,0,0,0,0,0,0,0,0,0,0,0,0,0,0,0,0,0,0,0,0,0,0,0,0,0,0
yune,track-a-comparison,luna_pinyin,key_sequence_process_with_context,ceshiyixiachangjushuruxingnengzenyang,78,37,37,23094800,111,22955100,184,115,4300,249,1600,11900,29500,700,4500,249,0,5,1,2200,5,1,200,37,0,185,555,37,740,249,250,0,0,37,433000,28,36,293600,87,0,0,0,0,37,36,37,3800,37,7,260,400,0,0,0,0,0,0,0,0,0,0,0,0,0,0,0,27,21120600,135,2170,233,3950,401,0,0,821,1072,1893,277,277,355,293,355,1893,821,0,27,20593900,26,20078200,11,0,0,0,0,0,0,0,0,0,0,0,0,0,0,0,0,0,0,0,0,0,0,0,0,0,0,0,0,0,0,0,0,0
yune,track-a-comparison,luna_pinyin,key_sequence_process_with_context,ceshiyixiachangjushuruxingnengzenyang,79,37,37,23136700,111,22996900,184,115,3400,249,1500,12100,28600,500,4100,249,0,5,1,2300,5,1,100,37,0,185,555,37,740,249,250,0,0,37,432700,28,36,291800,87,0,0,0,0,37,36,37,3100,37,7,260,400,0,0,0,0,0,0,0,0,0,0,0,0,0,0,0,27,21178300,135,2170,233,3950,401,0,0,821,1072,1893,277,277,355,293,355,1893,821,0,27,20654700,26,20116300,11,0,0,0,0,0,0,0,0,0,0,0,0,0,0,0,0,0,0,0,0,0,0,0,0,0,0,0,0,0,0,0,0,0
yune,track-a-comparison,luna_pinyin,key_sequence_process_with_context,zhegeyinqingqishiyinggaizhichichaochangjuzishurucainengyong,0,59,59,63098900,177,62847700,295,115,4400,375,1400,22900,50400,2200,7100,375,0,5,1,3500,5,1,400,59,0,295,885,59,1180,375,375,0,0,59,882500,23,58,696200,92,0,0,0,0,59,58,59,7200,58,7,408,700,0,0,0,0,0,0,0,0,0,0,0,0,0,0,0,52,59110600,260,5076,353,11673,667,0,0,1840,2426,4266,810,810,945,797,945,4266,1840,0,52,57630400,51,57333200,8,0,0,0,0,0,0,0,0,0,0,0,0,0,0,0,0,0,0,0,0,0,0,0,0,0,0,0,0,0,0,0,0,0
yune,track-a-comparison,luna_pinyin,key_sequence_process_with_context,zhegeyinqingqishiyinggaizhichichaochangjuzishurucainengyong,1,59,59,63874200,177,63639800,295,115,4300,375,2600,22900,47200,1300,7600,375,0,5,1,3000,5,1,300,59,0,295,885,59,1180,375,375,0,0,59,883900,23,58,735300,92,0,0,0,0,59,58,59,6600,58,7,408,500,0,0,0,0,0,0,0,0,0,0,0,0,0,0,0,52,59882700,260,5076,353,11673,667,0,0,1840,2426,4266,810,810,945,797,945,4266,1840,0,52,58432300,51,58130800,8,0,0,0,0,0,0,0,0,0,0,0,0,0,0,0,0,0,0,0,0,0,0,0,0,0,0,0,0,0,0,0,0,0
yune,track-a-comparison,luna_pinyin,key_sequence_process_with_context,zhegeyinqingqishiyinggaizhichichaochangjuzishurucainengyong,2,59,59,64011900,177,63777800,295,115,3900,375,1900,21000,47600,1200,6800,375,0,5,1,3400,5,1,300,59,0,295,885,59,1180,375,375,0,0,59,917200,23,58,699900,92,0,0,0,0,59,58,59,6800,58,7,408,400,0,0,0,0,0,0,0,0,0,0,0,0,0,0,0,52,60035300,260,5076,353,11673,667,0,0,1840,2426,4266,810,810,945,797,945,4266,1840,0,52,58587000,51,58309500,8,0,0,0,0,0,0,0,0,0,0,0,0,0,0,0,0,0,0,0,0,0,0,0,0,0,0,0,0,0,0,0,0,0
yune,track-a-comparison,luna_pinyin,key_sequence_process_with_context,zhegeyinqingqishiyinggaizhichichaochangjuzishurucainengyong,3,59,59,63623900,177,63370000,295,115,3600,375,1500,23800,49700,1500,7000,375,0,5,1,3100,5,1,400,59,0,295,885,59,1180,375,375,0,0,59,895400,23,58,708200,92,0,0,0,0,59,58,59,8200,58,7,408,600,0,0,0,0,0,0,0,0,0,0,0,0,0,0,0,52,59577200,260,5076,353,11673,667,0,0,1840,2426,4266,810,810,945,797,945,4266,1840,0,52,58072500,51,57795200,8,0,0,0,0,0,0,0,0,0,0,0,0,0,0,0,0,0,0,0,0,0,0,0,0,0,0,0,0,0,0,0,0,0
yune,track-a-comparison,luna_pinyin,key_sequence_process_with_context,zhegeyinqingqishiyinggaizhichichaochangjuzishurucainengyong,4,59,59,69076200,177,68776900,295,115,3800,375,2200,28200,56400,1600,9000,375,0,5,1,3200,5,1,500,59,0,295,885,59,1180,375,375,0,0,59,894100,23,58,713600,92,0,0,0,0,59,58,59,8400,58,7,408,700,0,0,0,0,0,0,0,0,0,0,0,0,0,0,0,52,64995000,260,5076,353,11673,667,0,0,1840,2426,4266,810,810,945,797,945,4266,1840,0,52,63307200,51,63015500,8,0,0,0,0,0,0,0,0,0,0,0,0,0,0,0,0,0,0,0,0,0,0,0,0,0,0,0,0,0,0,0,0,0
yune,track-a-comparison,luna_pinyin,key_sequence_process_with_context,zhegeyinqingqishiyinggaizhichichaochangjuzishurucainengyong,5,59,59,66806900,177,66527900,295,115,4100,375,2000,25900,54800,1700,8800,375,0,5,1,3400,5,1,700,59,0,295,885,59,1180,375,375,0,0,59,849500,23,58,716900,92,0,0,0,0,59,58,59,8300,58,7,408,800,0,0,0,0,0,0,0,0,0,0,0,0,0,0,0,52,62867800,260,5076,353,11673,667,0,0,1840,2426,4266,810,810,945,797,945,4266,1840,0,52,61286000,51,60999200,8,0,0,0,0,0,0,0,0,0,0,0,0,0,0,0,0,0,0,0,0,0,0,0,0,0,0,0,0,0,0,0,0,0
yune,track-a-comparison,luna_pinyin,key_sequence_process_with_context,zhegeyinqingqishiyinggaizhichichaochangjuzishurucainengyong,6,59,59,65342900,177,65082500,295,115,3900,375,2100,22900,49900,1500,7600,375,0,5,1,3900,5,1,400,59,0,295,885,59,1180,375,375,0,0,59,837900,23,58,711700,92,0,0,0,0,59,58,59,7400,58,7,408,600,0,0,0,0,0,0,0,0,0,0,0,0,0,0,0,52,61465400,260,5076,353,11673,667,0,0,1840,2426,4266,810,810,945,797,945,4266,1840,0,52,59903500,51,59616100,8,0,0,0,0,0,0,0,0,0,0,0,0,0,0,0,0,0,0,0,0,0,0,0,0,0,0,0,0,0,0,0,0,0
yune,track-a-comparison,luna_pinyin,key_sequence_process_with_context,zhegeyinqingqishiyinggaizhichichaochangjuzishurucainengyong,7,59,59,65099200,177,64845600,295,115,3300,375,1300,23400,49300,900,6800,375,0,5,1,3200,5,1,400,59,0,295,885,59,1180,375,375,0,0,59,833300,23,58,714700,92,0,0,0,0,59,58,59,7900,58,7,408,400,0,0,0,0,0,0,0,0,0,0,0,0,0,0,0,52,61218500,260,5076,353,11673,667,0,0,1840,2426,4266,810,810,945,797,945,4266,1840,0,52,59702400,51,59378600,8,0,0,0,0,0,0,0,0,0,0,0,0,0,0,0,0,0,0,0,0,0,0,0,0,0,0,0,0,0,0,0,0,0
yune,track-a-comparison,luna_pinyin,key_sequence_process_with_context,zhegeyinqingqishiyinggaizhichichaochangjuzishurucainengyong,8,59,59,65529900,177,65278100,295,115,3100,375,1500,23400,48600,1400,7000,375,0,5,1,2900,5,1,700,59,0,295,885,59,1180,375,375,0,0,59,834500,23,58,707200,92,0,0,0,0,59,58,59,7100,58,7,408,600,0,0,0,0,0,0,0,0,0,0,0,0,0,0,0,52,61681100,260,5076,353,11673,667,0,0,1840,2426,4266,810,810,945,797,945,4266,1840,0,52,60200800,51,59906700,8,0,0,0,0,0,0,0,0,0,0,0,0,0,0,0,0,0,0,0,0,0,0,0,0,0,0,0,0,0,0,0,0,0
yune,track-a-comparison,luna_pinyin,key_sequence_process_with_context,zhegeyinqingqishiyinggaizhichichaochangjuzishurucainengyong,9,59,59,65651800,177,65388800,295,115,3500,375,2100,24400,50200,1200,7400,375,0,5,1,2600,5,1,400,59,0,295,885,59,1180,375,375,0,0,59,834700,23,58,709700,92,0,0,0,0,59,58,59,7800,58,7,408,600,0,0,0,0,0,0,0,0,0,0,0,0,0,0,0,52,61792400,260,5076,353,11673,667,0,0,1840,2426,4266,810,810,945,797,945,4266,1840,0,52,60298400,51,60016300,8,0,0,0,0,0,0,0,0,0,0,0,0,0,0,0,0,0,0,0,0,0,0,0,0,0,0,0,0,0,0,0,0,0
yune,track-a-comparison,luna_pinyin,key_sequence_process_with_context,zhegeyinqingqishiyinggaizhichichaochangjuzishurucainengyong,10,59,59,65688800,177,65435000,295,115,3200,375,2100,23900,49300,1100,7200,375,0,5,1,3200,5,1,300,59,0,295,885,59,1180,375,375,0,0,59,838600,23,58,700600,92,0,0,0,0,59,58,59,7300,58,7,408,700,0,0,0,0,0,0,0,0,0,0,0,0,0,0,0,52,61827200,260,5076,353,11673,667,0,0,1840,2426,4266,810,810,945,797,945,4266,1840,0,52,60346100,51,60061900,8,0,0,0,0,0,0,0,0,0,0,0,0,0,0,0,0,0,0,0,0,0,0,0,0,0,0,0,0,0,0,0,0,0
yune,track-a-comparison,luna_pinyin,key_sequence_process_with_context,zhegeyinqingqishiyinggaizhichichaochangjuzishurucainengyong,11,59,59,65944200,177,65678100,295,115,3800,375,1500,23900,50800,1500,6900,375,0,5,1,3500,5,1,300,59,0,295,885,59,1180,375,375,0,0,59,834200,23,58,702000,92,0,0,0,0,59,58,59,7400,58,7,408,700,0,0,0,0,0,0,0,0,0,0,0,0,0,0,0,52,62077600,260,5076,353,11673,667,0,0,1840,2426,4266,810,810,945,797,945,4266,1840,0,52,60613100,51,60317500,8,0,0,0,0,0,0,0,0,0,0,0,0,0,0,0,0,0,0,0,0,0,0,0,0,0,0,0,0,0,0,0,0,0
yune,track-a-comparison,luna_pinyin,key_sequence_process_with_context,zhegeyinqingqishiyinggaizhichichaochangjuzishurucainengyong,12,59,59,65658300,177,65396900,295,115,3500,375,1600,23800,48900,1600,7000,375,0,5,1,3700,5,1,400,59,0,295,885,59,1180,375,375,0,0,59,882900,23,58,702000,92,0,0,0,0,59,58,59,8300,58,7,408,400,0,0,0,0,0,0,0,0,0,0,0,0,0,0,0,52,61666800,260,5076,353,11673,667,0,0,1840,2426,4266,810,810,945,797,945,4266,1840,0,52,60140300,51,59854500,8,0,0,0,0,0,0,0,0,0,0,0,0,0,0,0,0,0,0,0,0,0,0,0,0,0,0,0,0,0,0,0,0,0
yune,track-a-comparison,luna_pinyin,key_sequence_process_with_context,zhegeyinqingqishiyinggaizhichichaochangjuzishurucainengyong,13,59,59,66019700,177,65764600,295,115,3900,375,1500,23600,49900,1000,7200,375,0,5,1,3100,5,1,300,59,0,295,885,59,1180,375,375,0,0,59,889100,23,58,718300,92,0,0,0,0,59,58,59,7500,58,7,408,500,0,0,0,0,0,0,0,0,0,0,0,0,0,0,0,52,61994500,260,5076,353,11673,667,0,0,1840,2426,4266,810,810,945,797,945,4266,1840,0,52,60486000,51,60192700,8,0,0,0,0,0,0,0,0,0,0,0,0,0,0,0,0,0,0,0,0,0,0,0,0,0,0,0,0,0,0,0,0,0
yune,track-a-comparison,luna_pinyin,key_sequence_process_with_context,zhegeyinqingqishiyinggaizhichichaochangjuzishurucainengyong,14,59,59,66049500,177,65796200,295,115,3800,375,1800,23100,49000,1400,7300,375,0,5,1,3600,5,1,400,59,0,295,885,59,1180,375,375,0,0,59,885700,23,58,709800,92,0,0,0,0,59,58,59,8000,58,7,408,800,0,0,0,0,0,0,0,0,0,0,0,0,0,0,0,52,62050400,260,5076,353,11673,667,0,0,1840,2426,4266,810,810,945,797,945,4266,1840,0,52,60564000,51,60263700,8,0,0,0,0,0,0,0,0,0,0,0,0,0,0,0,0,0,0,0,0,0,0,0,0,0,0,0,0,0,0,0,0,0
yune,track-a-comparison,luna_pinyin,key_sequence_process_with_context,zhegeyinqingqishiyinggaizhichichaochangjuzishurucainengyong,15,59,59,61416500,177,61172200,295,115,3800,375,2300,21400,47800,1200,6800,375,0,5,1,3400,5,1,500,59,0,295,885,59,1180,375,375,0,0,59,845700,23,58,711000,92,0,0,0,0,59,58,59,6700,58,7,408,600,0,0,0,0,0,0,0,0,0,0,0,0,0,0,0,52,57540600,260,5076,353,11673,667,0,0,1840,2426,4266,810,810,945,797,945,4266,1840,0,52,56067400,51,55771200,8,0,0,0,0,0,0,0,0,0,0,0,0,0,0,0,0,0,0,0,0,0,0,0,0,0,0,0,0,0,0,0,0,0
yune,track-a-comparison,luna_pinyin,key_sequence_process_with_context,zhegeyinqingqishiyinggaizhichichaochangjuzishurucainengyong,16,59,59,62900500,177,62666000,295,115,3500,375,1500,20900,46100,1500,6400,375,0,5,1,2500,5,1,300,59,0,295,885,59,1180,375,375,0,0,59,833800,23,58,698900,92,0,0,0,0,59,58,59,6800,58,7,408,400,0,0,0,0,0,0,0,0,0,0,0,0,0,0,0,52,59077100,260,5076,353,11673,667,0,0,1840,2426,4266,810,810,945,797,945,4266,1840,0,52,57619500,51,57343800,8,0,0,0,0,0,0,0,0,0,0,0,0,0,0,0,0,0,0,0,0,0,0,0,0,0,0,0,0,0,0,0,0,0
yune,track-a-comparison,luna_pinyin,key_sequence_process_with_context,zhegeyinqingqishiyinggaizhichichaochangjuzishurucainengyong,17,59,59,63660500,177,63423300,295,115,3600,375,2100,21100,47300,1400,6900,375,0,5,1,3000,5,1,300,59,0,295,885,59,1180,375,375,0,0,59,835500,23,58,700800,92,0,0,0,0,59,58,59,6500,58,7,408,300,0,0,0,0,0,0,0,0,0,0,0,0,0,0,0,52,59815700,260,5076,353,11673,667,0,0,1840,2426,4266,810,810,945,797,945,4266,1840,0,52,58353000,51,58077800,8,0,0,0,0,0,0,0,0,0,0,0,0,0,0,0,0,0,0,0,0,0,0,0,0,0,0,0,0,0,0,0,0,0
yune,track-a-comparison,luna_pinyin,key_sequence_process_with_context,zhegeyinqingqishiyinggaizhichichaochangjuzishurucainengyong,18,59,59,64020700,177,63784600,295,115,3000,375,1300,21400,47400,1100,7100,375,0,5,1,3100,5,1,500,59,0,295,885,59,1180,375,375,0,0,59,840500,23,58,700700,92,0,0,0,0,59,58,59,6900,58,7,408,500,0,0,0,0,0,0,0,0,0,0,0,0,0,0,0,52,60178200,260,5076,353,11673,667,0,0,1840,2426,4266,810,810,945,797,945,4266,1840,0,52,58699300,51,58415000,8,0,0,0,0,0,0,0,0,0,0,0,0,0,0,0,0,0,0,0,0,0,0,0,0,0,0,0,0,0,0,0,0,0
yune,track-a-comparison,luna_pinyin,key_sequence_process_with_context,zhegeyinqingqishiyinggaizhichichaochangjuzishurucainengyong,19,59,59,72699500,177,72386100,295,115,3500,375,2100,26300,57300,2000,7700,375,0,5,1,3500,5,1,500,59,0,295,885,59,1180,375,375,0,0,59,885800,23,58,717400,92,0,0,0,0,59,58,59,9400,58,7,408,700,0,0,0,0,0,0,0,0,0,0,0,0,0,0,0,52,68592700,260,5076,353,11673,667,0,0,1840,2426,4266,810,810,945,797,945,4266,1840,0,52,66850500,51,66574900,8,0,0,0,0,0,0,0,0,0,0,0,0,0,0,0,0,0,0,0,0,0,0,0,0,0,0,0,0,0,0,0,0,0
yune,track-a-comparison,luna_pinyin,key_sequence_process_with_context,zhegeyinqingqishiyinggaizhichichaochangjuzishurucainengyong,20,59,59,64332000,177,64091600,295,115,3700,375,1600,21200,46700,1400,7000,375,0,5,1,3600,5,1,600,59,0,295,885,59,1180,375,375,0,0,59,890900,23,58,713800,92,0,0,0,0,59,58,59,7800,58,7,408,600,0,0,0,0,0,0,0,0,0,0,0,0,0,0,0,52,60336100,260,5076,353,11673,667,0,0,1840,2426,4266,810,810,945,797,945,4266,1840,0,52,58833400,51,58551600,8,0,0,0,0,0,0,0,0,0,0,0,0,0,0,0,0,0,0,0,0,0,0,0,0,0,0,0,0,0,0,0,0,0
yune,track-a-comparison,luna_pinyin,key_sequence_process_with_context,zhegeyinqingqishiyinggaizhichichaochangjuzishurucainengyong,21,59,59,63903700,177,63669900,295,115,3900,375,1700,20800,44800,1100,6800,375,0,5,1,3200,5,1,400,59,0,295,885,59,1180,375,375,0,0,59,908100,23,58,702500,92,0,0,0,0,59,58,59,7300,58,7,408,900,0,0,0,0,0,0,0,0,0,0,0,0,0,0,0,52,59921800,260,5076,353,11673,667,0,0,1840,2426,4266,810,810,945,797,945,4266,1840,0,52,58484600,51,58203000,8,0,0,0,0,0,0,0,0,0,0,0,0,0,0,0,0,0,0,0,0,0,0,0,0,0,0,0,0,0,0,0,0,0
yune,track-a-comparison,luna_pinyin,key_sequence_process_with_context,zhegeyinqingqishiyinggaizhichichaochangjuzishurucainengyong,22,59,59,64108200,177,63876200,295,115,3400,375,1700,21300,45400,2000,6600,375,0,5,1,3100,5,1,400,59,0,295,885,59,1180,375,375,0,0,59,885500,23,58,690100,92,0,0,0,0,59,58,59,7000,58,7,408,400,0,0,0,0,0,0,0,0,0,0,0,0,0,0,0,52,60154900,260,5076,353,11673,667,0,0,1840,2426,4266,810,810,945,797,945,4266,1840,0,52,58722900,51,58448100,8,0,0,0,0,0,0,0,0,0,0,0,0,0,0,0,0,0,0,0,0,0,0,0,0,0,0,0,0,0,0,0,0,0
yune,track-a-comparison,luna_pinyin,key_sequence_process_with_context,zhegeyinqingqishiyinggaizhichichaochangjuzishurucainengyong,23,59,59,64734600,177,64492100,295,115,3600,375,900,21800,47300,1000,6500,375,0,5,1,3200,5,1,500,59,0,295,885,59,1180,375,375,0,0,59,887500,23,58,697600,92,0,0,0,0,59,58,59,7000,58,7,408,600,0,0,0,0,0,0,0,0,0,0,0,0,0,0,0,52,60751200,260,5076,353,11673,667,0,0,1840,2426,4266,810,810,945,797,945,4266,1840,0,52,59238900,51,58959400,8,0,0,0,0,0,0,0,0,0,0,0,0,0,0,0,0,0,0,0,0,0,0,0,0,0,0,0,0,0,0,0,0,0
yune,track-a-comparison,luna_pinyin,key_sequence_process_with_context,zhegeyinqingqishiyinggaizhichichaochangjuzishurucainengyong,24,59,59,64924300,177,64678400,295,115,3100,375,2100,21800,48000,1100,7200,375,0,5,1,3000,5,1,200,59,0,295,885,59,1180,375,375,0,0,59,887700,23,58,700800,92,0,0,0,0,59,58,59,6900,58,7,408,800,0,0,0,0,0,0,0,0,0,0,0,0,0,0,0,52,60949000,260,5076,353,11673,667,0,0,1840,2426,4266,810,810,945,797,945,4266,1840,0,52,59465100,51,59182700,8,0,0,0,0,0,0,0,0,0,0,0,0,0,0,0,0,0,0,0,0,0,0,0,0,0,0,0,0,0,0,0,0,0
yune,track-a-comparison,luna_pinyin,key_sequence_process_with_context,zhegeyinqingqishiyinggaizhichichaochangjuzishurucainengyong,25,59,59,68608900,177,68292200,295,115,4200,375,1900,28700,59100,1500,8400,375,0,5,1,3900,5,1,500,59,0,295,885,59,1180,375,375,0,0,59,935000,23,58,779200,92,0,0,0,0,59,58,59,8700,58,7,408,800,0,0,0,0,0,0,0,0,0,0,0,0,0,0,0,52,64379700,260,5076,353,11673,667,0,0,1840,2426,4266,810,810,945,797,945,4266,1840,0,52,62628500,51,62328200,8,0,0,0,0,0,0,0,0,0,0,0,0,0,0,0,0,0,0,0,0,0,0,0,0,0,0,0,0,0,0,0,0,0
yune,track-a-comparison,luna_pinyin,key_sequence_process_with_context,zhegeyinqingqishiyinggaizhichichaochangjuzishurucainengyong,26,59,59,69772600,177,69418200,295,115,3700,375,2800,30800,63900,1000,8900,375,0,5,1,3800,5,1,400,59,0,295,885,59,1180,375,375,0,0,59,969200,23,58,744500,92,0,0,0,0,59,58,59,9700,58,7,408,800,0,0,0,0,0,0,0,0,0,0,0,0,0,0,0,52,65410800,260,5076,353,11673,667,0,0,1840,2426,4266,810,810,945,797,945,4266,1840,0,52,63612900,51,63316700,8,0,0,0,0,0,0,0,0,0,0,0,0,0,0,0,0,0,0,0,0,0,0,0,0,0,0,0,0,0,0,0,0,0
yune,track-a-comparison,luna_pinyin,key_sequence_process_with_context,zhegeyinqingqishiyinggaizhichichaochangjuzishurucainengyong,27,59,59,67910500,177,67595400,295,115,4300,375,2300,26400,59900,1700,9900,375,0,5,1,3900,5,1,400,59,0,295,885,59,1180,375,375,0,0,59,873300,23,58,729600,92,0,0,0,0,59,58,59,8300,58,7,408,600,0,0,0,0,0,0,0,0,0,0,0,0,0,0,0,52,63839900,260,5076,353,11673,667,0,0,1840,2426,4266,810,810,945,797,945,4266,1840,0,52,62147200,51,61858300,8,0,0,0,0,0,0,0,0,0,0,0,0,0,0,0,0,0,0,0,0,0,0,0,0,0,0,0,0,0,0,0,0,0
yune,track-a-comparison,luna_pinyin,key_sequence_process_with_context,zhegeyinqingqishiyinggaizhichichaochangjuzishurucainengyong,28,59,59,68337500,177,68000100,295,115,3700,375,2500,29800,62100,1500,10200,375,0,5,1,3400,5,1,400,59,0,295,885,59,1180,375,375,0,0,59,873200,23,58,743400,92,0,0,0,0,59,58,59,9300,58,7,408,800,0,0,0,0,0,0,0,0,0,0,0,0,0,0,0,52,64177600,260,5076,353,11673,667,0,0,1840,2426,4266,810,810,945,797,945,4266,1840,0,52,62356100,51,62072300,8,0,0,0,0,0,0,0,0,0,0,0,0,0,0,0,0,0,0,0,0,0,0,0,0,0,0,0,0,0,0,0,0,0
yune,track-a-comparison,luna_pinyin,key_sequence_process_with_context,zhegeyinqingqishiyinggaizhichichaochangjuzishurucainengyong,29,59,59,66485200,177,66224000,295,115,3800,375,1800,24000,52400,1400,7400,375,0,5,1,4200,5,1,400,59,0,295,885,59,1180,375,375,0,0,59,859700,23,58,727800,92,0,0,0,0,59,58,59,8700,58,7,408,700,0,0,0,0,0,0,0,0,0,0,0,0,0,0,0,52,62503500,260,5076,353,11673,667,0,0,1840,2426,4266,810,810,945,797,945,4266,1840,0,52,60883700,51,60591800,8,0,0,0,0,0,0,0,0,0,0,0,0,0,0,0,0,0,0,0,0,0,0,0,0,0,0,0,0,0,0,0,0,0
yune,track-a-comparison,luna_pinyin,key_sequence_process_with_context,zhegeyinqingqishiyinggaizhichichaochangjuzishurucainengyong,30,59,59,67369900,177,67076200,295,115,3800,375,2700,26000,60300,1300,8600,375,0,5,1,4100,5,1,400,59,0,295,885,59,1180,375,375,0,0,59,922100,23,58,738600,92,0,0,0,0,59,58,59,9600,58,7,408,700,0,0,0,0,0,0,0,0,0,0,0,0,0,0,0,52,63096400,260,5076,353,11673,667,0,0,1840,2426,4266,810,810,945,797,945,4266,1840,0,52,61418900,51,61087800,8,0,0,0,0,0,0,0,0,0,0,0,0,0,0,0,0,0,0,0,0,0,0,0,0,0,0,0,0,0,0,0,0,0
yune,track-a-comparison,luna_pinyin,key_sequence_process_with_context,zhegeyinqingqishiyinggaizhichichaochangjuzishurucainengyong,31,59,59,68607900,177,68306700,295,115,3600,375,1400,26600,58000,1200,7900,375,0,5,1,3800,5,1,700,59,0,295,885,59,1180,375,375,0,0,59,875100,23,58,728700,92,0,0,0,0,59,58,59,8300,58,7,408,800,0,0,0,0,0,0,0,0,0,0,0,0,0,0,0,52,64502100,260,5076,353,11673,667,0,0,1840,2426,4266,810,810,945,797,945,4266,1840,0,52,62739000,51,62383800,8,0,0,0,0,0,0,0,0,0,0,0,0,0,0,0,0,0,0,0,0,0,0,0,0,0,0,0,0,0,0,0,0,0
yune,track-a-comparison,luna_pinyin,key_sequence_process_with_context,zhegeyinqingqishiyinggaizhichichaochangjuzishurucainengyong,32,59,59,66484800,177,66215400,295,115,3600,375,2200,23900,52300,1600,8300,375,0,5,1,3600,5,1,400,59,0,295,885,59,1180,375,375,0,0,59,860100,23,58,730200,92,0,0,0,0,59,58,59,7700,58,7,408,600,0,0,0,0,0,0,0,0,0,0,0,0,0,0,0,52,62508000,260,5076,353,11673,667,0,0,1840,2426,4266,810,810,945,797,945,4266,1840,0,52,60918000,51,60634000,8,0,0,0,0,0,0,0,0,0,0,0,0,0,0,0,0,0,0,0,0,0,0,0,0,0,0,0,0,0,0,0,0,0
yune,track-a-comparison,luna_pinyin,key_sequence_process_with_context,zhegeyinqingqishiyinggaizhichichaochangjuzishurucainengyong,33,59,59,65971200,177,65697200,295,115,4100,375,2200,25200,55500,1200,8400,375,0,5,1,3700,5,1,300,59,0,295,885,59,1180,375,375,0,0,59,858000,23,58,746000,92,0,0,0,0,59,58,59,8200,58,7,408,800,0,0,0,0,0,0,0,0,0,0,0,0,0,0,0,52,61972100,260,5076,353,11673,667,0,0,1840,2426,4266,810,810,945,797,945,4266,1840,0,52,60286900,51,60004600,8,0,0,0,0,0,0,0,0,0,0,0,0,0,0,0,0,0,0,0,0,0,0,0,0,0,0,0,0,0,0,0,0,0
yune,track-a-comparison,luna_pinyin,key_sequence_process_with_context,zhegeyinqingqishiyinggaizhichichaochangjuzishurucainengyong,34,59,59,70326800,177,70007500,295,115,3400,375,2900,27900,59000,1500,9400,375,0,5,1,4000,5,1,400,59,0,295,885,59,1180,375,375,0,0,59,852800,23,58,733700,92,0,0,0,0,59,58,59,9700,58,7,408,500,0,0,0,0,0,0,0,0,0,0,0,0,0,0,0,52,66294100,260,5076,353,11673,667,0,0,1840,2426,4266,810,810,945,797,945,4266,1840,0,52,64497500,51,64201600,8,0,0,0,0,0,0,0,0,0,0,0,0,0,0,0,0,0,0,0,0,0,0,0,0,0,0,0,0,0,0,0,0,0
yune,track-a-comparison,luna_pinyin,key_sequence_process_with_context,zhegeyinqingqishiyinggaizhichichaochangjuzishurucainengyong,35,59,59,65365900,177,65088500,295,115,3600,375,2500,23600,54300,900,7600,375,0,5,1,3600,5,1,400,59,0,295,885,59,1180,375,375,0,0,59,839300,23,58,716600,92,0,0,0,0,59,58,59,7900,58,7,408,800,0,0,0,0,0,0,0,0,0,0,0,0,0,0,0,52,61424000,260,5076,353,11673,667,0,0,1840,2426,4266,810,810,945,797,945,4266,1840,0,52,59845400,51,59560800,8,0,0,0,0,0,0,0,0,0,0,0,0,0,0,0,0,0,0,0,0,0,0,0,0,0,0,0,0,0,0,0,0,0
yune,track-a-comparison,luna_pinyin,key_sequence_process_with_context,zhegeyinqingqishiyinggaizhichichaochangjuzishurucainengyong,36,59,59,64413200,177,64173700,295,115,4300,375,2000,21200,50400,1200,7900,375,0,5,1,3000,5,1,500,59,0,295,885,59,1180,375,375,0,0,59,837800,23,58,699900,92,0,0,0,0,59,58,59,7700,58,7,408,700,0,0,0,0,0,0,0,0,0,0,0,0,0,0,0,52,60575700,260,5076,353,11673,667,0,0,1840,2426,4266,810,810,945,797,945,4266,1840,0,52,59088400,51,58799300,8,0,0,0,0,0,0,0,0,0,0,0,0,0,0,0,0,0,0,0,0,0,0,0,0,0,0,0,0,0,0,0,0,0
yune,track-a-comparison,luna_pinyin,key_sequence_process_with_context,zhegeyinqingqishiyinggaizhichichaochangjuzishurucainengyong,37,59,59,64980300,177,64731500,295,115,3400,375,2000,21600,50200,1400,7000,375,0,5,1,3900,5,1,400,59,0,295,885,59,1180,375,375,0,0,59,834200,23,58,704500,92,0,0,0,0,59,58,59,7100,58,7,408,600,0,0,0,0,0,0,0,0,0,0,0,0,0,0,0,52,61134500,260,5076,353,11673,667,0,0,1840,2426,4266,810,810,945,797,945,4266,1840,0,52,59623400,51,59340700,8,0,0,0,0,0,0,0,0,0,0,0,0,0,0,0,0,0,0,0,0,0,0,0,0,0,0,0,0,0,0,0,0,0
yune,track-a-comparison,luna_pinyin,key_sequence_process_with_context,zhegeyinqingqishiyinggaizhichichaochangjuzishurucainengyong,38,59,59,64943300,177,64683800,295,115,4200,375,1900,22100,52600,1100,7500,375,0,5,1,3300,5,1,700,59,0,295,885,59,1180,375,375,0,0,59,838000,23,58,711000,92,0,0,0,0,59,58,59,7800,58,7,408,600,0,0,0,0,0,0,0,0,0,0,0,0,0,0,0,52,61057200,260,5076,353,11673,667,0,0,1840,2426,4266,810,810,945,797,945,4266,1840,0,52,59486100,51,59189500,8,0,0,0,0,0,0,0,0,0,0,0,0,0,0,0,0,0,0,0,0,0,0,0,0,0,0,0,0,0,0,0,0,0
yune,track-a-comparison,luna_pinyin,key_sequence_process_with_context,zhegeyinqingqishiyinggaizhichichaochangjuzishurucainengyong,39,59,59,65048800,177,64801700,295,115,3600,375,1300,21200,52300,2200,7900,375,0,5,1,3500,5,1,600,59,0,295,885,59,1180,375,375,0,0,59,894500,23,58,718000,92,0,0,0,0,59,58,59,7100,58,7,408,700,0,0,0,0,0,0,0,0,0,0,0,0,0,0,0,52,61016700,260,5076,353,11673,667,0,0,1840,2426,4266,810,810,945,797,945,4266,1840,0,52,59487500,51,59205100,8,0,0,0,0,0,0,0,0,0,0,0,0,0,0,0,0,0,0,0,0,0,0,0,0,0,0,0,0,0,0,0,0,0
yune,track-a-comparison,luna_pinyin,key_sequence_process_with_context,zhegeyinqingqishiyinggaizhichichaochangjuzishurucainengyong,40,59,59,64950700,177,64694500,295,115,3600,375,2200,22500,53200,1400,7800,375,0,5,1,3300,5,1,400,59,0,295,885,59,1180,375,375,0,0,59,887100,23,58,724800,92,0,0,0,0,59,58,59,8200,58,7,408,600,0,0,0,0,0,0,0,0,0,0,0,0,0,0,0,52,60895800,260,5076,353,11673,667,0,0,1840,2426,4266,810,810,945,797,945,4266,1840,0,52,59375300,51,59094900,8,0,0,0,0,0,0,0,0,0,0,0,0,0,0,0,0,0,0,0,0,0,0,0,0,0,0,0,0,0,0,0,0,0
yune,track-a-comparison,luna_pinyin,key_sequence_process_with_context,zhegeyinqingqishiyinggaizhichichaochangjuzishurucainengyong,41,59,59,64516600,177,64273500,295,115,3700,375,2400,22000,51000,1000,7400,375,0,5,1,2900,5,1,300,59,0,295,885,59,1180,375,375,0,0,59,829800,23,58,716300,92,0,0,0,0,59,58,59,7300,58,7,408,500,0,0,0,0,0,0,0,0,0,0,0,0,0,0,0,52,60629400,260,5076,353,11673,667,0,0,1840,2426,4266,810,810,945,797,945,4266,1840,0,52,59139500,51,58842200,8,0,0,0,0,0,0,0,0,0,0,0,0,0,0,0,0,0,0,0,0,0,0,0,0,0,0,0,0,0,0,0,0,0
yune,track-a-comparison,luna_pinyin,key_sequence_process_with_context,zhegeyinqingqishiyinggaizhichichaochangjuzishurucainengyong,42,59,59,65051000,177,64797800,295,115,3600,375,1700,22300,50900,1700,7600,375,0,5,1,3600,5,1,400,59,0,295,885,59,1180,375,375,0,0,59,839200,23,58,713200,92,0,0,0,0,59,58,59,7300,58,7,408,500,0,0,0,0,0,0,0,0,0,0,0,0,0,0,0,52,61156500,260,5076,353,11673,667,0,0,1840,2426,4266,810,810,945,797,945,4266,1840,0,52,59585800,51,59298100,8,0,0,0,0,0,0,0,0,0,0,0,0,0,0,0,0,0,0,0,0,0,0,0,0,0,0,0,0,0,0,0,0,0
yune,track-a-comparison,luna_pinyin,key_sequence_process_with_context,zhegeyinqingqishiyinggaizhichichaochangjuzishurucainengyong,43,59,59,65265100,177,65013300,295,115,3900,375,1800,22700,51200,800,7900,375,0,5,1,3700,5,1,400,59,0,295,885,59,1180,375,375,0,0,59,859100,23,58,753400,92,0,0,0,0,59,58,59,7800,58,7,408,700,0,0,0,0,0,0,0,0,0,0,0,0,0,0,0,52,61261700,260,5076,353,11673,667,0,0,1840,2426,4266,810,810,945,797,945,4266,1840,0,52,59731100,51,59423000,8,0,0,0,0,0,0,0,0,0,0,0,0,0,0,0,0,0,0,0,0,0,0,0,0,0,0,0,0,0,0,0,0,0
yune,track-a-comparison,luna_pinyin,key_sequence_process_with_context,zhegeyinqingqishiyinggaizhichichaochangjuzishurucainengyong,44,59,59,64862900,177,64615600,295,115,3300,375,1400,21900,50800,1200,10300,375,0,5,1,3000,5,1,300,59,0,295,885,59,1180,375,375,0,0,59,855100,23,58,714600,92,0,0,0,0,59,58,59,7700,58,7,408,500,0,0,0,0,0,0,0,0,0,0,0,0,0,0,0,52,60853200,260,5076,353,11673,667,0,0,1840,2426,4266,810,810,945,797,945,4266,1840,0,52,59340700,51,59060100,8,0,0,0,0,0,0,0,0,0,0,0,0,0,0,0,0,0,0,0,0,0,0,0,0,0,0,0,0,0,0,0,0,0
yune,track-a-comparison,luna_pinyin,key_sequence_process_with_context,zhegeyinqingqishiyinggaizhichichaochangjuzishurucainengyong,45,59,59,64691700,177,64450000,295,115,3500,375,2100,21500,48200,1300,7800,375,0,5,1,3200,5,1,300,59,0,295,885,59,1180,375,375,0,0,59,858600,23,58,709600,92,0,0,0,0,59,58,59,8200,58,7,408,600,0,0,0,0,0,0,0,0,0,0,0,0,0,0,0,52,60746900,260,5076,353,11673,667,0,0,1840,2426,4266,810,810,945,797,945,4266,1840,0,52,59231600,51,58927900,8,0,0,0,0,0,0,0,0,0,0,0,0,0,0,0,0,0,0,0,0,0,0,0,0,0,0,0,0,0,0,0,0,0
yune,track-a-comparison,luna_pinyin,key_sequence_process_with_context,zhegeyinqingqishiyinggaizhichichaochangjuzishurucainengyong,46,59,59,64979900,177,64735900,295,115,3600,375,2400,20800,50400,1500,8300,375,0,5,1,3200,5,1,200,59,0,295,885,59,1180,375,375,0,0,59,855600,23,58,719000,92,0,0,0,0,59,58,59,7700,58,7,408,500,0,0,0,0,0,0,0,0,0,0,0,0,0,0,0,52,61025200,260,5076,353,11673,667,0,0,1840,2426,4266,810,810,945,797,945,4266,1840,0,52,59451400,51,59158000,8,0,0,0,0,0,0,0,0,0,0,0,0,0,0,0,0,0,0,0,0,0,0,0,0,0,0,0,0,0,0,0,0,0
yune,track-a-comparison,luna_pinyin,key_sequence_process_with_context,zhegeyinqingqishiyinggaizhichichaochangjuzishurucainengyong,47,59,59,64716300,177,64473200,295,115,3700,375,2000,22300,48300,1200,7700,375,0,5,1,3000,5,1,300,59,0,295,885,59,1180,375,375,0,0,59,862300,23,58,709800,92,0,0,0,0,59,58,59,7800,58,7,408,600,0,0,0,0,0,0,0,0,0,0,0,0,0,0,0,52,60789300,260,5076,353,11673,667,0,0,1840,2426,4266,810,810,945,797,945,4266,1840,0,52,59241000,51,58959700,8,0,0,0,0,0,0,0,0,0,0,0,0,0,0,0,0,0,0,0,0,0,0,0,0,0,0,0,0,0,0,0,0,0
yune,track-a-comparison,luna_pinyin,key_sequence_process_with_context,zhegeyinqingqishiyinggaizhichichaochangjuzishurucainengyong,48,59,59,64435500,177,64197600,295,115,3400,375,1700,20700,48000,1800,6900,375,0,5,1,3400,5,1,200,59,0,295,885,59,1180,375,375,0,0,59,853200,23,58,703700,92,0,0,0,0,59,58,59,7700,58,7,408,400,0,0,0,0,0,0,0,0,0,0,0,0,0,0,0,52,60544700,260,5076,353,11673,667,0,0,1840,2426,4266,810,810,945,797,945,4266,1840,0,52,59048200,51,58769700,8,0,0,0,0,0,0,0,0,0,0,0,0,0,0,0,0,0,0,0,0,0,0,0,0,0,0,0,0,0,0,0,0,0
yune,track-a-comparison,luna_pinyin,key_sequence_process_with_context,zhegeyinqingqishiyinggaizhichichaochangjuzishurucainengyong,49,59,59,64757500,177,64492200,295,115,3800,375,1600,21400,48100,2100,7200,375,0,5,1,2800,5,1,500,59,0,295,885,59,1180,375,375,0,0,59,860400,23,58,708600,92,0,0,0,0,59,58,59,8200,58,7,408,600,0,0,0,0,0,0,0,0,0,0,0,0,0,0,0,52,60823100,260,5076,353,11673,667,0,0,1840,2426,4266,810,810,945,797,945,4266,1840,0,52,59359200,51,59072400,8,0,0,0,0,0,0,0,0,0,0,0,0,0,0,0,0,0,0,0,0,0,0,0,0,0,0,0,0,0,0,0,0,0
yune,track-a-comparison,luna_pinyin,key_sequence_process_with_context,zhegeyinqingqishiyinggaizhichichaochangjuzishurucainengyong,50,59,59,66029600,177,65779900,295,115,3100,375,1900,21600,48900,1200,7500,375,0,5,1,2900,5,1,300,59,0,295,885,59,1180,375,375,0,0,59,892200,23,58,708500,92,0,0,0,0,59,58,59,7400,58,7,408,600,0,0,0,0,0,0,0,0,0,0,0,0,0,0,0,52,62005200,260,5076,353,11673,667,0,0,1840,2426,4266,810,810,945,797,945,4266,1840,0,52,60467600,51,60155500,8,0,0,0,0,0,0,0,0,0,0,0,0,0,0,0,0,0,0,0,0,0,0,0,0,0,0,0,0,0,0,0,0,0
yune,track-a-comparison,luna_pinyin,key_sequence_process_with_context,zhegeyinqingqishiyinggaizhichichaochangjuzishurucainengyong,51,59,59,64716200,177,64476100,295,115,3400,375,1800,21300,47900,1100,7100,375,0,5,1,2700,5,1,200,59,0,295,885,59,1180,375,375,0,0,59,886700,23,58,710100,92,0,0,0,0,59,58,59,7200,58,7,408,600,0,0,0,0,0,0,0,0,0,0,0,0,0,0,0,52,60702800,260,5076,353,11673,667,0,0,1840,2426,4266,810,810,945,797,945,4266,1840,0,52,59265100,51,58961000,8,0,0,0,0,0,0,0,0,0,0,0,0,0,0,0,0,0,0,0,0,0,0,0,0,0,0,0,0,0,0,0,0,0
yune,track-a-comparison,luna_pinyin,key_sequence_process_with_context,zhegeyinqingqishiyinggaizhichichaochangjuzishurucainengyong,52,59,59,64461200,177,64222900,295,115,3700,375,2100,21800,49800,1700,7600,375,0,5,1,3200,5,1,200,59,0,295,885,59,1180,375,375,0,0,59,886800,23,58,701500,92,0,0,0,0,59,58,59,7400,58,7,408,700,0,0,0,0,0,0,0,0,0,0,0,0,0,0,0,52,60475200,260,5076,353,11673,667,0,0,1840,2426,4266,810,810,945,797,945,4266,1840,0,52,59046300,51,58767900,8,0,0,0,0,0,0,0,0,0,0,0,0,0,0,0,0,0,0,0,0,0,0,0,0,0,0,0,0,0,0,0,0,0
yune,track-a-comparison,luna_pinyin,key_sequence_process_with_context,zhegeyinqingqishiyinggaizhichichaochangjuzishurucainengyong,53,59,59,64822700,177,64575000,295,115,3100,375,2200,22100,49300,1500,7600,375,0,5,1,3000,5,1,200,59,0,295,885,59,1180,375,375,0,0,59,890600,23,58,703600,92,0,0,0,0,59,58,59,7300,58,7,408,600,0,0,0,0,0,0,0,0,0,0,0,0,0,0,0,52,60818700,260,5076,353,11673,667,0,0,1840,2426,4266,810,810,945,797,945,4266,1840,0,52,59378500,51,59091800,8,0,0,0,0,0,0,0,0,0,0,0,0,0,0,0,0,0,0,0,0,0,0,0,0,0,0,0,0,0,0,0,0,0
yune,track-a-comparison,luna_pinyin,key_sequence_process_with_context,zhegeyinqingqishiyinggaizhichichaochangjuzishurucainengyong,54,59,59,64856000,177,64614600,295,115,3400,375,1300,21600,48100,1900,7300,375,0,5,1,3100,5,1,500,59,0,295,885,59,1180,375,375,0,0,59,889600,23,58,710900,92,0,0,0,0,59,58,59,7500,58,7,408,400,0,0,0,0,0,0,0,0,0,0,0,0,0,0,0,52,60821600,260,5076,353,11673,667,0,0,1840,2426,4266,810,810,945,797,945,4266,1840,0,52,59340700,51,59062100,8,0,0,0,0,0,0,0,0,0,0,0,0,0,0,0,0,0,0,0,0,0,0,0,0,0,0,0,0,0,0,0,0,0
yune,track-a-comparison,luna_pinyin,key_sequence_process_with_context,zhegeyinqingqishiyinggaizhichichaochangjuzishurucainengyong,55,59,59,64584200,177,64345300,295,115,3900,375,2000,21300,48300,1600,6500,375,0,5,1,2700,5,1,200,59,0,295,885,59,1180,375,375,0,0,59,887900,23,58,705100,92,0,0,0,0,59,58,59,7200,58,7,408,400,0,0,0,0,0,0,0,0,0,0,0,0,0,0,0,52,60586300,260,5076,353,11673,667,0,0,1840,2426,4266,810,810,945,797,945,4266,1840,0,52,59150400,51,58871200,8,0,0,0,0,0,0,0,0,0,0,0,0,0,0,0,0,0,0,0,0,0,0,0,0,0,0,0,0,0,0,0,0,0
yune,track-a-comparison,luna_pinyin,key_sequence_process_with_context,zhegeyinqingqishiyinggaizhichichaochangjuzishurucainengyong,56,59,59,65604500,177,65359200,295,115,3400,375,1900,23100,48600,1500,6800,375,0,5,1,4800,5,1,400,59,0,295,885,59,1180,375,375,0,0,59,872300,23,58,710100,92,0,0,0,0,59,58,59,6900,58,7,408,800,0,0,0,0,0,0,0,0,0,0,0,0,0,0,0,52,61639900,260,5076,353,11673,667,0,0,1840,2426,4266,810,810,945,797,945,4266,1840,0,52,60127400,51,59831500,8,0,0,0,0,0,0,0,0,0,0,0,0,0,0,0,0,0,0,0,0,0,0,0,0,0,0,0,0,0,0,0,0,0
yune,track-a-comparison,luna_pinyin,key_sequence_process_with_context,zhegeyinqingqishiyinggaizhichichaochangjuzishurucainengyong,57,59,59,65284600,177,65014800,295,115,3100,375,2600,23600,52700,1600,8100,375,0,5,1,3300,5,1,400,59,0,295,885,59,1180,375,375,0,0,59,857700,23,58,711200,92,0,0,0,0,59,58,59,8000,58,7,408,700,0,0,0,0,0,0,0,0,0,0,0,0,0,0,0,52,61319200,260,5076,353,11673,667,0,0,1840,2426,4266,810,810,945,797,945,4266,1840,0,52,59780300,51,59496400,8,0,0,0,0,0,0,0,0,0,0,0,0,0,0,0,0,0,0,0,0,0,0,0,0,0,0,0,0,0,0,0,0,0
yune,track-a-comparison,luna_pinyin,key_sequence_process_with_context,zhegeyinqingqishiyinggaizhichichaochangjuzishurucainengyong,58,59,59,64729900,177,64461800,295,115,4100,375,2200,23700,52700,2400,8400,375,0,5,1,3500,5,1,400,59,0,295,885,59,1180,375,375,0,0,59,851900,23,58,746500,92,0,0,0,0,59,58,59,7700,58,7,408,900,0,0,0,0,0,0,0,0,0,0,0,0,0,0,0,52,60763100,260,5076,353,11673,667,0,0,1840,2426,4266,810,810,945,797,945,4266,1840,0,52,59198400,51,58904300,8,0,0,0,0,0,0,0,0,0,0,0,0,0,0,0,0,0,0,0,0,0,0,0,0,0,0,0,0,0,0,0,0,0
yune,track-a-comparison,luna_pinyin,key_sequence_process_with_context,zhegeyinqingqishiyinggaizhichichaochangjuzishurucainengyong,59,59,59,64531700,177,64295500,295,115,3900,375,1600,20500,47600,1100,7400,375,0,5,1,2900,5,1,300,59,0,295,885,59,1180,375,375,0,0,59,892900,23,58,714700,92,0,0,0,0,59,58,59,7000,58,7,408,600,0,0,0,0,0,0,0,0,0,0,0,0,0,0,0,52,60575800,260,5076,353,11673,667,0,0,1840,2426,4266,810,810,945,797,945,4266,1840,0,52,59091900,51,58812800,8,0,0,0,0,0,0,0,0,0,0,0,0,0,0,0,0,0,0,0,0,0,0,0,0,0,0,0,0,0,0,0,0,0
yune,track-a-comparison,luna_pinyin,key_sequence_process_with_context,zhegeyinqingqishiyinggaizhichichaochangjuzishurucainengyong,60,59,59,63948300,177,63678700,295,115,3600,375,1800,21100,48000,900,6800,375,0,5,1,3000,5,1,300,59,0,295,885,59,1180,375,375,0,0,59,829700,23,58,703100,92,0,0,0,0,59,58,59,7900,58,7,408,800,0,0,0,0,0,0,0,0,0,0,0,0,0,0,0,52,60095200,260,5076,353,11673,667,0,0,1840,2426,4266,810,810,945,797,945,4266,1840,0,52,58660100,51,58378400,8,0,0,0,0,0,0,0,0,0,0,0,0,0,0,0,0,0,0,0,0,0,0,0,0,0,0,0,0,0,0,0,0,0
yune,track-a-comparison,luna_pinyin,key_sequence_process_with_context,zhegeyinqingqishiyinggaizhichichaochangjuzishurucainengyong,61,59,59,65049100,177,64802700,295,115,4200,375,1700,21100,49100,1600,7200,375,0,5,1,3500,5,1,400,59,0,295,885,59,1180,375,375,0,0,59,860200,23,58,705000,92,0,0,0,0,59,58,59,6800,58,7,408,800,0,0,0,0,0,0,0,0,0,0,0,0,0,0,0,52,61126400,260,5076,353,11673,667,0,0,1840,2426,4266,810,810,945,797,945,4266,1840,0,52,59650200,51,59374500,8,0,0,0,0,0,0,0,0,0,0,0,0,0,0,0,0,0,0,0,0,0,0,0,0,0,0,0,0,0,0,0,0,0
yune,track-a-comparison,luna_pinyin,key_sequence_process_with_context,zhegeyinqingqishiyinggaizhichichaochangjuzishurucainengyong,62,59,59,64955800,177,64712900,295,115,4100,375,1500,23000,46900,2200,6600,375,0,5,1,3300,5,1,400,59,0,295,885,59,1180,375,375,0,0,59,895200,23,58,711600,92,0,0,0,0,59,58,59,7000,58,7,408,500,0,0,0,0,0,0,0,0,0,0,0,0,0,0,0,52,60952900,260,5076,353,11673,667,0,0,1840,2426,4266,810,810,945,797,945,4266,1840,0,52,59475200,51,59196100,8,0,0,0,0,0,0,0,0,0,0,0,0,0,0,0,0,0,0,0,0,0,0,0,0,0,0,0,0,0,0,0,0,0
yune,track-a-comparison,luna_pinyin,key_sequence_process_with_context,zhegeyinqingqishiyinggaizhichichaochangjuzishurucainengyong,63,59,59,64478300,177,64242700,295,115,3800,375,1800,21100,46800,1500,6800,375,0,5,1,3200,5,1,200,59,0,295,885,59,1180,375,375,0,0,59,888800,23,58,706700,92,0,0,0,0,59,58,59,7200,58,7,408,500,0,0,0,0,0,0,0,0,0,0,0,0,0,0,0,52,60463000,260,5076,353,11673,667,0,0,1840,2426,4266,810,810,945,797,945,4266,1840,0,52,58992000,51,58707600,8,0,0,0,0,0,0,0,0,0,0,0,0,0,0,0,0,0,0,0,0,0,0,0,0,0,0,0,0,0,0,0,0,0
yune,track-a-comparison,luna_pinyin,key_sequence_process_with_context,zhegeyinqingqishiyinggaizhichichaochangjuzishurucainengyong,64,59,59,64575600,177,64339400,295,115,3200,375,2800,21400,46200,1300,7200,375,0,5,1,3400,5,1,300,59,0,295,885,59,1180,375,375,0,0,59,888100,23,58,703600,92,0,0,0,0,59,58,59,7000,58,7,408,900,0,0,0,0,0,0,0,0,0,0,0,0,0,0,0,52,60605900,260,5076,353,11673,667,0,0,1840,2426,4266,810,810,945,797,945,4266,1840,0,52,59123500,51,58840700,8,0,0,0,0,0,0,0,0,0,0,0,0,0,0,0,0,0,0,0,0,0,0,0,0,0,0,0,0,0,0,0,0,0
yune,track-a-comparison,luna_pinyin,key_sequence_process_with_context,zhegeyinqingqishiyinggaizhichichaochangjuzishurucainengyong,65,59,59,69793200,177,69480200,295,115,3700,375,3500,29200,57000,700,8900,375,0,5,1,3600,5,1,300,59,0,295,885,59,1180,375,375,0,0,59,918300,23,58,718100,92,0,0,0,0,59,58,59,10400,58,7,408,800,0,0,0,0,0,0,0,0,0,0,0,0,0,0,0,52,65649800,260,5076,353,11673,667,0,0,1840,2426,4266,810,810,945,797,945,4266,1840,0,52,63962600,51,63677400,8,0,0,0,0,0,0,0,0,0,0,0,0,0,0,0,0,0,0,0,0,0,0,0,0,0,0,0,0,0,0,0,0,0
yune,track-a-comparison,luna_pinyin,key_sequence_process_with_context,zhegeyinqingqishiyinggaizhichichaochangjuzishurucainengyong,66,59,59,64434800,177,64197200,295,115,4000,375,1900,21200,46200,1400,8000,375,0,5,1,3400,5,1,500,59,0,295,885,59,1180,375,375,0,0,59,884700,23,58,707300,92,0,0,0,0,59,58,59,7300,58,7,408,500,0,0,0,0,0,0,0,0,0,0,0,0,0,0,0,52,60457100,260,5076,353,11673,667,0,0,1840,2426,4266,810,810,945,797,945,4266,1840,0,52,58977300,51,58691600,8,0,0,0,0,0,0,0,0,0,0,0,0,0,0,0,0,0,0,0,0,0,0,0,0,0,0,0,0,0,0,0,0,0
yune,track-a-comparison,luna_pinyin,key_sequence_process_with_context,zhegeyinqingqishiyinggaizhichichaochangjuzishurucainengyong,67,59,59,64251900,177,64019400,295,115,3800,375,1900,20400,46400,1900,8000,375,0,5,1,3300,5,1,300,59,0,295,885,59,1180,375,375,0,0,59,890500,23,58,701100,92,0,0,0,0,59,58,59,7300,58,7,408,500,0,0,0,0,0,0,0,0,0,0,0,0,0,0,0,52,60278000,260,5076,353,11673,667,0,0,1840,2426,4266,810,810,945,797,945,4266,1840,0,52,58782700,51,58506700,8,0,0,0,0,0,0,0,0,0,0,0,0,0,0,0,0,0,0,0,0,0,0,0,0,0,0,0,0,0,0,0,0,0
yune,track-a-comparison,luna_pinyin,key_sequence_process_with_context,zhegeyinqingqishiyinggaizhichichaochangjuzishurucainengyong,68,59,59,64145800,177,63914100,295,115,3200,375,2700,22200,45500,1300,6800,375,0,5,1,3200,5,1,500,59,0,295,885,59,1180,375,375,0,0,59,888000,23,58,696000,92,0,0,0,0,59,58,59,6800,58,7,408,400,0,0,0,0,0,0,0,0,0,0,0,0,0,0,0,52,60191100,260,5076,353,11673,667,0,0,1840,2426,4266,810,810,945,797,945,4266,1840,0,52,58725300,51,58446100,8,0,0,0,0,0,0,0,0,0,0,0,0,0,0,0,0,0,0,0,0,0,0,0,0,0,0,0,0,0,0,0,0,0
yune,track-a-comparison,luna_pinyin,key_sequence_process_with_context,zhegeyinqingqishiyinggaizhichichaochangjuzishurucainengyong,69,59,59,65220200,177,64953600,295,115,3400,375,2300,24600,50700,800,7500,375,0,5,1,3600,5,1,300,59,0,295,885,59,1180,375,375,0,0,59,864600,23,58,727200,92,0,0,0,0,59,58,59,8000,58,7,408,500,0,0,0,0,0,0,0,0,0,0,0,0,0,0,0,52,61214800,260,5076,353,11673,667,0,0,1840,2426,4266,810,810,945,797,945,4266,1840,0,52,59626100,51,59346000,8,0,0,0,0,0,0,0,0,0,0,0,0,0,0,0,0,0,0,0,0,0,0,0,0,0,0,0,0,0,0,0,0,0
yune,track-a-comparison,luna_pinyin,key_sequence_process_with_context,zhegeyinqingqishiyinggaizhichichaochangjuzishurucainengyong,70,59,59,64353100,177,64118300,295,115,3800,375,1500,21500,46700,1400,7100,375,0,5,1,2600,5,1,100,59,0,295,885,59,1180,375,375,0,0,59,886000,23,58,725800,92,0,0,0,0,59,58,59,7900,58,7,408,600,0,0,0,0,0,0,0,0,0,0,0,0,0,0,0,52,60303100,260,5076,353,11673,667,0,0,1840,2426,4266,810,810,945,797,945,4266,1840,0,52,58764800,51,58481500,8,0,0,0,0,0,0,0,0,0,0,0,0,0,0,0,0,0,0,0,0,0,0,0,0,0,0,0,0,0,0,0,0,0
yune,track-a-comparison,luna_pinyin,key_sequence_process_with_context,zhegeyinqingqishiyinggaizhichichaochangjuzishurucainengyong,71,59,59,65290500,177,65012700,295,115,4000,375,1300,22300,49600,1000,8400,375,0,5,1,2800,5,1,100,59,0,295,885,59,1180,375,375,0,0,59,895900,23,58,719600,92,0,0,0,0,59,58,59,6800,58,7,408,500,0,0,0,0,0,0,0,0,0,0,0,0,0,0,0,52,61246700,260,5076,353,11673,667,0,0,1840,2426,4266,810,810,945,797,945,4266,1840,0,52,59670500,51,59390900,8,0,0,0,0,0,0,0,0,0,0,0,0,0,0,0,0,0,0,0,0,0,0,0,0,0,0,0,0,0,0,0,0,0
yune,track-a-comparison,luna_pinyin,key_sequence_process_with_context,zhegeyinqingqishiyinggaizhichichaochangjuzishurucainengyong,72,59,59,64551000,177,64309800,295,115,3000,375,2500,22100,48200,1800,7100,375,0,5,1,3400,5,1,300,59,0,295,885,59,1180,375,375,0,0,59,895200,23,58,712400,92,0,0,0,0,59,58,59,6900,58,7,408,500,0,0,0,0,0,0,0,0,0,0,0,0,0,0,0,52,60513500,260,5076,353,11673,667,0,0,1840,2426,4266,810,810,945,797,945,4266,1840,0,52,59061800,51,58781000,8,0,0,0,0,0,0,0,0,0,0,0,0,0,0,0,0,0,0,0,0,0,0,0,0,0,0,0,0,0,0,0,0,0
yune,track-a-comparison,luna_pinyin,key_sequence_process_with_context,zhegeyinqingqishiyinggaizhichichaochangjuzishurucainengyong,73,59,59,64489000,177,64235900,295,115,3800,375,1900,23200,50200,1300,7500,375,0,5,1,3500,5,1,600,59,0,295,885,59,1180,375,375,0,0,59,869700,23,58,721200,92,0,0,0,0,59,58,59,6900,58,7,408,800,0,0,0,0,0,0,0,0,0,0,0,0,0,0,0,52,60515700,260,5076,353,11673,667,0,0,1840,2426,4266,810,810,945,797,945,4266,1840,0,52,59023300,51,58743600,8,0,0,0,0,0,0,0,0,0,0,0,0,0,0,0,0,0,0,0,0,0,0,0,0,0,0,0,0,0,0,0,0,0
yune,track-a-comparison,luna_pinyin,key_sequence_process_with_context,zhegeyinqingqishiyinggaizhichichaochangjuzishurucainengyong,74,59,59,66429800,177,66149700,295,115,3800,375,2100,24200,54900,1800,8400,375,0,5,1,3700,5,1,400,59,0,295,885,59,1180,375,375,0,0,59,835300,23,58,717300,92,0,0,0,0,59,58,59,8100,58,7,408,500,0,0,0,0,0,0,0,0,0,0,0,0,0,0,0,52,62495500,260,5076,353,11673,667,0,0,1840,2426,4266,810,810,945,797,945,4266,1840,0,52,60936400,51,60650800,8,0,0,0,0,0,0,0,0,0,0,0,0,0,0,0,0,0,0,0,0,0,0,0,0,0,0,0,0,0,0,0,0,0
yune,track-a-comparison,luna_pinyin,key_sequence_process_with_context,zhegeyinqingqishiyinggaizhichichaochangjuzishurucainengyong,75,59,59,63708500,177,63475400,295,115,3800,375,2000,21100,46800,1400,6300,375,0,5,1,3100,5,1,200,59,0,295,885,59,1180,375,375,0,0,59,833000,23,58,707800,92,0,0,0,0,59,58,59,7400,58,7,408,400,0,0,0,0,0,0,0,0,0,0,0,0,0,0,0,52,59873200,260,5076,353,11673,667,0,0,1840,2426,4266,810,810,945,797,945,4266,1840,0,52,58443800,51,58164500,8,0,0,0,0,0,0,0,0,0,0,0,0,0,0,0,0,0,0,0,0,0,0,0,0,0,0,0,0,0,0,0,0,0
yune,track-a-comparison,luna_pinyin,key_sequence_process_with_context,zhegeyinqingqishiyinggaizhichichaochangjuzishurucainengyong,76,59,59,63968300,177,63736100,295,115,3600,375,1800,20400,44900,1200,7400,375,0,5,1,3400,5,1,300,59,0,295,885,59,1180,375,375,0,0,59,830700,23,58,703400,92,0,0,0,0,59,58,59,6600,58,7,408,400,0,0,0,0,0,0,0,0,0,0,0,0,0,0,0,52,60157200,260,5076,353,11673,667,0,0,1840,2426,4266,810,810,945,797,945,4266,1840,0,52,58721000,51,58439000,8,0,0,0,0,0,0,0,0,0,0,0,0,0,0,0,0,0,0,0,0,0,0,0,0,0,0,0,0,0,0,0,0,0
yune,track-a-comparison,luna_pinyin,key_sequence_process_with_context,zhegeyinqingqishiyinggaizhichichaochangjuzishurucainengyong,77,59,59,64061600,177,63824600,295,115,3400,375,1000,21800,46900,1600,7100,375,0,5,1,4800,5,1,600,59,0,295,885,59,1180,375,375,0,0,59,833400,23,58,698200,92,0,0,0,0,59,58,59,7000,58,7,408,1000,0,0,0,0,0,0,0,0,0,0,0,0,0,0,0,52,60256100,260,5076,353,11673,667,0,0,1840,2426,4266,810,810,945,797,945,4266,1840,0,52,58787900,51,58510300,8,0,0,0,0,0,0,0,0,0,0,0,0,0,0,0,0,0,0,0,0,0,0,0,0,0,0,0,0,0,0,0,0,0
yune,track-a-comparison,luna_pinyin,key_sequence_process_with_context,zhegeyinqingqishiyinggaizhichichaochangjuzishurucainengyong,78,59,59,64114500,177,63873900,295,115,3600,375,1500,21300,49100,1500,7100,375,0,5,1,3400,5,1,400,59,0,295,885,59,1180,375,375,0,0,59,836200,23,58,703700,92,0,0,0,0,59,58,59,7400,58,7,408,700,0,0,0,0,0,0,0,0,0,0,0,0,0,0,0,52,60276000,260,5076,353,11673,667,0,0,1840,2426,4266,810,810,945,797,945,4266,1840,0,52,58836500,51,58551700,8,0,0,0,0,0,0,0,0,0,0,0,0,0,0,0,0,0,0,0,0,0,0,0,0,0,0,0,0,0,0,0,0,0
yune,track-a-comparison,luna_pinyin,key_sequence_process_with_context,zhegeyinqingqishiyinggaizhichichaochangjuzishurucainengyong,79,59,59,64003600,177,63765600,295,115,3300,375,1500,20800,47300,1300,7100,375,0,5,1,3000,5,1,100,59,0,295,885,59,1180,375,375,0,0,59,831500,23,58,729100,92,0,0,0,0,59,58,59,6600,58,7,408,700,0,0,0,0,0,0,0,0,0,0,0,0,0,0,0,52,60162900,260,5076,353,11673,667,0,0,1840,2426,4266,810,810,945,797,945,4266,1840,0,52,58731400,51,58444500,8,0,0,0,0,0,0,0,0,0,0,0,0,0,0,0,0,0,0,0,0,0,0,0,0,0,0,0,0,0,0,0,0,0
yune,track-a-comparison,luna_pinyin,key_sequence_process_with_context,cszysmsrsd,0,10,10,4655600,30,4624100,20,20,600,65,400,2100,6000,100,1600,65,0,5,1,1700,5,1,100,10,0,50,150,10,200,65,209,0,0,10,7600,0,10,23500,20,0,0,0,0,10,10,209,24600,1688,7,134,300,0,0,0,0,0,0,0,0,0,0,0,0,0,0,0,18,4512700,45,18,11094,151,11156,0,0,1652,9,9,9,9,63,45,1661,1661,0,0,18,699800,8,3700,56,0,0,0,0,0,0,0,0,9,354000,1652,1652,1652,203100,695700,3418700,18000,4138700,0,0,0,0,0,0,0,0,0,0,0,0,0,0,0
yune,track-a-comparison,luna_pinyin,key_sequence_process_with_context,cszysmsrsd,1,10,10,4644900,30,4613200,20,20,900,65,300,2300,6100,300,1500,65,0,5,1,1500,5,1,100,10,0,50,150,10,200,65,209,0,0,10,7400,0,10,23600,20,0,0,0,0,10,10,209,24800,1688,7,134,500,0,0,0,0,0,0,0,0,0,0,0,0,0,0,0,18,4499400,45,18,11094,151,11156,0,0,1652,9,9,9,9,63,45,1661,1661,0,0,18,692000,8,3700,56,0,0,0,0,0,0,0,0,9,353600,1652,1652,1652,203000,687800,3412600,18100,4126100,0,0,0,0,0,0,0,0,0,0,0,0,0,0,0
yune,track-a-comparison,luna_pinyin,key_sequence_process_with_context,cszysmsrsd,2,10,10,4626200,30,4595400,20,20,500,65,100,2500,6100,200,1700,65,0,5,1,1500,5,1,200,10,0,50,150,10,200,65,209,0,0,10,7000,0,10,23700,20,0,0,0,0,10,10,209,22800,1688,7,134,300,0,0,0,0,0,0,0,0,0,0,0,0,0,0,0,18,4481600,45,18,11094,151,11156,0,0,1652,9,9,9,9,63,45,1661,1661,0,0,18,698700,8,3500,56,0,0,0,0,0,0,0,0,9,352600,1652,1652,1652,202800,694600,3390500,18300,4109700,0,0,0,0,0,0,0,0,0,0,0,0,0,0,0
yune,track-a-comparison,luna_pinyin,key_sequence_process_with_context,cszysmsrsd,3,10,10,4629800,30,4598100,20,20,800,65,100,2300,6300,100,1500,65,0,5,1,2000,5,1,200,10,0,50,150,10,200,65,209,0,0,10,7100,0,10,23700,20,0,0,0,0,10,10,209,24800,1688,7,134,300,0,0,0,0,0,0,0,0,0,0,0,0,0,0,0,18,4485100,45,18,11094,151,11156,0,0,1652,9,9,9,9,63,45,1661,1661,0,0,18,693200,8,3500,56,0,0,0,0,0,0,0,0,9,355700,1652,1652,1652,206000,689100,3394900,18200,4110200,0,0,0,0,0,0,0,0,0,0,0,0,0,0,0
yune,track-a-comparison,luna_pinyin,key_sequence_process_with_context,cszysmsrsd,4,10,10,4683200,30,4650500,20,20,500,65,0,2300,6100,300,1600,65,0,5,1,3000,5,1,200,10,0,50,150,10,200,65,209,0,0,10,7300,0,10,24900,20,0,0,0,0,10,10,209,24600,1688,7,134,300,0,0,0,0,0,0,0,0,0,0,0,0,0,0,0,18,4534200,45,18,11094,151,11156,0,0,1652,9,9,9,9,63,45,1661,1661,0,0,18,703400,8,4000,56,0,0,0,0,0,0,0,0,9,387900,1652,1652,1652,233500,698700,3403300,18200,4126600,0,0,0,0,0,0,0,0,0,0,0,0,0,0,0
yune,track-a-comparison,luna_pinyin,key_sequence_process_with_context,cszysmsrsd,5,10,10,4719400,30,4685700,20,20,1100,65,400,2500,6700,100,1700,65,0,5,1,2800,5,1,100,10,0,50,150,10,200,65,209,0,0,10,7400,0,10,30600,20,0,0,0,0,10,10,209,25300,1688,7,134,500,0,0,0,0,0,0,0,0,0,0,0,0,0,0,0,18,4562200,45,18,11094,151,11156,0,0,1652,9,9,9,9,63,45,1661,1661,0,0,18,699500,8,3900,56,0,0,0,0,0,0,0,0,9,379400,1652,1652,1652,222700,694500,3440800,18300,4162400,0,0,0,0,0,0,0,0,0,0,0,0,0,0,0
yune,track-a-comparison,luna_pinyin,key_sequence_process_with_context,cszysmsrsd,6,10,10,4786200,30,4753700,20,20,700,65,700,2200,6900,300,1600,65,0,5,1,2400,5,1,200,10,0,50,150,10,200,65,209,0,0,10,7400,0,10,28800,20,0,0,0,0,10,10,209,24100,1688,7,134,200,0,0,0,0,0,0,0,0,0,0,0,0,0,0,0,18,4632600,45,18,11094,151,11156,0,0,1652,9,9,9,9,63,45,1661,1661,0,0,18,691400,8,3600,56,0,0,0,0,0,0,0,0,9,356400,1652,1652,1652,208300,686900,3542900,18200,4256000,0,0,0,0,0,0,0,0,0,0,0,0,0,0,0
yune,track-a-comparison,luna_pinyin,key_sequence_process_with_context,cszysmsrsd,7,10,10,4698100,30,4665300,20,20,800,65,500,2400,6700,300,1400,65,0,5,1,3100,5,1,200,10,0,50,150,10,200,65,209,0,0,10,7100,0,10,25800,20,0,0,0,0,10,10,209,24600,1688,7,134,500,0,0,0,0,0,0,0,0,0,0,0,0,0,0,0,18,4547300,45,18,11094,151,11156,0,0,1652,9,9,9,9,63,45,1661,1661,0,0,18,700400,8,3900,56,0,0,0,0,0,0,0,0,9,362000,1652,1652,1652,209000,695600,3444500,18500,4165200,0,0,0,0,0,0,0,0,0,0,0,0,0,0,0
yune,track-a-comparison,luna_pinyin,key_sequence_process_with_context,cszysmsrsd,8,10,10,4631700,30,4599500,20,20,400,65,200,2300,6300,400,1500,65,0,5,1,2000,5,1,300,10,0,50,150,10,200,65,209,0,0,10,7400,0,10,25100,20,0,0,0,0,10,10,209,23200,1688,7,134,300,0,0,0,0,0,0,0,0,0,0,0,0,0,0,0,18,4480400,45,18,11094,151,11156,0,0,1652,9,9,9,9,63,45,1661,1661,0,0,18,712800,8,4100,56,0,0,0,0,0,0,0,0,9,361300,1652,1652,1652,211200,707600,3365000,18600,4098500,0,0,0,0,0,0,0,0,0,0,0,0,0,0,0
yune,track-a-comparison,luna_pinyin,key_sequence_process_with_context,cszysmsrsd,9,10,10,4640900,30,4608300,20,20,700,65,600,2200,6700,100,1800,65,0,5,1,1600,5,1,200,10,0,50,150,10,200,65,209,0,0,10,7500,0,10,24700,20,0,0,0,0,10,10,209,24000,1688,7,134,500,0,0,0,0,0,0,0,0,0,0,0,0,0,0,0,18,4491100,45,18,11094,151,11156,0,0,1652,9,9,9,9,63,45,1661,1661,0,0,18,711600,8,4400,56,0,0,0,0,0,0,0,0,9,357600,1652,1652,1652,206400,706400,3382300,18000,4113600,0,0,0,0,0,0,0,0,0,0,0,0,0,0,0
yune,track-a-comparison,luna_pinyin,key_sequence_process_with_context,cszysmsrsd,10,10,10,4689200,30,4657400,20,20,900,65,400,2200,6200,0,1500,65,0,5,1,1700,5,1,100,10,0,50,150,10,200,65,209,0,0,10,7600,0,10,24400,20,0,0,0,0,10,10,209,25200,1688,7,134,300,0,0,0,0,0,0,0,0,0,0,0,0,0,0,0,18,4539600,45,18,11094,151,11156,0,0,1652,9,9,9,9,63,45,1661,1661,0,0,18,718400,8,4200,56,0,0,0,0,0,0,0,0,9,361100,1652,1652,1652,209800,713500,3418600,18300,4158300,0,0,0,0,0,0,0,0,0,0,0,0,0,0,0
yune,track-a-comparison,luna_pinyin,key_sequence_process_with_context,cszysmsrsd,11,10,10,4643400,30,4611300,20,20,500,65,200,2400,6400,100,1800,65,0,5,1,1600,5,1,200,10,0,50,150,10,200,65,209,0,0,10,7500,0,10,24600,20,0,0,0,0,10,10,209,24000,1688,7,134,500,0,0,0,0,0,0,0,0,0,0,0,0,0,0,0,18,4495800,45,18,11094,151,11156,0,0,1652,9,9,9,9,63,45,1661,1661,0,0,18,712100,8,3600,56,0,0,0,0,0,0,0,0,9,355700,1652,1652,1652,205200,707500,3387500,18300,4120100,0,0,0,0,0,0,0,0,0,0,0,0,0,0,0
yune,track-a-comparison,luna_pinyin,key_sequence_process_with_context,cszysmsrsd,12,10,10,4721700,30,4689800,20,20,700,65,300,2500,6500,100,1600,65,0,5,1,1500,5,1,100,10,0,50,150,10,200,65,209,0,0,10,7300,0,10,23900,20,0,0,0,0,10,10,209,24100,1688,7,134,300,0,0,0,0,0,0,0,0,0,0,0,0,0,0,0,18,4575000,45,18,11094,151,11156,0,0,1652,9,9,9,9,63,45,1661,1661,0,0,18,719200,8,3800,56,0,0,0,0,0,0,0,0,9,360700,1652,1652,1652,212400,714600,3454300,18200,4194300,0,0,0,0,0,0,0,0,0,0,0,0,0,0,0
yune,track-a-comparison,luna_pinyin,key_sequence_process_with_context,cszysmsrsd,13,10,10,4719100,30,4686700,20,20,700,65,200,2400,6600,200,1200,65,0,5,1,1300,5,1,100,10,0,50,150,10,200,65,209,0,0,10,7300,0,10,24400,20,0,0,0,0,10,10,209,24300,1688,7,134,300,0,0,0,0,0,0,0,0,0,0,0,0,0,0,0,18,4569300,45,18,11094,151,11156,0,0,1652,9,9,9,9,63,45,1661,1661,0,0,18,714500,8,3900,56,0,0,0,0,0,0,0,0,9,363000,1652,1652,1652,214600,709800,3451000,18700,4186000,0,0,0,0,0,0,0,0,0,0,0,0,0,0,0
yune,track-a-comparison,luna_pinyin,key_sequence_process_with_context,cszysmsrsd,14,10,10,4608300,30,4576500,20,20,800,65,600,2200,6600,500,1600,65,0,5,1,1500,5,1,200,10,0,50,150,10,200,65,209,0,0,10,7500,0,10,24000,20,0,0,0,0,10,10,209,24300,1688,7,134,300,0,0,0,0,0,0,0,0,0,0,0,0,0,0,0,18,4461800,45,18,11094,151,11156,0,0,1652,9,9,9,9,63,45,1661,1661,0,0,18,716700,8,3900,56,0,0,0,0,0,0,0,0,9,354900,1652,1652,1652,200900,712100,3349900,18500,4086900,0,0,0,0,0,0,0,0,0,0,0,0,0,0,0
yune,track-a-comparison,luna_pinyin,key_sequence_process_with_context,cszysmsrsd,15,10,10,4551600,30,4519600,20,20,400,65,500,2200,6400,400,1600,65,0,5,1,1400,5,1,100,10,0,50,150,10,200,65,209,0,0,10,7300,0,10,26000,20,0,0,0,0,10,10,209,23900,1688,7,134,500,0,0,0,0,0,0,0,0,0,0,0,0,0,0,0,18,4405000,45,18,11094,151,11156,0,0,1652,9,9,9,9,63,45,1661,1661,0,0,18,705500,8,3700,56,0,0,0,0,0,0,0,0,9,357500,1652,1652,1652,205500,701000,3300200,18300,4028000,0,0,0,0,0,0,0,0,0,0,0,0,0,0,0
yune,track-a-comparison,luna_pinyin,key_sequence_process_with_context,cszysmsrsd,16,10,10,4578200,30,4546900,20,20,900,65,0,2000,6000,100,1500,65,0,5,1,1300,5,1,100,10,0,50,150,10,200,65,209,0,0,10,7500,0,10,24200,20,0,0,0,0,10,10,209,24100,1688,7,134,200,0,0,0,0,0,0,0,0,0,0,0,0,0,0,0,18,4430700,45,18,11094,151,11156,0,0,1652,9,9,9,9,63,45,1661,1661,0,0,18,704900,8,3600,56,0,0,0,0,0,0,0,0,9,353600,1652,1652,1652,204300,700600,3332000,18300,4057300,0,0,0,0,0,0,0,0,0,0,0,0,0,0,0
yune,track-a-comparison,luna_pinyin,key_sequence_process_with_context,cszysmsrsd,17,10,10,4607200,30,4575600,20,20,500,65,300,2000,6300,200,1600,65,0,5,1,1300,5,1,100,10,0,50,150,10,200,65,209,0,0,10,7100,0,10,24300,20,0,0,0,0,10,10,209,23400,1688,7,134,200,0,0,0,0,0,0,0,0,0,0,0,0,0,0,0,18,4460200,45,18,11094,151,11156,0,0,1652,9,9,9,9,63,45,1661,1661,0,0,18,724200,8,3600,56,0,0,0,0,0,0,0,0,9,356200,1652,1652,1652,208000,719800,3338800,18600,4084300,0,0,0,0,0,0,0,0,0,0,0,0,0,0,0
yune,track-a-comparison,luna_pinyin,key_sequence_process_with_context,cszysmsrsd,18,10,10,4567600,30,4536500,20,20,600,65,200,2200,6200,200,1400,65,0,5,1,1300,5,1,100,10,0,50,150,10,200,65,209,0,0,10,7200,0,10,24000,20,0,0,0,0,10,10,209,24700,1688,7,134,300,0,0,0,0,0,0,0,0,0,0,0,0,0,0,0,18,4422400,45,18,11094,151,11156,0,0,1652,9,9,9,9,63,45,1661,1661,0,0,18,707000,8,3700,56,0,0,0,0,0,0,0,0,9,353000,1652,1652,1652,202800,702700,3321600,18000,4049600,0,0,0,0,0,0,0,0,0,0,0,0,0,0,0
yune,track-a-comparison,luna_pinyin,key_sequence_process_with_context,cszysmsrsd,19,10,10,4555700,30,4524300,20,20,600,65,200,2100,6000,100,1700,65,0,5,1,1300,5,1,200,10,0,50,150,10,200,65,209,0,0,10,7400,0,10,23700,20,0,0,0,0,10,10,209,23500,1688,7,134,300,0,0,0,0,0,0,0,0,0,0,0,0,0,0,0,18,4411000,45,18,11094,151,11156,0,0,1652,9,9,9,9,63,45,1661,1661,0,0,18,708700,8,3700,56,0,0,0,0,0,0,0,0,9,356400,1652,1652,1652,204500,704400,3304400,18400,4035300,0,0,0,0,0,0,0,0,0,0,0,0,0,0,0
yune,track-a-comparison,luna_pinyin,key_sequence_process_with_context,cszysmsrsd,20,10,10,4577600,30,4546900,20,20,700,65,400,2300,6200,200,1400,65,0,5,1,1300,5,1,100,10,0,50,150,10,200,65,209,0,0,10,7600,0,10,23900,20,0,0,0,0,10,10,209,23300,1688,7,134,200,0,0,0,0,0,0,0,0,0,0,0,0,0,0,0,18,4433600,45,18,11094,151,11156,0,0,1652,9,9,9,9,63,45,1661,1661,0,0,18,704600,8,3700,56,0,0,0,0,0,0,0,0,9,354100,1652,1652,1652,205700,700200,3333700,18300,4059600,0,0,0,0,0,0,0,0,0,0,0,0,0,0,0
yune,track-a-comparison,luna_pinyin,key_sequence_process_with_context,cszysmsrsd,21,10,10,4532300,30,4501300,20,20,500,65,500,2200,5800,300,1400,65,0,5,1,1300,5,1,100,10,0,50,150,10,200,65,209,0,0,10,7400,0,10,23700,20,0,0,0,0,10,10,209,23500,1688,7,134,100,0,0,0,0,0,0,0,0,0,0,0,0,0,0,0,18,4388700,45,18,11094,151,11156,0,0,1652,9,9,9,9,63,45,1661,1661,0,0,18,697400,8,3400,56,0,0,0,0,0,0,0,0,9,350500,1652,1652,1652,201400,693400,3299400,18200,4019000,0,0,0,0,0,0,0,0,0,0,0,0,0,0,0
yune,track-a-comparison,luna_pinyin,key_sequence_process_with_context,cszysmsrsd,22,10,10,4534100,30,4502300,20,20,700,65,300,2400,6300,400,1500,65,0,5,1,1300,5,1,100,10,0,50,150,10,200,65,209,0,0,10,7500,0,10,23600,20,0,0,0,0,10,10,209,24700,1688,7,134,300,0,0,0,0,0,0,0,0,0,0,0,0,0,0,0,18,4389800,45,18,11094,151,11156,0,0,1652,9,9,9,9,63,45,1661,1661,0,0,18,696900,8,3700,56,0,0,0,0,0,0,0,0,9,353400,1652,1652,1652,204000,692500,3299000,18700,4017100,0,0,0,0,0,0,0,0,0,0,0,0,0,0,0
yune,track-a-comparison,luna_pinyin,key_sequence_process_with_context,cszysmsrsd,23,10,10,4586600,30,4555400,20,20,700,65,0,2300,6100,200,1500,65,0,5,1,1300,5,1,200,10,0,50,150,10,200,65,209,0,0,10,7300,0,10,23900,20,0,0,0,0,10,10,209,23800,1688,7,134,500,0,0,0,0,0,0,0,0,0,0,0,0,0,0,0,18,4442800,45,18,11094,151,11156,0,0,1652,9,9,9,9,63,45,1661,1661,0,0,18,735300,8,3800,56,0,0,0,0,0,0,0,0,9,353100,1652,1652,1652,202000,730700,3312700,18300,4069800,0,0,0,0,0,0,0,0,0,0,0,0,0,0,0
yune,track-a-comparison,luna_pinyin,key_sequence_process_with_context,cszysmsrsd,24,10,10,4588300,30,4556700,20,20,600,65,300,2200,6300,200,1400,65,0,5,1,1300,5,1,100,10,0,50,150,10,200,65,209,0,0,10,7500,0,10,24000,20,0,0,0,0,10,10,209,24100,1688,7,134,200,0,0,0,0,0,0,0,0,0,0,0,0,0,0,0,18,4439100,45,18,11094,151,11156,0,0,1652,9,9,9,9,63,45,1661,1661,0,0,18,705600,8,3800,56,0,0,0,0,0,0,0,0,9,360600,1652,1652,1652,207500,701100,3331600,18200,4058800,0,0,0,0,0,0,0,0,0,0,0,0,0,0,0
yune,track-a-comparison,luna_pinyin,key_sequence_process_with_context,cszysmsrsd,25,10,10,4570700,30,4538900,20,20,600,65,300,2700,6500,300,1600,65,0,5,1,1400,5,1,100,10,0,50,150,10,200,65,209,0,0,10,7400,0,10,23800,20,0,0,0,0,10,10,209,23900,1688,7,134,400,0,0,0,0,0,0,0,0,0,0,0,0,0,0,0,18,4425800,45,18,11094,151,11156,0,0,1652,9,9,9,9,63,45,1661,1661,0,0,18,715000,8,3500,56,0,0,0,0,0,0,0,0,9,354200,1652,1652,1652,205000,710800,3314300,18200,4051100,0,0,0,0,0,0,0,0,0,0,0,0,0,0,0
yune,track-a-comparison,luna_pinyin,key_sequence_process_with_context,cszysmsrsd,26,10,10,4563800,30,4533100,20,20,800,65,300,2200,6300,200,1400,65,0,5,1,1400,5,1,100,10,0,50,150,10,200,65,209,0,0,10,7500,0,10,24200,20,0,0,0,0,10,10,209,23000,1688,7,134,400,0,0,0,0,0,0,0,0,0,0,0,0,0,0,0,18,4419700,45,18,11094,151,11156,0,0,1652,9,9,9,9,63,45,1661,1661,0,0,18,708100,8,3600,56,0,0,0,0,0,0,0,0,9,359400,1652,1652,1652,203900,703700,3310500,18100,4038800,0,0,0,0,0,0,0,0,0,0,0,0,0,0,0
yune,track-a-comparison,luna_pinyin,key_sequence_process_with_context,cszysmsrsd,27,10,10,4626000,30,4593500,20,20,600,65,0,2300,6000,300,1700,65,0,5,1,1400,5,1,200,10,0,50,150,10,200,65,209,0,0,10,7200,0,10,23800,20,0,0,0,0,10,10,209,24000,1688,7,134,300,0,0,0,0,0,0,0,0,0,0,0,0,0,0,0,18,4481100,45,18,11094,151,11156,0,0,1652,9,9,9,9,63,45,1661,1661,0,0,18,731600,8,4100,56,0,0,0,0,0,0,0,0,9,378800,1652,1652,1652,226500,727000,3328000,18400,4080500,0,0,0,0,0,0,0,0,0,0,0,0,0,0,0
yune,track-a-comparison,luna_pinyin,key_sequence_process_with_context,cszysmsrsd,28,10,10,4607200,30,4575200,20,20,400,65,300,2400,6500,300,1600,65,0,5,1,1300,5,1,200,10,0,50,150,10,200,65,209,0,0,10,7200,0,10,24400,20,0,0,0,0,10,10,209,23600,1688,7,134,100,0,0,0,0,0,0,0,0,0,0,0,0,0,0,0,18,4460300,45,18,11094,151,11156,0,0,1652,9,9,9,9,63,45,1661,1661,0,0,18,720200,8,3900,56,0,0,0,0,0,0,0,0,9,357900,1652,1652,1652,209900,716000,3340100,17900,4081100,0,0,0,0,0,0,0,0,0,0,0,0,0,0,0
yune,track-a-comparison,luna_pinyin,key_sequence_process_with_context,cszysmsrsd,29,10,10,4582400,30,4550800,20,20,1000,65,200,2200,6400,200,1500,65,0,5,1,1300,5,1,100,10,0,50,150,10,200,65,209,0,0,10,7300,0,10,24400,20,0,0,0,0,10,10,209,23300,1688,7,134,200,0,0,0,0,0,0,0,0,0,0,0,0,0,0,0,18,4437400,45,18,11094,151,11156,0,0,1652,9,9,9,9,63,45,1661,1661,0,0,18,700700,8,3900,56,0,0,0,0,0,0,0,0,9,358100,1652,1652,1652,207000,696200,3336800,18100,4058100,0,0,0,0,0,0,0,0,0,0,0,0,0,0,0
yune,track-a-comparison,luna_pinyin,key_sequence_process_with_context,cszysmsrsd,30,10,10,4629200,30,4593500,20,20,600,65,400,2200,6600,300,1700,65,0,5,1,1400,5,1,100,10,0,50,150,10,200,65,209,0,0,10,7300,0,10,24400,20,0,0,0,0,10,10,209,24800,1688,7,134,400,0,0,0,0,0,0,0,0,0,0,0,0,0,0,0,18,4479900,45,18,11094,151,11156,0,0,1652,9,9,9,9,63,45,1661,1661,0,0,18,711100,8,4000,56,0,0,0,0,0,0,0,0,9,362900,1652,1652,1652,211300,706500,3363100,18500,4095500,0,0,0,0,0,0,0,0,0,0,0,0,0,0,0
yune,track-a-comparison,luna_pinyin,key_sequence_process_with_context,cszysmsrsd,31,10,10,4574800,30,4542500,20,20,600,65,500,2300,6500,200,1700,65,0,5,1,1300,5,1,100,10,0,50,150,10,200,65,209,0,0,10,7400,0,10,24800,20,0,0,0,0,10,10,209,24700,1688,7,134,200,0,0,0,0,0,0,0,0,0,0,0,0,0,0,0,18,4426600,45,18,11094,151,11156,0,0,1652,9,9,9,9,63,45,1661,1661,0,0,18,707300,8,4000,56,0,0,0,0,0,0,0,0,9,355900,1652,1652,1652,208400,702500,3321700,18000,4049300,0,0,0,0,0,0,0,0,0,0,0,0,0,0,0
yune,track-a-comparison,luna_pinyin,key_sequence_process_with_context,cszysmsrsd,32,10,10,4551300,30,4520000,20,20,700,65,300,2300,6000,0,1800,65,0,5,1,1300,5,1,100,10,0,50,150,10,200,65,209,0,0,10,7600,0,10,24400,20,0,0,0,0,10,10,209,23300,1688,7,134,400,0,0,0,0,0,0,0,0,0,0,0,0,0,0,0,18,4406800,45,18,11094,151,11156,0,0,1652,9,9,9,9,63,45,1661,1661,0,0,18,700700,8,4000,56,0,0,0,0,0,0,0,0,9,356700,1652,1652,1652,205700,696100,3307400,18200,4028800,0,0,0,0,0,0,0,0,0,0,0,0,0,0,0
yune,track-a-comparison,luna_pinyin,key_sequence_process_with_context,cszysmsrsd,33,10,10,4601900,30,4570600,20,20,400,65,300,2400,6200,100,1700,65,0,5,1,1300,5,1,200,10,0,50,150,10,200,65,209,0,0,10,7300,0,10,24200,20,0,0,0,0,10,10,209,66700,1688,7,134,500,0,0,0,0,0,0,0,0,0,0,0,0,0,0,0,18,4458400,45,18,11094,151,11156,0,0,1652,9,9,9,9,63,45,1661,1661,0,0,18,709300,8,3900,56,0,0,0,0,0,0,0,0,9,399800,1652,1652,1652,210200,704700,3307500,18200,4037300,0,0,0,0,0,0,0,0,0,0,0,0,0,0,0
yune,track-a-comparison,luna_pinyin,key_sequence_process_with_context,cszysmsrsd,34,10,10,4592800,30,4561800,20,20,600,65,300,2200,6100,200,1500,65,0,5,1,1300,5,1,200,10,0,50,150,10,200,65,209,0,0,10,7400,0,10,24800,20,0,0,0,0,10,10,209,24000,1688,7,134,400,0,0,0,0,0,0,0,0,0,0,0,0,0,0,0,18,4447700,45,18,11094,151,11156,0,0,1652,9,9,9,9,63,45,1661,1661,0,0,18,729700,8,4000,56,0,0,0,0,0,0,0,0,9,356600,1652,1652,1652,206900,725200,3319800,18200,4071000,0,0,0,0,0,0,0,0,0,0,0,0,0,0,0
yune,track-a-comparison,luna_pinyin,key_sequence_process_with_context,cszysmsrsd,35,10,10,4540800,30,4510000,20,20,700,65,300,2300,6400,200,1800,65,0,5,1,1400,5,1,100,10,0,50,150,10,200,65,209,0,0,10,7400,0,10,23900,20,0,0,0,0,10,10,209,24600,1688,7,134,400,0,0,0,0,0,0,0,0,0,0,0,0,0,0,0,18,4396700,45,18,11094,151,11156,0,0,1652,9,9,9,9,63,45,1661,1661,0,0,18,703800,8,3800,56,0,0,0,0,0,0,0,0,9,354400,1652,1652,1652,203400,699400,3297100,17900,4022700,0,0,0,0,0,0,0,0,0,0,0,0,0,0,0
yune,track-a-comparison,luna_pinyin,key_sequence_process_with_context,cszysmsrsd,36,10,10,4580700,30,4548300,20,20,400,65,400,2100,6700,200,1600,65,0,5,1,1400,5,1,100,10,0,50,150,10,200,65,209,0,0,10,7200,0,10,23900,20,0,0,0,0,10,10,209,24400,1688,7,134,400,0,0,0,0,0,0,0,0,0,0,0,0,0,0,0,18,4436100,45,18,11094,151,11156,0,0,1652,9,9,9,9,63,45,1661,1661,0,0,18,715700,8,3800,56,0,0,0,0,0,0,0,0,9,359700,1652,1652,1652,208400,710900,3319200,18600,4056500,0,0,0,0,0,0,0,0,0,0,0,0,0,0,0
yune,track-a-comparison,luna_pinyin,key_sequence_process_with_context,cszysmsrsd,37,10,10,4592900,30,4560400,20,20,500,65,300,2400,6400,400,1600,65,0,5,1,1300,5,1,100,10,0,50,150,10,200,65,209,0,0,10,7400,0,10,24000,20,0,0,0,0,10,10,209,25000,1688,7,134,500,0,0,0,0,0,0,0,0,0,0,0,0,0,0,0,18,4446800,45,18,11094,151,11156,0,0,1652,9,9,9,9,63,45,1661,1661,0,0,18,714300,8,3800,56,0,0,0,0,0,0,0,0,9,364400,1652,1652,1652,211300,710000,3327100,18100,4063400,0,0,0,0,0,0,0,0,0,0,0,0,0,0,0
yune,track-a-comparison,luna_pinyin,key_sequence_process_with_context,cszysmsrsd,38,10,10,4581200,30,4550200,20,20,1100,65,300,2300,6300,200,1600,65,0,5,1,1300,5,1,100,10,0,50,150,10,200,65,209,0,0,10,7200,0,10,24200,20,0,0,0,0,10,10,209,24400,1688,7,134,500,0,0,0,0,0,0,0,0,0,0,0,0,0,0,0,18,4436100,45,18,11094,151,11156,0,0,1652,9,9,9,9,63,45,1661,1661,0,0,18,710400,8,3800,56,0,0,0,0,0,0,0,0,9,360700,1652,1652,1652,210100,706000,3323100,18300,4055700,0,0,0,0,0,0,0,0,0,0,0,0,0,0,0
yune,track-a-comparison,luna_pinyin,key_sequence_process_with_context,cszysmsrsd,39,10,10,4599100,30,4566100,20,20,500,65,300,2200,5800,100,1600,65,0,5,1,1300,5,1,100,10,0,50,150,10,200,65,209,0,0,10,7200,0,10,23800,20,0,0,0,0,10,10,209,25700,1688,7,134,300,0,0,0,0,0,0,0,0,0,0,0,0,0,0,0,18,4451900,45,18,11094,151,11156,0,0,1652,9,9,9,9,63,45,1661,1661,0,0,18,714600,8,4100,56,0,0,0,0,0,0,0,0,9,367000,1652,1652,1652,214200,709800,3329600,18300,4065400,0,0,0,0,0,0,0,0,0,0,0,0,0,0,0
yune,track-a-comparison,luna_pinyin,key_sequence_process_with_context,cszysmsrsd,40,10,10,4632500,30,4600700,20,20,700,65,400,2200,6100,100,1400,65,0,5,1,1300,5,1,100,10,0,50,150,10,200,65,209,0,0,10,7600,0,10,24000,20,0,0,0,0,10,10,209,23700,1688,7,134,200,0,0,0,0,0,0,0,0,0,0,0,0,0,0,0,18,4487600,45,18,11094,151,11156,0,0,1652,9,9,9,9,63,45,1661,1661,0,0,18,711300,8,4000,56,0,0,0,0,0,0,0,0,9,375300,1652,1652,1652,224000,706900,3360200,18200,4092300,0,0,0,0,0,0,0,0,0,0,0,0,0,0,0
yune,track-a-comparison,luna_pinyin,key_sequence_process_with_context,cszysmsrsd,41,10,10,4616400,30,4585100,20,20,800,65,500,2200,6500,500,1700,65,0,5,1,1300,5,1,100,10,0,50,150,10,200,65,209,0,0,10,7000,0,10,23800,20,0,0,0,0,10,10,209,23600,1688,7,134,300,0,0,0,0,0,0,0,0,0,0,0,0,0,0,0,18,4472400,45,18,11094,151,11156,0,0,1652,9,9,9,9,63,45,1661,1661,0,0,18,713900,8,3900,56,0,0,0,0,0,0,0,0,9,360400,1652,1652,1652,209000,709100,3358100,18600,4091400,0,0,0,0,0,0,0,0,0,0,0,0,0,0,0
yune,track-a-comparison,luna_pinyin,key_sequence_process_with_context,cszysmsrsd,42,10,10,4603000,30,4572000,20,20,500,65,300,2300,6100,200,1400,65,0,5,1,1400,5,1,100,10,0,50,150,10,200,65,209,0,0,10,7200,0,10,24200,20,0,0,0,0,10,10,209,23400,1688,7,134,400,0,0,0,0,0,0,0,0,0,0,0,0,0,0,0,18,4458500,45,18,11094,151,11156,0,0,1652,9,9,9,9,63,45,1661,1661,0,0,18,713500,8,3700,56,0,0,0,0,0,0,0,0,9,356400,1652,1652,1652,207100,709200,3348400,18400,4081900,0,0,0,0,0,0,0,0,0,0,0,0,0,0,0
yune,track-a-comparison,luna_pinyin,key_sequence_process_with_context,cszysmsrsd,43,10,10,4602800,30,4571600,20,20,700,65,300,2100,6000,300,1400,65,0,5,1,1300,5,1,100,10,0,50,150,10,200,65,209,0,0,10,7200,0,10,23500,20,0,0,0,0,10,10,209,24600,1688,7,134,500,0,0,0,0,0,0,0,0,0,0,0,0,0,0,0,18,4460100,45,18,11094,151,11156,0,0,1652,9,9,9,9,63,45,1661,1661,0,0,18,706500,8,3500,56,0,0,0,0,0,0,0,0,9,359400,1652,1652,1652,208000,702300,3354100,18300,4080500,0,0,0,0,0,0,0,0,0,0,0,0,0,0,0
yune,track-a-comparison,luna_pinyin,key_sequence_process_with_context,cszysmsrsd,44,10,10,4568500,30,4538100,20,20,700,65,400,2500,6200,300,1500,65,0,5,1,1300,5,1,100,10,0,50,150,10,200,65,209,0,0,10,7200,0,10,23900,20,0,0,0,0,10,10,209,24500,1688,7,134,500,0,0,0,0,0,0,0,0,0,0,0,0,0,0,0,18,4424900,45,18,11094,151,11156,0,0,1652,9,9,9,9,63,45,1661,1661,0,0,18,708700,8,3500,56,0,0,0,0,0,0,0,0,9,352200,1652,1652,1652,203400,704600,3324500,18100,4053300,0,0,0,0,0,0,0,0,0,0,0,0,0,0,0
yune,track-a-comparison,luna_pinyin,key_sequence_process_with_context,cszysmsrsd,45,10,10,4687900,30,4657600,20,20,800,65,300,2300,6000,300,1600,65,0,5,1,1300,5,1,100,10,0,50,150,10,200,65,209,0,0,10,7500,0,10,23700,20,0,0,0,0,10,10,209,24600,1688,7,134,300,0,0,0,0,0,0,0,0,0,0,0,0,0,0,0,18,4542100,45,18,11094,151,11156,0,0,1652,9,9,9,9,63,45,1661,1661,0,0,18,705900,8,3600,56,0,0,0,0,0,0,0,0,9,353600,1652,1652,1652,203800,701400,3443200,18300,4168900,0,0,0,0,0,0,0,0,0,0,0,0,0,0,0
yune,track-a-comparison,luna_pinyin,key_sequence_process_with_context,cszysmsrsd,46,10,10,4704600,30,4673400,20,20,500,65,0,2300,6100,200,1400,65,0,5,1,1300,5,1,100,10,0,50,150,10,200,65,209,0,0,10,7600,0,10,23900,20,0,0,0,0,10,10,209,23000,1688,7,134,200,0,0,0,0,0,0,0,0,0,0,0,0,0,0,0,18,4561000,45,18,11094,151,11156,0,0,1652,9,9,9,9,63,45,1661,1661,0,0,18,704900,8,3600,56,0,0,0,0,0,0,0,0,9,352900,1652,1652,1652,205900,700800,3463000,18000,4188300,0,0,0,0,0,0,0,0,0,0,0,0,0,0,0
yune,track-a-comparison,luna_pinyin,key_sequence_process_with_context,cszysmsrsd,47,10,10,4736700,30,4705800,20,20,500,65,200,2200,6200,200,1300,65,0,5,1,1300,5,1,100,10,0,50,150,10,200,65,209,0,0,10,7400,0,10,23900,20,0,0,0,0,10,10,209,24700,1688,7,134,300,0,0,0,0,0,0,0,0,0,0,0,0,0,0,0,18,4593100,45,18,11094,151,11156,0,0,1652,9,9,9,9,63,45,1661,1661,0,0,18,718300,8,3400,56,0,0,0,0,0,0,0,0,9,357300,1652,1652,1652,207900,714300,3478000,18000,4216600,0,0,0,0,0,0,0,0,0,0,0,0,0,0,0
yune,track-a-comparison,luna_pinyin,key_sequence_process_with_context,cszysmsrsd,48,10,10,4742200,30,4711000,20,20,900,65,600,2100,6100,200,1600,65,0,5,1,1400,5,1,100,10,0,50,150,10,200,65,209,0,0,10,7200,0,10,23800,20,0,0,0,0,10,10,209,23600,1688,7,134,500,0,0,0,0,0,0,0,0,0,0,0,0,0,0,0,18,4598100,45,18,11094,151,11156,0,0,1652,9,9,9,9,63,45,1661,1661,0,0,18,700600,8,3500,56,0,0,0,0,0,0,0,0,9,359100,1652,1652,1652,204500,696400,3499100,18100,4219600,0,0,0,0,0,0,0,0,0,0,0,0,0,0,0
yune,track-a-comparison,luna_pinyin,key_sequence_process_with_context,cszysmsrsd,49,10,10,4730800,30,4699200,20,20,1000,65,400,2200,6200,500,1600,65,0,5,1,1400,5,1,100,10,0,50,150,10,200,65,209,0,0,10,7200,0,10,23600,20,0,0,0,0,10,10,209,24400,1688,7,134,400,0,0,0,0,0,0,0,0,0,0,0,0,0,0,0,18,4585700,45,18,11094,151,11156,0,0,1652,9,9,9,9,63,45,1661,1661,0,0,18,717300,8,3500,56,0,0,0,0,0,0,0,0,9,358600,1652,1652,1652,208200,713000,3469800,18300,4207600,0,0,0,0,0,0,0,0,0,0,0,0,0,0,0
yune,track-a-comparison,luna_pinyin,key_sequence_process_with_context,cszysmsrsd,50,10,10,4711100,30,4679900,20,20,500,65,0,2400,6400,200,1500,65,0,5,1,1400,5,1,200,10,0,50,150,10,200,65,209,0,0,10,7400,0,10,24000,20,0,0,0,0,10,10,209,23900,1688,7,134,400,0,0,0,0,0,0,0,0,0,0,0,0,0,0,0,18,4566400,45,18,11094,151,11156,0,0,1652,9,9,9,9,63,45,1661,1661,0,0,18,703400,8,3700,56,0,0,0,0,0,0,0,0,9,358300,1652,1652,1652,210700,699200,3464300,18000,4188100,0,0,0,0,0,0,0,0,0,0,0,0,0,0,0
yune,track-a-comparison,luna_pinyin,key_sequence_process_with_context,cszysmsrsd,51,10,10,4698700,30,4666500,20,20,500,65,300,2500,6500,100,1700,65,0,5,1,1500,5,1,100,10,0,50,150,10,200,65,209,0,0,10,7300,0,10,23700,20,0,0,0,0,10,10,209,24200,1688,7,134,600,0,0,0,0,0,0,0,0,0,0,0,0,0,0,0,18,4553900,45,18,11094,151,11156,0,0,1652,9,9,9,9,63,45,1661,1661,0,0,18,710900,8,3800,56,0,0,0,0,0,0,0,0,9,355700,1652,1652,1652,203900,706300,3446800,18400,4177900,0,0,0,0,0,0,0,0,0,0,0,0,0,0,0
yune,track-a-comparison,luna_pinyin,key_sequence_process_with_context,cszysmsrsd,52,10,10,4763400,30,4731800,20,20,600,65,200,2300,6000,200,1600,65,0,5,1,1500,5,1,100,10,0,50,150,10,200,65,209,0,0,10,7600,0,10,23900,20,0,0,0,0,10,10,209,23400,1688,7,134,500,0,0,0,0,0,0,0,0,0,0,0,0,0,0,0,18,4618300,45,18,11094,151,11156,0,0,1652,9,9,9,9,63,45,1661,1661,0,0,18,710600,8,3700,56,0,0,0,0,0,0,0,0,9,358000,1652,1652,1652,208700,706100,3510800,17900,4240500,0,0,0,0,0,0,0,0,0,0,0,0,0,0,0
yune,track-a-comparison,luna_pinyin,key_sequence_process_with_context,cszysmsrsd,53,10,10,4654400,30,4623400,20,20,600,65,100,2200,6000,200,1600,65,0,5,1,1300,5,1,200,10,0,50,150,10,200,65,209,0,0,10,7400,0,10,23900,20,0,0,0,0,10,10,209,24800,1688,7,134,400,0,0,0,0,0,0,0,0,0,0,0,0,0,0,0,18,4509400,45,18,11094,151,11156,0,0,1652,9,9,9,9,63,45,1661,1661,0,0,18,705000,8,3800,56,0,0,0,0,0,0,0,0,9,355900,1652,1652,1652,204500,700500,3411000,19300,4134000,0,0,0,0,0,0,0,0,0,0,0,0,0,0,0
yune,track-a-comparison,luna_pinyin,key_sequence_process_with_context,cszysmsrsd,54,10,10,4698200,30,4664700,20,20,700,65,300,2300,6000,400,1600,65,0,5,1,1400,5,1,100,10,0,50,150,10,200,65,209,0,0,10,7400,0,10,23700,20,0,0,0,0,10,10,209,23300,1688,7,134,400,0,0,0,0,0,0,0,0,0,0,0,0,0,0,0,18,4549700,45,18,11094,151,11156,0,0,1652,9,9,9,9,63,45,1661,1661,0,0,18,707700,8,3800,56,0,0,0,0,0,0,0,0,9,353800,1652,1652,1652,202500,703100,3450400,17900,4176100,0,0,0,0,0,0,0,0,0,0,0,0,0,0,0
yune,track-a-comparison,luna_pinyin,key_sequence_process_with_context,cszysmsrsd,55,10,10,4649100,30,4618400,20,20,500,65,200,2500,6800,300,1600,65,0,5,1,1400,5,1,100,10,0,50,150,10,200,65,209,0,0,10,7300,0,10,23500,20,0,0,0,0,10,10,209,23100,1688,7,134,300,0,0,0,0,0,0,0,0,0,0,0,0,0,0,0,18,4506200,45,18,11094,151,11156,0,0,1652,9,9,9,9,63,45,1661,1661,0,0,18,701100,8,3500,56,0,0,0,0,0,0,0,0,9,349900,1652,1652,1652,202400,697100,3415300,17900,4136300,0,0,0,0,0,0,0,0,0,0,0,0,0,0,0
yune,track-a-comparison,luna_pinyin,key_sequence_process_with_context,cszysmsrsd,56,10,10,4663500,30,4632700,20,20,700,65,400,2300,6100,100,1800,65,0,5,1,1300,5,1,200,10,0,50,150,10,200,65,209,0,0,10,7200,0,10,23900,20,0,0,0,0,10,10,209,24000,1688,7,134,500,0,0,0,0,0,0,0,0,0,0,0,0,0,0,0,18,4520100,45,18,11094,151,11156,0,0,1652,9,9,9,9,63,45,1661,1661,0,0,18,697500,8,3600,56,0,0,0,0,0,0,0,0,9,354300,1652,1652,1652,204400,693100,3429800,18000,4146300,0,0,0,0,0,0,0,0,0,0,0,0,0,0,0
yune,track-a-comparison,luna_pinyin,key_sequence_process_with_context,cszysmsrsd,57,10,10,4674200,30,4643000,20,20,600,65,300,2200,6200,400,1600,65,0,5,1,1400,5,1,200,10,0,50,150,10,200,65,209,0,0,10,7100,0,10,23700,20,0,0,0,0,10,10,209,26400,1688,7,134,500,0,0,0,0,0,0,0,0,0,0,0,0,0,0,0,18,4530000,45,18,11094,151,11156,0,0,1652,9,9,9,9,63,45,1661,1661,0,0,18,708300,8,3600,56,0,0,0,0,0,0,0,0,9,356000,1652,1652,1652,199000,704200,3426000,21500,4154300,0,0,0,0,0,0,0,0,0,0,0,0,0,0,0
yune,track-a-comparison,luna_pinyin,key_sequence_process_with_context,cszysmsrsd,58,10,10,4669900,30,4639000,20,20,600,65,300,2400,6000,200,1900,65,0,5,1,1300,5,1,100,10,0,50,150,10,200,65,209,0,0,10,7400,0,10,24800,20,0,0,0,0,10,10,209,24900,1688,7,134,500,0,0,0,0,0,0,0,0,0,0,0,0,0,0,0,18,4524800,45,18,11094,151,11156,0,0,1652,9,9,9,9,63,45,1661,1661,0,0,18,701700,8,3800,56,0,0,0,0,0,0,0,0,9,351800,1652,1652,1652,200700,697200,3431900,17900,4152800,0,0,0,0,0,0,0,0,0,0,0,0,0,0,0
yune,track-a-comparison,luna_pinyin,key_sequence_process_with_context,cszysmsrsd,59,10,10,4684500,30,4653100,20,20,500,65,200,2300,6000,300,1500,65,0,5,1,1400,5,1,100,10,0,50,150,10,200,65,209,0,0,10,7200,0,10,23900,20,0,0,0,0,10,10,209,22700,1688,7,134,200,0,0,0,0,0,0,0,0,0,0,0,0,0,0,0,18,4540800,45,18,11094,151,11156,0,0,1652,9,9,9,9,63,45,1661,1661,0,0,18,703300,8,3900,56,0,0,0,0,0,0,0,0,9,350700,1652,1652,1652,201300,698700,3447500,17900,4170100,0,0,0,0,0,0,0,0,0,0,0,0,0,0,0
yune,track-a-comparison,luna_pinyin,key_sequence_process_with_context,cszysmsrsd,60,10,10,4723900,30,4692200,20,20,500,65,400,2300,6500,400,1500,65,0,5,1,1700,5,1,200,10,0,50,150,10,200,65,209,0,0,10,7300,0,10,24300,20,0,0,0,0,10,10,209,24500,1688,7,134,300,0,0,0,0,0,0,0,0,0,0,0,0,0,0,0,18,4579300,45,18,11094,151,11156,0,0,1652,9,9,9,9,63,45,1661,1661,0,0,18,748800,8,3600,56,0,0,0,0,0,0,0,0,9,352300,1652,1652,1652,204700,744500,3434700,18200,4207300,0,0,0,0,0,0,0,0,0,0,0,0,0,0,0
yune,track-a-comparison,luna_pinyin,key_sequence_process_with_context,cszysmsrsd,61,10,10,4654300,30,4623300,20,20,600,65,200,2300,6100,400,1400,65,0,5,1,1300,5,1,100,10,0,50,150,10,200,65,209,0,0,10,7200,0,10,24700,20,0,0,0,0,10,10,209,24700,1688,7,134,300,0,0,0,0,0,0,0,0,0,0,0,0,0,0,0,18,4505800,45,18,11094,151,11156,0,0,1652,9,9,9,9,63,45,1661,1661,0,0,18,697400,8,3500,56,0,0,0,0,0,0,0,0,9,351000,1652,1652,1652,203400,692700,3418700,18200,4134900,0,0,0,0,0,0,0,0,0,0,0,0,0,0,0
yune,track-a-comparison,luna_pinyin,key_sequence_process_with_context,cszysmsrsd,62,10,10,4659800,30,4628900,20,20,700,65,300,2300,6200,0,1600,65,0,5,1,1300,5,1,100,10,0,50,150,10,200,65,209,0,0,10,7100,0,10,24000,20,0,0,0,0,10,10,209,24500,1688,7,134,200,0,0,0,0,0,0,0,0,0,0,0,0,0,0,0,18,4515800,45,18,11094,151,11156,0,0,1652,9,9,9,9,63,45,1661,1661,0,0,18,698600,8,4100,56,0,0,0,0,0,0,0,0,9,355300,1652,1652,1652,206500,693900,3423000,18000,4140500,0,0,0,0,0,0,0,0,0,0,0,0,0,0,0
yune,track-a-comparison,luna_pinyin,key_sequence_process_with_context,cszysmsrsd,63,10,10,4671100,30,4640800,20,20,600,65,400,2200,6000,100,1700,65,0,5,1,1300,5,1,200,10,0,50,150,10,200,65,209,0,0,10,7300,0,10,23400,20,0,0,0,0,10,10,209,23800,1688,7,134,300,0,0,0,0,0,0,0,0,0,0,0,0,0,0,0,18,4528300,45,18,11094,151,11156,0,0,1652,9,9,9,9,63,45,1661,1661,0,0,18,698600,8,3500,56,0,0,0,0,0,0,0,0,9,353800,1652,1652,1652,203300,694700,3436300,18000,4154800,0,0,0,0,0,0,0,0,0,0,0,0,0,0,0
yune,track-a-comparison,luna_pinyin,key_sequence_process_with_context,cszysmsrsd,64,10,10,4725000,30,4694200,20,20,600,65,200,2200,6100,600,1500,65,0,5,1,1300,5,1,100,10,0,50,150,10,200,65,209,0,0,10,7300,0,10,24100,20,0,0,0,0,10,10,209,24000,1688,7,134,200,0,0,0,0,0,0,0,0,0,0,0,0,0,0,0,18,4580900,45,18,11094,151,11156,0,0,1652,9,9,9,9,63,45,1661,1661,0,0,18,710000,8,3700,56,0,0,0,0,0,0,0,0,9,363000,1652,1652,1652,209300,705600,3468000,18100,4197600,0,0,0,0,0,0,0,0,0,0,0,0,0,0,0
yune,track-a-comparison,luna_pinyin,key_sequence_process_with_context,cszysmsrsd,65,10,10,4662600,30,4631800,20,20,600,65,200,2100,6200,200,1500,65,0,5,1,1300,5,1,200,10,0,50,150,10,200,65,209,0,0,10,7500,0,10,23900,20,0,0,0,0,10,10,209,23100,1688,7,134,100,0,0,0,0,0,0,0,0,0,0,0,0,0,0,0,18,4518800,45,18,11094,151,11156,0,0,1652,9,9,9,9,63,45,1661,1661,0,0,18,698800,8,3300,56,0,0,0,0,0,0,0,0,9,366600,1652,1652,1652,216000,694700,3413800,17900,4132900,0,0,0,0,0,0,0,0,0,0,0,0,0,0,0
yune,track-a-comparison,luna_pinyin,key_sequence_process_with_context,cszysmsrsd,66,10,10,4644400,30,4613100,20,20,600,65,300,2200,6200,200,1500,65,0,5,1,1300,5,1,200,10,0,50,150,10,200,65,209,0,0,10,7000,0,10,23700,20,0,0,0,0,10,10,209,23700,1688,7,134,400,0,0,0,0,0,0,0,0,0,0,0,0,0,0,0,18,4500000,45,18,11094,151,11156,0,0,1652,9,9,9,9,63,45,1661,1661,0,0,18,694600,8,3500,56,0,0,0,0,0,0,0,0,9,348500,1652,1652,1652,197600,690400,3417300,18000,4131600,0,0,0,0,0,0,0,0,0,0,0,0,0,0,0
yune,track-a-comparison,luna_pinyin,key_sequence_process_with_context,cszysmsrsd,67,10,10,4677700,30,4646900,20,20,600,65,300,2200,6300,200,1700,65,0,5,1,1300,5,1,200,10,0,50,150,10,200,65,209,0,0,10,7400,0,10,24400,20,0,0,0,0,10,10,209,24700,1688,7,134,400,0,0,0,0,0,0,0,0,0,0,0,0,0,0,0,18,4534300,45,18,11094,151,11156,0,0,1652,9,9,9,9,63,45,1661,1661,0,0,18,692100,8,4100,56,0,0,0,0,0,0,0,0,9,352800,1652,1652,1652,200700,687600,3449300,18000,4161600,0,0,0,0,0,0,0,0,0,0,0,0,0,0,0
yune,track-a-comparison,luna_pinyin,key_sequence_process_with_context,cszysmsrsd,68,10,10,4674000,30,4643300,20,20,700,65,300,2200,6200,200,1400,65,0,5,1,1300,5,1,100,10,0,50,150,10,200,65,209,0,0,10,7200,0,10,23700,20,0,0,0,0,10,10,209,22600,1688,7,134,200,0,0,0,0,0,0,0,0,0,0,0,0,0,0,0,18,4531200,45,18,11094,151,11156,0,0,1652,9,9,9,9,63,45,1661,1661,0,0,18,700800,8,3800,56,0,0,0,0,0,0,0,0,9,350500,1652,1652,1652,200700,696700,3440100,17800,4160700,0,0,0,0,0,0,0,0,0,0,0,0,0,0,0
yune,track-a-comparison,luna_pinyin,key_sequence_process_with_context,cszysmsrsd,69,10,10,4702000,30,4671000,20,20,600,65,300,2100,6200,200,1400,65,0,5,1,1300,5,1,100,10,0,50,150,10,200,65,209,0,0,10,7400,0,10,24000,20,0,0,0,0,10,10,209,24600,1688,7,134,300,0,0,0,0,0,0,0,0,0,0,0,0,0,0,0,18,4558400,45,18,11094,151,11156,0,0,1652,9,9,9,9,63,45,1661,1661,0,0,18,700900,8,3900,56,0,0,0,0,0,0,0,0,9,351300,1652,1652,1652,202100,696600,3467100,18000,4187700,0,0,0,0,0,0,0,0,0,0,0,0,0,0,0
yune,track-a-comparison,luna_pinyin,key_sequence_process_with_context,cszysmsrsd,70,10,10,4741800,30,4710800,20,20,800,65,200,2300,6300,100,1400,65,0,5,1,1400,5,1,100,10,0,50,150,10,200,65,209,0,0,10,7000,0,10,23600,20,0,0,0,0,10,10,209,22800,1688,7,134,400,0,0,0,0,0,0,0,0,0,0,0,0,0,0,0,18,4596000,45,18,11094,151,11156,0,0,1652,9,9,9,9,63,45,1661,1661,0,0,18,698200,8,3600,56,0,0,0,0,0,0,0,0,9,354200,1652,1652,1652,204500,693900,3503900,18200,4221900,0,0,0,0,0,0,0,0,0,0,0,0,0,0,0
yune,track-a-comparison,luna_pinyin,key_sequence_process_with_context,cszysmsrsd,71,10,10,4754500,30,4723000,20,20,500,65,200,2400,6500,400,1500,65,0,5,1,1600,5,1,100,10,0,50,150,10,200,65,209,0,0,10,7200,0,10,23700,20,0,0,0,0,10,10,209,25600,1688,7,134,500,0,0,0,0,0,0,0,0,0,0,0,0,0,0,0,18,4609900,45,18,11094,151,11156,0,0,1652,9,9,9,9,63,45,1661,1661,0,0,18,702800,8,3900,56,0,0,0,0,0,0,0,0,9,356400,1652,1652,1652,205100,698300,3512500,18700,4233900,0,0,0,0,0,0,0,0,0,0,0,0,0,0,0
yune,track-a-comparison,luna_pinyin,key_sequence_process_with_context,cszysmsrsd,72,10,10,4754100,30,4723100,20,20,900,65,100,2200,6200,300,1600,65,0,5,1,1300,5,1,200,10,0,50,150,10,200,65,209,0,0,10,7400,0,10,24000,20,0,0,0,0,10,10,209,24500,1688,7,134,200,0,0,0,0,0,0,0,0,0,0,0,0,0,0,0,18,4609300,45,18,11094,151,11156,0,0,1652,9,9,9,9,63,45,1661,1661,0,0,18,710300,8,3900,56,0,0,0,0,0,0,0,0,9,354000,1652,1652,1652,202100,705700,3506300,18700,4235300,0,0,0,0,0,0,0,0,0,0,0,0,0,0,0
yune,track-a-comparison,luna_pinyin,key_sequence_process_with_context,cszysmsrsd,73,10,10,4664900,30,4633700,20,20,500,65,300,2400,5900,500,1400,65,0,5,1,1400,5,1,100,10,0,50,150,10,200,65,209,0,0,10,7200,0,10,26000,20,0,0,0,0,10,10,209,24500,1688,7,134,300,0,0,0,0,0,0,0,0,0,0,0,0,0,0,0,18,4517400,45,18,11094,151,11156,0,0,1652,9,9,9,9,63,45,1661,1661,0,0,18,694300,8,3700,56,0,0,0,0,0,0,0,0,9,348500,1652,1652,1652,200300,689800,3436000,18100,4149700,0,0,0,0,0,0,0,0,0,0,0,0,0,0,0
yune,track-a-comparison,luna_pinyin,key_sequence_process_with_context,cszysmsrsd,74,10,10,4684900,30,4654000,20,20,500,65,400,2300,6300,100,1600,65,0,5,1,1400,5,1,200,10,0,50,150,10,200,65,209,0,0,10,7200,0,10,23900,20,0,0,0,0,10,10,209,24400,1688,7,134,500,0,0,0,0,0,0,0,0,0,0,0,0,0,0,0,18,4539300,45,18,11094,151,11156,0,0,1652,9,9,9,9,63,45,1661,1661,0,0,18,699200,8,3800,56,0,0,0,0,0,0,0,0,9,372900,1652,1652,1652,223500,695100,3427200,18100,4146500,0,0,0,0,0,0,0,0,0,0,0,0,0,0,0
yune,track-a-comparison,luna_pinyin,key_sequence_process_with_context,cszysmsrsd,75,10,10,4680300,30,4649400,20,20,600,65,200,2300,6000,300,1700,65,0,5,1,1400,5,1,100,10,0,50,150,10,200,65,209,0,0,10,7500,0,10,23800,20,0,0,0,0,10,10,209,23700,1688,7,134,500,0,0,0,0,0,0,0,0,0,0,0,0,0,0,0,18,4537000,45,18,11094,151,11156,0,0,1652,9,9,9,9,63,45,1661,1661,0,0,18,706200,8,3800,56,0,0,0,0,0,0,0,0,9,349300,1652,1652,1652,199200,701700,3442100,18000,4167800,0,0,0,0,0,0,0,0,0,0,0,0,0,0,0
yune,track-a-comparison,luna_pinyin,key_sequence_process_with_context,cszysmsrsd,76,10,10,4643100,30,4611900,20,20,800,65,400,2300,6200,100,1800,65,0,5,1,1200,5,1,100,10,0,50,150,10,200,65,209,0,0,10,7300,0,10,23800,20,0,0,0,0,10,10,209,23200,1688,7,134,400,0,0,0,0,0,0,0,0,0,0,0,0,0,0,0,18,4499500,45,18,11094,151,11156,0,0,1652,9,9,9,9,63,45,1661,1661,0,0,18,700800,8,3600,56,0,0,0,0,0,0,0,0,9,351000,1652,1652,1652,200200,696600,3408000,18000,4128800,0,0,0,0,0,0,0,0,0,0,0,0,0,0,0
yune,track-a-comparison,luna_pinyin,key_sequence_process_with_context,cszysmsrsd,77,10,10,4643700,30,4612600,20,20,800,65,200,2300,6100,100,1600,65,0,5,1,1400,5,1,200,10,0,50,150,10,200,65,209,0,0,10,7000,0,10,23400,20,0,0,0,0,10,10,209,24300,1688,7,134,400,0,0,0,0,0,0,0,0,0,0,0,0,0,0,0,18,4499900,45,18,11094,151,11156,0,0,1652,9,9,9,9,63,45,1661,1661,0,0,18,708700,8,3800,56,0,0,0,0,0,0,0,0,9,352700,1652,1652,1652,201500,704300,3398900,18000,4127300,0,0,0,0,0,0,0,0,0,0,0,0,0,0,0
yune,track-a-comparison,luna_pinyin,key_sequence_process_with_context,cszysmsrsd,78,10,10,4686900,30,4655500,20,20,700,65,100,2100,6100,100,1500,65,0,5,1,1400,5,1,100,10,0,50,150,10,200,65,209,0,0,10,7500,0,10,24100,20,0,0,0,0,10,10,209,23400,1688,7,134,500,0,0,0,0,0,0,0,0,0,0,0,0,0,0,0,18,4542600,45,18,11094,151,11156,0,0,1652,9,9,9,9,63,45,1661,1661,0,0,18,700200,8,4000,56,0,0,0,0,0,0,0,0,9,354500,1652,1652,1652,202100,695700,3447800,18000,4167800,0,0,0,0,0,0,0,0,0,0,0,0,0,0,0
yune,track-a-comparison,luna_pinyin,key_sequence_process_with_context,cszysmsrsd,79,10,10,4643100,30,4612300,20,20,800,65,400,2100,6100,300,1500,65,0,5,1,1300,5,1,100,10,0,50,150,10,200,65,209,0,0,10,7100,0,10,23800,20,0,0,0,0,10,10,209,24400,1688,7,134,300,0,0,0,0,0,0,0,0,0,0,0,0,0,0,0,18,4500200,45,18,11094,151,11156,0,0,1652,9,9,9,9,63,45,1661,1661,0,0,18,697200,8,3800,56,0,0,0,0,0,0,0,0,9,350400,1652,1652,1652,202200,692800,3413500,17800,4130100,0,0,0,0,0,0,0,0,0,0,0,0,0,0,0
yune,track-a-comparison,luna_pinyin,key_sequence_process_with_context,zybfshmsru,0,10,10,4547600,30,4515300,20,20,600,65,200,2300,6200,100,1300,65,0,5,1,1600,5,1,100,10,0,50,150,10,200,65,209,0,0,10,6900,0,10,29600,20,0,0,0,0,10,10,209,23300,1348,7,120,300,0,0,0,0,0,0,0,0,0,0,0,0,0,0,0,18,4399100,45,18,8778,89,8833,0,0,1311,9,9,9,9,63,45,1320,1320,0,0,18,563000,8,3600,56,0,0,0,0,0,0,0,0,9,308100,1311,1311,1311,176400,558800,3484100,16000,4066500,0,0,0,0,0,0,0,0,0,0,0,0,0,0,0
yune,track-a-comparison,luna_pinyin,key_sequence_process_with_context,zybfshmsru,1,10,10,4564300,30,4532500,20,20,900,65,0,2300,6100,300,1200,65,0,5,1,1500,5,1,100,10,0,50,150,10,200,65,209,0,0,10,6900,0,10,29700,20,0,0,0,0,10,10,209,23600,1348,7,120,400,0,0,0,0,0,0,0,0,0,0,0,0,0,0,0,18,4414700,45,18,8778,89,8833,0,0,1311,9,9,9,9,63,45,1320,1320,0,0,18,578200,8,3700,56,0,0,0,0,0,0,0,0,9,317600,1311,1311,1311,184500,573600,3482200,16500,4078700,0,0,0,0,0,0,0,0,0,0,0,0,0,0,0
yune,track-a-comparison,luna_pinyin,key_sequence_process_with_context,zybfshmsru,2,10,10,4599300,30,4567500,20,20,500,65,700,2300,6300,100,1500,65,0,5,1,1500,5,1,100,10,0,50,150,10,200,65,209,0,0,10,6700,0,10,29500,20,0,0,0,0,10,10,209,23400,1348,7,120,400,0,0,0,0,0,0,0,0,0,0,0,0,0,0,0,18,4450100,45,18,8778,89,8833,0,0,1311,9,9,9,9,63,45,1320,1320,0,0,18,586300,8,3800,56,0,0,0,0,0,0,0,0,9,312100,1311,1311,1311,181600,581900,3512700,16400,4118100,0,0,0,0,0,0,0,0,0,0,0,0,0,0,0
yune,track-a-comparison,luna_pinyin,key_sequence_process_with_context,zybfshmsru,3,10,10,4584000,30,4552000,20,20,600,65,300,2200,6000,500,1500,65,0,5,1,1500,5,1,100,10,0,50,150,10,200,65,209,0,0,10,6700,0,10,29700,20,0,0,0,0,10,10,209,23100,1348,7,120,500,0,0,0,0,0,0,0,0,0,0,0,0,0,0,0,18,4433800,45,18,8778,89,8833,0,0,1311,9,9,9,9,63,45,1320,1320,0,0,18,581700,8,3800,56,0,0,0,0,0,0,0,0,9,317100,1311,1311,1311,184300,577100,3498500,16400,4099000,0,0,0,0,0,0,0,0,0,0,0,0,0,0,0
yune,track-a-comparison,luna_pinyin,key_sequence_process_with_context,zybfshmsru,4,10,10,4588100,30,4556600,20,20,500,65,300,2400,6000,200,1200,65,0,5,1,1500,5,1,100,10,0,50,150,10,200,65,209,0,0,10,6900,0,10,29500,20,0,0,0,0,10,10,209,24900,1348,7,120,500,0,0,0,0,0,0,0,0,0,0,0,0,0,0,0,18,4439700,45,18,8778,89,8833,0,0,1311,9,9,9,9,63,45,1320,1320,0,0,18,572300,8,3800,56,0,0,0,0,0,0,0,0,9,310500,1311,1311,1311,180700,567800,3518000,16200,4109300,0,0,0,0,0,0,0,0,0,0,0,0,0,0,0
yune,track-a-comparison,luna_pinyin,key_sequence_process_with_context,zybfshmsru,5,10,10,4590200,30,4559400,20,20,800,65,700,2300,6000,300,1500,65,0,5,1,1400,5,1,100,10,0,50,150,10,200,65,209,0,0,10,6800,0,10,29300,20,0,0,0,0,10,10,209,23200,1348,7,120,100,0,0,0,0,0,0,0,0,0,0,0,0,0,0,0,18,4442400,45,18,8778,89,8833,0,0,1311,9,9,9,9,63,45,1320,1320,0,0,18,578100,8,3900,56,0,0,0,0,0,0,0,0,9,315200,1311,1311,1311,183800,573400,3512100,16300,4108600,0,0,0,0,0,0,0,0,0,0,0,0,0,0,0
yune,track-a-comparison,luna_pinyin,key_sequence_process_with_context,zybfshmsru,6,10,10,4613200,30,4581700,20,20,400,65,100,2500,6000,100,1200,65,0,5,1,1400,5,1,100,10,0,50,150,10,200,65,209,0,0,10,6600,0,10,29300,20,0,0,0,0,10,10,209,23300,1348,7,120,300,0,0,0,0,0,0,0,0,0,0,0,0,0,0,0,18,4464900,45,18,8778,89,8833,0,0,1311,9,9,9,9,63,45,1320,1320,0,0,18,583800,8,4000,56,0,0,0,0,0,0,0,0,9,310400,1311,1311,1311,176900,579300,3532200,16300,4134800,0,0,0,0,0,0,0,0,0,0,0,0,0,0,0
yune,track-a-comparison,luna_pinyin,key_sequence_process_with_context,zybfshmsru,7,10,10,5096900,30,5053100,20,20,500,65,500,3000,8700,200,1500,65,0,5,1,2400,5,1,300,10,0,50,150,10,200,65,209,0,0,10,7500,0,10,30000,20,0,0,0,0,10,10,209,25500,1348,7,120,400,0,0,0,0,0,0,0,0,0,0,0,0,0,0,0,18,4930100,45,18,8778,89,8833,0,0,1311,9,9,9,9,63,45,1320,1320,0,0,18,689000,8,7700,56,0,0,0,0,0,0,0,0,9,405000,1311,1311,1311,258500,680600,3792100,18500,4501800,0,0,0,0,0,0,0,0,0,0,0,0,0,0,0
yune,track-a-comparison,luna_pinyin,key_sequence_process_with_context,zybfshmsru,8,10,10,4751100,30,4717000,20,20,700,65,200,2400,6000,300,1400,65,0,5,1,1600,5,1,100,10,0,50,150,10,200,65,209,0,0,10,11000,0,10,32100,20,0,0,0,0,10,10,209,24400,1348,7,120,300,0,0,0,0,0,0,0,0,0,0,0,0,0,0,0,18,4575900,45,18,8778,89,8833,0,0,1311,9,9,9,9,63,45,1320,1320,0,0,18,608800,8,4200,56,0,0,0,0,0,0,0,0,9,327500,1311,1311,1311,194400,603300,3599400,17100,4226500,0,0,0,0,0,0,0,0,0,0,0,0,0,0,0
yune,track-a-comparison,luna_pinyin,key_sequence_process_with_context,zybfshmsru,9,10,10,4694700,30,4661800,20,20,400,65,300,2600,6300,0,1300,65,0,5,1,1600,5,1,100,10,0,50,150,10,200,65,209,0,0,10,7300,0,10,30200,20,0,0,0,0,10,10,209,23800,1348,7,120,400,0,0,0,0,0,0,0,0,0,0,0,0,0,0,0,18,4539800,45,18,8778,89,8833,0,0,1311,9,9,9,9,63,45,1320,1320,0,0,18,590100,8,3900,56,0,0,0,0,0,0,0,0,9,316700,1311,1311,1311,183700,585600,3594900,16700,4205200,0,0,0,0,0,0,0,0,0,0,0,0,0,0,0
yune,track-a-comparison,luna_pinyin,key_sequence_process_with_context,zybfshmsru,10,10,10,4751700,30,4719300,20,20,500,65,300,2200,6000,100,1500,65,0,5,1,1600,5,1,200,10,0,50,150,10,200,65,209,0,0,10,7300,0,10,30200,20,0,0,0,0,10,10,209,24100,1348,7,120,300,0,0,0,0,0,0,0,0,0,0,0,0,0,0,0,18,4597100,45,18,8778,89,8833,0,0,1311,9,9,9,9,63,45,1320,1320,0,0,18,588000,8,3900,56,0,0,0,0,0,0,0,0,9,322200,1311,1311,1311,190400,583200,3648900,16100,4256700,0,0,0,0,0,0,0,0,0,0,0,0,0,0,0
yune,track-a-comparison,luna_pinyin,key_sequence_process_with_context,zybfshmsru,11,10,10,4659300,30,4626900,20,20,700,65,200,2500,6000,100,1300,65,0,5,1,1500,5,1,100,10,0,50,150,10,200,65,209,0,0,10,7400,0,10,31600,20,0,0,0,0,10,10,209,23800,1348,7,120,200,0,0,0,0,0,0,0,0,0,0,0,0,0,0,0,18,4503800,45,18,8778,89,8833,0,0,1311,9,9,9,9,63,45,1320,1320,0,0,18,586300,8,3500,56,0,0,0,0,0,0,0,0,9,314400,1311,1311,1311,180200,582100,3564900,16500,4171000,0,0,0,0,0,0,0,0,0,0,0,0,0,0,0
yune,track-a-comparison,luna_pinyin,key_sequence_process_with_context,zybfshmsru,12,10,10,4620800,30,4589100,20,20,700,65,200,2400,5900,400,1400,65,0,5,1,1400,5,1,100,10,0,50,150,10,200,65,209,0,0,10,7300,0,10,30600,20,0,0,0,0,10,10,209,21900,1348,7,120,400,0,0,0,0,0,0,0,0,0,0,0,0,0,0,0,18,4466700,45,18,8778,89,8833,0,0,1311,9,9,9,9,63,45,1320,1320,0,0,18,578800,8,3700,56,0,0,0,0,0,0,0,0,9,311800,1311,1311,1311,182300,574200,3537300,16300,4135100,0,0,0,0,0,0,0,0,0,0,0,0,0,0,0
yune,track-a-comparison,luna_pinyin,key_sequence_process_with_context,zybfshmsru,13,10,10,4623000,30,4591500,20,20,500,65,100,2100,5700,100,1300,65,0,5,1,1500,5,1,100,10,0,50,150,10,200,65,209,0,0,10,7200,0,10,29900,20,0,0,0,0,10,10,209,23100,1348,7,120,300,0,0,0,0,0,0,0,0,0,0,0,0,0,0,0,18,4470600,45,18,8778,89,8833,0,0,1311,9,9,9,9,63,45,1320,1320,0,0,18,573100,8,3800,56,0,0,0,0,0,0,0,0,9,312700,1311,1311,1311,181300,568900,3548300,16300,4140800,0,0,0,0,0,0,0,0,0,0,0,0,0,0,0
yune,track-a-comparison,luna_pinyin,key_sequence_process_with_context,zybfshmsru,14,10,10,4608800,30,4577000,20,20,600,65,400,2400,6000,400,1200,65,0,5,1,1400,5,1,100,10,0,50,150,10,200,65,209,0,0,10,7400,0,10,30200,20,0,0,0,0,10,10,209,23300,1348,7,120,400,0,0,0,0,0,0,0,0,0,0,0,0,0,0,0,18,4456100,45,18,8778,89,8833,0,0,1311,9,9,9,9,63,45,1320,1320,0,0,18,576600,8,3300,56,0,0,0,0,0,0,0,0,9,309600,1311,1311,1311,179000,572400,3530900,16100,4126600,0,0,0,0,0,0,0,0,0,0,0,0,0,0,0
yune,track-a-comparison,luna_pinyin,key_sequence_process_with_context,zybfshmsru,15,10,10,4612300,30,4580400,20,20,400,65,200,2400,5800,200,1600,65,0,5,1,1400,5,1,100,10,0,50,150,10,200,65,209,0,0,10,7300,0,10,30300,20,0,0,0,0,10,10,209,23700,1348,7,120,400,0,0,0,0,0,0,0,0,0,0,0,0,0,0,0,18,4459900,45,18,8778,89,8833,0,0,1311,9,9,9,9,63,45,1320,1320,0,0,18,586100,8,3500,56,0,0,0,0,0,0,0,0,9,303200,1311,1311,1311,172200,582300,3533900,15700,4139500,0,0,0,0,0,0,0,0,0,0,0,0,0,0,0
yune,track-a-comparison,luna_pinyin,key_sequence_process_with_context,zybfshmsru,16,10,10,4661400,30,4627900,20,20,300,65,100,2500,6000,100,1600,65,0,5,1,1500,5,1,200,10,0,50,150,10,200,65,209,0,0,10,7100,0,10,30300,20,0,0,0,0,10,10,209,23400,1348,7,120,500,0,0,0,0,0,0,0,0,0,0,0,0,0,0,0,18,4506600,45,18,8778,89,8833,0,0,1311,9,9,9,9,63,45,1320,1320,0,0,18,585200,8,4300,56,0,0,0,0,0,0,0,0,9,324200,1311,1311,1311,195300,580100,3558100,15900,4161400,0,0,0,0,0,0,0,0,0,0,0,0,0,0,0
yune,track-a-comparison,luna_pinyin,key_sequence_process_with_context,zybfshmsru,17,10,10,4625800,30,4594500,20,20,600,65,100,2200,5800,300,1400,65,0,5,1,1400,5,1,100,10,0,50,150,10,200,65,209,0,0,10,7400,0,10,30600,20,0,0,0,0,10,10,209,23900,1348,7,120,200,0,0,0,0,0,0,0,0,0,0,0,0,0,0,0,18,4473900,45,18,8778,89,8833,0,0,1311,9,9,9,9,63,45,1320,1320,0,0,18,590000,8,3500,56,0,0,0,0,0,0,0,0,9,313900,1311,1311,1311,182500,585800,3533600,15700,4142700,0,0,0,0,0,0,0,0,0,0,0,0,0,0,0
yune,track-a-comparison,luna_pinyin,key_sequence_process_with_context,zybfshmsru,18,10,10,4616800,30,4584900,20,20,400,65,200,2300,6000,300,1500,65,0,5,1,1400,5,1,100,10,0,50,150,10,200,65,209,0,0,10,7500,0,10,30500,20,0,0,0,0,10,10,209,22600,1348,7,120,200,0,0,0,0,0,0,0,0,0,0,0,0,0,0,0,18,4464700,45,18,8778,89,8833,0,0,1311,9,9,9,9,63,45,1320,1320,0,0,18,567300,8,3600,56,0,0,0,0,0,0,0,0,9,308400,1311,1311,1311,178600,563200,3552800,17200,4138900,0,0,0,0,0,0,0,0,0,0,0,0,0,0,0
yune,track-a-comparison,luna_pinyin,key_sequence_process_with_context,zybfshmsru,19,10,10,4622700,30,4591400,20,20,700,65,200,2100,5900,0,1400,65,0,5,1,1400,5,1,100,10,0,50,150,10,200,65,209,0,0,10,7300,0,10,29800,20,0,0,0,0,10,10,209,24300,1348,7,120,200,0,0,0,0,0,0,0,0,0,0,0,0,0,0,0,18,4470200,45,18,8778,89,8833,0,0,1311,9,9,9,9,63,45,1320,1320,0,0,18,580000,8,3400,56,0,0,0,0,0,0,0,0,9,307500,1311,1311,1311,177800,575600,3546400,15800,4145800,0,0,0,0,0,0,0,0,0,0,0,0,0,0,0
yune,track-a-comparison,luna_pinyin,key_sequence_process_with_context,zybfshmsru,20,10,10,4613200,30,4581600,20,20,700,65,400,2200,6100,200,1500,65,0,5,1,1500,5,1,100,10,0,50,150,10,200,65,209,0,0,10,7400,0,10,29900,20,0,0,0,0,10,10,209,24400,1348,7,120,200,0,0,0,0,0,0,0,0,0,0,0,0,0,0,0,18,4461400,45,18,8778,89,8833,0,0,1311,9,9,9,9,63,45,1320,1320,0,0,18,574200,8,3100,56,0,0,0,0,0,0,0,0,9,307200,1311,1311,1311,178300,570200,3543800,15700,4137400,0,0,0,0,0,0,0,0,0,0,0,0,0,0,0
yune,track-a-comparison,luna_pinyin,key_sequence_process_with_context,zybfshmsru,21,10,10,4607400,30,4575100,20,20,500,65,500,2300,6500,0,1300,65,0,5,1,1500,5,1,100,10,0,50,150,10,200,65,209,0,0,10,7300,0,10,30300,20,0,0,0,0,10,10,209,22500,1348,7,120,300,0,0,0,0,0,0,0,0,0,0,0,0,0,0,0,18,4454400,45,18,8778,89,8833,0,0,1311,9,9,9,9,63,45,1320,1320,0,0,18,576200,8,3900,56,0,0,0,0,0,0,0,0,9,310100,1311,1311,1311,183600,571500,3531700,15900,4126400,0,0,0,0,0,0,0,0,0,0,0,0,0,0,0
yune,track-a-comparison,luna_pinyin,key_sequence_process_with_context,zybfshmsru,22,10,10,4632000,30,4600400,20,20,500,65,300,2300,6300,200,1400,65,0,5,1,1400,5,1,100,10,0,50,150,10,200,65,209,0,0,10,7400,0,10,30600,20,0,0,0,0,10,10,209,23000,1348,7,120,200,0,0,0,0,0,0,0,0,0,0,0,0,0,0,0,18,4480200,45,18,8778,89,8833,0,0,1311,9,9,9,9,63,45,1320,1320,0,0,18,582300,8,3300,56,0,0,0,0,0,0,0,0,9,309100,1311,1311,1311,178500,578400,3552200,15900,4153900,0,0,0,0,0,0,0,0,0,0,0,0,0,0,0
yune,track-a-comparison,luna_pinyin,key_sequence_process_with_context,zybfshmsru,23,10,10,4641100,30,4609400,20,20,700,65,500,2200,6300,200,1600,65,0,5,1,1600,5,1,100,10,0,50,150,10,200,65,209,0,0,10,7300,0,10,30300,20,0,0,0,0,10,10,209,23800,1348,7,120,600,0,0,0,0,0,0,0,0,0,0,0,0,0,0,0,18,4487900,45,18,8778,89,8833,0,0,1311,9,9,9,9,63,45,1320,1320,0,0,18,574800,8,4000,56,0,0,0,0,0,0,0,0,9,318600,1311,1311,1311,185000,569900,3557200,16900,4150900,0,0,0,0,0,0,0,0,0,0,0,0,0,0,0
yune,track-a-comparison,luna_pinyin,key_sequence_process_with_context,zybfshmsru,24,10,10,4616100,30,4584900,20,20,500,65,300,2300,5800,200,1300,65,0,5,1,1500,5,1,100,10,0,50,150,10,200,65,209,0,0,10,7300,0,10,34800,20,0,0,0,0,10,10,209,23700,1348,7,120,400,0,0,0,0,0,0,0,0,0,0,0,0,0,0,0,18,4459700,45,18,8778,89,8833,0,0,1311,9,9,9,9,63,45,1320,1320,0,0,18,571800,8,4000,56,0,0,0,0,0,0,0,0,9,312100,1311,1311,1311,181300,567300,3536600,16000,4127700,0,0,0,0,0,0,0,0,0,0,0,0,0,0,0
yune,track-a-comparison,luna_pinyin,key_sequence_process_with_context,zybfshmsru,25,10,10,4872800,30,4829400,20,20,700,65,600,3000,7600,500,1300,65,0,5,1,2400,5,1,300,10,0,50,150,10,200,65,209,0,0,10,7900,0,10,31200,20,0,0,0,0,10,10,209,26700,1348,7,120,800,0,0,0,0,0,0,0,0,0,0,0,0,0,0,0,18,4703700,45,18,8778,89,8833,0,0,1311,9,9,9,9,63,45,1320,1320,0,0,18,655600,8,6700,56,0,0,0,0,0,0,0,0,9,387100,1311,1311,1311,241800,648400,3619500,18000,4294400,0,0,0,0,0,0,0,0,0,0,0,0,0,0,0
yune,track-a-comparison,luna_pinyin,key_sequence_process_with_context,zybfshmsru,26,10,10,4691400,30,4657500,20,20,500,65,400,2500,6300,100,1400,65,0,5,1,1600,5,1,100,10,0,50,150,10,200,65,209,0,0,10,7000,0,10,31300,20,0,0,0,0,10,10,209,24800,1348,7,120,400,0,0,0,0,0,0,0,0,0,0,0,0,0,0,0,18,4530800,45,18,8778,89,8833,0,0,1311,9,9,9,9,63,45,1320,1320,0,0,18,592000,8,3700,56,0,0,0,0,0,0,0,0,9,329700,1311,1311,1311,197400,587700,3569700,16800,4180600,0,0,0,0,0,0,0,0,0,0,0,0,0,0,0
yune,track-a-comparison,luna_pinyin,key_sequence_process_with_context,zybfshmsru,27,10,10,4621200,30,4589400,20,20,700,65,400,2500,6000,200,1400,65,0,5,1,1600,5,1,100,10,0,50,150,10,200,65,209,0,0,10,7000,0,10,29600,20,0,0,0,0,10,10,209,24000,1348,7,120,400,0,0,0,0,0,0,0,0,0,0,0,0,0,0,0,18,4469800,45,18,8778,89,8833,0,0,1311,9,9,9,9,63,45,1320,1320,0,0,18,578900,8,3600,56,0,0,0,0,0,0,0,0,9,319400,1311,1311,1311,185500,574700,3534400,16500,4132600,0,0,0,0,0,0,0,0,0,0,0,0,0,0,0
yune,track-a-comparison,luna_pinyin,key_sequence_process_with_context,zybfshmsru,28,10,10,4652700,30,4620700,20,20,500,65,200,2300,6300,300,1400,65,0,5,1,1400,5,1,100,10,0,50,150,10,200,65,209,0,0,10,6800,0,10,29400,20,0,0,0,0,10,10,209,23200,1348,7,120,200,0,0,0,0,0,0,0,0,0,0,0,0,0,0,0,18,4502600,45,18,8778,89,8833,0,0,1311,9,9,9,9,63,45,1320,1320,0,0,18,585300,8,3600,56,0,0,0,0,0,0,0,0,9,311100,1311,1311,1311,181000,581600,3566800,16200,4171900,0,0,0,0,0,0,0,0,0,0,0,0,0,0,0
yune,track-a-comparison,luna_pinyin,key_sequence_process_with_context,zybfshmsru,29,10,10,4695600,30,4663600,20,20,600,65,100,2300,6200,300,1400,65,0,5,1,1300,5,1,100,10,0,50,150,10,200,65,209,0,0,10,6900,0,10,30200,20,0,0,0,0,10,10,209,33700,1348,7,120,200,0,0,0,0,0,0,0,0,0,0,0,0,0,0,0,18,4545100,45,18,8778,89,8833,0,0,1311,9,9,9,9,63,45,1320,1320,0,0,18,575800,8,3300,56,0,0,0,0,0,0,0,0,9,370900,1311,1311,1311,225600,571600,3561300,16400,4156800,0,0,0,0,0,0,0,0,0,0,0,0,0,0,0
yune,track-a-comparison,luna_pinyin,key_sequence_process_with_context,zybfshmsru,30,10,10,4683100,30,4647200,20,20,300,65,300,2200,6000,300,1400,65,0,5,1,1600,5,1,100,10,0,50,150,10,200,65,209,0,0,10,7000,0,10,29600,20,0,0,0,0,10,10,209,23000,1348,7,120,400,0,0,0,0,0,0,0,0,0,0,0,0,0,0,0,18,4530000,45,18,8778,89,8833,0,0,1311,9,9,9,9,63,45,1320,1320,0,0,18,627400,8,3500,56,0,0,0,0,0,0,0,0,9,309500,1311,1311,1311,179300,622200,3554200,15700,4199500,0,0,0,0,0,0,0,0,0,0,0,0,0,0,0
yune,track-a-comparison,luna_pinyin,key_sequence_process_with_context,zybfshmsru,31,10,10,4630000,30,4598500,20,20,400,65,400,2400,6000,200,1400,65,0,5,1,1300,5,1,100,10,0,50,150,10,200,65,209,0,0,10,7000,0,10,29100,20,0,0,0,0,10,10,209,24100,1348,7,120,200,0,0,0,0,0,0,0,0,0,0,0,0,0,0,0,18,4482200,45,18,8778,89,8833,0,0,1311,9,9,9,9,63,45,1320,1320,0,0,18,576700,8,3400,56,0,0,0,0,0,0,0,0,9,312800,1311,1311,1311,179200,572500,3555800,15900,4151900,0,0,0,0,0,0,0,0,0,0,0,0,0,0,0
yune,track-a-comparison,luna_pinyin,key_sequence_process_with_context,zybfshmsru,32,10,10,4603600,30,4572300,20,20,400,65,500,2500,6200,200,1300,65,0,5,1,1400,5,1,100,10,0,50,150,10,200,65,209,0,0,10,6900,0,10,28800,20,0,0,0,0,10,10,209,23700,1348,7,120,300,0,0,0,0,0,0,0,0,0,0,0,0,0,0,0,18,4454600,45,18,8778,89,8833,0,0,1311,9,9,9,9,63,45,1320,1320,0,0,18,581300,8,3400,56,0,0,0,0,0,0,0,0,9,313100,1311,1311,1311,182000,577000,3521900,15800,4121700,0,0,0,0,0,0,0,0,0,0,0,0,0,0,0
yune,track-a-comparison,luna_pinyin,key_sequence_process_with_context,zybfshmsru,33,10,10,4632100,30,4600100,20,20,500,65,400,2500,6400,200,1600,65,0,5,1,1400,5,1,100,10,0,50,150,10,200,65,209,0,0,10,6800,0,10,29400,20,0,0,0,0,10,10,209,23700,1348,7,120,200,0,0,0,0,0,0,0,0,0,0,0,0,0,0,0,18,4482600,45,18,8778,89,8833,0,0,1311,9,9,9,9,63,45,1320,1320,0,0,18,575900,8,3700,56,0,0,0,0,0,0,0,0,9,316100,1311,1311,1311,184000,571600,3554800,16300,4149300,0,0,0,0,0,0,0,0,0,0,0,0,0,0,0
yune,track-a-comparison,luna_pinyin,key_sequence_process_with_context,zybfshmsru,34,10,10,4862200,30,4814800,20,20,500,65,400,3300,8700,100,1900,65,0,5,1,2400,5,1,200,10,0,50,150,10,200,65,209,0,0,10,8000,0,10,34300,20,0,0,0,0,10,10,209,26800,1348,7,120,500,0,0,0,0,0,0,0,0,0,0,0,0,0,0,0,18,4657700,45,18,8778,89,8833,0,0,1311,9,9,9,9,63,45,1320,1320,0,0,18,683100,8,6400,56,0,0,0,0,0,0,0,0,9,355800,1311,1311,1311,212200,675200,3574600,19200,4275700,0,0,0,0,0,0,0,0,0,0,0,0,0,0,0
yune,track-a-comparison,luna_pinyin,key_sequence_process_with_context,zybfshmsru,35,10,10,4678000,30,4644900,20,20,500,65,700,2400,6200,200,1700,65,0,5,1,1700,5,1,200,10,0,50,150,10,200,65,209,0,0,10,7200,0,10,31800,20,0,0,0,0,10,10,209,23900,1348,7,120,400,0,0,0,0,0,0,0,0,0,0,0,0,0,0,0,18,4515200,45,18,8778,89,8833,0,0,1311,9,9,9,9,63,45,1320,1320,0,0,18,593200,8,4100,56,0,0,0,0,0,0,0,0,9,321400,1311,1311,1311,186300,587700,3563000,16900,4174200,0,0,0,0,0,0,0,0,0,0,0,0,0,0,0
yune,track-a-comparison,luna_pinyin,key_sequence_process_with_context,zybfshmsru,36,10,10,4660200,30,4627600,20,20,700,65,400,2600,6300,300,1400,65,0,5,1,1500,5,1,100,10,0,50,150,10,200,65,209,0,0,10,7400,0,10,30000,20,0,0,0,0,10,10,209,23500,1348,7,120,300,0,0,0,0,0,0,0,0,0,0,0,0,0,0,0,18,4506600,45,18,8778,89,8833,0,0,1311,9,9,9,9,63,45,1320,1320,0,0,18,596600,8,3800,56,0,0,0,0,0,0,0,0,9,311200,1311,1311,1311,179400,592200,3559900,16300,4175700,0,0,0,0,0,0,0,0,0,0,0,0,0,0,0
yune,track-a-comparison,luna_pinyin,key_sequence_process_with_context,zybfshmsru,37,10,10,4637900,30,4606700,20,20,700,65,600,2200,6100,400,1200,65,0,5,1,1500,5,1,100,10,0,50,150,10,200,65,209,0,0,10,7300,0,10,29900,20,0,0,0,0,10,10,209,23500,1348,7,120,400,0,0,0,0,0,0,0,0,0,0,0,0,0,0,0,18,4486200,45,18,8778,89,8833,0,0,1311,9,9,9,9,63,45,1320,1320,0,0,18,582900,8,3900,56,0,0,0,0,0,0,0,0,9,316100,1311,1311,1311,184800,578300,3550200,16500,4152200,0,0,0,0,0,0,0,0,0,0,0,0,0,0,0
yune,track-a-comparison,luna_pinyin,key_sequence_process_with_context,zybfshmsru,38,10,10,4638200,30,4606700,20,20,400,65,400,2400,6100,200,1500,65,0,5,1,1400,5,1,100,10,0,50,150,10,200,65,209,0,0,10,7300,0,10,30200,20,0,0,0,0,10,10,209,22700,1348,7,120,200,0,0,0,0,0,0,0,0,0,0,0,0,0,0,0,18,4486200,45,18,8778,89,8833,0,0,1311,9,9,9,9,63,45,1320,1320,0,0,18,575900,8,3800,56,0,0,0,0,0,0,0,0,9,310800,1311,1311,1311,179900,571600,3560500,16200,4155600,0,0,0,0,0,0,0,0,0,0,0,0,0,0,0
yune,track-a-comparison,luna_pinyin,key_sequence_process_with_context,zybfshmsru,39,10,10,4631000,30,4599600,20,20,800,65,300,2300,6100,100,1300,65,0,5,1,1400,5,1,100,10,0,50,150,10,200,65,209,0,0,10,7400,0,10,30100,20,0,0,0,0,10,10,209,23800,1348,7,120,300,0,0,0,0,0,0,0,0,0,0,0,0,0,0,0,18,4478600,45,18,8778,89,8833,0,0,1311,9,9,9,9,63,45,1320,1320,0,0,18,578600,8,3700,56,0,0,0,0,0,0,0,0,9,313800,1311,1311,1311,186700,574200,3549200,16100,4146600,0,0,0,0,0,0,0,0,0,0,0,0,0,0,0
yune,track-a-comparison,luna_pinyin,key_sequence_process_with_context,zybfshmsru,40,10,10,4631700,30,4597900,20,20,400,65,400,3000,6800,100,1400,65,0,5,1,1400,5,1,100,10,0,50,150,10,200,65,209,0,0,10,7200,0,10,29800,20,0,0,0,0,10,10,209,22800,1348,7,120,300,0,0,0,0,0,0,0,0,0,0,0,0,0,0,0,18,4478000,45,18,8778,89,8833,0,0,1311,9,9,9,9,63,45,1320,1320,0,0,18,578100,8,3800,56,0,0,0,0,0,0,0,0,9,309500,1311,1311,1311,181900,573700,3550600,15800,4147900,0,0,0,0,0,0,0,0,0,0,0,0,0,0,0
yune,track-a-comparison,luna_pinyin,key_sequence_process_with_context,zybfshmsru,41,10,10,4616200,30,4584400,20,20,300,65,300,2400,6000,300,1300,65,0,5,1,1400,5,1,100,10,0,50,150,10,200,65,209,0,0,10,7200,0,10,30000,20,0,0,0,0,10,10,209,23100,1348,7,120,200,0,0,0,0,0,0,0,0,0,0,0,0,0,0,0,18,4464000,45,18,8778,89,8833,0,0,1311,9,9,9,9,63,45,1320,1320,0,0,18,572800,8,3800,56,0,0,0,0,0,0,0,0,9,309400,1311,1311,1311,179300,568000,3545200,16000,4137000,0,0,0,0,0,0,0,0,0,0,0,0,0,0,0
yune,track-a-comparison,luna_pinyin,key_sequence_process_with_context,zybfshmsru,42,10,10,4681400,30,4649200,20,20,600,65,400,2300,6100,0,1300,65,0,5,1,1500,5,1,200,10,0,50,150,10,200,65,209,0,0,10,7200,0,10,30000,20,0,0,0,0,10,10,209,24000,1348,7,120,300,0,0,0,0,0,0,0,0,0,0,0,0,0,0,0,18,4529100,45,18,8778,89,8833,0,0,1311,9,9,9,9,63,45,1320,1320,0,0,18,580100,8,4000,56,0,0,0,0,0,0,0,0,9,317400,1311,1311,1311,188300,575100,3592900,16500,4191300,0,0,0,0,0,0,0,0,0,0,0,0,0,0,0
yune,track-a-comparison,luna_pinyin,key_sequence_process_with_context,zybfshmsru,43,10,10,4632200,30,4600800,20,20,400,65,300,2400,6300,100,1300,65,0,5,1,1300,5,1,100,10,0,50,150,10,200,65,209,0,0,10,7000,0,10,29600,20,0,0,0,0,10,10,209,23900,1348,7,120,200,0,0,0,0,0,0,0,0,0,0,0,0,0,0,0,18,4480900,45,18,8778,89,8833,0,0,1311,9,9,9,9,63,45,1320,1320,0,0,18,578900,8,3900,56,0,0,0,0,0,0,0,0,9,309900,1311,1311,1311,178400,574700,3555100,16100,4153100,0,0,0,0,0,0,0,0,0,0,0,0,0,0,0
yune,track-a-comparison,luna_pinyin,key_sequence_process_with_context,zybfshmsru,44,10,10,4641800,30,4609900,20,20,500,65,200,2300,6400,400,1400,65,0,5,1,1500,5,1,200,10,0,50,150,10,200,65,209,0,0,10,7300,0,10,30200,20,0,0,0,0,10,10,209,23400,1348,7,120,300,0,0,0,0,0,0,0,0,0,0,0,0,0,0,0,18,4485300,45,18,8778,89,8833,0,0,1311,9,9,9,9,63,45,1320,1320,0,0,18,577100,8,4000,56,0,0,0,0,0,0,0,0,9,316200,1311,1311,1311,186800,572100,3553100,16300,4149100,0,0,0,0,0,0,0,0,0,0,0,0,0,0,0
yune,track-a-comparison,luna_pinyin,key_sequence_process_with_context,zybfshmsru,45,10,10,4662100,30,4630200,20,20,800,65,100,2300,6100,200,1600,65,0,5,1,1500,5,1,100,10,0,50,150,10,200,65,209,0,0,10,7300,0,10,29400,20,0,0,0,0,10,10,209,23900,1348,7,120,300,0,0,0,0,0,0,0,0,0,0,0,0,0,0,0,18,4510200,45,18,8778,89,8833,0,0,1311,9,9,9,9,63,45,1320,1320,0,0,18,580000,8,3900,56,0,0,0,0,0,0,0,0,9,315300,1311,1311,1311,183900,576000,3578500,16000,4177600,0,0,0,0,0,0,0,0,0,0,0,0,0,0,0
yune,track-a-comparison,luna_pinyin,key_sequence_process_with_context,zybfshmsru,46,10,10,4655400,30,4624400,20,20,400,65,400,2300,6100,100,1400,65,0,5,1,1400,5,1,100,10,0,50,150,10,200,65,209,0,0,10,7100,0,10,29500,20,0,0,0,0,10,10,209,23600,1348,7,120,300,0,0,0,0,0,0,0,0,0,0,0,0,0,0,0,18,4503700,45,18,8778,89,8833,0,0,1311,9,9,9,9,63,45,1320,1320,0,0,18,579400,8,4100,56,0,0,0,0,0,0,0,0,9,315900,1311,1311,1311,185200,574400,3569800,15900,4167600,0,0,0,0,0,0,0,0,0,0,0,0,0,0,0
yune,track-a-comparison,luna_pinyin,key_sequence_process_with_context,zybfshmsru,47,10,10,4669200,30,4637500,20,20,300,65,300,2200,6200,400,1500,65,0,5,1,1500,5,1,100,10,0,50,150,10,200,65,209,0,0,10,7400,0,10,29500,20,0,0,0,0,10,10,209,22100,1348,7,120,300,0,0,0,0,0,0,0,0,0,0,0,0,0,0,0,18,4516900,45,18,8778,89,8833,0,0,1311,9,9,9,9,63,45,1320,1320,0,0,18,584400,8,3700,56,0,0,0,0,0,0,0,0,9,322300,1311,1311,1311,191100,580100,3573200,15900,4177000,0,0,0,0,0,0,0,0,0,0,0,0,0,0,0
yune,track-a-comparison,luna_pinyin,key_sequence_process_with_context,zybfshmsru,48,10,10,4688700,30,4656700,20,20,700,65,300,2300,6100,300,1500,65,0,5,1,1700,5,1,100,10,0,50,150,10,200,65,209,0,0,10,7200,0,10,30900,20,0,0,0,0,10,10,209,23100,1348,7,120,600,0,0,0,0,0,0,0,0,0,0,0,0,0,0,0,18,4534900,45,18,8778,89,8833,0,0,1311,9,9,9,9,63,45,1320,1320,0,0,18,582200,8,3900,56,0,0,0,0,0,0,0,0,9,319700,1311,1311,1311,187900,577400,3593500,16000,4194900,0,0,0,0,0,0,0,0,0,0,0,0,0,0,0
yune,track-a-comparison,luna_pinyin,key_sequence_process_with_context,zybfshmsru,49,10,10,4727200,30,4695300,20,20,400,65,100,2400,6200,200,1400,65,0,5,1,1700,5,1,100,10,0,50,150,10,200,65,209,0,0,10,7300,0,10,30500,20,0,0,0,0,10,10,209,23400,1348,7,120,400,0,0,0,0,0,0,0,0,0,0,0,0,0,0,0,18,4573600,45,18,8778,89,8833,0,0,1311,9,9,9,9,63,45,1320,1320,0,0,18,583000,8,3900,56,0,0,0,0,0,0,0,0,9,321900,1311,1311,1311,182300,578600,3631000,16100,4234000,0,0,0,0,0,0,0,0,0,0,0,0,0,0,0
yune,track-a-comparison,luna_pinyin,key_sequence_process_with_context,zybfshmsru,50,10,10,4653400,30,4621600,20,20,400,65,200,2400,5800,200,1300,65,0,5,1,1500,5,1,100,10,0,50,150,10,200,65,209,0,0,10,7300,0,10,29800,20,0,0,0,0,10,10,209,23800,1348,7,120,300,0,0,0,0,0,0,0,0,0,0,0,0,0,0,0,18,4501000,45,18,8778,89,8833,0,0,1311,9,9,9,9,63,45,1320,1320,0,0,18,583800,8,3700,56,0,0,0,0,0,0,0,0,9,314900,1311,1311,1311,185800,579300,3563100,16000,4165900,0,0,0,0,0,0,0,0,0,0,0,0,0,0,0
yune,track-a-comparison,luna_pinyin,key_sequence_process_with_context,zybfshmsru,51,10,10,4634300,30,4602600,20,20,600,65,100,2400,6200,300,1300,65,0,5,1,1600,5,1,100,10,0,50,150,10,200,65,209,0,0,10,7400,0,10,30100,20,0,0,0,0,10,10,209,23200,1348,7,120,200,0,0,0,0,0,0,0,0,0,0,0,0,0,0,0,18,4482100,45,18,8778,89,8833,0,0,1311,9,9,9,9,63,45,1320,1320,0,0,18,576700,8,4200,56,0,0,0,0,0,0,0,0,9,314000,1311,1311,1311,182300,572000,3554800,15900,4150400,0,0,0,0,0,0,0,0,0,0,0,0,0,0,0
yune,track-a-comparison,luna_pinyin,key_sequence_process_with_context,zybfshmsru,52,10,10,4613000,30,4581900,20,20,900,65,500,2500,6100,100,1500,65,0,5,1,1400,5,1,100,10,0,50,150,10,200,65,209,0,0,10,7300,0,10,29500,20,0,0,0,0,10,10,209,23700,1348,7,120,300,0,0,0,0,0,0,0,0,0,0,0,0,0,0,0,18,4461800,45,18,8778,89,8833,0,0,1311,9,9,9,9,63,45,1320,1320,0,0,18,573400,8,3700,56,0,0,0,0,0,0,0,0,9,312700,1311,1311,1311,176400,568900,3537800,16000,4129400,0,0,0,0,0,0,0,0,0,0,0,0,0,0,0
yune,track-a-comparison,luna_pinyin,key_sequence_process_with_context,zybfshmsru,53,10,10,4624500,30,4592900,20,20,800,65,100,2700,6000,100,1500,65,0,5,1,1500,5,1,100,10,0,50,150,10,200,65,209,0,0,10,7300,0,10,30300,20,0,0,0,0,10,10,209,23300,1348,7,120,300,0,0,0,0,0,0,0,0,0,0,0,0,0,0,0,18,4473500,45,18,8778,89,8833,0,0,1311,9,9,9,9,63,45,1320,1320,0,0,18,574500,8,4100,56,0,0,0,0,0,0,0,0,9,307900,1311,1311,1311,175300,569800,3554500,15900,4147700,0,0,0,0,0,0,0,0,0,0,0,0,0,0,0
yune,track-a-comparison,luna_pinyin,key_sequence_process_with_context,zybfshmsru,54,10,10,4643400,30,4612100,20,20,500,65,300,2400,6100,100,1400,65,0,5,1,1500,5,1,200,10,0,50,150,10,200,65,209,0,0,10,7400,0,10,28900,20,0,0,0,0,10,10,209,22900,1348,7,120,400,0,0,0,0,0,0,0,0,0,0,0,0,0,0,0,18,4492200,45,18,8778,89,8833,0,0,1311,9,9,9,9,63,45,1320,1320,0,0,18,571100,8,3800,56,0,0,0,0,0,0,0,0,9,309000,1311,1311,1311,178500,566500,3575700,16200,4165500,0,0,0,0,0,0,0,0,0,0,0,0,0,0,0
yune,track-a-comparison,luna_pinyin,key_sequence_process_with_context,zybfshmsru,55,10,10,4652500,30,4618700,20,20,500,65,200,2300,6600,200,1400,65,0,5,1,1800,5,1,100,10,0,50,150,10,200,65,209,0,0,10,7500,0,10,30600,20,0,0,0,0,10,10,209,25100,1348,7,120,400,0,0,0,0,0,0,0,0,0,0,0,0,0,0,0,18,4491100,45,18,8778,89,8833,0,0,1311,9,9,9,9,63,45,1320,1320,0,0,18,574800,8,3800,56,0,0,0,0,0,0,0,0,9,313000,1311,1311,1311,180200,570000,3560800,17600,4160300,0,0,0,0,0,0,0,0,0,0,0,0,0,0,0
yune,track-a-comparison,luna_pinyin,key_sequence_process_with_context,zybfshmsru,56,10,10,4673600,30,4642700,20,20,600,65,200,2300,6300,300,1200,65,0,5,1,1700,5,1,200,10,0,50,150,10,200,65,209,0,0,10,7500,0,10,31500,20,0,0,0,0,10,10,209,22700,1348,7,120,200,0,0,0,0,0,0,0,0,0,0,0,0,0,0,0,18,4520400,45,18,8778,89,8833,0,0,1311,9,9,9,9,63,45,1320,1320,0,0,18,571400,8,3700,56,0,0,0,0,0,0,0,0,9,307200,1311,1311,1311,175500,567200,3605900,16200,4196100,0,0,0,0,0,0,0,0,0,0,0,0,0,0,0
yune,track-a-comparison,luna_pinyin,key_sequence_process_with_context,zybfshmsru,57,10,10,4658500,30,4625800,20,20,700,65,300,2400,6800,400,1400,65,0,5,1,1800,5,1,100,10,0,50,150,10,200,65,209,0,0,10,7700,0,10,36500,20,0,0,0,0,10,10,209,23500,1348,7,120,300,0,0,0,0,0,0,0,0,0,0,0,0,0,0,0,18,4496000,45,18,8778,89,8833,0,0,1311,9,9,9,9,63,45,1320,1320,0,0,18,573200,8,4100,56,0,0,0,0,0,0,0,0,9,314700,1311,1311,1311,183100,568500,3571900,16300,4163800,0,0,0,0,0,0,0,0,0,0,0,0,0,0,0
yune,track-a-comparison,luna_pinyin,key_sequence_process_with_context,zybfshmsru,58,10,10,4662600,30,4630300,20,20,700,65,400,2500,6100,100,1200,65,0,5,1,1700,5,1,100,10,0,50,150,10,200,65,209,0,0,10,7400,0,10,30400,20,0,0,0,0,10,10,209,22500,1348,7,120,400,0,0,0,0,0,0,0,0,0,0,0,0,0,0,0,18,4510000,45,18,8778,89,8833,0,0,1311,9,9,9,9,63,45,1320,1320,0,0,18,568600,8,4100,56,0,0,0,0,0,0,0,0,9,307400,1311,1311,1311,175000,564200,3596400,16300,4184700,0,0,0,0,0,0,0,0,0,0,0,0,0,0,0
yune,track-a-comparison,luna_pinyin,key_sequence_process_with_context,zybfshmsru,59,10,10,4688900,30,4657200,20,20,600,65,200,2300,6400,200,1300,65,0,5,1,1500,5,1,100,10,0,50,150,10,200,65,209,0,0,10,7400,0,10,31700,20,0,0,0,0,10,10,209,24100,1348,7,120,400,0,0,0,0,0,0,0,0,0,0,0,0,0,0,0,18,4535200,45,18,8778,89,8833,0,0,1311,9,9,9,9,63,45,1320,1320,0,0,18,572000,8,3900,56,0,0,0,0,0,0,0,0,9,315100,1311,1311,1311,181700,567400,3611400,16400,4202000,0,0,0,0,0,0,0,0,0,0,0,0,0,0,0
yune,track-a-comparison,luna_pinyin,key_sequence_process_with_context,zybfshmsru,60,10,10,4686100,30,4653800,20,20,600,65,200,2400,6200,200,1500,65,0,5,1,1700,5,1,100,10,0,50,150,10,200,65,209,0,0,10,7400,0,10,31700,20,0,0,0,0,10,10,209,23000,1348,7,120,600,0,0,0,0,0,0,0,0,0,0,0,0,0,0,0,18,4532100,45,18,8778,89,8833,0,0,1311,9,9,9,9,63,45,1320,1320,0,0,18,575800,8,3700,56,0,0,0,0,0,0,0,0,9,311700,1311,1311,1311,183200,571700,3607000,16100,4202800,0,0,0,0,0,0,0,0,0,0,0,0,0,0,0
yune,track-a-comparison,luna_pinyin,key_sequence_process_with_context,zybfshmsru,61,10,10,4686600,30,4653700,20,20,600,65,400,2400,6500,300,1400,65,0,5,1,2000,5,1,100,10,0,50,150,10,200,65,209,0,0,10,7400,0,10,33300,20,0,0,0,0,10,10,209,23100,1348,7,120,800,0,0,0,0,0,0,0,0,0,0,0,0,0,0,0,18,4528900,45,18,8778,89,8833,0,0,1311,9,9,9,9,63,45,1320,1320,0,0,18,578300,8,4000,56,0,0,0,0,0,0,0,0,9,316100,1311,1311,1311,185100,573800,3597100,16100,4195000,0,0,0,0,0,0,0,0,0,0,0,0,0,0,0
yune,track-a-comparison,luna_pinyin,key_sequence_process_with_context,zybfshmsru,62,10,10,4788700,30,4757000,20,20,700,65,500,2200,6300,300,1300,65,0,5,1,1500,5,1,100,10,0,50,150,10,200,65,209,0,0,10,7400,0,10,31000,20,0,0,0,0,10,10,209,24100,1348,7,120,300,0,0,0,0,0,0,0,0,0,0,0,0,0,0,0,18,4634600,45,18,8778,89,8833,0,0,1311,9,9,9,9,63,45,1320,1320,0,0,18,572100,8,3500,56,0,0,0,0,0,0,0,0,9,309100,1311,1311,1311,178000,567900,3716700,16000,4307800,0,0,0,0,0,0,0,0,0,0,0,0,0,0,0
yune,track-a-comparison,luna_pinyin,key_sequence_process_with_context,zybfshmsru,63,10,10,4784500,30,4752600,20,20,600,65,200,2400,6400,300,1300,65,0,5,1,1600,5,1,100,10,0,50,150,10,200,65,209,0,0,10,7400,0,10,30800,20,0,0,0,0,10,10,209,24200,1348,7,120,500,0,0,0,0,0,0,0,0,0,0,0,0,0,0,0,18,4630200,45,18,8778,89,8833,0,0,1311,9,9,9,9,63,45,1320,1320,0,0,18,579800,8,3800,56,0,0,0,0,0,0,0,0,9,310800,1311,1311,1311,179200,575600,3702500,16300,4301700,0,0,0,0,0,0,0,0,0,0,0,0,0,0,0
yune,track-a-comparison,luna_pinyin,key_sequence_process_with_context,zybfshmsru,64,10,10,4804000,30,4772700,20,20,400,65,200,2200,5800,200,1400,65,0,5,1,1500,5,1,100,10,0,50,150,10,200,65,209,0,0,10,7000,0,10,30600,20,0,0,0,0,10,10,209,23600,1348,7,120,100,0,0,0,0,0,0,0,0,0,0,0,0,0,0,0,18,4652800,45,18,8778,89,8833,0,0,1311,9,9,9,9,63,45,1320,1320,0,0,18,575600,8,3500,56,0,0,0,0,0,0,0,0,9,310000,1311,1311,1311,179900,571200,3731000,16100,4325500,0,0,0,0,0,0,0,0,0,0,0,0,0,0,0
yune,track-a-comparison,luna_pinyin,key_sequence_process_with_context,zybfshmsru,65,10,10,4785400,30,4754000,20,20,300,65,300,2400,6300,500,1400,65,0,5,1,1500,5,1,100,10,0,50,150,10,200,65,209,0,0,10,7200,0,10,30000,20,0,0,0,0,10,10,209,22600,1348,7,120,500,0,0,0,0,0,0,0,0,0,0,0,0,0,0,0,18,4633700,45,18,8778,89,8833,0,0,1311,9,9,9,9,63,45,1320,1320,0,0,18,563500,8,3700,56,0,0,0,0,0,0,0,0,9,305300,1311,1311,1311,173400,559500,3728200,16400,4311000,0,0,0,0,0,0,0,0,0,0,0,0,0,0,0
yune,track-a-comparison,luna_pinyin,key_sequence_process_with_context,zybfshmsru,66,10,10,4774300,30,4743400,20,20,800,65,200,2300,5900,100,1400,65,0,5,1,1500,5,1,100,10,0,50,150,10,200,65,209,0,0,10,7300,0,10,30400,20,0,0,0,0,10,10,209,22600,1348,7,120,400,0,0,0,0,0,0,0,0,0,0,0,0,0,0,0,18,4622700,45,18,8778,89,8833,0,0,1311,9,9,9,9,63,45,1320,1320,0,0,18,567400,8,3600,56,0,0,0,0,0,0,0,0,9,307900,1311,1311,1311,177600,563000,3711000,16100,4297200,0,0,0,0,0,0,0,0,0,0,0,0,0,0,0
yune,track-a-comparison,luna_pinyin,key_sequence_process_with_context,zybfshmsru,67,10,10,4778000,30,4746400,20,20,600,65,400,2400,6000,400,1400,65,0,5,1,1500,5,1,100,10,0,50,150,10,200,65,209,0,0,10,7100,0,10,30100,20,0,0,0,0,10,10,209,24700,1348,7,120,400,0,0,0,0,0,0,0,0,0,0,0,0,0,0,0,18,4626500,45,18,8778,89,8833,0,0,1311,9,9,9,9,63,45,1320,1320,0,0,18,571700,8,4100,56,0,0,0,0,0,0,0,0,9,307700,1311,1311,1311,179500,567200,3710600,15800,4300800,0,0,0,0,0,0,0,0,0,0,0,0,0,0,0
yune,track-a-comparison,luna_pinyin,key_sequence_process_with_context,zybfshmsru,68,10,10,4742500,30,4710900,20,20,600,65,500,2300,6200,300,1300,65,0,5,1,1500,5,1,100,10,0,50,150,10,200,65,209,0,0,10,6900,0,10,29900,20,0,0,0,0,10,10,209,23700,1348,7,120,300,0,0,0,0,0,0,0,0,0,0,0,0,0,0,0,18,4591900,45,18,8778,89,8833,0,0,1311,9,9,9,9,63,45,1320,1320,0,0,18,562000,8,3500,56,0,0,0,0,0,0,0,0,9,309100,1311,1311,1311,176500,557800,3683800,16400,4265100,0,0,0,0,0,0,0,0,0,0,0,0,0,0,0
yune,track-a-comparison,luna_pinyin,key_sequence_process_with_context,zybfshmsru,69,10,10,4739400,30,4708300,20,20,400,65,100,2200,5800,200,1300,65,0,5,1,1500,5,1,100,10,0,50,150,10,200,65,209,0,0,10,7400,0,10,29900,20,0,0,0,0,10,10,209,22900,1348,7,120,200,0,0,0,0,0,0,0,0,0,0,0,0,0,0,0,18,4588400,45,18,8778,89,8833,0,0,1311,9,9,9,9,63,45,1320,1320,0,0,18,561600,8,3500,56,0,0,0,0,0,0,0,0,9,309200,1311,1311,1311,178900,557600,3680900,16400,4261900,0,0,0,0,0,0,0,0,0,0,0,0,0,0,0
yune,track-a-comparison,luna_pinyin,key_sequence_process_with_context,zybfshmsru,70,10,10,4816000,30,4783400,20,20,300,65,500,2300,6100,200,1700,65,0,5,1,1600,5,1,100,10,0,50,150,10,200,65,209,0,0,10,7400,0,10,30100,20,0,0,0,0,10,10,209,23400,1348,7,120,300,0,0,0,0,0,0,0,0,0,0,0,0,0,0,0,18,4657900,45,18,8778,89,8833,0,0,1311,9,9,9,9,63,45,1320,1320,0,0,18,570900,8,3700,56,0,0,0,0,0,0,0,0,9,308100,1311,1311,1311,177900,566800,3740200,16500,4332300,0,0,0,0,0,0,0,0,0,0,0,0,0,0,0
yune,track-a-comparison,luna_pinyin,key_sequence_process_with_context,zybfshmsru,71,10,10,4872900,30,4841000,20,20,700,65,200,2400,5900,400,1600,65,0,5,1,1500,5,1,100,10,0,50,150,10,200,65,209,0,0,10,7400,0,10,30000,20,0,0,0,0,10,10,209,22900,1348,7,120,200,0,0,0,0,0,0,0,0,0,0,0,0,0,0,0,18,4720300,45,18,8778,89,8833,0,0,1311,9,9,9,9,63,45,1320,1320,0,0,18,571700,8,3700,56,0,0,0,0,0,0,0,0,9,311900,1311,1311,1311,181600,567200,3800100,16100,4391200,0,0,0,0,0,0,0,0,0,0,0,0,0,0,0
yune,track-a-comparison,luna_pinyin,key_sequence_process_with_context,zybfshmsru,72,10,10,4748000,30,4716300,20,20,700,65,100,2400,6100,100,1300,65,0,5,1,1500,5,1,100,10,0,50,150,10,200,65,209,0,0,10,7300,0,10,29900,20,0,0,0,0,10,10,209,23100,1348,7,120,600,0,0,0,0,0,0,0,0,0,0,0,0,0,0,0,18,4595100,45,18,8778,89,8833,0,0,1311,9,9,9,9,63,45,1320,1320,0,0,18,565000,8,3600,56,0,0,0,0,0,0,0,0,9,311200,1311,1311,1311,180000,560600,3682400,15800,4266700,0,0,0,0,0,0,0,0,0,0,0,0,0,0,0
yune,track-a-comparison,luna_pinyin,key_sequence_process_with_context,zybfshmsru,73,10,10,4805900,30,4773800,20,20,400,65,200,2300,5900,100,1300,65,0,5,1,1600,5,1,100,10,0,50,150,10,200,65,209,0,0,10,7500,0,10,31400,20,0,0,0,0,10,10,209,23800,1348,7,120,300,0,0,0,0,0,0,0,0,0,0,0,0,0,0,0,18,4652900,45,18,8778,89,8833,0,0,1311,9,9,9,9,63,45,1320,1320,0,0,18,565300,8,3400,56,0,0,0,0,0,0,0,0,9,313900,1311,1311,1311,183200,561400,3736700,16400,4321800,0,0,0,0,0,0,0,0,0,0,0,0,0,0,0
yune,track-a-comparison,luna_pinyin,key_sequence_process_with_context,zybfshmsru,74,10,10,4602200,30,4570600,20,20,600,65,400,2300,6100,0,1400,65,0,5,1,1500,5,1,100,10,0,50,150,10,200,65,209,0,0,10,7200,0,10,31300,20,0,0,0,0,10,10,209,23400,1348,7,120,400,0,0,0,0,0,0,0,0,0,0,0,0,0,0,0,18,4448100,45,18,8778,89,8833,0,0,1311,9,9,9,9,63,45,1320,1320,0,0,18,564800,8,3400,56,0,0,0,0,0,0,0,0,9,310100,1311,1311,1311,178300,560300,3536500,16500,4120000,0,0,0,0,0,0,0,0,0,0,0,0,0,0,0
yune,track-a-comparison,luna_pinyin,key_sequence_process_with_context,zybfshmsru,75,10,10,4585200,30,4554100,20,20,500,65,200,2400,5900,300,1300,65,0,5,1,1400,5,1,100,10,0,50,150,10,200,65,209,0,0,10,7600,0,10,29500,20,0,0,0,0,10,10,209,24100,1348,7,120,200,0,0,0,0,0,0,0,0,0,0,0,0,0,0,0,18,4434400,45,18,8778,89,8833,0,0,1311,9,9,9,9,63,45,1320,1320,0,0,18,567700,8,3900,56,0,0,0,0,0,0,0,0,9,307100,1311,1311,1311,177300,563300,3522800,16100,4109900,0,0,0,0,0,0,0,0,0,0,0,0,0,0,0
yune,track-a-comparison,luna_pinyin,key_sequence_process_with_context,zybfshmsru,76,10,10,4608600,30,4577300,20,20,500,65,300,2300,6200,100,1500,65,0,5,1,1300,5,1,200,10,0,50,150,10,200,65,209,0,0,10,7400,0,10,29400,20,0,0,0,0,10,10,209,23400,1348,7,120,400,0,0,0,0,0,0,0,0,0,0,0,0,0,0,0,18,4458300,45,18,8778,89,8833,0,0,1311,9,9,9,9,63,45,1320,1320,0,0,18,591200,8,4100,56,0,0,0,0,0,0,0,0,9,309500,1311,1311,1311,181900,586400,3521500,15900,4130800,0,0,0,0,0,0,0,0,0,0,0,0,0,0,0
yune,track-a-comparison,luna_pinyin,key_sequence_process_with_context,zybfshmsru,77,10,10,4587300,30,4555800,20,20,700,65,100,2200,6000,0,1400,65,0,5,1,1400,5,1,100,10,0,50,150,10,200,65,209,0,0,10,7200,0,10,30300,20,0,0,0,0,10,10,209,23800,1348,7,120,200,0,0,0,0,0,0,0,0,0,0,0,0,0,0,0,18,4437100,45,18,8778,89,8833,0,0,1311,9,9,9,9,63,45,1320,1320,0,0,18,568900,8,3800,56,0,0,0,0,0,0,0,0,9,307400,1311,1311,1311,180100,564600,3518200,16000,4111800,0,0,0,0,0,0,0,0,0,0,0,0,0,0,0
yune,track-a-comparison,luna_pinyin,key_sequence_process_with_context,zybfshmsru,78,10,10,4605400,30,4569000,20,20,300,65,100,2400,6000,300,1500,65,0,5,1,1300,5,1,100,10,0,50,150,10,200,65,209,0,0,10,7300,0,10,29400,20,0,0,0,0,10,10,209,23600,1348,7,120,200,0,0,0,0,0,0,0,0,0,0,0,0,0,0,0,18,4450000,45,18,8778,89,8833,0,0,1311,9,9,9,9,63,45,1320,1320,0,0,18,570400,8,3600,56,0,0,0,0,0,0,0,0,9,307700,1311,1311,1311,176400,566100,3535900,16200,4125100,0,0,0,0,0,0,0,0,0,0,0,0,0,0,0
yune,track-a-comparison,luna_pinyin,key_sequence_process_with_context,zybfshmsru,79,10,10,4620100,30,4588700,20,20,500,65,200,2400,6100,400,1300,65,0,5,1,1400,5,1,100,10,0,50,150,10,200,65,209,0,0,10,7500,0,10,30000,20,0,0,0,0,10,10,209,23800,1348,7,120,200,0,0,0,0,0,0,0,0,0,0,0,0,0,0,0,18,4470100,45,18,8778,89,8833,0,0,1311,9,9,9,9,63,45,1320,1320,0,0,18,581500,8,4000,56,0,0,0,0,0,0,0,0,9,308400,1311,1311,1311,179800,577100,3543100,16100,4144000,0,0,0,0,0,0,0,0,0,0,0,0,0,0,0
