engine,track,schema_id,workload,input,sample_index,operation_count,total_us,us_per_operation,before_working_set_bytes,after_ready_working_set_bytes,after_finalize_working_set_bytes,peak_working_set_bytes,before_private_bytes,after_ready_private_bytes,after_finalize_private_bytes,private_bytes,pagefile_bytes,peak_pagefile_bytes
yune,track-a-comparison,luna_pinyin,startup_warm_shared_assets_runtime_ready,,0,1,2864504.700,2864504.700,4153344,173383680,173498368,186294272,696320,189210624,189210624,189210624,189210624,202891264
yune,track-a-comparison,luna_pinyin,startup_warm_shared_assets_runtime_ready,,1,1,22766.700,22766.700,173527040,173801472,173801472,186294272,189210624,188841984,188841984,188841984,188841984,202891264
yune,track-a-comparison,luna_pinyin,startup_warm_shared_assets_runtime_ready,,2,1,22299.700,22299.700,173801472,174571520,174571520,186294272,188841984,189636608,189636608,189636608,189636608,202891264
yune,track-a-comparison,luna_pinyin,startup_warm_shared_assets_runtime_ready,,3,1,22223.600,22223.600,174571520,174596096,174596096,186294272,189636608,189636608,189636608,189636608,189636608,202891264
yune,track-a-comparison,luna_pinyin,startup_warm_shared_assets_runtime_ready,,4,1,22173.100,22173.100,174596096,174596096,174596096,186294272,189636608,189636608,189636608,189636608,189636608,202891264
yune,track-a-comparison,luna_pinyin,startup_warm_shared_assets_runtime_ready,,5,1,22285.700,22285.700,174596096,174579712,174579712,186294272,189636608,189636608,189636608,189636608,189636608,202891264
yune,track-a-comparison,luna_pinyin,startup_warm_shared_assets_runtime_ready,,6,1,22089.000,22089.000,174579712,174592000,174592000,186294272,189636608,189636608,189636608,189636608,189636608,202891264
yune,track-a-comparison,luna_pinyin,startup_warm_shared_assets_runtime_ready,,7,1,22230.000,22230.000,174592000,174600192,174600192,186294272,189636608,189636608,189636608,189636608,189636608,202891264
yune,track-a-comparison,luna_pinyin,startup_warm_shared_assets_runtime_ready,,8,1,22469.900,22469.900,174600192,174600192,174600192,186294272,189636608,189636608,189636608,189636608,189636608,202891264
yune,track-a-comparison,luna_pinyin,session_create_select_destroy,,0,1,22749.800,22749.800,174600192,174604288,unavailable,186294272,189636608,189636608,unavailable,189636608,189636608,202891264
yune,track-a-comparison,luna_pinyin,session_create_select_destroy,,1,1,22401.400,22401.400,174604288,174616576,unavailable,186294272,189636608,189640704,unavailable,189640704,189640704,202891264
yune,track-a-comparison,luna_pinyin,session_create_select_destroy,,2,1,22316.800,22316.800,174616576,174612480,unavailable,186294272,189640704,189640704,unavailable,189640704,189640704,202891264
yune,track-a-comparison,luna_pinyin,session_create_select_destroy,,3,1,22427.700,22427.700,174612480,174608384,unavailable,186294272,189640704,189640704,unavailable,189640704,189640704,202891264
yune,track-a-comparison,luna_pinyin,session_create_select_destroy,,4,1,22449.000,22449.000,174608384,174665728,unavailable,186294272,189640704,189640704,unavailable,189640704,189640704,202891264
yune,track-a-comparison,luna_pinyin,session_create_select_destroy,,5,1,22411.300,22411.300,174665728,174661632,unavailable,186294272,189640704,189640704,unavailable,189640704,189640704,202891264
yune,track-a-comparison,luna_pinyin,session_create_select_destroy,,6,1,22343.900,22343.900,174661632,174678016,unavailable,186294272,189640704,189640704,unavailable,189640704,189640704,202891264
yune,track-a-comparison,luna_pinyin,session_create_select_destroy,,7,1,22343.800,22343.800,174678016,174682112,unavailable,186294272,189640704,189640704,unavailable,189640704,189640704,202891264
yune,track-a-comparison,luna_pinyin,session_create_select_destroy,,8,1,22261.800,22261.800,174682112,174678016,unavailable,186294272,189640704,189640704,unavailable,189640704,189640704,202891264
yune,track-a-comparison,luna_pinyin,session_create_select_destroy,,9,1,22359.200,22359.200,174678016,174690304,unavailable,186294272,189640704,189640704,unavailable,189640704,189640704,202891264
yune,track-a-comparison,luna_pinyin,session_create_select_destroy,,10,1,22549.000,22549.000,174690304,174694400,unavailable,186294272,189640704,189640704,unavailable,189640704,189640704,202891264
yune,track-a-comparison,luna_pinyin,session_create_select_destroy,,11,1,22292.900,22292.900,174694400,174694400,unavailable,186294272,189640704,189640704,unavailable,189640704,189640704,202891264
yune,track-a-comparison,luna_pinyin,session_create_select_destroy,,12,1,22398.500,22398.500,174694400,174690304,unavailable,186294272,189640704,189640704,unavailable,189640704,189640704,202891264
yune,track-a-comparison,luna_pinyin,session_create_select_destroy,,13,1,22348.200,22348.200,174690304,174698496,unavailable,186294272,189640704,189640704,unavailable,189640704,189640704,202891264
yune,track-a-comparison,luna_pinyin,session_create_select_destroy,,14,1,22406.000,22406.000,174698496,174706688,unavailable,186294272,189640704,189640704,unavailable,189640704,189640704,202891264
yune,track-a-comparison,luna_pinyin,session_create_select_destroy,,15,1,22332.100,22332.100,174706688,174706688,unavailable,186294272,189640704,189640704,unavailable,189640704,189640704,202891264
yune,track-a-comparison,luna_pinyin,session_create_select_destroy,,16,1,22327.100,22327.100,174706688,174710784,unavailable,186294272,189640704,189640704,unavailable,189640704,189640704,202891264
yune,track-a-comparison,luna_pinyin,session_create_select_destroy,,17,1,22584.200,22584.200,174710784,174714880,unavailable,186294272,189640704,189640704,unavailable,189640704,189640704,202891264
yune,track-a-comparison,luna_pinyin,session_create_select_destroy,,18,1,22832.300,22832.300,174714880,174710784,unavailable,186294272,189640704,189640704,unavailable,189640704,189640704,202891264
yune,track-a-comparison,luna_pinyin,session_create_select_destroy,,19,1,22858.400,22858.400,174710784,174710784,unavailable,186294272,189640704,189640704,unavailable,189640704,189640704,202891264
yune,track-a-comparison,luna_pinyin,session_create_select_destroy,,20,1,22651.300,22651.300,174710784,174710784,unavailable,186294272,189640704,189640704,unavailable,189640704,189640704,202891264
yune,track-a-comparison,luna_pinyin,session_create_select_destroy,,21,1,22608.200,22608.200,174710784,174702592,unavailable,186294272,189640704,189640704,unavailable,189640704,189640704,202891264
yune,track-a-comparison,luna_pinyin,session_create_select_destroy,,22,1,22532.500,22532.500,174710784,174694400,unavailable,186294272,189640704,189640704,unavailable,189640704,189640704,202891264
yune,track-a-comparison,luna_pinyin,session_create_select_destroy,,23,1,22705.100,22705.100,174694400,175460352,unavailable,186294272,189640704,190431232,unavailable,190431232,190431232,202891264
yune,track-a-comparison,luna_pinyin,session_create_select_destroy,,24,1,22945.300,22945.300,175460352,175472640,unavailable,186294272,190431232,190431232,unavailable,190431232,190431232,202891264
yune,track-a-comparison,luna_pinyin,session_create_select_destroy,,25,1,22610.000,22610.000,175472640,175476736,unavailable,186294272,190431232,190431232,unavailable,190431232,190431232,202891264
yune,track-a-comparison,luna_pinyin,session_create_select_destroy,,26,1,22559.000,22559.000,175476736,175493120,unavailable,186294272,190431232,190431232,unavailable,190431232,190431232,202891264
yune,track-a-comparison,luna_pinyin,session_create_select_destroy,,27,1,22722.000,22722.000,175493120,175497216,unavailable,186294272,190431232,190431232,unavailable,190431232,190431232,202891264
yune,track-a-comparison,luna_pinyin,session_create_select_destroy,,28,1,22820.600,22820.600,175497216,175476736,unavailable,186294272,190431232,190431232,unavailable,190431232,190431232,202891264
yune,track-a-comparison,luna_pinyin,session_create_select_destroy,,29,1,22815.400,22815.400,175476736,175456256,unavailable,186294272,190431232,190431232,unavailable,190431232,190431232,202891264
yune,track-a-comparison,luna_pinyin,session_create_select_destroy,,30,1,31920.800,31920.800,175456256,175480832,unavailable,186294272,190431232,190431232,unavailable,190431232,190431232,202891264
yune,track-a-comparison,luna_pinyin,session_create_select_destroy,,31,1,22865.100,22865.100,175480832,175525888,unavailable,186294272,190431232,190431232,unavailable,190431232,190431232,202891264
yune,track-a-comparison,luna_pinyin,session_create_select_destroy,,32,1,22691.400,22691.400,175525888,175529984,unavailable,186294272,190431232,190431232,unavailable,190431232,190431232,202891264
yune,track-a-comparison,luna_pinyin,session_create_select_destroy,,33,1,22662.500,22662.500,175529984,175542272,unavailable,186294272,190431232,190431232,unavailable,190431232,190431232,202891264
yune,track-a-comparison,luna_pinyin,session_create_select_destroy,,34,1,22634.800,22634.800,175542272,175538176,unavailable,186294272,190431232,190431232,unavailable,190431232,190431232,202891264
yune,track-a-comparison,luna_pinyin,session_create_select_destroy,,35,1,22614.600,22614.600,175538176,175579136,unavailable,186294272,190431232,190431232,unavailable,190431232,190431232,202891264
yune,track-a-comparison,luna_pinyin,session_create_select_destroy,,36,1,22591.000,22591.000,175579136,175579136,unavailable,186294272,190431232,190431232,unavailable,190431232,190431232,202891264
yune,track-a-comparison,luna_pinyin,session_create_select_destroy,,37,1,22432.400,22432.400,175579136,175575040,unavailable,186294272,190431232,190431232,unavailable,190431232,190431232,202891264
yune,track-a-comparison,luna_pinyin,session_create_select_destroy,,38,1,22416.800,22416.800,175579136,175570944,unavailable,186294272,190431232,190431232,unavailable,190431232,190431232,202891264
yune,track-a-comparison,luna_pinyin,session_create_select_destroy,,39,1,22381.700,22381.700,175570944,175587328,unavailable,186294272,190431232,190431232,unavailable,190431232,190431232,202891264
yune,track-a-comparison,luna_pinyin,session_create_select_destroy,,40,1,22236.100,22236.100,175587328,175579136,unavailable,186294272,190431232,190431232,unavailable,190431232,190431232,202891264
yune,track-a-comparison,luna_pinyin,session_create_select_destroy,,41,1,22395.000,22395.000,175579136,175575040,unavailable,186294272,190431232,190431232,unavailable,190431232,190431232,202891264
yune,track-a-comparison,luna_pinyin,session_create_select_destroy,,42,1,22298.700,22298.700,175575040,175591424,unavailable,186294272,190431232,190431232,unavailable,190431232,190431232,202891264
yune,track-a-comparison,luna_pinyin,session_create_select_destroy,,43,1,22575.800,22575.800,175591424,175579136,unavailable,186294272,190431232,190431232,unavailable,190431232,190431232,202891264
yune,track-a-comparison,luna_pinyin,session_create_select_destroy,,44,1,22895.600,22895.600,175579136,175591424,unavailable,186294272,190431232,190431232,unavailable,190431232,190431232,202891264
yune,track-a-comparison,luna_pinyin,session_create_select_destroy,,45,1,22532.600,22532.600,175591424,175616000,unavailable,186294272,190431232,190431232,unavailable,190431232,190431232,202891264
yune,track-a-comparison,luna_pinyin,session_create_select_destroy,,46,1,22461.800,22461.800,175616000,175603712,unavailable,186294272,190431232,190431232,unavailable,190431232,190431232,202891264
yune,track-a-comparison,luna_pinyin,session_create_select_destroy,,47,1,22348.300,22348.300,175603712,175611904,unavailable,186294272,190431232,190431232,unavailable,190431232,190431232,202891264
yune,track-a-comparison,luna_pinyin,session_create_select_destroy,,48,1,22350.500,22350.500,175611904,175620096,unavailable,186294272,190431232,190431232,unavailable,190431232,190431232,202891264
yune,track-a-comparison,luna_pinyin,session_create_select_destroy,,49,1,22444.300,22444.300,175620096,175616000,unavailable,186294272,190431232,190431232,unavailable,190431232,190431232,202891264
yune,track-a-comparison,luna_pinyin,session_create_select_destroy,,50,1,22467.600,22467.600,175616000,175611904,unavailable,186294272,190431232,190431232,unavailable,190431232,190431232,202891264
yune,track-a-comparison,luna_pinyin,session_create_select_destroy,,51,1,22478.600,22478.600,175611904,175599616,unavailable,186294272,190431232,190431232,unavailable,190431232,190431232,202891264
yune,track-a-comparison,luna_pinyin,session_create_select_destroy,,52,1,22430.600,22430.600,175599616,175595520,unavailable,186294272,190431232,190431232,unavailable,190431232,190431232,202891264
yune,track-a-comparison,luna_pinyin,session_create_select_destroy,,53,1,22460.400,22460.400,175595520,175607808,unavailable,186294272,190431232,190431232,unavailable,190431232,190431232,202891264
yune,track-a-comparison,luna_pinyin,session_create_select_destroy,,54,1,22650.400,22650.400,175607808,175603712,unavailable,186294272,190431232,190431232,unavailable,190431232,190431232,202891264
yune,track-a-comparison,luna_pinyin,session_create_select_destroy,,55,1,22856.200,22856.200,175603712,175599616,unavailable,186294272,190431232,190431232,unavailable,190431232,190431232,202891264
yune,track-a-comparison,luna_pinyin,session_create_select_destroy,,56,1,22807.500,22807.500,175599616,175599616,unavailable,186294272,190431232,190431232,unavailable,190431232,190431232,202891264
yune,track-a-comparison,luna_pinyin,session_create_select_destroy,,57,1,22981.500,22981.500,175599616,174944256,unavailable,186294272,190431232,189640704,unavailable,189640704,189640704,202891264
yune,track-a-comparison,luna_pinyin,session_create_select_destroy,,58,1,23050.000,23050.000,174944256,176328704,unavailable,186294272,189640704,191221760,unavailable,191221760,191221760,202891264
yune,track-a-comparison,luna_pinyin,session_create_select_destroy,,59,1,22974.500,22974.500,176328704,175063040,unavailable,186294272,191221760,189739008,unavailable,189739008,189739008,202891264
yune,track-a-comparison,luna_pinyin,key_sequence_process_with_context,n,0,1,62.800,62.800,176553984,176553984,unavailable,186294272,191324160,191324160,unavailable,191324160,191324160,202891264
yune,track-a-comparison,luna_pinyin,key_sequence_process_with_context,n,1,1,63.100,63.100,176553984,176553984,unavailable,186294272,191324160,191324160,unavailable,191324160,191324160,202891264
yune,track-a-comparison,luna_pinyin,key_sequence_process_with_context,n,2,1,60.200,60.200,176553984,176553984,unavailable,186294272,191324160,191324160,unavailable,191324160,191324160,202891264
yune,track-a-comparison,luna_pinyin,key_sequence_process_with_context,n,3,1,58.800,58.800,176553984,176553984,unavailable,186294272,191324160,191324160,unavailable,191324160,191324160,202891264
yune,track-a-comparison,luna_pinyin,key_sequence_process_with_context,n,4,1,58.300,58.300,176553984,176553984,unavailable,186294272,191324160,191324160,unavailable,191324160,191324160,202891264
yune,track-a-comparison,luna_pinyin,key_sequence_process_with_context,n,5,1,57.700,57.700,176553984,176553984,unavailable,186294272,191324160,191324160,unavailable,191324160,191324160,202891264
yune,track-a-comparison,luna_pinyin,key_sequence_process_with_context,n,6,1,58.300,58.300,176553984,176553984,unavailable,186294272,191324160,191324160,unavailable,191324160,191324160,202891264
yune,track-a-comparison,luna_pinyin,key_sequence_process_with_context,n,7,1,57.300,57.300,176553984,176553984,unavailable,186294272,191324160,191324160,unavailable,191324160,191324160,202891264
yune,track-a-comparison,luna_pinyin,key_sequence_process_with_context,n,8,1,57.500,57.500,176553984,176553984,unavailable,186294272,191324160,191324160,unavailable,191324160,191324160,202891264
yune,track-a-comparison,luna_pinyin,key_sequence_process_with_context,n,9,1,57.500,57.500,176553984,176553984,unavailable,186294272,191324160,191324160,unavailable,191324160,191324160,202891264
yune,track-a-comparison,luna_pinyin,key_sequence_process_with_context,n,10,1,57.200,57.200,176553984,176553984,unavailable,186294272,191324160,191324160,unavailable,191324160,191324160,202891264
yune,track-a-comparison,luna_pinyin,key_sequence_process_with_context,n,11,1,57.400,57.400,176553984,176553984,unavailable,186294272,191324160,191324160,unavailable,191324160,191324160,202891264
yune,track-a-comparison,luna_pinyin,key_sequence_process_with_context,n,12,1,61.500,61.500,176553984,176553984,unavailable,186294272,191324160,191324160,unavailable,191324160,191324160,202891264
yune,track-a-comparison,luna_pinyin,key_sequence_process_with_context,n,13,1,57.300,57.300,176553984,176553984,unavailable,186294272,191324160,191324160,unavailable,191324160,191324160,202891264
yune,track-a-comparison,luna_pinyin,key_sequence_process_with_context,n,14,1,57.300,57.300,176553984,176553984,unavailable,186294272,191324160,191324160,unavailable,191324160,191324160,202891264
yune,track-a-comparison,luna_pinyin,key_sequence_process_with_context,n,15,1,57.500,57.500,176553984,176553984,unavailable,186294272,191324160,191324160,unavailable,191324160,191324160,202891264
yune,track-a-comparison,luna_pinyin,key_sequence_process_with_context,n,16,1,57.400,57.400,176553984,176553984,unavailable,186294272,191324160,191324160,unavailable,191324160,191324160,202891264
yune,track-a-comparison,luna_pinyin,key_sequence_process_with_context,n,17,1,57.300,57.300,176553984,176553984,unavailable,186294272,191324160,191324160,unavailable,191324160,191324160,202891264
yune,track-a-comparison,luna_pinyin,key_sequence_process_with_context,n,18,1,57.400,57.400,176553984,176553984,unavailable,186294272,191324160,191324160,unavailable,191324160,191324160,202891264
yune,track-a-comparison,luna_pinyin,key_sequence_process_with_context,n,19,1,57.900,57.900,176553984,176553984,unavailable,186294272,191324160,191324160,unavailable,191324160,191324160,202891264
yune,track-a-comparison,luna_pinyin,key_sequence_process_with_context,n,20,1,58.300,58.300,176553984,176553984,unavailable,186294272,191324160,191324160,unavailable,191324160,191324160,202891264
yune,track-a-comparison,luna_pinyin,key_sequence_process_with_context,n,21,1,58.800,58.800,176553984,176553984,unavailable,186294272,191324160,191324160,unavailable,191324160,191324160,202891264
yune,track-a-comparison,luna_pinyin,key_sequence_process_with_context,n,22,1,59.700,59.700,176553984,176553984,unavailable,186294272,191324160,191324160,unavailable,191324160,191324160,202891264
yune,track-a-comparison,luna_pinyin,key_sequence_process_with_context,n,23,1,58.700,58.700,176553984,176553984,unavailable,186294272,191324160,191324160,unavailable,191324160,191324160,202891264
yune,track-a-comparison,luna_pinyin,key_sequence_process_with_context,n,24,1,58.500,58.500,176553984,176553984,unavailable,186294272,191324160,191324160,unavailable,191324160,191324160,202891264
yune,track-a-comparison,luna_pinyin,key_sequence_process_with_context,n,25,1,57.400,57.400,176553984,176553984,unavailable,186294272,191324160,191324160,unavailable,191324160,191324160,202891264
yune,track-a-comparison,luna_pinyin,key_sequence_process_with_context,n,26,1,57.700,57.700,176553984,176553984,unavailable,186294272,191324160,191324160,unavailable,191324160,191324160,202891264
yune,track-a-comparison,luna_pinyin,key_sequence_process_with_context,n,27,1,57.900,57.900,176553984,176553984,unavailable,186294272,191324160,191324160,unavailable,191324160,191324160,202891264
yune,track-a-comparison,luna_pinyin,key_sequence_process_with_context,n,28,1,58.000,58.000,176553984,176553984,unavailable,186294272,191324160,191324160,unavailable,191324160,191324160,202891264
yune,track-a-comparison,luna_pinyin,key_sequence_process_with_context,n,29,1,57.600,57.600,176553984,176553984,unavailable,186294272,191324160,191324160,unavailable,191324160,191324160,202891264
yune,track-a-comparison,luna_pinyin,key_sequence_process_with_context,n,30,1,57.800,57.800,176553984,176553984,unavailable,186294272,191324160,191324160,unavailable,191324160,191324160,202891264
yune,track-a-comparison,luna_pinyin,key_sequence_process_with_context,n,31,1,57.700,57.700,176553984,176553984,unavailable,186294272,191324160,191324160,unavailable,191324160,191324160,202891264
yune,track-a-comparison,luna_pinyin,key_sequence_process_with_context,n,32,1,57.500,57.500,176553984,176553984,unavailable,186294272,191324160,191324160,unavailable,191324160,191324160,202891264
yune,track-a-comparison,luna_pinyin,key_sequence_process_with_context,n,33,1,57.500,57.500,176553984,176553984,unavailable,186294272,191324160,191324160,unavailable,191324160,191324160,202891264
yune,track-a-comparison,luna_pinyin,key_sequence_process_with_context,n,34,1,57.800,57.800,176553984,176553984,unavailable,186294272,191324160,191324160,unavailable,191324160,191324160,202891264
yune,track-a-comparison,luna_pinyin,key_sequence_process_with_context,n,35,1,59.300,59.300,176553984,176553984,unavailable,186294272,191324160,191324160,unavailable,191324160,191324160,202891264
yune,track-a-comparison,luna_pinyin,key_sequence_process_with_context,n,36,1,59.000,59.000,176553984,176553984,unavailable,186294272,191324160,191324160,unavailable,191324160,191324160,202891264
yune,track-a-comparison,luna_pinyin,key_sequence_process_with_context,n,37,1,59.200,59.200,176553984,176553984,unavailable,186294272,191324160,191324160,unavailable,191324160,191324160,202891264
yune,track-a-comparison,luna_pinyin,key_sequence_process_with_context,n,38,1,58.700,58.700,176553984,176553984,unavailable,186294272,191324160,191324160,unavailable,191324160,191324160,202891264
yune,track-a-comparison,luna_pinyin,key_sequence_process_with_context,n,39,1,57.700,57.700,176553984,176553984,unavailable,186294272,191324160,191324160,unavailable,191324160,191324160,202891264
yune,track-a-comparison,luna_pinyin,key_sequence_process_with_context,n,40,1,57.900,57.900,176553984,176553984,unavailable,186294272,191324160,191324160,unavailable,191324160,191324160,202891264
yune,track-a-comparison,luna_pinyin,key_sequence_process_with_context,n,41,1,57.600,57.600,176553984,176553984,unavailable,186294272,191324160,191324160,unavailable,191324160,191324160,202891264
yune,track-a-comparison,luna_pinyin,key_sequence_process_with_context,n,42,1,57.700,57.700,176553984,176553984,unavailable,186294272,191324160,191324160,unavailable,191324160,191324160,202891264
yune,track-a-comparison,luna_pinyin,key_sequence_process_with_context,n,43,1,57.900,57.900,176553984,176553984,unavailable,186294272,191324160,191324160,unavailable,191324160,191324160,202891264
yune,track-a-comparison,luna_pinyin,key_sequence_process_with_context,n,44,1,57.800,57.800,176553984,176553984,unavailable,186294272,191324160,191324160,unavailable,191324160,191324160,202891264
yune,track-a-comparison,luna_pinyin,key_sequence_process_with_context,n,45,1,57.900,57.900,176553984,176553984,unavailable,186294272,191324160,191324160,unavailable,191324160,191324160,202891264
yune,track-a-comparison,luna_pinyin,key_sequence_process_with_context,n,46,1,58.200,58.200,176553984,176553984,unavailable,186294272,191324160,191324160,unavailable,191324160,191324160,202891264
yune,track-a-comparison,luna_pinyin,key_sequence_process_with_context,n,47,1,59.100,59.100,176553984,176553984,unavailable,186294272,191324160,191324160,unavailable,191324160,191324160,202891264
yune,track-a-comparison,luna_pinyin,key_sequence_process_with_context,n,48,1,59.100,59.100,176553984,176553984,unavailable,186294272,191324160,191324160,unavailable,191324160,191324160,202891264
yune,track-a-comparison,luna_pinyin,key_sequence_process_with_context,n,49,1,58.900,58.900,176553984,176553984,unavailable,186294272,191324160,191324160,unavailable,191324160,191324160,202891264
yune,track-a-comparison,luna_pinyin,key_sequence_process_with_context,n,50,1,59.400,59.400,176553984,176553984,unavailable,186294272,191324160,191324160,unavailable,191324160,191324160,202891264
yune,track-a-comparison,luna_pinyin,key_sequence_process_with_context,n,51,1,60.900,60.900,176553984,176553984,unavailable,186294272,191324160,191324160,unavailable,191324160,191324160,202891264
yune,track-a-comparison,luna_pinyin,key_sequence_process_with_context,n,52,1,58.100,58.100,176553984,176590848,unavailable,186294272,191324160,191324160,unavailable,191324160,191324160,202891264
yune,track-a-comparison,luna_pinyin,key_sequence_process_with_context,n,53,1,58.800,58.800,176590848,176590848,unavailable,186294272,191324160,191324160,unavailable,191324160,191324160,202891264
yune,track-a-comparison,luna_pinyin,key_sequence_process_with_context,n,54,1,58.000,58.000,176590848,176590848,unavailable,186294272,191324160,191324160,unavailable,191324160,191324160,202891264
yune,track-a-comparison,luna_pinyin,key_sequence_process_with_context,n,55,1,57.900,57.900,176590848,176590848,unavailable,186294272,191324160,191324160,unavailable,191324160,191324160,202891264
yune,track-a-comparison,luna_pinyin,key_sequence_process_with_context,n,56,1,57.500,57.500,176590848,176590848,unavailable,186294272,191324160,191324160,unavailable,191324160,191324160,202891264
yune,track-a-comparison,luna_pinyin,key_sequence_process_with_context,n,57,1,57.600,57.600,176590848,176590848,unavailable,186294272,191324160,191324160,unavailable,191324160,191324160,202891264
yune,track-a-comparison,luna_pinyin,key_sequence_process_with_context,n,58,1,57.600,57.600,176590848,176590848,unavailable,186294272,191324160,191324160,unavailable,191324160,191324160,202891264
yune,track-a-comparison,luna_pinyin,key_sequence_process_with_context,n,59,1,62.400,62.400,176590848,176590848,unavailable,186294272,191324160,191324160,unavailable,191324160,191324160,202891264
yune,track-a-comparison,luna_pinyin,key_sequence_process_with_context,n,60,1,59.500,59.500,176590848,176590848,unavailable,186294272,191324160,191324160,unavailable,191324160,191324160,202891264
yune,track-a-comparison,luna_pinyin,key_sequence_process_with_context,n,61,1,59.200,59.200,176590848,176590848,unavailable,186294272,191324160,191324160,unavailable,191324160,191324160,202891264
yune,track-a-comparison,luna_pinyin,key_sequence_process_with_context,n,62,1,61.100,61.100,176590848,176586752,unavailable,186294272,191324160,191324160,unavailable,191324160,191324160,202891264
yune,track-a-comparison,luna_pinyin,key_sequence_process_with_context,n,63,1,57.500,57.500,176586752,176586752,unavailable,186294272,191324160,191324160,unavailable,191324160,191324160,202891264
yune,track-a-comparison,luna_pinyin,key_sequence_process_with_context,n,64,1,57.400,57.400,176586752,176586752,unavailable,186294272,191324160,191324160,unavailable,191324160,191324160,202891264
yune,track-a-comparison,luna_pinyin,key_sequence_process_with_context,n,65,1,57.800,57.800,176586752,176586752,unavailable,186294272,191324160,191324160,unavailable,191324160,191324160,202891264
yune,track-a-comparison,luna_pinyin,key_sequence_process_with_context,n,66,1,57.500,57.500,176586752,176586752,unavailable,186294272,191324160,191324160,unavailable,191324160,191324160,202891264
yune,track-a-comparison,luna_pinyin,key_sequence_process_with_context,n,67,1,57.500,57.500,176586752,176586752,unavailable,186294272,191324160,191324160,unavailable,191324160,191324160,202891264
yune,track-a-comparison,luna_pinyin,key_sequence_process_with_context,n,68,1,58.700,58.700,176586752,176586752,unavailable,186294272,191324160,191324160,unavailable,191324160,191324160,202891264
yune,track-a-comparison,luna_pinyin,key_sequence_process_with_context,n,69,1,57.800,57.800,176586752,176586752,unavailable,186294272,191324160,191324160,unavailable,191324160,191324160,202891264
yune,track-a-comparison,luna_pinyin,key_sequence_process_with_context,n,70,1,57.500,57.500,176586752,176586752,unavailable,186294272,191324160,191324160,unavailable,191324160,191324160,202891264
yune,track-a-comparison,luna_pinyin,key_sequence_process_with_context,n,71,1,59.100,59.100,176586752,176586752,unavailable,186294272,191324160,191324160,unavailable,191324160,191324160,202891264
yune,track-a-comparison,luna_pinyin,key_sequence_process_with_context,n,72,1,57.300,57.300,176586752,176586752,unavailable,186294272,191324160,191324160,unavailable,191324160,191324160,202891264
yune,track-a-comparison,luna_pinyin,key_sequence_process_with_context,n,73,1,61.500,61.500,176586752,176586752,unavailable,186294272,191324160,191324160,unavailable,191324160,191324160,202891264
yune,track-a-comparison,luna_pinyin,key_sequence_process_with_context,n,74,1,57.500,57.500,176586752,176586752,unavailable,186294272,191324160,191324160,unavailable,191324160,191324160,202891264
yune,track-a-comparison,luna_pinyin,key_sequence_process_with_context,n,75,1,57.900,57.900,176586752,176586752,unavailable,186294272,191324160,191324160,unavailable,191324160,191324160,202891264
yune,track-a-comparison,luna_pinyin,key_sequence_process_with_context,n,76,1,57.500,57.500,176586752,176586752,unavailable,186294272,191324160,191324160,unavailable,191324160,191324160,202891264
yune,track-a-comparison,luna_pinyin,key_sequence_process_with_context,n,77,1,57.400,57.400,176586752,176586752,unavailable,186294272,191324160,191324160,unavailable,191324160,191324160,202891264
yune,track-a-comparison,luna_pinyin,key_sequence_process_with_context,n,78,1,57.500,57.500,176586752,176586752,unavailable,186294272,191324160,191324160,unavailable,191324160,191324160,202891264
yune,track-a-comparison,luna_pinyin,key_sequence_process_with_context,n,79,1,57.600,57.600,176586752,176586752,unavailable,186294272,191324160,191324160,unavailable,191324160,191324160,202891264
yune,track-a-comparison,luna_pinyin,key_sequence_process_with_context,ni,0,2,88.300,44.150,176762880,176762880,unavailable,186294272,191324160,191324160,unavailable,191324160,191324160,202891264
yune,track-a-comparison,luna_pinyin,key_sequence_process_with_context,ni,1,2,93.000,46.500,176762880,176762880,unavailable,186294272,191324160,191324160,unavailable,191324160,191324160,202891264
yune,track-a-comparison,luna_pinyin,key_sequence_process_with_context,ni,2,2,92.900,46.450,176762880,176762880,unavailable,186294272,191324160,191324160,unavailable,191324160,191324160,202891264
yune,track-a-comparison,luna_pinyin,key_sequence_process_with_context,ni,3,2,91.300,45.650,176762880,176762880,unavailable,186294272,191324160,191324160,unavailable,191324160,191324160,202891264
yune,track-a-comparison,luna_pinyin,key_sequence_process_with_context,ni,4,2,91.800,45.900,176762880,176762880,unavailable,186294272,191324160,191324160,unavailable,191324160,191324160,202891264
yune,track-a-comparison,luna_pinyin,key_sequence_process_with_context,ni,5,2,89.700,44.850,176762880,176762880,unavailable,186294272,191324160,191324160,unavailable,191324160,191324160,202891264
yune,track-a-comparison,luna_pinyin,key_sequence_process_with_context,ni,6,2,87.900,43.950,176762880,176762880,unavailable,186294272,191324160,191324160,unavailable,191324160,191324160,202891264
yune,track-a-comparison,luna_pinyin,key_sequence_process_with_context,ni,7,2,86.200,43.100,176762880,176762880,unavailable,186294272,191324160,191324160,unavailable,191324160,191324160,202891264
yune,track-a-comparison,luna_pinyin,key_sequence_process_with_context,ni,8,2,87.000,43.500,176762880,176762880,unavailable,186294272,191324160,191324160,unavailable,191324160,191324160,202891264
yune,track-a-comparison,luna_pinyin,key_sequence_process_with_context,ni,9,2,86.400,43.200,176762880,176762880,unavailable,186294272,191324160,191324160,unavailable,191324160,191324160,202891264
yune,track-a-comparison,luna_pinyin,key_sequence_process_with_context,ni,10,2,86.900,43.450,176762880,176762880,unavailable,186294272,191324160,191324160,unavailable,191324160,191324160,202891264
yune,track-a-comparison,luna_pinyin,key_sequence_process_with_context,ni,11,2,86.900,43.450,176762880,176762880,unavailable,186294272,191324160,191324160,unavailable,191324160,191324160,202891264
yune,track-a-comparison,luna_pinyin,key_sequence_process_with_context,ni,12,2,86.100,43.050,176762880,176762880,unavailable,186294272,191324160,191324160,unavailable,191324160,191324160,202891264
yune,track-a-comparison,luna_pinyin,key_sequence_process_with_context,ni,13,2,86.800,43.400,176762880,176762880,unavailable,186294272,191324160,191324160,unavailable,191324160,191324160,202891264
yune,track-a-comparison,luna_pinyin,key_sequence_process_with_context,ni,14,2,86.900,43.450,176762880,176762880,unavailable,186294272,191324160,191324160,unavailable,191324160,191324160,202891264
yune,track-a-comparison,luna_pinyin,key_sequence_process_with_context,ni,15,2,88.400,44.200,176762880,176762880,unavailable,186294272,191324160,191324160,unavailable,191324160,191324160,202891264
yune,track-a-comparison,luna_pinyin,key_sequence_process_with_context,ni,16,2,87.300,43.650,176762880,176762880,unavailable,186294272,191324160,191324160,unavailable,191324160,191324160,202891264
yune,track-a-comparison,luna_pinyin,key_sequence_process_with_context,ni,17,2,87.000,43.500,176762880,176762880,unavailable,186294272,191324160,191324160,unavailable,191324160,191324160,202891264
yune,track-a-comparison,luna_pinyin,key_sequence_process_with_context,ni,18,2,87.800,43.900,176762880,176762880,unavailable,186294272,191324160,191324160,unavailable,191324160,191324160,202891264
yune,track-a-comparison,luna_pinyin,key_sequence_process_with_context,ni,19,2,87.400,43.700,176762880,176762880,unavailable,186294272,191324160,191324160,unavailable,191324160,191324160,202891264
yune,track-a-comparison,luna_pinyin,key_sequence_process_with_context,ni,20,2,87.300,43.650,176762880,176762880,unavailable,186294272,191324160,191324160,unavailable,191324160,191324160,202891264
yune,track-a-comparison,luna_pinyin,key_sequence_process_with_context,ni,21,2,87.800,43.900,176762880,176762880,unavailable,186294272,191324160,191324160,unavailable,191324160,191324160,202891264
yune,track-a-comparison,luna_pinyin,key_sequence_process_with_context,ni,22,2,87.100,43.550,176762880,176762880,unavailable,186294272,191324160,191324160,unavailable,191324160,191324160,202891264
yune,track-a-comparison,luna_pinyin,key_sequence_process_with_context,ni,23,2,87.200,43.600,176762880,176762880,unavailable,186294272,191324160,191324160,unavailable,191324160,191324160,202891264
yune,track-a-comparison,luna_pinyin,key_sequence_process_with_context,ni,24,2,87.000,43.500,176762880,176762880,unavailable,186294272,191324160,191324160,unavailable,191324160,191324160,202891264
yune,track-a-comparison,luna_pinyin,key_sequence_process_with_context,ni,25,2,87.000,43.500,176762880,176762880,unavailable,186294272,191324160,191324160,unavailable,191324160,191324160,202891264
yune,track-a-comparison,luna_pinyin,key_sequence_process_with_context,ni,26,2,87.200,43.600,176762880,176762880,unavailable,186294272,191324160,191324160,unavailable,191324160,191324160,202891264
yune,track-a-comparison,luna_pinyin,key_sequence_process_with_context,ni,27,2,88.300,44.150,176762880,176762880,unavailable,186294272,191324160,191324160,unavailable,191324160,191324160,202891264
yune,track-a-comparison,luna_pinyin,key_sequence_process_with_context,ni,28,2,88.800,44.400,176762880,176762880,unavailable,186294272,191324160,191324160,unavailable,191324160,191324160,202891264
yune,track-a-comparison,luna_pinyin,key_sequence_process_with_context,ni,29,2,87.800,43.900,176762880,176762880,unavailable,186294272,191324160,191324160,unavailable,191324160,191324160,202891264
yune,track-a-comparison,luna_pinyin,key_sequence_process_with_context,ni,30,2,87.900,43.950,176762880,176762880,unavailable,186294272,191324160,191324160,unavailable,191324160,191324160,202891264
yune,track-a-comparison,luna_pinyin,key_sequence_process_with_context,ni,31,2,86.800,43.400,176762880,176762880,unavailable,186294272,191324160,191324160,unavailable,191324160,191324160,202891264
yune,track-a-comparison,luna_pinyin,key_sequence_process_with_context,ni,32,2,88.000,44.000,176762880,176762880,unavailable,186294272,191324160,191324160,unavailable,191324160,191324160,202891264
yune,track-a-comparison,luna_pinyin,key_sequence_process_with_context,ni,33,2,86.700,43.350,176762880,176762880,unavailable,186294272,191324160,191324160,unavailable,191324160,191324160,202891264
yune,track-a-comparison,luna_pinyin,key_sequence_process_with_context,ni,34,2,86.900,43.450,176762880,176762880,unavailable,186294272,191324160,191324160,unavailable,191324160,191324160,202891264
yune,track-a-comparison,luna_pinyin,key_sequence_process_with_context,ni,35,2,86.800,43.400,176762880,176762880,unavailable,186294272,191324160,191324160,unavailable,191324160,191324160,202891264
yune,track-a-comparison,luna_pinyin,key_sequence_process_with_context,ni,36,2,87.100,43.550,176762880,176762880,unavailable,186294272,191324160,191324160,unavailable,191324160,191324160,202891264
yune,track-a-comparison,luna_pinyin,key_sequence_process_with_context,ni,37,2,86.800,43.400,176762880,176762880,unavailable,186294272,191324160,191324160,unavailable,191324160,191324160,202891264
yune,track-a-comparison,luna_pinyin,key_sequence_process_with_context,ni,38,2,86.800,43.400,176762880,176762880,unavailable,186294272,191324160,191324160,unavailable,191324160,191324160,202891264
yune,track-a-comparison,luna_pinyin,key_sequence_process_with_context,ni,39,2,86.600,43.300,176762880,176762880,unavailable,186294272,191324160,191324160,unavailable,191324160,191324160,202891264
yune,track-a-comparison,luna_pinyin,key_sequence_process_with_context,ni,40,2,87.600,43.800,176762880,176762880,unavailable,186294272,191324160,191324160,unavailable,191324160,191324160,202891264
yune,track-a-comparison,luna_pinyin,key_sequence_process_with_context,ni,41,2,88.100,44.050,176762880,176762880,unavailable,186294272,191324160,191324160,unavailable,191324160,191324160,202891264
yune,track-a-comparison,luna_pinyin,key_sequence_process_with_context,ni,42,2,88.400,44.200,176762880,176762880,unavailable,186294272,191324160,191324160,unavailable,191324160,191324160,202891264
yune,track-a-comparison,luna_pinyin,key_sequence_process_with_context,ni,43,2,87.900,43.950,176762880,176762880,unavailable,186294272,191324160,191324160,unavailable,191324160,191324160,202891264
yune,track-a-comparison,luna_pinyin,key_sequence_process_with_context,ni,44,2,86.800,43.400,176762880,176762880,unavailable,186294272,191324160,191324160,unavailable,191324160,191324160,202891264
yune,track-a-comparison,luna_pinyin,key_sequence_process_with_context,ni,45,2,86.900,43.450,176762880,176762880,unavailable,186294272,191324160,191324160,unavailable,191324160,191324160,202891264
yune,track-a-comparison,luna_pinyin,key_sequence_process_with_context,ni,46,2,87.100,43.550,176762880,176762880,unavailable,186294272,191324160,191324160,unavailable,191324160,191324160,202891264
yune,track-a-comparison,luna_pinyin,key_sequence_process_with_context,ni,47,2,86.600,43.300,176762880,176762880,unavailable,186294272,191324160,191324160,unavailable,191324160,191324160,202891264
yune,track-a-comparison,luna_pinyin,key_sequence_process_with_context,ni,48,2,88.300,44.150,176762880,176762880,unavailable,186294272,191324160,191324160,unavailable,191324160,191324160,202891264
yune,track-a-comparison,luna_pinyin,key_sequence_process_with_context,ni,49,2,87.300,43.650,176762880,176762880,unavailable,186294272,191324160,191324160,unavailable,191324160,191324160,202891264
yune,track-a-comparison,luna_pinyin,key_sequence_process_with_context,ni,50,2,87.300,43.650,176762880,176762880,unavailable,186294272,191324160,191324160,unavailable,191324160,191324160,202891264
yune,track-a-comparison,luna_pinyin,key_sequence_process_with_context,ni,51,2,88.000,44.000,176762880,176762880,unavailable,186294272,191324160,191324160,unavailable,191324160,191324160,202891264
yune,track-a-comparison,luna_pinyin,key_sequence_process_with_context,ni,52,2,87.600,43.800,176762880,176762880,unavailable,186294272,191324160,191324160,unavailable,191324160,191324160,202891264
yune,track-a-comparison,luna_pinyin,key_sequence_process_with_context,ni,53,2,89.100,44.550,176762880,176762880,unavailable,186294272,191324160,191324160,unavailable,191324160,191324160,202891264
yune,track-a-comparison,luna_pinyin,key_sequence_process_with_context,ni,54,2,89.500,44.750,176762880,176762880,unavailable,186294272,191324160,191324160,unavailable,191324160,191324160,202891264
yune,track-a-comparison,luna_pinyin,key_sequence_process_with_context,ni,55,2,88.400,44.200,176762880,176762880,unavailable,186294272,191324160,191324160,unavailable,191324160,191324160,202891264
yune,track-a-comparison,luna_pinyin,key_sequence_process_with_context,ni,56,2,90.100,45.050,176762880,176762880,unavailable,186294272,191324160,191324160,unavailable,191324160,191324160,202891264
yune,track-a-comparison,luna_pinyin,key_sequence_process_with_context,ni,57,2,86.500,43.250,176762880,176762880,unavailable,186294272,191324160,191324160,unavailable,191324160,191324160,202891264
yune,track-a-comparison,luna_pinyin,key_sequence_process_with_context,ni,58,2,86.600,43.300,176762880,176758784,unavailable,186294272,191324160,191324160,unavailable,191324160,191324160,202891264
yune,track-a-comparison,luna_pinyin,key_sequence_process_with_context,ni,59,2,86.800,43.400,176758784,176758784,unavailable,186294272,191324160,191324160,unavailable,191324160,191324160,202891264
yune,track-a-comparison,luna_pinyin,key_sequence_process_with_context,ni,60,2,87.000,43.500,176758784,176758784,unavailable,186294272,191324160,191324160,unavailable,191324160,191324160,202891264
yune,track-a-comparison,luna_pinyin,key_sequence_process_with_context,ni,61,2,86.400,43.200,176758784,176758784,unavailable,186294272,191324160,191324160,unavailable,191324160,191324160,202891264
yune,track-a-comparison,luna_pinyin,key_sequence_process_with_context,ni,62,2,87.100,43.550,176758784,176758784,unavailable,186294272,191324160,191324160,unavailable,191324160,191324160,202891264
yune,track-a-comparison,luna_pinyin,key_sequence_process_with_context,ni,63,2,87.300,43.650,176758784,176758784,unavailable,186294272,191324160,191324160,unavailable,191324160,191324160,202891264
yune,track-a-comparison,luna_pinyin,key_sequence_process_with_context,ni,64,2,88.000,44.000,176758784,176758784,unavailable,186294272,191324160,191324160,unavailable,191324160,191324160,202891264
yune,track-a-comparison,luna_pinyin,key_sequence_process_with_context,ni,65,2,87.500,43.750,176758784,176758784,unavailable,186294272,191324160,191324160,unavailable,191324160,191324160,202891264
yune,track-a-comparison,luna_pinyin,key_sequence_process_with_context,ni,66,2,88.900,44.450,176758784,176758784,unavailable,186294272,191324160,191324160,unavailable,191324160,191324160,202891264
yune,track-a-comparison,luna_pinyin,key_sequence_process_with_context,ni,67,2,88.600,44.300,176758784,176758784,unavailable,186294272,191324160,191324160,unavailable,191324160,191324160,202891264
yune,track-a-comparison,luna_pinyin,key_sequence_process_with_context,ni,68,2,88.000,44.000,176758784,176758784,unavailable,186294272,191324160,191324160,unavailable,191324160,191324160,202891264
yune,track-a-comparison,luna_pinyin,key_sequence_process_with_context,ni,69,2,86.700,43.350,176758784,176758784,unavailable,186294272,191324160,191324160,unavailable,191324160,191324160,202891264
yune,track-a-comparison,luna_pinyin,key_sequence_process_with_context,ni,70,2,87.000,43.500,176758784,176758784,unavailable,186294272,191324160,191324160,unavailable,191324160,191324160,202891264
yune,track-a-comparison,luna_pinyin,key_sequence_process_with_context,ni,71,2,86.900,43.450,176758784,176758784,unavailable,186294272,191324160,191324160,unavailable,191324160,191324160,202891264
yune,track-a-comparison,luna_pinyin,key_sequence_process_with_context,ni,72,2,86.600,43.300,176758784,176758784,unavailable,186294272,191324160,191324160,unavailable,191324160,191324160,202891264
yune,track-a-comparison,luna_pinyin,key_sequence_process_with_context,ni,73,2,87.100,43.550,176758784,176758784,unavailable,186294272,191324160,191324160,unavailable,191324160,191324160,202891264
yune,track-a-comparison,luna_pinyin,key_sequence_process_with_context,ni,74,2,86.900,43.450,176758784,176758784,unavailable,186294272,191324160,191324160,unavailable,191324160,191324160,202891264
yune,track-a-comparison,luna_pinyin,key_sequence_process_with_context,ni,75,2,87.100,43.550,176758784,176758784,unavailable,186294272,191324160,191324160,unavailable,191324160,191324160,202891264
yune,track-a-comparison,luna_pinyin,key_sequence_process_with_context,ni,76,2,86.800,43.400,176758784,176758784,unavailable,186294272,191324160,191324160,unavailable,191324160,191324160,202891264
yune,track-a-comparison,luna_pinyin,key_sequence_process_with_context,ni,77,2,87.400,43.700,176758784,176758784,unavailable,186294272,191324160,191324160,unavailable,191324160,191324160,202891264
yune,track-a-comparison,luna_pinyin,key_sequence_process_with_context,ni,78,2,88.400,44.200,176758784,176758784,unavailable,186294272,191324160,191324160,unavailable,191324160,191324160,202891264
yune,track-a-comparison,luna_pinyin,key_sequence_process_with_context,ni,79,2,89.500,44.750,176758784,176758784,unavailable,186294272,191324160,191324160,unavailable,191324160,191324160,202891264
yune,track-a-comparison,luna_pinyin,key_sequence_process_with_context,hao,0,3,77.800,25.933,177496064,177496064,unavailable,186294272,192069632,192069632,unavailable,192069632,192069632,202891264
yune,track-a-comparison,luna_pinyin,key_sequence_process_with_context,hao,1,3,80.000,26.667,177496064,177496064,unavailable,186294272,192069632,192069632,unavailable,192069632,192069632,202891264
yune,track-a-comparison,luna_pinyin,key_sequence_process_with_context,hao,2,3,77.100,25.700,177496064,177496064,unavailable,186294272,192069632,192069632,unavailable,192069632,192069632,202891264
yune,track-a-comparison,luna_pinyin,key_sequence_process_with_context,hao,3,3,76.600,25.533,177496064,177496064,unavailable,186294272,192069632,192069632,unavailable,192069632,192069632,202891264
yune,track-a-comparison,luna_pinyin,key_sequence_process_with_context,hao,4,3,76.000,25.333,177496064,177496064,unavailable,186294272,192069632,192069632,unavailable,192069632,192069632,202891264
yune,track-a-comparison,luna_pinyin,key_sequence_process_with_context,hao,5,3,75.800,25.267,177496064,177496064,unavailable,186294272,192069632,192069632,unavailable,192069632,192069632,202891264
yune,track-a-comparison,luna_pinyin,key_sequence_process_with_context,hao,6,3,75.700,25.233,177496064,177496064,unavailable,186294272,192069632,192069632,unavailable,192069632,192069632,202891264
yune,track-a-comparison,luna_pinyin,key_sequence_process_with_context,hao,7,3,75.800,25.267,177496064,177496064,unavailable,186294272,192069632,192069632,unavailable,192069632,192069632,202891264
yune,track-a-comparison,luna_pinyin,key_sequence_process_with_context,hao,8,3,79.600,26.533,177496064,177496064,unavailable,186294272,192069632,192069632,unavailable,192069632,192069632,202891264
yune,track-a-comparison,luna_pinyin,key_sequence_process_with_context,hao,9,3,75.700,25.233,177496064,177496064,unavailable,186294272,192069632,192069632,unavailable,192069632,192069632,202891264
yune,track-a-comparison,luna_pinyin,key_sequence_process_with_context,hao,10,3,75.900,25.300,177496064,177496064,unavailable,186294272,192069632,192069632,unavailable,192069632,192069632,202891264
yune,track-a-comparison,luna_pinyin,key_sequence_process_with_context,hao,11,3,75.300,25.100,177496064,177496064,unavailable,186294272,192069632,192069632,unavailable,192069632,192069632,202891264
yune,track-a-comparison,luna_pinyin,key_sequence_process_with_context,hao,12,3,76.900,25.633,177496064,177496064,unavailable,186294272,192069632,192069632,unavailable,192069632,192069632,202891264
yune,track-a-comparison,luna_pinyin,key_sequence_process_with_context,hao,13,3,76.000,25.333,177496064,177496064,unavailable,186294272,192069632,192069632,unavailable,192069632,192069632,202891264
yune,track-a-comparison,luna_pinyin,key_sequence_process_with_context,hao,14,3,75.500,25.167,177496064,177496064,unavailable,186294272,192069632,192069632,unavailable,192069632,192069632,202891264
yune,track-a-comparison,luna_pinyin,key_sequence_process_with_context,hao,15,3,75.500,25.167,177496064,177496064,unavailable,186294272,192069632,192069632,unavailable,192069632,192069632,202891264
yune,track-a-comparison,luna_pinyin,key_sequence_process_with_context,hao,16,3,75.500,25.167,177496064,177496064,unavailable,186294272,192069632,192069632,unavailable,192069632,192069632,202891264
yune,track-a-comparison,luna_pinyin,key_sequence_process_with_context,hao,17,3,75.600,25.200,177496064,177496064,unavailable,186294272,192069632,192069632,unavailable,192069632,192069632,202891264
yune,track-a-comparison,luna_pinyin,key_sequence_process_with_context,hao,18,3,75.200,25.067,177496064,177496064,unavailable,186294272,192069632,192069632,unavailable,192069632,192069632,202891264
yune,track-a-comparison,luna_pinyin,key_sequence_process_with_context,hao,19,3,75.100,25.033,177496064,177496064,unavailable,186294272,192069632,192069632,unavailable,192069632,192069632,202891264
yune,track-a-comparison,luna_pinyin,key_sequence_process_with_context,hao,20,3,75.700,25.233,177496064,177496064,unavailable,186294272,192069632,192069632,unavailable,192069632,192069632,202891264
yune,track-a-comparison,luna_pinyin,key_sequence_process_with_context,hao,21,3,76.900,25.633,177496064,177496064,unavailable,186294272,192069632,192069632,unavailable,192069632,192069632,202891264
yune,track-a-comparison,luna_pinyin,key_sequence_process_with_context,hao,22,3,76.700,25.567,177496064,177496064,unavailable,186294272,192069632,192069632,unavailable,192069632,192069632,202891264
yune,track-a-comparison,luna_pinyin,key_sequence_process_with_context,hao,23,3,76.500,25.500,177496064,177496064,unavailable,186294272,192069632,192069632,unavailable,192069632,192069632,202891264
yune,track-a-comparison,luna_pinyin,key_sequence_process_with_context,hao,24,3,75.500,25.167,177496064,177496064,unavailable,186294272,192069632,192069632,unavailable,192069632,192069632,202891264
yune,track-a-comparison,luna_pinyin,key_sequence_process_with_context,hao,25,3,75.700,25.233,177496064,177496064,unavailable,186294272,192069632,192069632,unavailable,192069632,192069632,202891264
yune,track-a-comparison,luna_pinyin,key_sequence_process_with_context,hao,26,3,75.500,25.167,177496064,177496064,unavailable,186294272,192069632,192069632,unavailable,192069632,192069632,202891264
yune,track-a-comparison,luna_pinyin,key_sequence_process_with_context,hao,27,3,78.800,26.267,177496064,177496064,unavailable,186294272,192069632,192069632,unavailable,192069632,192069632,202891264
yune,track-a-comparison,luna_pinyin,key_sequence_process_with_context,hao,28,3,75.600,25.200,177496064,177496064,unavailable,186294272,192069632,192069632,unavailable,192069632,192069632,202891264
yune,track-a-comparison,luna_pinyin,key_sequence_process_with_context,hao,29,3,75.600,25.200,177496064,177496064,unavailable,186294272,192069632,192069632,unavailable,192069632,192069632,202891264
yune,track-a-comparison,luna_pinyin,key_sequence_process_with_context,hao,30,3,75.500,25.167,177496064,177496064,unavailable,186294272,192069632,192069632,unavailable,192069632,192069632,202891264
yune,track-a-comparison,luna_pinyin,key_sequence_process_with_context,hao,31,3,75.800,25.267,177496064,177496064,unavailable,186294272,192069632,192069632,unavailable,192069632,192069632,202891264
yune,track-a-comparison,luna_pinyin,key_sequence_process_with_context,hao,32,3,75.800,25.267,177496064,177496064,unavailable,186294272,192069632,192069632,unavailable,192069632,192069632,202891264
yune,track-a-comparison,luna_pinyin,key_sequence_process_with_context,hao,33,3,75.500,25.167,177496064,177496064,unavailable,186294272,192069632,192069632,unavailable,192069632,192069632,202891264
yune,track-a-comparison,luna_pinyin,key_sequence_process_with_context,hao,34,3,75.500,25.167,177496064,177496064,unavailable,186294272,192069632,192069632,unavailable,192069632,192069632,202891264
yune,track-a-comparison,luna_pinyin,key_sequence_process_with_context,hao,35,3,76.900,25.633,177496064,177496064,unavailable,186294272,192069632,192069632,unavailable,192069632,192069632,202891264
yune,track-a-comparison,luna_pinyin,key_sequence_process_with_context,hao,36,3,75.400,25.133,177496064,177496064,unavailable,186294272,192069632,192069632,unavailable,192069632,192069632,202891264
yune,track-a-comparison,luna_pinyin,key_sequence_process_with_context,hao,37,3,75.900,25.300,177496064,177496064,unavailable,186294272,192069632,192069632,unavailable,192069632,192069632,202891264
yune,track-a-comparison,luna_pinyin,key_sequence_process_with_context,hao,38,3,75.600,25.200,177496064,177496064,unavailable,186294272,192069632,192069632,unavailable,192069632,192069632,202891264
yune,track-a-comparison,luna_pinyin,key_sequence_process_with_context,hao,39,3,75.600,25.200,177496064,177496064,unavailable,186294272,192069632,192069632,unavailable,192069632,192069632,202891264
yune,track-a-comparison,luna_pinyin,key_sequence_process_with_context,hao,40,3,75.700,25.233,177496064,177496064,unavailable,186294272,192069632,192069632,unavailable,192069632,192069632,202891264
yune,track-a-comparison,luna_pinyin,key_sequence_process_with_context,hao,41,3,75.300,25.100,177496064,177496064,unavailable,186294272,192069632,192069632,unavailable,192069632,192069632,202891264
yune,track-a-comparison,luna_pinyin,key_sequence_process_with_context,hao,42,3,75.800,25.267,177496064,177496064,unavailable,186294272,192069632,192069632,unavailable,192069632,192069632,202891264
yune,track-a-comparison,luna_pinyin,key_sequence_process_with_context,hao,43,3,79.200,26.400,177496064,177496064,unavailable,186294272,192069632,192069632,unavailable,192069632,192069632,202891264
yune,track-a-comparison,luna_pinyin,key_sequence_process_with_context,hao,44,3,76.300,25.433,177496064,177496064,unavailable,186294272,192069632,192069632,unavailable,192069632,192069632,202891264
yune,track-a-comparison,luna_pinyin,key_sequence_process_with_context,hao,45,3,75.900,25.300,177496064,177496064,unavailable,186294272,192069632,192069632,unavailable,192069632,192069632,202891264
yune,track-a-comparison,luna_pinyin,key_sequence_process_with_context,hao,46,3,76.300,25.433,177496064,177496064,unavailable,186294272,192069632,192069632,unavailable,192069632,192069632,202891264
yune,track-a-comparison,luna_pinyin,key_sequence_process_with_context,hao,47,3,76.200,25.400,177496064,177496064,unavailable,186294272,192069632,192069632,unavailable,192069632,192069632,202891264
yune,track-a-comparison,luna_pinyin,key_sequence_process_with_context,hao,48,3,76.500,25.500,177496064,177496064,unavailable,186294272,192069632,192069632,unavailable,192069632,192069632,202891264
yune,track-a-comparison,luna_pinyin,key_sequence_process_with_context,hao,49,3,77.600,25.867,177496064,177496064,unavailable,186294272,192069632,192069632,unavailable,192069632,192069632,202891264
yune,track-a-comparison,luna_pinyin,key_sequence_process_with_context,hao,50,3,76.800,25.600,177496064,177496064,unavailable,186294272,192069632,192069632,unavailable,192069632,192069632,202891264
yune,track-a-comparison,luna_pinyin,key_sequence_process_with_context,hao,51,3,75.800,25.267,177496064,177496064,unavailable,186294272,192069632,192069632,unavailable,192069632,192069632,202891264
yune,track-a-comparison,luna_pinyin,key_sequence_process_with_context,hao,52,3,76.000,25.333,177496064,177496064,unavailable,186294272,192069632,192069632,unavailable,192069632,192069632,202891264
yune,track-a-comparison,luna_pinyin,key_sequence_process_with_context,hao,53,3,76.400,25.467,177496064,177496064,unavailable,186294272,192069632,192069632,unavailable,192069632,192069632,202891264
yune,track-a-comparison,luna_pinyin,key_sequence_process_with_context,hao,54,3,77.100,25.700,177496064,177496064,unavailable,186294272,192069632,192069632,unavailable,192069632,192069632,202891264
yune,track-a-comparison,luna_pinyin,key_sequence_process_with_context,hao,55,3,76.100,25.367,177496064,177496064,unavailable,186294272,192069632,192069632,unavailable,192069632,192069632,202891264
yune,track-a-comparison,luna_pinyin,key_sequence_process_with_context,hao,56,3,75.700,25.233,177496064,177496064,unavailable,186294272,192069632,192069632,unavailable,192069632,192069632,202891264
yune,track-a-comparison,luna_pinyin,key_sequence_process_with_context,hao,57,3,76.100,25.367,177496064,177496064,unavailable,186294272,192069632,192069632,unavailable,192069632,192069632,202891264
yune,track-a-comparison,luna_pinyin,key_sequence_process_with_context,hao,58,3,76.200,25.400,177496064,177496064,unavailable,186294272,192069632,192069632,unavailable,192069632,192069632,202891264
yune,track-a-comparison,luna_pinyin,key_sequence_process_with_context,hao,59,3,76.000,25.333,177496064,177496064,unavailable,186294272,192069632,192069632,unavailable,192069632,192069632,202891264
yune,track-a-comparison,luna_pinyin,key_sequence_process_with_context,hao,60,3,75.900,25.300,177496064,177496064,unavailable,186294272,192069632,192069632,unavailable,192069632,192069632,202891264
yune,track-a-comparison,luna_pinyin,key_sequence_process_with_context,hao,61,3,77.000,25.667,177496064,177496064,unavailable,186294272,192069632,192069632,unavailable,192069632,192069632,202891264
yune,track-a-comparison,luna_pinyin,key_sequence_process_with_context,hao,62,3,78.800,26.267,177496064,177496064,unavailable,186294272,192069632,192069632,unavailable,192069632,192069632,202891264
yune,track-a-comparison,luna_pinyin,key_sequence_process_with_context,hao,63,3,75.900,25.300,177496064,177496064,unavailable,186294272,192069632,192069632,unavailable,192069632,192069632,202891264
yune,track-a-comparison,luna_pinyin,key_sequence_process_with_context,hao,64,3,75.500,25.167,177496064,177496064,unavailable,186294272,192069632,192069632,unavailable,192069632,192069632,202891264
yune,track-a-comparison,luna_pinyin,key_sequence_process_with_context,hao,65,3,75.400,25.133,177496064,177496064,unavailable,186294272,192069632,192069632,unavailable,192069632,192069632,202891264
yune,track-a-comparison,luna_pinyin,key_sequence_process_with_context,hao,66,3,77.200,25.733,177496064,177496064,unavailable,186294272,192069632,192069632,unavailable,192069632,192069632,202891264
yune,track-a-comparison,luna_pinyin,key_sequence_process_with_context,hao,67,3,76.200,25.400,177496064,177496064,unavailable,186294272,192069632,192069632,unavailable,192069632,192069632,202891264
yune,track-a-comparison,luna_pinyin,key_sequence_process_with_context,hao,68,3,76.000,25.333,177496064,177496064,unavailable,186294272,192069632,192069632,unavailable,192069632,192069632,202891264
yune,track-a-comparison,luna_pinyin,key_sequence_process_with_context,hao,69,3,75.800,25.267,177496064,177496064,unavailable,186294272,192069632,192069632,unavailable,192069632,192069632,202891264
yune,track-a-comparison,luna_pinyin,key_sequence_process_with_context,hao,70,3,75.400,25.133,177496064,177496064,unavailable,186294272,192069632,192069632,unavailable,192069632,192069632,202891264
yune,track-a-comparison,luna_pinyin,key_sequence_process_with_context,hao,71,3,75.300,25.100,177496064,177496064,unavailable,186294272,192069632,192069632,unavailable,192069632,192069632,202891264
yune,track-a-comparison,luna_pinyin,key_sequence_process_with_context,hao,72,3,76.800,25.600,177496064,177496064,unavailable,186294272,192069632,192069632,unavailable,192069632,192069632,202891264
yune,track-a-comparison,luna_pinyin,key_sequence_process_with_context,hao,73,3,76.600,25.533,177496064,177496064,unavailable,186294272,192069632,192069632,unavailable,192069632,192069632,202891264
yune,track-a-comparison,luna_pinyin,key_sequence_process_with_context,hao,74,3,76.000,25.333,177496064,177496064,unavailable,186294272,192069632,192069632,unavailable,192069632,192069632,202891264
yune,track-a-comparison,luna_pinyin,key_sequence_process_with_context,hao,75,3,75.600,25.200,177496064,177496064,unavailable,186294272,192069632,192069632,unavailable,192069632,192069632,202891264
yune,track-a-comparison,luna_pinyin,key_sequence_process_with_context,hao,76,3,75.100,25.033,177496064,177496064,unavailable,186294272,192069632,192069632,unavailable,192069632,192069632,202891264
yune,track-a-comparison,luna_pinyin,key_sequence_process_with_context,hao,77,3,75.600,25.200,177496064,177496064,unavailable,186294272,192069632,192069632,unavailable,192069632,192069632,202891264
yune,track-a-comparison,luna_pinyin,key_sequence_process_with_context,hao,78,3,77.900,25.967,177496064,177491968,unavailable,186294272,192069632,192069632,unavailable,192069632,192069632,202891264
yune,track-a-comparison,luna_pinyin,key_sequence_process_with_context,hao,79,3,76.000,25.333,177491968,177491968,unavailable,186294272,192069632,192069632,unavailable,192069632,192069632,202891264
yune,track-a-comparison,luna_pinyin,key_sequence_process_with_context,zhongguo,0,8,363.600,45.450,178847744,178847744,unavailable,186294272,193863680,193863680,unavailable,193863680,193863680,202891264
yune,track-a-comparison,luna_pinyin,key_sequence_process_with_context,zhongguo,1,8,373.500,46.688,178847744,178847744,unavailable,186294272,193863680,193863680,unavailable,193863680,193863680,202891264
yune,track-a-comparison,luna_pinyin,key_sequence_process_with_context,zhongguo,2,8,374.800,46.850,178847744,178847744,unavailable,186294272,193863680,193863680,unavailable,193863680,193863680,202891264
yune,track-a-comparison,luna_pinyin,key_sequence_process_with_context,zhongguo,3,8,372.800,46.600,178847744,178847744,unavailable,186294272,193863680,193863680,unavailable,193863680,193863680,202891264
yune,track-a-comparison,luna_pinyin,key_sequence_process_with_context,zhongguo,4,8,377.400,47.175,178847744,178847744,unavailable,186294272,193863680,193863680,unavailable,193863680,193863680,202891264
yune,track-a-comparison,luna_pinyin,key_sequence_process_with_context,zhongguo,5,8,372.100,46.512,178847744,178847744,unavailable,186294272,193863680,193863680,unavailable,193863680,193863680,202891264
yune,track-a-comparison,luna_pinyin,key_sequence_process_with_context,zhongguo,6,8,363.100,45.387,178847744,178847744,unavailable,186294272,193863680,193863680,unavailable,193863680,193863680,202891264
yune,track-a-comparison,luna_pinyin,key_sequence_process_with_context,zhongguo,7,8,364.000,45.500,178847744,178847744,unavailable,186294272,193863680,193863680,unavailable,193863680,193863680,202891264
yune,track-a-comparison,luna_pinyin,key_sequence_process_with_context,zhongguo,8,8,364.200,45.525,178847744,178847744,unavailable,186294272,193863680,193863680,unavailable,193863680,193863680,202891264
yune,track-a-comparison,luna_pinyin,key_sequence_process_with_context,zhongguo,9,8,367.900,45.987,178847744,178847744,unavailable,186294272,193863680,193863680,unavailable,193863680,193863680,202891264
yune,track-a-comparison,luna_pinyin,key_sequence_process_with_context,zhongguo,10,8,364.100,45.513,178847744,178847744,unavailable,186294272,193863680,193863680,unavailable,193863680,193863680,202891264
yune,track-a-comparison,luna_pinyin,key_sequence_process_with_context,zhongguo,11,8,363.300,45.413,178847744,178847744,unavailable,186294272,193863680,193863680,unavailable,193863680,193863680,202891264
yune,track-a-comparison,luna_pinyin,key_sequence_process_with_context,zhongguo,12,8,364.700,45.587,178847744,178847744,unavailable,186294272,193863680,193863680,unavailable,193863680,193863680,202891264
yune,track-a-comparison,luna_pinyin,key_sequence_process_with_context,zhongguo,13,8,358.600,44.825,178847744,178847744,unavailable,186294272,193863680,193863680,unavailable,193863680,193863680,202891264
yune,track-a-comparison,luna_pinyin,key_sequence_process_with_context,zhongguo,14,8,361.000,45.125,178847744,178847744,unavailable,186294272,193863680,193863680,unavailable,193863680,193863680,202891264
yune,track-a-comparison,luna_pinyin,key_sequence_process_with_context,zhongguo,15,8,357.500,44.688,178847744,178847744,unavailable,186294272,193863680,193863680,unavailable,193863680,193863680,202891264
yune,track-a-comparison,luna_pinyin,key_sequence_process_with_context,zhongguo,16,8,356.600,44.575,178847744,178847744,unavailable,186294272,193863680,193863680,unavailable,193863680,193863680,202891264
yune,track-a-comparison,luna_pinyin,key_sequence_process_with_context,zhongguo,17,8,357.900,44.738,178847744,178847744,unavailable,186294272,193863680,193863680,unavailable,193863680,193863680,202891264
yune,track-a-comparison,luna_pinyin,key_sequence_process_with_context,zhongguo,18,8,363.900,45.488,178847744,178847744,unavailable,186294272,193863680,193863680,unavailable,193863680,193863680,202891264
yune,track-a-comparison,luna_pinyin,key_sequence_process_with_context,zhongguo,19,8,358.700,44.837,178847744,178847744,unavailable,186294272,193863680,193863680,unavailable,193863680,193863680,202891264
yune,track-a-comparison,luna_pinyin,key_sequence_process_with_context,zhongguo,20,8,359.000,44.875,178847744,178847744,unavailable,186294272,193863680,193863680,unavailable,193863680,193863680,202891264
yune,track-a-comparison,luna_pinyin,key_sequence_process_with_context,zhongguo,21,8,359.000,44.875,178847744,178847744,unavailable,186294272,193863680,193863680,unavailable,193863680,193863680,202891264
yune,track-a-comparison,luna_pinyin,key_sequence_process_with_context,zhongguo,22,8,357.000,44.625,178847744,178847744,unavailable,186294272,193863680,193863680,unavailable,193863680,193863680,202891264
yune,track-a-comparison,luna_pinyin,key_sequence_process_with_context,zhongguo,23,8,360.200,45.025,178847744,178847744,unavailable,186294272,193863680,193863680,unavailable,193863680,193863680,202891264
yune,track-a-comparison,luna_pinyin,key_sequence_process_with_context,zhongguo,24,8,357.400,44.675,178847744,178847744,unavailable,186294272,193863680,193863680,unavailable,193863680,193863680,202891264
yune,track-a-comparison,luna_pinyin,key_sequence_process_with_context,zhongguo,25,8,361.100,45.138,178847744,178847744,unavailable,186294272,193863680,193863680,unavailable,193863680,193863680,202891264
yune,track-a-comparison,luna_pinyin,key_sequence_process_with_context,zhongguo,26,8,363.200,45.400,178847744,178847744,unavailable,186294272,193863680,193863680,unavailable,193863680,193863680,202891264
yune,track-a-comparison,luna_pinyin,key_sequence_process_with_context,zhongguo,27,8,363.300,45.413,178847744,178847744,unavailable,186294272,193863680,193863680,unavailable,193863680,193863680,202891264
yune,track-a-comparison,luna_pinyin,key_sequence_process_with_context,zhongguo,28,8,373.800,46.725,178847744,178847744,unavailable,186294272,193863680,193863680,unavailable,193863680,193863680,202891264
yune,track-a-comparison,luna_pinyin,key_sequence_process_with_context,zhongguo,29,8,358.100,44.762,178847744,178847744,unavailable,186294272,193863680,193863680,unavailable,193863680,193863680,202891264
yune,track-a-comparison,luna_pinyin,key_sequence_process_with_context,zhongguo,30,8,356.200,44.525,178847744,178847744,unavailable,186294272,193863680,193863680,unavailable,193863680,193863680,202891264
yune,track-a-comparison,luna_pinyin,key_sequence_process_with_context,zhongguo,31,8,356.200,44.525,178847744,178847744,unavailable,186294272,193863680,193863680,unavailable,193863680,193863680,202891264
yune,track-a-comparison,luna_pinyin,key_sequence_process_with_context,zhongguo,32,8,356.000,44.500,178847744,178847744,unavailable,186294272,193863680,193863680,unavailable,193863680,193863680,202891264
yune,track-a-comparison,luna_pinyin,key_sequence_process_with_context,zhongguo,33,8,361.700,45.212,178847744,178847744,unavailable,186294272,193863680,193863680,unavailable,193863680,193863680,202891264
yune,track-a-comparison,luna_pinyin,key_sequence_process_with_context,zhongguo,34,8,357.300,44.663,178847744,178847744,unavailable,186294272,193863680,193863680,unavailable,193863680,193863680,202891264
yune,track-a-comparison,luna_pinyin,key_sequence_process_with_context,zhongguo,35,8,358.400,44.800,178847744,178847744,unavailable,186294272,193863680,193863680,unavailable,193863680,193863680,202891264
yune,track-a-comparison,luna_pinyin,key_sequence_process_with_context,zhongguo,36,8,357.900,44.738,178847744,178847744,unavailable,186294272,193863680,193863680,unavailable,193863680,193863680,202891264
yune,track-a-comparison,luna_pinyin,key_sequence_process_with_context,zhongguo,37,8,365.100,45.637,178847744,178847744,unavailable,186294272,193863680,193863680,unavailable,193863680,193863680,202891264
yune,track-a-comparison,luna_pinyin,key_sequence_process_with_context,zhongguo,38,8,358.500,44.812,178847744,178847744,unavailable,186294272,193863680,193863680,unavailable,193863680,193863680,202891264
yune,track-a-comparison,luna_pinyin,key_sequence_process_with_context,zhongguo,39,8,359.100,44.888,178847744,178847744,unavailable,186294272,193863680,193863680,unavailable,193863680,193863680,202891264
yune,track-a-comparison,luna_pinyin,key_sequence_process_with_context,zhongguo,40,8,357.800,44.725,178847744,178847744,unavailable,186294272,193863680,193863680,unavailable,193863680,193863680,202891264
yune,track-a-comparison,luna_pinyin,key_sequence_process_with_context,zhongguo,41,8,359.300,44.913,178847744,178847744,unavailable,186294272,193863680,193863680,unavailable,193863680,193863680,202891264
yune,track-a-comparison,luna_pinyin,key_sequence_process_with_context,zhongguo,42,8,366.800,45.850,178847744,178847744,unavailable,186294272,193863680,193863680,unavailable,193863680,193863680,202891264
yune,track-a-comparison,luna_pinyin,key_sequence_process_with_context,zhongguo,43,8,366.600,45.825,178847744,178847744,unavailable,186294272,193863680,193863680,unavailable,193863680,193863680,202891264
yune,track-a-comparison,luna_pinyin,key_sequence_process_with_context,zhongguo,44,8,361.300,45.163,178847744,178847744,unavailable,186294272,193863680,193863680,unavailable,193863680,193863680,202891264
yune,track-a-comparison,luna_pinyin,key_sequence_process_with_context,zhongguo,45,8,358.500,44.812,178847744,178847744,unavailable,186294272,193863680,193863680,unavailable,193863680,193863680,202891264
yune,track-a-comparison,luna_pinyin,key_sequence_process_with_context,zhongguo,46,8,358.900,44.862,178847744,178847744,unavailable,186294272,193863680,193863680,unavailable,193863680,193863680,202891264
yune,track-a-comparison,luna_pinyin,key_sequence_process_with_context,zhongguo,47,8,361.900,45.238,178847744,178847744,unavailable,186294272,193863680,193863680,unavailable,193863680,193863680,202891264
yune,track-a-comparison,luna_pinyin,key_sequence_process_with_context,zhongguo,48,8,357.900,44.738,178847744,178847744,unavailable,186294272,193863680,193863680,unavailable,193863680,193863680,202891264
yune,track-a-comparison,luna_pinyin,key_sequence_process_with_context,zhongguo,49,8,408.800,51.100,178847744,178847744,unavailable,186294272,193863680,193863680,unavailable,193863680,193863680,202891264
yune,track-a-comparison,luna_pinyin,key_sequence_process_with_context,zhongguo,50,8,364.400,45.550,178847744,178847744,unavailable,186294272,193863680,193863680,unavailable,193863680,193863680,202891264
yune,track-a-comparison,luna_pinyin,key_sequence_process_with_context,zhongguo,51,8,364.800,45.600,178847744,178847744,unavailable,186294272,193863680,193863680,unavailable,193863680,193863680,202891264
yune,track-a-comparison,luna_pinyin,key_sequence_process_with_context,zhongguo,52,8,373.400,46.675,178847744,178847744,unavailable,186294272,193863680,193863680,unavailable,193863680,193863680,202891264
yune,track-a-comparison,luna_pinyin,key_sequence_process_with_context,zhongguo,53,8,358.800,44.850,178847744,178847744,unavailable,186294272,193863680,193863680,unavailable,193863680,193863680,202891264
yune,track-a-comparison,luna_pinyin,key_sequence_process_with_context,zhongguo,54,8,357.500,44.688,178847744,178847744,unavailable,186294272,193863680,193863680,unavailable,193863680,193863680,202891264
yune,track-a-comparison,luna_pinyin,key_sequence_process_with_context,zhongguo,55,8,357.400,44.675,178847744,178847744,unavailable,186294272,193863680,193863680,unavailable,193863680,193863680,202891264
yune,track-a-comparison,luna_pinyin,key_sequence_process_with_context,zhongguo,56,8,358.600,44.825,178847744,178847744,unavailable,186294272,193863680,193863680,unavailable,193863680,193863680,202891264
yune,track-a-comparison,luna_pinyin,key_sequence_process_with_context,zhongguo,57,8,360.200,45.025,178847744,178847744,unavailable,186294272,193863680,193863680,unavailable,193863680,193863680,202891264
yune,track-a-comparison,luna_pinyin,key_sequence_process_with_context,zhongguo,58,8,357.200,44.650,178847744,178847744,unavailable,186294272,193863680,193863680,unavailable,193863680,193863680,202891264
yune,track-a-comparison,luna_pinyin,key_sequence_process_with_context,zhongguo,59,8,361.800,45.225,178847744,178847744,unavailable,186294272,193863680,193863680,unavailable,193863680,193863680,202891264
yune,track-a-comparison,luna_pinyin,key_sequence_process_with_context,zhongguo,60,8,358.300,44.787,178847744,178847744,unavailable,186294272,193863680,193863680,unavailable,193863680,193863680,202891264
yune,track-a-comparison,luna_pinyin,key_sequence_process_with_context,zhongguo,61,8,358.900,44.862,178847744,178847744,unavailable,186294272,193863680,193863680,unavailable,193863680,193863680,202891264
yune,track-a-comparison,luna_pinyin,key_sequence_process_with_context,zhongguo,62,8,361.600,45.200,178847744,178847744,unavailable,186294272,193863680,193863680,unavailable,193863680,193863680,202891264
yune,track-a-comparison,luna_pinyin,key_sequence_process_with_context,zhongguo,63,8,357.900,44.738,178847744,178847744,unavailable,186294272,193863680,193863680,unavailable,193863680,193863680,202891264
yune,track-a-comparison,luna_pinyin,key_sequence_process_with_context,zhongguo,64,8,361.800,45.225,178847744,178847744,unavailable,186294272,193863680,193863680,unavailable,193863680,193863680,202891264
yune,track-a-comparison,luna_pinyin,key_sequence_process_with_context,zhongguo,65,8,363.000,45.375,178847744,178847744,unavailable,186294272,193863680,193863680,unavailable,193863680,193863680,202891264
yune,track-a-comparison,luna_pinyin,key_sequence_process_with_context,zhongguo,66,8,360.100,45.013,178847744,178847744,unavailable,186294272,193863680,193863680,unavailable,193863680,193863680,202891264
yune,track-a-comparison,luna_pinyin,key_sequence_process_with_context,zhongguo,67,8,362.100,45.263,178847744,178847744,unavailable,186294272,193863680,193863680,unavailable,193863680,193863680,202891264
yune,track-a-comparison,luna_pinyin,key_sequence_process_with_context,zhongguo,68,8,360.600,45.075,178847744,178847744,unavailable,186294272,193863680,193863680,unavailable,193863680,193863680,202891264
yune,track-a-comparison,luna_pinyin,key_sequence_process_with_context,zhongguo,69,8,361.300,45.163,178847744,178847744,unavailable,186294272,193863680,193863680,unavailable,193863680,193863680,202891264
yune,track-a-comparison,luna_pinyin,key_sequence_process_with_context,zhongguo,70,8,361.500,45.188,178847744,178847744,unavailable,186294272,193863680,193863680,unavailable,193863680,193863680,202891264
yune,track-a-comparison,luna_pinyin,key_sequence_process_with_context,zhongguo,71,8,360.400,45.050,178847744,178847744,unavailable,186294272,193863680,193863680,unavailable,193863680,193863680,202891264
yune,track-a-comparison,luna_pinyin,key_sequence_process_with_context,zhongguo,72,8,363.200,45.400,178847744,178847744,unavailable,186294272,193863680,193863680,unavailable,193863680,193863680,202891264
yune,track-a-comparison,luna_pinyin,key_sequence_process_with_context,zhongguo,73,8,364.600,45.575,178847744,178847744,unavailable,186294272,193863680,193863680,unavailable,193863680,193863680,202891264
yune,track-a-comparison,luna_pinyin,key_sequence_process_with_context,zhongguo,74,8,359.100,44.888,178847744,178847744,unavailable,186294272,193863680,193863680,unavailable,193863680,193863680,202891264
yune,track-a-comparison,luna_pinyin,key_sequence_process_with_context,zhongguo,75,8,363.000,45.375,178847744,178847744,unavailable,186294272,193863680,193863680,unavailable,193863680,193863680,202891264
yune,track-a-comparison,luna_pinyin,key_sequence_process_with_context,zhongguo,76,8,362.800,45.350,178847744,178847744,unavailable,186294272,193863680,193863680,unavailable,193863680,193863680,202891264
yune,track-a-comparison,luna_pinyin,key_sequence_process_with_context,zhongguo,77,8,359.700,44.962,178847744,178847744,unavailable,186294272,193863680,193863680,unavailable,193863680,193863680,202891264
yune,track-a-comparison,luna_pinyin,key_sequence_process_with_context,zhongguo,78,8,359.100,44.888,178847744,178847744,unavailable,186294272,193863680,193863680,unavailable,193863680,193863680,202891264
yune,track-a-comparison,luna_pinyin,key_sequence_process_with_context,zhongguo,79,8,356.200,44.525,178847744,178847744,unavailable,186294272,193863680,193863680,unavailable,193863680,193863680,202891264
yune,track-a-comparison,luna_pinyin,key_sequence_process_with_context,ceshiyixiachangjushuruxingnengzenyang,0,37,22536.000,609.081,179175424,179175424,unavailable,186294272,193765376,193765376,unavailable,193765376,193765376,202891264
yune,track-a-comparison,luna_pinyin,key_sequence_process_with_context,ceshiyixiachangjushuruxingnengzenyang,1,37,22511.300,608.414,179179520,179179520,unavailable,186294272,193765376,193765376,unavailable,193765376,193765376,202891264
yune,track-a-comparison,luna_pinyin,key_sequence_process_with_context,ceshiyixiachangjushuruxingnengzenyang,2,37,22422.200,606.005,179179520,179179520,unavailable,186294272,193765376,193765376,unavailable,193765376,193765376,202891264
yune,track-a-comparison,luna_pinyin,key_sequence_process_with_context,ceshiyixiachangjushuruxingnengzenyang,3,37,22482.000,607.622,179179520,179179520,unavailable,186294272,193765376,193765376,unavailable,193765376,193765376,202891264
yune,track-a-comparison,luna_pinyin,key_sequence_process_with_context,ceshiyixiachangjushuruxingnengzenyang,4,37,23071.400,623.551,179179520,179179520,unavailable,186294272,193765376,193765376,unavailable,193765376,193765376,202891264
yune,track-a-comparison,luna_pinyin,key_sequence_process_with_context,ceshiyixiachangjushuruxingnengzenyang,5,37,23979.500,648.095,179179520,179179520,unavailable,186294272,193765376,193765376,unavailable,193765376,193765376,202891264
yune,track-a-comparison,luna_pinyin,key_sequence_process_with_context,ceshiyixiachangjushuruxingnengzenyang,6,37,23440.200,633.519,179179520,179179520,unavailable,186294272,193765376,193765376,unavailable,193765376,193765376,202891264
yune,track-a-comparison,luna_pinyin,key_sequence_process_with_context,ceshiyixiachangjushuruxingnengzenyang,7,37,23051.700,623.019,179179520,179179520,unavailable,186294272,193765376,193765376,unavailable,193765376,193765376,202891264
yune,track-a-comparison,luna_pinyin,key_sequence_process_with_context,ceshiyixiachangjushuruxingnengzenyang,8,37,23232.700,627.911,179179520,179179520,unavailable,186294272,193765376,193765376,unavailable,193765376,193765376,202891264
yune,track-a-comparison,luna_pinyin,key_sequence_process_with_context,ceshiyixiachangjushuruxingnengzenyang,9,37,24949.900,674.322,179179520,179179520,unavailable,186294272,193765376,193765376,unavailable,193765376,193765376,202891264
yune,track-a-comparison,luna_pinyin,key_sequence_process_with_context,ceshiyixiachangjushuruxingnengzenyang,10,37,22880.300,618.386,179179520,179179520,unavailable,186294272,193765376,193765376,unavailable,193765376,193765376,202891264
yune,track-a-comparison,luna_pinyin,key_sequence_process_with_context,ceshiyixiachangjushuruxingnengzenyang,11,37,22363.400,604.416,179179520,179179520,unavailable,186294272,193765376,193765376,unavailable,193765376,193765376,202891264
yune,track-a-comparison,luna_pinyin,key_sequence_process_with_context,ceshiyixiachangjushuruxingnengzenyang,12,37,22607.600,611.016,179179520,179179520,unavailable,186294272,193765376,193765376,unavailable,193765376,193765376,202891264
yune,track-a-comparison,luna_pinyin,key_sequence_process_with_context,ceshiyixiachangjushuruxingnengzenyang,13,37,22120.600,597.854,179179520,179179520,unavailable,186294272,193765376,193765376,unavailable,193765376,193765376,202891264
yune,track-a-comparison,luna_pinyin,key_sequence_process_with_context,ceshiyixiachangjushuruxingnengzenyang,14,37,22073.400,596.578,179179520,179179520,unavailable,186294272,193765376,193765376,unavailable,193765376,193765376,202891264
yune,track-a-comparison,luna_pinyin,key_sequence_process_with_context,ceshiyixiachangjushuruxingnengzenyang,15,37,23879.000,645.378,179179520,179179520,unavailable,186294272,193765376,193765376,unavailable,193765376,193765376,202891264
yune,track-a-comparison,luna_pinyin,key_sequence_process_with_context,ceshiyixiachangjushuruxingnengzenyang,16,37,23471.200,634.357,179179520,179179520,unavailable,186294272,193765376,193765376,unavailable,193765376,193765376,202891264
yune,track-a-comparison,luna_pinyin,key_sequence_process_with_context,ceshiyixiachangjushuruxingnengzenyang,17,37,22844.900,617.430,179179520,179179520,unavailable,186294272,193765376,193765376,unavailable,193765376,193765376,202891264
yune,track-a-comparison,luna_pinyin,key_sequence_process_with_context,ceshiyixiachangjushuruxingnengzenyang,18,37,22250.000,601.351,179179520,179175424,unavailable,186294272,193765376,193765376,unavailable,193765376,193765376,202891264
yune,track-a-comparison,luna_pinyin,key_sequence_process_with_context,ceshiyixiachangjushuruxingnengzenyang,19,37,22253.300,601.441,179175424,179175424,unavailable,186294272,193765376,193765376,unavailable,193765376,193765376,202891264
yune,track-a-comparison,luna_pinyin,key_sequence_process_with_context,ceshiyixiachangjushuruxingnengzenyang,20,37,22079.300,596.738,179175424,179175424,unavailable,186294272,193765376,193765376,unavailable,193765376,193765376,202891264
yune,track-a-comparison,luna_pinyin,key_sequence_process_with_context,ceshiyixiachangjushuruxingnengzenyang,21,37,22063.100,596.300,179175424,179175424,unavailable,186294272,193765376,193765376,unavailable,193765376,193765376,202891264
yune,track-a-comparison,luna_pinyin,key_sequence_process_with_context,ceshiyixiachangjushuruxingnengzenyang,22,37,22297.900,602.646,179175424,179175424,unavailable,186294272,193765376,193765376,unavailable,193765376,193765376,202891264
yune,track-a-comparison,luna_pinyin,key_sequence_process_with_context,ceshiyixiachangjushuruxingnengzenyang,23,37,22262.000,601.676,179175424,179175424,unavailable,186294272,193765376,193765376,unavailable,193765376,193765376,202891264
yune,track-a-comparison,luna_pinyin,key_sequence_process_with_context,ceshiyixiachangjushuruxingnengzenyang,24,37,22120.200,597.843,179175424,179175424,unavailable,186294272,193765376,193765376,unavailable,193765376,193765376,202891264
yune,track-a-comparison,luna_pinyin,key_sequence_process_with_context,ceshiyixiachangjushuruxingnengzenyang,25,37,22091.600,597.070,179175424,179175424,unavailable,186294272,193765376,193765376,unavailable,193765376,193765376,202891264
yune,track-a-comparison,luna_pinyin,key_sequence_process_with_context,ceshiyixiachangjushuruxingnengzenyang,26,37,21991.900,594.376,179175424,179175424,unavailable,186294272,193765376,193765376,unavailable,193765376,193765376,202891264
yune,track-a-comparison,luna_pinyin,key_sequence_process_with_context,ceshiyixiachangjushuruxingnengzenyang,27,37,21855.200,590.681,179175424,179175424,unavailable,186294272,193765376,193765376,unavailable,193765376,193765376,202891264
yune,track-a-comparison,luna_pinyin,key_sequence_process_with_context,ceshiyixiachangjushuruxingnengzenyang,28,37,22138.000,598.324,179175424,179175424,unavailable,186294272,193765376,193765376,unavailable,193765376,193765376,202891264
yune,track-a-comparison,luna_pinyin,key_sequence_process_with_context,ceshiyixiachangjushuruxingnengzenyang,29,37,21538.300,582.116,179175424,179175424,unavailable,186294272,193765376,193765376,unavailable,193765376,193765376,202891264
yune,track-a-comparison,luna_pinyin,key_sequence_process_with_context,ceshiyixiachangjushuruxingnengzenyang,30,37,21337.800,576.697,179175424,179175424,unavailable,186294272,193765376,193765376,unavailable,193765376,193765376,202891264
yune,track-a-comparison,luna_pinyin,key_sequence_process_with_context,ceshiyixiachangjushuruxingnengzenyang,31,37,21273.100,574.949,179175424,179175424,unavailable,186294272,193765376,193765376,unavailable,193765376,193765376,202891264
yune,track-a-comparison,luna_pinyin,key_sequence_process_with_context,ceshiyixiachangjushuruxingnengzenyang,32,37,21337.600,576.692,179175424,179175424,unavailable,186294272,193765376,193765376,unavailable,193765376,193765376,202891264
yune,track-a-comparison,luna_pinyin,key_sequence_process_with_context,ceshiyixiachangjushuruxingnengzenyang,33,37,21376.500,577.743,179175424,179175424,unavailable,186294272,193765376,193765376,unavailable,193765376,193765376,202891264
yune,track-a-comparison,luna_pinyin,key_sequence_process_with_context,ceshiyixiachangjushuruxingnengzenyang,34,37,21910.400,592.173,179175424,179175424,unavailable,186294272,193765376,193765376,unavailable,193765376,193765376,202891264
yune,track-a-comparison,luna_pinyin,key_sequence_process_with_context,ceshiyixiachangjushuruxingnengzenyang,35,37,21496.700,580.992,179175424,179175424,unavailable,186294272,193765376,193765376,unavailable,193765376,193765376,202891264
yune,track-a-comparison,luna_pinyin,key_sequence_process_with_context,ceshiyixiachangjushuruxingnengzenyang,36,37,21337.700,576.695,179175424,179175424,unavailable,186294272,193765376,193765376,unavailable,193765376,193765376,202891264
yune,track-a-comparison,luna_pinyin,key_sequence_process_with_context,ceshiyixiachangjushuruxingnengzenyang,37,37,21738.900,587.538,179175424,179175424,unavailable,186294272,193765376,193765376,unavailable,193765376,193765376,202891264
yune,track-a-comparison,luna_pinyin,key_sequence_process_with_context,ceshiyixiachangjushuruxingnengzenyang,38,37,21692.900,586.295,179175424,179175424,unavailable,186294272,193765376,193765376,unavailable,193765376,193765376,202891264
yune,track-a-comparison,luna_pinyin,key_sequence_process_with_context,ceshiyixiachangjushuruxingnengzenyang,39,37,21800.200,589.195,179175424,179175424,unavailable,186294272,193765376,193765376,unavailable,193765376,193765376,202891264
yune,track-a-comparison,luna_pinyin,key_sequence_process_with_context,ceshiyixiachangjushuruxingnengzenyang,40,37,22316.700,603.154,179175424,179175424,unavailable,186294272,193765376,193765376,unavailable,193765376,193765376,202891264
yune,track-a-comparison,luna_pinyin,key_sequence_process_with_context,ceshiyixiachangjushuruxingnengzenyang,41,37,22918.400,619.416,179175424,179175424,unavailable,186294272,193765376,193765376,unavailable,193765376,193765376,202891264
yune,track-a-comparison,luna_pinyin,key_sequence_process_with_context,ceshiyixiachangjushuruxingnengzenyang,42,37,21957.600,593.449,179175424,179175424,unavailable,186294272,193765376,193765376,unavailable,193765376,193765376,202891264
yune,track-a-comparison,luna_pinyin,key_sequence_process_with_context,ceshiyixiachangjushuruxingnengzenyang,43,37,22300.900,602.727,179175424,179175424,unavailable,186294272,193765376,193765376,unavailable,193765376,193765376,202891264
yune,track-a-comparison,luna_pinyin,key_sequence_process_with_context,ceshiyixiachangjushuruxingnengzenyang,44,37,22147.100,598.570,179175424,179175424,unavailable,186294272,193765376,193765376,unavailable,193765376,193765376,202891264
yune,track-a-comparison,luna_pinyin,key_sequence_process_with_context,ceshiyixiachangjushuruxingnengzenyang,45,37,22183.000,599.541,179175424,179175424,unavailable,186294272,193765376,193765376,unavailable,193765376,193765376,202891264
yune,track-a-comparison,luna_pinyin,key_sequence_process_with_context,ceshiyixiachangjushuruxingnengzenyang,46,37,21604.200,583.897,179175424,179175424,unavailable,186294272,193765376,193765376,unavailable,193765376,193765376,202891264
yune,track-a-comparison,luna_pinyin,key_sequence_process_with_context,ceshiyixiachangjushuruxingnengzenyang,47,37,22210.700,600.289,179175424,179175424,unavailable,186294272,193765376,193765376,unavailable,193765376,193765376,202891264
yune,track-a-comparison,luna_pinyin,key_sequence_process_with_context,ceshiyixiachangjushuruxingnengzenyang,48,37,22263.200,601.708,179175424,179175424,unavailable,186294272,193765376,193765376,unavailable,193765376,193765376,202891264
yune,track-a-comparison,luna_pinyin,key_sequence_process_with_context,ceshiyixiachangjushuruxingnengzenyang,49,37,23114.200,624.708,179175424,179175424,unavailable,186294272,193765376,193765376,unavailable,193765376,193765376,202891264
yune,track-a-comparison,luna_pinyin,key_sequence_process_with_context,ceshiyixiachangjushuruxingnengzenyang,50,37,21453.100,579.814,179175424,179175424,unavailable,186294272,193765376,193765376,unavailable,193765376,193765376,202891264
yune,track-a-comparison,luna_pinyin,key_sequence_process_with_context,ceshiyixiachangjushuruxingnengzenyang,51,37,21331.200,576.519,179175424,179175424,unavailable,186294272,193765376,193765376,unavailable,193765376,193765376,202891264
yune,track-a-comparison,luna_pinyin,key_sequence_process_with_context,ceshiyixiachangjushuruxingnengzenyang,52,37,21341.000,576.784,179175424,179175424,unavailable,186294272,193765376,193765376,unavailable,193765376,193765376,202891264
yune,track-a-comparison,luna_pinyin,key_sequence_process_with_context,ceshiyixiachangjushuruxingnengzenyang,53,37,21258.500,574.554,179175424,179175424,unavailable,186294272,193765376,193765376,unavailable,193765376,193765376,202891264
yune,track-a-comparison,luna_pinyin,key_sequence_process_with_context,ceshiyixiachangjushuruxingnengzenyang,54,37,22351.000,604.081,179175424,179175424,unavailable,186294272,193765376,193765376,unavailable,193765376,193765376,202891264
yune,track-a-comparison,luna_pinyin,key_sequence_process_with_context,ceshiyixiachangjushuruxingnengzenyang,55,37,23786.600,642.881,179175424,179175424,unavailable,186294272,193765376,193765376,unavailable,193765376,193765376,202891264
yune,track-a-comparison,luna_pinyin,key_sequence_process_with_context,ceshiyixiachangjushuruxingnengzenyang,56,37,22426.800,606.130,179175424,179175424,unavailable,186294272,193765376,193765376,unavailable,193765376,193765376,202891264
yune,track-a-comparison,luna_pinyin,key_sequence_process_with_context,ceshiyixiachangjushuruxingnengzenyang,57,37,21933.800,592.805,179175424,179175424,unavailable,186294272,193765376,193765376,unavailable,193765376,193765376,202891264
yune,track-a-comparison,luna_pinyin,key_sequence_process_with_context,ceshiyixiachangjushuruxingnengzenyang,58,37,21777.500,588.581,179175424,179175424,unavailable,186294272,193765376,193765376,unavailable,193765376,193765376,202891264
yune,track-a-comparison,luna_pinyin,key_sequence_process_with_context,ceshiyixiachangjushuruxingnengzenyang,59,37,22033.800,595.508,179175424,179175424,unavailable,186294272,193765376,193765376,unavailable,193765376,193765376,202891264
yune,track-a-comparison,luna_pinyin,key_sequence_process_with_context,ceshiyixiachangjushuruxingnengzenyang,60,37,22655.100,612.300,179175424,179175424,unavailable,186294272,193765376,193765376,unavailable,193765376,193765376,202891264
yune,track-a-comparison,luna_pinyin,key_sequence_process_with_context,ceshiyixiachangjushuruxingnengzenyang,61,37,22334.800,603.643,179175424,179175424,unavailable,186294272,193765376,193765376,unavailable,193765376,193765376,202891264
yune,track-a-comparison,luna_pinyin,key_sequence_process_with_context,ceshiyixiachangjushuruxingnengzenyang,62,37,21616.900,584.241,179175424,179175424,unavailable,186294272,193765376,193765376,unavailable,193765376,193765376,202891264
yune,track-a-comparison,luna_pinyin,key_sequence_process_with_context,ceshiyixiachangjushuruxingnengzenyang,63,37,21692.000,586.270,179175424,179175424,unavailable,186294272,193765376,193765376,unavailable,193765376,193765376,202891264
yune,track-a-comparison,luna_pinyin,key_sequence_process_with_context,ceshiyixiachangjushuruxingnengzenyang,64,37,22298.400,602.659,179175424,179175424,unavailable,186294272,193765376,193765376,unavailable,193765376,193765376,202891264
yune,track-a-comparison,luna_pinyin,key_sequence_process_with_context,ceshiyixiachangjushuruxingnengzenyang,65,37,22392.100,605.192,179175424,179175424,unavailable,186294272,193765376,193765376,unavailable,193765376,193765376,202891264
yune,track-a-comparison,luna_pinyin,key_sequence_process_with_context,ceshiyixiachangjushuruxingnengzenyang,66,37,22120.300,597.846,179175424,179175424,unavailable,186294272,193765376,193765376,unavailable,193765376,193765376,202891264
yune,track-a-comparison,luna_pinyin,key_sequence_process_with_context,ceshiyixiachangjushuruxingnengzenyang,67,37,22085.800,596.914,179175424,179175424,unavailable,186294272,193765376,193765376,unavailable,193765376,193765376,202891264
yune,track-a-comparison,luna_pinyin,key_sequence_process_with_context,ceshiyixiachangjushuruxingnengzenyang,68,37,21778.400,588.605,179175424,179175424,unavailable,186294272,193765376,193765376,unavailable,193765376,193765376,202891264
yune,track-a-comparison,luna_pinyin,key_sequence_process_with_context,ceshiyixiachangjushuruxingnengzenyang,69,37,22043.300,595.765,179175424,179175424,unavailable,186294272,193765376,193765376,unavailable,193765376,193765376,202891264
yune,track-a-comparison,luna_pinyin,key_sequence_process_with_context,ceshiyixiachangjushuruxingnengzenyang,70,37,21897.400,591.822,179175424,179175424,unavailable,186294272,193765376,193765376,unavailable,193765376,193765376,202891264
yune,track-a-comparison,luna_pinyin,key_sequence_process_with_context,ceshiyixiachangjushuruxingnengzenyang,71,37,21946.400,593.146,179175424,179175424,unavailable,186294272,193765376,193765376,unavailable,193765376,193765376,202891264
yune,track-a-comparison,luna_pinyin,key_sequence_process_with_context,ceshiyixiachangjushuruxingnengzenyang,72,37,22087.300,596.954,179175424,179175424,unavailable,186294272,193765376,193765376,unavailable,193765376,193765376,202891264
yune,track-a-comparison,luna_pinyin,key_sequence_process_with_context,ceshiyixiachangjushuruxingnengzenyang,73,37,21813.700,589.559,179175424,179175424,unavailable,186294272,193765376,193765376,unavailable,193765376,193765376,202891264
yune,track-a-comparison,luna_pinyin,key_sequence_process_with_context,ceshiyixiachangjushuruxingnengzenyang,74,37,21526.700,581.803,179175424,179171328,unavailable,186294272,193765376,193765376,unavailable,193765376,193765376,202891264
yune,track-a-comparison,luna_pinyin,key_sequence_process_with_context,ceshiyixiachangjushuruxingnengzenyang,75,37,21358.300,577.251,179171328,179171328,unavailable,186294272,193765376,193765376,unavailable,193765376,193765376,202891264
yune,track-a-comparison,luna_pinyin,key_sequence_process_with_context,ceshiyixiachangjushuruxingnengzenyang,76,37,21299.200,575.654,179171328,179171328,unavailable,186294272,193765376,193765376,unavailable,193765376,193765376,202891264
yune,track-a-comparison,luna_pinyin,key_sequence_process_with_context,ceshiyixiachangjushuruxingnengzenyang,77,37,21263.900,574.700,179171328,179167232,unavailable,186294272,193765376,193765376,unavailable,193765376,193765376,202891264
yune,track-a-comparison,luna_pinyin,key_sequence_process_with_context,ceshiyixiachangjushuruxingnengzenyang,78,37,21357.600,577.232,179167232,179167232,unavailable,186294272,193765376,193765376,unavailable,193765376,193765376,202891264
yune,track-a-comparison,luna_pinyin,key_sequence_process_with_context,ceshiyixiachangjushuruxingnengzenyang,79,37,21480.400,580.551,179167232,179167232,unavailable,186294272,193765376,193765376,unavailable,193765376,193765376,202891264
yune,track-a-comparison,luna_pinyin,key_sequence_process_with_context,zhegeyinqingqishiyinggaizhichichaochangjuzishurucainengyong,0,59,60293.600,1021.925,181161984,181161984,unavailable,186294272,195670016,195670016,unavailable,195670016,195670016,202891264
yune,track-a-comparison,luna_pinyin,key_sequence_process_with_context,zhegeyinqingqishiyinggaizhichichaochangjuzishurucainengyong,1,59,59846.300,1014.344,181161984,181161984,unavailable,186294272,195670016,195670016,unavailable,195670016,195670016,202891264
yune,track-a-comparison,luna_pinyin,key_sequence_process_with_context,zhegeyinqingqishiyinggaizhichichaochangjuzishurucainengyong,2,59,60089.200,1018.461,181161984,181161984,unavailable,186294272,195670016,195670016,unavailable,195670016,195670016,202891264
yune,track-a-comparison,luna_pinyin,key_sequence_process_with_context,zhegeyinqingqishiyinggaizhichichaochangjuzishurucainengyong,3,59,60483.900,1025.151,181161984,181166080,unavailable,186294272,195670016,195674112,unavailable,195674112,195674112,202891264
yune,track-a-comparison,luna_pinyin,key_sequence_process_with_context,zhegeyinqingqishiyinggaizhichichaochangjuzishurucainengyong,4,59,61917.100,1049.442,181166080,181166080,unavailable,186294272,195674112,195674112,unavailable,195674112,195674112,202891264
yune,track-a-comparison,luna_pinyin,key_sequence_process_with_context,zhegeyinqingqishiyinggaizhichichaochangjuzishurucainengyong,5,59,62880.800,1065.776,181166080,181166080,unavailable,186294272,195674112,195674112,unavailable,195674112,195674112,202891264
yune,track-a-comparison,luna_pinyin,key_sequence_process_with_context,zhegeyinqingqishiyinggaizhichichaochangjuzishurucainengyong,6,59,61874.400,1048.719,181166080,181166080,unavailable,186294272,195674112,195674112,unavailable,195674112,195674112,202891264
yune,track-a-comparison,luna_pinyin,key_sequence_process_with_context,zhegeyinqingqishiyinggaizhichichaochangjuzishurucainengyong,7,59,63945.600,1083.824,181166080,181166080,unavailable,186294272,195674112,195674112,unavailable,195674112,195674112,202891264
yune,track-a-comparison,luna_pinyin,key_sequence_process_with_context,zhegeyinqingqishiyinggaizhichichaochangjuzishurucainengyong,8,59,62370.900,1057.134,181166080,181166080,unavailable,186294272,195674112,195674112,unavailable,195674112,195674112,202891264
yune,track-a-comparison,luna_pinyin,key_sequence_process_with_context,zhegeyinqingqishiyinggaizhichichaochangjuzishurucainengyong,9,59,63199.300,1071.175,181166080,181166080,unavailable,186294272,195674112,195674112,unavailable,195674112,195674112,202891264
yune,track-a-comparison,luna_pinyin,key_sequence_process_with_context,zhegeyinqingqishiyinggaizhichichaochangjuzishurucainengyong,10,59,62710.900,1062.897,181166080,181166080,unavailable,186294272,195674112,195674112,unavailable,195674112,195674112,202891264
yune,track-a-comparison,luna_pinyin,key_sequence_process_with_context,zhegeyinqingqishiyinggaizhichichaochangjuzishurucainengyong,11,59,62318.100,1056.239,181166080,181166080,unavailable,186294272,195674112,195674112,unavailable,195674112,195674112,202891264
yune,track-a-comparison,luna_pinyin,key_sequence_process_with_context,zhegeyinqingqishiyinggaizhichichaochangjuzishurucainengyong,12,59,60290.700,1021.876,181166080,181166080,unavailable,186294272,195674112,195674112,unavailable,195674112,195674112,202891264
yune,track-a-comparison,luna_pinyin,key_sequence_process_with_context,zhegeyinqingqishiyinggaizhichichaochangjuzishurucainengyong,13,59,61422.700,1041.063,181166080,181166080,unavailable,186294272,195674112,195674112,unavailable,195674112,195674112,202891264
yune,track-a-comparison,luna_pinyin,key_sequence_process_with_context,zhegeyinqingqishiyinggaizhichichaochangjuzishurucainengyong,14,59,59984.800,1016.692,181166080,181166080,unavailable,186294272,195674112,195674112,unavailable,195674112,195674112,202891264
yune,track-a-comparison,luna_pinyin,key_sequence_process_with_context,zhegeyinqingqishiyinggaizhichichaochangjuzishurucainengyong,15,59,59994.300,1016.853,181166080,181166080,unavailable,186294272,195674112,195674112,unavailable,195674112,195674112,202891264
yune,track-a-comparison,luna_pinyin,key_sequence_process_with_context,zhegeyinqingqishiyinggaizhichichaochangjuzishurucainengyong,16,59,60210.800,1020.522,181166080,181166080,unavailable,186294272,195674112,195674112,unavailable,195674112,195674112,202891264
yune,track-a-comparison,luna_pinyin,key_sequence_process_with_context,zhegeyinqingqishiyinggaizhichichaochangjuzishurucainengyong,17,59,62669.200,1062.190,181166080,181166080,unavailable,186294272,195674112,195674112,unavailable,195674112,195674112,202891264
yune,track-a-comparison,luna_pinyin,key_sequence_process_with_context,zhegeyinqingqishiyinggaizhichichaochangjuzishurucainengyong,18,59,61746.100,1046.544,181166080,181166080,unavailable,186294272,195674112,195674112,unavailable,195674112,195674112,202891264
yune,track-a-comparison,luna_pinyin,key_sequence_process_with_context,zhegeyinqingqishiyinggaizhichichaochangjuzishurucainengyong,19,59,61902.000,1049.186,181166080,181166080,unavailable,186294272,195674112,195674112,unavailable,195674112,195674112,202891264
yune,track-a-comparison,luna_pinyin,key_sequence_process_with_context,zhegeyinqingqishiyinggaizhichichaochangjuzishurucainengyong,20,59,61494.500,1042.280,181166080,181166080,unavailable,186294272,195674112,195674112,unavailable,195674112,195674112,202891264
yune,track-a-comparison,luna_pinyin,key_sequence_process_with_context,zhegeyinqingqishiyinggaizhichichaochangjuzishurucainengyong,21,59,59884.000,1014.983,181166080,181166080,unavailable,186294272,195674112,195674112,unavailable,195674112,195674112,202891264
yune,track-a-comparison,luna_pinyin,key_sequence_process_with_context,zhegeyinqingqishiyinggaizhichichaochangjuzishurucainengyong,22,59,60020.700,1017.300,181166080,181166080,unavailable,186294272,195674112,195674112,unavailable,195674112,195674112,202891264
yune,track-a-comparison,luna_pinyin,key_sequence_process_with_context,zhegeyinqingqishiyinggaizhichichaochangjuzishurucainengyong,23,59,59893.400,1015.142,181166080,181166080,unavailable,186294272,195674112,195674112,unavailable,195674112,195674112,202891264
yune,track-a-comparison,luna_pinyin,key_sequence_process_with_context,zhegeyinqingqishiyinggaizhichichaochangjuzishurucainengyong,24,59,59909.300,1015.412,181166080,181166080,unavailable,186294272,195674112,195674112,unavailable,195674112,195674112,202891264
yune,track-a-comparison,luna_pinyin,key_sequence_process_with_context,zhegeyinqingqishiyinggaizhichichaochangjuzishurucainengyong,25,59,59891.600,1015.112,181166080,181166080,unavailable,186294272,195674112,195674112,unavailable,195674112,195674112,202891264
yune,track-a-comparison,luna_pinyin,key_sequence_process_with_context,zhegeyinqingqishiyinggaizhichichaochangjuzishurucainengyong,26,59,59744.400,1012.617,181166080,181166080,unavailable,186294272,195674112,195674112,unavailable,195674112,195674112,202891264
yune,track-a-comparison,luna_pinyin,key_sequence_process_with_context,zhegeyinqingqishiyinggaizhichichaochangjuzishurucainengyong,27,59,61953.100,1050.053,181166080,181301248,unavailable,186294272,195674112,195674112,unavailable,195674112,195674112,202891264
yune,track-a-comparison,luna_pinyin,key_sequence_process_with_context,zhegeyinqingqishiyinggaizhichichaochangjuzishurucainengyong,28,59,60204.200,1020.410,181301248,181301248,unavailable,186294272,195674112,195674112,unavailable,195674112,195674112,202891264
yune,track-a-comparison,luna_pinyin,key_sequence_process_with_context,zhegeyinqingqishiyinggaizhichichaochangjuzishurucainengyong,29,59,62936.700,1066.724,181301248,181301248,unavailable,186294272,195674112,195674112,unavailable,195674112,195674112,202891264
yune,track-a-comparison,luna_pinyin,key_sequence_process_with_context,zhegeyinqingqishiyinggaizhichichaochangjuzishurucainengyong,30,59,62925.400,1066.532,181301248,181301248,unavailable,186294272,195674112,195674112,unavailable,195674112,195674112,202891264
yune,track-a-comparison,luna_pinyin,key_sequence_process_with_context,zhegeyinqingqishiyinggaizhichichaochangjuzishurucainengyong,31,59,62410.200,1057.800,181301248,181301248,unavailable,186294272,195674112,195674112,unavailable,195674112,195674112,202891264
yune,track-a-comparison,luna_pinyin,key_sequence_process_with_context,zhegeyinqingqishiyinggaizhichichaochangjuzishurucainengyong,32,59,61608.100,1044.205,181301248,181301248,unavailable,186294272,195674112,195674112,unavailable,195674112,195674112,202891264
yune,track-a-comparison,luna_pinyin,key_sequence_process_with_context,zhegeyinqingqishiyinggaizhichichaochangjuzishurucainengyong,33,59,63772.200,1080.885,181301248,181301248,unavailable,186294272,195674112,195674112,unavailable,195674112,195674112,202891264
yune,track-a-comparison,luna_pinyin,key_sequence_process_with_context,zhegeyinqingqishiyinggaizhichichaochangjuzishurucainengyong,34,59,62519.900,1059.659,181301248,181301248,unavailable,186294272,195674112,195674112,unavailable,195674112,195674112,202891264
yune,track-a-comparison,luna_pinyin,key_sequence_process_with_context,zhegeyinqingqishiyinggaizhichichaochangjuzishurucainengyong,35,59,62381.000,1057.305,181301248,181301248,unavailable,186294272,195674112,195674112,unavailable,195674112,195674112,202891264
yune,track-a-comparison,luna_pinyin,key_sequence_process_with_context,zhegeyinqingqishiyinggaizhichichaochangjuzishurucainengyong,36,59,62359.200,1056.936,181301248,181301248,unavailable,186294272,195674112,195674112,unavailable,195674112,195674112,202891264
yune,track-a-comparison,luna_pinyin,key_sequence_process_with_context,zhegeyinqingqishiyinggaizhichichaochangjuzishurucainengyong,37,59,60567.900,1026.575,181301248,181301248,unavailable,186294272,195674112,195674112,unavailable,195674112,195674112,202891264
yune,track-a-comparison,luna_pinyin,key_sequence_process_with_context,zhegeyinqingqishiyinggaizhichichaochangjuzishurucainengyong,38,59,59811.700,1013.758,181301248,181301248,unavailable,186294272,195674112,195674112,unavailable,195674112,195674112,202891264
yune,track-a-comparison,luna_pinyin,key_sequence_process_with_context,zhegeyinqingqishiyinggaizhichichaochangjuzishurucainengyong,39,59,59679.900,1011.524,181301248,181301248,unavailable,186294272,195674112,195674112,unavailable,195674112,195674112,202891264
yune,track-a-comparison,luna_pinyin,key_sequence_process_with_context,zhegeyinqingqishiyinggaizhichichaochangjuzishurucainengyong,40,59,59861.100,1014.595,181301248,181301248,unavailable,186294272,195674112,195674112,unavailable,195674112,195674112,202891264
yune,track-a-comparison,luna_pinyin,key_sequence_process_with_context,zhegeyinqingqishiyinggaizhichichaochangjuzishurucainengyong,41,59,60874.000,1031.763,181301248,181301248,unavailable,186294272,195674112,195674112,unavailable,195674112,195674112,202891264
yune,track-a-comparison,luna_pinyin,key_sequence_process_with_context,zhegeyinqingqishiyinggaizhichichaochangjuzishurucainengyong,42,59,61667.900,1045.219,181301248,181301248,unavailable,186294272,195674112,195674112,unavailable,195674112,195674112,202891264
yune,track-a-comparison,luna_pinyin,key_sequence_process_with_context,zhegeyinqingqishiyinggaizhichichaochangjuzishurucainengyong,43,59,63360.300,1073.903,181301248,181301248,unavailable,186294272,195674112,195674112,unavailable,195674112,195674112,202891264
yune,track-a-comparison,luna_pinyin,key_sequence_process_with_context,zhegeyinqingqishiyinggaizhichichaochangjuzishurucainengyong,44,59,63342.900,1073.608,181301248,181301248,unavailable,186294272,195674112,195674112,unavailable,195674112,195674112,202891264
yune,track-a-comparison,luna_pinyin,key_sequence_process_with_context,zhegeyinqingqishiyinggaizhichichaochangjuzishurucainengyong,45,59,62783.300,1064.124,181301248,181297152,unavailable,186294272,195674112,195674112,unavailable,195674112,195674112,202891264
yune,track-a-comparison,luna_pinyin,key_sequence_process_with_context,zhegeyinqingqishiyinggaizhichichaochangjuzishurucainengyong,46,59,65692.600,1113.434,181297152,181297152,unavailable,186294272,195674112,195674112,unavailable,195674112,195674112,202891264
yune,track-a-comparison,luna_pinyin,key_sequence_process_with_context,zhegeyinqingqishiyinggaizhichichaochangjuzishurucainengyong,47,59,60186.500,1020.110,181297152,181297152,unavailable,186294272,195674112,195674112,unavailable,195674112,195674112,202891264
yune,track-a-comparison,luna_pinyin,key_sequence_process_with_context,zhegeyinqingqishiyinggaizhichichaochangjuzishurucainengyong,48,59,59934.300,1015.836,181297152,181297152,unavailable,186294272,195674112,195674112,unavailable,195674112,195674112,202891264
yune,track-a-comparison,luna_pinyin,key_sequence_process_with_context,zhegeyinqingqishiyinggaizhichichaochangjuzishurucainengyong,49,59,59905.700,1015.351,181297152,181297152,unavailable,186294272,195674112,195674112,unavailable,195674112,195674112,202891264
yune,track-a-comparison,luna_pinyin,key_sequence_process_with_context,zhegeyinqingqishiyinggaizhichichaochangjuzishurucainengyong,50,59,59891.100,1015.103,181297152,181297152,unavailable,186294272,195674112,195674112,unavailable,195674112,195674112,202891264
yune,track-a-comparison,luna_pinyin,key_sequence_process_with_context,zhegeyinqingqishiyinggaizhichichaochangjuzishurucainengyong,51,59,61163.100,1036.663,181297152,181297152,unavailable,186294272,195674112,195674112,unavailable,195674112,195674112,202891264
yune,track-a-comparison,luna_pinyin,key_sequence_process_with_context,zhegeyinqingqishiyinggaizhichichaochangjuzishurucainengyong,52,59,61904.000,1049.220,181297152,181297152,unavailable,186294272,195674112,195674112,unavailable,195674112,195674112,202891264
yune,track-a-comparison,luna_pinyin,key_sequence_process_with_context,zhegeyinqingqishiyinggaizhichichaochangjuzishurucainengyong,53,59,65052.000,1102.576,181297152,181297152,unavailable,186294272,195674112,195674112,unavailable,195674112,195674112,202891264
yune,track-a-comparison,luna_pinyin,key_sequence_process_with_context,zhegeyinqingqishiyinggaizhichichaochangjuzishurucainengyong,54,59,63501.000,1076.288,181297152,181297152,unavailable,186294272,195674112,195674112,unavailable,195674112,195674112,202891264
yune,track-a-comparison,luna_pinyin,key_sequence_process_with_context,zhegeyinqingqishiyinggaizhichichaochangjuzishurucainengyong,55,59,62141.100,1053.239,181297152,181297152,unavailable,186294272,195674112,195674112,unavailable,195674112,195674112,202891264
yune,track-a-comparison,luna_pinyin,key_sequence_process_with_context,zhegeyinqingqishiyinggaizhichichaochangjuzishurucainengyong,56,59,64052.800,1085.641,181297152,181297152,unavailable,186294272,195674112,195674112,unavailable,195674112,195674112,202891264
yune,track-a-comparison,luna_pinyin,key_sequence_process_with_context,zhegeyinqingqishiyinggaizhichichaochangjuzishurucainengyong,57,59,62384.200,1057.359,181297152,181297152,unavailable,186294272,195674112,195674112,unavailable,195674112,195674112,202891264
yune,track-a-comparison,luna_pinyin,key_sequence_process_with_context,zhegeyinqingqishiyinggaizhichichaochangjuzishurucainengyong,58,59,63097.300,1069.446,181297152,181297152,unavailable,186294272,195674112,195674112,unavailable,195674112,195674112,202891264
yune,track-a-comparison,luna_pinyin,key_sequence_process_with_context,zhegeyinqingqishiyinggaizhichichaochangjuzishurucainengyong,59,59,62962.200,1067.156,181297152,181297152,unavailable,186294272,195674112,195674112,unavailable,195674112,195674112,202891264
yune,track-a-comparison,luna_pinyin,key_sequence_process_with_context,zhegeyinqingqishiyinggaizhichichaochangjuzishurucainengyong,60,59,62309.500,1056.093,181297152,181297152,unavailable,186294272,195674112,195674112,unavailable,195674112,195674112,202891264
yune,track-a-comparison,luna_pinyin,key_sequence_process_with_context,zhegeyinqingqishiyinggaizhichichaochangjuzishurucainengyong,61,59,60152.900,1019.541,181297152,181297152,unavailable,186294272,195674112,195674112,unavailable,195674112,195674112,202891264
yune,track-a-comparison,luna_pinyin,key_sequence_process_with_context,zhegeyinqingqishiyinggaizhichichaochangjuzishurucainengyong,62,59,64592.600,1094.790,181297152,181297152,unavailable,186294272,195674112,195674112,unavailable,195674112,195674112,202891264
yune,track-a-comparison,luna_pinyin,key_sequence_process_with_context,zhegeyinqingqishiyinggaizhichichaochangjuzishurucainengyong,63,59,61665.000,1045.169,181297152,181297152,unavailable,186294272,195674112,195674112,unavailable,195674112,195674112,202891264
yune,track-a-comparison,luna_pinyin,key_sequence_process_with_context,zhegeyinqingqishiyinggaizhichichaochangjuzishurucainengyong,64,59,62642.100,1061.731,181297152,181297152,unavailable,186294272,195674112,195674112,unavailable,195674112,195674112,202891264
yune,track-a-comparison,luna_pinyin,key_sequence_process_with_context,zhegeyinqingqishiyinggaizhichichaochangjuzishurucainengyong,65,59,61918.600,1049.468,181297152,181297152,unavailable,186294272,195674112,195674112,unavailable,195674112,195674112,202891264
yune,track-a-comparison,luna_pinyin,key_sequence_process_with_context,zhegeyinqingqishiyinggaizhichichaochangjuzishurucainengyong,66,59,62780.200,1064.071,181297152,181297152,unavailable,186294272,195674112,195674112,unavailable,195674112,195674112,202891264
yune,track-a-comparison,luna_pinyin,key_sequence_process_with_context,zhegeyinqingqishiyinggaizhichichaochangjuzishurucainengyong,67,59,63209.600,1071.349,181297152,181297152,unavailable,186294272,195674112,195674112,unavailable,195674112,195674112,202891264
yune,track-a-comparison,luna_pinyin,key_sequence_process_with_context,zhegeyinqingqishiyinggaizhichichaochangjuzishurucainengyong,68,59,61537.100,1043.002,181297152,181293056,unavailable,186294272,195674112,195674112,unavailable,195674112,195674112,202891264
yune,track-a-comparison,luna_pinyin,key_sequence_process_with_context,zhegeyinqingqishiyinggaizhichichaochangjuzishurucainengyong,69,59,62693.000,1062.593,181293056,181293056,unavailable,186294272,195674112,195674112,unavailable,195674112,195674112,202891264
yune,track-a-comparison,luna_pinyin,key_sequence_process_with_context,zhegeyinqingqishiyinggaizhichichaochangjuzishurucainengyong,70,59,72334.600,1226.010,181293056,181293056,unavailable,186294272,195674112,195674112,unavailable,195674112,195674112,202891264
yune,track-a-comparison,luna_pinyin,key_sequence_process_with_context,zhegeyinqingqishiyinggaizhichichaochangjuzishurucainengyong,71,59,66688.500,1130.314,181293056,181293056,unavailable,186294272,195674112,195674112,unavailable,195674112,195674112,202891264
yune,track-a-comparison,luna_pinyin,key_sequence_process_with_context,zhegeyinqingqishiyinggaizhichichaochangjuzishurucainengyong,72,59,70879.100,1201.341,181293056,181293056,unavailable,186294272,195674112,195674112,unavailable,195674112,195674112,202891264
yune,track-a-comparison,luna_pinyin,key_sequence_process_with_context,zhegeyinqingqishiyinggaizhichichaochangjuzishurucainengyong,73,59,68707.400,1164.532,181293056,181293056,unavailable,186294272,195674112,195674112,unavailable,195674112,195674112,202891264
yune,track-a-comparison,luna_pinyin,key_sequence_process_with_context,zhegeyinqingqishiyinggaizhichichaochangjuzishurucainengyong,74,59,68129.400,1154.736,181293056,181293056,unavailable,186294272,195674112,195674112,unavailable,195674112,195674112,202891264
yune,track-a-comparison,luna_pinyin,key_sequence_process_with_context,zhegeyinqingqishiyinggaizhichichaochangjuzishurucainengyong,75,59,73690.600,1248.993,181293056,181293056,unavailable,186294272,195674112,195674112,unavailable,195674112,195674112,202891264
yune,track-a-comparison,luna_pinyin,key_sequence_process_with_context,zhegeyinqingqishiyinggaizhichichaochangjuzishurucainengyong,76,59,65542.000,1110.881,181293056,181288960,unavailable,186294272,195674112,195674112,unavailable,195674112,195674112,202891264
yune,track-a-comparison,luna_pinyin,key_sequence_process_with_context,zhegeyinqingqishiyinggaizhichichaochangjuzishurucainengyong,77,59,64474.500,1092.788,181288960,181288960,unavailable,186294272,195674112,195674112,unavailable,195674112,195674112,202891264
yune,track-a-comparison,luna_pinyin,key_sequence_process_with_context,zhegeyinqingqishiyinggaizhichichaochangjuzishurucainengyong,78,59,65410.500,1108.653,181288960,181288960,unavailable,186294272,195674112,195674112,unavailable,195674112,195674112,202891264
yune,track-a-comparison,luna_pinyin,key_sequence_process_with_context,zhegeyinqingqishiyinggaizhichichaochangjuzishurucainengyong,79,59,63727.900,1080.134,181288960,181288960,unavailable,186294272,195674112,195674112,unavailable,195674112,195674112,202891264
yune,track-a-comparison,luna_pinyin,key_sequence_process_with_context,cszysmsrsd,0,10,4747.600,474.760,182026240,182026240,unavailable,186294272,196530176,196530176,unavailable,196530176,196530176,202891264
yune,track-a-comparison,luna_pinyin,key_sequence_process_with_context,cszysmsrsd,1,10,4814.100,481.410,182026240,182026240,unavailable,186294272,196530176,196530176,unavailable,196530176,196530176,202891264
yune,track-a-comparison,luna_pinyin,key_sequence_process_with_context,cszysmsrsd,2,10,4826.200,482.620,182026240,182026240,unavailable,186294272,196530176,196530176,unavailable,196530176,196530176,202891264
yune,track-a-comparison,luna_pinyin,key_sequence_process_with_context,cszysmsrsd,3,10,4829.100,482.910,182026240,182026240,unavailable,186294272,196530176,196530176,unavailable,196530176,196530176,202891264
yune,track-a-comparison,luna_pinyin,key_sequence_process_with_context,cszysmsrsd,4,10,4835.500,483.550,182026240,182026240,unavailable,186294272,196530176,196530176,unavailable,196530176,196530176,202891264
yune,track-a-comparison,luna_pinyin,key_sequence_process_with_context,cszysmsrsd,5,10,4825.100,482.510,182026240,182026240,unavailable,186294272,196530176,196530176,unavailable,196530176,196530176,202891264
yune,track-a-comparison,luna_pinyin,key_sequence_process_with_context,cszysmsrsd,6,10,4804.400,480.440,182026240,182026240,unavailable,186294272,196530176,196530176,unavailable,196530176,196530176,202891264
yune,track-a-comparison,luna_pinyin,key_sequence_process_with_context,cszysmsrsd,7,10,4833.400,483.340,182026240,182026240,unavailable,186294272,196530176,196530176,unavailable,196530176,196530176,202891264
yune,track-a-comparison,luna_pinyin,key_sequence_process_with_context,cszysmsrsd,8,10,4828.500,482.850,182026240,182026240,unavailable,186294272,196530176,196530176,unavailable,196530176,196530176,202891264
yune,track-a-comparison,luna_pinyin,key_sequence_process_with_context,cszysmsrsd,9,10,4798.100,479.810,182026240,182026240,unavailable,186294272,196530176,196530176,unavailable,196530176,196530176,202891264
yune,track-a-comparison,luna_pinyin,key_sequence_process_with_context,cszysmsrsd,10,10,4825.800,482.580,182026240,182026240,unavailable,186294272,196530176,196530176,unavailable,196530176,196530176,202891264
yune,track-a-comparison,luna_pinyin,key_sequence_process_with_context,cszysmsrsd,11,10,4847.800,484.780,182026240,182026240,unavailable,186294272,196530176,196530176,unavailable,196530176,196530176,202891264
yune,track-a-comparison,luna_pinyin,key_sequence_process_with_context,cszysmsrsd,12,10,4853.800,485.380,182026240,182026240,unavailable,186294272,196530176,196530176,unavailable,196530176,196530176,202891264
yune,track-a-comparison,luna_pinyin,key_sequence_process_with_context,cszysmsrsd,13,10,4863.300,486.330,182026240,182026240,unavailable,186294272,196530176,196530176,unavailable,196530176,196530176,202891264
yune,track-a-comparison,luna_pinyin,key_sequence_process_with_context,cszysmsrsd,14,10,4814.300,481.430,182026240,182026240,unavailable,186294272,196530176,196530176,unavailable,196530176,196530176,202891264
yune,track-a-comparison,luna_pinyin,key_sequence_process_with_context,cszysmsrsd,15,10,4839.400,483.940,182026240,182026240,unavailable,186294272,196530176,196530176,unavailable,196530176,196530176,202891264
yune,track-a-comparison,luna_pinyin,key_sequence_process_with_context,cszysmsrsd,16,10,4825.400,482.540,182026240,182026240,unavailable,186294272,196530176,196530176,unavailable,196530176,196530176,202891264
yune,track-a-comparison,luna_pinyin,key_sequence_process_with_context,cszysmsrsd,17,10,4818.200,481.820,182026240,182026240,unavailable,186294272,196530176,196530176,unavailable,196530176,196530176,202891264
yune,track-a-comparison,luna_pinyin,key_sequence_process_with_context,cszysmsrsd,18,10,4806.000,480.600,182026240,182026240,unavailable,186294272,196530176,196530176,unavailable,196530176,196530176,202891264
yune,track-a-comparison,luna_pinyin,key_sequence_process_with_context,cszysmsrsd,19,10,4836.400,483.640,182026240,182026240,unavailable,186294272,196530176,196530176,unavailable,196530176,196530176,202891264
yune,track-a-comparison,luna_pinyin,key_sequence_process_with_context,cszysmsrsd,20,10,4822.300,482.230,182026240,182026240,unavailable,186294272,196530176,196530176,unavailable,196530176,196530176,202891264
yune,track-a-comparison,luna_pinyin,key_sequence_process_with_context,cszysmsrsd,21,10,4842.800,484.280,182026240,182026240,unavailable,186294272,196530176,196530176,unavailable,196530176,196530176,202891264
yune,track-a-comparison,luna_pinyin,key_sequence_process_with_context,cszysmsrsd,22,10,4853.100,485.310,182026240,182026240,unavailable,186294272,196530176,196530176,unavailable,196530176,196530176,202891264
yune,track-a-comparison,luna_pinyin,key_sequence_process_with_context,cszysmsrsd,23,10,4860.400,486.040,182026240,182026240,unavailable,186294272,196530176,196530176,unavailable,196530176,196530176,202891264
yune,track-a-comparison,luna_pinyin,key_sequence_process_with_context,cszysmsrsd,24,10,4873.700,487.370,182026240,182026240,unavailable,186294272,196530176,196530176,unavailable,196530176,196530176,202891264
yune,track-a-comparison,luna_pinyin,key_sequence_process_with_context,cszysmsrsd,25,10,4875.200,487.520,182026240,182026240,unavailable,186294272,196530176,196530176,unavailable,196530176,196530176,202891264
yune,track-a-comparison,luna_pinyin,key_sequence_process_with_context,cszysmsrsd,26,10,4879.800,487.980,182026240,182026240,unavailable,186294272,196530176,196530176,unavailable,196530176,196530176,202891264
yune,track-a-comparison,luna_pinyin,key_sequence_process_with_context,cszysmsrsd,27,10,4912.200,491.220,182026240,182022144,unavailable,186294272,196530176,196530176,unavailable,196530176,196530176,202891264
yune,track-a-comparison,luna_pinyin,key_sequence_process_with_context,cszysmsrsd,28,10,4908.900,490.890,182022144,182022144,unavailable,186294272,196530176,196530176,unavailable,196530176,196530176,202891264
yune,track-a-comparison,luna_pinyin,key_sequence_process_with_context,cszysmsrsd,29,10,4896.000,489.600,182022144,182022144,unavailable,186294272,196530176,196530176,unavailable,196530176,196530176,202891264
yune,track-a-comparison,luna_pinyin,key_sequence_process_with_context,cszysmsrsd,30,10,4857.200,485.720,182022144,182022144,unavailable,186294272,196530176,196530176,unavailable,196530176,196530176,202891264
yune,track-a-comparison,luna_pinyin,key_sequence_process_with_context,cszysmsrsd,31,10,4877.300,487.730,182022144,182022144,unavailable,186294272,196530176,196530176,unavailable,196530176,196530176,202891264
yune,track-a-comparison,luna_pinyin,key_sequence_process_with_context,cszysmsrsd,32,10,4977.300,497.730,182022144,182022144,unavailable,186294272,196530176,196530176,unavailable,196530176,196530176,202891264
yune,track-a-comparison,luna_pinyin,key_sequence_process_with_context,cszysmsrsd,33,10,4755.900,475.590,182022144,182022144,unavailable,186294272,196530176,196530176,unavailable,196530176,196530176,202891264
yune,track-a-comparison,luna_pinyin,key_sequence_process_with_context,cszysmsrsd,34,10,4720.900,472.090,182022144,182022144,unavailable,186294272,196530176,196530176,unavailable,196530176,196530176,202891264
yune,track-a-comparison,luna_pinyin,key_sequence_process_with_context,cszysmsrsd,35,10,4744.100,474.410,182022144,182022144,unavailable,186294272,196530176,196530176,unavailable,196530176,196530176,202891264
yune,track-a-comparison,luna_pinyin,key_sequence_process_with_context,cszysmsrsd,36,10,4724.200,472.420,182022144,182022144,unavailable,186294272,196530176,196530176,unavailable,196530176,196530176,202891264
yune,track-a-comparison,luna_pinyin,key_sequence_process_with_context,cszysmsrsd,37,10,4730.200,473.020,182022144,182022144,unavailable,186294272,196530176,196530176,unavailable,196530176,196530176,202891264
yune,track-a-comparison,luna_pinyin,key_sequence_process_with_context,cszysmsrsd,38,10,4720.200,472.020,182022144,182022144,unavailable,186294272,196530176,196530176,unavailable,196530176,196530176,202891264
yune,track-a-comparison,luna_pinyin,key_sequence_process_with_context,cszysmsrsd,39,10,4742.400,474.240,182022144,182022144,unavailable,186294272,196530176,196530176,unavailable,196530176,196530176,202891264
yune,track-a-comparison,luna_pinyin,key_sequence_process_with_context,cszysmsrsd,40,10,4815.000,481.500,182022144,182026240,unavailable,186294272,196530176,196530176,unavailable,196530176,196530176,202891264
yune,track-a-comparison,luna_pinyin,key_sequence_process_with_context,cszysmsrsd,41,10,4741.100,474.110,182026240,182026240,unavailable,186294272,196530176,196530176,unavailable,196530176,196530176,202891264
yune,track-a-comparison,luna_pinyin,key_sequence_process_with_context,cszysmsrsd,42,10,4763.900,476.390,182026240,182026240,unavailable,186294272,196530176,196530176,unavailable,196530176,196530176,202891264
yune,track-a-comparison,luna_pinyin,key_sequence_process_with_context,cszysmsrsd,43,10,5054.600,505.460,182026240,182026240,unavailable,186294272,196530176,196530176,unavailable,196530176,196530176,202891264
yune,track-a-comparison,luna_pinyin,key_sequence_process_with_context,cszysmsrsd,44,10,4764.500,476.450,182026240,182026240,unavailable,186294272,196530176,196530176,unavailable,196530176,196530176,202891264
yune,track-a-comparison,luna_pinyin,key_sequence_process_with_context,cszysmsrsd,45,10,4735.500,473.550,182026240,182026240,unavailable,186294272,196530176,196530176,unavailable,196530176,196530176,202891264
yune,track-a-comparison,luna_pinyin,key_sequence_process_with_context,cszysmsrsd,46,10,4916.900,491.690,182026240,182026240,unavailable,186294272,196530176,196530176,unavailable,196530176,196530176,202891264
yune,track-a-comparison,luna_pinyin,key_sequence_process_with_context,cszysmsrsd,47,10,4817.200,481.720,182026240,182026240,unavailable,186294272,196530176,196530176,unavailable,196530176,196530176,202891264
yune,track-a-comparison,luna_pinyin,key_sequence_process_with_context,cszysmsrsd,48,10,5086.300,508.630,182026240,182026240,unavailable,186294272,196530176,196530176,unavailable,196530176,196530176,202891264
yune,track-a-comparison,luna_pinyin,key_sequence_process_with_context,cszysmsrsd,49,10,4830.400,483.040,182026240,182026240,unavailable,186294272,196530176,196530176,unavailable,196530176,196530176,202891264
yune,track-a-comparison,luna_pinyin,key_sequence_process_with_context,cszysmsrsd,50,10,4818.800,481.880,182026240,182026240,unavailable,186294272,196530176,196530176,unavailable,196530176,196530176,202891264
yune,track-a-comparison,luna_pinyin,key_sequence_process_with_context,cszysmsrsd,51,10,4814.600,481.460,182026240,182026240,unavailable,186294272,196530176,196530176,unavailable,196530176,196530176,202891264
yune,track-a-comparison,luna_pinyin,key_sequence_process_with_context,cszysmsrsd,52,10,4789.300,478.930,182026240,182026240,unavailable,186294272,196530176,196530176,unavailable,196530176,196530176,202891264
yune,track-a-comparison,luna_pinyin,key_sequence_process_with_context,cszysmsrsd,53,10,4797.500,479.750,182026240,182026240,unavailable,186294272,196530176,196530176,unavailable,196530176,196530176,202891264
yune,track-a-comparison,luna_pinyin,key_sequence_process_with_context,cszysmsrsd,54,10,4819.700,481.970,182026240,182026240,unavailable,186294272,196530176,196530176,unavailable,196530176,196530176,202891264
yune,track-a-comparison,luna_pinyin,key_sequence_process_with_context,cszysmsrsd,55,10,4814.300,481.430,182026240,182026240,unavailable,186294272,196530176,196530176,unavailable,196530176,196530176,202891264
yune,track-a-comparison,luna_pinyin,key_sequence_process_with_context,cszysmsrsd,56,10,4916.000,491.600,182026240,182026240,unavailable,186294272,196530176,196530176,unavailable,196530176,196530176,202891264
yune,track-a-comparison,luna_pinyin,key_sequence_process_with_context,cszysmsrsd,57,10,4820.500,482.050,182026240,182026240,unavailable,186294272,196530176,196530176,unavailable,196530176,196530176,202891264
yune,track-a-comparison,luna_pinyin,key_sequence_process_with_context,cszysmsrsd,58,10,4817.300,481.730,182026240,182026240,unavailable,186294272,196530176,196530176,unavailable,196530176,196530176,202891264
yune,track-a-comparison,luna_pinyin,key_sequence_process_with_context,cszysmsrsd,59,10,4737.700,473.770,182026240,182026240,unavailable,186294272,196530176,196530176,unavailable,196530176,196530176,202891264
yune,track-a-comparison,luna_pinyin,key_sequence_process_with_context,cszysmsrsd,60,10,4689.500,468.950,182026240,182026240,unavailable,186294272,196530176,196530176,unavailable,196530176,196530176,202891264
yune,track-a-comparison,luna_pinyin,key_sequence_process_with_context,cszysmsrsd,61,10,4740.700,474.070,182026240,182026240,unavailable,186294272,196530176,196530176,unavailable,196530176,196530176,202891264
yune,track-a-comparison,luna_pinyin,key_sequence_process_with_context,cszysmsrsd,62,10,4680.600,468.060,182026240,182026240,unavailable,186294272,196530176,196530176,unavailable,196530176,196530176,202891264
yune,track-a-comparison,luna_pinyin,key_sequence_process_with_context,cszysmsrsd,63,10,4704.600,470.460,182026240,182026240,unavailable,186294272,196530176,196530176,unavailable,196530176,196530176,202891264
yune,track-a-comparison,luna_pinyin,key_sequence_process_with_context,cszysmsrsd,64,10,4720.700,472.070,182026240,182026240,unavailable,186294272,196530176,196530176,unavailable,196530176,196530176,202891264
yune,track-a-comparison,luna_pinyin,key_sequence_process_with_context,cszysmsrsd,65,10,4764.400,476.440,182026240,182026240,unavailable,186294272,196530176,196530176,unavailable,196530176,196530176,202891264
yune,track-a-comparison,luna_pinyin,key_sequence_process_with_context,cszysmsrsd,66,10,4672.400,467.240,182026240,182026240,unavailable,186294272,196530176,196530176,unavailable,196530176,196530176,202891264
yune,track-a-comparison,luna_pinyin,key_sequence_process_with_context,cszysmsrsd,67,10,4659.000,465.900,182026240,182026240,unavailable,186294272,196530176,196530176,unavailable,196530176,196530176,202891264
yune,track-a-comparison,luna_pinyin,key_sequence_process_with_context,cszysmsrsd,68,10,4661.800,466.180,182026240,182026240,unavailable,186294272,196530176,196530176,unavailable,196530176,196530176,202891264
yune,track-a-comparison,luna_pinyin,key_sequence_process_with_context,cszysmsrsd,69,10,4639.600,463.960,182026240,182026240,unavailable,186294272,196530176,196530176,unavailable,196530176,196530176,202891264
yune,track-a-comparison,luna_pinyin,key_sequence_process_with_context,cszysmsrsd,70,10,4678.100,467.810,182026240,182026240,unavailable,186294272,196530176,196530176,unavailable,196530176,196530176,202891264
yune,track-a-comparison,luna_pinyin,key_sequence_process_with_context,cszysmsrsd,71,10,4711.200,471.120,182026240,182046720,unavailable,186294272,196530176,196530176,unavailable,196530176,196530176,202891264
yune,track-a-comparison,luna_pinyin,key_sequence_process_with_context,cszysmsrsd,72,10,4640.800,464.080,182046720,182046720,unavailable,186294272,196530176,196530176,unavailable,196530176,196530176,202891264
yune,track-a-comparison,luna_pinyin,key_sequence_process_with_context,cszysmsrsd,73,10,4686.300,468.630,182046720,182046720,unavailable,186294272,196530176,196530176,unavailable,196530176,196530176,202891264
yune,track-a-comparison,luna_pinyin,key_sequence_process_with_context,cszysmsrsd,74,10,4642.900,464.290,182046720,182046720,unavailable,186294272,196530176,196530176,unavailable,196530176,196530176,202891264
yune,track-a-comparison,luna_pinyin,key_sequence_process_with_context,cszysmsrsd,75,10,4648.300,464.830,182046720,182046720,unavailable,186294272,196530176,196530176,unavailable,196530176,196530176,202891264
yune,track-a-comparison,luna_pinyin,key_sequence_process_with_context,cszysmsrsd,76,10,4662.100,466.210,182046720,182046720,unavailable,186294272,196530176,196530176,unavailable,196530176,196530176,202891264
yune,track-a-comparison,luna_pinyin,key_sequence_process_with_context,cszysmsrsd,77,10,4678.900,467.890,182046720,182046720,unavailable,186294272,196530176,196530176,unavailable,196530176,196530176,202891264
yune,track-a-comparison,luna_pinyin,key_sequence_process_with_context,cszysmsrsd,78,10,4645.200,464.520,182046720,182046720,unavailable,186294272,196530176,196530176,unavailable,196530176,196530176,202891264
yune,track-a-comparison,luna_pinyin,key_sequence_process_with_context,cszysmsrsd,79,10,4668.200,466.820,182046720,182046720,unavailable,186294272,196530176,196530176,unavailable,196530176,196530176,202891264
yune,track-a-comparison,luna_pinyin,key_sequence_process_with_context,zybfshmsru,0,10,4973.700,497.370,183590912,183590912,unavailable,186294272,198115328,198115328,unavailable,198115328,198115328,202891264
yune,track-a-comparison,luna_pinyin,key_sequence_process_with_context,zybfshmsru,1,10,4985.600,498.560,183590912,183590912,unavailable,186294272,198115328,198115328,unavailable,198115328,198115328,202891264
yune,track-a-comparison,luna_pinyin,key_sequence_process_with_context,zybfshmsru,2,10,5027.500,502.750,183590912,183590912,unavailable,186294272,198115328,198115328,unavailable,198115328,198115328,202891264
yune,track-a-comparison,luna_pinyin,key_sequence_process_with_context,zybfshmsru,3,10,5038.100,503.810,183590912,183590912,unavailable,186294272,198115328,198115328,unavailable,198115328,198115328,202891264
yune,track-a-comparison,luna_pinyin,key_sequence_process_with_context,zybfshmsru,4,10,5046.300,504.630,183590912,183590912,unavailable,186294272,198115328,198115328,unavailable,198115328,198115328,202891264
yune,track-a-comparison,luna_pinyin,key_sequence_process_with_context,zybfshmsru,5,10,5074.100,507.410,183590912,183590912,unavailable,186294272,198115328,198115328,unavailable,198115328,198115328,202891264
yune,track-a-comparison,luna_pinyin,key_sequence_process_with_context,zybfshmsru,6,10,5077.100,507.710,183590912,183590912,unavailable,186294272,198115328,198115328,unavailable,198115328,198115328,202891264
yune,track-a-comparison,luna_pinyin,key_sequence_process_with_context,zybfshmsru,7,10,4986.400,498.640,183590912,183590912,unavailable,186294272,198115328,198115328,unavailable,198115328,198115328,202891264
yune,track-a-comparison,luna_pinyin,key_sequence_process_with_context,zybfshmsru,8,10,5075.100,507.510,183590912,183590912,unavailable,186294272,198115328,198115328,unavailable,198115328,198115328,202891264
yune,track-a-comparison,luna_pinyin,key_sequence_process_with_context,zybfshmsru,9,10,5022.800,502.280,183590912,183590912,unavailable,186294272,198115328,198115328,unavailable,198115328,198115328,202891264
yune,track-a-comparison,luna_pinyin,key_sequence_process_with_context,zybfshmsru,10,10,5030.500,503.050,183590912,183590912,unavailable,186294272,198115328,198115328,unavailable,198115328,198115328,202891264
yune,track-a-comparison,luna_pinyin,key_sequence_process_with_context,zybfshmsru,11,10,5023.500,502.350,183590912,183590912,unavailable,186294272,198115328,198115328,unavailable,198115328,198115328,202891264
yune,track-a-comparison,luna_pinyin,key_sequence_process_with_context,zybfshmsru,12,10,5037.400,503.740,183590912,183590912,unavailable,186294272,198115328,198115328,unavailable,198115328,198115328,202891264
yune,track-a-comparison,luna_pinyin,key_sequence_process_with_context,zybfshmsru,13,10,5062.700,506.270,183590912,183590912,unavailable,186294272,198115328,198115328,unavailable,198115328,198115328,202891264
yune,track-a-comparison,luna_pinyin,key_sequence_process_with_context,zybfshmsru,14,10,5045.600,504.560,183590912,183590912,unavailable,186294272,198115328,198115328,unavailable,198115328,198115328,202891264
yune,track-a-comparison,luna_pinyin,key_sequence_process_with_context,zybfshmsru,15,10,5073.100,507.310,183590912,183590912,unavailable,186294272,198115328,198115328,unavailable,198115328,198115328,202891264
yune,track-a-comparison,luna_pinyin,key_sequence_process_with_context,zybfshmsru,16,10,5082.300,508.230,183590912,183590912,unavailable,186294272,198115328,198115328,unavailable,198115328,198115328,202891264
yune,track-a-comparison,luna_pinyin,key_sequence_process_with_context,zybfshmsru,17,10,5070.500,507.050,183590912,183590912,unavailable,186294272,198115328,198115328,unavailable,198115328,198115328,202891264
yune,track-a-comparison,luna_pinyin,key_sequence_process_with_context,zybfshmsru,18,10,5137.700,513.770,183590912,183590912,unavailable,186294272,198115328,198115328,unavailable,198115328,198115328,202891264
yune,track-a-comparison,luna_pinyin,key_sequence_process_with_context,zybfshmsru,19,10,5092.100,509.210,183590912,183590912,unavailable,186294272,198115328,198115328,unavailable,198115328,198115328,202891264
yune,track-a-comparison,luna_pinyin,key_sequence_process_with_context,zybfshmsru,20,10,5067.100,506.710,183590912,183590912,unavailable,186294272,198115328,198115328,unavailable,198115328,198115328,202891264
yune,track-a-comparison,luna_pinyin,key_sequence_process_with_context,zybfshmsru,21,10,5037.200,503.720,183590912,183590912,unavailable,186294272,198115328,198115328,unavailable,198115328,198115328,202891264
yune,track-a-comparison,luna_pinyin,key_sequence_process_with_context,zybfshmsru,22,10,5083.500,508.350,183590912,183590912,unavailable,186294272,198115328,198115328,unavailable,198115328,198115328,202891264
yune,track-a-comparison,luna_pinyin,key_sequence_process_with_context,zybfshmsru,23,10,5062.000,506.200,183590912,183590912,unavailable,186294272,198115328,198115328,unavailable,198115328,198115328,202891264
yune,track-a-comparison,luna_pinyin,key_sequence_process_with_context,zybfshmsru,24,10,5071.400,507.140,183590912,183590912,unavailable,186294272,198115328,198115328,unavailable,198115328,198115328,202891264
yune,track-a-comparison,luna_pinyin,key_sequence_process_with_context,zybfshmsru,25,10,5083.100,508.310,183590912,183590912,unavailable,186294272,198115328,198115328,unavailable,198115328,198115328,202891264
yune,track-a-comparison,luna_pinyin,key_sequence_process_with_context,zybfshmsru,26,10,5031.600,503.160,183590912,183590912,unavailable,186294272,198115328,198115328,unavailable,198115328,198115328,202891264
yune,track-a-comparison,luna_pinyin,key_sequence_process_with_context,zybfshmsru,27,10,5078.500,507.850,183590912,183586816,unavailable,186294272,198115328,198115328,unavailable,198115328,198115328,202891264
yune,track-a-comparison,luna_pinyin,key_sequence_process_with_context,zybfshmsru,28,10,5062.800,506.280,183586816,183586816,unavailable,186294272,198115328,198115328,unavailable,198115328,198115328,202891264
yune,track-a-comparison,luna_pinyin,key_sequence_process_with_context,zybfshmsru,29,10,5032.100,503.210,183586816,183586816,unavailable,186294272,198115328,198115328,unavailable,198115328,198115328,202891264
yune,track-a-comparison,luna_pinyin,key_sequence_process_with_context,zybfshmsru,30,10,5093.600,509.360,183586816,183586816,unavailable,186294272,198115328,198115328,unavailable,198115328,198115328,202891264
yune,track-a-comparison,luna_pinyin,key_sequence_process_with_context,zybfshmsru,31,10,5060.300,506.030,183586816,183586816,unavailable,186294272,198115328,198115328,unavailable,198115328,198115328,202891264
yune,track-a-comparison,luna_pinyin,key_sequence_process_with_context,zybfshmsru,32,10,5048.000,504.800,183586816,183586816,unavailable,186294272,198115328,198115328,unavailable,198115328,198115328,202891264
yune,track-a-comparison,luna_pinyin,key_sequence_process_with_context,zybfshmsru,33,10,5054.400,505.440,183586816,183586816,unavailable,186294272,198115328,198115328,unavailable,198115328,198115328,202891264
yune,track-a-comparison,luna_pinyin,key_sequence_process_with_context,zybfshmsru,34,10,5077.400,507.740,183586816,183586816,unavailable,186294272,198115328,198115328,unavailable,198115328,198115328,202891264
yune,track-a-comparison,luna_pinyin,key_sequence_process_with_context,zybfshmsru,35,10,5066.600,506.660,183586816,183586816,unavailable,186294272,198115328,198115328,unavailable,198115328,198115328,202891264
yune,track-a-comparison,luna_pinyin,key_sequence_process_with_context,zybfshmsru,36,10,5036.200,503.620,183586816,183586816,unavailable,186294272,198115328,198115328,unavailable,198115328,198115328,202891264
yune,track-a-comparison,luna_pinyin,key_sequence_process_with_context,zybfshmsru,37,10,5079.300,507.930,183586816,183586816,unavailable,186294272,198115328,198115328,unavailable,198115328,198115328,202891264
yune,track-a-comparison,luna_pinyin,key_sequence_process_with_context,zybfshmsru,38,10,5069.100,506.910,183586816,183586816,unavailable,186294272,198115328,198115328,unavailable,198115328,198115328,202891264
yune,track-a-comparison,luna_pinyin,key_sequence_process_with_context,zybfshmsru,39,10,5022.100,502.210,183586816,183586816,unavailable,186294272,198115328,198115328,unavailable,198115328,198115328,202891264
yune,track-a-comparison,luna_pinyin,key_sequence_process_with_context,zybfshmsru,40,10,5102.500,510.250,183586816,183586816,unavailable,186294272,198115328,198115328,unavailable,198115328,198115328,202891264
yune,track-a-comparison,luna_pinyin,key_sequence_process_with_context,zybfshmsru,41,10,5097.400,509.740,183586816,183586816,unavailable,186294272,198115328,198115328,unavailable,198115328,198115328,202891264
yune,track-a-comparison,luna_pinyin,key_sequence_process_with_context,zybfshmsru,42,10,5114.700,511.470,183586816,183586816,unavailable,186294272,198115328,198115328,unavailable,198115328,198115328,202891264
yune,track-a-comparison,luna_pinyin,key_sequence_process_with_context,zybfshmsru,43,10,5176.000,517.600,183586816,183586816,unavailable,186294272,198115328,198115328,unavailable,198115328,198115328,202891264
yune,track-a-comparison,luna_pinyin,key_sequence_process_with_context,zybfshmsru,44,10,5124.200,512.420,183586816,183586816,unavailable,186294272,198115328,198115328,unavailable,198115328,198115328,202891264
yune,track-a-comparison,luna_pinyin,key_sequence_process_with_context,zybfshmsru,45,10,5164.700,516.470,183586816,183586816,unavailable,186294272,198115328,198115328,unavailable,198115328,198115328,202891264
yune,track-a-comparison,luna_pinyin,key_sequence_process_with_context,zybfshmsru,46,10,5056.000,505.600,183586816,183586816,unavailable,186294272,198115328,198115328,unavailable,198115328,198115328,202891264
yune,track-a-comparison,luna_pinyin,key_sequence_process_with_context,zybfshmsru,47,10,5042.900,504.290,183586816,183586816,unavailable,186294272,198115328,198115328,unavailable,198115328,198115328,202891264
yune,track-a-comparison,luna_pinyin,key_sequence_process_with_context,zybfshmsru,48,10,5088.200,508.820,183586816,183586816,unavailable,186294272,198115328,198115328,unavailable,198115328,198115328,202891264
yune,track-a-comparison,luna_pinyin,key_sequence_process_with_context,zybfshmsru,49,10,5041.100,504.110,183586816,183586816,unavailable,186294272,198115328,198115328,unavailable,198115328,198115328,202891264
yune,track-a-comparison,luna_pinyin,key_sequence_process_with_context,zybfshmsru,50,10,5065.400,506.540,183586816,183586816,unavailable,186294272,198115328,198115328,unavailable,198115328,198115328,202891264
yune,track-a-comparison,luna_pinyin,key_sequence_process_with_context,zybfshmsru,51,10,5082.100,508.210,183586816,183586816,unavailable,186294272,198115328,198115328,unavailable,198115328,198115328,202891264
yune,track-a-comparison,luna_pinyin,key_sequence_process_with_context,zybfshmsru,52,10,5051.900,505.190,183586816,183586816,unavailable,186294272,198115328,198115328,unavailable,198115328,198115328,202891264
yune,track-a-comparison,luna_pinyin,key_sequence_process_with_context,zybfshmsru,53,10,5065.200,506.520,183586816,183586816,unavailable,186294272,198115328,198115328,unavailable,198115328,198115328,202891264
yune,track-a-comparison,luna_pinyin,key_sequence_process_with_context,zybfshmsru,54,10,5261.700,526.170,183586816,183615488,unavailable,186294272,198115328,198115328,unavailable,198115328,198115328,202891264
yune,track-a-comparison,luna_pinyin,key_sequence_process_with_context,zybfshmsru,55,10,5003.500,500.350,183615488,183615488,unavailable,186294272,198115328,198115328,unavailable,198115328,198115328,202891264
yune,track-a-comparison,luna_pinyin,key_sequence_process_with_context,zybfshmsru,56,10,4941.600,494.160,183615488,183615488,unavailable,186294272,198115328,198115328,unavailable,198115328,198115328,202891264
yune,track-a-comparison,luna_pinyin,key_sequence_process_with_context,zybfshmsru,57,10,4942.700,494.270,183615488,183615488,unavailable,186294272,198115328,198115328,unavailable,198115328,198115328,202891264
yune,track-a-comparison,luna_pinyin,key_sequence_process_with_context,zybfshmsru,58,10,4939.800,493.980,183615488,183615488,unavailable,186294272,198115328,198115328,unavailable,198115328,198115328,202891264
yune,track-a-comparison,luna_pinyin,key_sequence_process_with_context,zybfshmsru,59,10,4912.100,491.210,183615488,183615488,unavailable,186294272,198115328,198115328,unavailable,198115328,198115328,202891264
yune,track-a-comparison,luna_pinyin,key_sequence_process_with_context,zybfshmsru,60,10,4984.100,498.410,183615488,183615488,unavailable,186294272,198115328,198115328,unavailable,198115328,198115328,202891264
yune,track-a-comparison,luna_pinyin,key_sequence_process_with_context,zybfshmsru,61,10,4928.000,492.800,183615488,183615488,unavailable,186294272,198115328,198115328,unavailable,198115328,198115328,202891264
yune,track-a-comparison,luna_pinyin,key_sequence_process_with_context,zybfshmsru,62,10,4971.100,497.110,183615488,183615488,unavailable,186294272,198115328,198115328,unavailable,198115328,198115328,202891264
yune,track-a-comparison,luna_pinyin,key_sequence_process_with_context,zybfshmsru,63,10,4993.800,499.380,183615488,183615488,unavailable,186294272,198115328,198115328,unavailable,198115328,198115328,202891264
yune,track-a-comparison,luna_pinyin,key_sequence_process_with_context,zybfshmsru,64,10,4991.300,499.130,183615488,183615488,unavailable,186294272,198115328,198115328,unavailable,198115328,198115328,202891264
yune,track-a-comparison,luna_pinyin,key_sequence_process_with_context,zybfshmsru,65,10,5005.500,500.550,183615488,183615488,unavailable,186294272,198115328,198115328,unavailable,198115328,198115328,202891264
yune,track-a-comparison,luna_pinyin,key_sequence_process_with_context,zybfshmsru,66,10,5070.100,507.010,183615488,183615488,unavailable,186294272,198115328,198115328,unavailable,198115328,198115328,202891264
yune,track-a-comparison,luna_pinyin,key_sequence_process_with_context,zybfshmsru,67,10,4999.400,499.940,183615488,183615488,unavailable,186294272,198115328,198115328,unavailable,198115328,198115328,202891264
yune,track-a-comparison,luna_pinyin,key_sequence_process_with_context,zybfshmsru,68,10,4959.900,495.990,183615488,183615488,unavailable,186294272,198115328,198115328,unavailable,198115328,198115328,202891264
yune,track-a-comparison,luna_pinyin,key_sequence_process_with_context,zybfshmsru,69,10,4947.800,494.780,183615488,183615488,unavailable,186294272,198115328,198115328,unavailable,198115328,198115328,202891264
yune,track-a-comparison,luna_pinyin,key_sequence_process_with_context,zybfshmsru,70,10,4946.500,494.650,183615488,183615488,unavailable,186294272,198115328,198115328,unavailable,198115328,198115328,202891264
yune,track-a-comparison,luna_pinyin,key_sequence_process_with_context,zybfshmsru,71,10,4935.900,493.590,183615488,183615488,unavailable,186294272,198115328,198115328,unavailable,198115328,198115328,202891264
yune,track-a-comparison,luna_pinyin,key_sequence_process_with_context,zybfshmsru,72,10,4959.600,495.960,183615488,183615488,unavailable,186294272,198115328,198115328,unavailable,198115328,198115328,202891264
yune,track-a-comparison,luna_pinyin,key_sequence_process_with_context,zybfshmsru,73,10,4917.000,491.700,183615488,183615488,unavailable,186294272,198115328,198115328,unavailable,198115328,198115328,202891264
yune,track-a-comparison,luna_pinyin,key_sequence_process_with_context,zybfshmsru,74,10,4931.600,493.160,183615488,183615488,unavailable,186294272,198115328,198115328,unavailable,198115328,198115328,202891264
yune,track-a-comparison,luna_pinyin,key_sequence_process_with_context,zybfshmsru,75,10,4955.400,495.540,183615488,183615488,unavailable,186294272,198115328,198115328,unavailable,198115328,198115328,202891264
yune,track-a-comparison,luna_pinyin,key_sequence_process_with_context,zybfshmsru,76,10,4927.300,492.730,183615488,183615488,unavailable,186294272,198115328,198115328,unavailable,198115328,198115328,202891264
yune,track-a-comparison,luna_pinyin,key_sequence_process_with_context,zybfshmsru,77,10,4972.700,497.270,183615488,183615488,unavailable,186294272,198115328,198115328,unavailable,198115328,198115328,202891264
yune,track-a-comparison,luna_pinyin,key_sequence_process_with_context,zybfshmsru,78,10,4995.700,499.570,183615488,183615488,unavailable,186294272,198115328,198115328,unavailable,198115328,198115328,202891264
yune,track-a-comparison,luna_pinyin,key_sequence_process_with_context,zybfshmsru,79,10,4952.700,495.270,183615488,183615488,unavailable,186294272,198115328,198115328,unavailable,198115328,198115328,202891264
