engine,track,schema_id,workload,input,sample_index,operation_count,total_us,us_per_operation,before_working_set_bytes,after_ready_working_set_bytes,after_finalize_working_set_bytes,peak_working_set_bytes,before_private_bytes,after_ready_private_bytes,after_finalize_private_bytes,private_bytes,pagefile_bytes,peak_pagefile_bytes
librime-1.17.0,track-a-comparison,luna_pinyin,startup_warm_shared_assets_runtime_ready,,0,1,44360.600,44360.600,7270400,11161600,10477568,11988992,1617920,3485696,2785280,3485696,3485696,5627904
librime-1.17.0,track-a-comparison,luna_pinyin,startup_warm_shared_assets_runtime_ready,,1,1,26211.000,26211.000,10481664,11513856,10633216,13901824,2785280,3780608,2744320,3780608,3780608,6049792
librime-1.17.0,track-a-comparison,luna_pinyin,startup_warm_shared_assets_runtime_ready,,2,1,22736.300,22736.300,10633216,11571200,10661888,14032896,2744320,3833856,2756608,3833856,3833856,6209536
librime-1.17.0,track-a-comparison,luna_pinyin,startup_warm_shared_assets_runtime_ready,,3,1,23843.000,23843.000,10661888,11563008,10661888,14032896,2756608,3891200,2748416,3891200,3891200,6209536
librime-1.17.0,track-a-comparison,luna_pinyin,startup_warm_shared_assets_runtime_ready,,4,1,23300.800,23300.800,10661888,11571200,10752000,14049280,2748416,3870720,2842624,3870720,3870720,6213632
librime-1.17.0,track-a-comparison,luna_pinyin,startup_warm_shared_assets_runtime_ready,,5,1,24184.300,24184.300,10752000,11571200,10772480,14049280,2842624,3891200,2850816,3891200,3891200,6213632
librime-1.17.0,track-a-comparison,luna_pinyin,startup_warm_shared_assets_runtime_ready,,6,1,22837.300,22837.300,10772480,11587584,10772480,14094336,2850816,3837952,2940928,3837952,3837952,6262784
librime-1.17.0,track-a-comparison,luna_pinyin,startup_warm_shared_assets_runtime_ready,,7,1,22881.800,22881.800,10772480,11608064,10805248,14094336,2940928,3858432,2904064,3858432,3858432,6262784
librime-1.17.0,track-a-comparison,luna_pinyin,startup_warm_shared_assets_runtime_ready,,8,1,23072.400,23072.400,10805248,11608064,10792960,14094336,2904064,3883008,2920448,3883008,3883008,6262784
librime-1.17.0,track-a-comparison,luna_pinyin,session_create_select_destroy,,0,1,26703.600,26703.600,10797056,10993664,unavailable,14094336,2932736,3227648,unavailable,3227648,3227648,6262784
librime-1.17.0,track-a-comparison,luna_pinyin,session_create_select_destroy,,1,1,29609.700,29609.700,10993664,10952704,unavailable,14094336,3227648,3010560,unavailable,3010560,3010560,6262784
librime-1.17.0,track-a-comparison,luna_pinyin,session_create_select_destroy,,2,1,23434.000,23434.000,10952704,10969088,unavailable,14094336,3010560,3014656,unavailable,3014656,3014656,6262784
librime-1.17.0,track-a-comparison,luna_pinyin,session_create_select_destroy,,3,1,23843.900,23843.900,10969088,11001856,unavailable,14118912,3014656,3112960,unavailable,3112960,3112960,6262784
librime-1.17.0,track-a-comparison,luna_pinyin,session_create_select_destroy,,4,1,23212.700,23212.700,11001856,11051008,unavailable,14118912,3112960,3096576,unavailable,3096576,3096576,6262784
librime-1.17.0,track-a-comparison,luna_pinyin,session_create_select_destroy,,5,1,24032.800,24032.800,11051008,11112448,unavailable,14139392,3096576,3481600,unavailable,3481600,3481600,6295552
librime-1.17.0,track-a-comparison,luna_pinyin,session_create_select_destroy,,6,1,27775.300,27775.300,11112448,11112448,unavailable,14139392,3481600,3280896,unavailable,3280896,3280896,6295552
librime-1.17.0,track-a-comparison,luna_pinyin,session_create_select_destroy,,7,1,24377.300,24377.300,11112448,11124736,unavailable,14139392,3280896,3350528,unavailable,3350528,3350528,6295552
librime-1.17.0,track-a-comparison,luna_pinyin,session_create_select_destroy,,8,1,28215.500,28215.500,11128832,11116544,unavailable,14139392,3403776,3629056,unavailable,3629056,3629056,6295552
librime-1.17.0,track-a-comparison,luna_pinyin,session_create_select_destroy,,9,1,24166.100,24166.100,11120640,11116544,unavailable,14139392,3629056,3375104,unavailable,3375104,3375104,6295552
librime-1.17.0,track-a-comparison,luna_pinyin,session_create_select_destroy,,10,1,24530.200,24530.200,11116544,11096064,unavailable,14139392,3375104,3321856,unavailable,3321856,3321856,6295552
librime-1.17.0,track-a-comparison,luna_pinyin,session_create_select_destroy,,11,1,24196.000,24196.000,11096064,11169792,unavailable,14163968,3321856,3670016,unavailable,3670016,3670016,6295552
librime-1.17.0,track-a-comparison,luna_pinyin,session_create_select_destroy,,12,1,29433.400,29433.400,11169792,11038720,unavailable,14163968,3670016,3067904,unavailable,3067904,3067904,6295552
librime-1.17.0,track-a-comparison,luna_pinyin,session_create_select_destroy,,13,1,24122.700,24122.700,11038720,11018240,unavailable,14163968,3067904,3039232,unavailable,3039232,3039232,6295552
librime-1.17.0,track-a-comparison,luna_pinyin,session_create_select_destroy,,14,1,26936.000,26936.000,11018240,11280384,unavailable,14163968,3039232,3850240,unavailable,3850240,3850240,6295552
librime-1.17.0,track-a-comparison,luna_pinyin,session_create_select_destroy,,15,1,24056.000,24056.000,11280384,11223040,unavailable,14184448,3850240,3780608,unavailable,3780608,3780608,6295552
librime-1.17.0,track-a-comparison,luna_pinyin,session_create_select_destroy,,16,1,26214.000,26214.000,11223040,11149312,unavailable,14184448,3780608,3170304,unavailable,3170304,3170304,6361088
librime-1.17.0,track-a-comparison,luna_pinyin,session_create_select_destroy,,17,1,24205.200,24205.200,11149312,11210752,unavailable,14184448,3170304,3436544,unavailable,3436544,3436544,6365184
librime-1.17.0,track-a-comparison,luna_pinyin,session_create_select_destroy,,18,1,31371.700,31371.700,11210752,11354112,unavailable,14184448,3436544,3641344,unavailable,3641344,3641344,6365184
librime-1.17.0,track-a-comparison,luna_pinyin,session_create_select_destroy,,19,1,22633.700,22633.700,11354112,11284480,unavailable,14184448,3641344,3313664,unavailable,3313664,3313664,6365184
librime-1.17.0,track-a-comparison,luna_pinyin,session_create_select_destroy,,20,1,24270.500,24270.500,11284480,11304960,unavailable,14196736,3313664,3330048,unavailable,3330048,3330048,6365184
librime-1.17.0,track-a-comparison,luna_pinyin,session_create_select_destroy,,21,1,23786.700,23786.700,11304960,11358208,unavailable,14196736,3330048,3919872,unavailable,3919872,3919872,6365184
librime-1.17.0,track-a-comparison,luna_pinyin,session_create_select_destroy,,22,1,26935.300,26935.300,11358208,11304960,unavailable,14196736,3919872,3334144,unavailable,3334144,3334144,6365184
librime-1.17.0,track-a-comparison,luna_pinyin,session_create_select_destroy,,23,1,24961.800,24961.800,11304960,11264000,unavailable,14196736,3334144,3559424,unavailable,3559424,3559424,6365184
librime-1.17.0,track-a-comparison,luna_pinyin,session_create_select_destroy,,24,1,24651.600,24651.600,11268096,11419648,unavailable,14254080,3747840,3739648,unavailable,3739648,3739648,6434816
librime-1.17.0,track-a-comparison,luna_pinyin,session_create_select_destroy,,25,1,23521.200,23521.200,11419648,11325440,unavailable,14254080,3739648,3637248,unavailable,3637248,3637248,6434816
librime-1.17.0,track-a-comparison,luna_pinyin,session_create_select_destroy,,26,1,23706.800,23706.800,11325440,11350016,unavailable,14254080,3637248,3379200,unavailable,3379200,3379200,6434816
librime-1.17.0,track-a-comparison,luna_pinyin,session_create_select_destroy,,27,1,27502.500,27502.500,11354112,11390976,unavailable,14254080,3379200,3690496,unavailable,3690496,3690496,6434816
librime-1.17.0,track-a-comparison,luna_pinyin,session_create_select_destroy,,28,1,24275.900,24275.900,11390976,11251712,unavailable,14254080,3690496,3276800,unavailable,3276800,3276800,6434816
librime-1.17.0,track-a-comparison,luna_pinyin,session_create_select_destroy,,29,1,23896.700,23896.700,11251712,11358208,unavailable,14266368,3276800,3379200,unavailable,3379200,3379200,6434816
librime-1.17.0,track-a-comparison,luna_pinyin,session_create_select_destroy,,30,1,33397.500,33397.500,11358208,11337728,unavailable,14266368,3379200,3371008,unavailable,3371008,3371008,6434816
librime-1.17.0,track-a-comparison,luna_pinyin,session_create_select_destroy,,31,1,24341.800,24341.800,11337728,11423744,unavailable,14266368,3371008,3657728,unavailable,3657728,3657728,6434816
librime-1.17.0,track-a-comparison,luna_pinyin,session_create_select_destroy,,32,1,45154.200,45154.200,11423744,11358208,unavailable,14266368,3657728,3383296,unavailable,3383296,3383296,6434816
librime-1.17.0,track-a-comparison,luna_pinyin,session_create_select_destroy,,33,1,22611.700,22611.700,11358208,11468800,unavailable,14266368,3383296,3698688,unavailable,3698688,3698688,6434816
librime-1.17.0,track-a-comparison,luna_pinyin,session_create_select_destroy,,34,1,32055.800,32055.800,11468800,11403264,unavailable,14266368,3698688,3432448,unavailable,3432448,3432448,6434816
librime-1.17.0,track-a-comparison,luna_pinyin,session_create_select_destroy,,35,1,23274.500,23274.500,11403264,11522048,unavailable,14266368,3432448,3809280,unavailable,3809280,3809280,6434816
librime-1.17.0,track-a-comparison,luna_pinyin,session_create_select_destroy,,36,1,23775.500,23775.500,11526144,11411456,unavailable,14266368,3809280,3641344,unavailable,3641344,3641344,6434816
librime-1.17.0,track-a-comparison,luna_pinyin,session_create_select_destroy,,37,1,23355.800,23355.800,11411456,11427840,unavailable,14278656,3641344,3473408,unavailable,3473408,3473408,6434816
librime-1.17.0,track-a-comparison,luna_pinyin,session_create_select_destroy,,38,1,23542.900,23542.900,11427840,11415552,unavailable,14278656,3473408,3436544,unavailable,3436544,3436544,6434816
librime-1.17.0,track-a-comparison,luna_pinyin,session_create_select_destroy,,39,1,24147.800,24147.800,11415552,11501568,unavailable,14282752,3436544,4132864,unavailable,4132864,4132864,6434816
librime-1.17.0,track-a-comparison,luna_pinyin,session_create_select_destroy,,40,1,27173.500,27173.500,11501568,11526144,unavailable,14282752,4132864,3768320,unavailable,3768320,3768320,6434816
librime-1.17.0,track-a-comparison,luna_pinyin,session_create_select_destroy,,41,1,24972.900,24972.900,11526144,11444224,unavailable,14299136,3768320,3477504,unavailable,3477504,3477504,6434816
librime-1.17.0,track-a-comparison,luna_pinyin,session_create_select_destroy,,42,1,23389.800,23389.800,11444224,11427840,unavailable,14299136,3477504,3461120,unavailable,3461120,3461120,6434816
librime-1.17.0,track-a-comparison,luna_pinyin,session_create_select_destroy,,43,1,24222.900,24222.900,11427840,11440128,unavailable,14299136,3461120,3657728,unavailable,3657728,3657728,6504448
librime-1.17.0,track-a-comparison,luna_pinyin,session_create_select_destroy,,44,1,23262.300,23262.300,11440128,11427840,unavailable,14299136,3657728,3452928,unavailable,3452928,3452928,6504448
librime-1.17.0,track-a-comparison,luna_pinyin,session_create_select_destroy,,45,1,23689.400,23689.400,11431936,11526144,unavailable,14299136,3452928,3551232,unavailable,3551232,3551232,6504448
librime-1.17.0,track-a-comparison,luna_pinyin,session_create_select_destroy,,46,1,24430.000,24430.000,11526144,11464704,unavailable,14299136,3551232,3481600,unavailable,3481600,3481600,6504448
librime-1.17.0,track-a-comparison,luna_pinyin,session_create_select_destroy,,47,1,23964.800,23964.800,11464704,11501568,unavailable,14299136,3481600,3715072,unavailable,3715072,3715072,6504448
librime-1.17.0,track-a-comparison,luna_pinyin,session_create_select_destroy,,48,1,28002.200,28002.200,11501568,11530240,unavailable,14336000,3715072,3756032,unavailable,3756032,3756032,6504448
librime-1.17.0,track-a-comparison,luna_pinyin,session_create_select_destroy,,49,1,28674.000,28674.000,11530240,11546624,unavailable,14336000,3756032,3702784,unavailable,3702784,3702784,6504448
librime-1.17.0,track-a-comparison,luna_pinyin,session_create_select_destroy,,50,1,27729.300,27729.300,11546624,11452416,unavailable,14336000,3702784,3473408,unavailable,3473408,3473408,6504448
librime-1.17.0,track-a-comparison,luna_pinyin,session_create_select_destroy,,51,1,23792.300,23792.300,11452416,11587584,unavailable,14336000,3473408,3899392,unavailable,3899392,3899392,6504448
librime-1.17.0,track-a-comparison,luna_pinyin,session_create_select_destroy,,52,1,24373.700,24373.700,11587584,11522048,unavailable,14336000,3899392,3735552,unavailable,3735552,3735552,6504448
librime-1.17.0,track-a-comparison,luna_pinyin,session_create_select_destroy,,53,1,26202.100,26202.100,11522048,11489280,unavailable,14336000,3735552,3563520,unavailable,3563520,3563520,6504448
librime-1.17.0,track-a-comparison,luna_pinyin,session_create_select_destroy,,54,1,24642.700,24642.700,11489280,11505664,unavailable,14336000,3563520,3792896,unavailable,3792896,3792896,6504448
librime-1.17.0,track-a-comparison,luna_pinyin,session_create_select_destroy,,55,1,24321.500,24321.500,11505664,11530240,unavailable,14360576,3792896,3756032,unavailable,3756032,3756032,6504448
librime-1.17.0,track-a-comparison,luna_pinyin,session_create_select_destroy,,56,1,27695.400,27695.400,11534336,11591680,unavailable,14360576,3784704,3956736,unavailable,3956736,3956736,6504448
librime-1.17.0,track-a-comparison,luna_pinyin,session_create_select_destroy,,57,1,27957.000,27957.000,11591680,11509760,unavailable,14360576,3956736,3682304,unavailable,3682304,3682304,6553600
librime-1.17.0,track-a-comparison,luna_pinyin,session_create_select_destroy,,58,1,27220.900,27220.900,11509760,11579392,unavailable,14360576,3682304,3801088,unavailable,3801088,3801088,6574080
librime-1.17.0,track-a-comparison,luna_pinyin,session_create_select_destroy,,59,1,24376.400,24376.400,11579392,11661312,unavailable,14360576,3801088,3899392,unavailable,3899392,3899392,6574080
librime-1.17.0,track-a-comparison,luna_pinyin,key_sequence_process_with_context,n,0,1,23.400,23.400,12935168,12943360,unavailable,14360576,5156864,5156864,unavailable,5156864,5156864,6574080
librime-1.17.0,track-a-comparison,luna_pinyin,key_sequence_process_with_context,n,1,1,22.100,22.100,12943360,12943360,unavailable,14360576,5156864,5156864,unavailable,5156864,5156864,6574080
librime-1.17.0,track-a-comparison,luna_pinyin,key_sequence_process_with_context,n,2,1,21.000,21.000,12943360,12943360,unavailable,14360576,5156864,5156864,unavailable,5156864,5156864,6574080
librime-1.17.0,track-a-comparison,luna_pinyin,key_sequence_process_with_context,n,3,1,21.800,21.800,12947456,12947456,unavailable,14360576,5156864,5156864,unavailable,5156864,5156864,6574080
librime-1.17.0,track-a-comparison,luna_pinyin,key_sequence_process_with_context,n,4,1,20.900,20.900,12947456,12947456,unavailable,14360576,5156864,5156864,unavailable,5156864,5156864,6574080
librime-1.17.0,track-a-comparison,luna_pinyin,key_sequence_process_with_context,n,5,1,20.800,20.800,12947456,12947456,unavailable,14360576,5156864,5156864,unavailable,5156864,5156864,6574080
librime-1.17.0,track-a-comparison,luna_pinyin,key_sequence_process_with_context,n,6,1,20.900,20.900,12947456,12947456,unavailable,14360576,5156864,5156864,unavailable,5156864,5156864,6574080
librime-1.17.0,track-a-comparison,luna_pinyin,key_sequence_process_with_context,n,7,1,20.400,20.400,12947456,12947456,unavailable,14360576,5156864,5156864,unavailable,5156864,5156864,6574080
librime-1.17.0,track-a-comparison,luna_pinyin,key_sequence_process_with_context,n,8,1,20.200,20.200,12947456,12947456,unavailable,14360576,5156864,5156864,unavailable,5156864,5156864,6574080
librime-1.17.0,track-a-comparison,luna_pinyin,key_sequence_process_with_context,n,9,1,20.600,20.600,12947456,12947456,unavailable,14360576,5156864,5156864,unavailable,5156864,5156864,6574080
librime-1.17.0,track-a-comparison,luna_pinyin,key_sequence_process_with_context,n,10,1,20.500,20.500,12947456,12947456,unavailable,14360576,5156864,5156864,unavailable,5156864,5156864,6574080
librime-1.17.0,track-a-comparison,luna_pinyin,key_sequence_process_with_context,n,11,1,20.800,20.800,12947456,12947456,unavailable,14360576,5156864,5156864,unavailable,5156864,5156864,6574080
librime-1.17.0,track-a-comparison,luna_pinyin,key_sequence_process_with_context,n,12,1,66.300,66.300,12951552,12951552,unavailable,14360576,5156864,5156864,unavailable,5156864,5156864,6574080
librime-1.17.0,track-a-comparison,luna_pinyin,key_sequence_process_with_context,n,13,1,42.400,42.400,12951552,12951552,unavailable,14360576,5156864,5156864,unavailable,5156864,5156864,6574080
librime-1.17.0,track-a-comparison,luna_pinyin,key_sequence_process_with_context,n,14,1,24.700,24.700,12951552,12951552,unavailable,14360576,5156864,5156864,unavailable,5156864,5156864,6574080
librime-1.17.0,track-a-comparison,luna_pinyin,key_sequence_process_with_context,n,15,1,22.100,22.100,12951552,12951552,unavailable,14360576,5156864,5156864,unavailable,5156864,5156864,6574080
librime-1.17.0,track-a-comparison,luna_pinyin,key_sequence_process_with_context,n,16,1,21.000,21.000,12951552,12951552,unavailable,14360576,5156864,5156864,unavailable,5156864,5156864,6574080
librime-1.17.0,track-a-comparison,luna_pinyin,key_sequence_process_with_context,n,17,1,20.800,20.800,12951552,12951552,unavailable,14360576,5156864,5156864,unavailable,5156864,5156864,6574080
librime-1.17.0,track-a-comparison,luna_pinyin,key_sequence_process_with_context,n,18,1,20.500,20.500,12951552,12951552,unavailable,14360576,5156864,5156864,unavailable,5156864,5156864,6574080
librime-1.17.0,track-a-comparison,luna_pinyin,key_sequence_process_with_context,n,19,1,20.800,20.800,12951552,12951552,unavailable,14360576,5156864,5156864,unavailable,5156864,5156864,6574080
librime-1.17.0,track-a-comparison,luna_pinyin,key_sequence_process_with_context,n,20,1,20.500,20.500,12951552,12951552,unavailable,14360576,5156864,5156864,unavailable,5156864,5156864,6574080
librime-1.17.0,track-a-comparison,luna_pinyin,key_sequence_process_with_context,n,21,1,20.700,20.700,12955648,12955648,unavailable,14360576,5156864,5156864,unavailable,5156864,5156864,6574080
librime-1.17.0,track-a-comparison,luna_pinyin,key_sequence_process_with_context,n,22,1,20.500,20.500,12955648,12955648,unavailable,14360576,5156864,5156864,unavailable,5156864,5156864,6574080
librime-1.17.0,track-a-comparison,luna_pinyin,key_sequence_process_with_context,n,23,1,20.300,20.300,12955648,12955648,unavailable,14360576,5156864,5156864,unavailable,5156864,5156864,6574080
librime-1.17.0,track-a-comparison,luna_pinyin,key_sequence_process_with_context,n,24,1,20.900,20.900,12955648,12955648,unavailable,14360576,5156864,5156864,unavailable,5156864,5156864,6574080
librime-1.17.0,track-a-comparison,luna_pinyin,key_sequence_process_with_context,n,25,1,20.900,20.900,12955648,12955648,unavailable,14360576,5156864,5156864,unavailable,5156864,5156864,6574080
librime-1.17.0,track-a-comparison,luna_pinyin,key_sequence_process_with_context,n,26,1,20.700,20.700,12955648,12955648,unavailable,14360576,5156864,5156864,unavailable,5156864,5156864,6574080
librime-1.17.0,track-a-comparison,luna_pinyin,key_sequence_process_with_context,n,27,1,46.200,46.200,12955648,12959744,unavailable,14360576,5156864,5156864,unavailable,5156864,5156864,6574080
librime-1.17.0,track-a-comparison,luna_pinyin,key_sequence_process_with_context,n,28,1,21.300,21.300,12959744,12959744,unavailable,14360576,5156864,5156864,unavailable,5156864,5156864,6574080
librime-1.17.0,track-a-comparison,luna_pinyin,key_sequence_process_with_context,n,29,1,20.700,20.700,12959744,12959744,unavailable,14360576,5156864,5156864,unavailable,5156864,5156864,6574080
librime-1.17.0,track-a-comparison,luna_pinyin,key_sequence_process_with_context,n,30,1,20.600,20.600,12963840,12963840,unavailable,14360576,5156864,5156864,unavailable,5156864,5156864,6574080
librime-1.17.0,track-a-comparison,luna_pinyin,key_sequence_process_with_context,n,31,1,20.900,20.900,12963840,12963840,unavailable,14360576,5156864,5156864,unavailable,5156864,5156864,6574080
librime-1.17.0,track-a-comparison,luna_pinyin,key_sequence_process_with_context,n,32,1,20.300,20.300,12963840,12963840,unavailable,14360576,5156864,5156864,unavailable,5156864,5156864,6574080
librime-1.17.0,track-a-comparison,luna_pinyin,key_sequence_process_with_context,n,33,1,20.800,20.800,12963840,12963840,unavailable,14360576,5156864,5156864,unavailable,5156864,5156864,6574080
librime-1.17.0,track-a-comparison,luna_pinyin,key_sequence_process_with_context,n,34,1,20.300,20.300,12963840,12963840,unavailable,14360576,5156864,5156864,unavailable,5156864,5156864,6574080
librime-1.17.0,track-a-comparison,luna_pinyin,key_sequence_process_with_context,n,35,1,20.300,20.300,12963840,12963840,unavailable,14360576,5156864,5156864,unavailable,5156864,5156864,6574080
librime-1.17.0,track-a-comparison,luna_pinyin,key_sequence_process_with_context,n,36,1,20.500,20.500,12963840,12963840,unavailable,14360576,5156864,5156864,unavailable,5156864,5156864,6574080
librime-1.17.0,track-a-comparison,luna_pinyin,key_sequence_process_with_context,n,37,1,20.500,20.500,12963840,12963840,unavailable,14360576,5156864,5156864,unavailable,5156864,5156864,6574080
librime-1.17.0,track-a-comparison,luna_pinyin,key_sequence_process_with_context,n,38,1,23.700,23.700,12963840,12963840,unavailable,14360576,5156864,5156864,unavailable,5156864,5156864,6574080
librime-1.17.0,track-a-comparison,luna_pinyin,key_sequence_process_with_context,n,39,1,20.400,20.400,12967936,12967936,unavailable,14360576,5156864,5156864,unavailable,5156864,5156864,6574080
librime-1.17.0,track-a-comparison,luna_pinyin,key_sequence_process_with_context,n,40,1,20.500,20.500,12967936,12967936,unavailable,14360576,5156864,5156864,unavailable,5156864,5156864,6574080
librime-1.17.0,track-a-comparison,luna_pinyin,key_sequence_process_with_context,n,41,1,20.400,20.400,12967936,12967936,unavailable,14360576,5156864,5156864,unavailable,5156864,5156864,6574080
librime-1.17.0,track-a-comparison,luna_pinyin,key_sequence_process_with_context,n,42,1,20.400,20.400,12967936,12967936,unavailable,14360576,5156864,5156864,unavailable,5156864,5156864,6574080
librime-1.17.0,track-a-comparison,luna_pinyin,key_sequence_process_with_context,n,43,1,20.400,20.400,12967936,12967936,unavailable,14360576,5156864,5156864,unavailable,5156864,5156864,6574080
librime-1.17.0,track-a-comparison,luna_pinyin,key_sequence_process_with_context,n,44,1,20.200,20.200,12967936,12967936,unavailable,14360576,5156864,5156864,unavailable,5156864,5156864,6574080
librime-1.17.0,track-a-comparison,luna_pinyin,key_sequence_process_with_context,n,45,1,20.400,20.400,12967936,12967936,unavailable,14360576,5156864,5156864,unavailable,5156864,5156864,6574080
librime-1.17.0,track-a-comparison,luna_pinyin,key_sequence_process_with_context,n,46,1,20.400,20.400,12967936,12967936,unavailable,14360576,5156864,5156864,unavailable,5156864,5156864,6574080
librime-1.17.0,track-a-comparison,luna_pinyin,key_sequence_process_with_context,n,47,1,20.400,20.400,12967936,12967936,unavailable,14360576,5156864,5156864,unavailable,5156864,5156864,6574080
librime-1.17.0,track-a-comparison,luna_pinyin,key_sequence_process_with_context,n,48,1,20.400,20.400,12972032,12972032,unavailable,14360576,5156864,5156864,unavailable,5156864,5156864,6574080
librime-1.17.0,track-a-comparison,luna_pinyin,key_sequence_process_with_context,n,49,1,20.200,20.200,12972032,12972032,unavailable,14360576,5156864,5156864,unavailable,5156864,5156864,6574080
librime-1.17.0,track-a-comparison,luna_pinyin,key_sequence_process_with_context,n,50,1,20.100,20.100,12972032,12972032,unavailable,14360576,5156864,5156864,unavailable,5156864,5156864,6574080
librime-1.17.0,track-a-comparison,luna_pinyin,key_sequence_process_with_context,n,51,1,20.200,20.200,12972032,12972032,unavailable,14360576,5156864,5156864,unavailable,5156864,5156864,6574080
librime-1.17.0,track-a-comparison,luna_pinyin,key_sequence_process_with_context,n,52,1,20.400,20.400,12972032,12972032,unavailable,14360576,5156864,5156864,unavailable,5156864,5156864,6574080
librime-1.17.0,track-a-comparison,luna_pinyin,key_sequence_process_with_context,n,53,1,20.300,20.300,12972032,12972032,unavailable,14360576,5156864,5156864,unavailable,5156864,5156864,6574080
librime-1.17.0,track-a-comparison,luna_pinyin,key_sequence_process_with_context,n,54,1,20.200,20.200,12972032,12972032,unavailable,14360576,5156864,5156864,unavailable,5156864,5156864,6574080
librime-1.17.0,track-a-comparison,luna_pinyin,key_sequence_process_with_context,n,55,1,20.200,20.200,12972032,12972032,unavailable,14360576,5156864,5156864,unavailable,5156864,5156864,6574080
librime-1.17.0,track-a-comparison,luna_pinyin,key_sequence_process_with_context,n,56,1,20.300,20.300,12972032,12972032,unavailable,14360576,5156864,5156864,unavailable,5156864,5156864,6574080
librime-1.17.0,track-a-comparison,luna_pinyin,key_sequence_process_with_context,n,57,1,20.100,20.100,12972032,12972032,unavailable,14360576,5156864,5156864,unavailable,5156864,5156864,6574080
librime-1.17.0,track-a-comparison,luna_pinyin,key_sequence_process_with_context,n,58,1,20.200,20.200,12972032,12972032,unavailable,14360576,5156864,5156864,unavailable,5156864,5156864,6574080
librime-1.17.0,track-a-comparison,luna_pinyin,key_sequence_process_with_context,n,59,1,20.200,20.200,12972032,12972032,unavailable,14360576,5156864,5156864,unavailable,5156864,5156864,6574080
librime-1.17.0,track-a-comparison,luna_pinyin,key_sequence_process_with_context,n,60,1,20.900,20.900,13082624,13082624,unavailable,14360576,5156864,5156864,unavailable,5156864,5156864,6574080
librime-1.17.0,track-a-comparison,luna_pinyin,key_sequence_process_with_context,n,61,1,20.500,20.500,13082624,13082624,unavailable,14360576,5156864,5156864,unavailable,5156864,5156864,6574080
librime-1.17.0,track-a-comparison,luna_pinyin,key_sequence_process_with_context,n,62,1,20.300,20.300,13082624,13082624,unavailable,14360576,5156864,5156864,unavailable,5156864,5156864,6574080
librime-1.17.0,track-a-comparison,luna_pinyin,key_sequence_process_with_context,n,63,1,20.300,20.300,13082624,13082624,unavailable,14360576,5156864,5156864,unavailable,5156864,5156864,6574080
librime-1.17.0,track-a-comparison,luna_pinyin,key_sequence_process_with_context,n,64,1,20.200,20.200,13082624,13082624,unavailable,14360576,5156864,5156864,unavailable,5156864,5156864,6574080
librime-1.17.0,track-a-comparison,luna_pinyin,key_sequence_process_with_context,n,65,1,20.200,20.200,13082624,13082624,unavailable,14360576,5156864,5156864,unavailable,5156864,5156864,6574080
librime-1.17.0,track-a-comparison,luna_pinyin,key_sequence_process_with_context,n,66,1,20.200,20.200,13082624,13082624,unavailable,14360576,5156864,5156864,unavailable,5156864,5156864,6574080
librime-1.17.0,track-a-comparison,luna_pinyin,key_sequence_process_with_context,n,67,1,20.300,20.300,13082624,13082624,unavailable,14360576,5156864,5156864,unavailable,5156864,5156864,6574080
librime-1.17.0,track-a-comparison,luna_pinyin,key_sequence_process_with_context,n,68,1,20.500,20.500,13082624,13082624,unavailable,14360576,5156864,5156864,unavailable,5156864,5156864,6574080
librime-1.17.0,track-a-comparison,luna_pinyin,key_sequence_process_with_context,n,69,1,20.500,20.500,13082624,13082624,unavailable,14360576,5156864,5156864,unavailable,5156864,5156864,6574080
librime-1.17.0,track-a-comparison,luna_pinyin,key_sequence_process_with_context,n,70,1,20.300,20.300,13082624,13082624,unavailable,14360576,5156864,5156864,unavailable,5156864,5156864,6574080
librime-1.17.0,track-a-comparison,luna_pinyin,key_sequence_process_with_context,n,71,1,20.400,20.400,13082624,13082624,unavailable,14360576,5156864,5156864,unavailable,5156864,5156864,6574080
librime-1.17.0,track-a-comparison,luna_pinyin,key_sequence_process_with_context,n,72,1,30.400,30.400,13082624,13082624,unavailable,14360576,5156864,5156864,unavailable,5156864,5156864,6574080
librime-1.17.0,track-a-comparison,luna_pinyin,key_sequence_process_with_context,n,73,1,21.300,21.300,13082624,13082624,unavailable,14360576,5156864,5156864,unavailable,5156864,5156864,6574080
librime-1.17.0,track-a-comparison,luna_pinyin,key_sequence_process_with_context,n,74,1,20.700,20.700,13082624,13082624,unavailable,14360576,5156864,5156864,unavailable,5156864,5156864,6574080
librime-1.17.0,track-a-comparison,luna_pinyin,key_sequence_process_with_context,n,75,1,20.800,20.800,13082624,13082624,unavailable,14360576,5156864,5156864,unavailable,5156864,5156864,6574080
librime-1.17.0,track-a-comparison,luna_pinyin,key_sequence_process_with_context,n,76,1,20.600,20.600,13082624,13082624,unavailable,14360576,5156864,5156864,unavailable,5156864,5156864,6574080
librime-1.17.0,track-a-comparison,luna_pinyin,key_sequence_process_with_context,n,77,1,20.400,20.400,13082624,13082624,unavailable,14360576,5156864,5156864,unavailable,5156864,5156864,6574080
librime-1.17.0,track-a-comparison,luna_pinyin,key_sequence_process_with_context,n,78,1,20.600,20.600,13082624,13082624,unavailable,14360576,5156864,5156864,unavailable,5156864,5156864,6574080
librime-1.17.0,track-a-comparison,luna_pinyin,key_sequence_process_with_context,n,79,1,20.300,20.300,13082624,13082624,unavailable,14360576,5156864,5156864,unavailable,5156864,5156864,6574080
librime-1.17.0,track-a-comparison,luna_pinyin,key_sequence_process_with_context,ni,0,2,28.900,14.450,13180928,13180928,unavailable,14671872,5132288,5132288,unavailable,5132288,5132288,6635520
librime-1.17.0,track-a-comparison,luna_pinyin,key_sequence_process_with_context,ni,1,2,28.500,14.250,13180928,13180928,unavailable,14671872,5132288,5132288,unavailable,5132288,5132288,6635520
librime-1.17.0,track-a-comparison,luna_pinyin,key_sequence_process_with_context,ni,2,2,28.000,14.000,13180928,13180928,unavailable,14671872,5132288,5132288,unavailable,5132288,5132288,6635520
librime-1.17.0,track-a-comparison,luna_pinyin,key_sequence_process_with_context,ni,3,2,29.400,14.700,13180928,13180928,unavailable,14671872,5132288,5132288,unavailable,5132288,5132288,6635520
librime-1.17.0,track-a-comparison,luna_pinyin,key_sequence_process_with_context,ni,4,2,28.200,14.100,13180928,13180928,unavailable,14671872,5132288,5132288,unavailable,5132288,5132288,6635520
librime-1.17.0,track-a-comparison,luna_pinyin,key_sequence_process_with_context,ni,5,2,28.100,14.050,13180928,13180928,unavailable,14671872,5132288,5132288,unavailable,5132288,5132288,6635520
librime-1.17.0,track-a-comparison,luna_pinyin,key_sequence_process_with_context,ni,6,2,27.600,13.800,13180928,13180928,unavailable,14671872,5132288,5132288,unavailable,5132288,5132288,6635520
librime-1.17.0,track-a-comparison,luna_pinyin,key_sequence_process_with_context,ni,7,2,27.700,13.850,13180928,13180928,unavailable,14671872,5132288,5132288,unavailable,5132288,5132288,6635520
librime-1.17.0,track-a-comparison,luna_pinyin,key_sequence_process_with_context,ni,8,2,63.100,31.550,13180928,13180928,unavailable,14671872,5132288,5132288,unavailable,5132288,5132288,6635520
librime-1.17.0,track-a-comparison,luna_pinyin,key_sequence_process_with_context,ni,9,2,80.800,40.400,13180928,13180928,unavailable,14671872,5132288,5132288,unavailable,5132288,5132288,6635520
librime-1.17.0,track-a-comparison,luna_pinyin,key_sequence_process_with_context,ni,10,2,32.900,16.450,13180928,13180928,unavailable,14671872,5132288,5132288,unavailable,5132288,5132288,6635520
librime-1.17.0,track-a-comparison,luna_pinyin,key_sequence_process_with_context,ni,11,2,29.700,14.850,13180928,13180928,unavailable,14671872,5132288,5132288,unavailable,5132288,5132288,6635520
librime-1.17.0,track-a-comparison,luna_pinyin,key_sequence_process_with_context,ni,12,2,28.500,14.250,13180928,13180928,unavailable,14671872,5132288,5132288,unavailable,5132288,5132288,6635520
librime-1.17.0,track-a-comparison,luna_pinyin,key_sequence_process_with_context,ni,13,2,28.200,14.100,13180928,13180928,unavailable,14671872,5132288,5132288,unavailable,5132288,5132288,6635520
librime-1.17.0,track-a-comparison,luna_pinyin,key_sequence_process_with_context,ni,14,2,28.100,14.050,13180928,13180928,unavailable,14671872,5132288,5132288,unavailable,5132288,5132288,6635520
librime-1.17.0,track-a-comparison,luna_pinyin,key_sequence_process_with_context,ni,15,2,27.800,13.900,13180928,13180928,unavailable,14671872,5132288,5132288,unavailable,5132288,5132288,6635520
librime-1.17.0,track-a-comparison,luna_pinyin,key_sequence_process_with_context,ni,16,2,28.100,14.050,13180928,13180928,unavailable,14671872,5132288,5132288,unavailable,5132288,5132288,6635520
librime-1.17.0,track-a-comparison,luna_pinyin,key_sequence_process_with_context,ni,17,2,28.100,14.050,13180928,13180928,unavailable,14671872,5132288,5132288,unavailable,5132288,5132288,6635520
librime-1.17.0,track-a-comparison,luna_pinyin,key_sequence_process_with_context,ni,18,2,28.500,14.250,13180928,13180928,unavailable,14671872,5132288,5132288,unavailable,5132288,5132288,6635520
librime-1.17.0,track-a-comparison,luna_pinyin,key_sequence_process_with_context,ni,19,2,28.000,14.000,13180928,13180928,unavailable,14671872,5132288,5132288,unavailable,5132288,5132288,6635520
librime-1.17.0,track-a-comparison,luna_pinyin,key_sequence_process_with_context,ni,20,2,27.800,13.900,13180928,13180928,unavailable,14671872,5132288,5132288,unavailable,5132288,5132288,6635520
librime-1.17.0,track-a-comparison,luna_pinyin,key_sequence_process_with_context,ni,21,2,27.900,13.950,13180928,13180928,unavailable,14671872,5132288,5132288,unavailable,5132288,5132288,6635520
librime-1.17.0,track-a-comparison,luna_pinyin,key_sequence_process_with_context,ni,22,2,27.800,13.900,13180928,13180928,unavailable,14671872,5132288,5132288,unavailable,5132288,5132288,6635520
librime-1.17.0,track-a-comparison,luna_pinyin,key_sequence_process_with_context,ni,23,2,27.700,13.850,13180928,13180928,unavailable,14671872,5132288,5132288,unavailable,5132288,5132288,6635520
librime-1.17.0,track-a-comparison,luna_pinyin,key_sequence_process_with_context,ni,24,2,28.600,14.300,13180928,13180928,unavailable,14671872,5132288,5132288,unavailable,5132288,5132288,6635520
librime-1.17.0,track-a-comparison,luna_pinyin,key_sequence_process_with_context,ni,25,2,27.900,13.950,13180928,13180928,unavailable,14671872,5132288,5132288,unavailable,5132288,5132288,6635520
librime-1.17.0,track-a-comparison,luna_pinyin,key_sequence_process_with_context,ni,26,2,28.700,14.350,13180928,13180928,unavailable,14671872,5132288,5132288,unavailable,5132288,5132288,6635520
librime-1.17.0,track-a-comparison,luna_pinyin,key_sequence_process_with_context,ni,27,2,28.700,14.350,13180928,13180928,unavailable,14671872,5132288,5132288,unavailable,5132288,5132288,6635520
librime-1.17.0,track-a-comparison,luna_pinyin,key_sequence_process_with_context,ni,28,2,27.900,13.950,13180928,13180928,unavailable,14671872,5132288,5132288,unavailable,5132288,5132288,6635520
librime-1.17.0,track-a-comparison,luna_pinyin,key_sequence_process_with_context,ni,29,2,27.800,13.900,13180928,13180928,unavailable,14671872,5132288,5132288,unavailable,5132288,5132288,6635520
librime-1.17.0,track-a-comparison,luna_pinyin,key_sequence_process_with_context,ni,30,2,27.900,13.950,13180928,13180928,unavailable,14671872,5132288,5132288,unavailable,5132288,5132288,6635520
librime-1.17.0,track-a-comparison,luna_pinyin,key_sequence_process_with_context,ni,31,2,27.900,13.950,13180928,13180928,unavailable,14671872,5132288,5132288,unavailable,5132288,5132288,6635520
librime-1.17.0,track-a-comparison,luna_pinyin,key_sequence_process_with_context,ni,32,2,27.700,13.850,13180928,13180928,unavailable,14671872,5132288,5132288,unavailable,5132288,5132288,6635520
librime-1.17.0,track-a-comparison,luna_pinyin,key_sequence_process_with_context,ni,33,2,28.000,14.000,13180928,13180928,unavailable,14671872,5132288,5132288,unavailable,5132288,5132288,6635520
librime-1.17.0,track-a-comparison,luna_pinyin,key_sequence_process_with_context,ni,34,2,27.800,13.900,13180928,13180928,unavailable,14671872,5132288,5132288,unavailable,5132288,5132288,6635520
librime-1.17.0,track-a-comparison,luna_pinyin,key_sequence_process_with_context,ni,35,2,28.000,14.000,13180928,13180928,unavailable,14671872,5132288,5132288,unavailable,5132288,5132288,6635520
librime-1.17.0,track-a-comparison,luna_pinyin,key_sequence_process_with_context,ni,36,2,27.900,13.950,13180928,13180928,unavailable,14671872,5132288,5132288,unavailable,5132288,5132288,6635520
librime-1.17.0,track-a-comparison,luna_pinyin,key_sequence_process_with_context,ni,37,2,27.900,13.950,13180928,13180928,unavailable,14671872,5132288,5132288,unavailable,5132288,5132288,6635520
librime-1.17.0,track-a-comparison,luna_pinyin,key_sequence_process_with_context,ni,38,2,28.000,14.000,13180928,13180928,unavailable,14671872,5132288,5132288,unavailable,5132288,5132288,6635520
librime-1.17.0,track-a-comparison,luna_pinyin,key_sequence_process_with_context,ni,39,2,27.700,13.850,13180928,13180928,unavailable,14671872,5132288,5132288,unavailable,5132288,5132288,6635520
librime-1.17.0,track-a-comparison,luna_pinyin,key_sequence_process_with_context,ni,40,2,27.900,13.950,13180928,13180928,unavailable,14671872,5132288,5132288,unavailable,5132288,5132288,6635520
librime-1.17.0,track-a-comparison,luna_pinyin,key_sequence_process_with_context,ni,41,2,28.900,14.450,13180928,13180928,unavailable,14671872,5132288,5132288,unavailable,5132288,5132288,6635520
librime-1.17.0,track-a-comparison,luna_pinyin,key_sequence_process_with_context,ni,42,2,28.800,14.400,13180928,13180928,unavailable,14671872,5132288,5132288,unavailable,5132288,5132288,6635520
librime-1.17.0,track-a-comparison,luna_pinyin,key_sequence_process_with_context,ni,43,2,40.100,20.050,13180928,13180928,unavailable,14671872,5132288,5132288,unavailable,5132288,5132288,6635520
librime-1.17.0,track-a-comparison,luna_pinyin,key_sequence_process_with_context,ni,44,2,28.300,14.150,13180928,13180928,unavailable,14671872,5132288,5132288,unavailable,5132288,5132288,6635520
librime-1.17.0,track-a-comparison,luna_pinyin,key_sequence_process_with_context,ni,45,2,28.200,14.100,13180928,13180928,unavailable,14671872,5132288,5132288,unavailable,5132288,5132288,6635520
librime-1.17.0,track-a-comparison,luna_pinyin,key_sequence_process_with_context,ni,46,2,29.000,14.500,13180928,13180928,unavailable,14671872,5132288,5132288,unavailable,5132288,5132288,6635520
librime-1.17.0,track-a-comparison,luna_pinyin,key_sequence_process_with_context,ni,47,2,34.600,17.300,13180928,13180928,unavailable,14671872,5132288,5132288,unavailable,5132288,5132288,6635520
librime-1.17.0,track-a-comparison,luna_pinyin,key_sequence_process_with_context,ni,48,2,28.100,14.050,13180928,13180928,unavailable,14671872,5132288,5132288,unavailable,5132288,5132288,6635520
librime-1.17.0,track-a-comparison,luna_pinyin,key_sequence_process_with_context,ni,49,2,28.900,14.450,13180928,13180928,unavailable,14671872,5132288,5132288,unavailable,5132288,5132288,6635520
librime-1.17.0,track-a-comparison,luna_pinyin,key_sequence_process_with_context,ni,50,2,28.000,14.000,13180928,13180928,unavailable,14671872,5132288,5132288,unavailable,5132288,5132288,6635520
librime-1.17.0,track-a-comparison,luna_pinyin,key_sequence_process_with_context,ni,51,2,28.200,14.100,13180928,13180928,unavailable,14671872,5132288,5132288,unavailable,5132288,5132288,6635520
librime-1.17.0,track-a-comparison,luna_pinyin,key_sequence_process_with_context,ni,52,2,28.300,14.150,13180928,13180928,unavailable,14671872,5132288,5132288,unavailable,5132288,5132288,6635520
librime-1.17.0,track-a-comparison,luna_pinyin,key_sequence_process_with_context,ni,53,2,28.100,14.050,13180928,13180928,unavailable,14671872,5132288,5132288,unavailable,5132288,5132288,6635520
librime-1.17.0,track-a-comparison,luna_pinyin,key_sequence_process_with_context,ni,54,2,28.100,14.050,13180928,13180928,unavailable,14671872,5132288,5132288,unavailable,5132288,5132288,6635520
librime-1.17.0,track-a-comparison,luna_pinyin,key_sequence_process_with_context,ni,55,2,28.000,14.000,13180928,13180928,unavailable,14671872,5132288,5132288,unavailable,5132288,5132288,6635520
librime-1.17.0,track-a-comparison,luna_pinyin,key_sequence_process_with_context,ni,56,2,28.000,14.000,13180928,13180928,unavailable,14671872,5132288,5132288,unavailable,5132288,5132288,6635520
librime-1.17.0,track-a-comparison,luna_pinyin,key_sequence_process_with_context,ni,57,2,28.100,14.050,13180928,13180928,unavailable,14671872,5132288,5132288,unavailable,5132288,5132288,6635520
librime-1.17.0,track-a-comparison,luna_pinyin,key_sequence_process_with_context,ni,58,2,28.400,14.200,13180928,13180928,unavailable,14671872,5132288,5132288,unavailable,5132288,5132288,6635520
librime-1.17.0,track-a-comparison,luna_pinyin,key_sequence_process_with_context,ni,59,2,31.100,15.550,13180928,13180928,unavailable,14671872,5132288,5132288,unavailable,5132288,5132288,6635520
librime-1.17.0,track-a-comparison,luna_pinyin,key_sequence_process_with_context,ni,60,2,27.900,13.950,13180928,13180928,unavailable,14671872,5132288,5132288,unavailable,5132288,5132288,6635520
librime-1.17.0,track-a-comparison,luna_pinyin,key_sequence_process_with_context,ni,61,2,28.000,14.000,13180928,13180928,unavailable,14671872,5132288,5132288,unavailable,5132288,5132288,6635520
librime-1.17.0,track-a-comparison,luna_pinyin,key_sequence_process_with_context,ni,62,2,28.300,14.150,13180928,13180928,unavailable,14671872,5132288,5132288,unavailable,5132288,5132288,6635520
librime-1.17.0,track-a-comparison,luna_pinyin,key_sequence_process_with_context,ni,63,2,28.800,14.400,13180928,13180928,unavailable,14671872,5132288,5132288,unavailable,5132288,5132288,6635520
librime-1.17.0,track-a-comparison,luna_pinyin,key_sequence_process_with_context,ni,64,2,28.100,14.050,13180928,13180928,unavailable,14671872,5132288,5132288,unavailable,5132288,5132288,6635520
librime-1.17.0,track-a-comparison,luna_pinyin,key_sequence_process_with_context,ni,65,2,34.300,17.150,13180928,13180928,unavailable,14671872,5132288,5132288,unavailable,5132288,5132288,6635520
librime-1.17.0,track-a-comparison,luna_pinyin,key_sequence_process_with_context,ni,66,2,28.300,14.150,13180928,13180928,unavailable,14671872,5132288,5132288,unavailable,5132288,5132288,6635520
librime-1.17.0,track-a-comparison,luna_pinyin,key_sequence_process_with_context,ni,67,2,29.000,14.500,13180928,13180928,unavailable,14671872,5132288,5132288,unavailable,5132288,5132288,6635520
librime-1.17.0,track-a-comparison,luna_pinyin,key_sequence_process_with_context,ni,68,2,28.400,14.200,13180928,13180928,unavailable,14671872,5132288,5132288,unavailable,5132288,5132288,6635520
librime-1.17.0,track-a-comparison,luna_pinyin,key_sequence_process_with_context,ni,69,2,28.300,14.150,13180928,13180928,unavailable,14671872,5132288,5132288,unavailable,5132288,5132288,6635520
librime-1.17.0,track-a-comparison,luna_pinyin,key_sequence_process_with_context,ni,70,2,28.200,14.100,13180928,13180928,unavailable,14671872,5132288,5132288,unavailable,5132288,5132288,6635520
librime-1.17.0,track-a-comparison,luna_pinyin,key_sequence_process_with_context,ni,71,2,28.700,14.350,13180928,13180928,unavailable,14671872,5132288,5132288,unavailable,5132288,5132288,6635520
librime-1.17.0,track-a-comparison,luna_pinyin,key_sequence_process_with_context,ni,72,2,28.600,14.300,13180928,13180928,unavailable,14671872,5132288,5132288,unavailable,5132288,5132288,6635520
librime-1.17.0,track-a-comparison,luna_pinyin,key_sequence_process_with_context,ni,73,2,28.100,14.050,13180928,13180928,unavailable,14671872,5132288,5132288,unavailable,5132288,5132288,6635520
librime-1.17.0,track-a-comparison,luna_pinyin,key_sequence_process_with_context,ni,74,2,28.200,14.100,13180928,13180928,unavailable,14671872,5132288,5132288,unavailable,5132288,5132288,6635520
librime-1.17.0,track-a-comparison,luna_pinyin,key_sequence_process_with_context,ni,75,2,28.300,14.150,13180928,13180928,unavailable,14671872,5132288,5132288,unavailable,5132288,5132288,6635520
librime-1.17.0,track-a-comparison,luna_pinyin,key_sequence_process_with_context,ni,76,2,28.500,14.250,13180928,13180928,unavailable,14671872,5132288,5132288,unavailable,5132288,5132288,6635520
librime-1.17.0,track-a-comparison,luna_pinyin,key_sequence_process_with_context,ni,77,2,38.200,19.100,13180928,13180928,unavailable,14671872,5132288,5132288,unavailable,5132288,5132288,6635520
librime-1.17.0,track-a-comparison,luna_pinyin,key_sequence_process_with_context,ni,78,2,28.500,14.250,13180928,13180928,unavailable,14671872,5132288,5132288,unavailable,5132288,5132288,6635520
librime-1.17.0,track-a-comparison,luna_pinyin,key_sequence_process_with_context,ni,79,2,28.500,14.250,13180928,13180928,unavailable,14671872,5132288,5132288,unavailable,5132288,5132288,6635520
librime-1.17.0,track-a-comparison,luna_pinyin,key_sequence_process_with_context,hao,0,3,35.300,11.767,12959744,12959744,unavailable,14671872,4939776,4939776,unavailable,4939776,4939776,6643712
librime-1.17.0,track-a-comparison,luna_pinyin,key_sequence_process_with_context,hao,1,3,34.900,11.633,12959744,12959744,unavailable,14671872,4939776,4939776,unavailable,4939776,4939776,6643712
librime-1.17.0,track-a-comparison,luna_pinyin,key_sequence_process_with_context,hao,2,3,34.900,11.633,12959744,12959744,unavailable,14671872,4939776,4939776,unavailable,4939776,4939776,6643712
librime-1.17.0,track-a-comparison,luna_pinyin,key_sequence_process_with_context,hao,3,3,56.500,18.833,12959744,12959744,unavailable,14671872,4939776,4939776,unavailable,4939776,4939776,6643712
librime-1.17.0,track-a-comparison,luna_pinyin,key_sequence_process_with_context,hao,4,3,36.200,12.067,12959744,12959744,unavailable,14671872,4939776,4939776,unavailable,4939776,4939776,6643712
librime-1.17.0,track-a-comparison,luna_pinyin,key_sequence_process_with_context,hao,5,3,34.800,11.600,12959744,12959744,unavailable,14671872,4939776,4939776,unavailable,4939776,4939776,6643712
librime-1.17.0,track-a-comparison,luna_pinyin,key_sequence_process_with_context,hao,6,3,106.000,35.333,12959744,12959744,unavailable,14671872,4939776,4939776,unavailable,4939776,4939776,6643712
librime-1.17.0,track-a-comparison,luna_pinyin,key_sequence_process_with_context,hao,7,3,47.600,15.867,12959744,12959744,unavailable,14671872,4939776,4939776,unavailable,4939776,4939776,6643712
librime-1.17.0,track-a-comparison,luna_pinyin,key_sequence_process_with_context,hao,8,3,38.500,12.833,12959744,12959744,unavailable,14671872,4939776,4939776,unavailable,4939776,4939776,6643712
librime-1.17.0,track-a-comparison,luna_pinyin,key_sequence_process_with_context,hao,9,3,36.200,12.067,12959744,12959744,unavailable,14671872,4939776,4939776,unavailable,4939776,4939776,6643712
librime-1.17.0,track-a-comparison,luna_pinyin,key_sequence_process_with_context,hao,10,3,34.800,11.600,12959744,12959744,unavailable,14671872,4939776,4939776,unavailable,4939776,4939776,6643712
librime-1.17.0,track-a-comparison,luna_pinyin,key_sequence_process_with_context,hao,11,3,34.400,11.467,12959744,12959744,unavailable,14671872,4939776,4939776,unavailable,4939776,4939776,6643712
librime-1.17.0,track-a-comparison,luna_pinyin,key_sequence_process_with_context,hao,12,3,34.500,11.500,12959744,12959744,unavailable,14671872,4939776,4939776,unavailable,4939776,4939776,6643712
librime-1.17.0,track-a-comparison,luna_pinyin,key_sequence_process_with_context,hao,13,3,35.300,11.767,12959744,12959744,unavailable,14671872,4939776,4939776,unavailable,4939776,4939776,6643712
librime-1.17.0,track-a-comparison,luna_pinyin,key_sequence_process_with_context,hao,14,3,34.600,11.533,12959744,12959744,unavailable,14671872,4939776,4939776,unavailable,4939776,4939776,6643712
librime-1.17.0,track-a-comparison,luna_pinyin,key_sequence_process_with_context,hao,15,3,51.900,17.300,12959744,12959744,unavailable,14671872,4939776,4939776,unavailable,4939776,4939776,6643712
librime-1.17.0,track-a-comparison,luna_pinyin,key_sequence_process_with_context,hao,16,3,35.400,11.800,12959744,12959744,unavailable,14671872,4939776,4939776,unavailable,4939776,4939776,6643712
librime-1.17.0,track-a-comparison,luna_pinyin,key_sequence_process_with_context,hao,17,3,34.500,11.500,12959744,12959744,unavailable,14671872,4939776,4939776,unavailable,4939776,4939776,6643712
librime-1.17.0,track-a-comparison,luna_pinyin,key_sequence_process_with_context,hao,18,3,34.500,11.500,12959744,12959744,unavailable,14671872,4939776,4939776,unavailable,4939776,4939776,6643712
librime-1.17.0,track-a-comparison,luna_pinyin,key_sequence_process_with_context,hao,19,3,34.300,11.433,12959744,12959744,unavailable,14671872,4939776,4939776,unavailable,4939776,4939776,6643712
librime-1.17.0,track-a-comparison,luna_pinyin,key_sequence_process_with_context,hao,20,3,34.800,11.600,12959744,12959744,unavailable,14671872,4939776,4939776,unavailable,4939776,4939776,6643712
librime-1.17.0,track-a-comparison,luna_pinyin,key_sequence_process_with_context,hao,21,3,34.700,11.567,12959744,12959744,unavailable,14671872,4939776,4939776,unavailable,4939776,4939776,6643712
librime-1.17.0,track-a-comparison,luna_pinyin,key_sequence_process_with_context,hao,22,3,34.800,11.600,12959744,12959744,unavailable,14671872,4939776,4939776,unavailable,4939776,4939776,6643712
librime-1.17.0,track-a-comparison,luna_pinyin,key_sequence_process_with_context,hao,23,3,35.800,11.933,12959744,12959744,unavailable,14671872,4939776,4939776,unavailable,4939776,4939776,6643712
librime-1.17.0,track-a-comparison,luna_pinyin,key_sequence_process_with_context,hao,24,3,35.600,11.867,12959744,12959744,unavailable,14671872,4939776,4939776,unavailable,4939776,4939776,6643712
librime-1.17.0,track-a-comparison,luna_pinyin,key_sequence_process_with_context,hao,25,3,35.300,11.767,12959744,12959744,unavailable,14671872,4939776,4939776,unavailable,4939776,4939776,6643712
librime-1.17.0,track-a-comparison,luna_pinyin,key_sequence_process_with_context,hao,26,3,35.000,11.667,12959744,12959744,unavailable,14671872,4939776,4939776,unavailable,4939776,4939776,6643712
librime-1.17.0,track-a-comparison,luna_pinyin,key_sequence_process_with_context,hao,27,3,34.100,11.367,12959744,12959744,unavailable,14671872,4939776,4939776,unavailable,4939776,4939776,6643712
librime-1.17.0,track-a-comparison,luna_pinyin,key_sequence_process_with_context,hao,28,3,36.900,12.300,13119488,13119488,unavailable,14671872,5206016,5206016,unavailable,5206016,5206016,6643712
librime-1.17.0,track-a-comparison,luna_pinyin,key_sequence_process_with_context,hao,29,3,34.300,11.433,13119488,13119488,unavailable,14671872,5206016,5206016,unavailable,5206016,5206016,6643712
librime-1.17.0,track-a-comparison,luna_pinyin,key_sequence_process_with_context,hao,30,3,34.300,11.433,13119488,13119488,unavailable,14671872,5206016,5206016,unavailable,5206016,5206016,6643712
librime-1.17.0,track-a-comparison,luna_pinyin,key_sequence_process_with_context,hao,31,3,34.300,11.433,13119488,13119488,unavailable,14671872,5206016,5206016,unavailable,5206016,5206016,6643712
librime-1.17.0,track-a-comparison,luna_pinyin,key_sequence_process_with_context,hao,32,3,34.100,11.367,13119488,13119488,unavailable,14671872,5206016,5206016,unavailable,5206016,5206016,6643712
librime-1.17.0,track-a-comparison,luna_pinyin,key_sequence_process_with_context,hao,33,3,34.300,11.433,13119488,13119488,unavailable,14671872,5206016,5206016,unavailable,5206016,5206016,6643712
librime-1.17.0,track-a-comparison,luna_pinyin,key_sequence_process_with_context,hao,34,3,34.200,11.400,13119488,13119488,unavailable,14671872,5206016,5206016,unavailable,5206016,5206016,6643712
librime-1.17.0,track-a-comparison,luna_pinyin,key_sequence_process_with_context,hao,35,3,34.000,11.333,13119488,13119488,unavailable,14671872,5206016,5206016,unavailable,5206016,5206016,6643712
librime-1.17.0,track-a-comparison,luna_pinyin,key_sequence_process_with_context,hao,36,3,34.400,11.467,13119488,13119488,unavailable,14671872,5206016,5206016,unavailable,5206016,5206016,6643712
librime-1.17.0,track-a-comparison,luna_pinyin,key_sequence_process_with_context,hao,37,3,34.500,11.500,13119488,13119488,unavailable,14671872,5206016,5206016,unavailable,5206016,5206016,6643712
librime-1.17.0,track-a-comparison,luna_pinyin,key_sequence_process_with_context,hao,38,3,34.300,11.433,13119488,13119488,unavailable,14671872,5206016,5206016,unavailable,5206016,5206016,6643712
librime-1.17.0,track-a-comparison,luna_pinyin,key_sequence_process_with_context,hao,39,3,34.300,11.433,13119488,13119488,unavailable,14671872,5206016,5206016,unavailable,5206016,5206016,6643712
librime-1.17.0,track-a-comparison,luna_pinyin,key_sequence_process_with_context,hao,40,3,34.100,11.367,13119488,13119488,unavailable,14671872,5206016,5206016,unavailable,5206016,5206016,6643712
librime-1.17.0,track-a-comparison,luna_pinyin,key_sequence_process_with_context,hao,41,3,35.200,11.733,13119488,13119488,unavailable,14671872,5206016,5206016,unavailable,5206016,5206016,6643712
librime-1.17.0,track-a-comparison,luna_pinyin,key_sequence_process_with_context,hao,42,3,45.300,15.100,13119488,13119488,unavailable,14671872,5206016,5206016,unavailable,5206016,5206016,6643712
librime-1.17.0,track-a-comparison,luna_pinyin,key_sequence_process_with_context,hao,43,3,34.500,11.500,13119488,13119488,unavailable,14671872,5206016,5206016,unavailable,5206016,5206016,6643712
librime-1.17.0,track-a-comparison,luna_pinyin,key_sequence_process_with_context,hao,44,3,34.200,11.400,13119488,13119488,unavailable,14671872,5206016,5206016,unavailable,5206016,5206016,6643712
librime-1.17.0,track-a-comparison,luna_pinyin,key_sequence_process_with_context,hao,45,3,34.400,11.467,13119488,13119488,unavailable,14671872,5206016,5206016,unavailable,5206016,5206016,6643712
librime-1.17.0,track-a-comparison,luna_pinyin,key_sequence_process_with_context,hao,46,3,34.800,11.600,13119488,13119488,unavailable,14671872,5206016,5206016,unavailable,5206016,5206016,6643712
librime-1.17.0,track-a-comparison,luna_pinyin,key_sequence_process_with_context,hao,47,3,34.300,11.433,13119488,13119488,unavailable,14671872,5206016,5206016,unavailable,5206016,5206016,6643712
librime-1.17.0,track-a-comparison,luna_pinyin,key_sequence_process_with_context,hao,48,3,34.600,11.533,13119488,13119488,unavailable,14671872,5206016,5206016,unavailable,5206016,5206016,6643712
librime-1.17.0,track-a-comparison,luna_pinyin,key_sequence_process_with_context,hao,49,3,34.300,11.433,13119488,13119488,unavailable,14671872,5206016,5206016,unavailable,5206016,5206016,6643712
librime-1.17.0,track-a-comparison,luna_pinyin,key_sequence_process_with_context,hao,50,3,33.900,11.300,13119488,13119488,unavailable,14671872,5206016,5206016,unavailable,5206016,5206016,6643712
librime-1.17.0,track-a-comparison,luna_pinyin,key_sequence_process_with_context,hao,51,3,74.800,24.933,13119488,13119488,unavailable,14671872,5206016,5206016,unavailable,5206016,5206016,6643712
librime-1.17.0,track-a-comparison,luna_pinyin,key_sequence_process_with_context,hao,52,3,67.100,22.367,13119488,13119488,unavailable,14671872,5206016,5206016,unavailable,5206016,5206016,6643712
librime-1.17.0,track-a-comparison,luna_pinyin,key_sequence_process_with_context,hao,53,3,40.200,13.400,13119488,13119488,unavailable,14671872,5206016,5206016,unavailable,5206016,5206016,6643712
librime-1.17.0,track-a-comparison,luna_pinyin,key_sequence_process_with_context,hao,54,3,36.200,12.067,13119488,13119488,unavailable,14671872,5206016,5206016,unavailable,5206016,5206016,6643712
librime-1.17.0,track-a-comparison,luna_pinyin,key_sequence_process_with_context,hao,55,3,35.000,11.667,13119488,13119488,unavailable,14671872,5206016,5206016,unavailable,5206016,5206016,6643712
librime-1.17.0,track-a-comparison,luna_pinyin,key_sequence_process_with_context,hao,56,3,34.600,11.533,13119488,13119488,unavailable,14671872,5206016,5206016,unavailable,5206016,5206016,6643712
librime-1.17.0,track-a-comparison,luna_pinyin,key_sequence_process_with_context,hao,57,3,34.700,11.567,13119488,13119488,unavailable,14671872,5206016,5206016,unavailable,5206016,5206016,6643712
librime-1.17.0,track-a-comparison,luna_pinyin,key_sequence_process_with_context,hao,58,3,34.300,11.433,13119488,13119488,unavailable,14671872,5206016,5206016,unavailable,5206016,5206016,6643712
librime-1.17.0,track-a-comparison,luna_pinyin,key_sequence_process_with_context,hao,59,3,34.400,11.467,13119488,13119488,unavailable,14671872,5206016,5206016,unavailable,5206016,5206016,6643712
librime-1.17.0,track-a-comparison,luna_pinyin,key_sequence_process_with_context,hao,60,3,34.600,11.533,13119488,13119488,unavailable,14671872,5206016,5206016,unavailable,5206016,5206016,6643712
librime-1.17.0,track-a-comparison,luna_pinyin,key_sequence_process_with_context,hao,61,3,34.500,11.500,13119488,13119488,unavailable,14671872,5206016,5206016,unavailable,5206016,5206016,6643712
librime-1.17.0,track-a-comparison,luna_pinyin,key_sequence_process_with_context,hao,62,3,37.200,12.400,13119488,13119488,unavailable,14671872,5206016,5206016,unavailable,5206016,5206016,6643712
librime-1.17.0,track-a-comparison,luna_pinyin,key_sequence_process_with_context,hao,63,3,35.200,11.733,13119488,13119488,unavailable,14671872,5206016,5206016,unavailable,5206016,5206016,6643712
librime-1.17.0,track-a-comparison,luna_pinyin,key_sequence_process_with_context,hao,64,3,34.500,11.500,13119488,13119488,unavailable,14671872,5206016,5206016,unavailable,5206016,5206016,6643712
librime-1.17.0,track-a-comparison,luna_pinyin,key_sequence_process_with_context,hao,65,3,34.300,11.433,13119488,13119488,unavailable,14671872,5206016,5206016,unavailable,5206016,5206016,6643712
librime-1.17.0,track-a-comparison,luna_pinyin,key_sequence_process_with_context,hao,66,3,34.000,11.333,13119488,13119488,unavailable,14671872,5206016,5206016,unavailable,5206016,5206016,6643712
librime-1.17.0,track-a-comparison,luna_pinyin,key_sequence_process_with_context,hao,67,3,34.900,11.633,13119488,13119488,unavailable,14671872,5206016,5206016,unavailable,5206016,5206016,6643712
librime-1.17.0,track-a-comparison,luna_pinyin,key_sequence_process_with_context,hao,68,3,35.200,11.733,13119488,13119488,unavailable,14671872,5206016,5206016,unavailable,5206016,5206016,6643712
librime-1.17.0,track-a-comparison,luna_pinyin,key_sequence_process_with_context,hao,69,3,34.500,11.500,13119488,13119488,unavailable,14671872,5206016,5206016,unavailable,5206016,5206016,6643712
librime-1.17.0,track-a-comparison,luna_pinyin,key_sequence_process_with_context,hao,70,3,34.200,11.400,13119488,13119488,unavailable,14671872,5206016,5206016,unavailable,5206016,5206016,6643712
librime-1.17.0,track-a-comparison,luna_pinyin,key_sequence_process_with_context,hao,71,3,34.200,11.400,13119488,13119488,unavailable,14671872,5206016,5206016,unavailable,5206016,5206016,6643712
librime-1.17.0,track-a-comparison,luna_pinyin,key_sequence_process_with_context,hao,72,3,34.400,11.467,13119488,13119488,unavailable,14671872,5206016,5206016,unavailable,5206016,5206016,6643712
librime-1.17.0,track-a-comparison,luna_pinyin,key_sequence_process_with_context,hao,73,3,34.100,11.367,13119488,13119488,unavailable,14671872,5206016,5206016,unavailable,5206016,5206016,6643712
librime-1.17.0,track-a-comparison,luna_pinyin,key_sequence_process_with_context,hao,74,3,34.300,11.433,13119488,13119488,unavailable,14671872,5206016,5206016,unavailable,5206016,5206016,6643712
librime-1.17.0,track-a-comparison,luna_pinyin,key_sequence_process_with_context,hao,75,3,47.300,15.767,13119488,13119488,unavailable,14671872,5206016,5206016,unavailable,5206016,5206016,6643712
librime-1.17.0,track-a-comparison,luna_pinyin,key_sequence_process_with_context,hao,76,3,34.800,11.600,13119488,13119488,unavailable,14671872,5206016,5206016,unavailable,5206016,5206016,6643712
librime-1.17.0,track-a-comparison,luna_pinyin,key_sequence_process_with_context,hao,77,3,34.200,11.400,13119488,13119488,unavailable,14671872,5206016,5206016,unavailable,5206016,5206016,6643712
librime-1.17.0,track-a-comparison,luna_pinyin,key_sequence_process_with_context,hao,78,3,34.400,11.467,13119488,13119488,unavailable,14671872,5206016,5206016,unavailable,5206016,5206016,6643712
librime-1.17.0,track-a-comparison,luna_pinyin,key_sequence_process_with_context,hao,79,3,34.300,11.433,13119488,13119488,unavailable,14671872,5206016,5206016,unavailable,5206016,5206016,6643712
librime-1.17.0,track-a-comparison,luna_pinyin,key_sequence_process_with_context,zhongguo,0,8,1361.000,170.125,13942784,13942784,unavailable,14671872,5046272,5046272,unavailable,5046272,5046272,6643712
librime-1.17.0,track-a-comparison,luna_pinyin,key_sequence_process_with_context,zhongguo,1,8,1348.900,168.613,13942784,13942784,unavailable,14671872,5046272,5046272,unavailable,5046272,5046272,6643712
librime-1.17.0,track-a-comparison,luna_pinyin,key_sequence_process_with_context,zhongguo,2,8,1444.600,180.575,13942784,13856768,unavailable,14671872,5046272,4947968,unavailable,4947968,4947968,6643712
librime-1.17.0,track-a-comparison,luna_pinyin,key_sequence_process_with_context,zhongguo,3,8,1435.700,179.463,13856768,13852672,unavailable,14671872,4947968,4923392,unavailable,4923392,4923392,6643712
librime-1.17.0,track-a-comparison,luna_pinyin,key_sequence_process_with_context,zhongguo,4,8,1364.900,170.613,13852672,13905920,unavailable,14671872,4923392,5009408,unavailable,5009408,5009408,6643712
librime-1.17.0,track-a-comparison,luna_pinyin,key_sequence_process_with_context,zhongguo,5,8,1334.400,166.800,13905920,13905920,unavailable,14671872,5009408,5009408,unavailable,5009408,5009408,6643712
librime-1.17.0,track-a-comparison,luna_pinyin,key_sequence_process_with_context,zhongguo,6,8,1344.600,168.075,13905920,13905920,unavailable,14671872,5009408,5009408,unavailable,5009408,5009408,6643712
librime-1.17.0,track-a-comparison,luna_pinyin,key_sequence_process_with_context,zhongguo,7,8,1379.800,172.475,13905920,13942784,unavailable,14671872,5009408,5038080,unavailable,5038080,5038080,6643712
librime-1.17.0,track-a-comparison,luna_pinyin,key_sequence_process_with_context,zhongguo,8,8,1337.200,167.150,13942784,13942784,unavailable,14671872,5038080,5038080,unavailable,5038080,5038080,6643712
librime-1.17.0,track-a-comparison,luna_pinyin,key_sequence_process_with_context,zhongguo,9,8,1427.100,178.387,13942784,13938688,unavailable,14671872,5038080,5038080,unavailable,5038080,5038080,6643712
librime-1.17.0,track-a-comparison,luna_pinyin,key_sequence_process_with_context,zhongguo,10,8,1347.700,168.463,13938688,13942784,unavailable,14671872,5038080,5038080,unavailable,5038080,5038080,6643712
librime-1.17.0,track-a-comparison,luna_pinyin,key_sequence_process_with_context,zhongguo,11,8,1342.100,167.762,13942784,13942784,unavailable,14671872,5038080,5038080,unavailable,5038080,5038080,6643712
librime-1.17.0,track-a-comparison,luna_pinyin,key_sequence_process_with_context,zhongguo,12,8,1339.100,167.387,13942784,13942784,unavailable,14671872,5038080,5038080,unavailable,5038080,5038080,6643712
librime-1.17.0,track-a-comparison,luna_pinyin,key_sequence_process_with_context,zhongguo,13,8,1335.600,166.950,13942784,13942784,unavailable,14671872,5038080,5038080,unavailable,5038080,5038080,6643712
librime-1.17.0,track-a-comparison,luna_pinyin,key_sequence_process_with_context,zhongguo,14,8,1332.200,166.525,13942784,13942784,unavailable,14671872,5038080,5038080,unavailable,5038080,5038080,6643712
librime-1.17.0,track-a-comparison,luna_pinyin,key_sequence_process_with_context,zhongguo,15,8,1344.100,168.012,13942784,13942784,unavailable,14671872,5038080,5038080,unavailable,5038080,5038080,6643712
librime-1.17.0,track-a-comparison,luna_pinyin,key_sequence_process_with_context,zhongguo,16,8,1332.500,166.562,13942784,13942784,unavailable,14671872,5038080,5038080,unavailable,5038080,5038080,6643712
librime-1.17.0,track-a-comparison,luna_pinyin,key_sequence_process_with_context,zhongguo,17,8,1322.100,165.263,13942784,13942784,unavailable,14671872,5038080,5038080,unavailable,5038080,5038080,6643712
librime-1.17.0,track-a-comparison,luna_pinyin,key_sequence_process_with_context,zhongguo,18,8,1337.100,167.137,13942784,13942784,unavailable,14671872,5038080,5038080,unavailable,5038080,5038080,6643712
librime-1.17.0,track-a-comparison,luna_pinyin,key_sequence_process_with_context,zhongguo,19,8,1338.800,167.350,13942784,13942784,unavailable,14671872,5038080,5038080,unavailable,5038080,5038080,6643712
librime-1.17.0,track-a-comparison,luna_pinyin,key_sequence_process_with_context,zhongguo,20,8,1333.600,166.700,13942784,13942784,unavailable,14671872,5038080,5038080,unavailable,5038080,5038080,6643712
librime-1.17.0,track-a-comparison,luna_pinyin,key_sequence_process_with_context,zhongguo,21,8,1383.700,172.963,13942784,13942784,unavailable,14671872,5038080,5038080,unavailable,5038080,5038080,6643712
librime-1.17.0,track-a-comparison,luna_pinyin,key_sequence_process_with_context,zhongguo,22,8,1327.800,165.975,13942784,13942784,unavailable,14671872,5038080,5038080,unavailable,5038080,5038080,6643712
librime-1.17.0,track-a-comparison,luna_pinyin,key_sequence_process_with_context,zhongguo,23,8,1331.800,166.475,13942784,13942784,unavailable,14671872,5038080,5038080,unavailable,5038080,5038080,6643712
librime-1.17.0,track-a-comparison,luna_pinyin,key_sequence_process_with_context,zhongguo,24,8,1334.600,166.825,13942784,13942784,unavailable,14671872,5038080,5038080,unavailable,5038080,5038080,6643712
librime-1.17.0,track-a-comparison,luna_pinyin,key_sequence_process_with_context,zhongguo,25,8,1427.300,178.412,13942784,13881344,unavailable,14671872,5038080,4952064,unavailable,4952064,4952064,6643712
librime-1.17.0,track-a-comparison,luna_pinyin,key_sequence_process_with_context,zhongguo,26,8,1358.400,169.800,13881344,13938688,unavailable,14671872,4952064,5038080,unavailable,5038080,5038080,6643712
librime-1.17.0,track-a-comparison,luna_pinyin,key_sequence_process_with_context,zhongguo,27,8,1350.900,168.862,13938688,13938688,unavailable,14671872,5038080,5038080,unavailable,5038080,5038080,6643712
librime-1.17.0,track-a-comparison,luna_pinyin,key_sequence_process_with_context,zhongguo,28,8,1400.500,175.062,13938688,13869056,unavailable,14671872,5038080,4952064,unavailable,4952064,4952064,6643712
librime-1.17.0,track-a-comparison,luna_pinyin,key_sequence_process_with_context,zhongguo,29,8,1369.200,171.150,13869056,13938688,unavailable,14671872,4952064,5038080,unavailable,5038080,5038080,6643712
librime-1.17.0,track-a-comparison,luna_pinyin,key_sequence_process_with_context,zhongguo,30,8,1334.000,166.750,13938688,13938688,unavailable,14671872,5038080,5038080,unavailable,5038080,5038080,6643712
librime-1.17.0,track-a-comparison,luna_pinyin,key_sequence_process_with_context,zhongguo,31,8,1322.100,165.263,13938688,13938688,unavailable,14671872,5038080,5038080,unavailable,5038080,5038080,6643712
librime-1.17.0,track-a-comparison,luna_pinyin,key_sequence_process_with_context,zhongguo,32,8,1347.000,168.375,13938688,13938688,unavailable,14671872,5038080,5038080,unavailable,5038080,5038080,6643712
librime-1.17.0,track-a-comparison,luna_pinyin,key_sequence_process_with_context,zhongguo,33,8,1336.700,167.087,13938688,13942784,unavailable,14671872,5038080,5038080,unavailable,5038080,5038080,6643712
librime-1.17.0,track-a-comparison,luna_pinyin,key_sequence_process_with_context,zhongguo,34,8,1324.300,165.537,13942784,13942784,unavailable,14671872,5038080,5038080,unavailable,5038080,5038080,6643712
librime-1.17.0,track-a-comparison,luna_pinyin,key_sequence_process_with_context,zhongguo,35,8,1336.000,167.000,13942784,13942784,unavailable,14671872,5038080,5038080,unavailable,5038080,5038080,6643712
librime-1.17.0,track-a-comparison,luna_pinyin,key_sequence_process_with_context,zhongguo,36,8,1336.600,167.075,13942784,13942784,unavailable,14671872,5038080,5038080,unavailable,5038080,5038080,6643712
librime-1.17.0,track-a-comparison,luna_pinyin,key_sequence_process_with_context,zhongguo,37,8,1326.900,165.863,13942784,13942784,unavailable,14671872,5038080,5038080,unavailable,5038080,5038080,6643712
librime-1.17.0,track-a-comparison,luna_pinyin,key_sequence_process_with_context,zhongguo,38,8,1343.900,167.988,13942784,13942784,unavailable,14671872,5038080,5038080,unavailable,5038080,5038080,6643712
librime-1.17.0,track-a-comparison,luna_pinyin,key_sequence_process_with_context,zhongguo,39,8,1330.000,166.250,13942784,13942784,unavailable,14671872,5038080,5038080,unavailable,5038080,5038080,6643712
librime-1.17.0,track-a-comparison,luna_pinyin,key_sequence_process_with_context,zhongguo,40,8,1326.600,165.825,13942784,13942784,unavailable,14671872,5038080,5038080,unavailable,5038080,5038080,6643712
librime-1.17.0,track-a-comparison,luna_pinyin,key_sequence_process_with_context,zhongguo,41,8,1335.700,166.963,13942784,13942784,unavailable,14671872,5038080,5038080,unavailable,5038080,5038080,6643712
librime-1.17.0,track-a-comparison,luna_pinyin,key_sequence_process_with_context,zhongguo,42,8,1412.700,176.588,14008320,13934592,unavailable,14671872,5038080,4952064,unavailable,4952064,4952064,6643712
librime-1.17.0,track-a-comparison,luna_pinyin,key_sequence_process_with_context,zhongguo,43,8,1356.900,169.613,13934592,13991936,unavailable,14671872,4952064,5038080,unavailable,5038080,5038080,6643712
librime-1.17.0,track-a-comparison,luna_pinyin,key_sequence_process_with_context,zhongguo,44,8,1348.200,168.525,13991936,14004224,unavailable,14671872,5038080,5038080,unavailable,5038080,5038080,6643712
librime-1.17.0,track-a-comparison,luna_pinyin,key_sequence_process_with_context,zhongguo,45,8,1334.200,166.775,14004224,14004224,unavailable,14671872,5038080,5038080,unavailable,5038080,5038080,6643712
librime-1.17.0,track-a-comparison,luna_pinyin,key_sequence_process_with_context,zhongguo,46,8,1338.100,167.263,14004224,14004224,unavailable,14671872,5038080,5038080,unavailable,5038080,5038080,6643712
librime-1.17.0,track-a-comparison,luna_pinyin,key_sequence_process_with_context,zhongguo,47,8,1353.500,169.188,14004224,14004224,unavailable,14671872,5038080,5038080,unavailable,5038080,5038080,6643712
librime-1.17.0,track-a-comparison,luna_pinyin,key_sequence_process_with_context,zhongguo,48,8,1336.300,167.037,14004224,14004224,unavailable,14671872,5038080,5038080,unavailable,5038080,5038080,6643712
librime-1.17.0,track-a-comparison,luna_pinyin,key_sequence_process_with_context,zhongguo,49,8,1333.200,166.650,14004224,14004224,unavailable,14671872,5038080,5038080,unavailable,5038080,5038080,6643712
librime-1.17.0,track-a-comparison,luna_pinyin,key_sequence_process_with_context,zhongguo,50,8,1349.500,168.688,14004224,14004224,unavailable,14671872,5038080,5038080,unavailable,5038080,5038080,6643712
librime-1.17.0,track-a-comparison,luna_pinyin,key_sequence_process_with_context,zhongguo,51,8,1338.300,167.287,14004224,14008320,unavailable,14671872,5038080,5038080,unavailable,5038080,5038080,6643712
librime-1.17.0,track-a-comparison,luna_pinyin,key_sequence_process_with_context,zhongguo,52,8,1339.500,167.438,14008320,14008320,unavailable,14671872,5038080,5038080,unavailable,5038080,5038080,6643712
librime-1.17.0,track-a-comparison,luna_pinyin,key_sequence_process_with_context,zhongguo,53,8,1332.100,166.512,14008320,14008320,unavailable,14671872,5038080,5038080,unavailable,5038080,5038080,6643712
librime-1.17.0,track-a-comparison,luna_pinyin,key_sequence_process_with_context,zhongguo,54,8,1430.600,178.825,14008320,13922304,unavailable,14671872,5038080,4923392,unavailable,4923392,4923392,6643712
librime-1.17.0,track-a-comparison,luna_pinyin,key_sequence_process_with_context,zhongguo,55,8,1364.700,170.588,13922304,13979648,unavailable,14671872,4923392,5009408,unavailable,5009408,5009408,6643712
librime-1.17.0,track-a-comparison,luna_pinyin,key_sequence_process_with_context,zhongguo,56,8,1340.800,167.600,13979648,13979648,unavailable,14671872,5009408,5009408,unavailable,5009408,5009408,6643712
librime-1.17.0,track-a-comparison,luna_pinyin,key_sequence_process_with_context,zhongguo,57,8,1346.800,168.350,13979648,14008320,unavailable,14671872,5009408,5038080,unavailable,5038080,5038080,6643712
librime-1.17.0,track-a-comparison,luna_pinyin,key_sequence_process_with_context,zhongguo,58,8,1347.900,168.487,14008320,14008320,unavailable,14671872,5038080,5038080,unavailable,5038080,5038080,6643712
librime-1.17.0,track-a-comparison,luna_pinyin,key_sequence_process_with_context,zhongguo,59,8,1334.700,166.838,14008320,14008320,unavailable,14671872,5038080,5038080,unavailable,5038080,5038080,6643712
librime-1.17.0,track-a-comparison,luna_pinyin,key_sequence_process_with_context,zhongguo,60,8,1341.300,167.662,14008320,14008320,unavailable,14671872,5038080,5038080,unavailable,5038080,5038080,6643712
librime-1.17.0,track-a-comparison,luna_pinyin,key_sequence_process_with_context,zhongguo,61,8,1356.000,169.500,14008320,14041088,unavailable,14671872,5038080,5074944,unavailable,5074944,5074944,6643712
librime-1.17.0,track-a-comparison,luna_pinyin,key_sequence_process_with_context,zhongguo,62,8,1398.300,174.788,14041088,14041088,unavailable,14671872,5074944,5074944,unavailable,5074944,5074944,6643712
librime-1.17.0,track-a-comparison,luna_pinyin,key_sequence_process_with_context,zhongguo,63,8,1329.100,166.137,14041088,14049280,unavailable,14671872,5074944,5074944,unavailable,5074944,5074944,6643712
librime-1.17.0,track-a-comparison,luna_pinyin,key_sequence_process_with_context,zhongguo,64,8,1351.000,168.875,14049280,14082048,unavailable,14671872,5074944,5111808,unavailable,5111808,5111808,6643712
librime-1.17.0,track-a-comparison,luna_pinyin,key_sequence_process_with_context,zhongguo,65,8,1330.900,166.363,14082048,14082048,unavailable,14671872,5111808,5111808,unavailable,5111808,5111808,6643712
librime-1.17.0,track-a-comparison,luna_pinyin,key_sequence_process_with_context,zhongguo,66,8,1321.500,165.188,14082048,14082048,unavailable,14671872,5111808,5111808,unavailable,5111808,5111808,6643712
librime-1.17.0,track-a-comparison,luna_pinyin,key_sequence_process_with_context,zhongguo,67,8,1338.900,167.363,14082048,14082048,unavailable,14671872,5111808,5111808,unavailable,5111808,5111808,6643712
librime-1.17.0,track-a-comparison,luna_pinyin,key_sequence_process_with_context,zhongguo,68,8,1338.300,167.287,14082048,14082048,unavailable,14671872,5111808,5111808,unavailable,5111808,5111808,6643712
librime-1.17.0,track-a-comparison,luna_pinyin,key_sequence_process_with_context,zhongguo,69,8,1330.500,166.312,14082048,14082048,unavailable,14671872,5111808,5111808,unavailable,5111808,5111808,6643712
librime-1.17.0,track-a-comparison,luna_pinyin,key_sequence_process_with_context,zhongguo,70,8,1353.900,169.237,14082048,14082048,unavailable,14671872,5111808,5111808,unavailable,5111808,5111808,6643712
librime-1.17.0,track-a-comparison,luna_pinyin,key_sequence_process_with_context,zhongguo,71,8,1328.700,166.088,14082048,14082048,unavailable,14671872,5111808,5111808,unavailable,5111808,5111808,6643712
librime-1.17.0,track-a-comparison,luna_pinyin,key_sequence_process_with_context,zhongguo,72,8,1326.000,165.750,14082048,14082048,unavailable,14671872,5111808,5111808,unavailable,5111808,5111808,6643712
librime-1.17.0,track-a-comparison,luna_pinyin,key_sequence_process_with_context,zhongguo,73,8,1332.500,166.562,14082048,14082048,unavailable,14671872,5111808,5111808,unavailable,5111808,5111808,6643712
librime-1.17.0,track-a-comparison,luna_pinyin,key_sequence_process_with_context,zhongguo,74,8,1423.500,177.938,14082048,14077952,unavailable,14671872,5111808,5111808,unavailable,5111808,5111808,6643712
librime-1.17.0,track-a-comparison,luna_pinyin,key_sequence_process_with_context,zhongguo,75,8,1325.900,165.738,14077952,14077952,unavailable,14671872,5111808,5111808,unavailable,5111808,5111808,6643712
librime-1.17.0,track-a-comparison,luna_pinyin,key_sequence_process_with_context,zhongguo,76,8,1328.300,166.037,14077952,14077952,unavailable,14671872,5111808,5111808,unavailable,5111808,5111808,6643712
librime-1.17.0,track-a-comparison,luna_pinyin,key_sequence_process_with_context,zhongguo,77,8,1328.400,166.050,14077952,14077952,unavailable,14671872,5111808,5111808,unavailable,5111808,5111808,6643712
librime-1.17.0,track-a-comparison,luna_pinyin,key_sequence_process_with_context,zhongguo,78,8,1326.700,165.838,14077952,14086144,unavailable,14671872,5111808,5111808,unavailable,5111808,5111808,6643712
librime-1.17.0,track-a-comparison,luna_pinyin,key_sequence_process_with_context,zhongguo,79,8,1338.100,167.263,14086144,14086144,unavailable,14671872,5111808,5111808,unavailable,5111808,5111808,6643712
librime-1.17.0,track-a-comparison,luna_pinyin,key_sequence_process_with_context,ceshiyixiachangjushuruxingnengzenyang,0,37,10850.600,293.259,16424960,16424960,unavailable,16437248,5353472,5353472,unavailable,5353472,5353472,6717440
librime-1.17.0,track-a-comparison,luna_pinyin,key_sequence_process_with_context,ceshiyixiachangjushuruxingnengzenyang,1,37,10994.600,297.151,16424960,16384000,unavailable,16437248,5353472,5287936,unavailable,5287936,5287936,6717440
librime-1.17.0,track-a-comparison,luna_pinyin,key_sequence_process_with_context,ceshiyixiachangjushuruxingnengzenyang,2,37,10878.100,294.003,16384000,16433152,unavailable,16437248,5287936,5353472,unavailable,5353472,5353472,6717440
librime-1.17.0,track-a-comparison,luna_pinyin,key_sequence_process_with_context,ceshiyixiachangjushuruxingnengzenyang,3,37,10864.000,293.622,16433152,16433152,unavailable,16437248,5353472,5353472,unavailable,5353472,5353472,6717440
librime-1.17.0,track-a-comparison,luna_pinyin,key_sequence_process_with_context,ceshiyixiachangjushuruxingnengzenyang,4,37,10867.500,293.716,16433152,16433152,unavailable,16437248,5353472,5353472,unavailable,5353472,5353472,6717440
librime-1.17.0,track-a-comparison,luna_pinyin,key_sequence_process_with_context,ceshiyixiachangjushuruxingnengzenyang,5,37,11006.800,297.481,16433152,16424960,unavailable,16437248,5353472,5353472,unavailable,5353472,5353472,6717440
librime-1.17.0,track-a-comparison,luna_pinyin,key_sequence_process_with_context,ceshiyixiachangjushuruxingnengzenyang,6,37,10868.100,293.732,16424960,16433152,unavailable,16437248,5353472,5353472,unavailable,5353472,5353472,6717440
librime-1.17.0,track-a-comparison,luna_pinyin,key_sequence_process_with_context,ceshiyixiachangjushuruxingnengzenyang,7,37,11035.100,298.246,16433152,16424960,unavailable,16437248,5353472,5353472,unavailable,5353472,5353472,6717440
librime-1.17.0,track-a-comparison,luna_pinyin,key_sequence_process_with_context,ceshiyixiachangjushuruxingnengzenyang,8,37,10873.300,293.873,16424960,16424960,unavailable,16437248,5353472,5353472,unavailable,5353472,5353472,6717440
librime-1.17.0,track-a-comparison,luna_pinyin,key_sequence_process_with_context,ceshiyixiachangjushuruxingnengzenyang,9,37,11035.400,298.254,16424960,16379904,unavailable,16437248,5353472,5287936,unavailable,5287936,5287936,6717440
librime-1.17.0,track-a-comparison,luna_pinyin,key_sequence_process_with_context,ceshiyixiachangjushuruxingnengzenyang,10,37,10872.500,293.851,16379904,16384000,unavailable,16437248,5287936,5287936,unavailable,5287936,5287936,6717440
librime-1.17.0,track-a-comparison,luna_pinyin,key_sequence_process_with_context,ceshiyixiachangjushuruxingnengzenyang,11,37,10958.400,296.173,16384000,16384000,unavailable,16437248,5287936,5287936,unavailable,5287936,5287936,6717440
librime-1.17.0,track-a-comparison,luna_pinyin,key_sequence_process_with_context,ceshiyixiachangjushuruxingnengzenyang,12,37,11034.300,298.224,16384000,16384000,unavailable,16437248,5287936,5287936,unavailable,5287936,5287936,6717440
librime-1.17.0,track-a-comparison,luna_pinyin,key_sequence_process_with_context,ceshiyixiachangjushuruxingnengzenyang,13,37,11068.000,299.135,16384000,16384000,unavailable,16437248,5287936,5287936,unavailable,5287936,5287936,6717440
librime-1.17.0,track-a-comparison,luna_pinyin,key_sequence_process_with_context,ceshiyixiachangjushuruxingnengzenyang,14,37,10993.100,297.111,16384000,16384000,unavailable,16437248,5287936,5287936,unavailable,5287936,5287936,6717440
librime-1.17.0,track-a-comparison,luna_pinyin,key_sequence_process_with_context,ceshiyixiachangjushuruxingnengzenyang,15,37,11147.600,301.286,16384000,16384000,unavailable,16437248,5287936,5287936,unavailable,5287936,5287936,6717440
librime-1.17.0,track-a-comparison,luna_pinyin,key_sequence_process_with_context,ceshiyixiachangjushuruxingnengzenyang,16,37,11016.100,297.732,16384000,16424960,unavailable,16437248,5287936,5353472,unavailable,5353472,5353472,6717440
librime-1.17.0,track-a-comparison,luna_pinyin,key_sequence_process_with_context,ceshiyixiachangjushuruxingnengzenyang,17,37,11091.600,299.773,16424960,16375808,unavailable,16437248,5353472,5287936,unavailable,5287936,5287936,6717440
librime-1.17.0,track-a-comparison,luna_pinyin,key_sequence_process_with_context,ceshiyixiachangjushuruxingnengzenyang,18,37,10885.600,294.205,16375808,16433152,unavailable,16437248,5287936,5353472,unavailable,5353472,5353472,6717440
librime-1.17.0,track-a-comparison,luna_pinyin,key_sequence_process_with_context,ceshiyixiachangjushuruxingnengzenyang,19,37,11040.100,298.381,16433152,16424960,unavailable,16437248,5353472,5353472,unavailable,5353472,5353472,6717440
librime-1.17.0,track-a-comparison,luna_pinyin,key_sequence_process_with_context,ceshiyixiachangjushuruxingnengzenyang,20,37,11133.000,300.892,16424960,16384000,unavailable,16437248,5353472,5287936,unavailable,5287936,5287936,6717440
librime-1.17.0,track-a-comparison,luna_pinyin,key_sequence_process_with_context,ceshiyixiachangjushuruxingnengzenyang,21,37,11025.300,297.981,16384000,16420864,unavailable,16437248,5287936,5353472,unavailable,5353472,5353472,6717440
librime-1.17.0,track-a-comparison,luna_pinyin,key_sequence_process_with_context,ceshiyixiachangjushuruxingnengzenyang,22,37,10850.900,293.268,16420864,16424960,unavailable,16437248,5353472,5353472,unavailable,5353472,5353472,6717440
librime-1.17.0,track-a-comparison,luna_pinyin,key_sequence_process_with_context,ceshiyixiachangjushuruxingnengzenyang,23,37,10992.300,297.089,16424960,16384000,unavailable,16437248,5353472,5287936,unavailable,5287936,5287936,6717440
librime-1.17.0,track-a-comparison,luna_pinyin,key_sequence_process_with_context,ceshiyixiachangjushuruxingnengzenyang,24,37,10849.300,293.224,16384000,16384000,unavailable,16437248,5287936,5287936,unavailable,5287936,5287936,6717440
librime-1.17.0,track-a-comparison,luna_pinyin,key_sequence_process_with_context,ceshiyixiachangjushuruxingnengzenyang,25,37,11133.200,300.897,16384000,16424960,unavailable,16437248,5287936,5349376,unavailable,5349376,5349376,6717440
librime-1.17.0,track-a-comparison,luna_pinyin,key_sequence_process_with_context,ceshiyixiachangjushuruxingnengzenyang,26,37,11029.000,298.081,16424960,16424960,unavailable,16437248,5349376,5353472,unavailable,5353472,5353472,6717440
librime-1.17.0,track-a-comparison,luna_pinyin,key_sequence_process_with_context,ceshiyixiachangjushuruxingnengzenyang,27,37,11077.100,299.381,16424960,16371712,unavailable,16437248,5353472,5287936,unavailable,5287936,5287936,6717440
librime-1.17.0,track-a-comparison,luna_pinyin,key_sequence_process_with_context,ceshiyixiachangjushuruxingnengzenyang,28,37,10959.000,296.189,16371712,16375808,unavailable,16437248,5287936,5287936,unavailable,5287936,5287936,6717440
librime-1.17.0,track-a-comparison,luna_pinyin,key_sequence_process_with_context,ceshiyixiachangjushuruxingnengzenyang,29,37,11062.500,298.986,16375808,16404480,unavailable,16437248,5287936,5349376,unavailable,5349376,5349376,6717440
librime-1.17.0,track-a-comparison,luna_pinyin,key_sequence_process_with_context,ceshiyixiachangjushuruxingnengzenyang,30,37,10981.800,296.805,16404480,16416768,unavailable,16437248,5349376,5353472,unavailable,5353472,5353472,6717440
librime-1.17.0,track-a-comparison,luna_pinyin,key_sequence_process_with_context,ceshiyixiachangjushuruxingnengzenyang,31,37,11000.800,297.319,16416768,16384000,unavailable,16437248,5353472,5287936,unavailable,5287936,5287936,6717440
librime-1.17.0,track-a-comparison,luna_pinyin,key_sequence_process_with_context,ceshiyixiachangjushuruxingnengzenyang,32,37,11716.700,316.668,16384000,16384000,unavailable,16437248,5287936,5287936,unavailable,5287936,5287936,6717440
librime-1.17.0,track-a-comparison,luna_pinyin,key_sequence_process_with_context,ceshiyixiachangjushuruxingnengzenyang,33,37,10922.700,295.208,16384000,16384000,unavailable,16437248,5287936,5287936,unavailable,5287936,5287936,6717440
librime-1.17.0,track-a-comparison,luna_pinyin,key_sequence_process_with_context,ceshiyixiachangjushuruxingnengzenyang,34,37,10858.300,293.468,16384000,16384000,unavailable,16437248,5287936,5287936,unavailable,5287936,5287936,6717440
librime-1.17.0,track-a-comparison,luna_pinyin,key_sequence_process_with_context,ceshiyixiachangjushuruxingnengzenyang,35,37,10858.500,293.473,16384000,16384000,unavailable,16437248,5287936,5287936,unavailable,5287936,5287936,6717440
librime-1.17.0,track-a-comparison,luna_pinyin,key_sequence_process_with_context,ceshiyixiachangjushuruxingnengzenyang,36,37,10867.800,293.724,16384000,16424960,unavailable,16437248,5287936,5353472,unavailable,5353472,5353472,6717440
librime-1.17.0,track-a-comparison,luna_pinyin,key_sequence_process_with_context,ceshiyixiachangjushuruxingnengzenyang,37,37,10956.500,296.122,16424960,16384000,unavailable,16437248,5353472,5287936,unavailable,5287936,5287936,6717440
librime-1.17.0,track-a-comparison,luna_pinyin,key_sequence_process_with_context,ceshiyixiachangjushuruxingnengzenyang,38,37,10844.400,293.092,16384000,16433152,unavailable,16437248,5287936,5353472,unavailable,5353472,5353472,6717440
librime-1.17.0,track-a-comparison,luna_pinyin,key_sequence_process_with_context,ceshiyixiachangjushuruxingnengzenyang,39,37,10965.400,296.362,16433152,16424960,unavailable,16437248,5353472,5353472,unavailable,5353472,5353472,6717440
librime-1.17.0,track-a-comparison,luna_pinyin,key_sequence_process_with_context,ceshiyixiachangjushuruxingnengzenyang,40,37,10946.500,295.851,16424960,16379904,unavailable,16437248,5353472,5287936,unavailable,5287936,5287936,6717440
librime-1.17.0,track-a-comparison,luna_pinyin,key_sequence_process_with_context,ceshiyixiachangjushuruxingnengzenyang,41,37,10835.900,292.862,16379904,16424960,unavailable,16437248,5287936,5353472,unavailable,5353472,5353472,6717440
librime-1.17.0,track-a-comparison,luna_pinyin,key_sequence_process_with_context,ceshiyixiachangjushuruxingnengzenyang,42,37,10823.700,292.532,16424960,16433152,unavailable,16437248,5353472,5353472,unavailable,5353472,5353472,6717440
librime-1.17.0,track-a-comparison,luna_pinyin,key_sequence_process_with_context,ceshiyixiachangjushuruxingnengzenyang,43,37,10959.200,296.195,16433152,16429056,unavailable,16437248,5353472,5353472,unavailable,5353472,5353472,6717440
librime-1.17.0,track-a-comparison,luna_pinyin,key_sequence_process_with_context,ceshiyixiachangjushuruxingnengzenyang,44,37,10828.300,292.657,16429056,16433152,unavailable,16437248,5353472,5353472,unavailable,5353472,5353472,6717440
librime-1.17.0,track-a-comparison,luna_pinyin,key_sequence_process_with_context,ceshiyixiachangjushuruxingnengzenyang,45,37,10922.700,295.208,16433152,16347136,unavailable,16437248,5353472,5242880,unavailable,5242880,5242880,6717440
librime-1.17.0,track-a-comparison,luna_pinyin,key_sequence_process_with_context,ceshiyixiachangjushuruxingnengzenyang,46,37,10905.400,294.741,16347136,16535552,unavailable,16535552,5242880,5476352,unavailable,5476352,5476352,6717440
librime-1.17.0,track-a-comparison,luna_pinyin,key_sequence_process_with_context,ceshiyixiachangjushuruxingnengzenyang,47,37,10839.700,292.965,16535552,16551936,unavailable,16551936,5476352,5476352,unavailable,5476352,5476352,6717440
librime-1.17.0,track-a-comparison,luna_pinyin,key_sequence_process_with_context,ceshiyixiachangjushuruxingnengzenyang,48,37,10829.200,292.681,16551936,16551936,unavailable,16551936,5476352,5476352,unavailable,5476352,5476352,6717440
librime-1.17.0,track-a-comparison,luna_pinyin,key_sequence_process_with_context,ceshiyixiachangjushuruxingnengzenyang,49,37,10823.500,292.527,16551936,16551936,unavailable,16551936,5476352,5476352,unavailable,5476352,5476352,6717440
librime-1.17.0,track-a-comparison,luna_pinyin,key_sequence_process_with_context,ceshiyixiachangjushuruxingnengzenyang,50,37,10853.900,293.349,16551936,16588800,unavailable,16588800,5476352,5541888,unavailable,5541888,5541888,6717440
librime-1.17.0,track-a-comparison,luna_pinyin,key_sequence_process_with_context,ceshiyixiachangjushuruxingnengzenyang,51,37,10958.000,296.162,16588800,16547840,unavailable,16588800,5541888,5476352,unavailable,5476352,5476352,6717440
librime-1.17.0,track-a-comparison,luna_pinyin,key_sequence_process_with_context,ceshiyixiachangjushuruxingnengzenyang,52,37,10950.400,295.957,16547840,16572416,unavailable,16588800,5476352,5537792,unavailable,5537792,5537792,6717440
librime-1.17.0,track-a-comparison,luna_pinyin,key_sequence_process_with_context,ceshiyixiachangjushuruxingnengzenyang,53,37,10864.100,293.624,16572416,16584704,unavailable,16588800,5537792,5541888,unavailable,5541888,5541888,6717440
librime-1.17.0,track-a-comparison,luna_pinyin,key_sequence_process_with_context,ceshiyixiachangjushuruxingnengzenyang,54,37,10871.200,293.816,16584704,16584704,unavailable,16588800,5541888,5541888,unavailable,5541888,5541888,6717440
librime-1.17.0,track-a-comparison,luna_pinyin,key_sequence_process_with_context,ceshiyixiachangjushuruxingnengzenyang,55,37,11411.300,308.414,16584704,16584704,unavailable,16588800,5541888,5541888,unavailable,5541888,5541888,6717440
librime-1.17.0,track-a-comparison,luna_pinyin,key_sequence_process_with_context,ceshiyixiachangjushuruxingnengzenyang,56,37,11025.300,297.981,16584704,16510976,unavailable,16588800,5541888,5431296,unavailable,5431296,5431296,6717440
librime-1.17.0,track-a-comparison,luna_pinyin,key_sequence_process_with_context,ceshiyixiachangjushuruxingnengzenyang,57,37,10852.200,293.303,16510976,16551936,unavailable,16588800,5431296,5476352,unavailable,5476352,5476352,6717440
librime-1.17.0,track-a-comparison,luna_pinyin,key_sequence_process_with_context,ceshiyixiachangjushuruxingnengzenyang,58,37,10809.100,292.138,16551936,16551936,unavailable,16588800,5476352,5476352,unavailable,5476352,5476352,6717440
librime-1.17.0,track-a-comparison,luna_pinyin,key_sequence_process_with_context,ceshiyixiachangjushuruxingnengzenyang,59,37,10840.000,292.973,16551936,16551936,unavailable,16588800,5476352,5476352,unavailable,5476352,5476352,6717440
librime-1.17.0,track-a-comparison,luna_pinyin,key_sequence_process_with_context,ceshiyixiachangjushuruxingnengzenyang,60,37,10838.900,292.943,16551936,16551936,unavailable,16588800,5476352,5476352,unavailable,5476352,5476352,6717440
librime-1.17.0,track-a-comparison,luna_pinyin,key_sequence_process_with_context,ceshiyixiachangjushuruxingnengzenyang,61,37,10841.200,293.005,16551936,16551936,unavailable,16588800,5476352,5476352,unavailable,5476352,5476352,6717440
librime-1.17.0,track-a-comparison,luna_pinyin,key_sequence_process_with_context,ceshiyixiachangjushuruxingnengzenyang,62,37,10900.700,294.614,16551936,16551936,unavailable,16588800,5476352,5476352,unavailable,5476352,5476352,6717440
librime-1.17.0,track-a-comparison,luna_pinyin,key_sequence_process_with_context,ceshiyixiachangjushuruxingnengzenyang,63,37,10902.700,294.668,16551936,16551936,unavailable,16588800,5476352,5476352,unavailable,5476352,5476352,6717440
librime-1.17.0,track-a-comparison,luna_pinyin,key_sequence_process_with_context,ceshiyixiachangjushuruxingnengzenyang,64,37,10876.700,293.965,16551936,16551936,unavailable,16588800,5476352,5476352,unavailable,5476352,5476352,6717440
librime-1.17.0,track-a-comparison,luna_pinyin,key_sequence_process_with_context,ceshiyixiachangjushuruxingnengzenyang,65,37,10872.500,293.851,16551936,16556032,unavailable,16588800,5476352,5476352,unavailable,5476352,5476352,6717440
librime-1.17.0,track-a-comparison,luna_pinyin,key_sequence_process_with_context,ceshiyixiachangjushuruxingnengzenyang,66,37,10867.300,293.711,16556032,16556032,unavailable,16588800,5476352,5476352,unavailable,5476352,5476352,6717440
librime-1.17.0,track-a-comparison,luna_pinyin,key_sequence_process_with_context,ceshiyixiachangjushuruxingnengzenyang,67,37,11006.800,297.481,16556032,16515072,unavailable,16588800,5476352,5431296,unavailable,5431296,5431296,6717440
librime-1.17.0,track-a-comparison,luna_pinyin,key_sequence_process_with_context,ceshiyixiachangjushuruxingnengzenyang,68,37,10878.300,294.008,16515072,16556032,unavailable,16588800,5431296,5476352,unavailable,5476352,5476352,6717440
librime-1.17.0,track-a-comparison,luna_pinyin,key_sequence_process_with_context,ceshiyixiachangjushuruxingnengzenyang,69,37,10860.300,293.522,16556032,16556032,unavailable,16588800,5476352,5476352,unavailable,5476352,5476352,6717440
librime-1.17.0,track-a-comparison,luna_pinyin,key_sequence_process_with_context,ceshiyixiachangjushuruxingnengzenyang,70,37,11110.800,300.292,16556032,16556032,unavailable,16588800,5476352,5476352,unavailable,5476352,5476352,6717440
librime-1.17.0,track-a-comparison,luna_pinyin,key_sequence_process_with_context,ceshiyixiachangjushuruxingnengzenyang,71,37,10919.500,295.122,16556032,16556032,unavailable,16588800,5476352,5476352,unavailable,5476352,5476352,6717440
librime-1.17.0,track-a-comparison,luna_pinyin,key_sequence_process_with_context,ceshiyixiachangjushuruxingnengzenyang,72,37,10871.000,293.811,16556032,16556032,unavailable,16588800,5476352,5476352,unavailable,5476352,5476352,6717440
librime-1.17.0,track-a-comparison,luna_pinyin,key_sequence_process_with_context,ceshiyixiachangjushuruxingnengzenyang,73,37,10903.000,294.676,16556032,16556032,unavailable,16588800,5476352,5476352,unavailable,5476352,5476352,6717440
librime-1.17.0,track-a-comparison,luna_pinyin,key_sequence_process_with_context,ceshiyixiachangjushuruxingnengzenyang,74,37,10900.600,294.611,16556032,16556032,unavailable,16588800,5476352,5476352,unavailable,5476352,5476352,6717440
librime-1.17.0,track-a-comparison,luna_pinyin,key_sequence_process_with_context,ceshiyixiachangjushuruxingnengzenyang,75,37,10887.800,294.265,16556032,16556032,unavailable,16588800,5476352,5476352,unavailable,5476352,5476352,6717440
librime-1.17.0,track-a-comparison,luna_pinyin,key_sequence_process_with_context,ceshiyixiachangjushuruxingnengzenyang,76,37,10886.700,294.235,16556032,16556032,unavailable,16588800,5476352,5476352,unavailable,5476352,5476352,6717440
librime-1.17.0,track-a-comparison,luna_pinyin,key_sequence_process_with_context,ceshiyixiachangjushuruxingnengzenyang,77,37,10892.400,294.389,16556032,16556032,unavailable,16588800,5476352,5476352,unavailable,5476352,5476352,6717440
librime-1.17.0,track-a-comparison,luna_pinyin,key_sequence_process_with_context,ceshiyixiachangjushuruxingnengzenyang,78,37,10873.600,293.881,16556032,16592896,unavailable,16592896,5476352,5541888,unavailable,5541888,5541888,6717440
librime-1.17.0,track-a-comparison,luna_pinyin,key_sequence_process_with_context,ceshiyixiachangjushuruxingnengzenyang,79,37,10887.000,294.243,16592896,16592896,unavailable,16592896,5541888,5541888,unavailable,5541888,5541888,6717440
librime-1.17.0,track-a-comparison,luna_pinyin,key_sequence_process_with_context,zhegeyinqingqishiyinggaizhichichaochangjuzishurucainengyong,0,59,39410.000,667.966,17399808,17502208,unavailable,17502208,5869568,5869568,unavailable,5869568,5869568,6807552
librime-1.17.0,track-a-comparison,luna_pinyin,key_sequence_process_with_context,zhegeyinqingqishiyinggaizhichichaochangjuzishurucainengyong,1,59,39600.300,671.192,17502208,17514496,unavailable,17514496,5869568,5869568,unavailable,5869568,5869568,6807552
librime-1.17.0,track-a-comparison,luna_pinyin,key_sequence_process_with_context,zhegeyinqingqishiyinggaizhichichaochangjuzishurucainengyong,2,59,39841.300,675.276,17514496,17383424,unavailable,17514496,5869568,5722112,unavailable,5722112,5722112,6807552
librime-1.17.0,track-a-comparison,luna_pinyin,key_sequence_process_with_context,zhegeyinqingqishiyinggaizhichichaochangjuzishurucainengyong,3,59,39444.100,668.544,17383424,17371136,unavailable,17514496,5722112,5734400,unavailable,5734400,5734400,6807552
librime-1.17.0,track-a-comparison,luna_pinyin,key_sequence_process_with_context,zhegeyinqingqishiyinggaizhichichaochangjuzishurucainengyong,4,59,39464.000,668.881,17371136,17518592,unavailable,17518592,5734400,5869568,unavailable,5869568,5869568,6807552
librime-1.17.0,track-a-comparison,luna_pinyin,key_sequence_process_with_context,zhegeyinqingqishiyinggaizhichichaochangjuzishurucainengyong,5,59,39641.600,671.892,17518592,17387520,unavailable,17518592,5869568,5869568,unavailable,5869568,5869568,6807552
librime-1.17.0,track-a-comparison,luna_pinyin,key_sequence_process_with_context,zhegeyinqingqishiyinggaizhichichaochangjuzishurucainengyong,6,59,39735.100,673.476,17387520,17416192,unavailable,17518592,5869568,5869568,unavailable,5869568,5869568,6807552
librime-1.17.0,track-a-comparison,luna_pinyin,key_sequence_process_with_context,zhegeyinqingqishiyinggaizhichichaochangjuzishurucainengyong,7,59,39662.000,672.237,17416192,17334272,unavailable,17518592,5869568,5869568,unavailable,5869568,5869568,6807552
librime-1.17.0,track-a-comparison,luna_pinyin,key_sequence_process_with_context,zhegeyinqingqishiyinggaizhichichaochangjuzishurucainengyong,8,59,39541.000,670.186,17334272,17399808,unavailable,17518592,5869568,5869568,unavailable,5869568,5869568,6807552
librime-1.17.0,track-a-comparison,luna_pinyin,key_sequence_process_with_context,zhegeyinqingqishiyinggaizhichichaochangjuzishurucainengyong,9,59,39661.200,672.224,17399808,17395712,unavailable,17518592,5869568,5734400,unavailable,5734400,5734400,6807552
librime-1.17.0,track-a-comparison,luna_pinyin,key_sequence_process_with_context,zhegeyinqingqishiyinggaizhichichaochangjuzishurucainengyong,10,59,39360.700,667.131,17395712,17375232,unavailable,17518592,5734400,5734400,unavailable,5734400,5734400,6807552
librime-1.17.0,track-a-comparison,luna_pinyin,key_sequence_process_with_context,zhegeyinqingqishiyinggaizhichichaochangjuzishurucainengyong,11,59,39298.000,666.068,17375232,17461248,unavailable,17518592,5734400,5869568,unavailable,5869568,5869568,6807552
librime-1.17.0,track-a-comparison,luna_pinyin,key_sequence_process_with_context,zhegeyinqingqishiyinggaizhichichaochangjuzishurucainengyong,12,59,39438.000,668.441,17461248,17375232,unavailable,17518592,5869568,5734400,unavailable,5734400,5734400,6807552
librime-1.17.0,track-a-comparison,luna_pinyin,key_sequence_process_with_context,zhegeyinqingqishiyinggaizhichichaochangjuzishurucainengyong,13,59,39287.400,665.888,17375232,17494016,unavailable,17518592,5734400,5869568,unavailable,5869568,5869568,6807552
librime-1.17.0,track-a-comparison,luna_pinyin,key_sequence_process_with_context,zhegeyinqingqishiyinggaizhichichaochangjuzishurucainengyong,14,59,39336.200,666.715,17494016,17432576,unavailable,17518592,5869568,5734400,unavailable,5734400,5734400,6807552
librime-1.17.0,track-a-comparison,luna_pinyin,key_sequence_process_with_context,zhegeyinqingqishiyinggaizhichichaochangjuzishurucainengyong,15,59,39475.600,669.078,17432576,17481728,unavailable,17518592,5734400,5869568,unavailable,5869568,5869568,6807552
librime-1.17.0,track-a-comparison,luna_pinyin,key_sequence_process_with_context,zhegeyinqingqishiyinggaizhichichaochangjuzishurucainengyong,16,59,39440.000,668.475,17481728,17481728,unavailable,17518592,5869568,5869568,unavailable,5869568,5869568,6807552
librime-1.17.0,track-a-comparison,luna_pinyin,key_sequence_process_with_context,zhegeyinqingqishiyinggaizhichichaochangjuzishurucainengyong,17,59,39682.800,672.590,17481728,17461248,unavailable,17518592,5869568,5869568,unavailable,5869568,5869568,6807552
librime-1.17.0,track-a-comparison,luna_pinyin,key_sequence_process_with_context,zhegeyinqingqishiyinggaizhichichaochangjuzishurucainengyong,18,59,39620.400,671.532,17461248,17481728,unavailable,17518592,5869568,5869568,unavailable,5869568,5869568,6807552
librime-1.17.0,track-a-comparison,luna_pinyin,key_sequence_process_with_context,zhegeyinqingqishiyinggaizhichichaochangjuzishurucainengyong,19,59,39602.200,671.224,17481728,17461248,unavailable,17518592,5869568,5869568,unavailable,5869568,5869568,6807552
librime-1.17.0,track-a-comparison,luna_pinyin,key_sequence_process_with_context,zhegeyinqingqishiyinggaizhichichaochangjuzishurucainengyong,20,59,40278.900,682.693,17461248,17489920,unavailable,17522688,5869568,5869568,unavailable,5869568,5869568,6807552
librime-1.17.0,track-a-comparison,luna_pinyin,key_sequence_process_with_context,zhegeyinqingqishiyinggaizhichichaochangjuzishurucainengyong,21,59,40238.200,682.003,17489920,17526784,unavailable,17526784,5869568,5869568,unavailable,5869568,5869568,6807552
librime-1.17.0,track-a-comparison,luna_pinyin,key_sequence_process_with_context,zhegeyinqingqishiyinggaizhichichaochangjuzishurucainengyong,22,59,39565.800,670.607,17526784,17543168,unavailable,17543168,5869568,5869568,unavailable,5869568,5869568,6807552
librime-1.17.0,track-a-comparison,luna_pinyin,key_sequence_process_with_context,zhegeyinqingqishiyinggaizhichichaochangjuzishurucainengyong,23,59,39518.700,669.808,17543168,17518592,unavailable,17543168,5869568,5869568,unavailable,5869568,5869568,6807552
librime-1.17.0,track-a-comparison,luna_pinyin,key_sequence_process_with_context,zhegeyinqingqishiyinggaizhichichaochangjuzishurucainengyong,24,59,39632.800,671.742,17518592,17494016,unavailable,17543168,5869568,5869568,unavailable,5869568,5869568,6807552
librime-1.17.0,track-a-comparison,luna_pinyin,key_sequence_process_with_context,zhegeyinqingqishiyinggaizhichichaochangjuzishurucainengyong,25,59,39565.200,670.597,17498112,17567744,unavailable,17567744,5869568,5869568,unavailable,5869568,5869568,6807552
librime-1.17.0,track-a-comparison,luna_pinyin,key_sequence_process_with_context,zhegeyinqingqishiyinggaizhichichaochangjuzishurucainengyong,26,59,39387.500,667.585,17567744,17510400,unavailable,17567744,5869568,5869568,unavailable,5869568,5869568,6807552
librime-1.17.0,track-a-comparison,luna_pinyin,key_sequence_process_with_context,zhegeyinqingqishiyinggaizhichichaochangjuzishurucainengyong,27,59,39649.000,672.017,17510400,17518592,unavailable,17567744,5869568,5869568,unavailable,5869568,5869568,6807552
librime-1.17.0,track-a-comparison,luna_pinyin,key_sequence_process_with_context,zhegeyinqingqishiyinggaizhichichaochangjuzishurucainengyong,28,59,39513.600,669.722,17518592,17522688,unavailable,17567744,5869568,5869568,unavailable,5869568,5869568,6807552
librime-1.17.0,track-a-comparison,luna_pinyin,key_sequence_process_with_context,zhegeyinqingqishiyinggaizhichichaochangjuzishurucainengyong,29,59,39587.300,670.971,17522688,17522688,unavailable,17567744,5869568,5869568,unavailable,5869568,5869568,6807552
librime-1.17.0,track-a-comparison,luna_pinyin,key_sequence_process_with_context,zhegeyinqingqishiyinggaizhichichaochangjuzishurucainengyong,30,59,39504.500,669.568,17522688,17534976,unavailable,17567744,5869568,5869568,unavailable,5869568,5869568,6807552
librime-1.17.0,track-a-comparison,luna_pinyin,key_sequence_process_with_context,zhegeyinqingqishiyinggaizhichichaochangjuzishurucainengyong,31,59,39566.400,670.617,17534976,17518592,unavailable,17567744,5869568,5869568,unavailable,5869568,5869568,6807552
librime-1.17.0,track-a-comparison,luna_pinyin,key_sequence_process_with_context,zhegeyinqingqishiyinggaizhichichaochangjuzishurucainengyong,32,59,39740.000,673.559,17518592,17625088,unavailable,17625088,5869568,6074368,unavailable,6074368,6074368,6807552
librime-1.17.0,track-a-comparison,luna_pinyin,key_sequence_process_with_context,zhegeyinqingqishiyinggaizhichichaochangjuzishurucainengyong,33,59,39464.100,668.883,17625088,17629184,unavailable,17629184,6074368,6074368,unavailable,6074368,6074368,6807552
librime-1.17.0,track-a-comparison,luna_pinyin,key_sequence_process_with_context,zhegeyinqingqishiyinggaizhichichaochangjuzishurucainengyong,34,59,39234.200,664.986,17633280,17547264,unavailable,17633280,6074368,5873664,unavailable,5873664,5873664,6807552
librime-1.17.0,track-a-comparison,luna_pinyin,key_sequence_process_with_context,zhegeyinqingqishiyinggaizhichichaochangjuzishurucainengyong,35,59,39433.100,668.358,17547264,17633280,unavailable,17633280,5873664,6074368,unavailable,6074368,6074368,6807552
librime-1.17.0,track-a-comparison,luna_pinyin,key_sequence_process_with_context,zhegeyinqingqishiyinggaizhichichaochangjuzishurucainengyong,36,59,39301.700,666.131,17633280,17633280,unavailable,17633280,6074368,6074368,unavailable,6074368,6074368,6807552
librime-1.17.0,track-a-comparison,luna_pinyin,key_sequence_process_with_context,zhegeyinqingqishiyinggaizhichichaochangjuzishurucainengyong,37,59,39195.300,664.327,17633280,17633280,unavailable,17633280,6074368,6074368,unavailable,6074368,6074368,6807552
librime-1.17.0,track-a-comparison,luna_pinyin,key_sequence_process_with_context,zhegeyinqingqishiyinggaizhichichaochangjuzishurucainengyong,38,59,39540.500,670.178,17633280,17551360,unavailable,17633280,6074368,5873664,unavailable,5873664,5873664,6807552
librime-1.17.0,track-a-comparison,luna_pinyin,key_sequence_process_with_context,zhegeyinqingqishiyinggaizhichichaochangjuzishurucainengyong,39,59,39800.900,674.592,17551360,17633280,unavailable,17633280,5873664,6074368,unavailable,6074368,6074368,6807552
librime-1.17.0,track-a-comparison,luna_pinyin,key_sequence_process_with_context,zhegeyinqingqishiyinggaizhichichaochangjuzishurucainengyong,40,59,39909.500,676.432,17633280,17580032,unavailable,17633280,6074368,5873664,unavailable,5873664,5873664,6807552
librime-1.17.0,track-a-comparison,luna_pinyin,key_sequence_process_with_context,zhegeyinqingqishiyinggaizhichichaochangjuzishurucainengyong,41,59,39210.600,664.586,17580032,17600512,unavailable,17633280,5873664,6066176,unavailable,6066176,6066176,6807552
librime-1.17.0,track-a-comparison,luna_pinyin,key_sequence_process_with_context,zhegeyinqingqishiyinggaizhichichaochangjuzishurucainengyong,42,59,38911.200,659.512,17600512,17633280,unavailable,17633280,6066176,6074368,unavailable,6074368,6074368,6807552
librime-1.17.0,track-a-comparison,luna_pinyin,key_sequence_process_with_context,zhegeyinqingqishiyinggaizhichichaochangjuzishurucainengyong,43,59,39195.200,664.325,17633280,17633280,unavailable,17633280,6074368,6074368,unavailable,6074368,6074368,6807552
librime-1.17.0,track-a-comparison,luna_pinyin,key_sequence_process_with_context,zhegeyinqingqishiyinggaizhichichaochangjuzishurucainengyong,44,59,38896.400,659.261,17891328,17932288,unavailable,17932288,6545408,6545408,unavailable,6545408,6545408,6807552
librime-1.17.0,track-a-comparison,luna_pinyin,key_sequence_process_with_context,zhegeyinqingqishiyinggaizhichichaochangjuzishurucainengyong,45,59,39092.800,662.590,17932288,17661952,unavailable,17932288,6545408,6283264,unavailable,6283264,6283264,6807552
librime-1.17.0,track-a-comparison,luna_pinyin,key_sequence_process_with_context,zhegeyinqingqishiyinggaizhichichaochangjuzishurucainengyong,46,59,40216.900,681.642,17661952,17629184,unavailable,17932288,6283264,6283264,unavailable,6283264,6283264,6807552
librime-1.17.0,track-a-comparison,luna_pinyin,key_sequence_process_with_context,zhegeyinqingqishiyinggaizhichichaochangjuzishurucainengyong,47,59,39548.800,670.319,17629184,17657856,unavailable,17932288,6283264,6283264,unavailable,6283264,6283264,6807552
librime-1.17.0,track-a-comparison,luna_pinyin,key_sequence_process_with_context,zhegeyinqingqishiyinggaizhichichaochangjuzishurucainengyong,48,59,39090.800,662.556,17657856,17625088,unavailable,17932288,6283264,6283264,unavailable,6283264,6283264,6807552
librime-1.17.0,track-a-comparison,luna_pinyin,key_sequence_process_with_context,zhegeyinqingqishiyinggaizhichichaochangjuzishurucainengyong,49,59,39063.700,662.097,17625088,17666048,unavailable,17932288,6283264,6283264,unavailable,6283264,6283264,6807552
librime-1.17.0,track-a-comparison,luna_pinyin,key_sequence_process_with_context,zhegeyinqingqishiyinggaizhichichaochangjuzishurucainengyong,50,59,39063.000,662.085,17666048,17625088,unavailable,17932288,6283264,6283264,unavailable,6283264,6283264,6807552
librime-1.17.0,track-a-comparison,luna_pinyin,key_sequence_process_with_context,zhegeyinqingqishiyinggaizhichichaochangjuzishurucainengyong,51,59,39099.800,662.708,17625088,17653760,unavailable,17932288,6283264,6283264,unavailable,6283264,6283264,6807552
librime-1.17.0,track-a-comparison,luna_pinyin,key_sequence_process_with_context,zhegeyinqingqishiyinggaizhichichaochangjuzishurucainengyong,52,59,39006.200,661.122,17653760,17620992,unavailable,17932288,6283264,6283264,unavailable,6283264,6283264,6807552
librime-1.17.0,track-a-comparison,luna_pinyin,key_sequence_process_with_context,zhegeyinqingqishiyinggaizhichichaochangjuzishurucainengyong,53,59,39069.100,662.188,17620992,17666048,unavailable,17932288,6283264,6283264,unavailable,6283264,6283264,6807552
librime-1.17.0,track-a-comparison,luna_pinyin,key_sequence_process_with_context,zhegeyinqingqishiyinggaizhichichaochangjuzishurucainengyong,54,59,39289.000,665.915,17666048,17657856,unavailable,17932288,6283264,6283264,unavailable,6283264,6283264,6807552
librime-1.17.0,track-a-comparison,luna_pinyin,key_sequence_process_with_context,zhegeyinqingqishiyinggaizhichichaochangjuzishurucainengyong,55,59,39296.300,666.039,17657856,17670144,unavailable,17932288,6283264,6283264,unavailable,6283264,6283264,6807552
librime-1.17.0,track-a-comparison,luna_pinyin,key_sequence_process_with_context,zhegeyinqingqishiyinggaizhichichaochangjuzishurucainengyong,56,59,39464.700,668.893,17670144,17616896,unavailable,17932288,6283264,6279168,unavailable,6279168,6279168,6807552
librime-1.17.0,track-a-comparison,luna_pinyin,key_sequence_process_with_context,zhegeyinqingqishiyinggaizhichichaochangjuzishurucainengyong,57,59,39244.300,665.158,17616896,17666048,unavailable,17932288,6279168,6283264,unavailable,6283264,6283264,6807552
librime-1.17.0,track-a-comparison,luna_pinyin,key_sequence_process_with_context,zhegeyinqingqishiyinggaizhichichaochangjuzishurucainengyong,58,59,39317.700,666.402,17666048,17604608,unavailable,17932288,6283264,6283264,unavailable,6283264,6283264,6807552
librime-1.17.0,track-a-comparison,luna_pinyin,key_sequence_process_with_context,zhegeyinqingqishiyinggaizhichichaochangjuzishurucainengyong,59,59,39579.300,670.836,17604608,17649664,unavailable,17932288,6283264,6283264,unavailable,6283264,6283264,6807552
librime-1.17.0,track-a-comparison,luna_pinyin,key_sequence_process_with_context,zhegeyinqingqishiyinggaizhichichaochangjuzishurucainengyong,60,59,38848.500,658.449,17649664,17608704,unavailable,17932288,6283264,6283264,unavailable,6283264,6283264,6807552
librime-1.17.0,track-a-comparison,luna_pinyin,key_sequence_process_with_context,zhegeyinqingqishiyinggaizhichichaochangjuzishurucainengyong,61,59,38859.900,658.642,17608704,17645568,unavailable,17932288,6283264,6283264,unavailable,6283264,6283264,6807552
librime-1.17.0,track-a-comparison,luna_pinyin,key_sequence_process_with_context,zhegeyinqingqishiyinggaizhichichaochangjuzishurucainengyong,62,59,38998.500,660.992,17645568,17645568,unavailable,17932288,6283264,6283264,unavailable,6283264,6283264,6807552
librime-1.17.0,track-a-comparison,luna_pinyin,key_sequence_process_with_context,zhegeyinqingqishiyinggaizhichichaochangjuzishurucainengyong,63,59,38903.400,659.380,17645568,17678336,unavailable,17932288,6283264,6283264,unavailable,6283264,6283264,6807552
librime-1.17.0,track-a-comparison,luna_pinyin,key_sequence_process_with_context,zhegeyinqingqishiyinggaizhichichaochangjuzishurucainengyong,64,59,39228.500,664.890,17678336,17653760,unavailable,17932288,6283264,6283264,unavailable,6283264,6283264,6807552
librime-1.17.0,track-a-comparison,luna_pinyin,key_sequence_process_with_context,zhegeyinqingqishiyinggaizhichichaochangjuzishurucainengyong,65,59,38978.900,660.659,17653760,17682432,unavailable,17932288,6283264,6283264,unavailable,6283264,6283264,6807552
librime-1.17.0,track-a-comparison,luna_pinyin,key_sequence_process_with_context,zhegeyinqingqishiyinggaizhichichaochangjuzishurucainengyong,66,59,38992.500,660.890,17682432,17616896,unavailable,17932288,6283264,6283264,unavailable,6283264,6283264,6807552
librime-1.17.0,track-a-comparison,luna_pinyin,key_sequence_process_with_context,zhegeyinqingqishiyinggaizhichichaochangjuzishurucainengyong,67,59,38944.100,660.069,17616896,17649664,unavailable,17932288,6283264,6283264,unavailable,6283264,6283264,6807552
librime-1.17.0,track-a-comparison,luna_pinyin,key_sequence_process_with_context,zhegeyinqingqishiyinggaizhichichaochangjuzishurucainengyong,68,59,39092.400,662.583,17649664,17653760,unavailable,17932288,6283264,6283264,unavailable,6283264,6283264,6807552
librime-1.17.0,track-a-comparison,luna_pinyin,key_sequence_process_with_context,zhegeyinqingqishiyinggaizhichichaochangjuzishurucainengyong,69,59,39099.400,662.702,17653760,17661952,unavailable,17932288,6283264,6283264,unavailable,6283264,6283264,6807552
librime-1.17.0,track-a-comparison,luna_pinyin,key_sequence_process_with_context,zhegeyinqingqishiyinggaizhichichaochangjuzishurucainengyong,70,59,38775.100,657.205,17661952,17661952,unavailable,17932288,6283264,6283264,unavailable,6283264,6283264,6807552
librime-1.17.0,track-a-comparison,luna_pinyin,key_sequence_process_with_context,zhegeyinqingqishiyinggaizhichichaochangjuzishurucainengyong,71,59,38894.800,659.234,17661952,17666048,unavailable,17932288,6283264,6283264,unavailable,6283264,6283264,6807552
librime-1.17.0,track-a-comparison,luna_pinyin,key_sequence_process_with_context,zhegeyinqingqishiyinggaizhichichaochangjuzishurucainengyong,72,59,39245.200,665.173,17666048,17625088,unavailable,17932288,6283264,6283264,unavailable,6283264,6283264,6807552
librime-1.17.0,track-a-comparison,luna_pinyin,key_sequence_process_with_context,zhegeyinqingqishiyinggaizhichichaochangjuzishurucainengyong,73,59,39207.700,664.537,17625088,17608704,unavailable,17932288,6283264,6283264,unavailable,6283264,6283264,6807552
librime-1.17.0,track-a-comparison,luna_pinyin,key_sequence_process_with_context,zhegeyinqingqishiyinggaizhichichaochangjuzishurucainengyong,74,59,39009.700,661.181,17608704,17616896,unavailable,17932288,6283264,6283264,unavailable,6283264,6283264,6807552
librime-1.17.0,track-a-comparison,luna_pinyin,key_sequence_process_with_context,zhegeyinqingqishiyinggaizhichichaochangjuzishurucainengyong,75,59,38824.300,658.039,17616896,17616896,unavailable,17932288,6283264,6283264,unavailable,6283264,6283264,6807552
librime-1.17.0,track-a-comparison,luna_pinyin,key_sequence_process_with_context,zhegeyinqingqishiyinggaizhichichaochangjuzishurucainengyong,76,59,38943.600,660.061,17616896,17616896,unavailable,17932288,6283264,6283264,unavailable,6283264,6283264,6807552
librime-1.17.0,track-a-comparison,luna_pinyin,key_sequence_process_with_context,zhegeyinqingqishiyinggaizhichichaochangjuzishurucainengyong,77,59,38971.700,660.537,17616896,17670144,unavailable,17932288,6283264,6283264,unavailable,6283264,6283264,6807552
librime-1.17.0,track-a-comparison,luna_pinyin,key_sequence_process_with_context,zhegeyinqingqishiyinggaizhichichaochangjuzishurucainengyong,78,59,39079.000,662.356,17670144,17616896,unavailable,17932288,6283264,6283264,unavailable,6283264,6283264,6807552
librime-1.17.0,track-a-comparison,luna_pinyin,key_sequence_process_with_context,zhegeyinqingqishiyinggaizhichichaochangjuzishurucainengyong,79,59,38957.000,660.288,17616896,17625088,unavailable,17932288,6283264,6283264,unavailable,6283264,6283264,6807552
librime-1.17.0,track-a-comparison,luna_pinyin,key_sequence_process_with_context,cszysmsrsd,0,10,12005.400,1200.540,16842752,16842752,unavailable,18264064,6037504,6037504,unavailable,6037504,6037504,7520256
librime-1.17.0,track-a-comparison,luna_pinyin,key_sequence_process_with_context,cszysmsrsd,1,10,12216.200,1221.620,16908288,16846848,unavailable,18264064,6037504,6033408,unavailable,6033408,6033408,7520256
librime-1.17.0,track-a-comparison,luna_pinyin,key_sequence_process_with_context,cszysmsrsd,2,10,12251.900,1225.190,16846848,16834560,unavailable,18264064,6033408,6062080,unavailable,6062080,6062080,7520256
librime-1.17.0,track-a-comparison,luna_pinyin,key_sequence_process_with_context,cszysmsrsd,3,10,12025.000,1202.500,16834560,16855040,unavailable,18264064,6062080,6066176,unavailable,6066176,6066176,7520256
librime-1.17.0,track-a-comparison,luna_pinyin,key_sequence_process_with_context,cszysmsrsd,4,10,12001.000,1200.100,16855040,16855040,unavailable,18264064,6066176,6066176,unavailable,6066176,6066176,7520256
librime-1.17.0,track-a-comparison,luna_pinyin,key_sequence_process_with_context,cszysmsrsd,5,10,11996.800,1199.680,16855040,16855040,unavailable,18264064,6066176,6066176,unavailable,6066176,6066176,7520256
librime-1.17.0,track-a-comparison,luna_pinyin,key_sequence_process_with_context,cszysmsrsd,6,10,12012.100,1201.210,16855040,16855040,unavailable,18264064,6066176,6066176,unavailable,6066176,6066176,7520256
librime-1.17.0,track-a-comparison,luna_pinyin,key_sequence_process_with_context,cszysmsrsd,7,10,12026.300,1202.630,16855040,16855040,unavailable,18264064,6066176,6066176,unavailable,6066176,6066176,7520256
librime-1.17.0,track-a-comparison,luna_pinyin,key_sequence_process_with_context,cszysmsrsd,8,10,12032.400,1203.240,16855040,16912384,unavailable,18264064,6066176,6127616,unavailable,6127616,6127616,7520256
librime-1.17.0,track-a-comparison,luna_pinyin,key_sequence_process_with_context,cszysmsrsd,9,10,12021.400,1202.140,16912384,16920576,unavailable,18264064,6127616,6127616,unavailable,6127616,6127616,7520256
librime-1.17.0,track-a-comparison,luna_pinyin,key_sequence_process_with_context,cszysmsrsd,10,10,12017.200,1201.720,16920576,16920576,unavailable,18264064,6127616,6127616,unavailable,6127616,6127616,7520256
librime-1.17.0,track-a-comparison,luna_pinyin,key_sequence_process_with_context,cszysmsrsd,11,10,12011.800,1201.180,16920576,16920576,unavailable,18264064,6127616,6127616,unavailable,6127616,6127616,7520256
librime-1.17.0,track-a-comparison,luna_pinyin,key_sequence_process_with_context,cszysmsrsd,12,10,12054.400,1205.440,16920576,16920576,unavailable,18264064,6127616,6127616,unavailable,6127616,6127616,7520256
librime-1.17.0,track-a-comparison,luna_pinyin,key_sequence_process_with_context,cszysmsrsd,13,10,12066.800,1206.680,16920576,16920576,unavailable,18264064,6127616,6127616,unavailable,6127616,6127616,7520256
librime-1.17.0,track-a-comparison,luna_pinyin,key_sequence_process_with_context,cszysmsrsd,14,10,12175.500,1217.550,16920576,16797696,unavailable,18264064,6127616,5926912,unavailable,5926912,5926912,7520256
librime-1.17.0,track-a-comparison,luna_pinyin,key_sequence_process_with_context,cszysmsrsd,15,10,12071.200,1207.120,16797696,16867328,unavailable,18264064,5926912,6000640,unavailable,6000640,6000640,7520256
librime-1.17.0,track-a-comparison,luna_pinyin,key_sequence_process_with_context,cszysmsrsd,16,10,12119.000,1211.900,16867328,16867328,unavailable,18264064,6000640,6000640,unavailable,6000640,6000640,7520256
librime-1.17.0,track-a-comparison,luna_pinyin,key_sequence_process_with_context,cszysmsrsd,17,10,12239.300,1223.930,16867328,16879616,unavailable,18264064,6000640,6053888,unavailable,6053888,6053888,7520256
librime-1.17.0,track-a-comparison,luna_pinyin,key_sequence_process_with_context,cszysmsrsd,18,10,12061.400,1206.140,16879616,16883712,unavailable,18264064,6053888,6057984,unavailable,6057984,6057984,7520256
librime-1.17.0,track-a-comparison,luna_pinyin,key_sequence_process_with_context,cszysmsrsd,19,10,12109.500,1210.950,16883712,16936960,unavailable,18264064,6057984,6127616,unavailable,6127616,6127616,7520256
librime-1.17.0,track-a-comparison,luna_pinyin,key_sequence_process_with_context,cszysmsrsd,20,10,12071.700,1207.170,16936960,16949248,unavailable,18264064,6127616,6127616,unavailable,6127616,6127616,7520256
librime-1.17.0,track-a-comparison,luna_pinyin,key_sequence_process_with_context,cszysmsrsd,21,10,12054.800,1205.480,16949248,16949248,unavailable,18264064,6127616,6127616,unavailable,6127616,6127616,7520256
librime-1.17.0,track-a-comparison,luna_pinyin,key_sequence_process_with_context,cszysmsrsd,22,10,12082.100,1208.210,16949248,17018880,unavailable,18264064,6127616,6197248,unavailable,6197248,6197248,7520256
librime-1.17.0,track-a-comparison,luna_pinyin,key_sequence_process_with_context,cszysmsrsd,23,10,12078.000,1207.800,17018880,17022976,unavailable,18264064,6197248,6291456,unavailable,6291456,6291456,7520256
librime-1.17.0,track-a-comparison,luna_pinyin,key_sequence_process_with_context,cszysmsrsd,24,10,12061.400,1206.140,17022976,17022976,unavailable,18264064,6291456,6291456,unavailable,6291456,6291456,7520256
librime-1.17.0,track-a-comparison,luna_pinyin,key_sequence_process_with_context,cszysmsrsd,25,10,12054.600,1205.460,17022976,17022976,unavailable,18264064,6291456,6291456,unavailable,6291456,6291456,7520256
librime-1.17.0,track-a-comparison,luna_pinyin,key_sequence_process_with_context,cszysmsrsd,26,10,12042.900,1204.290,17022976,17022976,unavailable,18264064,6291456,6291456,unavailable,6291456,6291456,7520256
librime-1.17.0,track-a-comparison,luna_pinyin,key_sequence_process_with_context,cszysmsrsd,27,10,12054.700,1205.470,17022976,17022976,unavailable,18264064,6291456,6291456,unavailable,6291456,6291456,7520256
librime-1.17.0,track-a-comparison,luna_pinyin,key_sequence_process_with_context,cszysmsrsd,28,10,12040.800,1204.080,17022976,17022976,unavailable,18264064,6291456,6291456,unavailable,6291456,6291456,7520256
librime-1.17.0,track-a-comparison,luna_pinyin,key_sequence_process_with_context,cszysmsrsd,29,10,12083.400,1208.340,17022976,17022976,unavailable,18264064,6291456,6291456,unavailable,6291456,6291456,7520256
librime-1.17.0,track-a-comparison,luna_pinyin,key_sequence_process_with_context,cszysmsrsd,30,10,12073.800,1207.380,17022976,17088512,unavailable,18264064,6291456,6385664,unavailable,6385664,6385664,7520256
librime-1.17.0,track-a-comparison,luna_pinyin,key_sequence_process_with_context,cszysmsrsd,31,10,12029.200,1202.920,17088512,17088512,unavailable,18264064,6385664,6385664,unavailable,6385664,6385664,7520256
librime-1.17.0,track-a-comparison,luna_pinyin,key_sequence_process_with_context,cszysmsrsd,32,10,12549.800,1254.980,17088512,17088512,unavailable,18264064,6385664,6385664,unavailable,6385664,6385664,7520256
librime-1.17.0,track-a-comparison,luna_pinyin,key_sequence_process_with_context,cszysmsrsd,33,10,12209.000,1220.900,17088512,16891904,unavailable,18264064,6385664,6053888,unavailable,6053888,6053888,7520256
librime-1.17.0,track-a-comparison,luna_pinyin,key_sequence_process_with_context,cszysmsrsd,34,10,12034.000,1203.400,16891904,16891904,unavailable,18264064,6053888,6053888,unavailable,6053888,6053888,7520256
librime-1.17.0,track-a-comparison,luna_pinyin,key_sequence_process_with_context,cszysmsrsd,35,10,12062.300,1206.230,16891904,16891904,unavailable,18264064,6053888,6053888,unavailable,6053888,6053888,7520256
librime-1.17.0,track-a-comparison,luna_pinyin,key_sequence_process_with_context,cszysmsrsd,36,10,11993.300,1199.330,16891904,16891904,unavailable,18264064,6053888,6053888,unavailable,6053888,6053888,7520256
librime-1.17.0,track-a-comparison,luna_pinyin,key_sequence_process_with_context,cszysmsrsd,37,10,12036.900,1203.690,16891904,16891904,unavailable,18264064,6053888,6053888,unavailable,6053888,6053888,7520256
librime-1.17.0,track-a-comparison,luna_pinyin,key_sequence_process_with_context,cszysmsrsd,38,10,12024.100,1202.410,16891904,16891904,unavailable,18264064,6053888,6053888,unavailable,6053888,6053888,7520256
librime-1.17.0,track-a-comparison,luna_pinyin,key_sequence_process_with_context,cszysmsrsd,39,10,12104.300,1210.430,16891904,16891904,unavailable,18264064,6053888,6053888,unavailable,6053888,6053888,7520256
librime-1.17.0,track-a-comparison,luna_pinyin,key_sequence_process_with_context,cszysmsrsd,40,10,12063.200,1206.320,16891904,16900096,unavailable,18264064,6053888,6057984,unavailable,6057984,6057984,7520256
librime-1.17.0,track-a-comparison,luna_pinyin,key_sequence_process_with_context,cszysmsrsd,41,10,12032.400,1203.240,16900096,16900096,unavailable,18264064,6057984,6057984,unavailable,6057984,6057984,7520256
librime-1.17.0,track-a-comparison,luna_pinyin,key_sequence_process_with_context,cszysmsrsd,42,10,12105.900,1210.590,16900096,16900096,unavailable,18264064,6057984,6057984,unavailable,6057984,6057984,7520256
librime-1.17.0,track-a-comparison,luna_pinyin,key_sequence_process_with_context,cszysmsrsd,43,10,12049.600,1204.960,16900096,16900096,unavailable,18264064,6057984,6057984,unavailable,6057984,6057984,7520256
librime-1.17.0,track-a-comparison,luna_pinyin,key_sequence_process_with_context,cszysmsrsd,44,10,12049.300,1204.930,16900096,16900096,unavailable,18264064,6057984,6057984,unavailable,6057984,6057984,7520256
librime-1.17.0,track-a-comparison,luna_pinyin,key_sequence_process_with_context,cszysmsrsd,45,10,12143.100,1214.310,16900096,16801792,unavailable,18264064,6057984,5918720,unavailable,5918720,5918720,7520256
librime-1.17.0,track-a-comparison,luna_pinyin,key_sequence_process_with_context,cszysmsrsd,46,10,12040.800,1204.080,16801792,16875520,unavailable,18264064,5918720,6025216,unavailable,6025216,6025216,7520256
librime-1.17.0,track-a-comparison,luna_pinyin,key_sequence_process_with_context,cszysmsrsd,47,10,12031.400,1203.140,16875520,16875520,unavailable,18264064,6025216,6025216,unavailable,6025216,6025216,7520256
librime-1.17.0,track-a-comparison,luna_pinyin,key_sequence_process_with_context,cszysmsrsd,48,10,12026.400,1202.640,16875520,16875520,unavailable,18264064,6025216,6025216,unavailable,6025216,6025216,7520256
librime-1.17.0,track-a-comparison,luna_pinyin,key_sequence_process_with_context,cszysmsrsd,49,10,12029.200,1202.920,16875520,16879616,unavailable,18264064,6025216,6029312,unavailable,6029312,6029312,7520256
librime-1.17.0,track-a-comparison,luna_pinyin,key_sequence_process_with_context,cszysmsrsd,50,10,12058.900,1205.890,16879616,16879616,unavailable,18264064,6029312,6029312,unavailable,6029312,6029312,7520256
librime-1.17.0,track-a-comparison,luna_pinyin,key_sequence_process_with_context,cszysmsrsd,51,10,12252.200,1225.220,16879616,16904192,unavailable,18264064,6029312,6115328,unavailable,6115328,6115328,7520256
librime-1.17.0,track-a-comparison,luna_pinyin,key_sequence_process_with_context,cszysmsrsd,52,10,12056.300,1205.630,16904192,16904192,unavailable,18264064,6115328,6115328,unavailable,6115328,6115328,7520256
librime-1.17.0,track-a-comparison,luna_pinyin,key_sequence_process_with_context,cszysmsrsd,53,10,12263.600,1226.360,16904192,16957440,unavailable,18264064,6115328,6238208,unavailable,6238208,6238208,7520256
librime-1.17.0,track-a-comparison,luna_pinyin,key_sequence_process_with_context,cszysmsrsd,54,10,11964.800,1196.480,16957440,16965632,unavailable,18264064,6238208,6254592,unavailable,6254592,6254592,7520256
librime-1.17.0,track-a-comparison,luna_pinyin,key_sequence_process_with_context,cszysmsrsd,55,10,11975.900,1197.590,16965632,16965632,unavailable,18264064,6254592,6254592,unavailable,6254592,6254592,7520256
librime-1.17.0,track-a-comparison,luna_pinyin,key_sequence_process_with_context,cszysmsrsd,56,10,11977.600,1197.760,16965632,16965632,unavailable,18264064,6254592,6254592,unavailable,6254592,6254592,7520256
librime-1.17.0,track-a-comparison,luna_pinyin,key_sequence_process_with_context,cszysmsrsd,57,10,11915.400,1191.540,16965632,16965632,unavailable,18264064,6254592,6254592,unavailable,6254592,6254592,7520256
librime-1.17.0,track-a-comparison,luna_pinyin,key_sequence_process_with_context,cszysmsrsd,58,10,11966.500,1196.650,16965632,16965632,unavailable,18264064,6254592,6254592,unavailable,6254592,6254592,7520256
librime-1.17.0,track-a-comparison,luna_pinyin,key_sequence_process_with_context,cszysmsrsd,59,10,11945.300,1194.530,16965632,16965632,unavailable,18264064,6254592,6254592,unavailable,6254592,6254592,7520256
librime-1.17.0,track-a-comparison,luna_pinyin,key_sequence_process_with_context,cszysmsrsd,60,10,11960.800,1196.080,16965632,16965632,unavailable,18264064,6254592,6254592,unavailable,6254592,6254592,7520256
librime-1.17.0,track-a-comparison,luna_pinyin,key_sequence_process_with_context,cszysmsrsd,61,10,11961.000,1196.100,16965632,16965632,unavailable,18264064,6254592,6254592,unavailable,6254592,6254592,7520256
librime-1.17.0,track-a-comparison,luna_pinyin,key_sequence_process_with_context,cszysmsrsd,62,10,11927.500,1192.750,16965632,16973824,unavailable,18264064,6254592,6254592,unavailable,6254592,6254592,7520256
librime-1.17.0,track-a-comparison,luna_pinyin,key_sequence_process_with_context,cszysmsrsd,63,10,11911.500,1191.150,16973824,16973824,unavailable,18264064,6254592,6254592,unavailable,6254592,6254592,7520256
librime-1.17.0,track-a-comparison,luna_pinyin,key_sequence_process_with_context,cszysmsrsd,64,10,11990.300,1199.030,16973824,16973824,unavailable,18264064,6254592,6254592,unavailable,6254592,6254592,7520256
librime-1.17.0,track-a-comparison,luna_pinyin,key_sequence_process_with_context,cszysmsrsd,65,10,11977.200,1197.720,16973824,16973824,unavailable,18264064,6254592,6254592,unavailable,6254592,6254592,7520256
librime-1.17.0,track-a-comparison,luna_pinyin,key_sequence_process_with_context,cszysmsrsd,66,10,11980.700,1198.070,16973824,16973824,unavailable,18264064,6254592,6254592,unavailable,6254592,6254592,7520256
librime-1.17.0,track-a-comparison,luna_pinyin,key_sequence_process_with_context,cszysmsrsd,67,10,12040.700,1204.070,16973824,16789504,unavailable,18264064,6254592,5959680,unavailable,5959680,5959680,7520256
librime-1.17.0,track-a-comparison,luna_pinyin,key_sequence_process_with_context,cszysmsrsd,68,10,11897.700,1189.770,16789504,16789504,unavailable,18264064,5959680,5959680,unavailable,5959680,5959680,7520256
librime-1.17.0,track-a-comparison,luna_pinyin,key_sequence_process_with_context,cszysmsrsd,69,10,11945.800,1194.580,16789504,16793600,unavailable,18264064,5959680,5963776,unavailable,5963776,5963776,7520256
librime-1.17.0,track-a-comparison,luna_pinyin,key_sequence_process_with_context,cszysmsrsd,70,10,11958.700,1195.870,16793600,16850944,unavailable,18264064,5963776,5963776,unavailable,5963776,5963776,7520256
librime-1.17.0,track-a-comparison,luna_pinyin,key_sequence_process_with_context,cszysmsrsd,71,10,11969.000,1196.900,16850944,16867328,unavailable,18264064,5963776,5976064,unavailable,5976064,5976064,7520256
librime-1.17.0,track-a-comparison,luna_pinyin,key_sequence_process_with_context,cszysmsrsd,72,10,12065.700,1206.570,16867328,16867328,unavailable,18264064,5976064,5976064,unavailable,5976064,5976064,7520256
librime-1.17.0,track-a-comparison,luna_pinyin,key_sequence_process_with_context,cszysmsrsd,73,10,12028.600,1202.860,16867328,16867328,unavailable,18264064,5976064,5976064,unavailable,5976064,5976064,7520256
librime-1.17.0,track-a-comparison,luna_pinyin,key_sequence_process_with_context,cszysmsrsd,74,10,12112.000,1211.200,16867328,16859136,unavailable,18264064,5976064,5967872,unavailable,5967872,5967872,7520256
librime-1.17.0,track-a-comparison,luna_pinyin,key_sequence_process_with_context,cszysmsrsd,75,10,12053.800,1205.380,16859136,16863232,unavailable,18264064,5967872,5971968,unavailable,5971968,5971968,7520256
librime-1.17.0,track-a-comparison,luna_pinyin,key_sequence_process_with_context,cszysmsrsd,76,10,12018.000,1201.800,16863232,16863232,unavailable,18264064,5971968,5971968,unavailable,5971968,5971968,7520256
librime-1.17.0,track-a-comparison,luna_pinyin,key_sequence_process_with_context,cszysmsrsd,77,10,12020.400,1202.040,16863232,16863232,unavailable,18264064,5971968,5971968,unavailable,5971968,5971968,7520256
librime-1.17.0,track-a-comparison,luna_pinyin,key_sequence_process_with_context,cszysmsrsd,78,10,12009.700,1200.970,16863232,16863232,unavailable,18264064,5971968,5971968,unavailable,5971968,5971968,7520256
librime-1.17.0,track-a-comparison,luna_pinyin,key_sequence_process_with_context,cszysmsrsd,79,10,12071.400,1207.140,16863232,16867328,unavailable,18264064,5971968,5976064,unavailable,5976064,5976064,7520256
librime-1.17.0,track-a-comparison,luna_pinyin,key_sequence_process_with_context,zybfshmsru,0,10,8429.400,842.940,16953344,16957440,unavailable,18264064,6356992,6356992,unavailable,6356992,6356992,7589888
librime-1.17.0,track-a-comparison,luna_pinyin,key_sequence_process_with_context,zybfshmsru,1,10,8408.400,840.840,16957440,16957440,unavailable,18264064,6356992,6356992,unavailable,6356992,6356992,7589888
librime-1.17.0,track-a-comparison,luna_pinyin,key_sequence_process_with_context,zybfshmsru,2,10,8440.600,844.060,16957440,16982016,unavailable,18264064,6356992,6385664,unavailable,6385664,6385664,7589888
librime-1.17.0,track-a-comparison,luna_pinyin,key_sequence_process_with_context,zybfshmsru,3,10,8426.800,842.680,16982016,16982016,unavailable,18264064,6385664,6385664,unavailable,6385664,6385664,7589888
librime-1.17.0,track-a-comparison,luna_pinyin,key_sequence_process_with_context,zybfshmsru,4,10,8417.400,841.740,16982016,16982016,unavailable,18264064,6385664,6385664,unavailable,6385664,6385664,7589888
librime-1.17.0,track-a-comparison,luna_pinyin,key_sequence_process_with_context,zybfshmsru,5,10,8456.600,845.660,16982016,16982016,unavailable,18264064,6385664,6385664,unavailable,6385664,6385664,7589888
librime-1.17.0,track-a-comparison,luna_pinyin,key_sequence_process_with_context,zybfshmsru,6,10,8437.100,843.710,16982016,16982016,unavailable,18264064,6385664,6385664,unavailable,6385664,6385664,7589888
librime-1.17.0,track-a-comparison,luna_pinyin,key_sequence_process_with_context,zybfshmsru,7,10,8446.900,844.690,16982016,16982016,unavailable,18264064,6385664,6385664,unavailable,6385664,6385664,7589888
librime-1.17.0,track-a-comparison,luna_pinyin,key_sequence_process_with_context,zybfshmsru,8,10,8433.500,843.350,16982016,16982016,unavailable,18264064,6385664,6385664,unavailable,6385664,6385664,7589888
librime-1.17.0,track-a-comparison,luna_pinyin,key_sequence_process_with_context,zybfshmsru,9,10,8438.700,843.870,16982016,16982016,unavailable,18264064,6385664,6385664,unavailable,6385664,6385664,7589888
librime-1.17.0,track-a-comparison,luna_pinyin,key_sequence_process_with_context,zybfshmsru,10,10,8439.700,843.970,16982016,16982016,unavailable,18264064,6385664,6385664,unavailable,6385664,6385664,7589888
librime-1.17.0,track-a-comparison,luna_pinyin,key_sequence_process_with_context,zybfshmsru,11,10,8405.600,840.560,16982016,16994304,unavailable,18264064,6385664,6385664,unavailable,6385664,6385664,7589888
librime-1.17.0,track-a-comparison,luna_pinyin,key_sequence_process_with_context,zybfshmsru,12,10,8423.600,842.360,16994304,16994304,unavailable,18264064,6385664,6385664,unavailable,6385664,6385664,7589888
librime-1.17.0,track-a-comparison,luna_pinyin,key_sequence_process_with_context,zybfshmsru,13,10,8393.500,839.350,16994304,16994304,unavailable,18264064,6385664,6385664,unavailable,6385664,6385664,7589888
librime-1.17.0,track-a-comparison,luna_pinyin,key_sequence_process_with_context,zybfshmsru,14,10,8409.100,840.910,16994304,16994304,unavailable,18264064,6385664,6385664,unavailable,6385664,6385664,7589888
librime-1.17.0,track-a-comparison,luna_pinyin,key_sequence_process_with_context,zybfshmsru,15,10,8414.900,841.490,16994304,16994304,unavailable,18264064,6385664,6385664,unavailable,6385664,6385664,7589888
librime-1.17.0,track-a-comparison,luna_pinyin,key_sequence_process_with_context,zybfshmsru,16,10,8400.100,840.010,16994304,16994304,unavailable,18264064,6385664,6385664,unavailable,6385664,6385664,7589888
librime-1.17.0,track-a-comparison,luna_pinyin,key_sequence_process_with_context,zybfshmsru,17,10,8417.000,841.700,16994304,16994304,unavailable,18264064,6385664,6385664,unavailable,6385664,6385664,7589888
librime-1.17.0,track-a-comparison,luna_pinyin,key_sequence_process_with_context,zybfshmsru,18,10,8422.400,842.240,16994304,16994304,unavailable,18264064,6385664,6385664,unavailable,6385664,6385664,7589888
librime-1.17.0,track-a-comparison,luna_pinyin,key_sequence_process_with_context,zybfshmsru,19,10,8426.100,842.610,16994304,16994304,unavailable,18264064,6385664,6385664,unavailable,6385664,6385664,7589888
librime-1.17.0,track-a-comparison,luna_pinyin,key_sequence_process_with_context,zybfshmsru,20,10,8421.700,842.170,16994304,16994304,unavailable,18264064,6385664,6385664,unavailable,6385664,6385664,7589888
librime-1.17.0,track-a-comparison,luna_pinyin,key_sequence_process_with_context,zybfshmsru,21,10,8432.500,843.250,16994304,16994304,unavailable,18264064,6385664,6385664,unavailable,6385664,6385664,7589888
librime-1.17.0,track-a-comparison,luna_pinyin,key_sequence_process_with_context,zybfshmsru,22,10,8455.500,845.550,16994304,16994304,unavailable,18264064,6385664,6385664,unavailable,6385664,6385664,7589888
librime-1.17.0,track-a-comparison,luna_pinyin,key_sequence_process_with_context,zybfshmsru,23,10,8454.300,845.430,16994304,16994304,unavailable,18264064,6385664,6385664,unavailable,6385664,6385664,7589888
librime-1.17.0,track-a-comparison,luna_pinyin,key_sequence_process_with_context,zybfshmsru,24,10,8398.800,839.880,16994304,16994304,unavailable,18264064,6385664,6385664,unavailable,6385664,6385664,7589888
librime-1.17.0,track-a-comparison,luna_pinyin,key_sequence_process_with_context,zybfshmsru,25,10,8434.800,843.480,16994304,16994304,unavailable,18264064,6385664,6385664,unavailable,6385664,6385664,7589888
librime-1.17.0,track-a-comparison,luna_pinyin,key_sequence_process_with_context,zybfshmsru,26,10,8408.100,840.810,16994304,16994304,unavailable,18264064,6385664,6385664,unavailable,6385664,6385664,7589888
librime-1.17.0,track-a-comparison,luna_pinyin,key_sequence_process_with_context,zybfshmsru,27,10,8412.600,841.260,16994304,16994304,unavailable,18264064,6385664,6385664,unavailable,6385664,6385664,7589888
librime-1.17.0,track-a-comparison,luna_pinyin,key_sequence_process_with_context,zybfshmsru,28,10,8424.300,842.430,16994304,16994304,unavailable,18264064,6385664,6385664,unavailable,6385664,6385664,7589888
librime-1.17.0,track-a-comparison,luna_pinyin,key_sequence_process_with_context,zybfshmsru,29,10,8409.200,840.920,16994304,16994304,unavailable,18264064,6385664,6385664,unavailable,6385664,6385664,7589888
librime-1.17.0,track-a-comparison,luna_pinyin,key_sequence_process_with_context,zybfshmsru,30,10,8422.400,842.240,16994304,16994304,unavailable,18264064,6385664,6385664,unavailable,6385664,6385664,7589888
librime-1.17.0,track-a-comparison,luna_pinyin,key_sequence_process_with_context,zybfshmsru,31,10,8410.600,841.060,16994304,16994304,unavailable,18264064,6385664,6385664,unavailable,6385664,6385664,7589888
librime-1.17.0,track-a-comparison,luna_pinyin,key_sequence_process_with_context,zybfshmsru,32,10,8422.700,842.270,16994304,16994304,unavailable,18264064,6385664,6385664,unavailable,6385664,6385664,7589888
librime-1.17.0,track-a-comparison,luna_pinyin,key_sequence_process_with_context,zybfshmsru,33,10,8428.500,842.850,16994304,16994304,unavailable,18264064,6385664,6385664,unavailable,6385664,6385664,7589888
librime-1.17.0,track-a-comparison,luna_pinyin,key_sequence_process_with_context,zybfshmsru,34,10,8950.600,895.060,16994304,16994304,unavailable,18264064,6385664,6385664,unavailable,6385664,6385664,7589888
librime-1.17.0,track-a-comparison,luna_pinyin,key_sequence_process_with_context,zybfshmsru,35,10,8386.800,838.680,16994304,16994304,unavailable,18264064,6385664,6385664,unavailable,6385664,6385664,7589888
librime-1.17.0,track-a-comparison,luna_pinyin,key_sequence_process_with_context,zybfshmsru,36,10,8377.100,837.710,16994304,16994304,unavailable,18264064,6385664,6385664,unavailable,6385664,6385664,7589888
librime-1.17.0,track-a-comparison,luna_pinyin,key_sequence_process_with_context,zybfshmsru,37,10,8424.800,842.480,16994304,16994304,unavailable,18264064,6385664,6385664,unavailable,6385664,6385664,7589888
librime-1.17.0,track-a-comparison,luna_pinyin,key_sequence_process_with_context,zybfshmsru,38,10,8389.400,838.940,16994304,16994304,unavailable,18264064,6385664,6385664,unavailable,6385664,6385664,7589888
librime-1.17.0,track-a-comparison,luna_pinyin,key_sequence_process_with_context,zybfshmsru,39,10,8431.900,843.190,16994304,16994304,unavailable,18264064,6385664,6385664,unavailable,6385664,6385664,7589888
librime-1.17.0,track-a-comparison,luna_pinyin,key_sequence_process_with_context,zybfshmsru,40,10,8388.700,838.870,16994304,16994304,unavailable,18264064,6385664,6385664,unavailable,6385664,6385664,7589888
librime-1.17.0,track-a-comparison,luna_pinyin,key_sequence_process_with_context,zybfshmsru,41,10,8405.100,840.510,16994304,16994304,unavailable,18264064,6385664,6385664,unavailable,6385664,6385664,7589888
librime-1.17.0,track-a-comparison,luna_pinyin,key_sequence_process_with_context,zybfshmsru,42,10,8396.700,839.670,16994304,16994304,unavailable,18264064,6385664,6385664,unavailable,6385664,6385664,7589888
librime-1.17.0,track-a-comparison,luna_pinyin,key_sequence_process_with_context,zybfshmsru,43,10,8385.500,838.550,16994304,16994304,unavailable,18264064,6385664,6385664,unavailable,6385664,6385664,7589888
librime-1.17.0,track-a-comparison,luna_pinyin,key_sequence_process_with_context,zybfshmsru,44,10,8408.000,840.800,16994304,16994304,unavailable,18264064,6385664,6385664,unavailable,6385664,6385664,7589888
librime-1.17.0,track-a-comparison,luna_pinyin,key_sequence_process_with_context,zybfshmsru,45,10,8374.900,837.490,16994304,16994304,unavailable,18264064,6385664,6385664,unavailable,6385664,6385664,7589888
librime-1.17.0,track-a-comparison,luna_pinyin,key_sequence_process_with_context,zybfshmsru,46,10,8378.600,837.860,16994304,16994304,unavailable,18264064,6385664,6385664,unavailable,6385664,6385664,7589888
librime-1.17.0,track-a-comparison,luna_pinyin,key_sequence_process_with_context,zybfshmsru,47,10,8413.400,841.340,16994304,16994304,unavailable,18264064,6385664,6385664,unavailable,6385664,6385664,7589888
librime-1.17.0,track-a-comparison,luna_pinyin,key_sequence_process_with_context,zybfshmsru,48,10,8417.700,841.770,16994304,16994304,unavailable,18264064,6385664,6385664,unavailable,6385664,6385664,7589888
librime-1.17.0,track-a-comparison,luna_pinyin,key_sequence_process_with_context,zybfshmsru,49,10,8383.200,838.320,16994304,16994304,unavailable,18264064,6385664,6385664,unavailable,6385664,6385664,7589888
librime-1.17.0,track-a-comparison,luna_pinyin,key_sequence_process_with_context,zybfshmsru,50,10,8422.400,842.240,16994304,16994304,unavailable,18264064,6385664,6385664,unavailable,6385664,6385664,7589888
librime-1.17.0,track-a-comparison,luna_pinyin,key_sequence_process_with_context,zybfshmsru,51,10,8433.500,843.350,16994304,16994304,unavailable,18264064,6385664,6385664,unavailable,6385664,6385664,7589888
librime-1.17.0,track-a-comparison,luna_pinyin,key_sequence_process_with_context,zybfshmsru,52,10,8417.700,841.770,16994304,16994304,unavailable,18264064,6385664,6385664,unavailable,6385664,6385664,7589888
librime-1.17.0,track-a-comparison,luna_pinyin,key_sequence_process_with_context,zybfshmsru,53,10,8460.600,846.060,16994304,16994304,unavailable,18264064,6385664,6385664,unavailable,6385664,6385664,7589888
librime-1.17.0,track-a-comparison,luna_pinyin,key_sequence_process_with_context,zybfshmsru,54,10,8420.800,842.080,16994304,16994304,unavailable,18264064,6385664,6385664,unavailable,6385664,6385664,7589888
librime-1.17.0,track-a-comparison,luna_pinyin,key_sequence_process_with_context,zybfshmsru,55,10,8404.400,840.440,16994304,16994304,unavailable,18264064,6385664,6385664,unavailable,6385664,6385664,7589888
librime-1.17.0,track-a-comparison,luna_pinyin,key_sequence_process_with_context,zybfshmsru,56,10,8402.200,840.220,16994304,16994304,unavailable,18264064,6385664,6385664,unavailable,6385664,6385664,7589888
librime-1.17.0,track-a-comparison,luna_pinyin,key_sequence_process_with_context,zybfshmsru,57,10,8422.000,842.200,16994304,16994304,unavailable,18264064,6385664,6385664,unavailable,6385664,6385664,7589888
librime-1.17.0,track-a-comparison,luna_pinyin,key_sequence_process_with_context,zybfshmsru,58,10,8391.100,839.110,16994304,16994304,unavailable,18264064,6385664,6385664,unavailable,6385664,6385664,7589888
librime-1.17.0,track-a-comparison,luna_pinyin,key_sequence_process_with_context,zybfshmsru,59,10,8414.700,841.470,16994304,16994304,unavailable,18264064,6385664,6385664,unavailable,6385664,6385664,7589888
librime-1.17.0,track-a-comparison,luna_pinyin,key_sequence_process_with_context,zybfshmsru,60,10,8387.300,838.730,16994304,16994304,unavailable,18264064,6385664,6385664,unavailable,6385664,6385664,7589888
librime-1.17.0,track-a-comparison,luna_pinyin,key_sequence_process_with_context,zybfshmsru,61,10,8415.600,841.560,16994304,16994304,unavailable,18264064,6385664,6385664,unavailable,6385664,6385664,7589888
librime-1.17.0,track-a-comparison,luna_pinyin,key_sequence_process_with_context,zybfshmsru,62,10,8410.200,841.020,16994304,16994304,unavailable,18264064,6385664,6385664,unavailable,6385664,6385664,7589888
librime-1.17.0,track-a-comparison,luna_pinyin,key_sequence_process_with_context,zybfshmsru,63,10,8392.500,839.250,16994304,16994304,unavailable,18264064,6385664,6385664,unavailable,6385664,6385664,7589888
librime-1.17.0,track-a-comparison,luna_pinyin,key_sequence_process_with_context,zybfshmsru,64,10,8405.900,840.590,17059840,17059840,unavailable,18264064,6385664,6385664,unavailable,6385664,6385664,7589888
librime-1.17.0,track-a-comparison,luna_pinyin,key_sequence_process_with_context,zybfshmsru,65,10,8379.500,837.950,17059840,17059840,unavailable,18264064,6385664,6385664,unavailable,6385664,6385664,7589888
librime-1.17.0,track-a-comparison,luna_pinyin,key_sequence_process_with_context,zybfshmsru,66,10,8410.900,841.090,17059840,17059840,unavailable,18264064,6385664,6385664,unavailable,6385664,6385664,7589888
librime-1.17.0,track-a-comparison,luna_pinyin,key_sequence_process_with_context,zybfshmsru,67,10,8405.100,840.510,17059840,17059840,unavailable,18264064,6385664,6385664,unavailable,6385664,6385664,7589888
librime-1.17.0,track-a-comparison,luna_pinyin,key_sequence_process_with_context,zybfshmsru,68,10,8405.400,840.540,17059840,17059840,unavailable,18264064,6385664,6385664,unavailable,6385664,6385664,7589888
librime-1.17.0,track-a-comparison,luna_pinyin,key_sequence_process_with_context,zybfshmsru,69,10,8765.300,876.530,17059840,17059840,unavailable,18264064,6385664,6385664,unavailable,6385664,6385664,7589888
librime-1.17.0,track-a-comparison,luna_pinyin,key_sequence_process_with_context,zybfshmsru,70,10,8388.600,838.860,17059840,17059840,unavailable,18264064,6385664,6385664,unavailable,6385664,6385664,7589888
librime-1.17.0,track-a-comparison,luna_pinyin,key_sequence_process_with_context,zybfshmsru,71,10,8452.300,845.230,17059840,17059840,unavailable,18264064,6385664,6385664,unavailable,6385664,6385664,7589888
librime-1.17.0,track-a-comparison,luna_pinyin,key_sequence_process_with_context,zybfshmsru,72,10,8590.000,859.000,17059840,17059840,unavailable,18264064,6385664,6385664,unavailable,6385664,6385664,7589888
librime-1.17.0,track-a-comparison,luna_pinyin,key_sequence_process_with_context,zybfshmsru,73,10,9007.600,900.760,17059840,17059840,unavailable,18264064,6385664,6385664,unavailable,6385664,6385664,7589888
librime-1.17.0,track-a-comparison,luna_pinyin,key_sequence_process_with_context,zybfshmsru,74,10,8545.900,854.590,17059840,17059840,unavailable,18264064,6385664,6385664,unavailable,6385664,6385664,7589888
librime-1.17.0,track-a-comparison,luna_pinyin,key_sequence_process_with_context,zybfshmsru,75,10,8338.000,833.800,17059840,17059840,unavailable,18264064,6385664,6385664,unavailable,6385664,6385664,7589888
librime-1.17.0,track-a-comparison,luna_pinyin,key_sequence_process_with_context,zybfshmsru,76,10,8393.600,839.360,17059840,17059840,unavailable,18264064,6385664,6385664,unavailable,6385664,6385664,7589888
librime-1.17.0,track-a-comparison,luna_pinyin,key_sequence_process_with_context,zybfshmsru,77,10,8338.700,833.870,17059840,17059840,unavailable,18264064,6385664,6385664,unavailable,6385664,6385664,7589888
librime-1.17.0,track-a-comparison,luna_pinyin,key_sequence_process_with_context,zybfshmsru,78,10,8350.100,835.010,17059840,17059840,unavailable,18264064,6385664,6385664,unavailable,6385664,6385664,7589888
librime-1.17.0,track-a-comparison,luna_pinyin,key_sequence_process_with_context,zybfshmsru,79,10,8374.300,837.430,17059840,17059840,unavailable,18264064,6385664,6385664,unavailable,6385664,6385664,7589888
