engine,track,schema_id,workload,input,sample_index,event_index,name,micros,working_set_before,working_set_after,peak_working_set_after
yune,track-b-product,jyut6ping3_mobile,startup_warm_shared_assets_runtime_ready,,0,0,runtime_setup,174,unavailable,unavailable,unavailable
yune,track-b-product,jyut6ping3_mobile,startup_warm_shared_assets_runtime_ready,,0,1,runtime_setup,37,unavailable,unavailable,unavailable
yune,track-b-product,jyut6ping3_mobile,startup_warm_shared_assets_runtime_ready,,0,2,runtime_initialize,38,unavailable,unavailable,unavailable
yune,track-b-product,jyut6ping3_mobile,startup_warm_shared_assets_runtime_ready,,0,3,schema_config_load,15,unavailable,unavailable,unavailable
yune,track-b-product,jyut6ping3_mobile,startup_warm_shared_assets_runtime_ready,,0,4,schema_switch_options,0,unavailable,unavailable,unavailable
yune,track-b-product,jyut6ping3_mobile,startup_warm_shared_assets_runtime_ready,,0,5,processor_install,163,unavailable,unavailable,unavailable
yune,track-b-product,jyut6ping3_mobile,startup_warm_shared_assets_runtime_ready,,0,6,schema_config_load,13,unavailable,unavailable,unavailable
yune,track-b-product,jyut6ping3_mobile,startup_warm_shared_assets_runtime_ready,,0,7,translator_install,15,unavailable,unavailable,unavailable
yune,track-b-product,jyut6ping3_mobile,startup_warm_shared_assets_runtime_ready,,0,8,schema_config_load,13,unavailable,unavailable,unavailable
yune,track-b-product,jyut6ping3_mobile,startup_warm_shared_assets_runtime_ready,,0,9,filter_install,14,unavailable,unavailable,unavailable
yune,track-b-product,jyut6ping3_mobile,startup_warm_shared_assets_runtime_ready,,0,10,userdb_open_or_sync,0,unavailable,unavailable,unavailable
yune,track-b-product,jyut6ping3_mobile,startup_warm_shared_assets_runtime_ready,,0,11,session_create,712,unavailable,unavailable,unavailable
yune,track-b-product,jyut6ping3_mobile,startup_warm_shared_assets_runtime_ready,,0,12,schema_config_load,477,unavailable,unavailable,unavailable
yune,track-b-product,jyut6ping3_mobile,startup_warm_shared_assets_runtime_ready,,0,13,schema_switch_options,3,unavailable,unavailable,unavailable
yune,track-b-product,jyut6ping3_mobile,startup_warm_shared_assets_runtime_ready,,0,14,processor_install,5112,unavailable,unavailable,unavailable
yune,track-b-product,jyut6ping3_mobile,startup_warm_shared_assets_runtime_ready,,0,15,schema_config_load,382,unavailable,unavailable,unavailable
yune,track-b-product,jyut6ping3_mobile,startup_warm_shared_assets_runtime_ready,,0,16,compiled_table_load,34,unavailable,unavailable,unavailable
yune,track-b-product,jyut6ping3_mobile,startup_warm_shared_assets_runtime_ready,,0,17,compiled_prism_load,24,unavailable,unavailable,unavailable
yune,track-b-product,jyut6ping3_mobile,startup_warm_shared_assets_runtime_ready,,0,18,compiled_reverse_load,565,unavailable,unavailable,unavailable
yune,track-b-product,jyut6ping3_mobile,startup_warm_shared_assets_runtime_ready,,0,19,compiled_prism_parse,8123,unavailable,unavailable,unavailable
yune,track-b-product,jyut6ping3_mobile,startup_warm_shared_assets_runtime_ready,,0,20,compiled_reverse_load,14010,unavailable,unavailable,unavailable
yune,track-b-product,jyut6ping3_mobile,startup_warm_shared_assets_runtime_ready,,0,21,compiled_table_dictionary_parse,15198,unavailable,unavailable,unavailable
yune,track-b-product,jyut6ping3_mobile,startup_warm_shared_assets_runtime_ready,,0,22,compiled_table_compact_parse,67500,unavailable,unavailable,unavailable
yune,track-b-product,jyut6ping3_mobile,startup_warm_shared_assets_runtime_ready,,0,23,translator_index_build,14,unavailable,unavailable,unavailable
yune,track-b-product,jyut6ping3_mobile,startup_warm_shared_assets_runtime_ready,,0,24,spelling_algebra_expand,426,unavailable,unavailable,unavailable
yune,track-b-product,jyut6ping3_mobile,startup_warm_shared_assets_runtime_ready,,0,25,compiled_table_load,35,unavailable,unavailable,unavailable
yune,track-b-product,jyut6ping3_mobile,startup_warm_shared_assets_runtime_ready,,0,26,compiled_prism_load,23,unavailable,unavailable,unavailable
yune,track-b-product,jyut6ping3_mobile,startup_warm_shared_assets_runtime_ready,,0,27,compiled_reverse_load,250,unavailable,unavailable,unavailable
yune,track-b-product,jyut6ping3_mobile,startup_warm_shared_assets_runtime_ready,,0,28,compiled_prism_parse,555,unavailable,unavailable,unavailable
yune,track-b-product,jyut6ping3_mobile,startup_warm_shared_assets_runtime_ready,,0,29,compiled_reverse_load,6468,unavailable,unavailable,unavailable
yune,track-b-product,jyut6ping3_mobile,startup_warm_shared_assets_runtime_ready,,0,30,compiled_table_dictionary_parse,5107,unavailable,unavailable,unavailable
yune,track-b-product,jyut6ping3_mobile,startup_warm_shared_assets_runtime_ready,,0,31,compiled_table_compact_parse,7100,unavailable,unavailable,unavailable
yune,track-b-product,jyut6ping3_mobile,startup_warm_shared_assets_runtime_ready,,0,32,translator_index_build,2,unavailable,unavailable,unavailable
yune,track-b-product,jyut6ping3_mobile,startup_warm_shared_assets_runtime_ready,,0,33,spelling_algebra_expand,1,unavailable,unavailable,unavailable
yune,track-b-product,jyut6ping3_mobile,startup_warm_shared_assets_runtime_ready,,0,34,translator_install,152370,unavailable,unavailable,unavailable
yune,track-b-product,jyut6ping3_mobile,startup_warm_shared_assets_runtime_ready,,0,35,schema_config_load,474,unavailable,unavailable,unavailable
yune,track-b-product,jyut6ping3_mobile,startup_warm_shared_assets_runtime_ready,,0,36,dictionary_lookup_records_parse,22665,unavailable,unavailable,unavailable
yune,track-b-product,jyut6ping3_mobile,startup_warm_shared_assets_runtime_ready,,0,37,dictionary_lookup_records_load,38693,unavailable,unavailable,unavailable
yune,track-b-product,jyut6ping3_mobile,startup_warm_shared_assets_runtime_ready,,0,38,filter_install,43985,unavailable,unavailable,unavailable
yune,track-b-product,jyut6ping3_mobile,startup_warm_shared_assets_runtime_ready,,0,39,userdb_open_or_sync,32,unavailable,unavailable,unavailable
yune,track-b-product,jyut6ping3_mobile,startup_warm_shared_assets_runtime_ready,,0,40,schema_select,203070,unavailable,unavailable,unavailable
yune,track-b-product,jyut6ping3_mobile,startup_warm_shared_assets_runtime_ready,,0,41,session_destroy,66,unavailable,unavailable,unavailable
yune,track-b-product,jyut6ping3_mobile,startup_warm_shared_assets_runtime_ready,,0,42,runtime_finalize,0,unavailable,unavailable,unavailable
yune,track-b-product,jyut6ping3_mobile,startup_warm_shared_assets_runtime_ready,,1,0,runtime_setup,88,unavailable,unavailable,unavailable
yune,track-b-product,jyut6ping3_mobile,startup_warm_shared_assets_runtime_ready,,1,1,runtime_setup,34,unavailable,unavailable,unavailable
yune,track-b-product,jyut6ping3_mobile,startup_warm_shared_assets_runtime_ready,,1,2,runtime_initialize,34,unavailable,unavailable,unavailable
yune,track-b-product,jyut6ping3_mobile,startup_warm_shared_assets_runtime_ready,,1,3,schema_config_load,14,unavailable,unavailable,unavailable
yune,track-b-product,jyut6ping3_mobile,startup_warm_shared_assets_runtime_ready,,1,4,schema_switch_options,0,unavailable,unavailable,unavailable
yune,track-b-product,jyut6ping3_mobile,startup_warm_shared_assets_runtime_ready,,1,5,processor_install,140,unavailable,unavailable,unavailable
yune,track-b-product,jyut6ping3_mobile,startup_warm_shared_assets_runtime_ready,,1,6,schema_config_load,13,unavailable,unavailable,unavailable
yune,track-b-product,jyut6ping3_mobile,startup_warm_shared_assets_runtime_ready,,1,7,translator_install,13,unavailable,unavailable,unavailable
yune,track-b-product,jyut6ping3_mobile,startup_warm_shared_assets_runtime_ready,,1,8,schema_config_load,13,unavailable,unavailable,unavailable
yune,track-b-product,jyut6ping3_mobile,startup_warm_shared_assets_runtime_ready,,1,9,filter_install,14,unavailable,unavailable,unavailable
yune,track-b-product,jyut6ping3_mobile,startup_warm_shared_assets_runtime_ready,,1,10,userdb_open_or_sync,0,unavailable,unavailable,unavailable
yune,track-b-product,jyut6ping3_mobile,startup_warm_shared_assets_runtime_ready,,1,11,session_create,565,unavailable,unavailable,unavailable
yune,track-b-product,jyut6ping3_mobile,startup_warm_shared_assets_runtime_ready,,1,12,schema_config_load,357,unavailable,unavailable,unavailable
yune,track-b-product,jyut6ping3_mobile,startup_warm_shared_assets_runtime_ready,,1,13,schema_switch_options,4,unavailable,unavailable,unavailable
yune,track-b-product,jyut6ping3_mobile,startup_warm_shared_assets_runtime_ready,,1,14,processor_install,3980,unavailable,unavailable,unavailable
yune,track-b-product,jyut6ping3_mobile,startup_warm_shared_assets_runtime_ready,,1,15,schema_config_load,315,unavailable,unavailable,unavailable
yune,track-b-product,jyut6ping3_mobile,startup_warm_shared_assets_runtime_ready,,1,16,translator_install,1280,unavailable,unavailable,unavailable
yune,track-b-product,jyut6ping3_mobile,startup_warm_shared_assets_runtime_ready,,1,17,schema_config_load,342,unavailable,unavailable,unavailable
yune,track-b-product,jyut6ping3_mobile,startup_warm_shared_assets_runtime_ready,,1,18,dictionary_lookup_records_cache_hit,0,unavailable,unavailable,unavailable
yune,track-b-product,jyut6ping3_mobile,startup_warm_shared_assets_runtime_ready,,1,19,dictionary_lookup_records_load,5132,unavailable,unavailable,unavailable
yune,track-b-product,jyut6ping3_mobile,startup_warm_shared_assets_runtime_ready,,1,20,filter_install,10140,unavailable,unavailable,unavailable
yune,track-b-product,jyut6ping3_mobile,startup_warm_shared_assets_runtime_ready,,1,21,userdb_open_or_sync,17,unavailable,unavailable,unavailable
yune,track-b-product,jyut6ping3_mobile,startup_warm_shared_assets_runtime_ready,,1,22,schema_select,16843,unavailable,unavailable,unavailable
yune,track-b-product,jyut6ping3_mobile,startup_warm_shared_assets_runtime_ready,,1,23,session_destroy,46,unavailable,unavailable,unavailable
yune,track-b-product,jyut6ping3_mobile,startup_warm_shared_assets_runtime_ready,,1,24,runtime_finalize,0,unavailable,unavailable,unavailable
yune,track-b-product,jyut6ping3_mobile,startup_warm_shared_assets_runtime_ready,,2,0,runtime_setup,63,unavailable,unavailable,unavailable
yune,track-b-product,jyut6ping3_mobile,startup_warm_shared_assets_runtime_ready,,2,1,runtime_setup,29,unavailable,unavailable,unavailable
yune,track-b-product,jyut6ping3_mobile,startup_warm_shared_assets_runtime_ready,,2,2,runtime_initialize,29,unavailable,unavailable,unavailable
yune,track-b-product,jyut6ping3_mobile,startup_warm_shared_assets_runtime_ready,,2,3,schema_config_load,24,unavailable,unavailable,unavailable
yune,track-b-product,jyut6ping3_mobile,startup_warm_shared_assets_runtime_ready,,2,4,schema_switch_options,0,unavailable,unavailable,unavailable
yune,track-b-product,jyut6ping3_mobile,startup_warm_shared_assets_runtime_ready,,2,5,processor_install,139,unavailable,unavailable,unavailable
yune,track-b-product,jyut6ping3_mobile,startup_warm_shared_assets_runtime_ready,,2,6,schema_config_load,13,unavailable,unavailable,unavailable
yune,track-b-product,jyut6ping3_mobile,startup_warm_shared_assets_runtime_ready,,2,7,translator_install,13,unavailable,unavailable,unavailable
yune,track-b-product,jyut6ping3_mobile,startup_warm_shared_assets_runtime_ready,,2,8,schema_config_load,13,unavailable,unavailable,unavailable
yune,track-b-product,jyut6ping3_mobile,startup_warm_shared_assets_runtime_ready,,2,9,filter_install,14,unavailable,unavailable,unavailable
yune,track-b-product,jyut6ping3_mobile,startup_warm_shared_assets_runtime_ready,,2,10,userdb_open_or_sync,0,unavailable,unavailable,unavailable
yune,track-b-product,jyut6ping3_mobile,startup_warm_shared_assets_runtime_ready,,2,11,session_create,508,unavailable,unavailable,unavailable
yune,track-b-product,jyut6ping3_mobile,startup_warm_shared_assets_runtime_ready,,2,12,schema_config_load,330,unavailable,unavailable,unavailable
yune,track-b-product,jyut6ping3_mobile,startup_warm_shared_assets_runtime_ready,,2,13,schema_switch_options,3,unavailable,unavailable,unavailable
yune,track-b-product,jyut6ping3_mobile,startup_warm_shared_assets_runtime_ready,,2,14,processor_install,3890,unavailable,unavailable,unavailable
yune,track-b-product,jyut6ping3_mobile,startup_warm_shared_assets_runtime_ready,,2,15,schema_config_load,314,unavailable,unavailable,unavailable
yune,track-b-product,jyut6ping3_mobile,startup_warm_shared_assets_runtime_ready,,2,16,translator_install,1229,unavailable,unavailable,unavailable
yune,track-b-product,jyut6ping3_mobile,startup_warm_shared_assets_runtime_ready,,2,17,schema_config_load,336,unavailable,unavailable,unavailable
yune,track-b-product,jyut6ping3_mobile,startup_warm_shared_assets_runtime_ready,,2,18,dictionary_lookup_records_cache_hit,0,unavailable,unavailable,unavailable
yune,track-b-product,jyut6ping3_mobile,startup_warm_shared_assets_runtime_ready,,2,19,dictionary_lookup_records_load,5117,unavailable,unavailable,unavailable
yune,track-b-product,jyut6ping3_mobile,startup_warm_shared_assets_runtime_ready,,2,20,filter_install,10080,unavailable,unavailable,unavailable
yune,track-b-product,jyut6ping3_mobile,startup_warm_shared_assets_runtime_ready,,2,21,userdb_open_or_sync,25,unavailable,unavailable,unavailable
yune,track-b-product,jyut6ping3_mobile,startup_warm_shared_assets_runtime_ready,,2,22,schema_select,16561,unavailable,unavailable,unavailable
yune,track-b-product,jyut6ping3_mobile,startup_warm_shared_assets_runtime_ready,,2,23,session_destroy,50,unavailable,unavailable,unavailable
yune,track-b-product,jyut6ping3_mobile,startup_warm_shared_assets_runtime_ready,,2,24,runtime_finalize,0,unavailable,unavailable,unavailable
yune,track-b-product,jyut6ping3_mobile,startup_warm_shared_assets_runtime_ready,,3,0,runtime_setup,71,unavailable,unavailable,unavailable
yune,track-b-product,jyut6ping3_mobile,startup_warm_shared_assets_runtime_ready,,3,1,runtime_setup,37,unavailable,unavailable,unavailable
yune,track-b-product,jyut6ping3_mobile,startup_warm_shared_assets_runtime_ready,,3,2,runtime_initialize,37,unavailable,unavailable,unavailable
yune,track-b-product,jyut6ping3_mobile,startup_warm_shared_assets_runtime_ready,,3,3,schema_config_load,13,unavailable,unavailable,unavailable
yune,track-b-product,jyut6ping3_mobile,startup_warm_shared_assets_runtime_ready,,3,4,schema_switch_options,0,unavailable,unavailable,unavailable
yune,track-b-product,jyut6ping3_mobile,startup_warm_shared_assets_runtime_ready,,3,5,processor_install,133,unavailable,unavailable,unavailable
yune,track-b-product,jyut6ping3_mobile,startup_warm_shared_assets_runtime_ready,,3,6,schema_config_load,13,unavailable,unavailable,unavailable
yune,track-b-product,jyut6ping3_mobile,startup_warm_shared_assets_runtime_ready,,3,7,translator_install,13,unavailable,unavailable,unavailable
yune,track-b-product,jyut6ping3_mobile,startup_warm_shared_assets_runtime_ready,,3,8,schema_config_load,12,unavailable,unavailable,unavailable
yune,track-b-product,jyut6ping3_mobile,startup_warm_shared_assets_runtime_ready,,3,9,filter_install,13,unavailable,unavailable,unavailable
yune,track-b-product,jyut6ping3_mobile,startup_warm_shared_assets_runtime_ready,,3,10,userdb_open_or_sync,0,unavailable,unavailable,unavailable
yune,track-b-product,jyut6ping3_mobile,startup_warm_shared_assets_runtime_ready,,3,11,session_create,493,unavailable,unavailable,unavailable
yune,track-b-product,jyut6ping3_mobile,startup_warm_shared_assets_runtime_ready,,3,12,schema_config_load,328,unavailable,unavailable,unavailable
yune,track-b-product,jyut6ping3_mobile,startup_warm_shared_assets_runtime_ready,,3,13,schema_switch_options,3,unavailable,unavailable,unavailable
yune,track-b-product,jyut6ping3_mobile,startup_warm_shared_assets_runtime_ready,,3,14,processor_install,3910,unavailable,unavailable,unavailable
yune,track-b-product,jyut6ping3_mobile,startup_warm_shared_assets_runtime_ready,,3,15,schema_config_load,318,unavailable,unavailable,unavailable
yune,track-b-product,jyut6ping3_mobile,startup_warm_shared_assets_runtime_ready,,3,16,translator_install,1239,unavailable,unavailable,unavailable
yune,track-b-product,jyut6ping3_mobile,startup_warm_shared_assets_runtime_ready,,3,17,schema_config_load,330,unavailable,unavailable,unavailable
yune,track-b-product,jyut6ping3_mobile,startup_warm_shared_assets_runtime_ready,,3,18,dictionary_lookup_records_cache_hit,0,unavailable,unavailable,unavailable
yune,track-b-product,jyut6ping3_mobile,startup_warm_shared_assets_runtime_ready,,3,19,dictionary_lookup_records_load,5396,unavailable,unavailable,unavailable
yune,track-b-product,jyut6ping3_mobile,startup_warm_shared_assets_runtime_ready,,3,20,filter_install,10543,unavailable,unavailable,unavailable
yune,track-b-product,jyut6ping3_mobile,startup_warm_shared_assets_runtime_ready,,3,21,userdb_open_or_sync,20,unavailable,unavailable,unavailable
yune,track-b-product,jyut6ping3_mobile,startup_warm_shared_assets_runtime_ready,,3,22,schema_select,17052,unavailable,unavailable,unavailable
yune,track-b-product,jyut6ping3_mobile,startup_warm_shared_assets_runtime_ready,,3,23,session_destroy,40,unavailable,unavailable,unavailable
yune,track-b-product,jyut6ping3_mobile,startup_warm_shared_assets_runtime_ready,,3,24,runtime_finalize,0,unavailable,unavailable,unavailable
yune,track-b-product,jyut6ping3_mobile,startup_warm_shared_assets_runtime_ready,,4,0,runtime_setup,65,unavailable,unavailable,unavailable
yune,track-b-product,jyut6ping3_mobile,startup_warm_shared_assets_runtime_ready,,4,1,runtime_setup,31,unavailable,unavailable,unavailable
yune,track-b-product,jyut6ping3_mobile,startup_warm_shared_assets_runtime_ready,,4,2,runtime_initialize,31,unavailable,unavailable,unavailable
yune,track-b-product,jyut6ping3_mobile,startup_warm_shared_assets_runtime_ready,,4,3,schema_config_load,48,unavailable,unavailable,unavailable
yune,track-b-product,jyut6ping3_mobile,startup_warm_shared_assets_runtime_ready,,4,4,schema_switch_options,0,unavailable,unavailable,unavailable
yune,track-b-product,jyut6ping3_mobile,startup_warm_shared_assets_runtime_ready,,4,5,processor_install,144,unavailable,unavailable,unavailable
yune,track-b-product,jyut6ping3_mobile,startup_warm_shared_assets_runtime_ready,,4,6,schema_config_load,12,unavailable,unavailable,unavailable
yune,track-b-product,jyut6ping3_mobile,startup_warm_shared_assets_runtime_ready,,4,7,translator_install,12,unavailable,unavailable,unavailable
yune,track-b-product,jyut6ping3_mobile,startup_warm_shared_assets_runtime_ready,,4,8,schema_config_load,12,unavailable,unavailable,unavailable
yune,track-b-product,jyut6ping3_mobile,startup_warm_shared_assets_runtime_ready,,4,9,filter_install,13,unavailable,unavailable,unavailable
yune,track-b-product,jyut6ping3_mobile,startup_warm_shared_assets_runtime_ready,,4,10,userdb_open_or_sync,0,unavailable,unavailable,unavailable
yune,track-b-product,jyut6ping3_mobile,startup_warm_shared_assets_runtime_ready,,4,11,session_create,533,unavailable,unavailable,unavailable
yune,track-b-product,jyut6ping3_mobile,startup_warm_shared_assets_runtime_ready,,4,12,schema_config_load,328,unavailable,unavailable,unavailable
yune,track-b-product,jyut6ping3_mobile,startup_warm_shared_assets_runtime_ready,,4,13,schema_switch_options,3,unavailable,unavailable,unavailable
yune,track-b-product,jyut6ping3_mobile,startup_warm_shared_assets_runtime_ready,,4,14,processor_install,3900,unavailable,unavailable,unavailable
yune,track-b-product,jyut6ping3_mobile,startup_warm_shared_assets_runtime_ready,,4,15,schema_config_load,325,unavailable,unavailable,unavailable
yune,track-b-product,jyut6ping3_mobile,startup_warm_shared_assets_runtime_ready,,4,16,translator_install,1221,unavailable,unavailable,unavailable
yune,track-b-product,jyut6ping3_mobile,startup_warm_shared_assets_runtime_ready,,4,17,schema_config_load,337,unavailable,unavailable,unavailable
yune,track-b-product,jyut6ping3_mobile,startup_warm_shared_assets_runtime_ready,,4,18,dictionary_lookup_records_cache_hit,0,unavailable,unavailable,unavailable
yune,track-b-product,jyut6ping3_mobile,startup_warm_shared_assets_runtime_ready,,4,19,dictionary_lookup_records_load,5162,unavailable,unavailable,unavailable
yune,track-b-product,jyut6ping3_mobile,startup_warm_shared_assets_runtime_ready,,4,20,filter_install,10097,unavailable,unavailable,unavailable
yune,track-b-product,jyut6ping3_mobile,startup_warm_shared_assets_runtime_ready,,4,21,userdb_open_or_sync,19,unavailable,unavailable,unavailable
yune,track-b-product,jyut6ping3_mobile,startup_warm_shared_assets_runtime_ready,,4,22,schema_select,16577,unavailable,unavailable,unavailable
yune,track-b-product,jyut6ping3_mobile,startup_warm_shared_assets_runtime_ready,,4,23,session_destroy,42,unavailable,unavailable,unavailable
yune,track-b-product,jyut6ping3_mobile,startup_warm_shared_assets_runtime_ready,,4,24,runtime_finalize,0,unavailable,unavailable,unavailable
yune,track-b-product,jyut6ping3_mobile,startup_warm_shared_assets_runtime_ready,,5,0,runtime_setup,62,unavailable,unavailable,unavailable
yune,track-b-product,jyut6ping3_mobile,startup_warm_shared_assets_runtime_ready,,5,1,runtime_setup,31,unavailable,unavailable,unavailable
yune,track-b-product,jyut6ping3_mobile,startup_warm_shared_assets_runtime_ready,,5,2,runtime_initialize,31,unavailable,unavailable,unavailable
yune,track-b-product,jyut6ping3_mobile,startup_warm_shared_assets_runtime_ready,,5,3,schema_config_load,14,unavailable,unavailable,unavailable
yune,track-b-product,jyut6ping3_mobile,startup_warm_shared_assets_runtime_ready,,5,4,schema_switch_options,0,unavailable,unavailable,unavailable
yune,track-b-product,jyut6ping3_mobile,startup_warm_shared_assets_runtime_ready,,5,5,processor_install,142,unavailable,unavailable,unavailable
yune,track-b-product,jyut6ping3_mobile,startup_warm_shared_assets_runtime_ready,,5,6,schema_config_load,13,unavailable,unavailable,unavailable
yune,track-b-product,jyut6ping3_mobile,startup_warm_shared_assets_runtime_ready,,5,7,translator_install,13,unavailable,unavailable,unavailable
yune,track-b-product,jyut6ping3_mobile,startup_warm_shared_assets_runtime_ready,,5,8,schema_config_load,13,unavailable,unavailable,unavailable
yune,track-b-product,jyut6ping3_mobile,startup_warm_shared_assets_runtime_ready,,5,9,filter_install,13,unavailable,unavailable,unavailable
yune,track-b-product,jyut6ping3_mobile,startup_warm_shared_assets_runtime_ready,,5,10,userdb_open_or_sync,0,unavailable,unavailable,unavailable
yune,track-b-product,jyut6ping3_mobile,startup_warm_shared_assets_runtime_ready,,5,11,session_create,500,unavailable,unavailable,unavailable
yune,track-b-product,jyut6ping3_mobile,startup_warm_shared_assets_runtime_ready,,5,12,schema_config_load,336,unavailable,unavailable,unavailable
yune,track-b-product,jyut6ping3_mobile,startup_warm_shared_assets_runtime_ready,,5,13,schema_switch_options,3,unavailable,unavailable,unavailable
yune,track-b-product,jyut6ping3_mobile,startup_warm_shared_assets_runtime_ready,,5,14,processor_install,4024,unavailable,unavailable,unavailable
yune,track-b-product,jyut6ping3_mobile,startup_warm_shared_assets_runtime_ready,,5,15,schema_config_load,315,unavailable,unavailable,unavailable
yune,track-b-product,jyut6ping3_mobile,startup_warm_shared_assets_runtime_ready,,5,16,translator_install,1220,unavailable,unavailable,unavailable
yune,track-b-product,jyut6ping3_mobile,startup_warm_shared_assets_runtime_ready,,5,17,schema_config_load,340,unavailable,unavailable,unavailable
yune,track-b-product,jyut6ping3_mobile,startup_warm_shared_assets_runtime_ready,,5,18,dictionary_lookup_records_cache_hit,0,unavailable,unavailable,unavailable
yune,track-b-product,jyut6ping3_mobile,startup_warm_shared_assets_runtime_ready,,5,19,dictionary_lookup_records_load,5154,unavailable,unavailable,unavailable
yune,track-b-product,jyut6ping3_mobile,startup_warm_shared_assets_runtime_ready,,5,20,filter_install,10069,unavailable,unavailable,unavailable
yune,track-b-product,jyut6ping3_mobile,startup_warm_shared_assets_runtime_ready,,5,21,userdb_open_or_sync,16,unavailable,unavailable,unavailable
yune,track-b-product,jyut6ping3_mobile,startup_warm_shared_assets_runtime_ready,,5,22,schema_select,16718,unavailable,unavailable,unavailable
yune,track-b-product,jyut6ping3_mobile,startup_warm_shared_assets_runtime_ready,,5,23,session_destroy,48,unavailable,unavailable,unavailable
yune,track-b-product,jyut6ping3_mobile,startup_warm_shared_assets_runtime_ready,,5,24,runtime_finalize,0,unavailable,unavailable,unavailable
yune,track-b-product,jyut6ping3_mobile,startup_warm_shared_assets_runtime_ready,,6,0,runtime_setup,63,unavailable,unavailable,unavailable
yune,track-b-product,jyut6ping3_mobile,startup_warm_shared_assets_runtime_ready,,6,1,runtime_setup,30,unavailable,unavailable,unavailable
yune,track-b-product,jyut6ping3_mobile,startup_warm_shared_assets_runtime_ready,,6,2,runtime_initialize,30,unavailable,unavailable,unavailable
yune,track-b-product,jyut6ping3_mobile,startup_warm_shared_assets_runtime_ready,,6,3,schema_config_load,13,unavailable,unavailable,unavailable
yune,track-b-product,jyut6ping3_mobile,startup_warm_shared_assets_runtime_ready,,6,4,schema_switch_options,0,unavailable,unavailable,unavailable
yune,track-b-product,jyut6ping3_mobile,startup_warm_shared_assets_runtime_ready,,6,5,processor_install,145,unavailable,unavailable,unavailable
yune,track-b-product,jyut6ping3_mobile,startup_warm_shared_assets_runtime_ready,,6,6,schema_config_load,12,unavailable,unavailable,unavailable
yune,track-b-product,jyut6ping3_mobile,startup_warm_shared_assets_runtime_ready,,6,7,translator_install,13,unavailable,unavailable,unavailable
yune,track-b-product,jyut6ping3_mobile,startup_warm_shared_assets_runtime_ready,,6,8,schema_config_load,13,unavailable,unavailable,unavailable
yune,track-b-product,jyut6ping3_mobile,startup_warm_shared_assets_runtime_ready,,6,9,filter_install,13,unavailable,unavailable,unavailable
yune,track-b-product,jyut6ping3_mobile,startup_warm_shared_assets_runtime_ready,,6,10,userdb_open_or_sync,0,unavailable,unavailable,unavailable
yune,track-b-product,jyut6ping3_mobile,startup_warm_shared_assets_runtime_ready,,6,11,session_create,502,unavailable,unavailable,unavailable
yune,track-b-product,jyut6ping3_mobile,startup_warm_shared_assets_runtime_ready,,6,12,schema_config_load,331,unavailable,unavailable,unavailable
yune,track-b-product,jyut6ping3_mobile,startup_warm_shared_assets_runtime_ready,,6,13,schema_switch_options,4,unavailable,unavailable,unavailable
yune,track-b-product,jyut6ping3_mobile,startup_warm_shared_assets_runtime_ready,,6,14,processor_install,3960,unavailable,unavailable,unavailable
yune,track-b-product,jyut6ping3_mobile,startup_warm_shared_assets_runtime_ready,,6,15,schema_config_load,316,unavailable,unavailable,unavailable
yune,track-b-product,jyut6ping3_mobile,startup_warm_shared_assets_runtime_ready,,6,16,translator_install,1252,unavailable,unavailable,unavailable
yune,track-b-product,jyut6ping3_mobile,startup_warm_shared_assets_runtime_ready,,6,17,schema_config_load,347,unavailable,unavailable,unavailable
yune,track-b-product,jyut6ping3_mobile,startup_warm_shared_assets_runtime_ready,,6,18,dictionary_lookup_records_cache_hit,0,unavailable,unavailable,unavailable
yune,track-b-product,jyut6ping3_mobile,startup_warm_shared_assets_runtime_ready,,6,19,dictionary_lookup_records_load,5225,unavailable,unavailable,unavailable
yune,track-b-product,jyut6ping3_mobile,startup_warm_shared_assets_runtime_ready,,6,20,filter_install,10401,unavailable,unavailable,unavailable
yune,track-b-product,jyut6ping3_mobile,startup_warm_shared_assets_runtime_ready,,6,21,userdb_open_or_sync,33,unavailable,unavailable,unavailable
yune,track-b-product,jyut6ping3_mobile,startup_warm_shared_assets_runtime_ready,,6,22,schema_select,17148,unavailable,unavailable,unavailable
yune,track-b-product,jyut6ping3_mobile,startup_warm_shared_assets_runtime_ready,,6,23,session_destroy,51,unavailable,unavailable,unavailable
yune,track-b-product,jyut6ping3_mobile,startup_warm_shared_assets_runtime_ready,,6,24,runtime_finalize,0,unavailable,unavailable,unavailable
yune,track-b-product,jyut6ping3_mobile,startup_warm_shared_assets_runtime_ready,,7,0,runtime_setup,90,unavailable,unavailable,unavailable
yune,track-b-product,jyut6ping3_mobile,startup_warm_shared_assets_runtime_ready,,7,1,runtime_setup,35,unavailable,unavailable,unavailable
yune,track-b-product,jyut6ping3_mobile,startup_warm_shared_assets_runtime_ready,,7,2,runtime_initialize,35,unavailable,unavailable,unavailable
yune,track-b-product,jyut6ping3_mobile,startup_warm_shared_assets_runtime_ready,,7,3,schema_config_load,53,unavailable,unavailable,unavailable
yune,track-b-product,jyut6ping3_mobile,startup_warm_shared_assets_runtime_ready,,7,4,schema_switch_options,0,unavailable,unavailable,unavailable
yune,track-b-product,jyut6ping3_mobile,startup_warm_shared_assets_runtime_ready,,7,5,processor_install,153,unavailable,unavailable,unavailable
yune,track-b-product,jyut6ping3_mobile,startup_warm_shared_assets_runtime_ready,,7,6,schema_config_load,12,unavailable,unavailable,unavailable
yune,track-b-product,jyut6ping3_mobile,startup_warm_shared_assets_runtime_ready,,7,7,translator_install,13,unavailable,unavailable,unavailable
yune,track-b-product,jyut6ping3_mobile,startup_warm_shared_assets_runtime_ready,,7,8,schema_config_load,12,unavailable,unavailable,unavailable
yune,track-b-product,jyut6ping3_mobile,startup_warm_shared_assets_runtime_ready,,7,9,filter_install,13,unavailable,unavailable,unavailable
yune,track-b-product,jyut6ping3_mobile,startup_warm_shared_assets_runtime_ready,,7,10,userdb_open_or_sync,0,unavailable,unavailable,unavailable
yune,track-b-product,jyut6ping3_mobile,startup_warm_shared_assets_runtime_ready,,7,11,session_create,567,unavailable,unavailable,unavailable
yune,track-b-product,jyut6ping3_mobile,startup_warm_shared_assets_runtime_ready,,7,12,schema_config_load,346,unavailable,unavailable,unavailable
yune,track-b-product,jyut6ping3_mobile,startup_warm_shared_assets_runtime_ready,,7,13,schema_switch_options,3,unavailable,unavailable,unavailable
yune,track-b-product,jyut6ping3_mobile,startup_warm_shared_assets_runtime_ready,,7,14,processor_install,3932,unavailable,unavailable,unavailable
yune,track-b-product,jyut6ping3_mobile,startup_warm_shared_assets_runtime_ready,,7,15,schema_config_load,313,unavailable,unavailable,unavailable
yune,track-b-product,jyut6ping3_mobile,startup_warm_shared_assets_runtime_ready,,7,16,translator_install,1231,unavailable,unavailable,unavailable
yune,track-b-product,jyut6ping3_mobile,startup_warm_shared_assets_runtime_ready,,7,17,schema_config_load,331,unavailable,unavailable,unavailable
yune,track-b-product,jyut6ping3_mobile,startup_warm_shared_assets_runtime_ready,,7,18,dictionary_lookup_records_cache_hit,0,unavailable,unavailable,unavailable
yune,track-b-product,jyut6ping3_mobile,startup_warm_shared_assets_runtime_ready,,7,19,dictionary_lookup_records_load,5210,unavailable,unavailable,unavailable
yune,track-b-product,jyut6ping3_mobile,startup_warm_shared_assets_runtime_ready,,7,20,filter_install,10296,unavailable,unavailable,unavailable
yune,track-b-product,jyut6ping3_mobile,startup_warm_shared_assets_runtime_ready,,7,21,userdb_open_or_sync,17,unavailable,unavailable,unavailable
yune,track-b-product,jyut6ping3_mobile,startup_warm_shared_assets_runtime_ready,,7,22,schema_select,16853,unavailable,unavailable,unavailable
yune,track-b-product,jyut6ping3_mobile,startup_warm_shared_assets_runtime_ready,,7,23,session_destroy,58,unavailable,unavailable,unavailable
yune,track-b-product,jyut6ping3_mobile,startup_warm_shared_assets_runtime_ready,,7,24,runtime_finalize,0,unavailable,unavailable,unavailable
yune,track-b-product,jyut6ping3_mobile,startup_warm_shared_assets_runtime_ready,,8,0,runtime_setup,69,unavailable,unavailable,unavailable
yune,track-b-product,jyut6ping3_mobile,startup_warm_shared_assets_runtime_ready,,8,1,runtime_setup,32,unavailable,unavailable,unavailable
yune,track-b-product,jyut6ping3_mobile,startup_warm_shared_assets_runtime_ready,,8,2,runtime_initialize,32,unavailable,unavailable,unavailable
yune,track-b-product,jyut6ping3_mobile,startup_warm_shared_assets_runtime_ready,,8,3,schema_config_load,14,unavailable,unavailable,unavailable
yune,track-b-product,jyut6ping3_mobile,startup_warm_shared_assets_runtime_ready,,8,4,schema_switch_options,0,unavailable,unavailable,unavailable
yune,track-b-product,jyut6ping3_mobile,startup_warm_shared_assets_runtime_ready,,8,5,processor_install,142,unavailable,unavailable,unavailable
yune,track-b-product,jyut6ping3_mobile,startup_warm_shared_assets_runtime_ready,,8,6,schema_config_load,12,unavailable,unavailable,unavailable
yune,track-b-product,jyut6ping3_mobile,startup_warm_shared_assets_runtime_ready,,8,7,translator_install,13,unavailable,unavailable,unavailable
yune,track-b-product,jyut6ping3_mobile,startup_warm_shared_assets_runtime_ready,,8,8,schema_config_load,13,unavailable,unavailable,unavailable
yune,track-b-product,jyut6ping3_mobile,startup_warm_shared_assets_runtime_ready,,8,9,filter_install,14,unavailable,unavailable,unavailable
yune,track-b-product,jyut6ping3_mobile,startup_warm_shared_assets_runtime_ready,,8,10,userdb_open_or_sync,0,unavailable,unavailable,unavailable
yune,track-b-product,jyut6ping3_mobile,startup_warm_shared_assets_runtime_ready,,8,11,session_create,514,unavailable,unavailable,unavailable
yune,track-b-product,jyut6ping3_mobile,startup_warm_shared_assets_runtime_ready,,8,12,schema_config_load,337,unavailable,unavailable,unavailable
yune,track-b-product,jyut6ping3_mobile,startup_warm_shared_assets_runtime_ready,,8,13,schema_switch_options,5,unavailable,unavailable,unavailable
yune,track-b-product,jyut6ping3_mobile,startup_warm_shared_assets_runtime_ready,,8,14,processor_install,4196,unavailable,unavailable,unavailable
yune,track-b-product,jyut6ping3_mobile,startup_warm_shared_assets_runtime_ready,,8,15,schema_config_load,313,unavailable,unavailable,unavailable
yune,track-b-product,jyut6ping3_mobile,startup_warm_shared_assets_runtime_ready,,8,16,translator_install,1281,unavailable,unavailable,unavailable
yune,track-b-product,jyut6ping3_mobile,startup_warm_shared_assets_runtime_ready,,8,17,schema_config_load,331,unavailable,unavailable,unavailable
yune,track-b-product,jyut6ping3_mobile,startup_warm_shared_assets_runtime_ready,,8,18,dictionary_lookup_records_cache_hit,0,unavailable,unavailable,unavailable
yune,track-b-product,jyut6ping3_mobile,startup_warm_shared_assets_runtime_ready,,8,19,dictionary_lookup_records_load,5146,unavailable,unavailable,unavailable
yune,track-b-product,jyut6ping3_mobile,startup_warm_shared_assets_runtime_ready,,8,20,filter_install,10085,unavailable,unavailable,unavailable
yune,track-b-product,jyut6ping3_mobile,startup_warm_shared_assets_runtime_ready,,8,21,userdb_open_or_sync,20,unavailable,unavailable,unavailable
yune,track-b-product,jyut6ping3_mobile,startup_warm_shared_assets_runtime_ready,,8,22,schema_select,17099,unavailable,unavailable,unavailable
yune,track-b-product,jyut6ping3_mobile,startup_warm_shared_assets_runtime_ready,,8,23,session_destroy,49,unavailable,unavailable,unavailable
yune,track-b-product,jyut6ping3_mobile,startup_warm_shared_assets_runtime_ready,,8,24,runtime_finalize,0,unavailable,unavailable,unavailable
yune,track-b-product,jyut6ping3_mobile,session_create_select_destroy,,0,0,schema_config_load,16,unavailable,unavailable,unavailable
yune,track-b-product,jyut6ping3_mobile,session_create_select_destroy,,0,1,schema_switch_options,0,unavailable,unavailable,unavailable
yune,track-b-product,jyut6ping3_mobile,session_create_select_destroy,,0,2,processor_install,138,unavailable,unavailable,unavailable
yune,track-b-product,jyut6ping3_mobile,session_create_select_destroy,,0,3,schema_config_load,13,unavailable,unavailable,unavailable
yune,track-b-product,jyut6ping3_mobile,session_create_select_destroy,,0,4,translator_install,13,unavailable,unavailable,unavailable
yune,track-b-product,jyut6ping3_mobile,session_create_select_destroy,,0,5,schema_config_load,13,unavailable,unavailable,unavailable
yune,track-b-product,jyut6ping3_mobile,session_create_select_destroy,,0,6,filter_install,14,unavailable,unavailable,unavailable
yune,track-b-product,jyut6ping3_mobile,session_create_select_destroy,,0,7,userdb_open_or_sync,0,unavailable,unavailable,unavailable
yune,track-b-product,jyut6ping3_mobile,session_create_select_destroy,,0,8,session_create,501,unavailable,unavailable,unavailable
yune,track-b-product,jyut6ping3_mobile,session_create_select_destroy,,0,9,schema_config_load,343,unavailable,unavailable,unavailable
yune,track-b-product,jyut6ping3_mobile,session_create_select_destroy,,0,10,schema_switch_options,4,unavailable,unavailable,unavailable
yune,track-b-product,jyut6ping3_mobile,session_create_select_destroy,,0,11,processor_install,3943,unavailable,unavailable,unavailable
yune,track-b-product,jyut6ping3_mobile,session_create_select_destroy,,0,12,schema_config_load,314,unavailable,unavailable,unavailable
yune,track-b-product,jyut6ping3_mobile,session_create_select_destroy,,0,13,translator_install,1308,unavailable,unavailable,unavailable
yune,track-b-product,jyut6ping3_mobile,session_create_select_destroy,,0,14,schema_config_load,333,unavailable,unavailable,unavailable
yune,track-b-product,jyut6ping3_mobile,session_create_select_destroy,,0,15,dictionary_lookup_records_cache_hit,0,unavailable,unavailable,unavailable
yune,track-b-product,jyut6ping3_mobile,session_create_select_destroy,,0,16,dictionary_lookup_records_load,5198,unavailable,unavailable,unavailable
yune,track-b-product,jyut6ping3_mobile,session_create_select_destroy,,0,17,filter_install,10169,unavailable,unavailable,unavailable
yune,track-b-product,jyut6ping3_mobile,session_create_select_destroy,,0,18,userdb_open_or_sync,17,unavailable,unavailable,unavailable
yune,track-b-product,jyut6ping3_mobile,session_create_select_destroy,,0,19,schema_select,16799,unavailable,unavailable,unavailable
yune,track-b-product,jyut6ping3_mobile,session_create_select_destroy,,0,20,session_destroy,52,unavailable,unavailable,unavailable
yune,track-b-product,jyut6ping3_mobile,session_create_select_destroy,,1,0,schema_config_load,16,unavailable,unavailable,unavailable
yune,track-b-product,jyut6ping3_mobile,session_create_select_destroy,,1,1,schema_switch_options,0,unavailable,unavailable,unavailable
yune,track-b-product,jyut6ping3_mobile,session_create_select_destroy,,1,2,processor_install,161,unavailable,unavailable,unavailable
yune,track-b-product,jyut6ping3_mobile,session_create_select_destroy,,1,3,schema_config_load,13,unavailable,unavailable,unavailable
yune,track-b-product,jyut6ping3_mobile,session_create_select_destroy,,1,4,translator_install,13,unavailable,unavailable,unavailable
yune,track-b-product,jyut6ping3_mobile,session_create_select_destroy,,1,5,schema_config_load,13,unavailable,unavailable,unavailable
yune,track-b-product,jyut6ping3_mobile,session_create_select_destroy,,1,6,filter_install,13,unavailable,unavailable,unavailable
yune,track-b-product,jyut6ping3_mobile,session_create_select_destroy,,1,7,userdb_open_or_sync,0,unavailable,unavailable,unavailable
yune,track-b-product,jyut6ping3_mobile,session_create_select_destroy,,1,8,session_create,576,unavailable,unavailable,unavailable
yune,track-b-product,jyut6ping3_mobile,session_create_select_destroy,,1,9,schema_config_load,343,unavailable,unavailable,unavailable
yune,track-b-product,jyut6ping3_mobile,session_create_select_destroy,,1,10,schema_switch_options,3,unavailable,unavailable,unavailable
yune,track-b-product,jyut6ping3_mobile,session_create_select_destroy,,1,11,processor_install,3918,unavailable,unavailable,unavailable
yune,track-b-product,jyut6ping3_mobile,session_create_select_destroy,,1,12,schema_config_load,317,unavailable,unavailable,unavailable
yune,track-b-product,jyut6ping3_mobile,session_create_select_destroy,,1,13,translator_install,1225,unavailable,unavailable,unavailable
yune,track-b-product,jyut6ping3_mobile,session_create_select_destroy,,1,14,schema_config_load,334,unavailable,unavailable,unavailable
yune,track-b-product,jyut6ping3_mobile,session_create_select_destroy,,1,15,dictionary_lookup_records_cache_hit,0,unavailable,unavailable,unavailable
yune,track-b-product,jyut6ping3_mobile,session_create_select_destroy,,1,16,dictionary_lookup_records_load,5135,unavailable,unavailable,unavailable
yune,track-b-product,jyut6ping3_mobile,session_create_select_destroy,,1,17,filter_install,10088,unavailable,unavailable,unavailable
yune,track-b-product,jyut6ping3_mobile,session_create_select_destroy,,1,18,userdb_open_or_sync,20,unavailable,unavailable,unavailable
yune,track-b-product,jyut6ping3_mobile,session_create_select_destroy,,1,19,schema_select,16632,unavailable,unavailable,unavailable
yune,track-b-product,jyut6ping3_mobile,session_create_select_destroy,,1,20,session_destroy,48,unavailable,unavailable,unavailable
yune,track-b-product,jyut6ping3_mobile,session_create_select_destroy,,2,0,schema_config_load,15,unavailable,unavailable,unavailable
yune,track-b-product,jyut6ping3_mobile,session_create_select_destroy,,2,1,schema_switch_options,0,unavailable,unavailable,unavailable
yune,track-b-product,jyut6ping3_mobile,session_create_select_destroy,,2,2,processor_install,145,unavailable,unavailable,unavailable
yune,track-b-product,jyut6ping3_mobile,session_create_select_destroy,,2,3,schema_config_load,13,unavailable,unavailable,unavailable
yune,track-b-product,jyut6ping3_mobile,session_create_select_destroy,,2,4,translator_install,13,unavailable,unavailable,unavailable
yune,track-b-product,jyut6ping3_mobile,session_create_select_destroy,,2,5,schema_config_load,13,unavailable,unavailable,unavailable
yune,track-b-product,jyut6ping3_mobile,session_create_select_destroy,,2,6,filter_install,13,unavailable,unavailable,unavailable
yune,track-b-product,jyut6ping3_mobile,session_create_select_destroy,,2,7,userdb_open_or_sync,0,unavailable,unavailable,unavailable
yune,track-b-product,jyut6ping3_mobile,session_create_select_destroy,,2,8,session_create,524,unavailable,unavailable,unavailable
yune,track-b-product,jyut6ping3_mobile,session_create_select_destroy,,2,9,schema_config_load,331,unavailable,unavailable,unavailable
yune,track-b-product,jyut6ping3_mobile,session_create_select_destroy,,2,10,schema_switch_options,3,unavailable,unavailable,unavailable
yune,track-b-product,jyut6ping3_mobile,session_create_select_destroy,,2,11,processor_install,3904,unavailable,unavailable,unavailable
yune,track-b-product,jyut6ping3_mobile,session_create_select_destroy,,2,12,schema_config_load,318,unavailable,unavailable,unavailable
yune,track-b-product,jyut6ping3_mobile,session_create_select_destroy,,2,13,translator_install,1218,unavailable,unavailable,unavailable
yune,track-b-product,jyut6ping3_mobile,session_create_select_destroy,,2,14,schema_config_load,339,unavailable,unavailable,unavailable
yune,track-b-product,jyut6ping3_mobile,session_create_select_destroy,,2,15,dictionary_lookup_records_cache_hit,0,unavailable,unavailable,unavailable
yune,track-b-product,jyut6ping3_mobile,session_create_select_destroy,,2,16,dictionary_lookup_records_load,5247,unavailable,unavailable,unavailable
yune,track-b-product,jyut6ping3_mobile,session_create_select_destroy,,2,17,filter_install,10146,unavailable,unavailable,unavailable
yune,track-b-product,jyut6ping3_mobile,session_create_select_destroy,,2,18,userdb_open_or_sync,19,unavailable,unavailable,unavailable
yune,track-b-product,jyut6ping3_mobile,session_create_select_destroy,,2,19,schema_select,16622,unavailable,unavailable,unavailable
yune,track-b-product,jyut6ping3_mobile,session_create_select_destroy,,2,20,session_destroy,51,unavailable,unavailable,unavailable
yune,track-b-product,jyut6ping3_mobile,session_create_select_destroy,,3,0,schema_config_load,16,unavailable,unavailable,unavailable
yune,track-b-product,jyut6ping3_mobile,session_create_select_destroy,,3,1,schema_switch_options,0,unavailable,unavailable,unavailable
yune,track-b-product,jyut6ping3_mobile,session_create_select_destroy,,3,2,processor_install,146,unavailable,unavailable,unavailable
yune,track-b-product,jyut6ping3_mobile,session_create_select_destroy,,3,3,schema_config_load,13,unavailable,unavailable,unavailable
yune,track-b-product,jyut6ping3_mobile,session_create_select_destroy,,3,4,translator_install,13,unavailable,unavailable,unavailable
yune,track-b-product,jyut6ping3_mobile,session_create_select_destroy,,3,5,schema_config_load,13,unavailable,unavailable,unavailable
yune,track-b-product,jyut6ping3_mobile,session_create_select_destroy,,3,6,filter_install,13,unavailable,unavailable,unavailable
yune,track-b-product,jyut6ping3_mobile,session_create_select_destroy,,3,7,userdb_open_or_sync,0,unavailable,unavailable,unavailable
yune,track-b-product,jyut6ping3_mobile,session_create_select_destroy,,3,8,session_create,576,unavailable,unavailable,unavailable
yune,track-b-product,jyut6ping3_mobile,session_create_select_destroy,,3,9,schema_config_load,350,unavailable,unavailable,unavailable
yune,track-b-product,jyut6ping3_mobile,session_create_select_destroy,,3,10,schema_switch_options,3,unavailable,unavailable,unavailable
yune,track-b-product,jyut6ping3_mobile,session_create_select_destroy,,3,11,processor_install,3977,unavailable,unavailable,unavailable
yune,track-b-product,jyut6ping3_mobile,session_create_select_destroy,,3,12,schema_config_load,325,unavailable,unavailable,unavailable
yune,track-b-product,jyut6ping3_mobile,session_create_select_destroy,,3,13,translator_install,1325,unavailable,unavailable,unavailable
yune,track-b-product,jyut6ping3_mobile,session_create_select_destroy,,3,14,schema_config_load,331,unavailable,unavailable,unavailable
yune,track-b-product,jyut6ping3_mobile,session_create_select_destroy,,3,15,dictionary_lookup_records_cache_hit,0,unavailable,unavailable,unavailable
yune,track-b-product,jyut6ping3_mobile,session_create_select_destroy,,3,16,dictionary_lookup_records_load,5207,unavailable,unavailable,unavailable
yune,track-b-product,jyut6ping3_mobile,session_create_select_destroy,,3,17,filter_install,10072,unavailable,unavailable,unavailable
yune,track-b-product,jyut6ping3_mobile,session_create_select_destroy,,3,18,userdb_open_or_sync,17,unavailable,unavailable,unavailable
yune,track-b-product,jyut6ping3_mobile,session_create_select_destroy,,3,19,schema_select,16807,unavailable,unavailable,unavailable
yune,track-b-product,jyut6ping3_mobile,session_create_select_destroy,,3,20,session_destroy,48,unavailable,unavailable,unavailable
yune,track-b-product,jyut6ping3_mobile,session_create_select_destroy,,4,0,schema_config_load,16,unavailable,unavailable,unavailable
yune,track-b-product,jyut6ping3_mobile,session_create_select_destroy,,4,1,schema_switch_options,0,unavailable,unavailable,unavailable
yune,track-b-product,jyut6ping3_mobile,session_create_select_destroy,,4,2,processor_install,149,unavailable,unavailable,unavailable
yune,track-b-product,jyut6ping3_mobile,session_create_select_destroy,,4,3,schema_config_load,12,unavailable,unavailable,unavailable
yune,track-b-product,jyut6ping3_mobile,session_create_select_destroy,,4,4,translator_install,13,unavailable,unavailable,unavailable
yune,track-b-product,jyut6ping3_mobile,session_create_select_destroy,,4,5,schema_config_load,12,unavailable,unavailable,unavailable
yune,track-b-product,jyut6ping3_mobile,session_create_select_destroy,,4,6,filter_install,13,unavailable,unavailable,unavailable
yune,track-b-product,jyut6ping3_mobile,session_create_select_destroy,,4,7,userdb_open_or_sync,0,unavailable,unavailable,unavailable
yune,track-b-product,jyut6ping3_mobile,session_create_select_destroy,,4,8,session_create,542,unavailable,unavailable,unavailable
yune,track-b-product,jyut6ping3_mobile,session_create_select_destroy,,4,9,schema_config_load,343,unavailable,unavailable,unavailable
yune,track-b-product,jyut6ping3_mobile,session_create_select_destroy,,4,10,schema_switch_options,3,unavailable,unavailable,unavailable
yune,track-b-product,jyut6ping3_mobile,session_create_select_destroy,,4,11,processor_install,4187,unavailable,unavailable,unavailable
yune,track-b-product,jyut6ping3_mobile,session_create_select_destroy,,4,12,schema_config_load,320,unavailable,unavailable,unavailable
yune,track-b-product,jyut6ping3_mobile,session_create_select_destroy,,4,13,translator_install,1244,unavailable,unavailable,unavailable
yune,track-b-product,jyut6ping3_mobile,session_create_select_destroy,,4,14,schema_config_load,328,unavailable,unavailable,unavailable
yune,track-b-product,jyut6ping3_mobile,session_create_select_destroy,,4,15,dictionary_lookup_records_cache_hit,0,unavailable,unavailable,unavailable
yune,track-b-product,jyut6ping3_mobile,session_create_select_destroy,,4,16,dictionary_lookup_records_load,5113,unavailable,unavailable,unavailable
yune,track-b-product,jyut6ping3_mobile,session_create_select_destroy,,4,17,filter_install,10045,unavailable,unavailable,unavailable
yune,track-b-product,jyut6ping3_mobile,session_create_select_destroy,,4,18,userdb_open_or_sync,17,unavailable,unavailable,unavailable
yune,track-b-product,jyut6ping3_mobile,session_create_select_destroy,,4,19,schema_select,17205,unavailable,unavailable,unavailable
yune,track-b-product,jyut6ping3_mobile,session_create_select_destroy,,4,20,session_destroy,54,unavailable,unavailable,unavailable
yune,track-b-product,jyut6ping3_mobile,session_create_select_destroy,,5,0,schema_config_load,15,unavailable,unavailable,unavailable
yune,track-b-product,jyut6ping3_mobile,session_create_select_destroy,,5,1,schema_switch_options,0,unavailable,unavailable,unavailable
yune,track-b-product,jyut6ping3_mobile,session_create_select_destroy,,5,2,processor_install,136,unavailable,unavailable,unavailable
yune,track-b-product,jyut6ping3_mobile,session_create_select_destroy,,5,3,schema_config_load,13,unavailable,unavailable,unavailable
yune,track-b-product,jyut6ping3_mobile,session_create_select_destroy,,5,4,translator_install,13,unavailable,unavailable,unavailable
yune,track-b-product,jyut6ping3_mobile,session_create_select_destroy,,5,5,schema_config_load,13,unavailable,unavailable,unavailable
yune,track-b-product,jyut6ping3_mobile,session_create_select_destroy,,5,6,filter_install,13,unavailable,unavailable,unavailable
yune,track-b-product,jyut6ping3_mobile,session_create_select_destroy,,5,7,userdb_open_or_sync,0,unavailable,unavailable,unavailable
yune,track-b-product,jyut6ping3_mobile,session_create_select_destroy,,5,8,session_create,522,unavailable,unavailable,unavailable
yune,track-b-product,jyut6ping3_mobile,session_create_select_destroy,,5,9,schema_config_load,359,unavailable,unavailable,unavailable
yune,track-b-product,jyut6ping3_mobile,session_create_select_destroy,,5,10,schema_switch_options,3,unavailable,unavailable,unavailable
yune,track-b-product,jyut6ping3_mobile,session_create_select_destroy,,5,11,processor_install,3947,unavailable,unavailable,unavailable
yune,track-b-product,jyut6ping3_mobile,session_create_select_destroy,,5,12,schema_config_load,327,unavailable,unavailable,unavailable
yune,track-b-product,jyut6ping3_mobile,session_create_select_destroy,,5,13,translator_install,1249,unavailable,unavailable,unavailable
yune,track-b-product,jyut6ping3_mobile,session_create_select_destroy,,5,14,schema_config_load,328,unavailable,unavailable,unavailable
yune,track-b-product,jyut6ping3_mobile,session_create_select_destroy,,5,15,dictionary_lookup_records_cache_hit,0,unavailable,unavailable,unavailable
yune,track-b-product,jyut6ping3_mobile,session_create_select_destroy,,5,16,dictionary_lookup_records_load,5126,unavailable,unavailable,unavailable
yune,track-b-product,jyut6ping3_mobile,session_create_select_destroy,,5,17,filter_install,10126,unavailable,unavailable,unavailable
yune,track-b-product,jyut6ping3_mobile,session_create_select_destroy,,5,18,userdb_open_or_sync,20,unavailable,unavailable,unavailable
yune,track-b-product,jyut6ping3_mobile,session_create_select_destroy,,5,19,schema_select,16705,unavailable,unavailable,unavailable
yune,track-b-product,jyut6ping3_mobile,session_create_select_destroy,,5,20,session_destroy,48,unavailable,unavailable,unavailable
yune,track-b-product,jyut6ping3_mobile,session_create_select_destroy,,6,0,schema_config_load,15,unavailable,unavailable,unavailable
yune,track-b-product,jyut6ping3_mobile,session_create_select_destroy,,6,1,schema_switch_options,0,unavailable,unavailable,unavailable
yune,track-b-product,jyut6ping3_mobile,session_create_select_destroy,,6,2,processor_install,142,unavailable,unavailable,unavailable
yune,track-b-product,jyut6ping3_mobile,session_create_select_destroy,,6,3,schema_config_load,13,unavailable,unavailable,unavailable
yune,track-b-product,jyut6ping3_mobile,session_create_select_destroy,,6,4,translator_install,13,unavailable,unavailable,unavailable
yune,track-b-product,jyut6ping3_mobile,session_create_select_destroy,,6,5,schema_config_load,13,unavailable,unavailable,unavailable
yune,track-b-product,jyut6ping3_mobile,session_create_select_destroy,,6,6,filter_install,13,unavailable,unavailable,unavailable
yune,track-b-product,jyut6ping3_mobile,session_create_select_destroy,,6,7,userdb_open_or_sync,0,unavailable,unavailable,unavailable
yune,track-b-product,jyut6ping3_mobile,session_create_select_destroy,,6,8,session_create,524,unavailable,unavailable,unavailable
yune,track-b-product,jyut6ping3_mobile,session_create_select_destroy,,6,9,schema_config_load,336,unavailable,unavailable,unavailable
yune,track-b-product,jyut6ping3_mobile,session_create_select_destroy,,6,10,schema_switch_options,3,unavailable,unavailable,unavailable
yune,track-b-product,jyut6ping3_mobile,session_create_select_destroy,,6,11,processor_install,3952,unavailable,unavailable,unavailable
yune,track-b-product,jyut6ping3_mobile,session_create_select_destroy,,6,12,schema_config_load,310,unavailable,unavailable,unavailable
yune,track-b-product,jyut6ping3_mobile,session_create_select_destroy,,6,13,translator_install,1221,unavailable,unavailable,unavailable
yune,track-b-product,jyut6ping3_mobile,session_create_select_destroy,,6,14,schema_config_load,323,unavailable,unavailable,unavailable
yune,track-b-product,jyut6ping3_mobile,session_create_select_destroy,,6,15,dictionary_lookup_records_cache_hit,0,unavailable,unavailable,unavailable
yune,track-b-product,jyut6ping3_mobile,session_create_select_destroy,,6,16,dictionary_lookup_records_load,5123,unavailable,unavailable,unavailable
yune,track-b-product,jyut6ping3_mobile,session_create_select_destroy,,6,17,filter_install,10004,unavailable,unavailable,unavailable
yune,track-b-product,jyut6ping3_mobile,session_create_select_destroy,,6,18,userdb_open_or_sync,15,unavailable,unavailable,unavailable
yune,track-b-product,jyut6ping3_mobile,session_create_select_destroy,,6,19,schema_select,16513,unavailable,unavailable,unavailable
yune,track-b-product,jyut6ping3_mobile,session_create_select_destroy,,6,20,session_destroy,40,unavailable,unavailable,unavailable
yune,track-b-product,jyut6ping3_mobile,session_create_select_destroy,,7,0,schema_config_load,19,unavailable,unavailable,unavailable
yune,track-b-product,jyut6ping3_mobile,session_create_select_destroy,,7,1,schema_switch_options,0,unavailable,unavailable,unavailable
yune,track-b-product,jyut6ping3_mobile,session_create_select_destroy,,7,2,processor_install,138,unavailable,unavailable,unavailable
yune,track-b-product,jyut6ping3_mobile,session_create_select_destroy,,7,3,schema_config_load,13,unavailable,unavailable,unavailable
yune,track-b-product,jyut6ping3_mobile,session_create_select_destroy,,7,4,translator_install,13,unavailable,unavailable,unavailable
yune,track-b-product,jyut6ping3_mobile,session_create_select_destroy,,7,5,schema_config_load,13,unavailable,unavailable,unavailable
yune,track-b-product,jyut6ping3_mobile,session_create_select_destroy,,7,6,filter_install,13,unavailable,unavailable,unavailable
yune,track-b-product,jyut6ping3_mobile,session_create_select_destroy,,7,7,userdb_open_or_sync,0,unavailable,unavailable,unavailable
yune,track-b-product,jyut6ping3_mobile,session_create_select_destroy,,7,8,session_create,519,unavailable,unavailable,unavailable
yune,track-b-product,jyut6ping3_mobile,session_create_select_destroy,,7,9,schema_config_load,339,unavailable,unavailable,unavailable
yune,track-b-product,jyut6ping3_mobile,session_create_select_destroy,,7,10,schema_switch_options,3,unavailable,unavailable,unavailable
yune,track-b-product,jyut6ping3_mobile,session_create_select_destroy,,7,11,processor_install,3917,unavailable,unavailable,unavailable
yune,track-b-product,jyut6ping3_mobile,session_create_select_destroy,,7,12,schema_config_load,310,unavailable,unavailable,unavailable
yune,track-b-product,jyut6ping3_mobile,session_create_select_destroy,,7,13,translator_install,1224,unavailable,unavailable,unavailable
yune,track-b-product,jyut6ping3_mobile,session_create_select_destroy,,7,14,schema_config_load,332,unavailable,unavailable,unavailable
yune,track-b-product,jyut6ping3_mobile,session_create_select_destroy,,7,15,dictionary_lookup_records_cache_hit,0,unavailable,unavailable,unavailable
yune,track-b-product,jyut6ping3_mobile,session_create_select_destroy,,7,16,dictionary_lookup_records_load,5114,unavailable,unavailable,unavailable
yune,track-b-product,jyut6ping3_mobile,session_create_select_destroy,,7,17,filter_install,9983,unavailable,unavailable,unavailable
yune,track-b-product,jyut6ping3_mobile,session_create_select_destroy,,7,18,userdb_open_or_sync,20,unavailable,unavailable,unavailable
yune,track-b-product,jyut6ping3_mobile,session_create_select_destroy,,7,19,schema_select,16479,unavailable,unavailable,unavailable
yune,track-b-product,jyut6ping3_mobile,session_create_select_destroy,,7,20,session_destroy,45,unavailable,unavailable,unavailable
yune,track-b-product,jyut6ping3_mobile,session_create_select_destroy,,8,0,schema_config_load,15,unavailable,unavailable,unavailable
yune,track-b-product,jyut6ping3_mobile,session_create_select_destroy,,8,1,schema_switch_options,0,unavailable,unavailable,unavailable
yune,track-b-product,jyut6ping3_mobile,session_create_select_destroy,,8,2,processor_install,140,unavailable,unavailable,unavailable
yune,track-b-product,jyut6ping3_mobile,session_create_select_destroy,,8,3,schema_config_load,12,unavailable,unavailable,unavailable
yune,track-b-product,jyut6ping3_mobile,session_create_select_destroy,,8,4,translator_install,13,unavailable,unavailable,unavailable
yune,track-b-product,jyut6ping3_mobile,session_create_select_destroy,,8,5,schema_config_load,13,unavailable,unavailable,unavailable
yune,track-b-product,jyut6ping3_mobile,session_create_select_destroy,,8,6,filter_install,13,unavailable,unavailable,unavailable
yune,track-b-product,jyut6ping3_mobile,session_create_select_destroy,,8,7,userdb_open_or_sync,0,unavailable,unavailable,unavailable
yune,track-b-product,jyut6ping3_mobile,session_create_select_destroy,,8,8,session_create,522,unavailable,unavailable,unavailable
yune,track-b-product,jyut6ping3_mobile,session_create_select_destroy,,8,9,schema_config_load,333,unavailable,unavailable,unavailable
yune,track-b-product,jyut6ping3_mobile,session_create_select_destroy,,8,10,schema_switch_options,3,unavailable,unavailable,unavailable
yune,track-b-product,jyut6ping3_mobile,session_create_select_destroy,,8,11,processor_install,3889,unavailable,unavailable,unavailable
yune,track-b-product,jyut6ping3_mobile,session_create_select_destroy,,8,12,schema_config_load,317,unavailable,unavailable,unavailable
yune,track-b-product,jyut6ping3_mobile,session_create_select_destroy,,8,13,translator_install,1216,unavailable,unavailable,unavailable
yune,track-b-product,jyut6ping3_mobile,session_create_select_destroy,,8,14,schema_config_load,330,unavailable,unavailable,unavailable
yune,track-b-product,jyut6ping3_mobile,session_create_select_destroy,,8,15,dictionary_lookup_records_cache_hit,0,unavailable,unavailable,unavailable
yune,track-b-product,jyut6ping3_mobile,session_create_select_destroy,,8,16,dictionary_lookup_records_load,5113,unavailable,unavailable,unavailable
yune,track-b-product,jyut6ping3_mobile,session_create_select_destroy,,8,17,filter_install,10325,unavailable,unavailable,unavailable
yune,track-b-product,jyut6ping3_mobile,session_create_select_destroy,,8,18,userdb_open_or_sync,18,unavailable,unavailable,unavailable
yune,track-b-product,jyut6ping3_mobile,session_create_select_destroy,,8,19,schema_select,16764,unavailable,unavailable,unavailable
yune,track-b-product,jyut6ping3_mobile,session_create_select_destroy,,8,20,session_destroy,49,unavailable,unavailable,unavailable
yune,track-b-product,jyut6ping3_mobile,session_create_select_destroy,,9,0,schema_config_load,15,unavailable,unavailable,unavailable
yune,track-b-product,jyut6ping3_mobile,session_create_select_destroy,,9,1,schema_switch_options,0,unavailable,unavailable,unavailable
yune,track-b-product,jyut6ping3_mobile,session_create_select_destroy,,9,2,processor_install,152,unavailable,unavailable,unavailable
yune,track-b-product,jyut6ping3_mobile,session_create_select_destroy,,9,3,schema_config_load,12,unavailable,unavailable,unavailable
yune,track-b-product,jyut6ping3_mobile,session_create_select_destroy,,9,4,translator_install,12,unavailable,unavailable,unavailable
yune,track-b-product,jyut6ping3_mobile,session_create_select_destroy,,9,5,schema_config_load,12,unavailable,unavailable,unavailable
yune,track-b-product,jyut6ping3_mobile,session_create_select_destroy,,9,6,filter_install,13,unavailable,unavailable,unavailable
yune,track-b-product,jyut6ping3_mobile,session_create_select_destroy,,9,7,userdb_open_or_sync,0,unavailable,unavailable,unavailable
yune,track-b-product,jyut6ping3_mobile,session_create_select_destroy,,9,8,session_create,539,unavailable,unavailable,unavailable
yune,track-b-product,jyut6ping3_mobile,session_create_select_destroy,,9,9,schema_config_load,341,unavailable,unavailable,unavailable
yune,track-b-product,jyut6ping3_mobile,session_create_select_destroy,,9,10,schema_switch_options,3,unavailable,unavailable,unavailable
yune,track-b-product,jyut6ping3_mobile,session_create_select_destroy,,9,11,processor_install,3916,unavailable,unavailable,unavailable
yune,track-b-product,jyut6ping3_mobile,session_create_select_destroy,,9,12,schema_config_load,314,unavailable,unavailable,unavailable
yune,track-b-product,jyut6ping3_mobile,session_create_select_destroy,,9,13,translator_install,1229,unavailable,unavailable,unavailable
yune,track-b-product,jyut6ping3_mobile,session_create_select_destroy,,9,14,schema_config_load,324,unavailable,unavailable,unavailable
yune,track-b-product,jyut6ping3_mobile,session_create_select_destroy,,9,15,dictionary_lookup_records_cache_hit,0,unavailable,unavailable,unavailable
yune,track-b-product,jyut6ping3_mobile,session_create_select_destroy,,9,16,dictionary_lookup_records_load,5120,unavailable,unavailable,unavailable
yune,track-b-product,jyut6ping3_mobile,session_create_select_destroy,,9,17,filter_install,10282,unavailable,unavailable,unavailable
yune,track-b-product,jyut6ping3_mobile,session_create_select_destroy,,9,18,userdb_open_or_sync,17,unavailable,unavailable,unavailable
yune,track-b-product,jyut6ping3_mobile,session_create_select_destroy,,9,19,schema_select,16826,unavailable,unavailable,unavailable
yune,track-b-product,jyut6ping3_mobile,session_create_select_destroy,,9,20,session_destroy,54,unavailable,unavailable,unavailable
yune,track-b-product,jyut6ping3_mobile,session_create_select_destroy,,10,0,schema_config_load,16,unavailable,unavailable,unavailable
yune,track-b-product,jyut6ping3_mobile,session_create_select_destroy,,10,1,schema_switch_options,0,unavailable,unavailable,unavailable
yune,track-b-product,jyut6ping3_mobile,session_create_select_destroy,,10,2,processor_install,141,unavailable,unavailable,unavailable
yune,track-b-product,jyut6ping3_mobile,session_create_select_destroy,,10,3,schema_config_load,12,unavailable,unavailable,unavailable
yune,track-b-product,jyut6ping3_mobile,session_create_select_destroy,,10,4,translator_install,13,unavailable,unavailable,unavailable
yune,track-b-product,jyut6ping3_mobile,session_create_select_destroy,,10,5,schema_config_load,13,unavailable,unavailable,unavailable
yune,track-b-product,jyut6ping3_mobile,session_create_select_destroy,,10,6,filter_install,13,unavailable,unavailable,unavailable
yune,track-b-product,jyut6ping3_mobile,session_create_select_destroy,,10,7,userdb_open_or_sync,0,unavailable,unavailable,unavailable
yune,track-b-product,jyut6ping3_mobile,session_create_select_destroy,,10,8,session_create,532,unavailable,unavailable,unavailable
yune,track-b-product,jyut6ping3_mobile,session_create_select_destroy,,10,9,schema_config_load,362,unavailable,unavailable,unavailable
yune,track-b-product,jyut6ping3_mobile,session_create_select_destroy,,10,10,schema_switch_options,3,unavailable,unavailable,unavailable
yune,track-b-product,jyut6ping3_mobile,session_create_select_destroy,,10,11,processor_install,3883,unavailable,unavailable,unavailable
yune,track-b-product,jyut6ping3_mobile,session_create_select_destroy,,10,12,schema_config_load,309,unavailable,unavailable,unavailable
yune,track-b-product,jyut6ping3_mobile,session_create_select_destroy,,10,13,translator_install,1200,unavailable,unavailable,unavailable
yune,track-b-product,jyut6ping3_mobile,session_create_select_destroy,,10,14,schema_config_load,323,unavailable,unavailable,unavailable
yune,track-b-product,jyut6ping3_mobile,session_create_select_destroy,,10,15,dictionary_lookup_records_cache_hit,0,unavailable,unavailable,unavailable
yune,track-b-product,jyut6ping3_mobile,session_create_select_destroy,,10,16,dictionary_lookup_records_load,5138,unavailable,unavailable,unavailable
yune,track-b-product,jyut6ping3_mobile,session_create_select_destroy,,10,17,filter_install,9995,unavailable,unavailable,unavailable
yune,track-b-product,jyut6ping3_mobile,session_create_select_destroy,,10,18,userdb_open_or_sync,25,unavailable,unavailable,unavailable
yune,track-b-product,jyut6ping3_mobile,session_create_select_destroy,,10,19,schema_select,16475,unavailable,unavailable,unavailable
yune,track-b-product,jyut6ping3_mobile,session_create_select_destroy,,10,20,session_destroy,42,unavailable,unavailable,unavailable
yune,track-b-product,jyut6ping3_mobile,session_create_select_destroy,,11,0,schema_config_load,15,unavailable,unavailable,unavailable
yune,track-b-product,jyut6ping3_mobile,session_create_select_destroy,,11,1,schema_switch_options,0,unavailable,unavailable,unavailable
yune,track-b-product,jyut6ping3_mobile,session_create_select_destroy,,11,2,processor_install,137,unavailable,unavailable,unavailable
yune,track-b-product,jyut6ping3_mobile,session_create_select_destroy,,11,3,schema_config_load,20,unavailable,unavailable,unavailable
yune,track-b-product,jyut6ping3_mobile,session_create_select_destroy,,11,4,translator_install,21,unavailable,unavailable,unavailable
yune,track-b-product,jyut6ping3_mobile,session_create_select_destroy,,11,5,schema_config_load,13,unavailable,unavailable,unavailable
yune,track-b-product,jyut6ping3_mobile,session_create_select_destroy,,11,6,filter_install,13,unavailable,unavailable,unavailable
yune,track-b-product,jyut6ping3_mobile,session_create_select_destroy,,11,7,userdb_open_or_sync,0,unavailable,unavailable,unavailable
yune,track-b-product,jyut6ping3_mobile,session_create_select_destroy,,11,8,session_create,529,unavailable,unavailable,unavailable
yune,track-b-product,jyut6ping3_mobile,session_create_select_destroy,,11,9,schema_config_load,328,unavailable,unavailable,unavailable
yune,track-b-product,jyut6ping3_mobile,session_create_select_destroy,,11,10,schema_switch_options,3,unavailable,unavailable,unavailable
yune,track-b-product,jyut6ping3_mobile,session_create_select_destroy,,11,11,processor_install,3895,unavailable,unavailable,unavailable
yune,track-b-product,jyut6ping3_mobile,session_create_select_destroy,,11,12,schema_config_load,316,unavailable,unavailable,unavailable
yune,track-b-product,jyut6ping3_mobile,session_create_select_destroy,,11,13,translator_install,1242,unavailable,unavailable,unavailable
yune,track-b-product,jyut6ping3_mobile,session_create_select_destroy,,11,14,schema_config_load,342,unavailable,unavailable,unavailable
yune,track-b-product,jyut6ping3_mobile,session_create_select_destroy,,11,15,dictionary_lookup_records_cache_hit,0,unavailable,unavailable,unavailable
yune,track-b-product,jyut6ping3_mobile,session_create_select_destroy,,11,16,dictionary_lookup_records_load,5156,unavailable,unavailable,unavailable
yune,track-b-product,jyut6ping3_mobile,session_create_select_destroy,,11,17,filter_install,10078,unavailable,unavailable,unavailable
yune,track-b-product,jyut6ping3_mobile,session_create_select_destroy,,11,18,userdb_open_or_sync,23,unavailable,unavailable,unavailable
yune,track-b-product,jyut6ping3_mobile,session_create_select_destroy,,11,19,schema_select,16561,unavailable,unavailable,unavailable
yune,track-b-product,jyut6ping3_mobile,session_create_select_destroy,,11,20,session_destroy,53,unavailable,unavailable,unavailable
yune,track-b-product,jyut6ping3_mobile,session_create_select_destroy,,12,0,schema_config_load,16,unavailable,unavailable,unavailable
yune,track-b-product,jyut6ping3_mobile,session_create_select_destroy,,12,1,schema_switch_options,0,unavailable,unavailable,unavailable
yune,track-b-product,jyut6ping3_mobile,session_create_select_destroy,,12,2,processor_install,173,unavailable,unavailable,unavailable
yune,track-b-product,jyut6ping3_mobile,session_create_select_destroy,,12,3,schema_config_load,12,unavailable,unavailable,unavailable
yune,track-b-product,jyut6ping3_mobile,session_create_select_destroy,,12,4,translator_install,13,unavailable,unavailable,unavailable
yune,track-b-product,jyut6ping3_mobile,session_create_select_destroy,,12,5,schema_config_load,13,unavailable,unavailable,unavailable
yune,track-b-product,jyut6ping3_mobile,session_create_select_destroy,,12,6,filter_install,13,unavailable,unavailable,unavailable
yune,track-b-product,jyut6ping3_mobile,session_create_select_destroy,,12,7,userdb_open_or_sync,0,unavailable,unavailable,unavailable
yune,track-b-product,jyut6ping3_mobile,session_create_select_destroy,,12,8,session_create,574,unavailable,unavailable,unavailable
yune,track-b-product,jyut6ping3_mobile,session_create_select_destroy,,12,9,schema_config_load,346,unavailable,unavailable,unavailable
yune,track-b-product,jyut6ping3_mobile,session_create_select_destroy,,12,10,schema_switch_options,3,unavailable,unavailable,unavailable
yune,track-b-product,jyut6ping3_mobile,session_create_select_destroy,,12,11,processor_install,3855,unavailable,unavailable,unavailable
yune,track-b-product,jyut6ping3_mobile,session_create_select_destroy,,12,12,schema_config_load,314,unavailable,unavailable,unavailable
yune,track-b-product,jyut6ping3_mobile,session_create_select_destroy,,12,13,translator_install,1212,unavailable,unavailable,unavailable
yune,track-b-product,jyut6ping3_mobile,session_create_select_destroy,,12,14,schema_config_load,327,unavailable,unavailable,unavailable
yune,track-b-product,jyut6ping3_mobile,session_create_select_destroy,,12,15,dictionary_lookup_records_cache_hit,0,unavailable,unavailable,unavailable
yune,track-b-product,jyut6ping3_mobile,session_create_select_destroy,,12,16,dictionary_lookup_records_load,5135,unavailable,unavailable,unavailable
yune,track-b-product,jyut6ping3_mobile,session_create_select_destroy,,12,17,filter_install,9982,unavailable,unavailable,unavailable
yune,track-b-product,jyut6ping3_mobile,session_create_select_destroy,,12,18,userdb_open_or_sync,22,unavailable,unavailable,unavailable
yune,track-b-product,jyut6ping3_mobile,session_create_select_destroy,,12,19,schema_select,16413,unavailable,unavailable,unavailable
yune,track-b-product,jyut6ping3_mobile,session_create_select_destroy,,12,20,session_destroy,32,unavailable,unavailable,unavailable
yune,track-b-product,jyut6ping3_mobile,session_create_select_destroy,,13,0,schema_config_load,14,unavailable,unavailable,unavailable
yune,track-b-product,jyut6ping3_mobile,session_create_select_destroy,,13,1,schema_switch_options,0,unavailable,unavailable,unavailable
yune,track-b-product,jyut6ping3_mobile,session_create_select_destroy,,13,2,processor_install,134,unavailable,unavailable,unavailable
yune,track-b-product,jyut6ping3_mobile,session_create_select_destroy,,13,3,schema_config_load,12,unavailable,unavailable,unavailable
yune,track-b-product,jyut6ping3_mobile,session_create_select_destroy,,13,4,translator_install,12,unavailable,unavailable,unavailable
yune,track-b-product,jyut6ping3_mobile,session_create_select_destroy,,13,5,schema_config_load,12,unavailable,unavailable,unavailable
yune,track-b-product,jyut6ping3_mobile,session_create_select_destroy,,13,6,filter_install,13,unavailable,unavailable,unavailable
yune,track-b-product,jyut6ping3_mobile,session_create_select_destroy,,13,7,userdb_open_or_sync,0,unavailable,unavailable,unavailable
yune,track-b-product,jyut6ping3_mobile,session_create_select_destroy,,13,8,session_create,499,unavailable,unavailable,unavailable
yune,track-b-product,jyut6ping3_mobile,session_create_select_destroy,,13,9,schema_config_load,323,unavailable,unavailable,unavailable
yune,track-b-product,jyut6ping3_mobile,session_create_select_destroy,,13,10,schema_switch_options,3,unavailable,unavailable,unavailable
yune,track-b-product,jyut6ping3_mobile,session_create_select_destroy,,13,11,processor_install,3850,unavailable,unavailable,unavailable
yune,track-b-product,jyut6ping3_mobile,session_create_select_destroy,,13,12,schema_config_load,315,unavailable,unavailable,unavailable
yune,track-b-product,jyut6ping3_mobile,session_create_select_destroy,,13,13,translator_install,1215,unavailable,unavailable,unavailable
yune,track-b-product,jyut6ping3_mobile,session_create_select_destroy,,13,14,schema_config_load,332,unavailable,unavailable,unavailable
yune,track-b-product,jyut6ping3_mobile,session_create_select_destroy,,13,15,dictionary_lookup_records_cache_hit,0,unavailable,unavailable,unavailable
yune,track-b-product,jyut6ping3_mobile,session_create_select_destroy,,13,16,dictionary_lookup_records_load,5112,unavailable,unavailable,unavailable
yune,track-b-product,jyut6ping3_mobile,session_create_select_destroy,,13,17,filter_install,9862,unavailable,unavailable,unavailable
yune,track-b-product,jyut6ping3_mobile,session_create_select_destroy,,13,18,userdb_open_or_sync,20,unavailable,unavailable,unavailable
yune,track-b-product,jyut6ping3_mobile,session_create_select_destroy,,13,19,schema_select,16237,unavailable,unavailable,unavailable
yune,track-b-product,jyut6ping3_mobile,session_create_select_destroy,,13,20,session_destroy,36,unavailable,unavailable,unavailable
yune,track-b-product,jyut6ping3_mobile,session_create_select_destroy,,14,0,schema_config_load,23,unavailable,unavailable,unavailable
yune,track-b-product,jyut6ping3_mobile,session_create_select_destroy,,14,1,schema_switch_options,0,unavailable,unavailable,unavailable
yune,track-b-product,jyut6ping3_mobile,session_create_select_destroy,,14,2,processor_install,136,unavailable,unavailable,unavailable
yune,track-b-product,jyut6ping3_mobile,session_create_select_destroy,,14,3,schema_config_load,12,unavailable,unavailable,unavailable
yune,track-b-product,jyut6ping3_mobile,session_create_select_destroy,,14,4,translator_install,12,unavailable,unavailable,unavailable
yune,track-b-product,jyut6ping3_mobile,session_create_select_destroy,,14,5,schema_config_load,12,unavailable,unavailable,unavailable
yune,track-b-product,jyut6ping3_mobile,session_create_select_destroy,,14,6,filter_install,13,unavailable,unavailable,unavailable
yune,track-b-product,jyut6ping3_mobile,session_create_select_destroy,,14,7,userdb_open_or_sync,0,unavailable,unavailable,unavailable
yune,track-b-product,jyut6ping3_mobile,session_create_select_destroy,,14,8,session_create,518,unavailable,unavailable,unavailable
yune,track-b-product,jyut6ping3_mobile,session_create_select_destroy,,14,9,schema_config_load,321,unavailable,unavailable,unavailable
yune,track-b-product,jyut6ping3_mobile,session_create_select_destroy,,14,10,schema_switch_options,3,unavailable,unavailable,unavailable
yune,track-b-product,jyut6ping3_mobile,session_create_select_destroy,,14,11,processor_install,3913,unavailable,unavailable,unavailable
yune,track-b-product,jyut6ping3_mobile,session_create_select_destroy,,14,12,schema_config_load,314,unavailable,unavailable,unavailable
yune,track-b-product,jyut6ping3_mobile,session_create_select_destroy,,14,13,translator_install,1202,unavailable,unavailable,unavailable
yune,track-b-product,jyut6ping3_mobile,session_create_select_destroy,,14,14,schema_config_load,327,unavailable,unavailable,unavailable
yune,track-b-product,jyut6ping3_mobile,session_create_select_destroy,,14,15,dictionary_lookup_records_cache_hit,0,unavailable,unavailable,unavailable
yune,track-b-product,jyut6ping3_mobile,session_create_select_destroy,,14,16,dictionary_lookup_records_load,5131,unavailable,unavailable,unavailable
yune,track-b-product,jyut6ping3_mobile,session_create_select_destroy,,14,17,filter_install,9892,unavailable,unavailable,unavailable
yune,track-b-product,jyut6ping3_mobile,session_create_select_destroy,,14,18,userdb_open_or_sync,33,unavailable,unavailable,unavailable
yune,track-b-product,jyut6ping3_mobile,session_create_select_destroy,,14,19,schema_select,16326,unavailable,unavailable,unavailable
yune,track-b-product,jyut6ping3_mobile,session_create_select_destroy,,14,20,session_destroy,46,unavailable,unavailable,unavailable
yune,track-b-product,jyut6ping3_mobile,session_create_select_destroy,,15,0,schema_config_load,15,unavailable,unavailable,unavailable
yune,track-b-product,jyut6ping3_mobile,session_create_select_destroy,,15,1,schema_switch_options,0,unavailable,unavailable,unavailable
yune,track-b-product,jyut6ping3_mobile,session_create_select_destroy,,15,2,processor_install,140,unavailable,unavailable,unavailable
yune,track-b-product,jyut6ping3_mobile,session_create_select_destroy,,15,3,schema_config_load,12,unavailable,unavailable,unavailable
yune,track-b-product,jyut6ping3_mobile,session_create_select_destroy,,15,4,translator_install,13,unavailable,unavailable,unavailable
yune,track-b-product,jyut6ping3_mobile,session_create_select_destroy,,15,5,schema_config_load,12,unavailable,unavailable,unavailable
yune,track-b-product,jyut6ping3_mobile,session_create_select_destroy,,15,6,filter_install,13,unavailable,unavailable,unavailable
yune,track-b-product,jyut6ping3_mobile,session_create_select_destroy,,15,7,userdb_open_or_sync,0,unavailable,unavailable,unavailable
yune,track-b-product,jyut6ping3_mobile,session_create_select_destroy,,15,8,session_create,521,unavailable,unavailable,unavailable
yune,track-b-product,jyut6ping3_mobile,session_create_select_destroy,,15,9,schema_config_load,340,unavailable,unavailable,unavailable
yune,track-b-product,jyut6ping3_mobile,session_create_select_destroy,,15,10,schema_switch_options,3,unavailable,unavailable,unavailable
yune,track-b-product,jyut6ping3_mobile,session_create_select_destroy,,15,11,processor_install,3915,unavailable,unavailable,unavailable
yune,track-b-product,jyut6ping3_mobile,session_create_select_destroy,,15,12,schema_config_load,317,unavailable,unavailable,unavailable
yune,track-b-product,jyut6ping3_mobile,session_create_select_destroy,,15,13,translator_install,1220,unavailable,unavailable,unavailable
yune,track-b-product,jyut6ping3_mobile,session_create_select_destroy,,15,14,schema_config_load,342,unavailable,unavailable,unavailable
yune,track-b-product,jyut6ping3_mobile,session_create_select_destroy,,15,15,dictionary_lookup_records_cache_hit,0,unavailable,unavailable,unavailable
yune,track-b-product,jyut6ping3_mobile,session_create_select_destroy,,15,16,dictionary_lookup_records_load,5152,unavailable,unavailable,unavailable
yune,track-b-product,jyut6ping3_mobile,session_create_select_destroy,,15,17,filter_install,10104,unavailable,unavailable,unavailable
yune,track-b-product,jyut6ping3_mobile,session_create_select_destroy,,15,18,userdb_open_or_sync,28,unavailable,unavailable,unavailable
yune,track-b-product,jyut6ping3_mobile,session_create_select_destroy,,15,19,schema_select,16609,unavailable,unavailable,unavailable
yune,track-b-product,jyut6ping3_mobile,session_create_select_destroy,,15,20,session_destroy,54,unavailable,unavailable,unavailable
yune,track-b-product,jyut6ping3_mobile,session_create_select_destroy,,16,0,schema_config_load,16,unavailable,unavailable,unavailable
yune,track-b-product,jyut6ping3_mobile,session_create_select_destroy,,16,1,schema_switch_options,0,unavailable,unavailable,unavailable
yune,track-b-product,jyut6ping3_mobile,session_create_select_destroy,,16,2,processor_install,154,unavailable,unavailable,unavailable
yune,track-b-product,jyut6ping3_mobile,session_create_select_destroy,,16,3,schema_config_load,17,unavailable,unavailable,unavailable
yune,track-b-product,jyut6ping3_mobile,session_create_select_destroy,,16,4,translator_install,17,unavailable,unavailable,unavailable
yune,track-b-product,jyut6ping3_mobile,session_create_select_destroy,,16,5,schema_config_load,13,unavailable,unavailable,unavailable
yune,track-b-product,jyut6ping3_mobile,session_create_select_destroy,,16,6,filter_install,13,unavailable,unavailable,unavailable
yune,track-b-product,jyut6ping3_mobile,session_create_select_destroy,,16,7,userdb_open_or_sync,0,unavailable,unavailable,unavailable
yune,track-b-product,jyut6ping3_mobile,session_create_select_destroy,,16,8,session_create,566,unavailable,unavailable,unavailable
yune,track-b-product,jyut6ping3_mobile,session_create_select_destroy,,16,9,schema_config_load,347,unavailable,unavailable,unavailable
yune,track-b-product,jyut6ping3_mobile,session_create_select_destroy,,16,10,schema_switch_options,3,unavailable,unavailable,unavailable
yune,track-b-product,jyut6ping3_mobile,session_create_select_destroy,,16,11,processor_install,3952,unavailable,unavailable,unavailable
yune,track-b-product,jyut6ping3_mobile,session_create_select_destroy,,16,12,schema_config_load,325,unavailable,unavailable,unavailable
yune,track-b-product,jyut6ping3_mobile,session_create_select_destroy,,16,13,translator_install,1235,unavailable,unavailable,unavailable
yune,track-b-product,jyut6ping3_mobile,session_create_select_destroy,,16,14,schema_config_load,335,unavailable,unavailable,unavailable
yune,track-b-product,jyut6ping3_mobile,session_create_select_destroy,,16,15,dictionary_lookup_records_cache_hit,0,unavailable,unavailable,unavailable
yune,track-b-product,jyut6ping3_mobile,session_create_select_destroy,,16,16,dictionary_lookup_records_load,5142,unavailable,unavailable,unavailable
yune,track-b-product,jyut6ping3_mobile,session_create_select_destroy,,16,17,filter_install,9976,unavailable,unavailable,unavailable
yune,track-b-product,jyut6ping3_mobile,session_create_select_destroy,,16,18,userdb_open_or_sync,19,unavailable,unavailable,unavailable
yune,track-b-product,jyut6ping3_mobile,session_create_select_destroy,,16,19,schema_select,16559,unavailable,unavailable,unavailable
yune,track-b-product,jyut6ping3_mobile,session_create_select_destroy,,16,20,session_destroy,44,unavailable,unavailable,unavailable
yune,track-b-product,jyut6ping3_mobile,session_create_select_destroy,,17,0,schema_config_load,14,unavailable,unavailable,unavailable
yune,track-b-product,jyut6ping3_mobile,session_create_select_destroy,,17,1,schema_switch_options,0,unavailable,unavailable,unavailable
yune,track-b-product,jyut6ping3_mobile,session_create_select_destroy,,17,2,processor_install,132,unavailable,unavailable,unavailable
yune,track-b-product,jyut6ping3_mobile,session_create_select_destroy,,17,3,schema_config_load,12,unavailable,unavailable,unavailable
yune,track-b-product,jyut6ping3_mobile,session_create_select_destroy,,17,4,translator_install,13,unavailable,unavailable,unavailable
yune,track-b-product,jyut6ping3_mobile,session_create_select_destroy,,17,5,schema_config_load,12,unavailable,unavailable,unavailable
yune,track-b-product,jyut6ping3_mobile,session_create_select_destroy,,17,6,filter_install,13,unavailable,unavailable,unavailable
yune,track-b-product,jyut6ping3_mobile,session_create_select_destroy,,17,7,userdb_open_or_sync,0,unavailable,unavailable,unavailable
yune,track-b-product,jyut6ping3_mobile,session_create_select_destroy,,17,8,session_create,501,unavailable,unavailable,unavailable
yune,track-b-product,jyut6ping3_mobile,session_create_select_destroy,,17,9,schema_config_load,333,unavailable,unavailable,unavailable
yune,track-b-product,jyut6ping3_mobile,session_create_select_destroy,,17,10,schema_switch_options,3,unavailable,unavailable,unavailable
yune,track-b-product,jyut6ping3_mobile,session_create_select_destroy,,17,11,processor_install,3910,unavailable,unavailable,unavailable
yune,track-b-product,jyut6ping3_mobile,session_create_select_destroy,,17,12,schema_config_load,315,unavailable,unavailable,unavailable
yune,track-b-product,jyut6ping3_mobile,session_create_select_destroy,,17,13,translator_install,1228,unavailable,unavailable,unavailable
yune,track-b-product,jyut6ping3_mobile,session_create_select_destroy,,17,14,schema_config_load,334,unavailable,unavailable,unavailable
yune,track-b-product,jyut6ping3_mobile,session_create_select_destroy,,17,15,dictionary_lookup_records_cache_hit,0,unavailable,unavailable,unavailable
yune,track-b-product,jyut6ping3_mobile,session_create_select_destroy,,17,16,dictionary_lookup_records_load,5131,unavailable,unavailable,unavailable
yune,track-b-product,jyut6ping3_mobile,session_create_select_destroy,,17,17,filter_install,10017,unavailable,unavailable,unavailable
yune,track-b-product,jyut6ping3_mobile,session_create_select_destroy,,17,18,userdb_open_or_sync,16,unavailable,unavailable,unavailable
yune,track-b-product,jyut6ping3_mobile,session_create_select_destroy,,17,19,schema_select,16483,unavailable,unavailable,unavailable
yune,track-b-product,jyut6ping3_mobile,session_create_select_destroy,,17,20,session_destroy,52,unavailable,unavailable,unavailable
yune,track-b-product,jyut6ping3_mobile,session_create_select_destroy,,18,0,schema_config_load,15,unavailable,unavailable,unavailable
yune,track-b-product,jyut6ping3_mobile,session_create_select_destroy,,18,1,schema_switch_options,0,unavailable,unavailable,unavailable
yune,track-b-product,jyut6ping3_mobile,session_create_select_destroy,,18,2,processor_install,138,unavailable,unavailable,unavailable
yune,track-b-product,jyut6ping3_mobile,session_create_select_destroy,,18,3,schema_config_load,12,unavailable,unavailable,unavailable
yune,track-b-product,jyut6ping3_mobile,session_create_select_destroy,,18,4,translator_install,13,unavailable,unavailable,unavailable
yune,track-b-product,jyut6ping3_mobile,session_create_select_destroy,,18,5,schema_config_load,12,unavailable,unavailable,unavailable
yune,track-b-product,jyut6ping3_mobile,session_create_select_destroy,,18,6,filter_install,13,unavailable,unavailable,unavailable
yune,track-b-product,jyut6ping3_mobile,session_create_select_destroy,,18,7,userdb_open_or_sync,0,unavailable,unavailable,unavailable
yune,track-b-product,jyut6ping3_mobile,session_create_select_destroy,,18,8,session_create,537,unavailable,unavailable,unavailable
yune,track-b-product,jyut6ping3_mobile,session_create_select_destroy,,18,9,schema_config_load,340,unavailable,unavailable,unavailable
yune,track-b-product,jyut6ping3_mobile,session_create_select_destroy,,18,10,schema_switch_options,3,unavailable,unavailable,unavailable
yune,track-b-product,jyut6ping3_mobile,session_create_select_destroy,,18,11,processor_install,3898,unavailable,unavailable,unavailable
yune,track-b-product,jyut6ping3_mobile,session_create_select_destroy,,18,12,schema_config_load,312,unavailable,unavailable,unavailable
yune,track-b-product,jyut6ping3_mobile,session_create_select_destroy,,18,13,translator_install,1234,unavailable,unavailable,unavailable
yune,track-b-product,jyut6ping3_mobile,session_create_select_destroy,,18,14,schema_config_load,322,unavailable,unavailable,unavailable
yune,track-b-product,jyut6ping3_mobile,session_create_select_destroy,,18,15,dictionary_lookup_records_cache_hit,0,unavailable,unavailable,unavailable
yune,track-b-product,jyut6ping3_mobile,session_create_select_destroy,,18,16,dictionary_lookup_records_load,5116,unavailable,unavailable,unavailable
yune,track-b-product,jyut6ping3_mobile,session_create_select_destroy,,18,17,filter_install,10086,unavailable,unavailable,unavailable
yune,track-b-product,jyut6ping3_mobile,session_create_select_destroy,,18,18,userdb_open_or_sync,23,unavailable,unavailable,unavailable
yune,track-b-product,jyut6ping3_mobile,session_create_select_destroy,,18,19,schema_select,16597,unavailable,unavailable,unavailable
yune,track-b-product,jyut6ping3_mobile,session_create_select_destroy,,18,20,session_destroy,56,unavailable,unavailable,unavailable
yune,track-b-product,jyut6ping3_mobile,session_create_select_destroy,,19,0,schema_config_load,16,unavailable,unavailable,unavailable
yune,track-b-product,jyut6ping3_mobile,session_create_select_destroy,,19,1,schema_switch_options,0,unavailable,unavailable,unavailable
yune,track-b-product,jyut6ping3_mobile,session_create_select_destroy,,19,2,processor_install,140,unavailable,unavailable,unavailable
yune,track-b-product,jyut6ping3_mobile,session_create_select_destroy,,19,3,schema_config_load,13,unavailable,unavailable,unavailable
yune,track-b-product,jyut6ping3_mobile,session_create_select_destroy,,19,4,translator_install,13,unavailable,unavailable,unavailable
yune,track-b-product,jyut6ping3_mobile,session_create_select_destroy,,19,5,schema_config_load,13,unavailable,unavailable,unavailable
yune,track-b-product,jyut6ping3_mobile,session_create_select_destroy,,19,6,filter_install,13,unavailable,unavailable,unavailable
yune,track-b-product,jyut6ping3_mobile,session_create_select_destroy,,19,7,userdb_open_or_sync,0,unavailable,unavailable,unavailable
yune,track-b-product,jyut6ping3_mobile,session_create_select_destroy,,19,8,session_create,564,unavailable,unavailable,unavailable
yune,track-b-product,jyut6ping3_mobile,session_create_select_destroy,,19,9,schema_config_load,350,unavailable,unavailable,unavailable
yune,track-b-product,jyut6ping3_mobile,session_create_select_destroy,,19,10,schema_switch_options,3,unavailable,unavailable,unavailable
yune,track-b-product,jyut6ping3_mobile,session_create_select_destroy,,19,11,processor_install,3863,unavailable,unavailable,unavailable
yune,track-b-product,jyut6ping3_mobile,session_create_select_destroy,,19,12,schema_config_load,313,unavailable,unavailable,unavailable
yune,track-b-product,jyut6ping3_mobile,session_create_select_destroy,,19,13,translator_install,1222,unavailable,unavailable,unavailable
yune,track-b-product,jyut6ping3_mobile,session_create_select_destroy,,19,14,schema_config_load,322,unavailable,unavailable,unavailable
yune,track-b-product,jyut6ping3_mobile,session_create_select_destroy,,19,15,dictionary_lookup_records_cache_hit,0,unavailable,unavailable,unavailable
yune,track-b-product,jyut6ping3_mobile,session_create_select_destroy,,19,16,dictionary_lookup_records_load,5360,unavailable,unavailable,unavailable
yune,track-b-product,jyut6ping3_mobile,session_create_select_destroy,,19,17,filter_install,10350,unavailable,unavailable,unavailable
yune,track-b-product,jyut6ping3_mobile,session_create_select_destroy,,19,18,userdb_open_or_sync,35,unavailable,unavailable,unavailable
yune,track-b-product,jyut6ping3_mobile,session_create_select_destroy,,19,19,schema_select,16841,unavailable,unavailable,unavailable
yune,track-b-product,jyut6ping3_mobile,session_create_select_destroy,,19,20,session_destroy,64,unavailable,unavailable,unavailable
yune,track-b-product,jyut6ping3_mobile,session_create_select_destroy,,20,0,schema_config_load,14,unavailable,unavailable,unavailable
yune,track-b-product,jyut6ping3_mobile,session_create_select_destroy,,20,1,schema_switch_options,0,unavailable,unavailable,unavailable
yune,track-b-product,jyut6ping3_mobile,session_create_select_destroy,,20,2,processor_install,143,unavailable,unavailable,unavailable
yune,track-b-product,jyut6ping3_mobile,session_create_select_destroy,,20,3,schema_config_load,13,unavailable,unavailable,unavailable
yune,track-b-product,jyut6ping3_mobile,session_create_select_destroy,,20,4,translator_install,14,unavailable,unavailable,unavailable
yune,track-b-product,jyut6ping3_mobile,session_create_select_destroy,,20,5,schema_config_load,14,unavailable,unavailable,unavailable
yune,track-b-product,jyut6ping3_mobile,session_create_select_destroy,,20,6,filter_install,14,unavailable,unavailable,unavailable
yune,track-b-product,jyut6ping3_mobile,session_create_select_destroy,,20,7,userdb_open_or_sync,0,unavailable,unavailable,unavailable
yune,track-b-product,jyut6ping3_mobile,session_create_select_destroy,,20,8,session_create,612,unavailable,unavailable,unavailable
yune,track-b-product,jyut6ping3_mobile,session_create_select_destroy,,20,9,schema_config_load,376,unavailable,unavailable,unavailable
yune,track-b-product,jyut6ping3_mobile,session_create_select_destroy,,20,10,schema_switch_options,4,unavailable,unavailable,unavailable
yune,track-b-product,jyut6ping3_mobile,session_create_select_destroy,,20,11,processor_install,4393,unavailable,unavailable,unavailable
yune,track-b-product,jyut6ping3_mobile,session_create_select_destroy,,20,12,schema_config_load,593,unavailable,unavailable,unavailable
yune,track-b-product,jyut6ping3_mobile,session_create_select_destroy,,20,13,translator_install,1993,unavailable,unavailable,unavailable
yune,track-b-product,jyut6ping3_mobile,session_create_select_destroy,,20,14,schema_config_load,429,unavailable,unavailable,unavailable
yune,track-b-product,jyut6ping3_mobile,session_create_select_destroy,,20,15,dictionary_lookup_records_cache_hit,0,unavailable,unavailable,unavailable
yune,track-b-product,jyut6ping3_mobile,session_create_select_destroy,,20,16,dictionary_lookup_records_load,5243,unavailable,unavailable,unavailable
yune,track-b-product,jyut6ping3_mobile,session_create_select_destroy,,20,17,filter_install,10483,unavailable,unavailable,unavailable
yune,track-b-product,jyut6ping3_mobile,session_create_select_destroy,,20,18,userdb_open_or_sync,24,unavailable,unavailable,unavailable
yune,track-b-product,jyut6ping3_mobile,session_create_select_destroy,,20,19,schema_select,18484,unavailable,unavailable,unavailable
yune,track-b-product,jyut6ping3_mobile,session_create_select_destroy,,20,20,session_destroy,60,unavailable,unavailable,unavailable
yune,track-b-product,jyut6ping3_mobile,session_create_select_destroy,,21,0,schema_config_load,14,unavailable,unavailable,unavailable
yune,track-b-product,jyut6ping3_mobile,session_create_select_destroy,,21,1,schema_switch_options,0,unavailable,unavailable,unavailable
yune,track-b-product,jyut6ping3_mobile,session_create_select_destroy,,21,2,processor_install,145,unavailable,unavailable,unavailable
yune,track-b-product,jyut6ping3_mobile,session_create_select_destroy,,21,3,schema_config_load,13,unavailable,unavailable,unavailable
yune,track-b-product,jyut6ping3_mobile,session_create_select_destroy,,21,4,translator_install,13,unavailable,unavailable,unavailable
yune,track-b-product,jyut6ping3_mobile,session_create_select_destroy,,21,5,schema_config_load,13,unavailable,unavailable,unavailable
yune,track-b-product,jyut6ping3_mobile,session_create_select_destroy,,21,6,filter_install,14,unavailable,unavailable,unavailable
yune,track-b-product,jyut6ping3_mobile,session_create_select_destroy,,21,7,userdb_open_or_sync,0,unavailable,unavailable,unavailable
yune,track-b-product,jyut6ping3_mobile,session_create_select_destroy,,21,8,session_create,585,unavailable,unavailable,unavailable
yune,track-b-product,jyut6ping3_mobile,session_create_select_destroy,,21,9,schema_config_load,354,unavailable,unavailable,unavailable
yune,track-b-product,jyut6ping3_mobile,session_create_select_destroy,,21,10,schema_switch_options,3,unavailable,unavailable,unavailable
yune,track-b-product,jyut6ping3_mobile,session_create_select_destroy,,21,11,processor_install,3988,unavailable,unavailable,unavailable
yune,track-b-product,jyut6ping3_mobile,session_create_select_destroy,,21,12,schema_config_load,321,unavailable,unavailable,unavailable
yune,track-b-product,jyut6ping3_mobile,session_create_select_destroy,,21,13,translator_install,1275,unavailable,unavailable,unavailable
yune,track-b-product,jyut6ping3_mobile,session_create_select_destroy,,21,14,schema_config_load,324,unavailable,unavailable,unavailable
yune,track-b-product,jyut6ping3_mobile,session_create_select_destroy,,21,15,dictionary_lookup_records_cache_hit,0,unavailable,unavailable,unavailable
yune,track-b-product,jyut6ping3_mobile,session_create_select_destroy,,21,16,dictionary_lookup_records_load,5328,unavailable,unavailable,unavailable
yune,track-b-product,jyut6ping3_mobile,session_create_select_destroy,,21,17,filter_install,10405,unavailable,unavailable,unavailable
yune,track-b-product,jyut6ping3_mobile,session_create_select_destroy,,21,18,userdb_open_or_sync,33,unavailable,unavailable,unavailable
yune,track-b-product,jyut6ping3_mobile,session_create_select_destroy,,21,19,schema_select,17163,unavailable,unavailable,unavailable
yune,track-b-product,jyut6ping3_mobile,session_create_select_destroy,,21,20,session_destroy,65,unavailable,unavailable,unavailable
yune,track-b-product,jyut6ping3_mobile,session_create_select_destroy,,22,0,schema_config_load,17,unavailable,unavailable,unavailable
yune,track-b-product,jyut6ping3_mobile,session_create_select_destroy,,22,1,schema_switch_options,0,unavailable,unavailable,unavailable
yune,track-b-product,jyut6ping3_mobile,session_create_select_destroy,,22,2,processor_install,155,unavailable,unavailable,unavailable
yune,track-b-product,jyut6ping3_mobile,session_create_select_destroy,,22,3,schema_config_load,13,unavailable,unavailable,unavailable
yune,track-b-product,jyut6ping3_mobile,session_create_select_destroy,,22,4,translator_install,13,unavailable,unavailable,unavailable
yune,track-b-product,jyut6ping3_mobile,session_create_select_destroy,,22,5,schema_config_load,13,unavailable,unavailable,unavailable
yune,track-b-product,jyut6ping3_mobile,session_create_select_destroy,,22,6,filter_install,13,unavailable,unavailable,unavailable
yune,track-b-product,jyut6ping3_mobile,session_create_select_destroy,,22,7,userdb_open_or_sync,0,unavailable,unavailable,unavailable
yune,track-b-product,jyut6ping3_mobile,session_create_select_destroy,,22,8,session_create,619,unavailable,unavailable,unavailable
yune,track-b-product,jyut6ping3_mobile,session_create_select_destroy,,22,9,schema_config_load,381,unavailable,unavailable,unavailable
yune,track-b-product,jyut6ping3_mobile,session_create_select_destroy,,22,10,schema_switch_options,3,unavailable,unavailable,unavailable
yune,track-b-product,jyut6ping3_mobile,session_create_select_destroy,,22,11,processor_install,4307,unavailable,unavailable,unavailable
yune,track-b-product,jyut6ping3_mobile,session_create_select_destroy,,22,12,schema_config_load,416,unavailable,unavailable,unavailable
yune,track-b-product,jyut6ping3_mobile,session_create_select_destroy,,22,13,translator_install,1623,unavailable,unavailable,unavailable
yune,track-b-product,jyut6ping3_mobile,session_create_select_destroy,,22,14,schema_config_load,462,unavailable,unavailable,unavailable
yune,track-b-product,jyut6ping3_mobile,session_create_select_destroy,,22,15,dictionary_lookup_records_cache_hit,0,unavailable,unavailable,unavailable
yune,track-b-product,jyut6ping3_mobile,session_create_select_destroy,,22,16,dictionary_lookup_records_load,5396,unavailable,unavailable,unavailable
yune,track-b-product,jyut6ping3_mobile,session_create_select_destroy,,22,17,filter_install,10814,unavailable,unavailable,unavailable
yune,track-b-product,jyut6ping3_mobile,session_create_select_destroy,,22,18,userdb_open_or_sync,28,unavailable,unavailable,unavailable
yune,track-b-product,jyut6ping3_mobile,session_create_select_destroy,,22,19,schema_select,18295,unavailable,unavailable,unavailable
yune,track-b-product,jyut6ping3_mobile,session_create_select_destroy,,22,20,session_destroy,57,unavailable,unavailable,unavailable
yune,track-b-product,jyut6ping3_mobile,session_create_select_destroy,,23,0,schema_config_load,17,unavailable,unavailable,unavailable
yune,track-b-product,jyut6ping3_mobile,session_create_select_destroy,,23,1,schema_switch_options,0,unavailable,unavailable,unavailable
yune,track-b-product,jyut6ping3_mobile,session_create_select_destroy,,23,2,processor_install,144,unavailable,unavailable,unavailable
yune,track-b-product,jyut6ping3_mobile,session_create_select_destroy,,23,3,schema_config_load,14,unavailable,unavailable,unavailable
yune,track-b-product,jyut6ping3_mobile,session_create_select_destroy,,23,4,translator_install,14,unavailable,unavailable,unavailable
yune,track-b-product,jyut6ping3_mobile,session_create_select_destroy,,23,5,schema_config_load,60,unavailable,unavailable,unavailable
yune,track-b-product,jyut6ping3_mobile,session_create_select_destroy,,23,6,filter_install,63,unavailable,unavailable,unavailable
yune,track-b-product,jyut6ping3_mobile,session_create_select_destroy,,23,7,userdb_open_or_sync,1,unavailable,unavailable,unavailable
yune,track-b-product,jyut6ping3_mobile,session_create_select_destroy,,23,8,session_create,646,unavailable,unavailable,unavailable
yune,track-b-product,jyut6ping3_mobile,session_create_select_destroy,,23,9,schema_config_load,482,unavailable,unavailable,unavailable
yune,track-b-product,jyut6ping3_mobile,session_create_select_destroy,,23,10,schema_switch_options,3,unavailable,unavailable,unavailable
yune,track-b-product,jyut6ping3_mobile,session_create_select_destroy,,23,11,processor_install,4274,unavailable,unavailable,unavailable
yune,track-b-product,jyut6ping3_mobile,session_create_select_destroy,,23,12,schema_config_load,324,unavailable,unavailable,unavailable
yune,track-b-product,jyut6ping3_mobile,session_create_select_destroy,,23,13,translator_install,1338,unavailable,unavailable,unavailable
yune,track-b-product,jyut6ping3_mobile,session_create_select_destroy,,23,14,schema_config_load,340,unavailable,unavailable,unavailable
yune,track-b-product,jyut6ping3_mobile,session_create_select_destroy,,23,15,dictionary_lookup_records_cache_hit,0,unavailable,unavailable,unavailable
yune,track-b-product,jyut6ping3_mobile,session_create_select_destroy,,23,16,dictionary_lookup_records_load,5244,unavailable,unavailable,unavailable
yune,track-b-product,jyut6ping3_mobile,session_create_select_destroy,,23,17,filter_install,10417,unavailable,unavailable,unavailable
yune,track-b-product,jyut6ping3_mobile,session_create_select_destroy,,23,18,userdb_open_or_sync,30,unavailable,unavailable,unavailable
yune,track-b-product,jyut6ping3_mobile,session_create_select_destroy,,23,19,schema_select,17718,unavailable,unavailable,unavailable
yune,track-b-product,jyut6ping3_mobile,session_create_select_destroy,,23,20,session_destroy,60,unavailable,unavailable,unavailable
yune,track-b-product,jyut6ping3_mobile,session_create_select_destroy,,24,0,schema_config_load,14,unavailable,unavailable,unavailable
yune,track-b-product,jyut6ping3_mobile,session_create_select_destroy,,24,1,schema_switch_options,0,unavailable,unavailable,unavailable
yune,track-b-product,jyut6ping3_mobile,session_create_select_destroy,,24,2,processor_install,147,unavailable,unavailable,unavailable
yune,track-b-product,jyut6ping3_mobile,session_create_select_destroy,,24,3,schema_config_load,13,unavailable,unavailable,unavailable
yune,track-b-product,jyut6ping3_mobile,session_create_select_destroy,,24,4,translator_install,13,unavailable,unavailable,unavailable
yune,track-b-product,jyut6ping3_mobile,session_create_select_destroy,,24,5,schema_config_load,13,unavailable,unavailable,unavailable
yune,track-b-product,jyut6ping3_mobile,session_create_select_destroy,,24,6,filter_install,13,unavailable,unavailable,unavailable
yune,track-b-product,jyut6ping3_mobile,session_create_select_destroy,,24,7,userdb_open_or_sync,0,unavailable,unavailable,unavailable
yune,track-b-product,jyut6ping3_mobile,session_create_select_destroy,,24,8,session_create,575,unavailable,unavailable,unavailable
yune,track-b-product,jyut6ping3_mobile,session_create_select_destroy,,24,9,schema_config_load,359,unavailable,unavailable,unavailable
yune,track-b-product,jyut6ping3_mobile,session_create_select_destroy,,24,10,schema_switch_options,3,unavailable,unavailable,unavailable
yune,track-b-product,jyut6ping3_mobile,session_create_select_destroy,,24,11,processor_install,4015,unavailable,unavailable,unavailable
yune,track-b-product,jyut6ping3_mobile,session_create_select_destroy,,24,12,schema_config_load,320,unavailable,unavailable,unavailable
yune,track-b-product,jyut6ping3_mobile,session_create_select_destroy,,24,13,translator_install,1854,unavailable,unavailable,unavailable
yune,track-b-product,jyut6ping3_mobile,session_create_select_destroy,,24,14,schema_config_load,387,unavailable,unavailable,unavailable
yune,track-b-product,jyut6ping3_mobile,session_create_select_destroy,,24,15,dictionary_lookup_records_cache_hit,0,unavailable,unavailable,unavailable
yune,track-b-product,jyut6ping3_mobile,session_create_select_destroy,,24,16,dictionary_lookup_records_load,5235,unavailable,unavailable,unavailable
yune,track-b-product,jyut6ping3_mobile,session_create_select_destroy,,24,17,filter_install,10351,unavailable,unavailable,unavailable
yune,track-b-product,jyut6ping3_mobile,session_create_select_destroy,,24,18,userdb_open_or_sync,20,unavailable,unavailable,unavailable
yune,track-b-product,jyut6ping3_mobile,session_create_select_destroy,,24,19,schema_select,17666,unavailable,unavailable,unavailable
yune,track-b-product,jyut6ping3_mobile,session_create_select_destroy,,24,20,session_destroy,54,unavailable,unavailable,unavailable
yune,track-b-product,jyut6ping3_mobile,session_create_select_destroy,,25,0,schema_config_load,15,unavailable,unavailable,unavailable
yune,track-b-product,jyut6ping3_mobile,session_create_select_destroy,,25,1,schema_switch_options,0,unavailable,unavailable,unavailable
yune,track-b-product,jyut6ping3_mobile,session_create_select_destroy,,25,2,processor_install,151,unavailable,unavailable,unavailable
yune,track-b-product,jyut6ping3_mobile,session_create_select_destroy,,25,3,schema_config_load,12,unavailable,unavailable,unavailable
yune,track-b-product,jyut6ping3_mobile,session_create_select_destroy,,25,4,translator_install,13,unavailable,unavailable,unavailable
yune,track-b-product,jyut6ping3_mobile,session_create_select_destroy,,25,5,schema_config_load,13,unavailable,unavailable,unavailable
yune,track-b-product,jyut6ping3_mobile,session_create_select_destroy,,25,6,filter_install,13,unavailable,unavailable,unavailable
yune,track-b-product,jyut6ping3_mobile,session_create_select_destroy,,25,7,userdb_open_or_sync,0,unavailable,unavailable,unavailable
yune,track-b-product,jyut6ping3_mobile,session_create_select_destroy,,25,8,session_create,576,unavailable,unavailable,unavailable
yune,track-b-product,jyut6ping3_mobile,session_create_select_destroy,,25,9,schema_config_load,361,unavailable,unavailable,unavailable
yune,track-b-product,jyut6ping3_mobile,session_create_select_destroy,,25,10,schema_switch_options,3,unavailable,unavailable,unavailable
yune,track-b-product,jyut6ping3_mobile,session_create_select_destroy,,25,11,processor_install,4132,unavailable,unavailable,unavailable
yune,track-b-product,jyut6ping3_mobile,session_create_select_destroy,,25,12,schema_config_load,319,unavailable,unavailable,unavailable
yune,track-b-product,jyut6ping3_mobile,session_create_select_destroy,,25,13,translator_install,1289,unavailable,unavailable,unavailable
yune,track-b-product,jyut6ping3_mobile,session_create_select_destroy,,25,14,schema_config_load,329,unavailable,unavailable,unavailable
yune,track-b-product,jyut6ping3_mobile,session_create_select_destroy,,25,15,dictionary_lookup_records_cache_hit,0,unavailable,unavailable,unavailable
yune,track-b-product,jyut6ping3_mobile,session_create_select_destroy,,25,16,dictionary_lookup_records_load,5250,unavailable,unavailable,unavailable
yune,track-b-product,jyut6ping3_mobile,session_create_select_destroy,,25,17,filter_install,10336,unavailable,unavailable,unavailable
yune,track-b-product,jyut6ping3_mobile,session_create_select_destroy,,25,18,userdb_open_or_sync,18,unavailable,unavailable,unavailable
yune,track-b-product,jyut6ping3_mobile,session_create_select_destroy,,25,19,schema_select,17223,unavailable,unavailable,unavailable
yune,track-b-product,jyut6ping3_mobile,session_create_select_destroy,,25,20,session_destroy,56,unavailable,unavailable,unavailable
yune,track-b-product,jyut6ping3_mobile,session_create_select_destroy,,26,0,schema_config_load,14,unavailable,unavailable,unavailable
yune,track-b-product,jyut6ping3_mobile,session_create_select_destroy,,26,1,schema_switch_options,0,unavailable,unavailable,unavailable
yune,track-b-product,jyut6ping3_mobile,session_create_select_destroy,,26,2,processor_install,158,unavailable,unavailable,unavailable
yune,track-b-product,jyut6ping3_mobile,session_create_select_destroy,,26,3,schema_config_load,13,unavailable,unavailable,unavailable
yune,track-b-product,jyut6ping3_mobile,session_create_select_destroy,,26,4,translator_install,13,unavailable,unavailable,unavailable
yune,track-b-product,jyut6ping3_mobile,session_create_select_destroy,,26,5,schema_config_load,13,unavailable,unavailable,unavailable
yune,track-b-product,jyut6ping3_mobile,session_create_select_destroy,,26,6,filter_install,13,unavailable,unavailable,unavailable
yune,track-b-product,jyut6ping3_mobile,session_create_select_destroy,,26,7,userdb_open_or_sync,0,unavailable,unavailable,unavailable
yune,track-b-product,jyut6ping3_mobile,session_create_select_destroy,,26,8,session_create,583,unavailable,unavailable,unavailable
yune,track-b-product,jyut6ping3_mobile,session_create_select_destroy,,26,9,schema_config_load,370,unavailable,unavailable,unavailable
yune,track-b-product,jyut6ping3_mobile,session_create_select_destroy,,26,10,schema_switch_options,3,unavailable,unavailable,unavailable
yune,track-b-product,jyut6ping3_mobile,session_create_select_destroy,,26,11,processor_install,4770,unavailable,unavailable,unavailable
yune,track-b-product,jyut6ping3_mobile,session_create_select_destroy,,26,12,schema_config_load,324,unavailable,unavailable,unavailable
yune,track-b-product,jyut6ping3_mobile,session_create_select_destroy,,26,13,translator_install,1399,unavailable,unavailable,unavailable
yune,track-b-product,jyut6ping3_mobile,session_create_select_destroy,,26,14,schema_config_load,364,unavailable,unavailable,unavailable
yune,track-b-product,jyut6ping3_mobile,session_create_select_destroy,,26,15,dictionary_lookup_records_cache_hit,0,unavailable,unavailable,unavailable
yune,track-b-product,jyut6ping3_mobile,session_create_select_destroy,,26,16,dictionary_lookup_records_load,5319,unavailable,unavailable,unavailable
yune,track-b-product,jyut6ping3_mobile,session_create_select_destroy,,26,17,filter_install,10424,unavailable,unavailable,unavailable
yune,track-b-product,jyut6ping3_mobile,session_create_select_destroy,,26,18,userdb_open_or_sync,21,unavailable,unavailable,unavailable
yune,track-b-product,jyut6ping3_mobile,session_create_select_destroy,,26,19,schema_select,18060,unavailable,unavailable,unavailable
yune,track-b-product,jyut6ping3_mobile,session_create_select_destroy,,26,20,session_destroy,62,unavailable,unavailable,unavailable
yune,track-b-product,jyut6ping3_mobile,session_create_select_destroy,,27,0,schema_config_load,14,unavailable,unavailable,unavailable
yune,track-b-product,jyut6ping3_mobile,session_create_select_destroy,,27,1,schema_switch_options,0,unavailable,unavailable,unavailable
yune,track-b-product,jyut6ping3_mobile,session_create_select_destroy,,27,2,processor_install,138,unavailable,unavailable,unavailable
yune,track-b-product,jyut6ping3_mobile,session_create_select_destroy,,27,3,schema_config_load,12,unavailable,unavailable,unavailable
yune,track-b-product,jyut6ping3_mobile,session_create_select_destroy,,27,4,translator_install,13,unavailable,unavailable,unavailable
yune,track-b-product,jyut6ping3_mobile,session_create_select_destroy,,27,5,schema_config_load,13,unavailable,unavailable,unavailable
yune,track-b-product,jyut6ping3_mobile,session_create_select_destroy,,27,6,filter_install,13,unavailable,unavailable,unavailable
yune,track-b-product,jyut6ping3_mobile,session_create_select_destroy,,27,7,userdb_open_or_sync,0,unavailable,unavailable,unavailable
yune,track-b-product,jyut6ping3_mobile,session_create_select_destroy,,27,8,session_create,599,unavailable,unavailable,unavailable
yune,track-b-product,jyut6ping3_mobile,session_create_select_destroy,,27,9,schema_config_load,382,unavailable,unavailable,unavailable
yune,track-b-product,jyut6ping3_mobile,session_create_select_destroy,,27,10,schema_switch_options,4,unavailable,unavailable,unavailable
yune,track-b-product,jyut6ping3_mobile,session_create_select_destroy,,27,11,processor_install,3993,unavailable,unavailable,unavailable
yune,track-b-product,jyut6ping3_mobile,session_create_select_destroy,,27,12,schema_config_load,319,unavailable,unavailable,unavailable
yune,track-b-product,jyut6ping3_mobile,session_create_select_destroy,,27,13,translator_install,1279,unavailable,unavailable,unavailable
yune,track-b-product,jyut6ping3_mobile,session_create_select_destroy,,27,14,schema_config_load,327,unavailable,unavailable,unavailable
yune,track-b-product,jyut6ping3_mobile,session_create_select_destroy,,27,15,dictionary_lookup_records_cache_hit,0,unavailable,unavailable,unavailable
yune,track-b-product,jyut6ping3_mobile,session_create_select_destroy,,27,16,dictionary_lookup_records_load,5179,unavailable,unavailable,unavailable
yune,track-b-product,jyut6ping3_mobile,session_create_select_destroy,,27,17,filter_install,10282,unavailable,unavailable,unavailable
yune,track-b-product,jyut6ping3_mobile,session_create_select_destroy,,27,18,userdb_open_or_sync,17,unavailable,unavailable,unavailable
yune,track-b-product,jyut6ping3_mobile,session_create_select_destroy,,27,19,schema_select,17085,unavailable,unavailable,unavailable
yune,track-b-product,jyut6ping3_mobile,session_create_select_destroy,,27,20,session_destroy,54,unavailable,unavailable,unavailable
yune,track-b-product,jyut6ping3_mobile,session_create_select_destroy,,28,0,schema_config_load,13,unavailable,unavailable,unavailable
yune,track-b-product,jyut6ping3_mobile,session_create_select_destroy,,28,1,schema_switch_options,0,unavailable,unavailable,unavailable
yune,track-b-product,jyut6ping3_mobile,session_create_select_destroy,,28,2,processor_install,154,unavailable,unavailable,unavailable
yune,track-b-product,jyut6ping3_mobile,session_create_select_destroy,,28,3,schema_config_load,13,unavailable,unavailable,unavailable
yune,track-b-product,jyut6ping3_mobile,session_create_select_destroy,,28,4,translator_install,13,unavailable,unavailable,unavailable
yune,track-b-product,jyut6ping3_mobile,session_create_select_destroy,,28,5,schema_config_load,13,unavailable,unavailable,unavailable
yune,track-b-product,jyut6ping3_mobile,session_create_select_destroy,,28,6,filter_install,13,unavailable,unavailable,unavailable
yune,track-b-product,jyut6ping3_mobile,session_create_select_destroy,,28,7,userdb_open_or_sync,0,unavailable,unavailable,unavailable
yune,track-b-product,jyut6ping3_mobile,session_create_select_destroy,,28,8,session_create,542,unavailable,unavailable,unavailable
yune,track-b-product,jyut6ping3_mobile,session_create_select_destroy,,28,9,schema_config_load,340,unavailable,unavailable,unavailable
yune,track-b-product,jyut6ping3_mobile,session_create_select_destroy,,28,10,schema_switch_options,3,unavailable,unavailable,unavailable
yune,track-b-product,jyut6ping3_mobile,session_create_select_destroy,,28,11,processor_install,3956,unavailable,unavailable,unavailable
yune,track-b-product,jyut6ping3_mobile,session_create_select_destroy,,28,12,schema_config_load,318,unavailable,unavailable,unavailable
yune,track-b-product,jyut6ping3_mobile,session_create_select_destroy,,28,13,translator_install,1266,unavailable,unavailable,unavailable
yune,track-b-product,jyut6ping3_mobile,session_create_select_destroy,,28,14,schema_config_load,335,unavailable,unavailable,unavailable
yune,track-b-product,jyut6ping3_mobile,session_create_select_destroy,,28,15,dictionary_lookup_records_cache_hit,0,unavailable,unavailable,unavailable
yune,track-b-product,jyut6ping3_mobile,session_create_select_destroy,,28,16,dictionary_lookup_records_load,5208,unavailable,unavailable,unavailable
yune,track-b-product,jyut6ping3_mobile,session_create_select_destroy,,28,17,filter_install,10302,unavailable,unavailable,unavailable
yune,track-b-product,jyut6ping3_mobile,session_create_select_destroy,,28,18,userdb_open_or_sync,16,unavailable,unavailable,unavailable
yune,track-b-product,jyut6ping3_mobile,session_create_select_destroy,,28,19,schema_select,16901,unavailable,unavailable,unavailable
yune,track-b-product,jyut6ping3_mobile,session_create_select_destroy,,28,20,session_destroy,55,unavailable,unavailable,unavailable
yune,track-b-product,jyut6ping3_mobile,session_create_select_destroy,,29,0,schema_config_load,15,unavailable,unavailable,unavailable
yune,track-b-product,jyut6ping3_mobile,session_create_select_destroy,,29,1,schema_switch_options,0,unavailable,unavailable,unavailable
yune,track-b-product,jyut6ping3_mobile,session_create_select_destroy,,29,2,processor_install,188,unavailable,unavailable,unavailable
yune,track-b-product,jyut6ping3_mobile,session_create_select_destroy,,29,3,schema_config_load,13,unavailable,unavailable,unavailable
yune,track-b-product,jyut6ping3_mobile,session_create_select_destroy,,29,4,translator_install,13,unavailable,unavailable,unavailable
yune,track-b-product,jyut6ping3_mobile,session_create_select_destroy,,29,5,schema_config_load,13,unavailable,unavailable,unavailable
yune,track-b-product,jyut6ping3_mobile,session_create_select_destroy,,29,6,filter_install,14,unavailable,unavailable,unavailable
yune,track-b-product,jyut6ping3_mobile,session_create_select_destroy,,29,7,userdb_open_or_sync,0,unavailable,unavailable,unavailable
yune,track-b-product,jyut6ping3_mobile,session_create_select_destroy,,29,8,session_create,584,unavailable,unavailable,unavailable
yune,track-b-product,jyut6ping3_mobile,session_create_select_destroy,,29,9,schema_config_load,348,unavailable,unavailable,unavailable
yune,track-b-product,jyut6ping3_mobile,session_create_select_destroy,,29,10,schema_switch_options,3,unavailable,unavailable,unavailable
yune,track-b-product,jyut6ping3_mobile,session_create_select_destroy,,29,11,processor_install,3971,unavailable,unavailable,unavailable
yune,track-b-product,jyut6ping3_mobile,session_create_select_destroy,,29,12,schema_config_load,319,unavailable,unavailable,unavailable
yune,track-b-product,jyut6ping3_mobile,session_create_select_destroy,,29,13,translator_install,1250,unavailable,unavailable,unavailable
yune,track-b-product,jyut6ping3_mobile,session_create_select_destroy,,29,14,schema_config_load,352,unavailable,unavailable,unavailable
yune,track-b-product,jyut6ping3_mobile,session_create_select_destroy,,29,15,dictionary_lookup_records_cache_hit,0,unavailable,unavailable,unavailable
yune,track-b-product,jyut6ping3_mobile,session_create_select_destroy,,29,16,dictionary_lookup_records_load,5170,unavailable,unavailable,unavailable
yune,track-b-product,jyut6ping3_mobile,session_create_select_destroy,,29,17,filter_install,10320,unavailable,unavailable,unavailable
yune,track-b-product,jyut6ping3_mobile,session_create_select_destroy,,29,18,userdb_open_or_sync,17,unavailable,unavailable,unavailable
yune,track-b-product,jyut6ping3_mobile,session_create_select_destroy,,29,19,schema_select,16994,unavailable,unavailable,unavailable
yune,track-b-product,jyut6ping3_mobile,session_create_select_destroy,,29,20,session_destroy,54,unavailable,unavailable,unavailable
yune,track-b-product,jyut6ping3_mobile,session_create_select_destroy,,30,0,schema_config_load,14,unavailable,unavailable,unavailable
yune,track-b-product,jyut6ping3_mobile,session_create_select_destroy,,30,1,schema_switch_options,0,unavailable,unavailable,unavailable
yune,track-b-product,jyut6ping3_mobile,session_create_select_destroy,,30,2,processor_install,142,unavailable,unavailable,unavailable
yune,track-b-product,jyut6ping3_mobile,session_create_select_destroy,,30,3,schema_config_load,13,unavailable,unavailable,unavailable
yune,track-b-product,jyut6ping3_mobile,session_create_select_destroy,,30,4,translator_install,13,unavailable,unavailable,unavailable
yune,track-b-product,jyut6ping3_mobile,session_create_select_destroy,,30,5,schema_config_load,12,unavailable,unavailable,unavailable
yune,track-b-product,jyut6ping3_mobile,session_create_select_destroy,,30,6,filter_install,13,unavailable,unavailable,unavailable
yune,track-b-product,jyut6ping3_mobile,session_create_select_destroy,,30,7,userdb_open_or_sync,0,unavailable,unavailable,unavailable
yune,track-b-product,jyut6ping3_mobile,session_create_select_destroy,,30,8,session_create,525,unavailable,unavailable,unavailable
yune,track-b-product,jyut6ping3_mobile,session_create_select_destroy,,30,9,schema_config_load,342,unavailable,unavailable,unavailable
yune,track-b-product,jyut6ping3_mobile,session_create_select_destroy,,30,10,schema_switch_options,3,unavailable,unavailable,unavailable
yune,track-b-product,jyut6ping3_mobile,session_create_select_destroy,,30,11,processor_install,3980,unavailable,unavailable,unavailable
yune,track-b-product,jyut6ping3_mobile,session_create_select_destroy,,30,12,schema_config_load,320,unavailable,unavailable,unavailable
yune,track-b-product,jyut6ping3_mobile,session_create_select_destroy,,30,13,translator_install,1264,unavailable,unavailable,unavailable
yune,track-b-product,jyut6ping3_mobile,session_create_select_destroy,,30,14,schema_config_load,335,unavailable,unavailable,unavailable
yune,track-b-product,jyut6ping3_mobile,session_create_select_destroy,,30,15,dictionary_lookup_records_cache_hit,0,unavailable,unavailable,unavailable
yune,track-b-product,jyut6ping3_mobile,session_create_select_destroy,,30,16,dictionary_lookup_records_load,5218,unavailable,unavailable,unavailable
yune,track-b-product,jyut6ping3_mobile,session_create_select_destroy,,30,17,filter_install,10264,unavailable,unavailable,unavailable
yune,track-b-product,jyut6ping3_mobile,session_create_select_destroy,,30,18,userdb_open_or_sync,24,unavailable,unavailable,unavailable
yune,track-b-product,jyut6ping3_mobile,session_create_select_destroy,,30,19,schema_select,16917,unavailable,unavailable,unavailable
yune,track-b-product,jyut6ping3_mobile,session_create_select_destroy,,30,20,session_destroy,54,unavailable,unavailable,unavailable
yune,track-b-product,jyut6ping3_mobile,session_create_select_destroy,,31,0,schema_config_load,15,unavailable,unavailable,unavailable
yune,track-b-product,jyut6ping3_mobile,session_create_select_destroy,,31,1,schema_switch_options,0,unavailable,unavailable,unavailable
yune,track-b-product,jyut6ping3_mobile,session_create_select_destroy,,31,2,processor_install,142,unavailable,unavailable,unavailable
yune,track-b-product,jyut6ping3_mobile,session_create_select_destroy,,31,3,schema_config_load,13,unavailable,unavailable,unavailable
yune,track-b-product,jyut6ping3_mobile,session_create_select_destroy,,31,4,translator_install,13,unavailable,unavailable,unavailable
yune,track-b-product,jyut6ping3_mobile,session_create_select_destroy,,31,5,schema_config_load,13,unavailable,unavailable,unavailable
yune,track-b-product,jyut6ping3_mobile,session_create_select_destroy,,31,6,filter_install,13,unavailable,unavailable,unavailable
yune,track-b-product,jyut6ping3_mobile,session_create_select_destroy,,31,7,userdb_open_or_sync,0,unavailable,unavailable,unavailable
yune,track-b-product,jyut6ping3_mobile,session_create_select_destroy,,31,8,session_create,542,unavailable,unavailable,unavailable
yune,track-b-product,jyut6ping3_mobile,session_create_select_destroy,,31,9,schema_config_load,339,unavailable,unavailable,unavailable
yune,track-b-product,jyut6ping3_mobile,session_create_select_destroy,,31,10,schema_switch_options,3,unavailable,unavailable,unavailable
yune,track-b-product,jyut6ping3_mobile,session_create_select_destroy,,31,11,processor_install,4074,unavailable,unavailable,unavailable
yune,track-b-product,jyut6ping3_mobile,session_create_select_destroy,,31,12,schema_config_load,313,unavailable,unavailable,unavailable
yune,track-b-product,jyut6ping3_mobile,session_create_select_destroy,,31,13,translator_install,1263,unavailable,unavailable,unavailable
yune,track-b-product,jyut6ping3_mobile,session_create_select_destroy,,31,14,schema_config_load,321,unavailable,unavailable,unavailable
yune,track-b-product,jyut6ping3_mobile,session_create_select_destroy,,31,15,dictionary_lookup_records_cache_hit,0,unavailable,unavailable,unavailable
yune,track-b-product,jyut6ping3_mobile,session_create_select_destroy,,31,16,dictionary_lookup_records_load,5307,unavailable,unavailable,unavailable
yune,track-b-product,jyut6ping3_mobile,session_create_select_destroy,,31,17,filter_install,10278,unavailable,unavailable,unavailable
yune,track-b-product,jyut6ping3_mobile,session_create_select_destroy,,31,18,userdb_open_or_sync,23,unavailable,unavailable,unavailable
yune,track-b-product,jyut6ping3_mobile,session_create_select_destroy,,31,19,schema_select,16995,unavailable,unavailable,unavailable
yune,track-b-product,jyut6ping3_mobile,session_create_select_destroy,,31,20,session_destroy,49,unavailable,unavailable,unavailable
yune,track-b-product,jyut6ping3_mobile,session_create_select_destroy,,32,0,schema_config_load,15,unavailable,unavailable,unavailable
yune,track-b-product,jyut6ping3_mobile,session_create_select_destroy,,32,1,schema_switch_options,0,unavailable,unavailable,unavailable
yune,track-b-product,jyut6ping3_mobile,session_create_select_destroy,,32,2,processor_install,147,unavailable,unavailable,unavailable
yune,track-b-product,jyut6ping3_mobile,session_create_select_destroy,,32,3,schema_config_load,13,unavailable,unavailable,unavailable
yune,track-b-product,jyut6ping3_mobile,session_create_select_destroy,,32,4,translator_install,13,unavailable,unavailable,unavailable
yune,track-b-product,jyut6ping3_mobile,session_create_select_destroy,,32,5,schema_config_load,13,unavailable,unavailable,unavailable
yune,track-b-product,jyut6ping3_mobile,session_create_select_destroy,,32,6,filter_install,14,unavailable,unavailable,unavailable
yune,track-b-product,jyut6ping3_mobile,session_create_select_destroy,,32,7,userdb_open_or_sync,0,unavailable,unavailable,unavailable
yune,track-b-product,jyut6ping3_mobile,session_create_select_destroy,,32,8,session_create,544,unavailable,unavailable,unavailable
yune,track-b-product,jyut6ping3_mobile,session_create_select_destroy,,32,9,schema_config_load,346,unavailable,unavailable,unavailable
yune,track-b-product,jyut6ping3_mobile,session_create_select_destroy,,32,10,schema_switch_options,3,unavailable,unavailable,unavailable
yune,track-b-product,jyut6ping3_mobile,session_create_select_destroy,,32,11,processor_install,3936,unavailable,unavailable,unavailable
yune,track-b-product,jyut6ping3_mobile,session_create_select_destroy,,32,12,schema_config_load,313,unavailable,unavailable,unavailable
yune,track-b-product,jyut6ping3_mobile,session_create_select_destroy,,32,13,translator_install,1237,unavailable,unavailable,unavailable
yune,track-b-product,jyut6ping3_mobile,session_create_select_destroy,,32,14,schema_config_load,325,unavailable,unavailable,unavailable
yune,track-b-product,jyut6ping3_mobile,session_create_select_destroy,,32,15,dictionary_lookup_records_cache_hit,0,unavailable,unavailable,unavailable
yune,track-b-product,jyut6ping3_mobile,session_create_select_destroy,,32,16,dictionary_lookup_records_load,5303,unavailable,unavailable,unavailable
yune,track-b-product,jyut6ping3_mobile,session_create_select_destroy,,32,17,filter_install,10323,unavailable,unavailable,unavailable
yune,track-b-product,jyut6ping3_mobile,session_create_select_destroy,,32,18,userdb_open_or_sync,24,unavailable,unavailable,unavailable
yune,track-b-product,jyut6ping3_mobile,session_create_select_destroy,,32,19,schema_select,16888,unavailable,unavailable,unavailable
yune,track-b-product,jyut6ping3_mobile,session_create_select_destroy,,32,20,session_destroy,46,unavailable,unavailable,unavailable
yune,track-b-product,jyut6ping3_mobile,session_create_select_destroy,,33,0,schema_config_load,14,unavailable,unavailable,unavailable
yune,track-b-product,jyut6ping3_mobile,session_create_select_destroy,,33,1,schema_switch_options,0,unavailable,unavailable,unavailable
yune,track-b-product,jyut6ping3_mobile,session_create_select_destroy,,33,2,processor_install,139,unavailable,unavailable,unavailable
yune,track-b-product,jyut6ping3_mobile,session_create_select_destroy,,33,3,schema_config_load,13,unavailable,unavailable,unavailable
yune,track-b-product,jyut6ping3_mobile,session_create_select_destroy,,33,4,translator_install,13,unavailable,unavailable,unavailable
yune,track-b-product,jyut6ping3_mobile,session_create_select_destroy,,33,5,schema_config_load,13,unavailable,unavailable,unavailable
yune,track-b-product,jyut6ping3_mobile,session_create_select_destroy,,33,6,filter_install,14,unavailable,unavailable,unavailable
yune,track-b-product,jyut6ping3_mobile,session_create_select_destroy,,33,7,userdb_open_or_sync,0,unavailable,unavailable,unavailable
yune,track-b-product,jyut6ping3_mobile,session_create_select_destroy,,33,8,session_create,533,unavailable,unavailable,unavailable
yune,track-b-product,jyut6ping3_mobile,session_create_select_destroy,,33,9,schema_config_load,351,unavailable,unavailable,unavailable
yune,track-b-product,jyut6ping3_mobile,session_create_select_destroy,,33,10,schema_switch_options,3,unavailable,unavailable,unavailable
yune,track-b-product,jyut6ping3_mobile,session_create_select_destroy,,33,11,processor_install,3947,unavailable,unavailable,unavailable
yune,track-b-product,jyut6ping3_mobile,session_create_select_destroy,,33,12,schema_config_load,316,unavailable,unavailable,unavailable
yune,track-b-product,jyut6ping3_mobile,session_create_select_destroy,,33,13,translator_install,1220,unavailable,unavailable,unavailable
yune,track-b-product,jyut6ping3_mobile,session_create_select_destroy,,33,14,schema_config_load,328,unavailable,unavailable,unavailable
yune,track-b-product,jyut6ping3_mobile,session_create_select_destroy,,33,15,dictionary_lookup_records_cache_hit,0,unavailable,unavailable,unavailable
yune,track-b-product,jyut6ping3_mobile,session_create_select_destroy,,33,16,dictionary_lookup_records_load,5252,unavailable,unavailable,unavailable
yune,track-b-product,jyut6ping3_mobile,session_create_select_destroy,,33,17,filter_install,10348,unavailable,unavailable,unavailable
yune,track-b-product,jyut6ping3_mobile,session_create_select_destroy,,33,18,userdb_open_or_sync,20,unavailable,unavailable,unavailable
yune,track-b-product,jyut6ping3_mobile,session_create_select_destroy,,33,19,schema_select,16902,unavailable,unavailable,unavailable
yune,track-b-product,jyut6ping3_mobile,session_create_select_destroy,,33,20,session_destroy,35,unavailable,unavailable,unavailable
yune,track-b-product,jyut6ping3_mobile,session_create_select_destroy,,34,0,schema_config_load,13,unavailable,unavailable,unavailable
yune,track-b-product,jyut6ping3_mobile,session_create_select_destroy,,34,1,schema_switch_options,0,unavailable,unavailable,unavailable
yune,track-b-product,jyut6ping3_mobile,session_create_select_destroy,,34,2,processor_install,141,unavailable,unavailable,unavailable
yune,track-b-product,jyut6ping3_mobile,session_create_select_destroy,,34,3,schema_config_load,13,unavailable,unavailable,unavailable
yune,track-b-product,jyut6ping3_mobile,session_create_select_destroy,,34,4,translator_install,13,unavailable,unavailable,unavailable
yune,track-b-product,jyut6ping3_mobile,session_create_select_destroy,,34,5,schema_config_load,14,unavailable,unavailable,unavailable
yune,track-b-product,jyut6ping3_mobile,session_create_select_destroy,,34,6,filter_install,14,unavailable,unavailable,unavailable
yune,track-b-product,jyut6ping3_mobile,session_create_select_destroy,,34,7,userdb_open_or_sync,0,unavailable,unavailable,unavailable
yune,track-b-product,jyut6ping3_mobile,session_create_select_destroy,,34,8,session_create,517,unavailable,unavailable,unavailable
yune,track-b-product,jyut6ping3_mobile,session_create_select_destroy,,34,9,schema_config_load,343,unavailable,unavailable,unavailable
yune,track-b-product,jyut6ping3_mobile,session_create_select_destroy,,34,10,schema_switch_options,3,unavailable,unavailable,unavailable
yune,track-b-product,jyut6ping3_mobile,session_create_select_destroy,,34,11,processor_install,3932,unavailable,unavailable,unavailable
yune,track-b-product,jyut6ping3_mobile,session_create_select_destroy,,34,12,schema_config_load,316,unavailable,unavailable,unavailable
yune,track-b-product,jyut6ping3_mobile,session_create_select_destroy,,34,13,translator_install,1211,unavailable,unavailable,unavailable
yune,track-b-product,jyut6ping3_mobile,session_create_select_destroy,,34,14,schema_config_load,327,unavailable,unavailable,unavailable
yune,track-b-product,jyut6ping3_mobile,session_create_select_destroy,,34,15,dictionary_lookup_records_cache_hit,0,unavailable,unavailable,unavailable
yune,track-b-product,jyut6ping3_mobile,session_create_select_destroy,,34,16,dictionary_lookup_records_load,5270,unavailable,unavailable,unavailable
yune,track-b-product,jyut6ping3_mobile,session_create_select_destroy,,34,17,filter_install,10256,unavailable,unavailable,unavailable
yune,track-b-product,jyut6ping3_mobile,session_create_select_destroy,,34,18,userdb_open_or_sync,23,unavailable,unavailable,unavailable
yune,track-b-product,jyut6ping3_mobile,session_create_select_destroy,,34,19,schema_select,16766,unavailable,unavailable,unavailable
yune,track-b-product,jyut6ping3_mobile,session_create_select_destroy,,34,20,session_destroy,37,unavailable,unavailable,unavailable
yune,track-b-product,jyut6ping3_mobile,session_create_select_destroy,,35,0,schema_config_load,49,unavailable,unavailable,unavailable
yune,track-b-product,jyut6ping3_mobile,session_create_select_destroy,,35,1,schema_switch_options,0,unavailable,unavailable,unavailable
yune,track-b-product,jyut6ping3_mobile,session_create_select_destroy,,35,2,processor_install,136,unavailable,unavailable,unavailable
yune,track-b-product,jyut6ping3_mobile,session_create_select_destroy,,35,3,schema_config_load,13,unavailable,unavailable,unavailable
yune,track-b-product,jyut6ping3_mobile,session_create_select_destroy,,35,4,translator_install,13,unavailable,unavailable,unavailable
yune,track-b-product,jyut6ping3_mobile,session_create_select_destroy,,35,5,schema_config_load,12,unavailable,unavailable,unavailable
yune,track-b-product,jyut6ping3_mobile,session_create_select_destroy,,35,6,filter_install,13,unavailable,unavailable,unavailable
yune,track-b-product,jyut6ping3_mobile,session_create_select_destroy,,35,7,userdb_open_or_sync,0,unavailable,unavailable,unavailable
yune,track-b-product,jyut6ping3_mobile,session_create_select_destroy,,35,8,session_create,553,unavailable,unavailable,unavailable
yune,track-b-product,jyut6ping3_mobile,session_create_select_destroy,,35,9,schema_config_load,336,unavailable,unavailable,unavailable
yune,track-b-product,jyut6ping3_mobile,session_create_select_destroy,,35,10,schema_switch_options,3,unavailable,unavailable,unavailable
yune,track-b-product,jyut6ping3_mobile,session_create_select_destroy,,35,11,processor_install,3872,unavailable,unavailable,unavailable
yune,track-b-product,jyut6ping3_mobile,session_create_select_destroy,,35,12,schema_config_load,312,unavailable,unavailable,unavailable
yune,track-b-product,jyut6ping3_mobile,session_create_select_destroy,,35,13,translator_install,1193,unavailable,unavailable,unavailable
yune,track-b-product,jyut6ping3_mobile,session_create_select_destroy,,35,14,schema_config_load,330,unavailable,unavailable,unavailable
yune,track-b-product,jyut6ping3_mobile,session_create_select_destroy,,35,15,dictionary_lookup_records_cache_hit,0,unavailable,unavailable,unavailable
yune,track-b-product,jyut6ping3_mobile,session_create_select_destroy,,35,16,dictionary_lookup_records_load,5281,unavailable,unavailable,unavailable
yune,track-b-product,jyut6ping3_mobile,session_create_select_destroy,,35,17,filter_install,10180,unavailable,unavailable,unavailable
yune,track-b-product,jyut6ping3_mobile,session_create_select_destroy,,35,18,userdb_open_or_sync,30,unavailable,unavailable,unavailable
yune,track-b-product,jyut6ping3_mobile,session_create_select_destroy,,35,19,schema_select,16616,unavailable,unavailable,unavailable
yune,track-b-product,jyut6ping3_mobile,session_create_select_destroy,,35,20,session_destroy,53,unavailable,unavailable,unavailable
yune,track-b-product,jyut6ping3_mobile,session_create_select_destroy,,36,0,schema_config_load,14,unavailable,unavailable,unavailable
yune,track-b-product,jyut6ping3_mobile,session_create_select_destroy,,36,1,schema_switch_options,0,unavailable,unavailable,unavailable
yune,track-b-product,jyut6ping3_mobile,session_create_select_destroy,,36,2,processor_install,137,unavailable,unavailable,unavailable
yune,track-b-product,jyut6ping3_mobile,session_create_select_destroy,,36,3,schema_config_load,13,unavailable,unavailable,unavailable
yune,track-b-product,jyut6ping3_mobile,session_create_select_destroy,,36,4,translator_install,13,unavailable,unavailable,unavailable
yune,track-b-product,jyut6ping3_mobile,session_create_select_destroy,,36,5,schema_config_load,13,unavailable,unavailable,unavailable
yune,track-b-product,jyut6ping3_mobile,session_create_select_destroy,,36,6,filter_install,14,unavailable,unavailable,unavailable
yune,track-b-product,jyut6ping3_mobile,session_create_select_destroy,,36,7,userdb_open_or_sync,0,unavailable,unavailable,unavailable
yune,track-b-product,jyut6ping3_mobile,session_create_select_destroy,,36,8,session_create,569,unavailable,unavailable,unavailable
yune,track-b-product,jyut6ping3_mobile,session_create_select_destroy,,36,9,schema_config_load,350,unavailable,unavailable,unavailable
yune,track-b-product,jyut6ping3_mobile,session_create_select_destroy,,36,10,schema_switch_options,3,unavailable,unavailable,unavailable
yune,track-b-product,jyut6ping3_mobile,session_create_select_destroy,,36,11,processor_install,3920,unavailable,unavailable,unavailable
yune,track-b-product,jyut6ping3_mobile,session_create_select_destroy,,36,12,schema_config_load,319,unavailable,unavailable,unavailable
yune,track-b-product,jyut6ping3_mobile,session_create_select_destroy,,36,13,translator_install,1218,unavailable,unavailable,unavailable
yune,track-b-product,jyut6ping3_mobile,session_create_select_destroy,,36,14,schema_config_load,329,unavailable,unavailable,unavailable
yune,track-b-product,jyut6ping3_mobile,session_create_select_destroy,,36,15,dictionary_lookup_records_cache_hit,0,unavailable,unavailable,unavailable
yune,track-b-product,jyut6ping3_mobile,session_create_select_destroy,,36,16,dictionary_lookup_records_load,5311,unavailable,unavailable,unavailable
yune,track-b-product,jyut6ping3_mobile,session_create_select_destroy,,36,17,filter_install,10487,unavailable,unavailable,unavailable
yune,track-b-product,jyut6ping3_mobile,session_create_select_destroy,,36,18,userdb_open_or_sync,31,unavailable,unavailable,unavailable
yune,track-b-product,jyut6ping3_mobile,session_create_select_destroy,,36,19,schema_select,17044,unavailable,unavailable,unavailable
yune,track-b-product,jyut6ping3_mobile,session_create_select_destroy,,36,20,session_destroy,59,unavailable,unavailable,unavailable
yune,track-b-product,jyut6ping3_mobile,session_create_select_destroy,,37,0,schema_config_load,15,unavailable,unavailable,unavailable
yune,track-b-product,jyut6ping3_mobile,session_create_select_destroy,,37,1,schema_switch_options,0,unavailable,unavailable,unavailable
yune,track-b-product,jyut6ping3_mobile,session_create_select_destroy,,37,2,processor_install,141,unavailable,unavailable,unavailable
yune,track-b-product,jyut6ping3_mobile,session_create_select_destroy,,37,3,schema_config_load,20,unavailable,unavailable,unavailable
yune,track-b-product,jyut6ping3_mobile,session_create_select_destroy,,37,4,translator_install,20,unavailable,unavailable,unavailable
yune,track-b-product,jyut6ping3_mobile,session_create_select_destroy,,37,5,schema_config_load,13,unavailable,unavailable,unavailable
yune,track-b-product,jyut6ping3_mobile,session_create_select_destroy,,37,6,filter_install,14,unavailable,unavailable,unavailable
yune,track-b-product,jyut6ping3_mobile,session_create_select_destroy,,37,7,userdb_open_or_sync,0,unavailable,unavailable,unavailable
yune,track-b-product,jyut6ping3_mobile,session_create_select_destroy,,37,8,session_create,575,unavailable,unavailable,unavailable
yune,track-b-product,jyut6ping3_mobile,session_create_select_destroy,,37,9,schema_config_load,350,unavailable,unavailable,unavailable
yune,track-b-product,jyut6ping3_mobile,session_create_select_destroy,,37,10,schema_switch_options,3,unavailable,unavailable,unavailable
yune,track-b-product,jyut6ping3_mobile,session_create_select_destroy,,37,11,processor_install,3918,unavailable,unavailable,unavailable
yune,track-b-product,jyut6ping3_mobile,session_create_select_destroy,,37,12,schema_config_load,313,unavailable,unavailable,unavailable
yune,track-b-product,jyut6ping3_mobile,session_create_select_destroy,,37,13,translator_install,1210,unavailable,unavailable,unavailable
yune,track-b-product,jyut6ping3_mobile,session_create_select_destroy,,37,14,schema_config_load,332,unavailable,unavailable,unavailable
yune,track-b-product,jyut6ping3_mobile,session_create_select_destroy,,37,15,dictionary_lookup_records_cache_hit,0,unavailable,unavailable,unavailable
yune,track-b-product,jyut6ping3_mobile,session_create_select_destroy,,37,16,dictionary_lookup_records_load,5274,unavailable,unavailable,unavailable
yune,track-b-product,jyut6ping3_mobile,session_create_select_destroy,,37,17,filter_install,10293,unavailable,unavailable,unavailable
yune,track-b-product,jyut6ping3_mobile,session_create_select_destroy,,37,18,userdb_open_or_sync,17,unavailable,unavailable,unavailable
yune,track-b-product,jyut6ping3_mobile,session_create_select_destroy,,37,19,schema_select,16811,unavailable,unavailable,unavailable
yune,track-b-product,jyut6ping3_mobile,session_create_select_destroy,,37,20,session_destroy,31,unavailable,unavailable,unavailable
yune,track-b-product,jyut6ping3_mobile,session_create_select_destroy,,38,0,schema_config_load,14,unavailable,unavailable,unavailable
yune,track-b-product,jyut6ping3_mobile,session_create_select_destroy,,38,1,schema_switch_options,0,unavailable,unavailable,unavailable
yune,track-b-product,jyut6ping3_mobile,session_create_select_destroy,,38,2,processor_install,135,unavailable,unavailable,unavailable
yune,track-b-product,jyut6ping3_mobile,session_create_select_destroy,,38,3,schema_config_load,13,unavailable,unavailable,unavailable
yune,track-b-product,jyut6ping3_mobile,session_create_select_destroy,,38,4,translator_install,13,unavailable,unavailable,unavailable
yune,track-b-product,jyut6ping3_mobile,session_create_select_destroy,,38,5,schema_config_load,13,unavailable,unavailable,unavailable
yune,track-b-product,jyut6ping3_mobile,session_create_select_destroy,,38,6,filter_install,14,unavailable,unavailable,unavailable
yune,track-b-product,jyut6ping3_mobile,session_create_select_destroy,,38,7,userdb_open_or_sync,0,unavailable,unavailable,unavailable
yune,track-b-product,jyut6ping3_mobile,session_create_select_destroy,,38,8,session_create,505,unavailable,unavailable,unavailable
yune,track-b-product,jyut6ping3_mobile,session_create_select_destroy,,38,9,schema_config_load,339,unavailable,unavailable,unavailable
yune,track-b-product,jyut6ping3_mobile,session_create_select_destroy,,38,10,schema_switch_options,3,unavailable,unavailable,unavailable
yune,track-b-product,jyut6ping3_mobile,session_create_select_destroy,,38,11,processor_install,3877,unavailable,unavailable,unavailable
yune,track-b-product,jyut6ping3_mobile,session_create_select_destroy,,38,12,schema_config_load,321,unavailable,unavailable,unavailable
yune,track-b-product,jyut6ping3_mobile,session_create_select_destroy,,38,13,translator_install,1246,unavailable,unavailable,unavailable
yune,track-b-product,jyut6ping3_mobile,session_create_select_destroy,,38,14,schema_config_load,330,unavailable,unavailable,unavailable
yune,track-b-product,jyut6ping3_mobile,session_create_select_destroy,,38,15,dictionary_lookup_records_cache_hit,0,unavailable,unavailable,unavailable
yune,track-b-product,jyut6ping3_mobile,session_create_select_destroy,,38,16,dictionary_lookup_records_load,5298,unavailable,unavailable,unavailable
yune,track-b-product,jyut6ping3_mobile,session_create_select_destroy,,38,17,filter_install,10343,unavailable,unavailable,unavailable
yune,track-b-product,jyut6ping3_mobile,session_create_select_destroy,,38,18,userdb_open_or_sync,20,unavailable,unavailable,unavailable
yune,track-b-product,jyut6ping3_mobile,session_create_select_destroy,,38,19,schema_select,16832,unavailable,unavailable,unavailable
yune,track-b-product,jyut6ping3_mobile,session_create_select_destroy,,38,20,session_destroy,59,unavailable,unavailable,unavailable
yune,track-b-product,jyut6ping3_mobile,session_create_select_destroy,,39,0,schema_config_load,15,unavailable,unavailable,unavailable
yune,track-b-product,jyut6ping3_mobile,session_create_select_destroy,,39,1,schema_switch_options,0,unavailable,unavailable,unavailable
yune,track-b-product,jyut6ping3_mobile,session_create_select_destroy,,39,2,processor_install,140,unavailable,unavailable,unavailable
yune,track-b-product,jyut6ping3_mobile,session_create_select_destroy,,39,3,schema_config_load,12,unavailable,unavailable,unavailable
yune,track-b-product,jyut6ping3_mobile,session_create_select_destroy,,39,4,translator_install,13,unavailable,unavailable,unavailable
yune,track-b-product,jyut6ping3_mobile,session_create_select_destroy,,39,5,schema_config_load,13,unavailable,unavailable,unavailable
yune,track-b-product,jyut6ping3_mobile,session_create_select_destroy,,39,6,filter_install,14,unavailable,unavailable,unavailable
yune,track-b-product,jyut6ping3_mobile,session_create_select_destroy,,39,7,userdb_open_or_sync,0,unavailable,unavailable,unavailable
yune,track-b-product,jyut6ping3_mobile,session_create_select_destroy,,39,8,session_create,547,unavailable,unavailable,unavailable
yune,track-b-product,jyut6ping3_mobile,session_create_select_destroy,,39,9,schema_config_load,355,unavailable,unavailable,unavailable
yune,track-b-product,jyut6ping3_mobile,session_create_select_destroy,,39,10,schema_switch_options,3,unavailable,unavailable,unavailable
yune,track-b-product,jyut6ping3_mobile,session_create_select_destroy,,39,11,processor_install,4043,unavailable,unavailable,unavailable
yune,track-b-product,jyut6ping3_mobile,session_create_select_destroy,,39,12,schema_config_load,351,unavailable,unavailable,unavailable
yune,track-b-product,jyut6ping3_mobile,session_create_select_destroy,,39,13,translator_install,1345,unavailable,unavailable,unavailable
yune,track-b-product,jyut6ping3_mobile,session_create_select_destroy,,39,14,schema_config_load,343,unavailable,unavailable,unavailable
yune,track-b-product,jyut6ping3_mobile,session_create_select_destroy,,39,15,dictionary_lookup_records_cache_hit,0,unavailable,unavailable,unavailable
yune,track-b-product,jyut6ping3_mobile,session_create_select_destroy,,39,16,dictionary_lookup_records_load,5143,unavailable,unavailable,unavailable
yune,track-b-product,jyut6ping3_mobile,session_create_select_destroy,,39,17,filter_install,10052,unavailable,unavailable,unavailable
yune,track-b-product,jyut6ping3_mobile,session_create_select_destroy,,39,18,userdb_open_or_sync,21,unavailable,unavailable,unavailable
yune,track-b-product,jyut6ping3_mobile,session_create_select_destroy,,39,19,schema_select,16846,unavailable,unavailable,unavailable
yune,track-b-product,jyut6ping3_mobile,session_create_select_destroy,,39,20,session_destroy,42,unavailable,unavailable,unavailable
yune,track-b-product,jyut6ping3_mobile,session_create_select_destroy,,40,0,schema_config_load,14,unavailable,unavailable,unavailable
yune,track-b-product,jyut6ping3_mobile,session_create_select_destroy,,40,1,schema_switch_options,0,unavailable,unavailable,unavailable
yune,track-b-product,jyut6ping3_mobile,session_create_select_destroy,,40,2,processor_install,137,unavailable,unavailable,unavailable
yune,track-b-product,jyut6ping3_mobile,session_create_select_destroy,,40,3,schema_config_load,15,unavailable,unavailable,unavailable
yune,track-b-product,jyut6ping3_mobile,session_create_select_destroy,,40,4,translator_install,15,unavailable,unavailable,unavailable
yune,track-b-product,jyut6ping3_mobile,session_create_select_destroy,,40,5,schema_config_load,12,unavailable,unavailable,unavailable
yune,track-b-product,jyut6ping3_mobile,session_create_select_destroy,,40,6,filter_install,13,unavailable,unavailable,unavailable
yune,track-b-product,jyut6ping3_mobile,session_create_select_destroy,,40,7,userdb_open_or_sync,0,unavailable,unavailable,unavailable
yune,track-b-product,jyut6ping3_mobile,session_create_select_destroy,,40,8,session_create,533,unavailable,unavailable,unavailable
yune,track-b-product,jyut6ping3_mobile,session_create_select_destroy,,40,9,schema_config_load,343,unavailable,unavailable,unavailable
yune,track-b-product,jyut6ping3_mobile,session_create_select_destroy,,40,10,schema_switch_options,3,unavailable,unavailable,unavailable
yune,track-b-product,jyut6ping3_mobile,session_create_select_destroy,,40,11,processor_install,3990,unavailable,unavailable,unavailable
yune,track-b-product,jyut6ping3_mobile,session_create_select_destroy,,40,12,schema_config_load,324,unavailable,unavailable,unavailable
yune,track-b-product,jyut6ping3_mobile,session_create_select_destroy,,40,13,translator_install,1246,unavailable,unavailable,unavailable
yune,track-b-product,jyut6ping3_mobile,session_create_select_destroy,,40,14,schema_config_load,330,unavailable,unavailable,unavailable
yune,track-b-product,jyut6ping3_mobile,session_create_select_destroy,,40,15,dictionary_lookup_records_cache_hit,0,unavailable,unavailable,unavailable
yune,track-b-product,jyut6ping3_mobile,session_create_select_destroy,,40,16,dictionary_lookup_records_load,5622,unavailable,unavailable,unavailable
yune,track-b-product,jyut6ping3_mobile,session_create_select_destroy,,40,17,filter_install,10714,unavailable,unavailable,unavailable
yune,track-b-product,jyut6ping3_mobile,session_create_select_destroy,,40,18,userdb_open_or_sync,31,unavailable,unavailable,unavailable
yune,track-b-product,jyut6ping3_mobile,session_create_select_destroy,,40,19,schema_select,17333,unavailable,unavailable,unavailable
yune,track-b-product,jyut6ping3_mobile,session_create_select_destroy,,40,20,session_destroy,58,unavailable,unavailable,unavailable
yune,track-b-product,jyut6ping3_mobile,session_create_select_destroy,,41,0,schema_config_load,14,unavailable,unavailable,unavailable
yune,track-b-product,jyut6ping3_mobile,session_create_select_destroy,,41,1,schema_switch_options,0,unavailable,unavailable,unavailable
yune,track-b-product,jyut6ping3_mobile,session_create_select_destroy,,41,2,processor_install,143,unavailable,unavailable,unavailable
yune,track-b-product,jyut6ping3_mobile,session_create_select_destroy,,41,3,schema_config_load,12,unavailable,unavailable,unavailable
yune,track-b-product,jyut6ping3_mobile,session_create_select_destroy,,41,4,translator_install,13,unavailable,unavailable,unavailable
yune,track-b-product,jyut6ping3_mobile,session_create_select_destroy,,41,5,schema_config_load,13,unavailable,unavailable,unavailable
yune,track-b-product,jyut6ping3_mobile,session_create_select_destroy,,41,6,filter_install,13,unavailable,unavailable,unavailable
yune,track-b-product,jyut6ping3_mobile,session_create_select_destroy,,41,7,userdb_open_or_sync,0,unavailable,unavailable,unavailable
yune,track-b-product,jyut6ping3_mobile,session_create_select_destroy,,41,8,session_create,612,unavailable,unavailable,unavailable
yune,track-b-product,jyut6ping3_mobile,session_create_select_destroy,,41,9,schema_config_load,355,unavailable,unavailable,unavailable
yune,track-b-product,jyut6ping3_mobile,session_create_select_destroy,,41,10,schema_switch_options,4,unavailable,unavailable,unavailable
yune,track-b-product,jyut6ping3_mobile,session_create_select_destroy,,41,11,processor_install,4137,unavailable,unavailable,unavailable
yune,track-b-product,jyut6ping3_mobile,session_create_select_destroy,,41,12,schema_config_load,308,unavailable,unavailable,unavailable
yune,track-b-product,jyut6ping3_mobile,session_create_select_destroy,,41,13,translator_install,1263,unavailable,unavailable,unavailable
yune,track-b-product,jyut6ping3_mobile,session_create_select_destroy,,41,14,schema_config_load,326,unavailable,unavailable,unavailable
yune,track-b-product,jyut6ping3_mobile,session_create_select_destroy,,41,15,dictionary_lookup_records_cache_hit,0,unavailable,unavailable,unavailable
yune,track-b-product,jyut6ping3_mobile,session_create_select_destroy,,41,16,dictionary_lookup_records_load,5133,unavailable,unavailable,unavailable
yune,track-b-product,jyut6ping3_mobile,session_create_select_destroy,,41,17,filter_install,10179,unavailable,unavailable,unavailable
yune,track-b-product,jyut6ping3_mobile,session_create_select_destroy,,41,18,userdb_open_or_sync,20,unavailable,unavailable,unavailable
yune,track-b-product,jyut6ping3_mobile,session_create_select_destroy,,41,19,schema_select,17095,unavailable,unavailable,unavailable
yune,track-b-product,jyut6ping3_mobile,session_create_select_destroy,,41,20,session_destroy,37,unavailable,unavailable,unavailable
yune,track-b-product,jyut6ping3_mobile,session_create_select_destroy,,42,0,schema_config_load,13,unavailable,unavailable,unavailable
yune,track-b-product,jyut6ping3_mobile,session_create_select_destroy,,42,1,schema_switch_options,0,unavailable,unavailable,unavailable
yune,track-b-product,jyut6ping3_mobile,session_create_select_destroy,,42,2,processor_install,132,unavailable,unavailable,unavailable
yune,track-b-product,jyut6ping3_mobile,session_create_select_destroy,,42,3,schema_config_load,15,unavailable,unavailable,unavailable
yune,track-b-product,jyut6ping3_mobile,session_create_select_destroy,,42,4,translator_install,15,unavailable,unavailable,unavailable
yune,track-b-product,jyut6ping3_mobile,session_create_select_destroy,,42,5,schema_config_load,12,unavailable,unavailable,unavailable
yune,track-b-product,jyut6ping3_mobile,session_create_select_destroy,,42,6,filter_install,13,unavailable,unavailable,unavailable
yune,track-b-product,jyut6ping3_mobile,session_create_select_destroy,,42,7,userdb_open_or_sync,0,unavailable,unavailable,unavailable
yune,track-b-product,jyut6ping3_mobile,session_create_select_destroy,,42,8,session_create,502,unavailable,unavailable,unavailable
yune,track-b-product,jyut6ping3_mobile,session_create_select_destroy,,42,9,schema_config_load,332,unavailable,unavailable,unavailable
yune,track-b-product,jyut6ping3_mobile,session_create_select_destroy,,42,10,schema_switch_options,3,unavailable,unavailable,unavailable
yune,track-b-product,jyut6ping3_mobile,session_create_select_destroy,,42,11,processor_install,3854,unavailable,unavailable,unavailable
yune,track-b-product,jyut6ping3_mobile,session_create_select_destroy,,42,12,schema_config_load,313,unavailable,unavailable,unavailable
yune,track-b-product,jyut6ping3_mobile,session_create_select_destroy,,42,13,translator_install,1203,unavailable,unavailable,unavailable
yune,track-b-product,jyut6ping3_mobile,session_create_select_destroy,,42,14,schema_config_load,332,unavailable,unavailable,unavailable
yune,track-b-product,jyut6ping3_mobile,session_create_select_destroy,,42,15,dictionary_lookup_records_cache_hit,0,unavailable,unavailable,unavailable
yune,track-b-product,jyut6ping3_mobile,session_create_select_destroy,,42,16,dictionary_lookup_records_load,5206,unavailable,unavailable,unavailable
yune,track-b-product,jyut6ping3_mobile,session_create_select_destroy,,42,17,filter_install,10211,unavailable,unavailable,unavailable
yune,track-b-product,jyut6ping3_mobile,session_create_select_destroy,,42,18,userdb_open_or_sync,37,unavailable,unavailable,unavailable
yune,track-b-product,jyut6ping3_mobile,session_create_select_destroy,,42,19,schema_select,16689,unavailable,unavailable,unavailable
yune,track-b-product,jyut6ping3_mobile,session_create_select_destroy,,42,20,session_destroy,68,unavailable,unavailable,unavailable
yune,track-b-product,jyut6ping3_mobile,session_create_select_destroy,,43,0,schema_config_load,15,unavailable,unavailable,unavailable
yune,track-b-product,jyut6ping3_mobile,session_create_select_destroy,,43,1,schema_switch_options,0,unavailable,unavailable,unavailable
yune,track-b-product,jyut6ping3_mobile,session_create_select_destroy,,43,2,processor_install,143,unavailable,unavailable,unavailable
yune,track-b-product,jyut6ping3_mobile,session_create_select_destroy,,43,3,schema_config_load,12,unavailable,unavailable,unavailable
yune,track-b-product,jyut6ping3_mobile,session_create_select_destroy,,43,4,translator_install,13,unavailable,unavailable,unavailable
yune,track-b-product,jyut6ping3_mobile,session_create_select_destroy,,43,5,schema_config_load,13,unavailable,unavailable,unavailable
yune,track-b-product,jyut6ping3_mobile,session_create_select_destroy,,43,6,filter_install,14,unavailable,unavailable,unavailable
yune,track-b-product,jyut6ping3_mobile,session_create_select_destroy,,43,7,userdb_open_or_sync,0,unavailable,unavailable,unavailable
yune,track-b-product,jyut6ping3_mobile,session_create_select_destroy,,43,8,session_create,617,unavailable,unavailable,unavailable
yune,track-b-product,jyut6ping3_mobile,session_create_select_destroy,,43,9,schema_config_load,379,unavailable,unavailable,unavailable
yune,track-b-product,jyut6ping3_mobile,session_create_select_destroy,,43,10,schema_switch_options,3,unavailable,unavailable,unavailable
yune,track-b-product,jyut6ping3_mobile,session_create_select_destroy,,43,11,processor_install,4297,unavailable,unavailable,unavailable
yune,track-b-product,jyut6ping3_mobile,session_create_select_destroy,,43,12,schema_config_load,317,unavailable,unavailable,unavailable
yune,track-b-product,jyut6ping3_mobile,session_create_select_destroy,,43,13,translator_install,1412,unavailable,unavailable,unavailable
yune,track-b-product,jyut6ping3_mobile,session_create_select_destroy,,43,14,schema_config_load,343,unavailable,unavailable,unavailable
yune,track-b-product,jyut6ping3_mobile,session_create_select_destroy,,43,15,dictionary_lookup_records_cache_hit,0,unavailable,unavailable,unavailable
yune,track-b-product,jyut6ping3_mobile,session_create_select_destroy,,43,16,dictionary_lookup_records_load,5192,unavailable,unavailable,unavailable
yune,track-b-product,jyut6ping3_mobile,session_create_select_destroy,,43,17,filter_install,10211,unavailable,unavailable,unavailable
yune,track-b-product,jyut6ping3_mobile,session_create_select_destroy,,43,18,userdb_open_or_sync,23,unavailable,unavailable,unavailable
yune,track-b-product,jyut6ping3_mobile,session_create_select_destroy,,43,19,schema_select,17400,unavailable,unavailable,unavailable
yune,track-b-product,jyut6ping3_mobile,session_create_select_destroy,,43,20,session_destroy,58,unavailable,unavailable,unavailable
yune,track-b-product,jyut6ping3_mobile,session_create_select_destroy,,44,0,schema_config_load,16,unavailable,unavailable,unavailable
yune,track-b-product,jyut6ping3_mobile,session_create_select_destroy,,44,1,schema_switch_options,0,unavailable,unavailable,unavailable
yune,track-b-product,jyut6ping3_mobile,session_create_select_destroy,,44,2,processor_install,147,unavailable,unavailable,unavailable
yune,track-b-product,jyut6ping3_mobile,session_create_select_destroy,,44,3,schema_config_load,13,unavailable,unavailable,unavailable
yune,track-b-product,jyut6ping3_mobile,session_create_select_destroy,,44,4,translator_install,13,unavailable,unavailable,unavailable
yune,track-b-product,jyut6ping3_mobile,session_create_select_destroy,,44,5,schema_config_load,13,unavailable,unavailable,unavailable
yune,track-b-product,jyut6ping3_mobile,session_create_select_destroy,,44,6,filter_install,14,unavailable,unavailable,unavailable
yune,track-b-product,jyut6ping3_mobile,session_create_select_destroy,,44,7,userdb_open_or_sync,0,unavailable,unavailable,unavailable
yune,track-b-product,jyut6ping3_mobile,session_create_select_destroy,,44,8,session_create,592,unavailable,unavailable,unavailable
yune,track-b-product,jyut6ping3_mobile,session_create_select_destroy,,44,9,schema_config_load,366,unavailable,unavailable,unavailable
yune,track-b-product,jyut6ping3_mobile,session_create_select_destroy,,44,10,schema_switch_options,3,unavailable,unavailable,unavailable
yune,track-b-product,jyut6ping3_mobile,session_create_select_destroy,,44,11,processor_install,4053,unavailable,unavailable,unavailable
yune,track-b-product,jyut6ping3_mobile,session_create_select_destroy,,44,12,schema_config_load,320,unavailable,unavailable,unavailable
yune,track-b-product,jyut6ping3_mobile,session_create_select_destroy,,44,13,translator_install,1269,unavailable,unavailable,unavailable
yune,track-b-product,jyut6ping3_mobile,session_create_select_destroy,,44,14,schema_config_load,325,unavailable,unavailable,unavailable
yune,track-b-product,jyut6ping3_mobile,session_create_select_destroy,,44,15,dictionary_lookup_records_cache_hit,0,unavailable,unavailable,unavailable
yune,track-b-product,jyut6ping3_mobile,session_create_select_destroy,,44,16,dictionary_lookup_records_load,5124,unavailable,unavailable,unavailable
yune,track-b-product,jyut6ping3_mobile,session_create_select_destroy,,44,17,filter_install,10025,unavailable,unavailable,unavailable
yune,track-b-product,jyut6ping3_mobile,session_create_select_destroy,,44,18,userdb_open_or_sync,23,unavailable,unavailable,unavailable
yune,track-b-product,jyut6ping3_mobile,session_create_select_destroy,,44,19,schema_select,16766,unavailable,unavailable,unavailable
yune,track-b-product,jyut6ping3_mobile,session_create_select_destroy,,44,20,session_destroy,32,unavailable,unavailable,unavailable
yune,track-b-product,jyut6ping3_mobile,session_create_select_destroy,,45,0,schema_config_load,13,unavailable,unavailable,unavailable
yune,track-b-product,jyut6ping3_mobile,session_create_select_destroy,,45,1,schema_switch_options,0,unavailable,unavailable,unavailable
yune,track-b-product,jyut6ping3_mobile,session_create_select_destroy,,45,2,processor_install,140,unavailable,unavailable,unavailable
yune,track-b-product,jyut6ping3_mobile,session_create_select_destroy,,45,3,schema_config_load,12,unavailable,unavailable,unavailable
yune,track-b-product,jyut6ping3_mobile,session_create_select_destroy,,45,4,translator_install,12,unavailable,unavailable,unavailable
yune,track-b-product,jyut6ping3_mobile,session_create_select_destroy,,45,5,schema_config_load,12,unavailable,unavailable,unavailable
yune,track-b-product,jyut6ping3_mobile,session_create_select_destroy,,45,6,filter_install,13,unavailable,unavailable,unavailable
yune,track-b-product,jyut6ping3_mobile,session_create_select_destroy,,45,7,userdb_open_or_sync,0,unavailable,unavailable,unavailable
yune,track-b-product,jyut6ping3_mobile,session_create_select_destroy,,45,8,session_create,505,unavailable,unavailable,unavailable
yune,track-b-product,jyut6ping3_mobile,session_create_select_destroy,,45,9,schema_config_load,331,unavailable,unavailable,unavailable
yune,track-b-product,jyut6ping3_mobile,session_create_select_destroy,,45,10,schema_switch_options,3,unavailable,unavailable,unavailable
yune,track-b-product,jyut6ping3_mobile,session_create_select_destroy,,45,11,processor_install,3838,unavailable,unavailable,unavailable
yune,track-b-product,jyut6ping3_mobile,session_create_select_destroy,,45,12,schema_config_load,308,unavailable,unavailable,unavailable
yune,track-b-product,jyut6ping3_mobile,session_create_select_destroy,,45,13,translator_install,1208,unavailable,unavailable,unavailable
yune,track-b-product,jyut6ping3_mobile,session_create_select_destroy,,45,14,schema_config_load,319,unavailable,unavailable,unavailable
yune,track-b-product,jyut6ping3_mobile,session_create_select_destroy,,45,15,dictionary_lookup_records_cache_hit,0,unavailable,unavailable,unavailable
yune,track-b-product,jyut6ping3_mobile,session_create_select_destroy,,45,16,dictionary_lookup_records_load,5124,unavailable,unavailable,unavailable
yune,track-b-product,jyut6ping3_mobile,session_create_select_destroy,,45,17,filter_install,9897,unavailable,unavailable,unavailable
yune,track-b-product,jyut6ping3_mobile,session_create_select_destroy,,45,18,userdb_open_or_sync,18,unavailable,unavailable,unavailable
yune,track-b-product,jyut6ping3_mobile,session_create_select_destroy,,45,19,schema_select,16254,unavailable,unavailable,unavailable
yune,track-b-product,jyut6ping3_mobile,session_create_select_destroy,,45,20,session_destroy,39,unavailable,unavailable,unavailable
yune,track-b-product,jyut6ping3_mobile,session_create_select_destroy,,46,0,schema_config_load,13,unavailable,unavailable,unavailable
yune,track-b-product,jyut6ping3_mobile,session_create_select_destroy,,46,1,schema_switch_options,0,unavailable,unavailable,unavailable
yune,track-b-product,jyut6ping3_mobile,session_create_select_destroy,,46,2,processor_install,137,unavailable,unavailable,unavailable
yune,track-b-product,jyut6ping3_mobile,session_create_select_destroy,,46,3,schema_config_load,12,unavailable,unavailable,unavailable
yune,track-b-product,jyut6ping3_mobile,session_create_select_destroy,,46,4,translator_install,13,unavailable,unavailable,unavailable
yune,track-b-product,jyut6ping3_mobile,session_create_select_destroy,,46,5,schema_config_load,13,unavailable,unavailable,unavailable
yune,track-b-product,jyut6ping3_mobile,session_create_select_destroy,,46,6,filter_install,13,unavailable,unavailable,unavailable
yune,track-b-product,jyut6ping3_mobile,session_create_select_destroy,,46,7,userdb_open_or_sync,0,unavailable,unavailable,unavailable
yune,track-b-product,jyut6ping3_mobile,session_create_select_destroy,,46,8,session_create,519,unavailable,unavailable,unavailable
yune,track-b-product,jyut6ping3_mobile,session_create_select_destroy,,46,9,schema_config_load,335,unavailable,unavailable,unavailable
yune,track-b-product,jyut6ping3_mobile,session_create_select_destroy,,46,10,schema_switch_options,3,unavailable,unavailable,unavailable
yune,track-b-product,jyut6ping3_mobile,session_create_select_destroy,,46,11,processor_install,3847,unavailable,unavailable,unavailable
yune,track-b-product,jyut6ping3_mobile,session_create_select_destroy,,46,12,schema_config_load,306,unavailable,unavailable,unavailable
yune,track-b-product,jyut6ping3_mobile,session_create_select_destroy,,46,13,translator_install,1208,unavailable,unavailable,unavailable
yune,track-b-product,jyut6ping3_mobile,session_create_select_destroy,,46,14,schema_config_load,335,unavailable,unavailable,unavailable
yune,track-b-product,jyut6ping3_mobile,session_create_select_destroy,,46,15,dictionary_lookup_records_cache_hit,0,unavailable,unavailable,unavailable
yune,track-b-product,jyut6ping3_mobile,session_create_select_destroy,,46,16,dictionary_lookup_records_load,5166,unavailable,unavailable,unavailable
yune,track-b-product,jyut6ping3_mobile,session_create_select_destroy,,46,17,filter_install,9852,unavailable,unavailable,unavailable
yune,track-b-product,jyut6ping3_mobile,session_create_select_destroy,,46,18,userdb_open_or_sync,22,unavailable,unavailable,unavailable
yune,track-b-product,jyut6ping3_mobile,session_create_select_destroy,,46,19,schema_select,16356,unavailable,unavailable,unavailable
yune,track-b-product,jyut6ping3_mobile,session_create_select_destroy,,46,20,session_destroy,34,unavailable,unavailable,unavailable
yune,track-b-product,jyut6ping3_mobile,session_create_select_destroy,,47,0,schema_config_load,13,unavailable,unavailable,unavailable
yune,track-b-product,jyut6ping3_mobile,session_create_select_destroy,,47,1,schema_switch_options,0,unavailable,unavailable,unavailable
yune,track-b-product,jyut6ping3_mobile,session_create_select_destroy,,47,2,processor_install,137,unavailable,unavailable,unavailable
yune,track-b-product,jyut6ping3_mobile,session_create_select_destroy,,47,3,schema_config_load,12,unavailable,unavailable,unavailable
yune,track-b-product,jyut6ping3_mobile,session_create_select_destroy,,47,4,translator_install,13,unavailable,unavailable,unavailable
yune,track-b-product,jyut6ping3_mobile,session_create_select_destroy,,47,5,schema_config_load,12,unavailable,unavailable,unavailable
yune,track-b-product,jyut6ping3_mobile,session_create_select_destroy,,47,6,filter_install,13,unavailable,unavailable,unavailable
yune,track-b-product,jyut6ping3_mobile,session_create_select_destroy,,47,7,userdb_open_or_sync,0,unavailable,unavailable,unavailable
yune,track-b-product,jyut6ping3_mobile,session_create_select_destroy,,47,8,session_create,515,unavailable,unavailable,unavailable
yune,track-b-product,jyut6ping3_mobile,session_create_select_destroy,,47,9,schema_config_load,329,unavailable,unavailable,unavailable
yune,track-b-product,jyut6ping3_mobile,session_create_select_destroy,,47,10,schema_switch_options,2,unavailable,unavailable,unavailable
yune,track-b-product,jyut6ping3_mobile,session_create_select_destroy,,47,11,processor_install,3840,unavailable,unavailable,unavailable
yune,track-b-product,jyut6ping3_mobile,session_create_select_destroy,,47,12,schema_config_load,313,unavailable,unavailable,unavailable
yune,track-b-product,jyut6ping3_mobile,session_create_select_destroy,,47,13,translator_install,1203,unavailable,unavailable,unavailable
yune,track-b-product,jyut6ping3_mobile,session_create_select_destroy,,47,14,schema_config_load,334,unavailable,unavailable,unavailable
yune,track-b-product,jyut6ping3_mobile,session_create_select_destroy,,47,15,dictionary_lookup_records_cache_hit,0,unavailable,unavailable,unavailable
yune,track-b-product,jyut6ping3_mobile,session_create_select_destroy,,47,16,dictionary_lookup_records_load,5133,unavailable,unavailable,unavailable
yune,track-b-product,jyut6ping3_mobile,session_create_select_destroy,,47,17,filter_install,9873,unavailable,unavailable,unavailable
yune,track-b-product,jyut6ping3_mobile,session_create_select_destroy,,47,18,userdb_open_or_sync,17,unavailable,unavailable,unavailable
yune,track-b-product,jyut6ping3_mobile,session_create_select_destroy,,47,19,schema_select,16246,unavailable,unavailable,unavailable
yune,track-b-product,jyut6ping3_mobile,session_create_select_destroy,,47,20,session_destroy,29,unavailable,unavailable,unavailable
yune,track-b-product,jyut6ping3_mobile,session_create_select_destroy,,48,0,schema_config_load,14,unavailable,unavailable,unavailable
yune,track-b-product,jyut6ping3_mobile,session_create_select_destroy,,48,1,schema_switch_options,0,unavailable,unavailable,unavailable
yune,track-b-product,jyut6ping3_mobile,session_create_select_destroy,,48,2,processor_install,135,unavailable,unavailable,unavailable
yune,track-b-product,jyut6ping3_mobile,session_create_select_destroy,,48,3,schema_config_load,12,unavailable,unavailable,unavailable
yune,track-b-product,jyut6ping3_mobile,session_create_select_destroy,,48,4,translator_install,12,unavailable,unavailable,unavailable
yune,track-b-product,jyut6ping3_mobile,session_create_select_destroy,,48,5,schema_config_load,12,unavailable,unavailable,unavailable
yune,track-b-product,jyut6ping3_mobile,session_create_select_destroy,,48,6,filter_install,13,unavailable,unavailable,unavailable
yune,track-b-product,jyut6ping3_mobile,session_create_select_destroy,,48,7,userdb_open_or_sync,0,unavailable,unavailable,unavailable
yune,track-b-product,jyut6ping3_mobile,session_create_select_destroy,,48,8,session_create,512,unavailable,unavailable,unavailable
yune,track-b-product,jyut6ping3_mobile,session_create_select_destroy,,48,9,schema_config_load,322,unavailable,unavailable,unavailable
yune,track-b-product,jyut6ping3_mobile,session_create_select_destroy,,48,10,schema_switch_options,2,unavailable,unavailable,unavailable
yune,track-b-product,jyut6ping3_mobile,session_create_select_destroy,,48,11,processor_install,3832,unavailable,unavailable,unavailable
yune,track-b-product,jyut6ping3_mobile,session_create_select_destroy,,48,12,schema_config_load,323,unavailable,unavailable,unavailable
yune,track-b-product,jyut6ping3_mobile,session_create_select_destroy,,48,13,translator_install,1218,unavailable,unavailable,unavailable
yune,track-b-product,jyut6ping3_mobile,session_create_select_destroy,,48,14,schema_config_load,323,unavailable,unavailable,unavailable
yune,track-b-product,jyut6ping3_mobile,session_create_select_destroy,,48,15,dictionary_lookup_records_cache_hit,0,unavailable,unavailable,unavailable
yune,track-b-product,jyut6ping3_mobile,session_create_select_destroy,,48,16,dictionary_lookup_records_load,5144,unavailable,unavailable,unavailable
yune,track-b-product,jyut6ping3_mobile,session_create_select_destroy,,48,17,filter_install,9937,unavailable,unavailable,unavailable
yune,track-b-product,jyut6ping3_mobile,session_create_select_destroy,,48,18,userdb_open_or_sync,19,unavailable,unavailable,unavailable
yune,track-b-product,jyut6ping3_mobile,session_create_select_destroy,,48,19,schema_select,16283,unavailable,unavailable,unavailable
yune,track-b-product,jyut6ping3_mobile,session_create_select_destroy,,48,20,session_destroy,31,unavailable,unavailable,unavailable
yune,track-b-product,jyut6ping3_mobile,session_create_select_destroy,,49,0,schema_config_load,13,unavailable,unavailable,unavailable
yune,track-b-product,jyut6ping3_mobile,session_create_select_destroy,,49,1,schema_switch_options,0,unavailable,unavailable,unavailable
yune,track-b-product,jyut6ping3_mobile,session_create_select_destroy,,49,2,processor_install,160,unavailable,unavailable,unavailable
yune,track-b-product,jyut6ping3_mobile,session_create_select_destroy,,49,3,schema_config_load,12,unavailable,unavailable,unavailable
yune,track-b-product,jyut6ping3_mobile,session_create_select_destroy,,49,4,translator_install,13,unavailable,unavailable,unavailable
yune,track-b-product,jyut6ping3_mobile,session_create_select_destroy,,49,5,schema_config_load,12,unavailable,unavailable,unavailable
yune,track-b-product,jyut6ping3_mobile,session_create_select_destroy,,49,6,filter_install,13,unavailable,unavailable,unavailable
yune,track-b-product,jyut6ping3_mobile,session_create_select_destroy,,49,7,userdb_open_or_sync,0,unavailable,unavailable,unavailable
yune,track-b-product,jyut6ping3_mobile,session_create_select_destroy,,49,8,session_create,553,unavailable,unavailable,unavailable
yune,track-b-product,jyut6ping3_mobile,session_create_select_destroy,,49,9,schema_config_load,342,unavailable,unavailable,unavailable
yune,track-b-product,jyut6ping3_mobile,session_create_select_destroy,,49,10,schema_switch_options,3,unavailable,unavailable,unavailable
yune,track-b-product,jyut6ping3_mobile,session_create_select_destroy,,49,11,processor_install,3844,unavailable,unavailable,unavailable
yune,track-b-product,jyut6ping3_mobile,session_create_select_destroy,,49,12,schema_config_load,313,unavailable,unavailable,unavailable
yune,track-b-product,jyut6ping3_mobile,session_create_select_destroy,,49,13,translator_install,1194,unavailable,unavailable,unavailable
yune,track-b-product,jyut6ping3_mobile,session_create_select_destroy,,49,14,schema_config_load,331,unavailable,unavailable,unavailable
yune,track-b-product,jyut6ping3_mobile,session_create_select_destroy,,49,15,dictionary_lookup_records_cache_hit,0,unavailable,unavailable,unavailable
yune,track-b-product,jyut6ping3_mobile,session_create_select_destroy,,49,16,dictionary_lookup_records_load,5135,unavailable,unavailable,unavailable
yune,track-b-product,jyut6ping3_mobile,session_create_select_destroy,,49,17,filter_install,9827,unavailable,unavailable,unavailable
yune,track-b-product,jyut6ping3_mobile,session_create_select_destroy,,49,18,userdb_open_or_sync,21,unavailable,unavailable,unavailable
yune,track-b-product,jyut6ping3_mobile,session_create_select_destroy,,49,19,schema_select,16188,unavailable,unavailable,unavailable
yune,track-b-product,jyut6ping3_mobile,session_create_select_destroy,,49,20,session_destroy,42,unavailable,unavailable,unavailable
yune,track-b-product,jyut6ping3_mobile,session_create_select_destroy,,50,0,schema_config_load,14,unavailable,unavailable,unavailable
yune,track-b-product,jyut6ping3_mobile,session_create_select_destroy,,50,1,schema_switch_options,0,unavailable,unavailable,unavailable
yune,track-b-product,jyut6ping3_mobile,session_create_select_destroy,,50,2,processor_install,140,unavailable,unavailable,unavailable
yune,track-b-product,jyut6ping3_mobile,session_create_select_destroy,,50,3,schema_config_load,13,unavailable,unavailable,unavailable
yune,track-b-product,jyut6ping3_mobile,session_create_select_destroy,,50,4,translator_install,13,unavailable,unavailable,unavailable
yune,track-b-product,jyut6ping3_mobile,session_create_select_destroy,,50,5,schema_config_load,13,unavailable,unavailable,unavailable
yune,track-b-product,jyut6ping3_mobile,session_create_select_destroy,,50,6,filter_install,14,unavailable,unavailable,unavailable
yune,track-b-product,jyut6ping3_mobile,session_create_select_destroy,,50,7,userdb_open_or_sync,0,unavailable,unavailable,unavailable
yune,track-b-product,jyut6ping3_mobile,session_create_select_destroy,,50,8,session_create,573,unavailable,unavailable,unavailable
yune,track-b-product,jyut6ping3_mobile,session_create_select_destroy,,50,9,schema_config_load,335,unavailable,unavailable,unavailable
yune,track-b-product,jyut6ping3_mobile,session_create_select_destroy,,50,10,schema_switch_options,3,unavailable,unavailable,unavailable
yune,track-b-product,jyut6ping3_mobile,session_create_select_destroy,,50,11,processor_install,3834,unavailable,unavailable,unavailable
yune,track-b-product,jyut6ping3_mobile,session_create_select_destroy,,50,12,schema_config_load,404,unavailable,unavailable,unavailable
yune,track-b-product,jyut6ping3_mobile,session_create_select_destroy,,50,13,translator_install,1344,unavailable,unavailable,unavailable
yune,track-b-product,jyut6ping3_mobile,session_create_select_destroy,,50,14,schema_config_load,327,unavailable,unavailable,unavailable
yune,track-b-product,jyut6ping3_mobile,session_create_select_destroy,,50,15,dictionary_lookup_records_cache_hit,0,unavailable,unavailable,unavailable
yune,track-b-product,jyut6ping3_mobile,session_create_select_destroy,,50,16,dictionary_lookup_records_load,5172,unavailable,unavailable,unavailable
yune,track-b-product,jyut6ping3_mobile,session_create_select_destroy,,50,17,filter_install,10007,unavailable,unavailable,unavailable
yune,track-b-product,jyut6ping3_mobile,session_create_select_destroy,,50,18,userdb_open_or_sync,19,unavailable,unavailable,unavailable
yune,track-b-product,jyut6ping3_mobile,session_create_select_destroy,,50,19,schema_select,16547,unavailable,unavailable,unavailable
yune,track-b-product,jyut6ping3_mobile,session_create_select_destroy,,50,20,session_destroy,46,unavailable,unavailable,unavailable
yune,track-b-product,jyut6ping3_mobile,session_create_select_destroy,,51,0,schema_config_load,14,unavailable,unavailable,unavailable
yune,track-b-product,jyut6ping3_mobile,session_create_select_destroy,,51,1,schema_switch_options,0,unavailable,unavailable,unavailable
yune,track-b-product,jyut6ping3_mobile,session_create_select_destroy,,51,2,processor_install,145,unavailable,unavailable,unavailable
yune,track-b-product,jyut6ping3_mobile,session_create_select_destroy,,51,3,schema_config_load,12,unavailable,unavailable,unavailable
yune,track-b-product,jyut6ping3_mobile,session_create_select_destroy,,51,4,translator_install,12,unavailable,unavailable,unavailable
yune,track-b-product,jyut6ping3_mobile,session_create_select_destroy,,51,5,schema_config_load,13,unavailable,unavailable,unavailable
yune,track-b-product,jyut6ping3_mobile,session_create_select_destroy,,51,6,filter_install,13,unavailable,unavailable,unavailable
yune,track-b-product,jyut6ping3_mobile,session_create_select_destroy,,51,7,userdb_open_or_sync,0,unavailable,unavailable,unavailable
yune,track-b-product,jyut6ping3_mobile,session_create_select_destroy,,51,8,session_create,541,unavailable,unavailable,unavailable
yune,track-b-product,jyut6ping3_mobile,session_create_select_destroy,,51,9,schema_config_load,339,unavailable,unavailable,unavailable
yune,track-b-product,jyut6ping3_mobile,session_create_select_destroy,,51,10,schema_switch_options,3,unavailable,unavailable,unavailable
yune,track-b-product,jyut6ping3_mobile,session_create_select_destroy,,51,11,processor_install,3894,unavailable,unavailable,unavailable
yune,track-b-product,jyut6ping3_mobile,session_create_select_destroy,,51,12,schema_config_load,311,unavailable,unavailable,unavailable
yune,track-b-product,jyut6ping3_mobile,session_create_select_destroy,,51,13,translator_install,1218,unavailable,unavailable,unavailable
yune,track-b-product,jyut6ping3_mobile,session_create_select_destroy,,51,14,schema_config_load,324,unavailable,unavailable,unavailable
yune,track-b-product,jyut6ping3_mobile,session_create_select_destroy,,51,15,dictionary_lookup_records_cache_hit,0,unavailable,unavailable,unavailable
yune,track-b-product,jyut6ping3_mobile,session_create_select_destroy,,51,16,dictionary_lookup_records_load,5180,unavailable,unavailable,unavailable
yune,track-b-product,jyut6ping3_mobile,session_create_select_destroy,,51,17,filter_install,10095,unavailable,unavailable,unavailable
yune,track-b-product,jyut6ping3_mobile,session_create_select_destroy,,51,18,userdb_open_or_sync,21,unavailable,unavailable,unavailable
yune,track-b-product,jyut6ping3_mobile,session_create_select_destroy,,51,19,schema_select,16571,unavailable,unavailable,unavailable
yune,track-b-product,jyut6ping3_mobile,session_create_select_destroy,,51,20,session_destroy,49,unavailable,unavailable,unavailable
yune,track-b-product,jyut6ping3_mobile,session_create_select_destroy,,52,0,schema_config_load,15,unavailable,unavailable,unavailable
yune,track-b-product,jyut6ping3_mobile,session_create_select_destroy,,52,1,schema_switch_options,0,unavailable,unavailable,unavailable
yune,track-b-product,jyut6ping3_mobile,session_create_select_destroy,,52,2,processor_install,144,unavailable,unavailable,unavailable
yune,track-b-product,jyut6ping3_mobile,session_create_select_destroy,,52,3,schema_config_load,13,unavailable,unavailable,unavailable
yune,track-b-product,jyut6ping3_mobile,session_create_select_destroy,,52,4,translator_install,13,unavailable,unavailable,unavailable
yune,track-b-product,jyut6ping3_mobile,session_create_select_destroy,,52,5,schema_config_load,13,unavailable,unavailable,unavailable
yune,track-b-product,jyut6ping3_mobile,session_create_select_destroy,,52,6,filter_install,13,unavailable,unavailable,unavailable
yune,track-b-product,jyut6ping3_mobile,session_create_select_destroy,,52,7,userdb_open_or_sync,0,unavailable,unavailable,unavailable
yune,track-b-product,jyut6ping3_mobile,session_create_select_destroy,,52,8,session_create,536,unavailable,unavailable,unavailable
yune,track-b-product,jyut6ping3_mobile,session_create_select_destroy,,52,9,schema_config_load,339,unavailable,unavailable,unavailable
yune,track-b-product,jyut6ping3_mobile,session_create_select_destroy,,52,10,schema_switch_options,3,unavailable,unavailable,unavailable
yune,track-b-product,jyut6ping3_mobile,session_create_select_destroy,,52,11,processor_install,4158,unavailable,unavailable,unavailable
yune,track-b-product,jyut6ping3_mobile,session_create_select_destroy,,52,12,schema_config_load,306,unavailable,unavailable,unavailable
yune,track-b-product,jyut6ping3_mobile,session_create_select_destroy,,52,13,translator_install,1232,unavailable,unavailable,unavailable
yune,track-b-product,jyut6ping3_mobile,session_create_select_destroy,,52,14,schema_config_load,316,unavailable,unavailable,unavailable
yune,track-b-product,jyut6ping3_mobile,session_create_select_destroy,,52,15,dictionary_lookup_records_cache_hit,0,unavailable,unavailable,unavailable
yune,track-b-product,jyut6ping3_mobile,session_create_select_destroy,,52,16,dictionary_lookup_records_load,5447,unavailable,unavailable,unavailable
yune,track-b-product,jyut6ping3_mobile,session_create_select_destroy,,52,17,filter_install,10326,unavailable,unavailable,unavailable
yune,track-b-product,jyut6ping3_mobile,session_create_select_destroy,,52,18,userdb_open_or_sync,29,unavailable,unavailable,unavailable
yune,track-b-product,jyut6ping3_mobile,session_create_select_destroy,,52,19,schema_select,17086,unavailable,unavailable,unavailable
yune,track-b-product,jyut6ping3_mobile,session_create_select_destroy,,52,20,session_destroy,39,unavailable,unavailable,unavailable
yune,track-b-product,jyut6ping3_mobile,session_create_select_destroy,,53,0,schema_config_load,14,unavailable,unavailable,unavailable
yune,track-b-product,jyut6ping3_mobile,session_create_select_destroy,,53,1,schema_switch_options,0,unavailable,unavailable,unavailable
yune,track-b-product,jyut6ping3_mobile,session_create_select_destroy,,53,2,processor_install,148,unavailable,unavailable,unavailable
yune,track-b-product,jyut6ping3_mobile,session_create_select_destroy,,53,3,schema_config_load,13,unavailable,unavailable,unavailable
yune,track-b-product,jyut6ping3_mobile,session_create_select_destroy,,53,4,translator_install,13,unavailable,unavailable,unavailable
yune,track-b-product,jyut6ping3_mobile,session_create_select_destroy,,53,5,schema_config_load,13,unavailable,unavailable,unavailable
yune,track-b-product,jyut6ping3_mobile,session_create_select_destroy,,53,6,filter_install,14,unavailable,unavailable,unavailable
yune,track-b-product,jyut6ping3_mobile,session_create_select_destroy,,53,7,userdb_open_or_sync,0,unavailable,unavailable,unavailable
yune,track-b-product,jyut6ping3_mobile,session_create_select_destroy,,53,8,session_create,560,unavailable,unavailable,unavailable
yune,track-b-product,jyut6ping3_mobile,session_create_select_destroy,,53,9,schema_config_load,340,unavailable,unavailable,unavailable
yune,track-b-product,jyut6ping3_mobile,session_create_select_destroy,,53,10,schema_switch_options,3,unavailable,unavailable,unavailable
yune,track-b-product,jyut6ping3_mobile,session_create_select_destroy,,53,11,processor_install,4077,unavailable,unavailable,unavailable
yune,track-b-product,jyut6ping3_mobile,session_create_select_destroy,,53,12,schema_config_load,328,unavailable,unavailable,unavailable
yune,track-b-product,jyut6ping3_mobile,session_create_select_destroy,,53,13,translator_install,1368,unavailable,unavailable,unavailable
yune,track-b-product,jyut6ping3_mobile,session_create_select_destroy,,53,14,schema_config_load,344,unavailable,unavailable,unavailable
yune,track-b-product,jyut6ping3_mobile,session_create_select_destroy,,53,15,dictionary_lookup_records_cache_hit,0,unavailable,unavailable,unavailable
yune,track-b-product,jyut6ping3_mobile,session_create_select_destroy,,53,16,dictionary_lookup_records_load,5366,unavailable,unavailable,unavailable
yune,track-b-product,jyut6ping3_mobile,session_create_select_destroy,,53,17,filter_install,10360,unavailable,unavailable,unavailable
yune,track-b-product,jyut6ping3_mobile,session_create_select_destroy,,53,18,userdb_open_or_sync,28,unavailable,unavailable,unavailable
yune,track-b-product,jyut6ping3_mobile,session_create_select_destroy,,53,19,schema_select,17194,unavailable,unavailable,unavailable
yune,track-b-product,jyut6ping3_mobile,session_create_select_destroy,,53,20,session_destroy,46,unavailable,unavailable,unavailable
yune,track-b-product,jyut6ping3_mobile,session_create_select_destroy,,54,0,schema_config_load,14,unavailable,unavailable,unavailable
yune,track-b-product,jyut6ping3_mobile,session_create_select_destroy,,54,1,schema_switch_options,0,unavailable,unavailable,unavailable
yune,track-b-product,jyut6ping3_mobile,session_create_select_destroy,,54,2,processor_install,150,unavailable,unavailable,unavailable
yune,track-b-product,jyut6ping3_mobile,session_create_select_destroy,,54,3,schema_config_load,15,unavailable,unavailable,unavailable
yune,track-b-product,jyut6ping3_mobile,session_create_select_destroy,,54,4,translator_install,15,unavailable,unavailable,unavailable
yune,track-b-product,jyut6ping3_mobile,session_create_select_destroy,,54,5,schema_config_load,16,unavailable,unavailable,unavailable
yune,track-b-product,jyut6ping3_mobile,session_create_select_destroy,,54,6,filter_install,16,unavailable,unavailable,unavailable
yune,track-b-product,jyut6ping3_mobile,session_create_select_destroy,,54,7,userdb_open_or_sync,0,unavailable,unavailable,unavailable
yune,track-b-product,jyut6ping3_mobile,session_create_select_destroy,,54,8,session_create,554,unavailable,unavailable,unavailable
yune,track-b-product,jyut6ping3_mobile,session_create_select_destroy,,54,9,schema_config_load,355,unavailable,unavailable,unavailable
yune,track-b-product,jyut6ping3_mobile,session_create_select_destroy,,54,10,schema_switch_options,3,unavailable,unavailable,unavailable
yune,track-b-product,jyut6ping3_mobile,session_create_select_destroy,,54,11,processor_install,3994,unavailable,unavailable,unavailable
yune,track-b-product,jyut6ping3_mobile,session_create_select_destroy,,54,12,schema_config_load,312,unavailable,unavailable,unavailable
yune,track-b-product,jyut6ping3_mobile,session_create_select_destroy,,54,13,translator_install,1502,unavailable,unavailable,unavailable
yune,track-b-product,jyut6ping3_mobile,session_create_select_destroy,,54,14,schema_config_load,347,unavailable,unavailable,unavailable
yune,track-b-product,jyut6ping3_mobile,session_create_select_destroy,,54,15,dictionary_lookup_records_cache_hit,0,unavailable,unavailable,unavailable
yune,track-b-product,jyut6ping3_mobile,session_create_select_destroy,,54,16,dictionary_lookup_records_load,5421,unavailable,unavailable,unavailable
yune,track-b-product,jyut6ping3_mobile,session_create_select_destroy,,54,17,filter_install,10503,unavailable,unavailable,unavailable
yune,track-b-product,jyut6ping3_mobile,session_create_select_destroy,,54,18,userdb_open_or_sync,35,unavailable,unavailable,unavailable
yune,track-b-product,jyut6ping3_mobile,session_create_select_destroy,,54,19,schema_select,17430,unavailable,unavailable,unavailable
yune,track-b-product,jyut6ping3_mobile,session_create_select_destroy,,54,20,session_destroy,62,unavailable,unavailable,unavailable
yune,track-b-product,jyut6ping3_mobile,session_create_select_destroy,,55,0,schema_config_load,14,unavailable,unavailable,unavailable
yune,track-b-product,jyut6ping3_mobile,session_create_select_destroy,,55,1,schema_switch_options,0,unavailable,unavailable,unavailable
yune,track-b-product,jyut6ping3_mobile,session_create_select_destroy,,55,2,processor_install,181,unavailable,unavailable,unavailable
yune,track-b-product,jyut6ping3_mobile,session_create_select_destroy,,55,3,schema_config_load,16,unavailable,unavailable,unavailable
yune,track-b-product,jyut6ping3_mobile,session_create_select_destroy,,55,4,translator_install,17,unavailable,unavailable,unavailable
yune,track-b-product,jyut6ping3_mobile,session_create_select_destroy,,55,5,schema_config_load,18,unavailable,unavailable,unavailable
yune,track-b-product,jyut6ping3_mobile,session_create_select_destroy,,55,6,filter_install,19,unavailable,unavailable,unavailable
yune,track-b-product,jyut6ping3_mobile,session_create_select_destroy,,55,7,userdb_open_or_sync,0,unavailable,unavailable,unavailable
yune,track-b-product,jyut6ping3_mobile,session_create_select_destroy,,55,8,session_create,660,unavailable,unavailable,unavailable
yune,track-b-product,jyut6ping3_mobile,session_create_select_destroy,,55,9,schema_config_load,463,unavailable,unavailable,unavailable
yune,track-b-product,jyut6ping3_mobile,session_create_select_destroy,,55,10,schema_switch_options,4,unavailable,unavailable,unavailable
yune,track-b-product,jyut6ping3_mobile,session_create_select_destroy,,55,11,processor_install,4065,unavailable,unavailable,unavailable
yune,track-b-product,jyut6ping3_mobile,session_create_select_destroy,,55,12,schema_config_load,343,unavailable,unavailable,unavailable
yune,track-b-product,jyut6ping3_mobile,session_create_select_destroy,,55,13,translator_install,1373,unavailable,unavailable,unavailable
yune,track-b-product,jyut6ping3_mobile,session_create_select_destroy,,55,14,schema_config_load,352,unavailable,unavailable,unavailable
yune,track-b-product,jyut6ping3_mobile,session_create_select_destroy,,55,15,dictionary_lookup_records_cache_hit,0,unavailable,unavailable,unavailable
yune,track-b-product,jyut6ping3_mobile,session_create_select_destroy,,55,16,dictionary_lookup_records_load,5323,unavailable,unavailable,unavailable
yune,track-b-product,jyut6ping3_mobile,session_create_select_destroy,,55,17,filter_install,10515,unavailable,unavailable,unavailable
yune,track-b-product,jyut6ping3_mobile,session_create_select_destroy,,55,18,userdb_open_or_sync,37,unavailable,unavailable,unavailable
yune,track-b-product,jyut6ping3_mobile,session_create_select_destroy,,55,19,schema_select,17617,unavailable,unavailable,unavailable
yune,track-b-product,jyut6ping3_mobile,session_create_select_destroy,,55,20,session_destroy,90,unavailable,unavailable,unavailable
yune,track-b-product,jyut6ping3_mobile,session_create_select_destroy,,56,0,schema_config_load,44,unavailable,unavailable,unavailable
yune,track-b-product,jyut6ping3_mobile,session_create_select_destroy,,56,1,schema_switch_options,0,unavailable,unavailable,unavailable
yune,track-b-product,jyut6ping3_mobile,session_create_select_destroy,,56,2,processor_install,334,unavailable,unavailable,unavailable
yune,track-b-product,jyut6ping3_mobile,session_create_select_destroy,,56,3,schema_config_load,18,unavailable,unavailable,unavailable
yune,track-b-product,jyut6ping3_mobile,session_create_select_destroy,,56,4,translator_install,18,unavailable,unavailable,unavailable
yune,track-b-product,jyut6ping3_mobile,session_create_select_destroy,,56,5,schema_config_load,15,unavailable,unavailable,unavailable
yune,track-b-product,jyut6ping3_mobile,session_create_select_destroy,,56,6,filter_install,16,unavailable,unavailable,unavailable
yune,track-b-product,jyut6ping3_mobile,session_create_select_destroy,,56,7,userdb_open_or_sync,1,unavailable,unavailable,unavailable
yune,track-b-product,jyut6ping3_mobile,session_create_select_destroy,,56,8,session_create,904,unavailable,unavailable,unavailable
yune,track-b-product,jyut6ping3_mobile,session_create_select_destroy,,56,9,schema_config_load,516,unavailable,unavailable,unavailable
yune,track-b-product,jyut6ping3_mobile,session_create_select_destroy,,56,10,schema_switch_options,4,unavailable,unavailable,unavailable
yune,track-b-product,jyut6ping3_mobile,session_create_select_destroy,,56,11,processor_install,4479,unavailable,unavailable,unavailable
yune,track-b-product,jyut6ping3_mobile,session_create_select_destroy,,56,12,schema_config_load,414,unavailable,unavailable,unavailable
yune,track-b-product,jyut6ping3_mobile,session_create_select_destroy,,56,13,translator_install,1588,unavailable,unavailable,unavailable
yune,track-b-product,jyut6ping3_mobile,session_create_select_destroy,,56,14,schema_config_load,364,unavailable,unavailable,unavailable
yune,track-b-product,jyut6ping3_mobile,session_create_select_destroy,,56,15,dictionary_lookup_records_cache_hit,0,unavailable,unavailable,unavailable
yune,track-b-product,jyut6ping3_mobile,session_create_select_destroy,,56,16,dictionary_lookup_records_load,5356,unavailable,unavailable,unavailable
yune,track-b-product,jyut6ping3_mobile,session_create_select_destroy,,56,17,filter_install,10393,unavailable,unavailable,unavailable
yune,track-b-product,jyut6ping3_mobile,session_create_select_destroy,,56,18,userdb_open_or_sync,35,unavailable,unavailable,unavailable
yune,track-b-product,jyut6ping3_mobile,session_create_select_destroy,,56,19,schema_select,18205,unavailable,unavailable,unavailable
yune,track-b-product,jyut6ping3_mobile,session_create_select_destroy,,56,20,session_destroy,43,unavailable,unavailable,unavailable
yune,track-b-product,jyut6ping3_mobile,session_create_select_destroy,,57,0,schema_config_load,15,unavailable,unavailable,unavailable
yune,track-b-product,jyut6ping3_mobile,session_create_select_destroy,,57,1,schema_switch_options,0,unavailable,unavailable,unavailable
yune,track-b-product,jyut6ping3_mobile,session_create_select_destroy,,57,2,processor_install,148,unavailable,unavailable,unavailable
yune,track-b-product,jyut6ping3_mobile,session_create_select_destroy,,57,3,schema_config_load,15,unavailable,unavailable,unavailable
yune,track-b-product,jyut6ping3_mobile,session_create_select_destroy,,57,4,translator_install,16,unavailable,unavailable,unavailable
yune,track-b-product,jyut6ping3_mobile,session_create_select_destroy,,57,5,schema_config_load,13,unavailable,unavailable,unavailable
yune,track-b-product,jyut6ping3_mobile,session_create_select_destroy,,57,6,filter_install,14,unavailable,unavailable,unavailable
yune,track-b-product,jyut6ping3_mobile,session_create_select_destroy,,57,7,userdb_open_or_sync,0,unavailable,unavailable,unavailable
yune,track-b-product,jyut6ping3_mobile,session_create_select_destroy,,57,8,session_create,660,unavailable,unavailable,unavailable
yune,track-b-product,jyut6ping3_mobile,session_create_select_destroy,,57,9,schema_config_load,391,unavailable,unavailable,unavailable
yune,track-b-product,jyut6ping3_mobile,session_create_select_destroy,,57,10,schema_switch_options,4,unavailable,unavailable,unavailable
yune,track-b-product,jyut6ping3_mobile,session_create_select_destroy,,57,11,processor_install,5037,unavailable,unavailable,unavailable
yune,track-b-product,jyut6ping3_mobile,session_create_select_destroy,,57,12,schema_config_load,363,unavailable,unavailable,unavailable
yune,track-b-product,jyut6ping3_mobile,session_create_select_destroy,,57,13,translator_install,1574,unavailable,unavailable,unavailable
yune,track-b-product,jyut6ping3_mobile,session_create_select_destroy,,57,14,schema_config_load,436,unavailable,unavailable,unavailable
yune,track-b-product,jyut6ping3_mobile,session_create_select_destroy,,57,15,dictionary_lookup_records_cache_hit,0,unavailable,unavailable,unavailable
yune,track-b-product,jyut6ping3_mobile,session_create_select_destroy,,57,16,dictionary_lookup_records_load,5384,unavailable,unavailable,unavailable
yune,track-b-product,jyut6ping3_mobile,session_create_select_destroy,,57,17,filter_install,11312,unavailable,unavailable,unavailable
yune,track-b-product,jyut6ping3_mobile,session_create_select_destroy,,57,18,userdb_open_or_sync,58,unavailable,unavailable,unavailable
yune,track-b-product,jyut6ping3_mobile,session_create_select_destroy,,57,19,schema_select,19558,unavailable,unavailable,unavailable
yune,track-b-product,jyut6ping3_mobile,session_create_select_destroy,,57,20,session_destroy,68,unavailable,unavailable,unavailable
yune,track-b-product,jyut6ping3_mobile,session_create_select_destroy,,58,0,schema_config_load,15,unavailable,unavailable,unavailable
yune,track-b-product,jyut6ping3_mobile,session_create_select_destroy,,58,1,schema_switch_options,0,unavailable,unavailable,unavailable
yune,track-b-product,jyut6ping3_mobile,session_create_select_destroy,,58,2,processor_install,150,unavailable,unavailable,unavailable
yune,track-b-product,jyut6ping3_mobile,session_create_select_destroy,,58,3,schema_config_load,13,unavailable,unavailable,unavailable
yune,track-b-product,jyut6ping3_mobile,session_create_select_destroy,,58,4,translator_install,14,unavailable,unavailable,unavailable
yune,track-b-product,jyut6ping3_mobile,session_create_select_destroy,,58,5,schema_config_load,14,unavailable,unavailable,unavailable
yune,track-b-product,jyut6ping3_mobile,session_create_select_destroy,,58,6,filter_install,15,unavailable,unavailable,unavailable
yune,track-b-product,jyut6ping3_mobile,session_create_select_destroy,,58,7,userdb_open_or_sync,0,unavailable,unavailable,unavailable
yune,track-b-product,jyut6ping3_mobile,session_create_select_destroy,,58,8,session_create,680,unavailable,unavailable,unavailable
yune,track-b-product,jyut6ping3_mobile,session_create_select_destroy,,58,9,schema_config_load,401,unavailable,unavailable,unavailable
yune,track-b-product,jyut6ping3_mobile,session_create_select_destroy,,58,10,schema_switch_options,4,unavailable,unavailable,unavailable
yune,track-b-product,jyut6ping3_mobile,session_create_select_destroy,,58,11,processor_install,5360,unavailable,unavailable,unavailable
yune,track-b-product,jyut6ping3_mobile,session_create_select_destroy,,58,12,schema_config_load,372,unavailable,unavailable,unavailable
yune,track-b-product,jyut6ping3_mobile,session_create_select_destroy,,58,13,translator_install,1533,unavailable,unavailable,unavailable
yune,track-b-product,jyut6ping3_mobile,session_create_select_destroy,,58,14,schema_config_load,378,unavailable,unavailable,unavailable
yune,track-b-product,jyut6ping3_mobile,session_create_select_destroy,,58,15,dictionary_lookup_records_cache_hit,0,unavailable,unavailable,unavailable
yune,track-b-product,jyut6ping3_mobile,session_create_select_destroy,,58,16,dictionary_lookup_records_load,5374,unavailable,unavailable,unavailable
yune,track-b-product,jyut6ping3_mobile,session_create_select_destroy,,58,17,filter_install,10738,unavailable,unavailable,unavailable
yune,track-b-product,jyut6ping3_mobile,session_create_select_destroy,,58,18,userdb_open_or_sync,33,unavailable,unavailable,unavailable
yune,track-b-product,jyut6ping3_mobile,session_create_select_destroy,,58,19,schema_select,19199,unavailable,unavailable,unavailable
yune,track-b-product,jyut6ping3_mobile,session_create_select_destroy,,58,20,session_destroy,58,unavailable,unavailable,unavailable
yune,track-b-product,jyut6ping3_mobile,session_create_select_destroy,,59,0,schema_config_load,15,unavailable,unavailable,unavailable
yune,track-b-product,jyut6ping3_mobile,session_create_select_destroy,,59,1,schema_switch_options,0,unavailable,unavailable,unavailable
yune,track-b-product,jyut6ping3_mobile,session_create_select_destroy,,59,2,processor_install,149,unavailable,unavailable,unavailable
yune,track-b-product,jyut6ping3_mobile,session_create_select_destroy,,59,3,schema_config_load,13,unavailable,unavailable,unavailable
yune,track-b-product,jyut6ping3_mobile,session_create_select_destroy,,59,4,translator_install,13,unavailable,unavailable,unavailable
yune,track-b-product,jyut6ping3_mobile,session_create_select_destroy,,59,5,schema_config_load,13,unavailable,unavailable,unavailable
yune,track-b-product,jyut6ping3_mobile,session_create_select_destroy,,59,6,filter_install,14,unavailable,unavailable,unavailable
yune,track-b-product,jyut6ping3_mobile,session_create_select_destroy,,59,7,userdb_open_or_sync,0,unavailable,unavailable,unavailable
yune,track-b-product,jyut6ping3_mobile,session_create_select_destroy,,59,8,session_create,596,unavailable,unavailable,unavailable
yune,track-b-product,jyut6ping3_mobile,session_create_select_destroy,,59,9,schema_config_load,442,unavailable,unavailable,unavailable
yune,track-b-product,jyut6ping3_mobile,session_create_select_destroy,,59,10,schema_switch_options,4,unavailable,unavailable,unavailable
yune,track-b-product,jyut6ping3_mobile,session_create_select_destroy,,59,11,processor_install,4430,unavailable,unavailable,unavailable
yune,track-b-product,jyut6ping3_mobile,session_create_select_destroy,,59,12,schema_config_load,369,unavailable,unavailable,unavailable
yune,track-b-product,jyut6ping3_mobile,session_create_select_destroy,,59,13,translator_install,1638,unavailable,unavailable,unavailable
yune,track-b-product,jyut6ping3_mobile,session_create_select_destroy,,59,14,schema_config_load,429,unavailable,unavailable,unavailable
yune,track-b-product,jyut6ping3_mobile,session_create_select_destroy,,59,15,dictionary_lookup_records_cache_hit,0,unavailable,unavailable,unavailable
yune,track-b-product,jyut6ping3_mobile,session_create_select_destroy,,59,16,dictionary_lookup_records_load,5362,unavailable,unavailable,unavailable
yune,track-b-product,jyut6ping3_mobile,session_create_select_destroy,,59,17,filter_install,10836,unavailable,unavailable,unavailable
yune,track-b-product,jyut6ping3_mobile,session_create_select_destroy,,59,18,userdb_open_or_sync,32,unavailable,unavailable,unavailable
yune,track-b-product,jyut6ping3_mobile,session_create_select_destroy,,59,19,schema_select,18732,unavailable,unavailable,unavailable
yune,track-b-product,jyut6ping3_mobile,session_create_select_destroy,,59,20,session_destroy,70,unavailable,unavailable,unavailable
