"engine","track","schema_id","workload","input","sample_index","operation_count","total_us","us_per_operation","before_working_set_bytes","after_ready_working_set_bytes","after_finalize_working_set_bytes","peak_working_set_bytes","before_private_bytes","after_ready_private_bytes","after_finalize_private_bytes","private_bytes","pagefile_bytes","peak_pagefile_bytes"
"librime-1.17.0","track-a-comparison","luna_pinyin","startup_warm_shared_assets_runtime_ready","","0","1","42798.800","42798.800","7024640","10547200","9908224","11628544","1597440","3276800","2805760","3276800","3276800","5640192"
"librime-1.17.0","track-a-comparison","luna_pinyin","startup_warm_shared_assets_runtime_ready","","1","1","26159.200","26159.200","9908224","10907648","9981952","13312000","2805760","3645440","2646016","3645440","3645440","6008832"
"librime-1.17.0","track-a-comparison","luna_pinyin","startup_warm_shared_assets_runtime_ready","","2","1","23004.100","23004.100","9981952","10891264","10018816","13312000","2646016","3653632","2654208","3653632","3653632","6008832"
"librime-1.17.0","track-a-comparison","luna_pinyin","startup_warm_shared_assets_runtime_ready","","3","1","23454.500","23454.500","10018816","10952704","10121216","13340672","2654208","3809280","2826240","3809280","3809280","6021120"
"librime-1.17.0","track-a-comparison","luna_pinyin","startup_warm_shared_assets_runtime_ready","","4","1","22568.900","22568.900","10121216","10989568","10190848","13385728","2826240","3842048","3014656","3842048","3842048","6160384"
"librime-1.17.0","track-a-comparison","luna_pinyin","startup_warm_shared_assets_runtime_ready","","5","1","23252.200","23252.200","10190848","10964992","10133504","13443072","3014656","3854336","2838528","3854336","3854336","6230016"
"librime-1.17.0","track-a-comparison","luna_pinyin","startup_warm_shared_assets_runtime_ready","","6","1","22466.500","22466.500","10133504","10981376","10121216","13447168","2838528","3817472","2789376","3817472","3817472","6230016"
"librime-1.17.0","track-a-comparison","luna_pinyin","startup_warm_shared_assets_runtime_ready","","7","1","24908.800","24908.800","10121216","10989568","10190848","13447168","2789376","3780608","3244032","3780608","3780608","6230016"
"librime-1.17.0","track-a-comparison","luna_pinyin","startup_warm_shared_assets_runtime_ready","","8","1","30484.500","30484.500","10190848","10973184","10194944","13447168","3244032","3805184","3043328","3805184","3805184","6230016"
"librime-1.17.0","track-a-comparison","luna_pinyin","session_create_select_destroy","","0","1","22822.900","22822.900","10199040","10326016","unavailable","13451264","3088384","2994176","unavailable","2994176","2994176","6230016"
"librime-1.17.0","track-a-comparison","luna_pinyin","session_create_select_destroy","","1","1","30383.400","30383.400","10326016","10391552","unavailable","13484032","2994176","3059712","unavailable","3059712","3059712","6295552"
"librime-1.17.0","track-a-comparison","luna_pinyin","session_create_select_destroy","","2","1","23563.800","23563.800","10391552","10379264","unavailable","13520896","3059712","3047424","unavailable","3047424","3047424","6295552"
"librime-1.17.0","track-a-comparison","luna_pinyin","session_create_select_destroy","","3","1","27699.300","27699.300","10379264","10498048","unavailable","13520896","3047424","3571712","unavailable","3571712","3571712","6299648"
"librime-1.17.0","track-a-comparison","luna_pinyin","session_create_select_destroy","","4","1","23994.300","23994.300","10498048","10412032","unavailable","13520896","3571712","3080192","unavailable","3080192","3080192","6299648"
"librime-1.17.0","track-a-comparison","luna_pinyin","session_create_select_destroy","","5","1","27235.200","27235.200","10412032","10498048","unavailable","13520896","3080192","3366912","unavailable","3366912","3366912","6299648"
"librime-1.17.0","track-a-comparison","luna_pinyin","session_create_select_destroy","","6","1","25823.000","25823.000","10498048","10469376","unavailable","13520896","3366912","3174400","unavailable","3174400","3174400","6299648"
"librime-1.17.0","track-a-comparison","luna_pinyin","session_create_select_destroy","","7","1","24355.100","24355.100","10469376","10395648","unavailable","13520896","3174400","3059712","unavailable","3059712","3059712","6299648"
"librime-1.17.0","track-a-comparison","luna_pinyin","session_create_select_destroy","","8","1","26279.700","26279.700","10403840","10473472","unavailable","13520896","3072000","3424256","unavailable","3424256","3424256","6299648"
"librime-1.17.0","track-a-comparison","luna_pinyin","session_create_select_destroy","","9","1","23886.800","23886.800","10473472","10481664","unavailable","13520896","3424256","3186688","unavailable","3186688","3186688","6299648"
"librime-1.17.0","track-a-comparison","luna_pinyin","session_create_select_destroy","","10","1","22404.200","22404.200","10481664","10403840","unavailable","13520896","3186688","3080192","unavailable","3080192","3080192","6299648"
"librime-1.17.0","track-a-comparison","luna_pinyin","session_create_select_destroy","","11","1","22698.300","22698.300","10403840","10522624","unavailable","13520896","3080192","3350528","unavailable","3350528","3350528","6299648"
"librime-1.17.0","track-a-comparison","luna_pinyin","session_create_select_destroy","","12","1","23254.900","23254.900","10522624","10493952","unavailable","13533184","3350528","3215360","unavailable","3215360","3215360","6299648"
"librime-1.17.0","track-a-comparison","luna_pinyin","session_create_select_destroy","","13","1","29416.800","29416.800","10498048","10412032","unavailable","13533184","3215360","3080192","unavailable","3080192","3080192","6299648"
"librime-1.17.0","track-a-comparison","luna_pinyin","session_create_select_destroy","","14","1","25441.400","25441.400","10412032","10534912","unavailable","13533184","3080192","3211264","unavailable","3211264","3211264","6299648"
"librime-1.17.0","track-a-comparison","luna_pinyin","session_create_select_destroy","","15","1","44873.500","44873.500","10534912","10518528","unavailable","13533184","3211264","3194880","unavailable","3194880","3194880","6299648"
"librime-1.17.0","track-a-comparison","luna_pinyin","session_create_select_destroy","","16","1","23530.300","23530.300","10518528","10579968","unavailable","13533184","3194880","3289088","unavailable","3289088","3289088","6299648"
"librime-1.17.0","track-a-comparison","luna_pinyin","session_create_select_destroy","","17","1","29068.900","29068.900","10579968","10485760","unavailable","13533184","3289088","3166208","unavailable","3166208","3166208","6299648"
"librime-1.17.0","track-a-comparison","luna_pinyin","session_create_select_destroy","","18","1","26951.000","26951.000","10485760","10481664","unavailable","13533184","3166208","3162112","unavailable","3162112","3162112","6299648"
"librime-1.17.0","track-a-comparison","luna_pinyin","session_create_select_destroy","","19","1","27135.900","27135.900","10481664","10477568","unavailable","13533184","3162112","3153920","unavailable","3153920","3153920","6299648"
"librime-1.17.0","track-a-comparison","luna_pinyin","session_create_select_destroy","","20","1","23802.300","23802.300","10477568","10559488","unavailable","13533184","3153920","3371008","unavailable","3371008","3371008","6299648"
"librime-1.17.0","track-a-comparison","luna_pinyin","session_create_select_destroy","","21","1","23471.100","23471.100","10559488","10465280","unavailable","13533184","3371008","3141632","unavailable","3141632","3141632","6299648"
"librime-1.17.0","track-a-comparison","luna_pinyin","session_create_select_destroy","","22","1","26758.700","26758.700","10465280","10522624","unavailable","13541376","3141632","3203072","unavailable","3203072","3203072","6299648"
"librime-1.17.0","track-a-comparison","luna_pinyin","session_create_select_destroy","","23","1","26991.700","26991.700","10522624","10489856","unavailable","13541376","3203072","3158016","unavailable","3158016","3158016","6299648"
"librime-1.17.0","track-a-comparison","luna_pinyin","session_create_select_destroy","","24","1","26851.200","26851.200","10493952","10534912","unavailable","13541376","3219456","3223552","unavailable","3223552","3223552","6369280"
"librime-1.17.0","track-a-comparison","luna_pinyin","session_create_select_destroy","","25","1","25714.500","25714.500","10534912","10551296","unavailable","13541376","3223552","3231744","unavailable","3231744","3231744","6369280"
"librime-1.17.0","track-a-comparison","luna_pinyin","session_create_select_destroy","","26","1","24442.600","24442.600","10551296","10600448","unavailable","13541376","3231744","3416064","unavailable","3416064","3416064","6369280"
"librime-1.17.0","track-a-comparison","luna_pinyin","session_create_select_destroy","","27","1","26604.800","26604.800","10600448","10510336","unavailable","13541376","3416064","3203072","unavailable","3203072","3203072","6369280"
"librime-1.17.0","track-a-comparison","luna_pinyin","session_create_select_destroy","","28","1","25607.300","25607.300","10510336","10485760","unavailable","13541376","3203072","3162112","unavailable","3162112","3162112","6369280"
"librime-1.17.0","track-a-comparison","luna_pinyin","session_create_select_destroy","","29","1","23380.100","23380.100","10485760","10567680","unavailable","13541376","3162112","3379200","unavailable","3379200","3379200","6369280"
"librime-1.17.0","track-a-comparison","luna_pinyin","session_create_select_destroy","","30","1","24177.200","24177.200","10567680","10489856","unavailable","13541376","3379200","3170304","unavailable","3170304","3170304","6369280"
"librime-1.17.0","track-a-comparison","luna_pinyin","session_create_select_destroy","","31","1","23468.500","23468.500","10493952","10719232","unavailable","13541376","3170304","3739648","unavailable","3739648","3739648","6369280"
"librime-1.17.0","track-a-comparison","luna_pinyin","session_create_select_destroy","","32","1","25424.400","25424.400","10719232","10653696","unavailable","13545472","3739648","3465216","unavailable","3465216","3465216","6369280"
"librime-1.17.0","track-a-comparison","luna_pinyin","session_create_select_destroy","","33","1","24237.000","24237.000","10653696","10629120","unavailable","13557760","3465216","3567616","unavailable","3567616","3567616","6369280"
"librime-1.17.0","track-a-comparison","luna_pinyin","session_create_select_destroy","","34","1","27315.900","27315.900","10629120","10584064","unavailable","13557760","3567616","3272704","unavailable","3272704","3272704","6369280"
"librime-1.17.0","track-a-comparison","luna_pinyin","session_create_select_destroy","","35","1","23959.300","23959.300","10584064","10641408","unavailable","13557760","3272704","3526656","unavailable","3526656","3526656","6369280"
"librime-1.17.0","track-a-comparison","luna_pinyin","session_create_select_destroy","","36","1","23813.400","23813.400","10641408","10772480","unavailable","13590528","3526656","3792896","unavailable","3792896","3792896","6369280"
"librime-1.17.0","track-a-comparison","luna_pinyin","session_create_select_destroy","","37","1","22667.100","22667.100","10772480","10727424","unavailable","13590528","3792896","3567616","unavailable","3567616","3567616","6434816"
"librime-1.17.0","track-a-comparison","luna_pinyin","session_create_select_destroy","","38","1","22597.800","22597.800","10727424","10727424","unavailable","13590528","3567616","3416064","unavailable","3416064","3416064","6504448"
"librime-1.17.0","track-a-comparison","luna_pinyin","session_create_select_destroy","","39","1","23456.200","23456.200","10727424","10817536","unavailable","13590528","3416064","3940352","unavailable","3940352","3940352","6508544"
"librime-1.17.0","track-a-comparison","luna_pinyin","session_create_select_destroy","","40","1","23015.500","23015.500","10821632","10727424","unavailable","13590528","3940352","3477504","unavailable","3477504","3477504","6508544"
"librime-1.17.0","track-a-comparison","luna_pinyin","session_create_select_destroy","","41","1","22219.300","22219.300","10727424","10735616","unavailable","13590528","3477504","3522560","unavailable","3522560","3522560","6508544"
"librime-1.17.0","track-a-comparison","luna_pinyin","session_create_select_destroy","","42","1","22126.800","22126.800","10735616","10731520","unavailable","13590528","3522560","3522560","unavailable","3522560","3522560","6508544"
"librime-1.17.0","track-a-comparison","luna_pinyin","session_create_select_destroy","","43","1","26445.800","26445.800","10731520","10731520","unavailable","13590528","3522560","3444736","unavailable","3444736","3444736","6508544"
"librime-1.17.0","track-a-comparison","luna_pinyin","session_create_select_destroy","","44","1","29347.500","29347.500","10731520","10801152","unavailable","13590528","3444736","3522560","unavailable","3522560","3522560","6508544"
"librime-1.17.0","track-a-comparison","luna_pinyin","session_create_select_destroy","","45","1","26495.800","26495.800","10801152","10874880","unavailable","13590528","3522560","3862528","unavailable","3862528","3862528","6508544"
"librime-1.17.0","track-a-comparison","luna_pinyin","session_create_select_destroy","","46","1","26915.700","26915.700","10874880","10792960","unavailable","13590528","3862528","3678208","unavailable","3678208","3678208","6508544"
"librime-1.17.0","track-a-comparison","luna_pinyin","session_create_select_destroy","","47","1","25382.900","25382.900","10792960","10874880","unavailable","13590528","3678208","3911680","unavailable","3911680","3911680","6508544"
"librime-1.17.0","track-a-comparison","luna_pinyin","session_create_select_destroy","","48","1","25479.100","25479.100","10874880","10719232","unavailable","13590528","3911680","3407872","unavailable","3407872","3407872","6508544"
"librime-1.17.0","track-a-comparison","luna_pinyin","session_create_select_destroy","","49","1","24784.400","24784.400","10719232","10854400","unavailable","13590528","3407872","3960832","unavailable","3960832","3960832","6508544"
"librime-1.17.0","track-a-comparison","luna_pinyin","session_create_select_destroy","","50","1","21382.700","21382.700","10854400","10743808","unavailable","13590528","3960832","3432448","unavailable","3432448","3432448","6508544"
"librime-1.17.0","track-a-comparison","luna_pinyin","session_create_select_destroy","","51","1","22096.800","22096.800","10743808","10825728","unavailable","13611008","3432448","3641344","unavailable","3641344","3641344","6508544"
"librime-1.17.0","track-a-comparison","luna_pinyin","session_create_select_destroy","","52","1","24975.800","24975.800","10825728","10727424","unavailable","13611008","3641344","3411968","unavailable","3411968","3411968","6508544"
"librime-1.17.0","track-a-comparison","luna_pinyin","session_create_select_destroy","","53","1","24080.700","24080.700","10727424","10752000","unavailable","13611008","3411968","3444736","unavailable","3444736","3444736","6508544"
"librime-1.17.0","track-a-comparison","luna_pinyin","session_create_select_destroy","","54","1","27391.100","27391.100","10752000","10866688","unavailable","13611008","3444736","3878912","unavailable","3878912","3878912","6508544"
"librime-1.17.0","track-a-comparison","luna_pinyin","session_create_select_destroy","","55","1","21497.000","21497.000","10866688","10829824","unavailable","13611008","3878912","3723264","unavailable","3723264","3723264","6508544"
"librime-1.17.0","track-a-comparison","luna_pinyin","session_create_select_destroy","","56","1","27293.200","27293.200","10833920","10805248","unavailable","13611008","3788800","3616768","unavailable","3616768","3616768","6508544"
"librime-1.17.0","track-a-comparison","luna_pinyin","session_create_select_destroy","","57","1","26084.700","26084.700","10805248","10756096","unavailable","13611008","3616768","3473408","unavailable","3473408","3473408","6508544"
"librime-1.17.0","track-a-comparison","luna_pinyin","session_create_select_destroy","","58","1","26697.200","26697.200","10760192","10883072","unavailable","13611008","3473408","3760128","unavailable","3760128","3760128","6508544"
"librime-1.17.0","track-a-comparison","luna_pinyin","session_create_select_destroy","","59","1","22521.600","22521.600","10883072","10760192","unavailable","13611008","3760128","3465216","unavailable","3465216","3465216","6508544"
"librime-1.17.0","track-a-comparison","luna_pinyin","key_sequence_process_with_context","n","0","1","22.100","22.100","11862016","11866112","unavailable","13611008","4521984","4521984","unavailable","4521984","4521984","6508544"
"librime-1.17.0","track-a-comparison","luna_pinyin","key_sequence_process_with_context","n","1","1","21.400","21.400","11866112","11866112","unavailable","13611008","4521984","4521984","unavailable","4521984","4521984","6508544"
"librime-1.17.0","track-a-comparison","luna_pinyin","key_sequence_process_with_context","n","2","1","21.100","21.100","11866112","11866112","unavailable","13611008","4521984","4521984","unavailable","4521984","4521984","6508544"
"librime-1.17.0","track-a-comparison","luna_pinyin","key_sequence_process_with_context","n","3","1","21.300","21.300","11866112","11866112","unavailable","13611008","4521984","4521984","unavailable","4521984","4521984","6508544"
"librime-1.17.0","track-a-comparison","luna_pinyin","key_sequence_process_with_context","n","4","1","20.700","20.700","11866112","11866112","unavailable","13611008","4521984","4521984","unavailable","4521984","4521984","6508544"
"librime-1.17.0","track-a-comparison","luna_pinyin","key_sequence_process_with_context","n","5","1","20.600","20.600","11866112","11866112","unavailable","13611008","4521984","4521984","unavailable","4521984","4521984","6508544"
"librime-1.17.0","track-a-comparison","luna_pinyin","key_sequence_process_with_context","n","6","1","20.400","20.400","11866112","11866112","unavailable","13611008","4521984","4521984","unavailable","4521984","4521984","6508544"
"librime-1.17.0","track-a-comparison","luna_pinyin","key_sequence_process_with_context","n","7","1","20.400","20.400","11870208","11870208","unavailable","13611008","4521984","4521984","unavailable","4521984","4521984","6508544"
"librime-1.17.0","track-a-comparison","luna_pinyin","key_sequence_process_with_context","n","8","1","20.400","20.400","11870208","11870208","unavailable","13611008","4521984","4521984","unavailable","4521984","4521984","6508544"
"librime-1.17.0","track-a-comparison","luna_pinyin","key_sequence_process_with_context","n","9","1","20.500","20.500","11870208","11870208","unavailable","13611008","4521984","4521984","unavailable","4521984","4521984","6508544"
"librime-1.17.0","track-a-comparison","luna_pinyin","key_sequence_process_with_context","n","10","1","20.500","20.500","11870208","11870208","unavailable","13611008","4521984","4521984","unavailable","4521984","4521984","6508544"
"librime-1.17.0","track-a-comparison","luna_pinyin","key_sequence_process_with_context","n","11","1","20.500","20.500","11870208","11870208","unavailable","13611008","4521984","4521984","unavailable","4521984","4521984","6508544"
"librime-1.17.0","track-a-comparison","luna_pinyin","key_sequence_process_with_context","n","12","1","21.100","21.100","11870208","11870208","unavailable","13611008","4521984","4521984","unavailable","4521984","4521984","6508544"
"librime-1.17.0","track-a-comparison","luna_pinyin","key_sequence_process_with_context","n","13","1","20.600","20.600","11870208","11870208","unavailable","13611008","4521984","4521984","unavailable","4521984","4521984","6508544"
"librime-1.17.0","track-a-comparison","luna_pinyin","key_sequence_process_with_context","n","14","1","20.900","20.900","11870208","11870208","unavailable","13611008","4521984","4521984","unavailable","4521984","4521984","6508544"
"librime-1.17.0","track-a-comparison","luna_pinyin","key_sequence_process_with_context","n","15","1","20.500","20.500","11870208","11870208","unavailable","13611008","4521984","4521984","unavailable","4521984","4521984","6508544"
"librime-1.17.0","track-a-comparison","luna_pinyin","key_sequence_process_with_context","n","16","1","54.700","54.700","11874304","11874304","unavailable","13611008","4521984","4521984","unavailable","4521984","4521984","6508544"
"librime-1.17.0","track-a-comparison","luna_pinyin","key_sequence_process_with_context","n","17","1","49.500","49.500","11874304","11874304","unavailable","13611008","4521984","4521984","unavailable","4521984","4521984","6508544"
"librime-1.17.0","track-a-comparison","luna_pinyin","key_sequence_process_with_context","n","18","1","25.100","25.100","11874304","11874304","unavailable","13611008","4521984","4521984","unavailable","4521984","4521984","6508544"
"librime-1.17.0","track-a-comparison","luna_pinyin","key_sequence_process_with_context","n","19","1","21.800","21.800","11874304","11874304","unavailable","13611008","4521984","4521984","unavailable","4521984","4521984","6508544"
"librime-1.17.0","track-a-comparison","luna_pinyin","key_sequence_process_with_context","n","20","1","21.500","21.500","11874304","11874304","unavailable","13611008","4521984","4521984","unavailable","4521984","4521984","6508544"
"librime-1.17.0","track-a-comparison","luna_pinyin","key_sequence_process_with_context","n","21","1","21.300","21.300","11874304","11874304","unavailable","13611008","4521984","4521984","unavailable","4521984","4521984","6508544"
"librime-1.17.0","track-a-comparison","luna_pinyin","key_sequence_process_with_context","n","22","1","20.600","20.600","11874304","11874304","unavailable","13611008","4521984","4521984","unavailable","4521984","4521984","6508544"
"librime-1.17.0","track-a-comparison","luna_pinyin","key_sequence_process_with_context","n","23","1","20.500","20.500","11874304","11874304","unavailable","13611008","4521984","4521984","unavailable","4521984","4521984","6508544"
"librime-1.17.0","track-a-comparison","luna_pinyin","key_sequence_process_with_context","n","24","1","20.900","20.900","11874304","11874304","unavailable","13611008","4521984","4521984","unavailable","4521984","4521984","6508544"
"librime-1.17.0","track-a-comparison","luna_pinyin","key_sequence_process_with_context","n","25","1","20.700","20.700","11878400","11878400","unavailable","13611008","4521984","4521984","unavailable","4521984","4521984","6508544"
"librime-1.17.0","track-a-comparison","luna_pinyin","key_sequence_process_with_context","n","26","1","20.400","20.400","11878400","11878400","unavailable","13611008","4521984","4521984","unavailable","4521984","4521984","6508544"
"librime-1.17.0","track-a-comparison","luna_pinyin","key_sequence_process_with_context","n","27","1","20.400","20.400","11878400","11878400","unavailable","13611008","4521984","4521984","unavailable","4521984","4521984","6508544"
"librime-1.17.0","track-a-comparison","luna_pinyin","key_sequence_process_with_context","n","28","1","20.600","20.600","11878400","11878400","unavailable","13611008","4521984","4521984","unavailable","4521984","4521984","6508544"
"librime-1.17.0","track-a-comparison","luna_pinyin","key_sequence_process_with_context","n","29","1","20.200","20.200","11878400","11878400","unavailable","13611008","4521984","4521984","unavailable","4521984","4521984","6508544"
"librime-1.17.0","track-a-comparison","luna_pinyin","key_sequence_process_with_context","n","30","1","20.300","20.300","11878400","11878400","unavailable","13611008","4521984","4521984","unavailable","4521984","4521984","6508544"
"librime-1.17.0","track-a-comparison","luna_pinyin","key_sequence_process_with_context","n","31","1","20.300","20.300","11878400","11878400","unavailable","13611008","4521984","4521984","unavailable","4521984","4521984","6508544"
"librime-1.17.0","track-a-comparison","luna_pinyin","key_sequence_process_with_context","n","32","1","20.100","20.100","11878400","11878400","unavailable","13611008","4521984","4521984","unavailable","4521984","4521984","6508544"
"librime-1.17.0","track-a-comparison","luna_pinyin","key_sequence_process_with_context","n","33","1","20.400","20.400","11878400","11878400","unavailable","13611008","4521984","4521984","unavailable","4521984","4521984","6508544"
"librime-1.17.0","track-a-comparison","luna_pinyin","key_sequence_process_with_context","n","34","1","20.300","20.300","11882496","11882496","unavailable","13611008","4521984","4521984","unavailable","4521984","4521984","6508544"
"librime-1.17.0","track-a-comparison","luna_pinyin","key_sequence_process_with_context","n","35","1","20.300","20.300","11882496","11882496","unavailable","13611008","4521984","4521984","unavailable","4521984","4521984","6508544"
"librime-1.17.0","track-a-comparison","luna_pinyin","key_sequence_process_with_context","n","36","1","20.200","20.200","11882496","11882496","unavailable","13611008","4521984","4521984","unavailable","4521984","4521984","6508544"
"librime-1.17.0","track-a-comparison","luna_pinyin","key_sequence_process_with_context","n","37","1","20.500","20.500","11882496","11882496","unavailable","13611008","4521984","4521984","unavailable","4521984","4521984","6508544"
"librime-1.17.0","track-a-comparison","luna_pinyin","key_sequence_process_with_context","n","38","1","20.300","20.300","11882496","11882496","unavailable","13611008","4521984","4521984","unavailable","4521984","4521984","6508544"
"librime-1.17.0","track-a-comparison","luna_pinyin","key_sequence_process_with_context","n","39","1","20.400","20.400","11882496","11882496","unavailable","13611008","4521984","4521984","unavailable","4521984","4521984","6508544"
"librime-1.17.0","track-a-comparison","luna_pinyin","key_sequence_process_with_context","n","40","1","20.700","20.700","11882496","11882496","unavailable","13611008","4521984","4521984","unavailable","4521984","4521984","6508544"
"librime-1.17.0","track-a-comparison","luna_pinyin","key_sequence_process_with_context","n","41","1","20.300","20.300","11882496","11882496","unavailable","13611008","4521984","4521984","unavailable","4521984","4521984","6508544"
"librime-1.17.0","track-a-comparison","luna_pinyin","key_sequence_process_with_context","n","42","1","20.200","20.200","11882496","11882496","unavailable","13611008","4521984","4521984","unavailable","4521984","4521984","6508544"
"librime-1.17.0","track-a-comparison","luna_pinyin","key_sequence_process_with_context","n","43","1","20.400","20.400","11886592","11886592","unavailable","13611008","4521984","4521984","unavailable","4521984","4521984","6508544"
"librime-1.17.0","track-a-comparison","luna_pinyin","key_sequence_process_with_context","n","44","1","20.300","20.300","11886592","11886592","unavailable","13611008","4521984","4521984","unavailable","4521984","4521984","6508544"
"librime-1.17.0","track-a-comparison","luna_pinyin","key_sequence_process_with_context","n","45","1","20.400","20.400","11886592","11886592","unavailable","13611008","4521984","4521984","unavailable","4521984","4521984","6508544"
"librime-1.17.0","track-a-comparison","luna_pinyin","key_sequence_process_with_context","n","46","1","20.500","20.500","11886592","11886592","unavailable","13611008","4521984","4521984","unavailable","4521984","4521984","6508544"
"librime-1.17.0","track-a-comparison","luna_pinyin","key_sequence_process_with_context","n","47","1","20.300","20.300","11886592","11886592","unavailable","13611008","4521984","4521984","unavailable","4521984","4521984","6508544"
"librime-1.17.0","track-a-comparison","luna_pinyin","key_sequence_process_with_context","n","48","1","20.400","20.400","11886592","11886592","unavailable","13611008","4521984","4521984","unavailable","4521984","4521984","6508544"
"librime-1.17.0","track-a-comparison","luna_pinyin","key_sequence_process_with_context","n","49","1","21.000","21.000","11886592","11886592","unavailable","13611008","4521984","4521984","unavailable","4521984","4521984","6508544"
"librime-1.17.0","track-a-comparison","luna_pinyin","key_sequence_process_with_context","n","50","1","20.200","20.200","11886592","11886592","unavailable","13611008","4521984","4521984","unavailable","4521984","4521984","6508544"
"librime-1.17.0","track-a-comparison","luna_pinyin","key_sequence_process_with_context","n","51","1","20.200","20.200","11886592","11886592","unavailable","13611008","4521984","4521984","unavailable","4521984","4521984","6508544"
"librime-1.17.0","track-a-comparison","luna_pinyin","key_sequence_process_with_context","n","52","1","20.100","20.100","11886592","11886592","unavailable","13611008","4521984","4521984","unavailable","4521984","4521984","6508544"
"librime-1.17.0","track-a-comparison","luna_pinyin","key_sequence_process_with_context","n","53","1","20.100","20.100","11886592","11886592","unavailable","13611008","4521984","4521984","unavailable","4521984","4521984","6508544"
"librime-1.17.0","track-a-comparison","luna_pinyin","key_sequence_process_with_context","n","54","1","20.300","20.300","11886592","11886592","unavailable","13611008","4521984","4521984","unavailable","4521984","4521984","6508544"
"librime-1.17.0","track-a-comparison","luna_pinyin","key_sequence_process_with_context","n","55","1","20.200","20.200","11886592","11886592","unavailable","13611008","4521984","4521984","unavailable","4521984","4521984","6508544"
"librime-1.17.0","track-a-comparison","luna_pinyin","key_sequence_process_with_context","n","56","1","20.300","20.300","11886592","11886592","unavailable","13611008","4521984","4521984","unavailable","4521984","4521984","6508544"
"librime-1.17.0","track-a-comparison","luna_pinyin","key_sequence_process_with_context","n","57","1","20.300","20.300","11886592","11886592","unavailable","13611008","4521984","4521984","unavailable","4521984","4521984","6508544"
"librime-1.17.0","track-a-comparison","luna_pinyin","key_sequence_process_with_context","n","58","1","20.000","20.000","11886592","11886592","unavailable","13611008","4521984","4521984","unavailable","4521984","4521984","6508544"
"librime-1.17.0","track-a-comparison","luna_pinyin","key_sequence_process_with_context","n","59","1","20.100","20.100","11886592","11886592","unavailable","13611008","4521984","4521984","unavailable","4521984","4521984","6508544"
"librime-1.17.0","track-a-comparison","luna_pinyin","key_sequence_process_with_context","n","60","1","20.900","20.900","11948032","11948032","unavailable","13611008","4648960","4648960","unavailable","4648960","4648960","6508544"
"librime-1.17.0","track-a-comparison","luna_pinyin","key_sequence_process_with_context","n","61","1","47.600","47.600","11948032","11948032","unavailable","13611008","4648960","4648960","unavailable","4648960","4648960","6508544"
"librime-1.17.0","track-a-comparison","luna_pinyin","key_sequence_process_with_context","n","62","1","20.200","20.200","11948032","11948032","unavailable","13611008","4648960","4648960","unavailable","4648960","4648960","6508544"
"librime-1.17.0","track-a-comparison","luna_pinyin","key_sequence_process_with_context","n","63","1","20.200","20.200","11948032","11948032","unavailable","13611008","4648960","4648960","unavailable","4648960","4648960","6508544"
"librime-1.17.0","track-a-comparison","luna_pinyin","key_sequence_process_with_context","n","64","1","20.400","20.400","11948032","11948032","unavailable","13611008","4648960","4648960","unavailable","4648960","4648960","6508544"
"librime-1.17.0","track-a-comparison","luna_pinyin","key_sequence_process_with_context","n","65","1","20.300","20.300","11948032","11948032","unavailable","13611008","4648960","4648960","unavailable","4648960","4648960","6508544"
"librime-1.17.0","track-a-comparison","luna_pinyin","key_sequence_process_with_context","n","66","1","20.200","20.200","11952128","11952128","unavailable","13611008","4648960","4648960","unavailable","4648960","4648960","6508544"
"librime-1.17.0","track-a-comparison","luna_pinyin","key_sequence_process_with_context","n","67","1","21.000","21.000","11952128","11952128","unavailable","13611008","4648960","4648960","unavailable","4648960","4648960","6508544"
"librime-1.17.0","track-a-comparison","luna_pinyin","key_sequence_process_with_context","n","68","1","20.600","20.600","11952128","11952128","unavailable","13611008","4648960","4648960","unavailable","4648960","4648960","6508544"
"librime-1.17.0","track-a-comparison","luna_pinyin","key_sequence_process_with_context","n","69","1","20.400","20.400","11952128","11952128","unavailable","13611008","4648960","4648960","unavailable","4648960","4648960","6508544"
"librime-1.17.0","track-a-comparison","luna_pinyin","key_sequence_process_with_context","n","70","1","20.400","20.400","11952128","11952128","unavailable","13611008","4648960","4648960","unavailable","4648960","4648960","6508544"
"librime-1.17.0","track-a-comparison","luna_pinyin","key_sequence_process_with_context","n","71","1","20.200","20.200","11952128","11952128","unavailable","13611008","4648960","4648960","unavailable","4648960","4648960","6508544"
"librime-1.17.0","track-a-comparison","luna_pinyin","key_sequence_process_with_context","n","72","1","20.300","20.300","11952128","11952128","unavailable","13611008","4648960","4648960","unavailable","4648960","4648960","6508544"
"librime-1.17.0","track-a-comparison","luna_pinyin","key_sequence_process_with_context","n","73","1","20.200","20.200","11952128","11952128","unavailable","13611008","4648960","4648960","unavailable","4648960","4648960","6508544"
"librime-1.17.0","track-a-comparison","luna_pinyin","key_sequence_process_with_context","n","74","1","20.200","20.200","11952128","11952128","unavailable","13611008","4648960","4648960","unavailable","4648960","4648960","6508544"
"librime-1.17.0","track-a-comparison","luna_pinyin","key_sequence_process_with_context","n","75","1","20.300","20.300","11956224","11956224","unavailable","13611008","4648960","4648960","unavailable","4648960","4648960","6508544"
"librime-1.17.0","track-a-comparison","luna_pinyin","key_sequence_process_with_context","n","76","1","20.100","20.100","11956224","11956224","unavailable","13611008","4648960","4648960","unavailable","4648960","4648960","6508544"
"librime-1.17.0","track-a-comparison","luna_pinyin","key_sequence_process_with_context","n","77","1","20.100","20.100","11956224","11956224","unavailable","13611008","4648960","4648960","unavailable","4648960","4648960","6508544"
"librime-1.17.0","track-a-comparison","luna_pinyin","key_sequence_process_with_context","n","78","1","20.300","20.300","11956224","11956224","unavailable","13611008","4648960","4648960","unavailable","4648960","4648960","6508544"
"librime-1.17.0","track-a-comparison","luna_pinyin","key_sequence_process_with_context","n","79","1","20.300","20.300","11956224","11956224","unavailable","13611008","4648960","4648960","unavailable","4648960","4648960","6508544"
"librime-1.17.0","track-a-comparison","luna_pinyin","key_sequence_process_with_context","ni","0","2","28.600","14.300","11948032","11948032","unavailable","13836288","4698112","4698112","unavailable","4698112","4698112","6508544"
"librime-1.17.0","track-a-comparison","luna_pinyin","key_sequence_process_with_context","ni","1","2","29.200","14.600","11948032","11948032","unavailable","13836288","4698112","4698112","unavailable","4698112","4698112","6508544"
"librime-1.17.0","track-a-comparison","luna_pinyin","key_sequence_process_with_context","ni","2","2","28.700","14.350","11948032","11948032","unavailable","13836288","4698112","4698112","unavailable","4698112","4698112","6508544"
"librime-1.17.0","track-a-comparison","luna_pinyin","key_sequence_process_with_context","ni","3","2","28.900","14.450","11948032","11948032","unavailable","13836288","4698112","4698112","unavailable","4698112","4698112","6508544"
"librime-1.17.0","track-a-comparison","luna_pinyin","key_sequence_process_with_context","ni","4","2","30.200","15.100","11952128","11952128","unavailable","13836288","4698112","4698112","unavailable","4698112","4698112","6508544"
"librime-1.17.0","track-a-comparison","luna_pinyin","key_sequence_process_with_context","ni","5","2","29.300","14.650","11952128","11952128","unavailable","13836288","4698112","4698112","unavailable","4698112","4698112","6508544"
"librime-1.17.0","track-a-comparison","luna_pinyin","key_sequence_process_with_context","ni","6","2","28.000","14.000","11952128","11952128","unavailable","13836288","4698112","4698112","unavailable","4698112","4698112","6508544"
"librime-1.17.0","track-a-comparison","luna_pinyin","key_sequence_process_with_context","ni","7","2","28.400","14.200","11952128","11952128","unavailable","13836288","4698112","4698112","unavailable","4698112","4698112","6508544"
"librime-1.17.0","track-a-comparison","luna_pinyin","key_sequence_process_with_context","ni","8","2","28.200","14.100","11952128","11952128","unavailable","13836288","4698112","4698112","unavailable","4698112","4698112","6508544"
"librime-1.17.0","track-a-comparison","luna_pinyin","key_sequence_process_with_context","ni","9","2","28.400","14.200","11952128","11952128","unavailable","13836288","4698112","4698112","unavailable","4698112","4698112","6508544"
"librime-1.17.0","track-a-comparison","luna_pinyin","key_sequence_process_with_context","ni","10","2","28.000","14.000","11952128","11952128","unavailable","13836288","4698112","4698112","unavailable","4698112","4698112","6508544"
"librime-1.17.0","track-a-comparison","luna_pinyin","key_sequence_process_with_context","ni","11","2","27.900","13.950","11952128","11952128","unavailable","13836288","4698112","4698112","unavailable","4698112","4698112","6508544"
"librime-1.17.0","track-a-comparison","luna_pinyin","key_sequence_process_with_context","ni","12","2","28.000","14.000","11952128","11952128","unavailable","13836288","4698112","4698112","unavailable","4698112","4698112","6508544"
"librime-1.17.0","track-a-comparison","luna_pinyin","key_sequence_process_with_context","ni","13","2","28.400","14.200","11956224","11956224","unavailable","13836288","4698112","4698112","unavailable","4698112","4698112","6508544"
"librime-1.17.0","track-a-comparison","luna_pinyin","key_sequence_process_with_context","ni","14","2","28.200","14.100","11956224","11956224","unavailable","13836288","4698112","4698112","unavailable","4698112","4698112","6508544"
"librime-1.17.0","track-a-comparison","luna_pinyin","key_sequence_process_with_context","ni","15","2","90.300","45.150","11956224","11956224","unavailable","13836288","4698112","4698112","unavailable","4698112","4698112","6508544"
"librime-1.17.0","track-a-comparison","luna_pinyin","key_sequence_process_with_context","ni","16","2","36.100","18.050","11956224","11956224","unavailable","13836288","4698112","4698112","unavailable","4698112","4698112","6508544"
"librime-1.17.0","track-a-comparison","luna_pinyin","key_sequence_process_with_context","ni","17","2","30.400","15.200","11956224","11956224","unavailable","13836288","4698112","4698112","unavailable","4698112","4698112","6508544"
"librime-1.17.0","track-a-comparison","luna_pinyin","key_sequence_process_with_context","ni","18","2","28.800","14.400","11956224","11956224","unavailable","13836288","4698112","4698112","unavailable","4698112","4698112","6508544"
"librime-1.17.0","track-a-comparison","luna_pinyin","key_sequence_process_with_context","ni","19","2","28.300","14.150","11956224","11956224","unavailable","13836288","4698112","4698112","unavailable","4698112","4698112","6508544"
"librime-1.17.0","track-a-comparison","luna_pinyin","key_sequence_process_with_context","ni","20","2","28.500","14.250","11956224","11956224","unavailable","13836288","4698112","4698112","unavailable","4698112","4698112","6508544"
"librime-1.17.0","track-a-comparison","luna_pinyin","key_sequence_process_with_context","ni","21","2","28.100","14.050","11956224","11956224","unavailable","13836288","4698112","4698112","unavailable","4698112","4698112","6508544"
"librime-1.17.0","track-a-comparison","luna_pinyin","key_sequence_process_with_context","ni","22","2","28.500","14.250","11960320","11960320","unavailable","13836288","4698112","4698112","unavailable","4698112","4698112","6508544"
"librime-1.17.0","track-a-comparison","luna_pinyin","key_sequence_process_with_context","ni","23","2","28.300","14.150","11960320","11960320","unavailable","13836288","4698112","4698112","unavailable","4698112","4698112","6508544"
"librime-1.17.0","track-a-comparison","luna_pinyin","key_sequence_process_with_context","ni","24","2","28.900","14.450","11960320","11960320","unavailable","13836288","4698112","4698112","unavailable","4698112","4698112","6508544"
"librime-1.17.0","track-a-comparison","luna_pinyin","key_sequence_process_with_context","ni","25","2","28.400","14.200","11960320","11960320","unavailable","13836288","4698112","4698112","unavailable","4698112","4698112","6508544"
"librime-1.17.0","track-a-comparison","luna_pinyin","key_sequence_process_with_context","ni","26","2","28.100","14.050","11960320","11960320","unavailable","13836288","4698112","4698112","unavailable","4698112","4698112","6508544"
"librime-1.17.0","track-a-comparison","luna_pinyin","key_sequence_process_with_context","ni","27","2","27.900","13.950","11960320","11960320","unavailable","13836288","4698112","4698112","unavailable","4698112","4698112","6508544"
"librime-1.17.0","track-a-comparison","luna_pinyin","key_sequence_process_with_context","ni","28","2","29.000","14.500","11960320","11960320","unavailable","13836288","4698112","4698112","unavailable","4698112","4698112","6508544"
"librime-1.17.0","track-a-comparison","luna_pinyin","key_sequence_process_with_context","ni","29","2","28.600","14.300","11960320","11960320","unavailable","13836288","4698112","4698112","unavailable","4698112","4698112","6508544"
"librime-1.17.0","track-a-comparison","luna_pinyin","key_sequence_process_with_context","ni","30","2","28.300","14.150","11960320","11960320","unavailable","13836288","4698112","4698112","unavailable","4698112","4698112","6508544"
"librime-1.17.0","track-a-comparison","luna_pinyin","key_sequence_process_with_context","ni","31","2","29.000","14.500","11964416","11964416","unavailable","13836288","4698112","4698112","unavailable","4698112","4698112","6508544"
"librime-1.17.0","track-a-comparison","luna_pinyin","key_sequence_process_with_context","ni","32","2","28.300","14.150","11964416","11964416","unavailable","13836288","4698112","4698112","unavailable","4698112","4698112","6508544"
"librime-1.17.0","track-a-comparison","luna_pinyin","key_sequence_process_with_context","ni","33","2","28.300","14.150","11964416","11964416","unavailable","13836288","4698112","4698112","unavailable","4698112","4698112","6508544"
"librime-1.17.0","track-a-comparison","luna_pinyin","key_sequence_process_with_context","ni","34","2","28.200","14.100","11964416","11964416","unavailable","13836288","4698112","4698112","unavailable","4698112","4698112","6508544"
"librime-1.17.0","track-a-comparison","luna_pinyin","key_sequence_process_with_context","ni","35","2","28.000","14.000","11964416","11964416","unavailable","13836288","4698112","4698112","unavailable","4698112","4698112","6508544"
"librime-1.17.0","track-a-comparison","luna_pinyin","key_sequence_process_with_context","ni","36","2","31.900","15.950","11964416","11964416","unavailable","13836288","4698112","4911104","unavailable","4911104","4911104","6508544"
"librime-1.17.0","track-a-comparison","luna_pinyin","key_sequence_process_with_context","ni","37","2","28.700","14.350","11964416","11964416","unavailable","13836288","4911104","4911104","unavailable","4911104","4911104","6508544"
"librime-1.17.0","track-a-comparison","luna_pinyin","key_sequence_process_with_context","ni","38","2","27.700","13.850","11964416","11964416","unavailable","13836288","4911104","4911104","unavailable","4911104","4911104","6508544"
"librime-1.17.0","track-a-comparison","luna_pinyin","key_sequence_process_with_context","ni","39","2","27.900","13.950","11964416","11964416","unavailable","13836288","4911104","4911104","unavailable","4911104","4911104","6508544"
"librime-1.17.0","track-a-comparison","luna_pinyin","key_sequence_process_with_context","ni","40","2","28.000","14.000","11968512","11968512","unavailable","13836288","4911104","4911104","unavailable","4911104","4911104","6508544"
"librime-1.17.0","track-a-comparison","luna_pinyin","key_sequence_process_with_context","ni","41","2","27.900","13.950","11968512","11968512","unavailable","13836288","4911104","4911104","unavailable","4911104","4911104","6508544"
"librime-1.17.0","track-a-comparison","luna_pinyin","key_sequence_process_with_context","ni","42","2","27.900","13.950","11968512","11968512","unavailable","13836288","4911104","4911104","unavailable","4911104","4911104","6508544"
"librime-1.17.0","track-a-comparison","luna_pinyin","key_sequence_process_with_context","ni","43","2","27.600","13.800","11968512","11968512","unavailable","13836288","4911104","4911104","unavailable","4911104","4911104","6508544"
"librime-1.17.0","track-a-comparison","luna_pinyin","key_sequence_process_with_context","ni","44","2","27.800","13.900","11968512","11968512","unavailable","13836288","4911104","4911104","unavailable","4911104","4911104","6508544"
"librime-1.17.0","track-a-comparison","luna_pinyin","key_sequence_process_with_context","ni","45","2","28.000","14.000","11968512","11968512","unavailable","13836288","4911104","4911104","unavailable","4911104","4911104","6508544"
"librime-1.17.0","track-a-comparison","luna_pinyin","key_sequence_process_with_context","ni","46","2","27.600","13.800","11968512","11968512","unavailable","13836288","4911104","4911104","unavailable","4911104","4911104","6508544"
"librime-1.17.0","track-a-comparison","luna_pinyin","key_sequence_process_with_context","ni","47","2","27.800","13.900","11968512","11968512","unavailable","13836288","4911104","4911104","unavailable","4911104","4911104","6508544"
"librime-1.17.0","track-a-comparison","luna_pinyin","key_sequence_process_with_context","ni","48","2","28.200","14.100","11968512","11968512","unavailable","13836288","4911104","4911104","unavailable","4911104","4911104","6508544"
"librime-1.17.0","track-a-comparison","luna_pinyin","key_sequence_process_with_context","ni","49","2","28.000","14.000","11972608","11972608","unavailable","13836288","4911104","4911104","unavailable","4911104","4911104","6508544"
"librime-1.17.0","track-a-comparison","luna_pinyin","key_sequence_process_with_context","ni","50","2","27.700","13.850","11972608","11972608","unavailable","13836288","4911104","4911104","unavailable","4911104","4911104","6508544"
"librime-1.17.0","track-a-comparison","luna_pinyin","key_sequence_process_with_context","ni","51","2","27.700","13.850","11972608","11972608","unavailable","13836288","4911104","4911104","unavailable","4911104","4911104","6508544"
"librime-1.17.0","track-a-comparison","luna_pinyin","key_sequence_process_with_context","ni","52","2","27.800","13.900","11972608","11972608","unavailable","13836288","4911104","4911104","unavailable","4911104","4911104","6508544"
"librime-1.17.0","track-a-comparison","luna_pinyin","key_sequence_process_with_context","ni","53","2","28.100","14.050","11972608","11972608","unavailable","13836288","4911104","4911104","unavailable","4911104","4911104","6508544"
"librime-1.17.0","track-a-comparison","luna_pinyin","key_sequence_process_with_context","ni","54","2","27.700","13.850","11972608","11972608","unavailable","13836288","4911104","4911104","unavailable","4911104","4911104","6508544"
"librime-1.17.0","track-a-comparison","luna_pinyin","key_sequence_process_with_context","ni","55","2","27.900","13.950","11972608","11972608","unavailable","13836288","4911104","4911104","unavailable","4911104","4911104","6508544"
"librime-1.17.0","track-a-comparison","luna_pinyin","key_sequence_process_with_context","ni","56","2","28.000","14.000","11972608","11972608","unavailable","13836288","4911104","4911104","unavailable","4911104","4911104","6508544"
"librime-1.17.0","track-a-comparison","luna_pinyin","key_sequence_process_with_context","ni","57","2","28.100","14.050","11972608","11972608","unavailable","13836288","4911104","4911104","unavailable","4911104","4911104","6508544"
"librime-1.17.0","track-a-comparison","luna_pinyin","key_sequence_process_with_context","ni","58","2","27.700","13.850","11976704","11976704","unavailable","13836288","4911104","4911104","unavailable","4911104","4911104","6508544"
"librime-1.17.0","track-a-comparison","luna_pinyin","key_sequence_process_with_context","ni","59","2","27.800","13.900","11976704","11976704","unavailable","13836288","4911104","4911104","unavailable","4911104","4911104","6508544"
"librime-1.17.0","track-a-comparison","luna_pinyin","key_sequence_process_with_context","ni","60","2","27.700","13.850","11976704","11976704","unavailable","13836288","4911104","4911104","unavailable","4911104","4911104","6508544"
"librime-1.17.0","track-a-comparison","luna_pinyin","key_sequence_process_with_context","ni","61","2","27.700","13.850","11976704","11976704","unavailable","13836288","4911104","4911104","unavailable","4911104","4911104","6508544"
"librime-1.17.0","track-a-comparison","luna_pinyin","key_sequence_process_with_context","ni","62","2","27.900","13.950","11976704","11976704","unavailable","13836288","4911104","4911104","unavailable","4911104","4911104","6508544"
"librime-1.17.0","track-a-comparison","luna_pinyin","key_sequence_process_with_context","ni","63","2","27.700","13.850","11976704","11976704","unavailable","13836288","4911104","4911104","unavailable","4911104","4911104","6508544"
"librime-1.17.0","track-a-comparison","luna_pinyin","key_sequence_process_with_context","ni","64","2","33.100","16.550","11976704","11976704","unavailable","13836288","4911104","4911104","unavailable","4911104","4911104","6508544"
"librime-1.17.0","track-a-comparison","luna_pinyin","key_sequence_process_with_context","ni","65","2","33.700","16.850","11976704","11976704","unavailable","13836288","4911104","4911104","unavailable","4911104","4911104","6508544"
"librime-1.17.0","track-a-comparison","luna_pinyin","key_sequence_process_with_context","ni","66","2","27.800","13.900","11976704","11976704","unavailable","13836288","4911104","4911104","unavailable","4911104","4911104","6508544"
"librime-1.17.0","track-a-comparison","luna_pinyin","key_sequence_process_with_context","ni","67","2","31.500","15.750","11980800","11980800","unavailable","13836288","4911104","4911104","unavailable","4911104","4911104","6508544"
"librime-1.17.0","track-a-comparison","luna_pinyin","key_sequence_process_with_context","ni","68","2","33.900","16.950","11980800","11980800","unavailable","13836288","4911104","4911104","unavailable","4911104","4911104","6508544"
"librime-1.17.0","track-a-comparison","luna_pinyin","key_sequence_process_with_context","ni","69","2","32.000","16.000","11980800","11980800","unavailable","13836288","4911104","4911104","unavailable","4911104","4911104","6508544"
"librime-1.17.0","track-a-comparison","luna_pinyin","key_sequence_process_with_context","ni","70","2","27.600","13.800","11980800","11980800","unavailable","13836288","4911104","4911104","unavailable","4911104","4911104","6508544"
"librime-1.17.0","track-a-comparison","luna_pinyin","key_sequence_process_with_context","ni","71","2","27.700","13.850","11980800","11980800","unavailable","13836288","4911104","4911104","unavailable","4911104","4911104","6508544"
"librime-1.17.0","track-a-comparison","luna_pinyin","key_sequence_process_with_context","ni","72","2","32.800","16.400","11980800","11980800","unavailable","13836288","4911104","4911104","unavailable","4911104","4911104","6508544"
"librime-1.17.0","track-a-comparison","luna_pinyin","key_sequence_process_with_context","ni","73","2","28.200","14.100","11980800","11980800","unavailable","13836288","4911104","4911104","unavailable","4911104","4911104","6508544"
"librime-1.17.0","track-a-comparison","luna_pinyin","key_sequence_process_with_context","ni","74","2","28.000","14.000","11980800","11980800","unavailable","13836288","4911104","4911104","unavailable","4911104","4911104","6508544"
"librime-1.17.0","track-a-comparison","luna_pinyin","key_sequence_process_with_context","ni","75","2","28.200","14.100","11980800","11980800","unavailable","13836288","4911104","4911104","unavailable","4911104","4911104","6508544"
"librime-1.17.0","track-a-comparison","luna_pinyin","key_sequence_process_with_context","ni","76","2","27.900","13.950","11984896","11984896","unavailable","13836288","4911104","4911104","unavailable","4911104","4911104","6508544"
"librime-1.17.0","track-a-comparison","luna_pinyin","key_sequence_process_with_context","ni","77","2","28.000","14.000","11984896","11984896","unavailable","13836288","4911104","4911104","unavailable","4911104","4911104","6508544"
"librime-1.17.0","track-a-comparison","luna_pinyin","key_sequence_process_with_context","ni","78","2","28.200","14.100","11984896","11984896","unavailable","13836288","4911104","4911104","unavailable","4911104","4911104","6508544"
"librime-1.17.0","track-a-comparison","luna_pinyin","key_sequence_process_with_context","ni","79","2","29.200","14.600","11984896","11984896","unavailable","13836288","4911104","4911104","unavailable","4911104","4911104","6508544"
"librime-1.17.0","track-a-comparison","luna_pinyin","key_sequence_process_with_context","hao","0","3","35.300","11.767","11878400","11878400","unavailable","13836288","4653056","4653056","unavailable","4653056","4653056","6508544"
"librime-1.17.0","track-a-comparison","luna_pinyin","key_sequence_process_with_context","hao","1","3","34.700","11.567","11878400","11878400","unavailable","13836288","4653056","4653056","unavailable","4653056","4653056","6508544"
"librime-1.17.0","track-a-comparison","luna_pinyin","key_sequence_process_with_context","hao","2","3","34.700","11.567","11878400","11878400","unavailable","13836288","4653056","4653056","unavailable","4653056","4653056","6508544"
"librime-1.17.0","track-a-comparison","luna_pinyin","key_sequence_process_with_context","hao","3","3","35.400","11.800","11878400","11878400","unavailable","13836288","4653056","4653056","unavailable","4653056","4653056","6508544"
"librime-1.17.0","track-a-comparison","luna_pinyin","key_sequence_process_with_context","hao","4","3","35.100","11.700","11878400","11878400","unavailable","13836288","4653056","4653056","unavailable","4653056","4653056","6508544"
"librime-1.17.0","track-a-comparison","luna_pinyin","key_sequence_process_with_context","hao","5","3","35.900","11.967","11882496","11882496","unavailable","13836288","4653056","4653056","unavailable","4653056","4653056","6508544"
"librime-1.17.0","track-a-comparison","luna_pinyin","key_sequence_process_with_context","hao","6","3","34.500","11.500","11882496","11882496","unavailable","13836288","4653056","4653056","unavailable","4653056","4653056","6508544"
"librime-1.17.0","track-a-comparison","luna_pinyin","key_sequence_process_with_context","hao","7","3","34.500","11.500","11882496","11882496","unavailable","13836288","4653056","4653056","unavailable","4653056","4653056","6508544"
"librime-1.17.0","track-a-comparison","luna_pinyin","key_sequence_process_with_context","hao","8","3","34.400","11.467","11882496","11882496","unavailable","13836288","4653056","4653056","unavailable","4653056","4653056","6508544"
"librime-1.17.0","track-a-comparison","luna_pinyin","key_sequence_process_with_context","hao","9","3","34.500","11.500","11882496","11882496","unavailable","13836288","4653056","4653056","unavailable","4653056","4653056","6508544"
"librime-1.17.0","track-a-comparison","luna_pinyin","key_sequence_process_with_context","hao","10","3","34.500","11.500","11882496","11882496","unavailable","13836288","4653056","4653056","unavailable","4653056","4653056","6508544"
"librime-1.17.0","track-a-comparison","luna_pinyin","key_sequence_process_with_context","hao","11","3","35.300","11.767","11882496","11882496","unavailable","13836288","4653056","4653056","unavailable","4653056","4653056","6508544"
"librime-1.17.0","track-a-comparison","luna_pinyin","key_sequence_process_with_context","hao","12","3","34.300","11.433","11882496","11882496","unavailable","13836288","4653056","4653056","unavailable","4653056","4653056","6508544"
"librime-1.17.0","track-a-comparison","luna_pinyin","key_sequence_process_with_context","hao","13","3","33.800","11.267","11882496","11882496","unavailable","13836288","4653056","4653056","unavailable","4653056","4653056","6508544"
"librime-1.17.0","track-a-comparison","luna_pinyin","key_sequence_process_with_context","hao","14","3","33.600","11.200","11886592","11886592","unavailable","13836288","4653056","4653056","unavailable","4653056","4653056","6508544"
"librime-1.17.0","track-a-comparison","luna_pinyin","key_sequence_process_with_context","hao","15","3","33.700","11.233","11886592","11886592","unavailable","13836288","4653056","4653056","unavailable","4653056","4653056","6508544"
"librime-1.17.0","track-a-comparison","luna_pinyin","key_sequence_process_with_context","hao","16","3","33.600","11.200","11886592","11886592","unavailable","13836288","4653056","4653056","unavailable","4653056","4653056","6508544"
"librime-1.17.0","track-a-comparison","luna_pinyin","key_sequence_process_with_context","hao","17","3","33.300","11.100","11886592","11886592","unavailable","13836288","4653056","4653056","unavailable","4653056","4653056","6508544"
"librime-1.17.0","track-a-comparison","luna_pinyin","key_sequence_process_with_context","hao","18","3","33.500","11.167","11886592","11886592","unavailable","13836288","4653056","4653056","unavailable","4653056","4653056","6508544"
"librime-1.17.0","track-a-comparison","luna_pinyin","key_sequence_process_with_context","hao","19","3","33.400","11.133","11886592","11886592","unavailable","13836288","4653056","4653056","unavailable","4653056","4653056","6508544"
"librime-1.17.0","track-a-comparison","luna_pinyin","key_sequence_process_with_context","hao","20","3","33.300","11.100","11886592","11886592","unavailable","13836288","4653056","4653056","unavailable","4653056","4653056","6508544"
"librime-1.17.0","track-a-comparison","luna_pinyin","key_sequence_process_with_context","hao","21","3","33.700","11.233","11886592","11886592","unavailable","13836288","4653056","4653056","unavailable","4653056","4653056","6508544"
"librime-1.17.0","track-a-comparison","luna_pinyin","key_sequence_process_with_context","hao","22","3","33.300","11.100","11886592","11886592","unavailable","13836288","4653056","4653056","unavailable","4653056","4653056","6508544"
"librime-1.17.0","track-a-comparison","luna_pinyin","key_sequence_process_with_context","hao","23","3","33.700","11.233","11886592","11886592","unavailable","13836288","4653056","4653056","unavailable","4653056","4653056","6508544"
"librime-1.17.0","track-a-comparison","luna_pinyin","key_sequence_process_with_context","hao","24","3","33.500","11.167","11886592","11886592","unavailable","13836288","4653056","4653056","unavailable","4653056","4653056","6508544"
"librime-1.17.0","track-a-comparison","luna_pinyin","key_sequence_process_with_context","hao","25","3","39.900","13.300","11886592","11886592","unavailable","13836288","4653056","4653056","unavailable","4653056","4653056","6508544"
"librime-1.17.0","track-a-comparison","luna_pinyin","key_sequence_process_with_context","hao","26","3","33.500","11.167","11886592","11886592","unavailable","13836288","4653056","4653056","unavailable","4653056","4653056","6508544"
"librime-1.17.0","track-a-comparison","luna_pinyin","key_sequence_process_with_context","hao","27","3","33.400","11.133","11886592","11886592","unavailable","13836288","4653056","4653056","unavailable","4653056","4653056","6508544"
"librime-1.17.0","track-a-comparison","luna_pinyin","key_sequence_process_with_context","hao","28","3","34.600","11.533","11890688","11890688","unavailable","13836288","4784128","4784128","unavailable","4784128","4784128","6508544"
"librime-1.17.0","track-a-comparison","luna_pinyin","key_sequence_process_with_context","hao","29","3","34.600","11.533","11890688","11890688","unavailable","13836288","4784128","4784128","unavailable","4784128","4784128","6508544"
"librime-1.17.0","track-a-comparison","luna_pinyin","key_sequence_process_with_context","hao","30","3","34.500","11.500","11890688","11890688","unavailable","13836288","4784128","4784128","unavailable","4784128","4784128","6508544"
"librime-1.17.0","track-a-comparison","luna_pinyin","key_sequence_process_with_context","hao","31","3","34.100","11.367","11890688","11890688","unavailable","13836288","4784128","4784128","unavailable","4784128","4784128","6508544"
"librime-1.17.0","track-a-comparison","luna_pinyin","key_sequence_process_with_context","hao","32","3","34.000","11.333","11894784","11894784","unavailable","13836288","4784128","4784128","unavailable","4784128","4784128","6508544"
"librime-1.17.0","track-a-comparison","luna_pinyin","key_sequence_process_with_context","hao","33","3","33.800","11.267","11894784","11894784","unavailable","13836288","4784128","4784128","unavailable","4784128","4784128","6508544"
"librime-1.17.0","track-a-comparison","luna_pinyin","key_sequence_process_with_context","hao","34","3","33.900","11.300","11894784","11894784","unavailable","13836288","4784128","4784128","unavailable","4784128","4784128","6508544"
"librime-1.17.0","track-a-comparison","luna_pinyin","key_sequence_process_with_context","hao","35","3","33.800","11.267","11894784","11894784","unavailable","13836288","4784128","4784128","unavailable","4784128","4784128","6508544"
"librime-1.17.0","track-a-comparison","luna_pinyin","key_sequence_process_with_context","hao","36","3","33.800","11.267","11894784","11894784","unavailable","13836288","4784128","4784128","unavailable","4784128","4784128","6508544"
"librime-1.17.0","track-a-comparison","luna_pinyin","key_sequence_process_with_context","hao","37","3","34.200","11.400","11894784","11894784","unavailable","13836288","4784128","4784128","unavailable","4784128","4784128","6508544"
"librime-1.17.0","track-a-comparison","luna_pinyin","key_sequence_process_with_context","hao","38","3","33.900","11.300","11894784","11894784","unavailable","13836288","4784128","4784128","unavailable","4784128","4784128","6508544"
"librime-1.17.0","track-a-comparison","luna_pinyin","key_sequence_process_with_context","hao","39","3","34.300","11.433","11894784","11894784","unavailable","13836288","4784128","4784128","unavailable","4784128","4784128","6508544"
"librime-1.17.0","track-a-comparison","luna_pinyin","key_sequence_process_with_context","hao","40","3","34.100","11.367","11894784","11894784","unavailable","13836288","4784128","4784128","unavailable","4784128","4784128","6508544"
"librime-1.17.0","track-a-comparison","luna_pinyin","key_sequence_process_with_context","hao","41","3","33.900","11.300","11898880","11898880","unavailable","13836288","4784128","4784128","unavailable","4784128","4784128","6508544"
"librime-1.17.0","track-a-comparison","luna_pinyin","key_sequence_process_with_context","hao","42","3","34.000","11.333","11898880","11898880","unavailable","13836288","4784128","4784128","unavailable","4784128","4784128","6508544"
"librime-1.17.0","track-a-comparison","luna_pinyin","key_sequence_process_with_context","hao","43","3","33.800","11.267","11898880","11898880","unavailable","13836288","4784128","4784128","unavailable","4784128","4784128","6508544"
"librime-1.17.0","track-a-comparison","luna_pinyin","key_sequence_process_with_context","hao","44","3","33.900","11.300","11898880","11898880","unavailable","13836288","4784128","4784128","unavailable","4784128","4784128","6508544"
"librime-1.17.0","track-a-comparison","luna_pinyin","key_sequence_process_with_context","hao","45","3","34.800","11.600","11898880","11898880","unavailable","13836288","4784128","4784128","unavailable","4784128","4784128","6508544"
"librime-1.17.0","track-a-comparison","luna_pinyin","key_sequence_process_with_context","hao","46","3","34.900","11.633","11898880","11898880","unavailable","13836288","4784128","4784128","unavailable","4784128","4784128","6508544"
"librime-1.17.0","track-a-comparison","luna_pinyin","key_sequence_process_with_context","hao","47","3","34.200","11.400","11898880","11898880","unavailable","13836288","4784128","4784128","unavailable","4784128","4784128","6508544"
"librime-1.17.0","track-a-comparison","luna_pinyin","key_sequence_process_with_context","hao","48","3","34.100","11.367","11898880","11898880","unavailable","13836288","4784128","4784128","unavailable","4784128","4784128","6508544"
"librime-1.17.0","track-a-comparison","luna_pinyin","key_sequence_process_with_context","hao","49","3","34.000","11.333","11898880","11898880","unavailable","13836288","4784128","4784128","unavailable","4784128","4784128","6508544"
"librime-1.17.0","track-a-comparison","luna_pinyin","key_sequence_process_with_context","hao","50","3","34.300","11.433","11902976","11902976","unavailable","13836288","4784128","4784128","unavailable","4784128","4784128","6508544"
"librime-1.17.0","track-a-comparison","luna_pinyin","key_sequence_process_with_context","hao","51","3","34.300","11.433","11902976","11902976","unavailable","13836288","4784128","4784128","unavailable","4784128","4784128","6508544"
"librime-1.17.0","track-a-comparison","luna_pinyin","key_sequence_process_with_context","hao","52","3","34.000","11.333","11902976","11902976","unavailable","13836288","4784128","4784128","unavailable","4784128","4784128","6508544"
"librime-1.17.0","track-a-comparison","luna_pinyin","key_sequence_process_with_context","hao","53","3","33.900","11.300","11902976","11902976","unavailable","13836288","4784128","4784128","unavailable","4784128","4784128","6508544"
"librime-1.17.0","track-a-comparison","luna_pinyin","key_sequence_process_with_context","hao","54","3","34.500","11.500","11902976","11902976","unavailable","13836288","4784128","4784128","unavailable","4784128","4784128","6508544"
"librime-1.17.0","track-a-comparison","luna_pinyin","key_sequence_process_with_context","hao","55","3","34.400","11.467","11902976","11902976","unavailable","13836288","4784128","4784128","unavailable","4784128","4784128","6508544"
"librime-1.17.0","track-a-comparison","luna_pinyin","key_sequence_process_with_context","hao","56","3","34.100","11.367","11902976","11902976","unavailable","13836288","4784128","4784128","unavailable","4784128","4784128","6508544"
"librime-1.17.0","track-a-comparison","luna_pinyin","key_sequence_process_with_context","hao","57","3","34.300","11.433","11902976","11902976","unavailable","13836288","4784128","4784128","unavailable","4784128","4784128","6508544"
"librime-1.17.0","track-a-comparison","luna_pinyin","key_sequence_process_with_context","hao","58","3","34.300","11.433","11902976","11902976","unavailable","13836288","4784128","4784128","unavailable","4784128","4784128","6508544"
"librime-1.17.0","track-a-comparison","luna_pinyin","key_sequence_process_with_context","hao","59","3","34.500","11.500","11907072","11907072","unavailable","13836288","4784128","4784128","unavailable","4784128","4784128","6508544"
"librime-1.17.0","track-a-comparison","luna_pinyin","key_sequence_process_with_context","hao","60","3","34.200","11.400","11907072","11907072","unavailable","13836288","4784128","4784128","unavailable","4784128","4784128","6508544"
"librime-1.17.0","track-a-comparison","luna_pinyin","key_sequence_process_with_context","hao","61","3","34.100","11.367","11907072","11907072","unavailable","13836288","4784128","4784128","unavailable","4784128","4784128","6508544"
"librime-1.17.0","track-a-comparison","luna_pinyin","key_sequence_process_with_context","hao","62","3","34.300","11.433","11907072","11907072","unavailable","13836288","4784128","4784128","unavailable","4784128","4784128","6508544"
"librime-1.17.0","track-a-comparison","luna_pinyin","key_sequence_process_with_context","hao","63","3","34.000","11.333","11907072","11907072","unavailable","13836288","4784128","4784128","unavailable","4784128","4784128","6508544"
"librime-1.17.0","track-a-comparison","luna_pinyin","key_sequence_process_with_context","hao","64","3","34.100","11.367","11907072","11907072","unavailable","13836288","4784128","4784128","unavailable","4784128","4784128","6508544"
"librime-1.17.0","track-a-comparison","luna_pinyin","key_sequence_process_with_context","hao","65","3","34.000","11.333","11907072","11907072","unavailable","13836288","4784128","4784128","unavailable","4784128","4784128","6508544"
"librime-1.17.0","track-a-comparison","luna_pinyin","key_sequence_process_with_context","hao","66","3","33.900","11.300","11907072","11907072","unavailable","13836288","4784128","4784128","unavailable","4784128","4784128","6508544"
"librime-1.17.0","track-a-comparison","luna_pinyin","key_sequence_process_with_context","hao","67","3","34.400","11.467","11907072","11907072","unavailable","13836288","4784128","4784128","unavailable","4784128","4784128","6508544"
"librime-1.17.0","track-a-comparison","luna_pinyin","key_sequence_process_with_context","hao","68","3","34.500","11.500","11911168","11911168","unavailable","13836288","4784128","4784128","unavailable","4784128","4784128","6508544"
"librime-1.17.0","track-a-comparison","luna_pinyin","key_sequence_process_with_context","hao","69","3","34.200","11.400","11911168","11911168","unavailable","13836288","4784128","4784128","unavailable","4784128","4784128","6508544"
"librime-1.17.0","track-a-comparison","luna_pinyin","key_sequence_process_with_context","hao","70","3","34.800","11.600","11911168","11911168","unavailable","13836288","4784128","4784128","unavailable","4784128","4784128","6508544"
"librime-1.17.0","track-a-comparison","luna_pinyin","key_sequence_process_with_context","hao","71","3","34.800","11.600","11911168","11911168","unavailable","13836288","4784128","4784128","unavailable","4784128","4784128","6508544"
"librime-1.17.0","track-a-comparison","luna_pinyin","key_sequence_process_with_context","hao","72","3","35.000","11.667","11911168","11911168","unavailable","13836288","4784128","4784128","unavailable","4784128","4784128","6508544"
"librime-1.17.0","track-a-comparison","luna_pinyin","key_sequence_process_with_context","hao","73","3","34.500","11.500","11911168","11911168","unavailable","13836288","4784128","4784128","unavailable","4784128","4784128","6508544"
"librime-1.17.0","track-a-comparison","luna_pinyin","key_sequence_process_with_context","hao","74","3","34.100","11.367","11911168","11911168","unavailable","13836288","4784128","4784128","unavailable","4784128","4784128","6508544"
"librime-1.17.0","track-a-comparison","luna_pinyin","key_sequence_process_with_context","hao","75","3","34.000","11.333","11911168","11911168","unavailable","13836288","4784128","4784128","unavailable","4784128","4784128","6508544"
"librime-1.17.0","track-a-comparison","luna_pinyin","key_sequence_process_with_context","hao","76","3","33.800","11.267","11911168","11911168","unavailable","13836288","4784128","4784128","unavailable","4784128","4784128","6508544"
"librime-1.17.0","track-a-comparison","luna_pinyin","key_sequence_process_with_context","hao","77","3","34.000","11.333","11976704","11976704","unavailable","13836288","4784128","4784128","unavailable","4784128","4784128","6508544"
"librime-1.17.0","track-a-comparison","luna_pinyin","key_sequence_process_with_context","hao","78","3","33.800","11.267","11976704","11976704","unavailable","13836288","4784128","4784128","unavailable","4784128","4784128","6508544"
"librime-1.17.0","track-a-comparison","luna_pinyin","key_sequence_process_with_context","hao","79","3","34.300","11.433","11976704","11976704","unavailable","13836288","4784128","4784128","unavailable","4784128","4784128","6508544"
"librime-1.17.0","track-a-comparison","luna_pinyin","key_sequence_process_with_context","zhongguo","0","8","1379.600","172.450","12967936","12976128","unavailable","13889536","4669440","4669440","unavailable","4669440","4669440","6508544"
"librime-1.17.0","track-a-comparison","luna_pinyin","key_sequence_process_with_context","zhongguo","1","8","1306.200","163.275","12976128","12996608","unavailable","13889536","4669440","4698112","unavailable","4698112","4698112","6508544"
"librime-1.17.0","track-a-comparison","luna_pinyin","key_sequence_process_with_context","zhongguo","2","8","1360.600","170.075","12996608","12947456","unavailable","13889536","4698112","4636672","unavailable","4636672","4636672","6508544"
"librime-1.17.0","track-a-comparison","luna_pinyin","key_sequence_process_with_context","zhongguo","3","8","1310.500","163.812","12947456","12992512","unavailable","13889536","4636672","4698112","unavailable","4698112","4698112","6508544"
"librime-1.17.0","track-a-comparison","luna_pinyin","key_sequence_process_with_context","zhongguo","4","8","1294.600","161.825","12992512","12996608","unavailable","13889536","4698112","4698112","unavailable","4698112","4698112","6508544"
"librime-1.17.0","track-a-comparison","luna_pinyin","key_sequence_process_with_context","zhongguo","5","8","1326.900","165.863","12996608","12996608","unavailable","13889536","4698112","4698112","unavailable","4698112","4698112","6508544"
"librime-1.17.0","track-a-comparison","luna_pinyin","key_sequence_process_with_context","zhongguo","6","8","1292.800","161.600","12996608","12996608","unavailable","13889536","4698112","4698112","unavailable","4698112","4698112","6508544"
"librime-1.17.0","track-a-comparison","luna_pinyin","key_sequence_process_with_context","zhongguo","7","8","1345.100","168.137","12996608","12922880","unavailable","13889536","4698112","4608000","unavailable","4608000","4608000","6508544"
"librime-1.17.0","track-a-comparison","luna_pinyin","key_sequence_process_with_context","zhongguo","8","8","1360.700","170.088","12922880","12931072","unavailable","13889536","4608000","4608000","unavailable","4608000","4608000","6508544"
"librime-1.17.0","track-a-comparison","luna_pinyin","key_sequence_process_with_context","zhongguo","9","8","1305.600","163.200","12931072","12992512","unavailable","13889536","4608000","4698112","unavailable","4698112","4698112","6508544"
"librime-1.17.0","track-a-comparison","luna_pinyin","key_sequence_process_with_context","zhongguo","10","8","1289.400","161.175","12992512","12992512","unavailable","13889536","4698112","4698112","unavailable","4698112","4698112","6508544"
"librime-1.17.0","track-a-comparison","luna_pinyin","key_sequence_process_with_context","zhongguo","11","8","1290.600","161.325","12992512","12996608","unavailable","13889536","4698112","4698112","unavailable","4698112","4698112","6508544"
"librime-1.17.0","track-a-comparison","luna_pinyin","key_sequence_process_with_context","zhongguo","12","8","1285.700","160.713","12996608","12996608","unavailable","13889536","4698112","4698112","unavailable","4698112","4698112","6508544"
"librime-1.17.0","track-a-comparison","luna_pinyin","key_sequence_process_with_context","zhongguo","13","8","1309.300","163.662","12996608","12746752","unavailable","13889536","4698112","4399104","unavailable","4399104","4399104","6508544"
"librime-1.17.0","track-a-comparison","luna_pinyin","key_sequence_process_with_context","zhongguo","14","8","1404.900","175.612","12746752","12943360","unavailable","13889536","4399104","4632576","unavailable","4632576","4632576","6508544"
"librime-1.17.0","track-a-comparison","luna_pinyin","key_sequence_process_with_context","zhongguo","15","8","1308.800","163.600","12943360","12996608","unavailable","13889536","4632576","4698112","unavailable","4698112","4698112","6508544"
"librime-1.17.0","track-a-comparison","luna_pinyin","key_sequence_process_with_context","zhongguo","16","8","1289.900","161.238","12996608","12996608","unavailable","13889536","4698112","4698112","unavailable","4698112","4698112","6508544"
"librime-1.17.0","track-a-comparison","luna_pinyin","key_sequence_process_with_context","zhongguo","17","8","1304.500","163.062","12996608","12996608","unavailable","13889536","4698112","4698112","unavailable","4698112","4698112","6508544"
"librime-1.17.0","track-a-comparison","luna_pinyin","key_sequence_process_with_context","zhongguo","18","8","1293.600","161.700","12996608","12996608","unavailable","13889536","4698112","4698112","unavailable","4698112","4698112","6508544"
"librime-1.17.0","track-a-comparison","luna_pinyin","key_sequence_process_with_context","zhongguo","19","8","1290.300","161.288","12996608","12996608","unavailable","13889536","4698112","4698112","unavailable","4698112","4698112","6508544"
"librime-1.17.0","track-a-comparison","luna_pinyin","key_sequence_process_with_context","zhongguo","20","8","1359.000","169.875","12996608","12972032","unavailable","13889536","4698112","4669440","unavailable","4669440","4669440","6508544"
"librime-1.17.0","track-a-comparison","luna_pinyin","key_sequence_process_with_context","zhongguo","21","8","1360.500","170.062","12972032","12992512","unavailable","13889536","4669440","4698112","unavailable","4698112","4698112","6508544"
"librime-1.17.0","track-a-comparison","luna_pinyin","key_sequence_process_with_context","zhongguo","22","8","1291.400","161.425","12992512","12996608","unavailable","13889536","4698112","4698112","unavailable","4698112","4698112","6508544"
"librime-1.17.0","track-a-comparison","luna_pinyin","key_sequence_process_with_context","zhongguo","23","8","1287.400","160.925","12996608","12996608","unavailable","13889536","4698112","4698112","unavailable","4698112","4698112","6508544"
"librime-1.17.0","track-a-comparison","luna_pinyin","key_sequence_process_with_context","zhongguo","24","8","1352.800","169.100","12996608","12931072","unavailable","13889536","4698112","4608000","unavailable","4608000","4608000","6508544"
"librime-1.17.0","track-a-comparison","luna_pinyin","key_sequence_process_with_context","zhongguo","25","8","1302.300","162.787","12931072","12992512","unavailable","13889536","4608000","4698112","unavailable","4698112","4698112","6508544"
"librime-1.17.0","track-a-comparison","luna_pinyin","key_sequence_process_with_context","zhongguo","26","8","1284.400","160.550","12992512","12992512","unavailable","13889536","4698112","4698112","unavailable","4698112","4698112","6508544"
"librime-1.17.0","track-a-comparison","luna_pinyin","key_sequence_process_with_context","zhongguo","27","8","1285.700","160.713","12992512","12992512","unavailable","13889536","4698112","4698112","unavailable","4698112","4698112","6508544"
"librime-1.17.0","track-a-comparison","luna_pinyin","key_sequence_process_with_context","zhongguo","28","8","1365.000","170.625","12992512","12972032","unavailable","13889536","4698112","4669440","unavailable","4669440","4669440","6508544"
"librime-1.17.0","track-a-comparison","luna_pinyin","key_sequence_process_with_context","zhongguo","29","8","1288.500","161.062","12972032","12972032","unavailable","13889536","4669440","4669440","unavailable","4669440","4669440","6508544"
"librime-1.17.0","track-a-comparison","luna_pinyin","key_sequence_process_with_context","zhongguo","30","8","1288.600","161.075","12972032","12972032","unavailable","13889536","4669440","4669440","unavailable","4669440","4669440","6508544"
"librime-1.17.0","track-a-comparison","luna_pinyin","key_sequence_process_with_context","zhongguo","31","8","1341.600","167.700","12972032","12947456","unavailable","13889536","4669440","4636672","unavailable","4636672","4636672","6508544"
"librime-1.17.0","track-a-comparison","luna_pinyin","key_sequence_process_with_context","zhongguo","32","8","1364.600","170.575","12947456","12931072","unavailable","13889536","4636672","4608000","unavailable","4608000","4608000","6508544"
"librime-1.17.0","track-a-comparison","luna_pinyin","key_sequence_process_with_context","zhongguo","33","8","1301.100","162.637","12931072","12992512","unavailable","13889536","4608000","4698112","unavailable","4698112","4698112","6508544"
"librime-1.17.0","track-a-comparison","luna_pinyin","key_sequence_process_with_context","zhongguo","34","8","1292.300","161.537","12992512","12992512","unavailable","13889536","4698112","4698112","unavailable","4698112","4698112","6508544"
"librime-1.17.0","track-a-comparison","luna_pinyin","key_sequence_process_with_context","zhongguo","35","8","1281.600","160.200","12992512","12992512","unavailable","13889536","4698112","4698112","unavailable","4698112","4698112","6508544"
"librime-1.17.0","track-a-comparison","luna_pinyin","key_sequence_process_with_context","zhongguo","36","8","1351.100","168.888","12992512","12992512","unavailable","13889536","4698112","4698112","unavailable","4698112","4698112","6508544"
"librime-1.17.0","track-a-comparison","luna_pinyin","key_sequence_process_with_context","zhongguo","37","8","1283.400","160.425","12992512","12992512","unavailable","13889536","4698112","4698112","unavailable","4698112","4698112","6508544"
"librime-1.17.0","track-a-comparison","luna_pinyin","key_sequence_process_with_context","zhongguo","38","8","1347.100","168.387","12992512","12922880","unavailable","13889536","4698112","4603904","unavailable","4603904","4603904","6508544"
"librime-1.17.0","track-a-comparison","luna_pinyin","key_sequence_process_with_context","zhongguo","39","8","1359.800","169.975","12922880","12931072","unavailable","13889536","4603904","4608000","unavailable","4608000","4608000","6508544"
"librime-1.17.0","track-a-comparison","luna_pinyin","key_sequence_process_with_context","zhongguo","40","8","1301.400","162.675","12931072","12996608","unavailable","13889536","4608000","4698112","unavailable","4698112","4698112","6508544"
"librime-1.17.0","track-a-comparison","luna_pinyin","key_sequence_process_with_context","zhongguo","41","8","1286.600","160.825","12996608","12996608","unavailable","13889536","4698112","4698112","unavailable","4698112","4698112","6508544"
"librime-1.17.0","track-a-comparison","luna_pinyin","key_sequence_process_with_context","zhongguo","42","8","1354.800","169.350","12996608","12992512","unavailable","13889536","4698112","4698112","unavailable","4698112","4698112","6508544"
"librime-1.17.0","track-a-comparison","luna_pinyin","key_sequence_process_with_context","zhongguo","43","8","1296.400","162.050","12992512","12992512","unavailable","13889536","4698112","4698112","unavailable","4698112","4698112","6508544"
"librime-1.17.0","track-a-comparison","luna_pinyin","key_sequence_process_with_context","zhongguo","44","8","1288.700","161.088","12992512","12992512","unavailable","13889536","4698112","4698112","unavailable","4698112","4698112","6508544"
"librime-1.17.0","track-a-comparison","luna_pinyin","key_sequence_process_with_context","zhongguo","45","8","1410.300","176.287","12992512","12931072","unavailable","13889536","4698112","4608000","unavailable","4608000","4608000","6508544"
"librime-1.17.0","track-a-comparison","luna_pinyin","key_sequence_process_with_context","zhongguo","46","8","1303.200","162.900","12931072","12996608","unavailable","13889536","4608000","4698112","unavailable","4698112","4698112","6508544"
"librime-1.17.0","track-a-comparison","luna_pinyin","key_sequence_process_with_context","zhongguo","47","8","1297.600","162.200","12996608","12996608","unavailable","13889536","4698112","4698112","unavailable","4698112","4698112","6508544"
"librime-1.17.0","track-a-comparison","luna_pinyin","key_sequence_process_with_context","zhongguo","48","8","1291.300","161.412","12996608","12996608","unavailable","13889536","4698112","4698112","unavailable","4698112","4698112","6508544"
"librime-1.17.0","track-a-comparison","luna_pinyin","key_sequence_process_with_context","zhongguo","49","8","1284.900","160.613","12996608","12996608","unavailable","13889536","4698112","4698112","unavailable","4698112","4698112","6508544"
"librime-1.17.0","track-a-comparison","luna_pinyin","key_sequence_process_with_context","zhongguo","50","8","1289.400","161.175","12996608","12996608","unavailable","13889536","4698112","4698112","unavailable","4698112","4698112","6508544"
"librime-1.17.0","track-a-comparison","luna_pinyin","key_sequence_process_with_context","zhongguo","51","8","1363.000","170.375","12996608","12943360","unavailable","13889536","4698112","4632576","unavailable","4632576","4632576","6508544"
"librime-1.17.0","track-a-comparison","luna_pinyin","key_sequence_process_with_context","zhongguo","52","8","1353.500","169.188","12943360","12967936","unavailable","13889536","4632576","4669440","unavailable","4669440","4669440","6508544"
"librime-1.17.0","track-a-comparison","luna_pinyin","key_sequence_process_with_context","zhongguo","53","8","1428.100","178.513","12967936","12926976","unavailable","13889536","4669440","4608000","unavailable","4608000","4608000","6508544"
"librime-1.17.0","track-a-comparison","luna_pinyin","key_sequence_process_with_context","zhongguo","54","8","1300.800","162.600","12926976","12972032","unavailable","13889536","4608000","4669440","unavailable","4669440","4669440","6508544"
"librime-1.17.0","track-a-comparison","luna_pinyin","key_sequence_process_with_context","zhongguo","55","8","1294.000","161.750","12972032","12976128","unavailable","13889536","4669440","4669440","unavailable","4669440","4669440","6508544"
"librime-1.17.0","track-a-comparison","luna_pinyin","key_sequence_process_with_context","zhongguo","56","8","1291.200","161.400","12976128","12984320","unavailable","13889536","4669440","4669440","unavailable","4669440","4669440","6508544"
"librime-1.17.0","track-a-comparison","luna_pinyin","key_sequence_process_with_context","zhongguo","57","8","1284.000","160.500","12984320","12984320","unavailable","13889536","4669440","4669440","unavailable","4669440","4669440","6508544"
"librime-1.17.0","track-a-comparison","luna_pinyin","key_sequence_process_with_context","zhongguo","58","8","1294.500","161.812","12984320","12746752","unavailable","13889536","4669440","4399104","unavailable","4399104","4399104","6508544"
"librime-1.17.0","track-a-comparison","luna_pinyin","key_sequence_process_with_context","zhongguo","59","8","1334.800","166.850","12746752","12951552","unavailable","13889536","4399104","4648960","unavailable","4648960","4648960","6508544"
"librime-1.17.0","track-a-comparison","luna_pinyin","key_sequence_process_with_context","zhongguo","60","8","1319.200","164.900","12951552","12734464","unavailable","13889536","4648960","4386816","unavailable","4386816","4386816","6508544"
"librime-1.17.0","track-a-comparison","luna_pinyin","key_sequence_process_with_context","zhongguo","61","8","1383.200","172.900","12734464","13025280","unavailable","13889536","4386816","4730880","unavailable","4730880","4730880","6508544"
"librime-1.17.0","track-a-comparison","luna_pinyin","key_sequence_process_with_context","zhongguo","62","8","1344.000","168.000","13025280","13029376","unavailable","13889536","4730880","4730880","unavailable","4730880","4730880","6508544"
"librime-1.17.0","track-a-comparison","luna_pinyin","key_sequence_process_with_context","zhongguo","63","8","1299.900","162.488","13029376","13029376","unavailable","13889536","4730880","4730880","unavailable","4730880","4730880","6508544"
"librime-1.17.0","track-a-comparison","luna_pinyin","key_sequence_process_with_context","zhongguo","64","8","1294.200","161.775","13029376","13029376","unavailable","13889536","4730880","4730880","unavailable","4730880","4730880","6508544"
"librime-1.17.0","track-a-comparison","luna_pinyin","key_sequence_process_with_context","zhongguo","65","8","1288.800","161.100","13029376","13029376","unavailable","13889536","4730880","4730880","unavailable","4730880","4730880","6508544"
"librime-1.17.0","track-a-comparison","luna_pinyin","key_sequence_process_with_context","zhongguo","66","8","1295.200","161.900","13029376","13037568","unavailable","13889536","4730880","4730880","unavailable","4730880","4730880","6508544"
"librime-1.17.0","track-a-comparison","luna_pinyin","key_sequence_process_with_context","zhongguo","67","8","1291.000","161.375","13037568","13037568","unavailable","13889536","4730880","4730880","unavailable","4730880","4730880","6508544"
"librime-1.17.0","track-a-comparison","luna_pinyin","key_sequence_process_with_context","zhongguo","68","8","1286.300","160.787","13037568","13037568","unavailable","13889536","4730880","4730880","unavailable","4730880","4730880","6508544"
"librime-1.17.0","track-a-comparison","luna_pinyin","key_sequence_process_with_context","zhongguo","69","8","1377.200","172.150","13037568","12980224","unavailable","13889536","4730880","4665344","unavailable","4665344","4665344","6508544"
"librime-1.17.0","track-a-comparison","luna_pinyin","key_sequence_process_with_context","zhongguo","70","8","1306.200","163.275","12980224","13029376","unavailable","13889536","4665344","4730880","unavailable","4730880","4730880","6508544"
"librime-1.17.0","track-a-comparison","luna_pinyin","key_sequence_process_with_context","zhongguo","71","8","1367.300","170.912","13029376","12980224","unavailable","13889536","4730880","4665344","unavailable","4665344","4665344","6508544"
"librime-1.17.0","track-a-comparison","luna_pinyin","key_sequence_process_with_context","zhongguo","72","8","1299.600","162.450","12980224","13025280","unavailable","13889536","4665344","4730880","unavailable","4730880","4730880","6508544"
"librime-1.17.0","track-a-comparison","luna_pinyin","key_sequence_process_with_context","zhongguo","73","8","1291.500","161.438","13025280","13029376","unavailable","13889536","4730880","4730880","unavailable","4730880","4730880","6508544"
"librime-1.17.0","track-a-comparison","luna_pinyin","key_sequence_process_with_context","zhongguo","74","8","1290.100","161.262","13029376","13029376","unavailable","13889536","4730880","4730880","unavailable","4730880","4730880","6508544"
"librime-1.17.0","track-a-comparison","luna_pinyin","key_sequence_process_with_context","zhongguo","75","8","1284.300","160.537","13029376","13029376","unavailable","13889536","4730880","4730880","unavailable","4730880","4730880","6508544"
"librime-1.17.0","track-a-comparison","luna_pinyin","key_sequence_process_with_context","zhongguo","76","8","1298.400","162.300","13029376","13070336","unavailable","13889536","4730880","4796416","unavailable","4796416","4796416","6508544"
"librime-1.17.0","track-a-comparison","luna_pinyin","key_sequence_process_with_context","zhongguo","77","8","1289.300","161.162","13070336","13086720","unavailable","13889536","4796416","4796416","unavailable","4796416","4796416","6508544"
"librime-1.17.0","track-a-comparison","luna_pinyin","key_sequence_process_with_context","zhongguo","78","8","1289.900","161.238","13086720","13086720","unavailable","13889536","4796416","4796416","unavailable","4796416","4796416","6508544"
"librime-1.17.0","track-a-comparison","luna_pinyin","key_sequence_process_with_context","zhongguo","79","8","1290.700","161.338","13086720","13086720","unavailable","13889536","4796416","4796416","unavailable","4796416","4796416","6508544"
"librime-1.17.0","track-a-comparison","luna_pinyin","key_sequence_process_with_context","ceshiyixiachangjushuruxingnengzenyang","0","37","10648.600","287.800","15372288","15372288","unavailable","15450112","4960256","4960256","unavailable","4960256","4960256","6688768"
"librime-1.17.0","track-a-comparison","luna_pinyin","key_sequence_process_with_context","ceshiyixiachangjushuruxingnengzenyang","1","37","10593.300","286.305","15372288","15372288","unavailable","15450112","4960256","4960256","unavailable","4960256","4960256","6688768"
"librime-1.17.0","track-a-comparison","luna_pinyin","key_sequence_process_with_context","ceshiyixiachangjushuruxingnengzenyang","2","37","10551.400","285.173","15372288","15372288","unavailable","15450112","4960256","4960256","unavailable","4960256","4960256","6688768"
"librime-1.17.0","track-a-comparison","luna_pinyin","key_sequence_process_with_context","ceshiyixiachangjushuruxingnengzenyang","3","37","10735.000","290.135","15372288","15372288","unavailable","15450112","4960256","4960256","unavailable","4960256","4960256","6688768"
"librime-1.17.0","track-a-comparison","luna_pinyin","key_sequence_process_with_context","ceshiyixiachangjushuruxingnengzenyang","4","37","10601.900","286.538","15372288","15380480","unavailable","15450112","4960256","4960256","unavailable","4960256","4960256","6688768"
"librime-1.17.0","track-a-comparison","luna_pinyin","key_sequence_process_with_context","ceshiyixiachangjushuruxingnengzenyang","5","37","10651.600","287.881","15380480","15421440","unavailable","15450112","4960256","5021696","unavailable","5021696","5021696","6688768"
"librime-1.17.0","track-a-comparison","luna_pinyin","key_sequence_process_with_context","ceshiyixiachangjushuruxingnengzenyang","6","37","10687.300","288.846","15421440","15372288","unavailable","15450112","5021696","4960256","unavailable","4960256","4960256","6688768"
"librime-1.17.0","track-a-comparison","luna_pinyin","key_sequence_process_with_context","ceshiyixiachangjushuruxingnengzenyang","7","37","10764.700","290.938","15372288","15364096","unavailable","15450112","4960256","4960256","unavailable","4960256","4960256","6688768"
"librime-1.17.0","track-a-comparison","luna_pinyin","key_sequence_process_with_context","ceshiyixiachangjushuruxingnengzenyang","8","37","10562.100","285.462","15364096","15372288","unavailable","15450112","4960256","4960256","unavailable","4960256","4960256","6688768"
"librime-1.17.0","track-a-comparison","luna_pinyin","key_sequence_process_with_context","ceshiyixiachangjushuruxingnengzenyang","9","37","10562.400","285.470","15372288","15372288","unavailable","15450112","4960256","4960256","unavailable","4960256","4960256","6688768"
"librime-1.17.0","track-a-comparison","luna_pinyin","key_sequence_process_with_context","ceshiyixiachangjushuruxingnengzenyang","10","37","11398.300","308.062","15372288","15372288","unavailable","15450112","4960256","4960256","unavailable","4960256","4960256","6688768"
"librime-1.17.0","track-a-comparison","luna_pinyin","key_sequence_process_with_context","ceshiyixiachangjushuruxingnengzenyang","11","37","10595.200","286.357","15372288","15372288","unavailable","15450112","4960256","4960256","unavailable","4960256","4960256","6688768"
"librime-1.17.0","track-a-comparison","luna_pinyin","key_sequence_process_with_context","ceshiyixiachangjushuruxingnengzenyang","12","37","10657.800","288.049","15372288","15339520","unavailable","15450112","4960256","4915200","unavailable","4915200","4915200","6688768"
"librime-1.17.0","track-a-comparison","luna_pinyin","key_sequence_process_with_context","ceshiyixiachangjushuruxingnengzenyang","13","37","10594.400","286.335","15339520","15335424","unavailable","15450112","4915200","4915200","unavailable","4915200","4915200","6688768"
"librime-1.17.0","track-a-comparison","luna_pinyin","key_sequence_process_with_context","ceshiyixiachangjushuruxingnengzenyang","14","37","10504.400","283.903","15335424","15339520","unavailable","15450112","4915200","4915200","unavailable","4915200","4915200","6688768"
"librime-1.17.0","track-a-comparison","luna_pinyin","key_sequence_process_with_context","ceshiyixiachangjushuruxingnengzenyang","15","37","10607.700","286.695","15339520","15339520","unavailable","15450112","4915200","4915200","unavailable","4915200","4915200","6688768"
"librime-1.17.0","track-a-comparison","luna_pinyin","key_sequence_process_with_context","ceshiyixiachangjushuruxingnengzenyang","16","37","10532.500","284.662","15339520","15372288","unavailable","15450112","4915200","4960256","unavailable","4960256","4960256","6688768"
"librime-1.17.0","track-a-comparison","luna_pinyin","key_sequence_process_with_context","ceshiyixiachangjushuruxingnengzenyang","17","37","10586.500","286.122","15372288","15372288","unavailable","15450112","4960256","4960256","unavailable","4960256","4960256","6688768"
"librime-1.17.0","track-a-comparison","luna_pinyin","key_sequence_process_with_context","ceshiyixiachangjushuruxingnengzenyang","18","37","10518.100","284.273","15372288","15380480","unavailable","15450112","4960256","4960256","unavailable","4960256","4960256","6688768"
"librime-1.17.0","track-a-comparison","luna_pinyin","key_sequence_process_with_context","ceshiyixiachangjushuruxingnengzenyang","19","37","10480.900","283.268","15380480","15380480","unavailable","15450112","4960256","4960256","unavailable","4960256","4960256","6688768"
"librime-1.17.0","track-a-comparison","luna_pinyin","key_sequence_process_with_context","ceshiyixiachangjushuruxingnengzenyang","20","37","10585.900","286.105","15380480","15335424","unavailable","15450112","4960256","4915200","unavailable","4915200","4915200","6688768"
"librime-1.17.0","track-a-comparison","luna_pinyin","key_sequence_process_with_context","ceshiyixiachangjushuruxingnengzenyang","21","37","10549.300","285.116","15335424","15372288","unavailable","15450112","4915200","4960256","unavailable","4960256","4960256","6688768"
"librime-1.17.0","track-a-comparison","luna_pinyin","key_sequence_process_with_context","ceshiyixiachangjushuruxingnengzenyang","22","37","10590.700","286.235","15372288","15372288","unavailable","15450112","4960256","4960256","unavailable","4960256","4960256","6688768"
"librime-1.17.0","track-a-comparison","luna_pinyin","key_sequence_process_with_context","ceshiyixiachangjushuruxingnengzenyang","23","37","10498.600","283.746","15372288","15372288","unavailable","15450112","4960256","4960256","unavailable","4960256","4960256","6688768"
"librime-1.17.0","track-a-comparison","luna_pinyin","key_sequence_process_with_context","ceshiyixiachangjushuruxingnengzenyang","24","37","10534.600","284.719","15372288","15372288","unavailable","15450112","4960256","4960256","unavailable","4960256","4960256","6688768"
"librime-1.17.0","track-a-comparison","luna_pinyin","key_sequence_process_with_context","ceshiyixiachangjushuruxingnengzenyang","25","37","10573.400","285.768","15372288","15331328","unavailable","15450112","4960256","4915200","unavailable","4915200","4915200","6688768"
"librime-1.17.0","track-a-comparison","luna_pinyin","key_sequence_process_with_context","ceshiyixiachangjushuruxingnengzenyang","26","37","10533.800","284.697","15331328","15372288","unavailable","15450112","4915200","4960256","unavailable","4960256","4960256","6688768"
"librime-1.17.0","track-a-comparison","luna_pinyin","key_sequence_process_with_context","ceshiyixiachangjushuruxingnengzenyang","27","37","10715.900","289.619","15372288","15372288","unavailable","15450112","4960256","4960256","unavailable","4960256","4960256","6688768"
"librime-1.17.0","track-a-comparison","luna_pinyin","key_sequence_process_with_context","ceshiyixiachangjushuruxingnengzenyang","28","37","10619.500","287.014","15372288","15331328","unavailable","15450112","4960256","4915200","unavailable","4915200","4915200","6688768"
"librime-1.17.0","track-a-comparison","luna_pinyin","key_sequence_process_with_context","ceshiyixiachangjushuruxingnengzenyang","29","37","10595.800","286.373","15331328","15372288","unavailable","15450112","4915200","4960256","unavailable","4960256","4960256","6688768"
"librime-1.17.0","track-a-comparison","luna_pinyin","key_sequence_process_with_context","ceshiyixiachangjushuruxingnengzenyang","30","37","10507.900","283.997","15372288","15372288","unavailable","15450112","4960256","4960256","unavailable","4960256","4960256","6688768"
"librime-1.17.0","track-a-comparison","luna_pinyin","key_sequence_process_with_context","ceshiyixiachangjushuruxingnengzenyang","31","37","10571.600","285.719","15372288","15372288","unavailable","15450112","4960256","4960256","unavailable","4960256","4960256","6688768"
"librime-1.17.0","track-a-comparison","luna_pinyin","key_sequence_process_with_context","ceshiyixiachangjushuruxingnengzenyang","32","37","10546.700","285.046","15372288","15331328","unavailable","15450112","4960256","4915200","unavailable","4915200","4915200","6688768"
"librime-1.17.0","track-a-comparison","luna_pinyin","key_sequence_process_with_context","ceshiyixiachangjushuruxingnengzenyang","33","37","10499.700","283.776","15331328","15376384","unavailable","15450112","4915200","4960256","unavailable","4960256","4960256","6688768"
"librime-1.17.0","track-a-comparison","luna_pinyin","key_sequence_process_with_context","ceshiyixiachangjushuruxingnengzenyang","34","37","10442.900","282.241","15376384","15376384","unavailable","15450112","4960256","4960256","unavailable","4960256","4960256","6688768"
"librime-1.17.0","track-a-comparison","luna_pinyin","key_sequence_process_with_context","ceshiyixiachangjushuruxingnengzenyang","35","37","10583.700","286.046","15376384","15372288","unavailable","15450112","4960256","4960256","unavailable","4960256","4960256","6688768"
"librime-1.17.0","track-a-comparison","luna_pinyin","key_sequence_process_with_context","ceshiyixiachangjushuruxingnengzenyang","36","37","10565.300","285.549","15372288","15339520","unavailable","15450112","4960256","4915200","unavailable","4915200","4915200","6688768"
"librime-1.17.0","track-a-comparison","luna_pinyin","key_sequence_process_with_context","ceshiyixiachangjushuruxingnengzenyang","37","37","10466.300","282.873","15339520","15421440","unavailable","15450112","4915200","5021696","unavailable","5021696","5021696","6688768"
"librime-1.17.0","track-a-comparison","luna_pinyin","key_sequence_process_with_context","ceshiyixiachangjushuruxingnengzenyang","38","37","10589.900","286.214","15421440","15372288","unavailable","15450112","5021696","4960256","unavailable","4960256","4960256","6688768"
"librime-1.17.0","track-a-comparison","luna_pinyin","key_sequence_process_with_context","ceshiyixiachangjushuruxingnengzenyang","39","37","10578.400","285.903","15372288","15331328","unavailable","15450112","4960256","4915200","unavailable","4915200","4915200","6688768"
"librime-1.17.0","track-a-comparison","luna_pinyin","key_sequence_process_with_context","ceshiyixiachangjushuruxingnengzenyang","40","37","10461.100","282.732","15331328","15335424","unavailable","15450112","4915200","4915200","unavailable","4915200","4915200","6688768"
"librime-1.17.0","track-a-comparison","luna_pinyin","key_sequence_process_with_context","ceshiyixiachangjushuruxingnengzenyang","41","37","10449.700","282.424","15335424","15372288","unavailable","15450112","4915200","4960256","unavailable","4960256","4960256","6688768"
"librime-1.17.0","track-a-comparison","luna_pinyin","key_sequence_process_with_context","ceshiyixiachangjushuruxingnengzenyang","42","37","10548.300","285.089","15372288","15331328","unavailable","15450112","4960256","4915200","unavailable","4915200","4915200","6688768"
"librime-1.17.0","track-a-comparison","luna_pinyin","key_sequence_process_with_context","ceshiyixiachangjushuruxingnengzenyang","43","37","10536.700","284.776","15331328","15372288","unavailable","15450112","4915200","4960256","unavailable","4960256","4960256","6688768"
"librime-1.17.0","track-a-comparison","luna_pinyin","key_sequence_process_with_context","ceshiyixiachangjushuruxingnengzenyang","44","37","10484.400","283.362","15372288","15495168","unavailable","15495168","4960256","5083136","unavailable","5083136","5083136","6688768"
"librime-1.17.0","track-a-comparison","luna_pinyin","key_sequence_process_with_context","ceshiyixiachangjushuruxingnengzenyang","45","37","10495.300","283.657","15495168","15495168","unavailable","15495168","5083136","5083136","unavailable","5083136","5083136","6688768"
"librime-1.17.0","track-a-comparison","luna_pinyin","key_sequence_process_with_context","ceshiyixiachangjushuruxingnengzenyang","46","37","10766.200","290.978","15495168","15724544","unavailable","15794176","5083136","5468160","unavailable","5468160","5468160","6688768"
"librime-1.17.0","track-a-comparison","luna_pinyin","key_sequence_process_with_context","ceshiyixiachangjushuruxingnengzenyang","47","37","10636.500","287.473","15724544","15474688","unavailable","15839232","5468160","5107712","unavailable","5107712","5107712","6688768"
"librime-1.17.0","track-a-comparison","luna_pinyin","key_sequence_process_with_context","ceshiyixiachangjushuruxingnengzenyang","48","37","10781.000","291.378","15474688","15699968","unavailable","15839232","5107712","5406720","unavailable","5406720","5406720","6688768"
"librime-1.17.0","track-a-comparison","luna_pinyin","key_sequence_process_with_context","ceshiyixiachangjushuruxingnengzenyang","49","37","10811.800","292.211","15699968","15568896","unavailable","15839232","5406720","5222400","unavailable","5222400","5222400","6688768"
"librime-1.17.0","track-a-comparison","luna_pinyin","key_sequence_process_with_context","ceshiyixiachangjushuruxingnengzenyang","50","37","10880.900","294.078","15568896","15679488","unavailable","15839232","5222400","5468160","unavailable","5468160","5468160","6688768"
"librime-1.17.0","track-a-comparison","luna_pinyin","key_sequence_process_with_context","ceshiyixiachangjushuruxingnengzenyang","51","37","10719.800","289.724","15679488","15732736","unavailable","15847424","5468160","5455872","unavailable","5455872","5455872","6688768"
"librime-1.17.0","track-a-comparison","luna_pinyin","key_sequence_process_with_context","ceshiyixiachangjushuruxingnengzenyang","52","37","10710.200","289.465","15732736","15773696","unavailable","15847424","5455872","5480448","unavailable","5480448","5480448","6688768"
"librime-1.17.0","track-a-comparison","luna_pinyin","key_sequence_process_with_context","ceshiyixiachangjushuruxingnengzenyang","53","37","10762.700","290.884","15773696","15740928","unavailable","15851520","5480448","5459968","unavailable","5459968","5459968","6688768"
"librime-1.17.0","track-a-comparison","luna_pinyin","key_sequence_process_with_context","ceshiyixiachangjushuruxingnengzenyang","54","37","10660.500","288.122","15740928","15581184","unavailable","15851520","5459968","5201920","unavailable","5201920","5201920","6688768"
"librime-1.17.0","track-a-comparison","luna_pinyin","key_sequence_process_with_context","ceshiyixiachangjushuruxingnengzenyang","55","37","10866.000","293.676","15581184","15753216","unavailable","15851520","5201920","5521408","unavailable","5521408","5521408","6688768"
"librime-1.17.0","track-a-comparison","luna_pinyin","key_sequence_process_with_context","ceshiyixiachangjushuruxingnengzenyang","56","37","10824.300","292.549","15753216","15597568","unavailable","15888384","5521408","5312512","unavailable","5312512","5312512","6688768"
"librime-1.17.0","track-a-comparison","luna_pinyin","key_sequence_process_with_context","ceshiyixiachangjushuruxingnengzenyang","57","37","11123.000","300.622","15597568","15695872","unavailable","15888384","5312512","5419008","unavailable","5419008","5419008","6688768"
"librime-1.17.0","track-a-comparison","luna_pinyin","key_sequence_process_with_context","ceshiyixiachangjushuruxingnengzenyang","58","37","10832.000","292.757","15695872","15765504","unavailable","15888384","5419008","5480448","unavailable","5480448","5480448","6688768"
"librime-1.17.0","track-a-comparison","luna_pinyin","key_sequence_process_with_context","ceshiyixiachangjushuruxingnengzenyang","59","37","12329.100","333.219","15765504","15441920","unavailable","15888384","5480448","5029888","unavailable","5029888","5029888","6688768"
"librime-1.17.0","track-a-comparison","luna_pinyin","key_sequence_process_with_context","ceshiyixiachangjushuruxingnengzenyang","60","37","10706.800","289.373","15441920","15773696","unavailable","15888384","5029888","5476352","unavailable","5476352","5476352","6688768"
"librime-1.17.0","track-a-comparison","luna_pinyin","key_sequence_process_with_context","ceshiyixiachangjushuruxingnengzenyang","61","37","10838.800","292.941","15777792","15683584","unavailable","15888384","5476352","5496832","unavailable","5496832","5496832","6688768"
"librime-1.17.0","track-a-comparison","luna_pinyin","key_sequence_process_with_context","ceshiyixiachangjushuruxingnengzenyang","62","37","10972.100","296.543","15683584","15859712","unavailable","15888384","5496832","5525504","unavailable","5525504","5525504","6688768"
"librime-1.17.0","track-a-comparison","luna_pinyin","key_sequence_process_with_context","ceshiyixiachangjushuruxingnengzenyang","63","37","10935.200","295.546","15859712","15597568","unavailable","15888384","5525504","5197824","unavailable","5197824","5197824","6688768"
"librime-1.17.0","track-a-comparison","luna_pinyin","key_sequence_process_with_context","ceshiyixiachangjushuruxingnengzenyang","64","37","10760.700","290.830","15597568","15749120","unavailable","15888384","5197824","5480448","unavailable","5480448","5480448","6688768"
"librime-1.17.0","track-a-comparison","luna_pinyin","key_sequence_process_with_context","ceshiyixiachangjushuruxingnengzenyang","65","37","10737.100","290.192","15749120","15740928","unavailable","15888384","5480448","5488640","unavailable","5488640","5488640","6688768"
"librime-1.17.0","track-a-comparison","luna_pinyin","key_sequence_process_with_context","ceshiyixiachangjushuruxingnengzenyang","66","37","10848.800","293.211","15740928","15740928","unavailable","15888384","5488640","5480448","unavailable","5480448","5480448","6688768"
"librime-1.17.0","track-a-comparison","luna_pinyin","key_sequence_process_with_context","ceshiyixiachangjushuruxingnengzenyang","67","37","10820.900","292.457","15740928","15716352","unavailable","15888384","5480448","5451776","unavailable","5451776","5451776","6688768"
"librime-1.17.0","track-a-comparison","luna_pinyin","key_sequence_process_with_context","ceshiyixiachangjushuruxingnengzenyang","68","37","10754.100","290.651","15716352","15749120","unavailable","15888384","5451776","5480448","unavailable","5480448","5480448","6688768"
"librime-1.17.0","track-a-comparison","luna_pinyin","key_sequence_process_with_context","ceshiyixiachangjushuruxingnengzenyang","69","37","10692.900","288.997","15749120","15785984","unavailable","15888384","5480448","5480448","unavailable","5480448","5480448","6688768"
"librime-1.17.0","track-a-comparison","luna_pinyin","key_sequence_process_with_context","ceshiyixiachangjushuruxingnengzenyang","70","37","10819.600","292.422","15790080","15753216","unavailable","15888384","5480448","5476352","unavailable","5476352","5476352","6688768"
"librime-1.17.0","track-a-comparison","luna_pinyin","key_sequence_process_with_context","ceshiyixiachangjushuruxingnengzenyang","71","37","10739.500","290.257","15753216","15863808","unavailable","15888384","5476352","5525504","unavailable","5525504","5525504","6688768"
"librime-1.17.0","track-a-comparison","luna_pinyin","key_sequence_process_with_context","ceshiyixiachangjushuruxingnengzenyang","72","37","10668.100","288.327","15863808","15863808","unavailable","15888384","5525504","5525504","unavailable","5525504","5525504","6688768"
"librime-1.17.0","track-a-comparison","luna_pinyin","key_sequence_process_with_context","ceshiyixiachangjushuruxingnengzenyang","73","37","10820.300","292.441","15863808","15732736","unavailable","15900672","5525504","5472256","unavailable","5472256","5472256","6688768"
"librime-1.17.0","track-a-comparison","luna_pinyin","key_sequence_process_with_context","ceshiyixiachangjushuruxingnengzenyang","74","37","10895.100","294.462","15732736","15749120","unavailable","15900672","5472256","5468160","unavailable","5468160","5468160","6688768"
"librime-1.17.0","track-a-comparison","luna_pinyin","key_sequence_process_with_context","ceshiyixiachangjushuruxingnengzenyang","75","37","10601.700","286.532","15749120","15900672","unavailable","15900672","5468160","5525504","unavailable","5525504","5525504","6688768"
"librime-1.17.0","track-a-comparison","luna_pinyin","key_sequence_process_with_context","ceshiyixiachangjushuruxingnengzenyang","76","37","10714.400","289.578","15900672","15900672","unavailable","15900672","5525504","5525504","unavailable","5525504","5525504","6688768"
"librime-1.17.0","track-a-comparison","luna_pinyin","key_sequence_process_with_context","ceshiyixiachangjushuruxingnengzenyang","77","37","10936.700","295.586","15900672","15634432","unavailable","15900672","5525504","5378048","unavailable","5378048","5378048","6688768"
"librime-1.17.0","track-a-comparison","luna_pinyin","key_sequence_process_with_context","ceshiyixiachangjushuruxingnengzenyang","78","37","10901.000","294.622","15634432","15716352","unavailable","15900672","5378048","5451776","unavailable","5451776","5451776","6688768"
"librime-1.17.0","track-a-comparison","luna_pinyin","key_sequence_process_with_context","ceshiyixiachangjushuruxingnengzenyang","79","37","10752.300","290.603","15720448","15843328","unavailable","15900672","5451776","5521408","unavailable","5521408","5521408","6688768"
"librime-1.17.0","track-a-comparison","luna_pinyin","key_sequence_process_with_context","zhegeyinqingqishiyinggaizhichichaochangjuzishurucainengyong","0","59","39070.700","662.215","16465920","16814080","unavailable","16814080","5586944","5881856","unavailable","5881856","5881856","6758400"
"librime-1.17.0","track-a-comparison","luna_pinyin","key_sequence_process_with_context","zhegeyinqingqishiyinggaizhichichaochangjuzishurucainengyong","1","59","39091.100","662.561","16814080","16646144","unavailable","16871424","5881856","5738496","unavailable","5738496","5738496","6758400"
"librime-1.17.0","track-a-comparison","luna_pinyin","key_sequence_process_with_context","zhegeyinqingqishiyinggaizhichichaochangjuzishurucainengyong","2","59","38666.900","655.371","16646144","16748544","unavailable","16965632","5738496","5873664","unavailable","5873664","5873664","6758400"
"librime-1.17.0","track-a-comparison","luna_pinyin","key_sequence_process_with_context","zhegeyinqingqishiyinggaizhichichaochangjuzishurucainengyong","3","59","38889.700","659.147","16748544","16916480","unavailable","16965632","5873664","6017024","unavailable","6017024","6017024","6758400"
"librime-1.17.0","track-a-comparison","luna_pinyin","key_sequence_process_with_context","zhegeyinqingqishiyinggaizhichichaochangjuzishurucainengyong","4","59","38705.600","656.027","16916480","16736256","unavailable","16965632","6017024","5881856","unavailable","5881856","5881856","6758400"
"librime-1.17.0","track-a-comparison","luna_pinyin","key_sequence_process_with_context","zhegeyinqingqishiyinggaizhichichaochangjuzishurucainengyong","5","59","38950.000","660.169","16736256","16678912","unavailable","16965632","5881856","5877760","unavailable","5877760","5877760","6758400"
"librime-1.17.0","track-a-comparison","luna_pinyin","key_sequence_process_with_context","zhegeyinqingqishiyinggaizhichichaochangjuzishurucainengyong","6","59","39045.900","661.795","16678912","16748544","unavailable","16965632","5877760","5885952","unavailable","5885952","5885952","6758400"
"librime-1.17.0","track-a-comparison","luna_pinyin","key_sequence_process_with_context","zhegeyinqingqishiyinggaizhichichaochangjuzishurucainengyong","7","59","38436.500","651.466","16748544","16973824","unavailable","16973824","5885952","6021120","unavailable","6021120","6021120","6758400"
"librime-1.17.0","track-a-comparison","luna_pinyin","key_sequence_process_with_context","zhegeyinqingqishiyinggaizhichichaochangjuzishurucainengyong","8","59","38911.600","659.519","16977920","16756736","unavailable","16977920","6021120","5885952","unavailable","5885952","5885952","6758400"
"librime-1.17.0","track-a-comparison","luna_pinyin","key_sequence_process_with_context","zhegeyinqingqishiyinggaizhichichaochangjuzishurucainengyong","9","59","38526.000","652.983","16756736","16863232","unavailable","16977920","5885952","6021120","unavailable","6021120","6021120","6758400"
"librime-1.17.0","track-a-comparison","luna_pinyin","key_sequence_process_with_context","zhegeyinqingqishiyinggaizhichichaochangjuzishurucainengyong","10","59","38389.800","650.675","16863232","16887808","unavailable","16977920","6021120","5885952","unavailable","5885952","5885952","6758400"
"librime-1.17.0","track-a-comparison","luna_pinyin","key_sequence_process_with_context","zhegeyinqingqishiyinggaizhichichaochangjuzishurucainengyong","11","59","38356.900","650.117","16887808","17014784","unavailable","17014784","5885952","6021120","unavailable","6021120","6021120","6758400"
"librime-1.17.0","track-a-comparison","luna_pinyin","key_sequence_process_with_context","zhegeyinqingqishiyinggaizhichichaochangjuzishurucainengyong","12","59","38589.100","654.053","17014784","16859136","unavailable","17014784","6021120","5885952","unavailable","5885952","5885952","6758400"
"librime-1.17.0","track-a-comparison","luna_pinyin","key_sequence_process_with_context","zhegeyinqingqishiyinggaizhichichaochangjuzishurucainengyong","13","59","38623.200","654.631","16859136","16805888","unavailable","17051648","5885952","5894144","unavailable","5894144","5894144","6758400"
"librime-1.17.0","track-a-comparison","luna_pinyin","key_sequence_process_with_context","zhegeyinqingqishiyinggaizhichichaochangjuzishurucainengyong","14","59","38528.400","653.024","16805888","16826368","unavailable","17051648","5894144","5885952","unavailable","5885952","5885952","6758400"
"librime-1.17.0","track-a-comparison","luna_pinyin","key_sequence_process_with_context","zhegeyinqingqishiyinggaizhichichaochangjuzishurucainengyong","15","59","38290.100","648.985","16826368","16769024","unavailable","17051648","5885952","5885952","unavailable","5885952","5885952","6758400"
"librime-1.17.0","track-a-comparison","luna_pinyin","key_sequence_process_with_context","zhegeyinqingqishiyinggaizhichichaochangjuzishurucainengyong","16","59","38377.300","650.463","16773120","16912384","unavailable","17051648","5885952","5890048","unavailable","5890048","5890048","6758400"
"librime-1.17.0","track-a-comparison","luna_pinyin","key_sequence_process_with_context","zhegeyinqingqishiyinggaizhichichaochangjuzishurucainengyong","17","59","38510.700","652.724","16912384","16809984","unavailable","17051648","5890048","6021120","unavailable","6021120","6021120","6758400"
"librime-1.17.0","track-a-comparison","luna_pinyin","key_sequence_process_with_context","zhegeyinqingqishiyinggaizhichichaochangjuzishurucainengyong","18","59","38425.700","651.283","16809984","16719872","unavailable","17051648","6021120","5881856","unavailable","5881856","5881856","6758400"
"librime-1.17.0","track-a-comparison","luna_pinyin","key_sequence_process_with_context","zhegeyinqingqishiyinggaizhichichaochangjuzishurucainengyong","19","59","38453.300","651.751","16719872","16674816","unavailable","17051648","5881856","5844992","unavailable","5844992","5844992","6758400"
"librime-1.17.0","track-a-comparison","luna_pinyin","key_sequence_process_with_context","zhegeyinqingqishiyinggaizhichichaochangjuzishurucainengyong","20","59","38397.700","650.808","16674816","17027072","unavailable","17051648","5844992","6021120","unavailable","6021120","6021120","6758400"
"librime-1.17.0","track-a-comparison","luna_pinyin","key_sequence_process_with_context","zhegeyinqingqishiyinggaizhichichaochangjuzishurucainengyong","21","59","38664.500","655.331","17027072","16932864","unavailable","17051648","6021120","6021120","unavailable","6021120","6021120","6758400"
"librime-1.17.0","track-a-comparison","luna_pinyin","key_sequence_process_with_context","zhegeyinqingqishiyinggaizhichichaochangjuzishurucainengyong","22","59","38951.700","660.198","16932864","16842752","unavailable","17051648","6021120","5885952","unavailable","5885952","5885952","6758400"
"librime-1.17.0","track-a-comparison","luna_pinyin","key_sequence_process_with_context","zhegeyinqingqishiyinggaizhichichaochangjuzishurucainengyong","23","59","38605.800","654.336","16842752","16904192","unavailable","17051648","5885952","5885952","unavailable","5885952","5885952","6758400"
"librime-1.17.0","track-a-comparison","luna_pinyin","key_sequence_process_with_context","zhegeyinqingqishiyinggaizhichichaochangjuzishurucainengyong","24","59","38742.500","656.653","16904192","16867328","unavailable","17051648","5885952","5885952","unavailable","5885952","5885952","6758400"
"librime-1.17.0","track-a-comparison","luna_pinyin","key_sequence_process_with_context","zhegeyinqingqishiyinggaizhichichaochangjuzishurucainengyong","25","59","39034.200","661.597","16871424","16957440","unavailable","17051648","5885952","6021120","unavailable","6021120","6021120","6758400"
"librime-1.17.0","track-a-comparison","luna_pinyin","key_sequence_process_with_context","zhegeyinqingqishiyinggaizhichichaochangjuzishurucainengyong","26","59","39643.300","671.920","16957440","16588800","unavailable","17051648","6021120","5627904","unavailable","5627904","5627904","6758400"
"librime-1.17.0","track-a-comparison","luna_pinyin","key_sequence_process_with_context","zhegeyinqingqishiyinggaizhichichaochangjuzishurucainengyong","27","59","39116.300","662.988","16588800","16846848","unavailable","17051648","5627904","5885952","unavailable","5885952","5885952","6758400"
"librime-1.17.0","track-a-comparison","luna_pinyin","key_sequence_process_with_context","zhegeyinqingqishiyinggaizhichichaochangjuzishurucainengyong","28","59","38981.500","660.703","16846848","16789504","unavailable","17051648","5885952","6021120","unavailable","6021120","6021120","6758400"
"librime-1.17.0","track-a-comparison","luna_pinyin","key_sequence_process_with_context","zhegeyinqingqishiyinggaizhichichaochangjuzishurucainengyong","29","59","39130.000","663.220","16789504","16539648","unavailable","17051648","6021120","5677056","unavailable","5677056","5677056","6758400"
"librime-1.17.0","track-a-comparison","luna_pinyin","key_sequence_process_with_context","zhegeyinqingqishiyinggaizhichichaochangjuzishurucainengyong","30","59","39257.500","665.381","16539648","16846848","unavailable","17051648","5677056","6008832","unavailable","6008832","6008832","6758400"
"librime-1.17.0","track-a-comparison","luna_pinyin","key_sequence_process_with_context","zhegeyinqingqishiyinggaizhichichaochangjuzishurucainengyong","31","59","38819.900","657.964","16846848","16883712","unavailable","17051648","6008832","5885952","unavailable","5885952","5885952","6758400"
"librime-1.17.0","track-a-comparison","luna_pinyin","key_sequence_process_with_context","zhegeyinqingqishiyinggaizhichichaochangjuzishurucainengyong","32","59","39406.200","667.902","16883712","16994304","unavailable","17051648","5885952","6021120","unavailable","6021120","6021120","6758400"
"librime-1.17.0","track-a-comparison","luna_pinyin","key_sequence_process_with_context","zhegeyinqingqishiyinggaizhichichaochangjuzishurucainengyong","33","59","38869.900","658.812","16994304","16961536","unavailable","17059840","6021120","6139904","unavailable","6139904","6139904","6758400"
"librime-1.17.0","track-a-comparison","luna_pinyin","key_sequence_process_with_context","zhegeyinqingqishiyinggaizhichichaochangjuzishurucainengyong","34","59","38945.000","660.085","16965632","16842752","unavailable","17059840","6139904","5935104","unavailable","5935104","5935104","6758400"
"librime-1.17.0","track-a-comparison","luna_pinyin","key_sequence_process_with_context","zhegeyinqingqishiyinggaizhichichaochangjuzishurucainengyong","35","59","38709.500","656.093","16842752","16805888","unavailable","17092608","5935104","6004736","unavailable","6004736","6004736","6758400"
"librime-1.17.0","track-a-comparison","luna_pinyin","key_sequence_process_with_context","zhegeyinqingqishiyinggaizhichichaochangjuzishurucainengyong","36","59","38896.500","659.263","16805888","16928768","unavailable","17092608","6004736","6021120","unavailable","6021120","6021120","6758400"
"librime-1.17.0","track-a-comparison","luna_pinyin","key_sequence_process_with_context","zhegeyinqingqishiyinggaizhichichaochangjuzishurucainengyong","37","59","38532.200","653.088","16928768","16965632","unavailable","17092608","6021120","6021120","unavailable","6021120","6021120","6758400"
"librime-1.17.0","track-a-comparison","luna_pinyin","key_sequence_process_with_context","zhegeyinqingqishiyinggaizhichichaochangjuzishurucainengyong","38","59","38552.500","653.432","16965632","16838656","unavailable","17092608","6021120","5996544","unavailable","5996544","5996544","6758400"
"librime-1.17.0","track-a-comparison","luna_pinyin","key_sequence_process_with_context","zhegeyinqingqishiyinggaizhichichaochangjuzishurucainengyong","39","59","38905.400","659.414","16838656","16814080","unavailable","17092608","5996544","5906432","unavailable","5906432","5906432","6758400"
"librime-1.17.0","track-a-comparison","luna_pinyin","key_sequence_process_with_context","zhegeyinqingqishiyinggaizhichichaochangjuzishurucainengyong","40","59","38511.900","652.744","16814080","16986112","unavailable","17092608","5906432","6021120","unavailable","6021120","6021120","6758400"
"librime-1.17.0","track-a-comparison","luna_pinyin","key_sequence_process_with_context","zhegeyinqingqishiyinggaizhichichaochangjuzishurucainengyong","41","59","39276.800","665.708","16986112","16891904","unavailable","17092608","6021120","6103040","unavailable","6103040","6103040","6758400"
"librime-1.17.0","track-a-comparison","luna_pinyin","key_sequence_process_with_context","zhegeyinqingqishiyinggaizhichichaochangjuzishurucainengyong","42","59","38613.200","654.461","16891904","16785408","unavailable","17215488","6103040","5902336","unavailable","5902336","5902336","6758400"
"librime-1.17.0","track-a-comparison","luna_pinyin","key_sequence_process_with_context","zhegeyinqingqishiyinggaizhichichaochangjuzishurucainengyong","43","59","38366.800","650.285","16785408","17076224","unavailable","17215488","5902336","6160384","unavailable","6160384","6160384","6758400"
"librime-1.17.0","track-a-comparison","luna_pinyin","key_sequence_process_with_context","zhegeyinqingqishiyinggaizhichichaochangjuzishurucainengyong","44","59","38046.700","644.859","17326080","17145856","unavailable","17420288","6631424","6631424","unavailable","6631424","6631424","6758400"
"librime-1.17.0","track-a-comparison","luna_pinyin","key_sequence_process_with_context","zhegeyinqingqishiyinggaizhichichaochangjuzishurucainengyong","45","59","38323.200","649.546","17145856","17100800","unavailable","17420288","6631424","6385664","unavailable","6385664","6385664","6758400"
"librime-1.17.0","track-a-comparison","luna_pinyin","key_sequence_process_with_context","zhegeyinqingqishiyinggaizhichichaochangjuzishurucainengyong","46","59","38352.800","650.047","17100800","17113088","unavailable","17420288","6385664","6385664","unavailable","6385664","6385664","6758400"
"librime-1.17.0","track-a-comparison","luna_pinyin","key_sequence_process_with_context","zhegeyinqingqishiyinggaizhichichaochangjuzishurucainengyong","47","59","38442.200","651.563","17113088","17117184","unavailable","17420288","6385664","6385664","unavailable","6385664","6385664","6758400"
"librime-1.17.0","track-a-comparison","luna_pinyin","key_sequence_process_with_context","zhegeyinqingqishiyinggaizhichichaochangjuzishurucainengyong","48","59","38121.400","646.125","17117184","16875520","unavailable","17420288","6385664","6193152","unavailable","6193152","6193152","6758400"
"librime-1.17.0","track-a-comparison","luna_pinyin","key_sequence_process_with_context","zhegeyinqingqishiyinggaizhichichaochangjuzishurucainengyong","49","59","37727.200","639.444","16875520","17223680","unavailable","17420288","6193152","6828032","unavailable","6828032","6828032","6828032"
"librime-1.17.0","track-a-comparison","luna_pinyin","key_sequence_process_with_context","zhegeyinqingqishiyinggaizhichichaochangjuzishurucainengyong","50","59","37990.200","643.902","17223680","17043456","unavailable","17420288","6828032","6291456","unavailable","6291456","6291456","6828032"
"librime-1.17.0","track-a-comparison","luna_pinyin","key_sequence_process_with_context","zhegeyinqingqishiyinggaizhichichaochangjuzishurucainengyong","51","59","38195.100","647.375","17043456","16842752","unavailable","17420288","6291456","6336512","unavailable","6336512","6336512","6828032"
"librime-1.17.0","track-a-comparison","luna_pinyin","key_sequence_process_with_context","zhegeyinqingqishiyinggaizhichichaochangjuzishurucainengyong","52","59","38139.400","646.431","16842752","17203200","unavailable","17420288","6336512","6488064","unavailable","6488064","6488064","6828032"
"librime-1.17.0","track-a-comparison","luna_pinyin","key_sequence_process_with_context","zhegeyinqingqishiyinggaizhichichaochangjuzishurucainengyong","53","59","38065.600","645.180","17203200","17211392","unavailable","17420288","6488064","6488064","unavailable","6488064","6488064","6828032"
"librime-1.17.0","track-a-comparison","luna_pinyin","key_sequence_process_with_context","zhegeyinqingqishiyinggaizhichichaochangjuzishurucainengyong","54","59","38132.600","646.315","17211392","17043456","unavailable","17420288","6488064","6291456","unavailable","6291456","6291456","6828032"
"librime-1.17.0","track-a-comparison","luna_pinyin","key_sequence_process_with_context","zhegeyinqingqishiyinggaizhichichaochangjuzishurucainengyong","55","59","38260.700","648.486","17043456","17072128","unavailable","17420288","6291456","6488064","unavailable","6488064","6488064","6828032"
"librime-1.17.0","track-a-comparison","luna_pinyin","key_sequence_process_with_context","zhegeyinqingqishiyinggaizhichichaochangjuzishurucainengyong","56","59","38223.700","647.859","17072128","16887808","unavailable","17420288","6488064","6291456","unavailable","6291456","6291456","6828032"
"librime-1.17.0","track-a-comparison","luna_pinyin","key_sequence_process_with_context","zhegeyinqingqishiyinggaizhichichaochangjuzishurucainengyong","57","59","38672.600","655.468","16887808","17043456","unavailable","17420288","6291456","6483968","unavailable","6483968","6483968","6828032"
"librime-1.17.0","track-a-comparison","luna_pinyin","key_sequence_process_with_context","zhegeyinqingqishiyinggaizhichichaochangjuzishurucainengyong","58","59","37998.000","644.034","17043456","17219584","unavailable","17420288","6483968","6483968","unavailable","6483968","6483968","6828032"
"librime-1.17.0","track-a-comparison","luna_pinyin","key_sequence_process_with_context","zhegeyinqingqishiyinggaizhichichaochangjuzishurucainengyong","59","59","38075.800","645.353","17219584","17039360","unavailable","17420288","6483968","6287360","unavailable","6287360","6287360","6828032"
"librime-1.17.0","track-a-comparison","luna_pinyin","key_sequence_process_with_context","zhegeyinqingqishiyinggaizhichichaochangjuzishurucainengyong","60","59","37886.300","642.141","17039360","17096704","unavailable","17420288","6287360","6451200","unavailable","6451200","6451200","6828032"
"librime-1.17.0","track-a-comparison","luna_pinyin","key_sequence_process_with_context","zhegeyinqingqishiyinggaizhichichaochangjuzishurucainengyong","61","59","38452.800","651.742","17096704","16982016","unavailable","17420288","6451200","6541312","unavailable","6541312","6541312","6828032"
"librime-1.17.0","track-a-comparison","luna_pinyin","key_sequence_process_with_context","zhegeyinqingqishiyinggaizhichichaochangjuzishurucainengyong","62","59","38321.400","649.515","16982016","17190912","unavailable","17420288","6541312","6483968","unavailable","6483968","6483968","6828032"
"librime-1.17.0","track-a-comparison","luna_pinyin","key_sequence_process_with_context","zhegeyinqingqishiyinggaizhichichaochangjuzishurucainengyong","63","59","38051.900","644.947","17190912","17190912","unavailable","17420288","6483968","6483968","unavailable","6483968","6483968","6828032"
"librime-1.17.0","track-a-comparison","luna_pinyin","key_sequence_process_with_context","zhegeyinqingqishiyinggaizhichichaochangjuzishurucainengyong","64","59","38170.100","646.951","17190912","17154048","unavailable","17420288","6483968","6483968","unavailable","6483968","6483968","6828032"
"librime-1.17.0","track-a-comparison","luna_pinyin","key_sequence_process_with_context","zhegeyinqingqishiyinggaizhichichaochangjuzishurucainengyong","65","59","37992.200","643.936","17154048","17133568","unavailable","17420288","6483968","6483968","unavailable","6483968","6483968","6828032"
"librime-1.17.0","track-a-comparison","luna_pinyin","key_sequence_process_with_context","zhegeyinqingqishiyinggaizhichichaochangjuzishurucainengyong","66","59","38584.100","653.968","17133568","17240064","unavailable","17420288","6483968","6483968","unavailable","6483968","6483968","6828032"
"librime-1.17.0","track-a-comparison","luna_pinyin","key_sequence_process_with_context","zhegeyinqingqishiyinggaizhichichaochangjuzishurucainengyong","67","59","38246.200","648.241","17240064","16842752","unavailable","17420288","6483968","6340608","unavailable","6340608","6340608","6828032"
"librime-1.17.0","track-a-comparison","luna_pinyin","key_sequence_process_with_context","zhegeyinqingqishiyinggaizhichichaochangjuzishurucainengyong","68","59","38425.200","651.275","16842752","17035264","unavailable","17420288","6340608","6287360","unavailable","6287360","6287360","6828032"
"librime-1.17.0","track-a-comparison","luna_pinyin","key_sequence_process_with_context","zhegeyinqingqishiyinggaizhichichaochangjuzishurucainengyong","69","59","38296.100","649.086","17035264","16875520","unavailable","17420288","6287360","6279168","unavailable","6279168","6279168","6828032"
"librime-1.17.0","track-a-comparison","luna_pinyin","key_sequence_process_with_context","zhegeyinqingqishiyinggaizhichichaochangjuzishurucainengyong","70","59","38397.900","650.812","16875520","16912384","unavailable","17420288","6279168","6283264","unavailable","6283264","6283264","6828032"
"librime-1.17.0","track-a-comparison","luna_pinyin","key_sequence_process_with_context","zhegeyinqingqishiyinggaizhichichaochangjuzishurucainengyong","71","59","38314.300","649.395","16912384","16949248","unavailable","17420288","6283264","6287360","unavailable","6287360","6287360","6828032"
"librime-1.17.0","track-a-comparison","luna_pinyin","key_sequence_process_with_context","zhegeyinqingqishiyinggaizhichichaochangjuzishurucainengyong","72","59","38037.600","644.705","17014784","17248256","unavailable","17420288","6287360","6479872","unavailable","6479872","6479872","6828032"
"librime-1.17.0","track-a-comparison","luna_pinyin","key_sequence_process_with_context","zhegeyinqingqishiyinggaizhichichaochangjuzishurucainengyong","73","59","37999.900","644.066","17248256","17068032","unavailable","17420288","6479872","6287360","unavailable","6287360","6287360","6828032"
"librime-1.17.0","track-a-comparison","luna_pinyin","key_sequence_process_with_context","zhegeyinqingqishiyinggaizhichichaochangjuzishurucainengyong","74","59","39230.700","664.927","17068032","17240064","unavailable","17420288","6287360","6483968","unavailable","6483968","6483968","6828032"
"librime-1.17.0","track-a-comparison","luna_pinyin","key_sequence_process_with_context","zhegeyinqingqishiyinggaizhichichaochangjuzishurucainengyong","75","59","38322.800","649.539","17240064","17014784","unavailable","17420288","6483968","6283264","unavailable","6283264","6283264","6828032"
"librime-1.17.0","track-a-comparison","luna_pinyin","key_sequence_process_with_context","zhegeyinqingqishiyinggaizhichichaochangjuzishurucainengyong","76","59","38035.300","644.666","17014784","17231872","unavailable","17420288","6283264","6483968","unavailable","6483968","6483968","6828032"
"librime-1.17.0","track-a-comparison","luna_pinyin","key_sequence_process_with_context","zhegeyinqingqishiyinggaizhichichaochangjuzishurucainengyong","77","59","38307.700","649.283","17231872","17100800","unavailable","17420288","6483968","6287360","unavailable","6287360","6287360","6828032"
"librime-1.17.0","track-a-comparison","luna_pinyin","key_sequence_process_with_context","zhegeyinqingqishiyinggaizhichichaochangjuzishurucainengyong","78","59","38153.400","646.668","17100800","17272832","unavailable","17420288","6287360","6483968","unavailable","6483968","6483968","6828032"
"librime-1.17.0","track-a-comparison","luna_pinyin","key_sequence_process_with_context","zhegeyinqingqishiyinggaizhichichaochangjuzishurucainengyong","79","59","38361.700","650.198","17272832","17223680","unavailable","17420288","6483968","6479872","unavailable","6479872","6479872","6828032"
"librime-1.17.0","track-a-comparison","luna_pinyin","key_sequence_process_with_context","cszysmsrsd","0","10","11843.300","1184.330","16453632","16171008","unavailable","17620992","6365184","6234112","unavailable","6234112","6234112","7548928"
"librime-1.17.0","track-a-comparison","luna_pinyin","key_sequence_process_with_context","cszysmsrsd","1","10","11913.100","1191.310","16171008","16257024","unavailable","17620992","6234112","6160384","unavailable","6160384","6160384","7548928"
"librime-1.17.0","track-a-comparison","luna_pinyin","key_sequence_process_with_context","cszysmsrsd","2","10","11846.000","1184.600","16257024","16207872","unavailable","17620992","6160384","6160384","unavailable","6160384","6160384","7548928"
"librime-1.17.0","track-a-comparison","luna_pinyin","key_sequence_process_with_context","cszysmsrsd","3","10","11759.900","1175.990","16207872","16302080","unavailable","17620992","6160384","6184960","unavailable","6184960","6184960","7548928"
"librime-1.17.0","track-a-comparison","luna_pinyin","key_sequence_process_with_context","cszysmsrsd","4","10","11983.800","1198.380","16302080","16072704","unavailable","17620992","6184960","6037504","unavailable","6037504","6037504","7548928"
"librime-1.17.0","track-a-comparison","luna_pinyin","key_sequence_process_with_context","cszysmsrsd","5","10","11948.000","1194.800","16072704","16396288","unavailable","17620992","6037504","6356992","unavailable","6356992","6356992","7548928"
"librime-1.17.0","track-a-comparison","luna_pinyin","key_sequence_process_with_context","cszysmsrsd","6","10","12022.100","1202.210","16396288","16220160","unavailable","17620992","6356992","6156288","unavailable","6156288","6156288","7548928"
"librime-1.17.0","track-a-comparison","luna_pinyin","key_sequence_process_with_context","cszysmsrsd","7","10","12122.200","1212.220","16220160","16199680","unavailable","17620992","6156288","6139904","unavailable","6139904","6139904","7548928"
"librime-1.17.0","track-a-comparison","luna_pinyin","key_sequence_process_with_context","cszysmsrsd","8","10","11843.300","1184.330","16199680","16396288","unavailable","17620992","6139904","6332416","unavailable","6332416","6332416","7548928"
"librime-1.17.0","track-a-comparison","luna_pinyin","key_sequence_process_with_context","cszysmsrsd","9","10","12035.800","1203.580","16396288","16408576","unavailable","17620992","6332416","6365184","unavailable","6365184","6365184","7548928"
"librime-1.17.0","track-a-comparison","luna_pinyin","key_sequence_process_with_context","cszysmsrsd","10","10","12084.800","1208.480","16408576","16117760","unavailable","17620992","6365184","6131712","unavailable","6131712","6131712","7548928"
"librime-1.17.0","track-a-comparison","luna_pinyin","key_sequence_process_with_context","cszysmsrsd","11","10","12001.900","1200.190","16117760","16142336","unavailable","17620992","6131712","6049792","unavailable","6049792","6049792","7548928"
"librime-1.17.0","track-a-comparison","luna_pinyin","key_sequence_process_with_context","cszysmsrsd","12","10","11922.000","1192.200","16142336","16183296","unavailable","17620992","6049792","6078464","unavailable","6078464","6078464","7548928"
"librime-1.17.0","track-a-comparison","luna_pinyin","key_sequence_process_with_context","cszysmsrsd","13","10","11782.000","1178.200","16183296","16371712","unavailable","17620992","6078464","6369280","unavailable","6369280","6369280","7548928"
"librime-1.17.0","track-a-comparison","luna_pinyin","key_sequence_process_with_context","cszysmsrsd","14","10","11918.400","1191.840","16371712","16261120","unavailable","17620992","6369280","6176768","unavailable","6176768","6176768","7548928"
"librime-1.17.0","track-a-comparison","luna_pinyin","key_sequence_process_with_context","cszysmsrsd","15","10","11914.700","1191.470","16261120","16371712","unavailable","17620992","6176768","6369280","unavailable","6369280","6369280","7548928"
"librime-1.17.0","track-a-comparison","luna_pinyin","key_sequence_process_with_context","cszysmsrsd","16","10","11923.200","1192.320","16371712","16388096","unavailable","17620992","6369280","6393856","unavailable","6393856","6393856","7548928"
"librime-1.17.0","track-a-comparison","luna_pinyin","key_sequence_process_with_context","cszysmsrsd","17","10","11832.600","1183.260","16388096","16429056","unavailable","17620992","6393856","6397952","unavailable","6397952","6397952","7548928"
"librime-1.17.0","track-a-comparison","luna_pinyin","key_sequence_process_with_context","cszysmsrsd","18","10","11806.700","1180.670","16429056","16494592","unavailable","17620992","6397952","6397952","unavailable","6397952","6397952","7548928"
"librime-1.17.0","track-a-comparison","luna_pinyin","key_sequence_process_with_context","cszysmsrsd","19","10","11928.200","1192.820","16494592","16244736","unavailable","17620992","6397952","6205440","unavailable","6205440","6205440","7548928"
"librime-1.17.0","track-a-comparison","luna_pinyin","key_sequence_process_with_context","cszysmsrsd","20","10","11986.500","1198.650","16244736","16248832","unavailable","17620992","6205440","6201344","unavailable","6201344","6201344","7548928"
"librime-1.17.0","track-a-comparison","luna_pinyin","key_sequence_process_with_context","cszysmsrsd","21","10","11941.400","1194.140","16248832","16351232","unavailable","17620992","6201344","6393856","unavailable","6393856","6393856","7548928"
"librime-1.17.0","track-a-comparison","luna_pinyin","key_sequence_process_with_context","cszysmsrsd","22","10","11902.200","1190.220","16351232","16142336","unavailable","17620992","6393856","6160384","unavailable","6160384","6160384","7548928"
"librime-1.17.0","track-a-comparison","luna_pinyin","key_sequence_process_with_context","cszysmsrsd","23","10","11871.900","1187.190","16142336","16060416","unavailable","17620992","6160384","6029312","unavailable","6029312","6029312","7548928"
"librime-1.17.0","track-a-comparison","luna_pinyin","key_sequence_process_with_context","cszysmsrsd","24","10","11810.200","1181.020","16060416","16322560","unavailable","17620992","6029312","6197248","unavailable","6197248","6197248","7548928"
"librime-1.17.0","track-a-comparison","luna_pinyin","key_sequence_process_with_context","cszysmsrsd","25","10","11922.100","1192.210","16322560","16289792","unavailable","17620992","6197248","6201344","unavailable","6201344","6201344","7548928"
"librime-1.17.0","track-a-comparison","luna_pinyin","key_sequence_process_with_context","cszysmsrsd","26","10","11912.100","1191.210","16289792","16232448","unavailable","17620992","6201344","6201344","unavailable","6201344","6201344","7548928"
"librime-1.17.0","track-a-comparison","luna_pinyin","key_sequence_process_with_context","cszysmsrsd","27","10","11810.000","1181.000","16232448","16457728","unavailable","17620992","6201344","6393856","unavailable","6393856","6393856","7548928"
"librime-1.17.0","track-a-comparison","luna_pinyin","key_sequence_process_with_context","cszysmsrsd","28","10","11733.300","1173.330","16457728","16510976","unavailable","17620992","6393856","6393856","unavailable","6393856","6393856","7548928"
"librime-1.17.0","track-a-comparison","luna_pinyin","key_sequence_process_with_context","cszysmsrsd","29","10","11963.000","1196.300","16510976","16228352","unavailable","17620992","6393856","6176768","unavailable","6176768","6176768","7548928"
"librime-1.17.0","track-a-comparison","luna_pinyin","key_sequence_process_with_context","cszysmsrsd","30","10","11772.800","1177.280","16228352","16281600","unavailable","17620992","6176768","6205440","unavailable","6205440","6205440","7548928"
"librime-1.17.0","track-a-comparison","luna_pinyin","key_sequence_process_with_context","cszysmsrsd","31","10","11779.900","1177.990","16281600","16470016","unavailable","17620992","6205440","6397952","unavailable","6397952","6397952","7548928"
"librime-1.17.0","track-a-comparison","luna_pinyin","key_sequence_process_with_context","cszysmsrsd","32","10","12061.200","1206.120","16470016","16232448","unavailable","17620992","6397952","6205440","unavailable","6205440","6205440","7548928"
"librime-1.17.0","track-a-comparison","luna_pinyin","key_sequence_process_with_context","cszysmsrsd","33","10","11882.500","1188.250","16232448","16453632","unavailable","17620992","6205440","6397952","unavailable","6397952","6397952","7548928"
"librime-1.17.0","track-a-comparison","luna_pinyin","key_sequence_process_with_context","cszysmsrsd","34","10","11980.300","1198.030","16453632","16257024","unavailable","17620992","6397952","6197248","unavailable","6197248","6197248","7548928"
"librime-1.17.0","track-a-comparison","luna_pinyin","key_sequence_process_with_context","cszysmsrsd","35","10","11979.900","1197.990","16257024","16080896","unavailable","17620992","6197248","6033408","unavailable","6033408","6033408","7548928"
"librime-1.17.0","track-a-comparison","luna_pinyin","key_sequence_process_with_context","cszysmsrsd","36","10","12125.000","1212.500","16080896","16183296","unavailable","17620992","6033408","6111232","unavailable","6111232","6111232","7548928"
"librime-1.17.0","track-a-comparison","luna_pinyin","key_sequence_process_with_context","cszysmsrsd","37","10","11915.800","1191.580","16183296","16490496","unavailable","17620992","6111232","6393856","unavailable","6393856","6393856","7548928"
"librime-1.17.0","track-a-comparison","luna_pinyin","key_sequence_process_with_context","cszysmsrsd","38","10","12075.500","1207.550","16490496","16269312","unavailable","17620992","6393856","6201344","unavailable","6201344","6201344","7548928"
"librime-1.17.0","track-a-comparison","luna_pinyin","key_sequence_process_with_context","cszysmsrsd","39","10","12227.500","1222.750","16269312","16449536","unavailable","17620992","6201344","6397952","unavailable","6397952","6397952","7548928"
"librime-1.17.0","track-a-comparison","luna_pinyin","key_sequence_process_with_context","cszysmsrsd","40","10","12163.300","1216.330","16449536","16138240","unavailable","17620992","6397952","6160384","unavailable","6160384","6160384","7548928"
"librime-1.17.0","track-a-comparison","luna_pinyin","key_sequence_process_with_context","cszysmsrsd","41","10","12416.900","1241.690","16138240","16248832","unavailable","17620992","6160384","6205440","unavailable","6205440","6205440","7548928"
"librime-1.17.0","track-a-comparison","luna_pinyin","key_sequence_process_with_context","cszysmsrsd","42","10","12060.700","1206.070","16248832","16093184","unavailable","17620992","6205440","6201344","unavailable","6201344","6201344","7548928"
"librime-1.17.0","track-a-comparison","luna_pinyin","key_sequence_process_with_context","cszysmsrsd","43","10","11933.300","1193.330","16093184","16416768","unavailable","17620992","6201344","6397952","unavailable","6397952","6397952","7548928"
"librime-1.17.0","track-a-comparison","luna_pinyin","key_sequence_process_with_context","cszysmsrsd","44","10","14694.100","1469.410","16416768","16375808","unavailable","17620992","6397952","6299648","unavailable","6299648","6299648","7548928"
"librime-1.17.0","track-a-comparison","luna_pinyin","key_sequence_process_with_context","cszysmsrsd","45","10","12657.400","1265.740","16375808","16302080","unavailable","17620992","6299648","6393856","unavailable","6393856","6393856","7548928"
"librime-1.17.0","track-a-comparison","luna_pinyin","key_sequence_process_with_context","cszysmsrsd","46","10","11999.900","1199.990","16302080","16433152","unavailable","17620992","6393856","6397952","unavailable","6397952","6397952","7548928"
"librime-1.17.0","track-a-comparison","luna_pinyin","key_sequence_process_with_context","cszysmsrsd","47","10","11945.900","1194.590","16433152","16519168","unavailable","17620992","6397952","6397952","unavailable","6397952","6397952","7548928"
"librime-1.17.0","track-a-comparison","luna_pinyin","key_sequence_process_with_context","cszysmsrsd","48","10","11969.200","1196.920","16519168","16535552","unavailable","17620992","6397952","6397952","unavailable","6397952","6397952","7548928"
"librime-1.17.0","track-a-comparison","luna_pinyin","key_sequence_process_with_context","cszysmsrsd","49","10","12119.800","1211.980","16535552","16269312","unavailable","17620992","6397952","6160384","unavailable","6160384","6160384","7548928"
"librime-1.17.0","track-a-comparison","luna_pinyin","key_sequence_process_with_context","cszysmsrsd","50","10","12912.300","1291.230","16269312","16216064","unavailable","17620992","6160384","6225920","unavailable","6225920","6225920","7548928"
"librime-1.17.0","track-a-comparison","luna_pinyin","key_sequence_process_with_context","cszysmsrsd","51","10","12061.500","1206.150","16216064","16420864","unavailable","17620992","6225920","6393856","unavailable","6393856","6393856","7548928"
"librime-1.17.0","track-a-comparison","luna_pinyin","key_sequence_process_with_context","cszysmsrsd","52","10","12000.900","1200.090","16420864","16453632","unavailable","17620992","6393856","6393856","unavailable","6393856","6393856","7548928"
"librime-1.17.0","track-a-comparison","luna_pinyin","key_sequence_process_with_context","cszysmsrsd","53","10","12147.700","1214.770","16453632","16433152","unavailable","17620992","6393856","6389760","unavailable","6389760","6389760","7548928"
"librime-1.17.0","track-a-comparison","luna_pinyin","key_sequence_process_with_context","cszysmsrsd","54","10","12050.500","1205.050","16433152","16257024","unavailable","17620992","6389760","6230016","unavailable","6230016","6230016","7548928"
"librime-1.17.0","track-a-comparison","luna_pinyin","key_sequence_process_with_context","cszysmsrsd","55","10","11931.300","1193.130","16257024","16384000","unavailable","17620992","6230016","6262784","unavailable","6262784","6262784","7548928"
"librime-1.17.0","track-a-comparison","luna_pinyin","key_sequence_process_with_context","cszysmsrsd","56","10","12122.400","1212.240","16384000","16109568","unavailable","17620992","6262784","6066176","unavailable","6066176","6066176","7548928"
"librime-1.17.0","track-a-comparison","luna_pinyin","key_sequence_process_with_context","cszysmsrsd","57","10","12027.700","1202.770","16109568","16449536","unavailable","17620992","6066176","6389760","unavailable","6389760","6389760","7548928"
"librime-1.17.0","track-a-comparison","luna_pinyin","key_sequence_process_with_context","cszysmsrsd","58","10","12106.100","1210.610","16449536","16359424","unavailable","17620992","6389760","6356992","unavailable","6356992","6356992","7548928"
"librime-1.17.0","track-a-comparison","luna_pinyin","key_sequence_process_with_context","cszysmsrsd","59","10","12174.300","1217.430","16359424","16121856","unavailable","17620992","6356992","6164480","unavailable","6164480","6164480","7548928"
"librime-1.17.0","track-a-comparison","luna_pinyin","key_sequence_process_with_context","cszysmsrsd","60","10","12597.900","1259.790","16121856","16306176","unavailable","17620992","6164480","6197248","unavailable","6197248","6197248","7548928"
"librime-1.17.0","track-a-comparison","luna_pinyin","key_sequence_process_with_context","cszysmsrsd","61","10","11801.000","1180.100","16306176","16461824","unavailable","17620992","6197248","6389760","unavailable","6389760","6389760","7548928"
"librime-1.17.0","track-a-comparison","luna_pinyin","key_sequence_process_with_context","cszysmsrsd","62","10","11927.900","1192.790","16461824","16236544","unavailable","17620992","6389760","6184960","unavailable","6184960","6184960","7548928"
"librime-1.17.0","track-a-comparison","luna_pinyin","key_sequence_process_with_context","cszysmsrsd","63","10","11802.200","1180.220","16236544","16482304","unavailable","17620992","6184960","6389760","unavailable","6389760","6389760","7548928"
"librime-1.17.0","track-a-comparison","luna_pinyin","key_sequence_process_with_context","cszysmsrsd","64","10","11855.100","1185.510","16482304","16273408","unavailable","17620992","6389760","6266880","unavailable","6266880","6266880","7548928"
"librime-1.17.0","track-a-comparison","luna_pinyin","key_sequence_process_with_context","cszysmsrsd","65","10","11790.900","1179.090","16273408","16437248","unavailable","17620992","6266880","6389760","unavailable","6389760","6389760","7548928"
"librime-1.17.0","track-a-comparison","luna_pinyin","key_sequence_process_with_context","cszysmsrsd","66","10","11916.900","1191.690","16437248","16396288","unavailable","17620992","6389760","6389760","unavailable","6389760","6389760","7548928"
"librime-1.17.0","track-a-comparison","luna_pinyin","key_sequence_process_with_context","cszysmsrsd","67","10","11747.500","1174.750","16396288","16437248","unavailable","17620992","6389760","6389760","unavailable","6389760","6389760","7548928"
"librime-1.17.0","track-a-comparison","luna_pinyin","key_sequence_process_with_context","cszysmsrsd","68","10","11906.500","1190.650","16437248","16310272","unavailable","17620992","6389760","6275072","unavailable","6275072","6275072","7548928"
"librime-1.17.0","track-a-comparison","luna_pinyin","key_sequence_process_with_context","cszysmsrsd","69","10","11739.900","1173.990","16310272","16457728","unavailable","17620992","6275072","6389760","unavailable","6389760","6389760","7548928"
"librime-1.17.0","track-a-comparison","luna_pinyin","key_sequence_process_with_context","cszysmsrsd","70","10","11801.900","1180.190","16457728","16011264","unavailable","17620992","6389760","6037504","unavailable","6037504","6037504","7548928"
"librime-1.17.0","track-a-comparison","luna_pinyin","key_sequence_process_with_context","cszysmsrsd","71","10","11782.500","1178.250","16011264","16363520","unavailable","17620992","6037504","6385664","unavailable","6385664","6385664","7548928"
"librime-1.17.0","track-a-comparison","luna_pinyin","key_sequence_process_with_context","cszysmsrsd","72","10","11862.000","1186.200","16363520","16236544","unavailable","17620992","6385664","6135808","unavailable","6135808","6135808","7548928"
"librime-1.17.0","track-a-comparison","luna_pinyin","key_sequence_process_with_context","cszysmsrsd","73","10","11894.300","1189.430","16236544","16384000","unavailable","17620992","6135808","6385664","unavailable","6385664","6385664","7548928"
"librime-1.17.0","track-a-comparison","luna_pinyin","key_sequence_process_with_context","cszysmsrsd","74","10","11889.700","1188.970","16384000","16134144","unavailable","17620992","6385664","6164480","unavailable","6164480","6164480","7548928"
"librime-1.17.0","track-a-comparison","luna_pinyin","key_sequence_process_with_context","cszysmsrsd","75","10","11836.200","1183.620","16134144","16437248","unavailable","17620992","6164480","6389760","unavailable","6389760","6389760","7548928"
"librime-1.17.0","track-a-comparison","luna_pinyin","key_sequence_process_with_context","cszysmsrsd","76","10","11955.600","1195.560","16437248","16322560","unavailable","17620992","6389760","6197248","unavailable","6197248","6197248","7548928"
"librime-1.17.0","track-a-comparison","luna_pinyin","key_sequence_process_with_context","cszysmsrsd","77","10","11887.600","1188.760","16322560","16162816","unavailable","17620992","6197248","6086656","unavailable","6086656","6086656","7548928"
"librime-1.17.0","track-a-comparison","luna_pinyin","key_sequence_process_with_context","cszysmsrsd","78","10","11946.200","1194.620","16162816","16343040","unavailable","17620992","6086656","6397952","unavailable","6397952","6397952","7548928"
"librime-1.17.0","track-a-comparison","luna_pinyin","key_sequence_process_with_context","cszysmsrsd","79","10","11783.400","1178.340","16343040","16482304","unavailable","17620992","6397952","6397952","unavailable","6397952","6397952","7548928"
"librime-1.17.0","track-a-comparison","luna_pinyin","key_sequence_process_with_context","zybfshmsru","0","10","8482.800","848.280","16183296","16105472","unavailable","17620992","6291456","6283264","unavailable","6283264","6283264","7688192"
"librime-1.17.0","track-a-comparison","luna_pinyin","key_sequence_process_with_context","zybfshmsru","1","10","8257.900","825.790","16105472","16171008","unavailable","17620992","6283264","6295552","unavailable","6295552","6295552","7688192"
"librime-1.17.0","track-a-comparison","luna_pinyin","key_sequence_process_with_context","zybfshmsru","2","10","8411.300","841.130","16171008","16166912","unavailable","17620992","6295552","6287360","unavailable","6287360","6287360","7688192"
"librime-1.17.0","track-a-comparison","luna_pinyin","key_sequence_process_with_context","zybfshmsru","3","10","8377.300","837.730","16166912","15998976","unavailable","17620992","6287360","6217728","unavailable","6217728","6217728","7688192"
"librime-1.17.0","track-a-comparison","luna_pinyin","key_sequence_process_with_context","zybfshmsru","4","10","8273.000","827.300","15998976","16109568","unavailable","17620992","6217728","6217728","unavailable","6217728","6217728","7688192"
"librime-1.17.0","track-a-comparison","luna_pinyin","key_sequence_process_with_context","zybfshmsru","5","10","8317.100","831.710","16109568","16175104","unavailable","17620992","6217728","6291456","unavailable","6291456","6291456","7688192"
"librime-1.17.0","track-a-comparison","luna_pinyin","key_sequence_process_with_context","zybfshmsru","6","10","8712.800","871.280","16175104","16093184","unavailable","17620992","6291456","6262784","unavailable","6262784","6262784","7688192"
"librime-1.17.0","track-a-comparison","luna_pinyin","key_sequence_process_with_context","zybfshmsru","7","10","8366.500","836.650","16093184","15900672","unavailable","17620992","6262784","5976064","unavailable","5976064","5976064","7688192"
"librime-1.17.0","track-a-comparison","luna_pinyin","key_sequence_process_with_context","zybfshmsru","8","10","8327.000","832.700","15900672","16175104","unavailable","17620992","5976064","6291456","unavailable","6291456","6291456","7688192"
"librime-1.17.0","track-a-comparison","luna_pinyin","key_sequence_process_with_context","zybfshmsru","9","10","8381.400","838.140","16175104","15994880","unavailable","17620992","6291456","6119424","unavailable","6119424","6119424","7688192"
"librime-1.17.0","track-a-comparison","luna_pinyin","key_sequence_process_with_context","zybfshmsru","10","10","8290.000","829.000","15994880","16195584","unavailable","17620992","6119424","6336512","unavailable","6336512","6336512","7688192"
"librime-1.17.0","track-a-comparison","luna_pinyin","key_sequence_process_with_context","zybfshmsru","11","10","8356.200","835.620","16195584","16105472","unavailable","17620992","6336512","6320128","unavailable","6320128","6320128","7688192"
"librime-1.17.0","track-a-comparison","luna_pinyin","key_sequence_process_with_context","zybfshmsru","12","10","8351.500","835.150","16105472","16138240","unavailable","17620992","6320128","6307840","unavailable","6307840","6307840","7688192"
"librime-1.17.0","track-a-comparison","luna_pinyin","key_sequence_process_with_context","zybfshmsru","13","10","8199.100","819.910","16138240","16179200","unavailable","17620992","6307840","6320128","unavailable","6320128","6320128","7688192"
"librime-1.17.0","track-a-comparison","luna_pinyin","key_sequence_process_with_context","zybfshmsru","14","10","8193.900","819.390","16179200","16232448","unavailable","17620992","6320128","6320128","unavailable","6320128","6320128","7688192"
"librime-1.17.0","track-a-comparison","luna_pinyin","key_sequence_process_with_context","zybfshmsru","15","10","8350.900","835.090","16232448","16113664","unavailable","17620992","6320128","6279168","unavailable","6279168","6279168","7688192"
"librime-1.17.0","track-a-comparison","luna_pinyin","key_sequence_process_with_context","zybfshmsru","16","10","8201.800","820.180","16113664","16195584","unavailable","17620992","6279168","6279168","unavailable","6279168","6279168","7688192"
"librime-1.17.0","track-a-comparison","luna_pinyin","key_sequence_process_with_context","zybfshmsru","17","10","8202.000","820.200","16195584","16195584","unavailable","17620992","6279168","6291456","unavailable","6291456","6291456","7688192"
"librime-1.17.0","track-a-comparison","luna_pinyin","key_sequence_process_with_context","zybfshmsru","18","10","8194.100","819.410","16195584","16203776","unavailable","17620992","6291456","6291456","unavailable","6291456","6291456","7688192"
"librime-1.17.0","track-a-comparison","luna_pinyin","key_sequence_process_with_context","zybfshmsru","19","10","8299.900","829.990","16203776","15970304","unavailable","17620992","6291456","6082560","unavailable","6082560","6082560","7688192"
"librime-1.17.0","track-a-comparison","luna_pinyin","key_sequence_process_with_context","zybfshmsru","20","10","8217.600","821.760","15970304","16203776","unavailable","17620992","6082560","6369280","unavailable","6369280","6369280","7688192"
"librime-1.17.0","track-a-comparison","luna_pinyin","key_sequence_process_with_context","zybfshmsru","21","10","8190.300","819.030","16203776","16261120","unavailable","17620992","6369280","6381568","unavailable","6381568","6381568","7688192"
"librime-1.17.0","track-a-comparison","luna_pinyin","key_sequence_process_with_context","zybfshmsru","22","10","8170.000","817.000","16261120","16277504","unavailable","17620992","6381568","6385664","unavailable","6385664","6385664","7688192"
"librime-1.17.0","track-a-comparison","luna_pinyin","key_sequence_process_with_context","zybfshmsru","23","10","8191.800","819.180","16277504","16281600","unavailable","17620992","6385664","6385664","unavailable","6385664","6385664","7688192"
"librime-1.17.0","track-a-comparison","luna_pinyin","key_sequence_process_with_context","zybfshmsru","24","10","8157.000","815.700","16281600","16285696","unavailable","17620992","6385664","6389760","unavailable","6389760","6389760","7688192"
"librime-1.17.0","track-a-comparison","luna_pinyin","key_sequence_process_with_context","zybfshmsru","25","10","8331.500","833.150","16285696","16134144","unavailable","17620992","6389760","6279168","unavailable","6279168","6279168","7688192"
"librime-1.17.0","track-a-comparison","luna_pinyin","key_sequence_process_with_context","zybfshmsru","26","10","8202.800","820.280","16134144","16240640","unavailable","17620992","6279168","6373376","unavailable","6373376","6373376","7688192"
"librime-1.17.0","track-a-comparison","luna_pinyin","key_sequence_process_with_context","zybfshmsru","27","10","8336.100","833.610","16240640","16142336","unavailable","17620992","6373376","6291456","unavailable","6291456","6291456","7688192"
"librime-1.17.0","track-a-comparison","luna_pinyin","key_sequence_process_with_context","zybfshmsru","28","10","8276.600","827.660","16142336","15933440","unavailable","17620992","6291456","6057984","unavailable","6057984","6057984","7688192"
"librime-1.17.0","track-a-comparison","luna_pinyin","key_sequence_process_with_context","zybfshmsru","29","10","8348.300","834.830","15933440","16035840","unavailable","17620992","6057984","6234112","unavailable","6234112","6234112","7688192"
"librime-1.17.0","track-a-comparison","luna_pinyin","key_sequence_process_with_context","zybfshmsru","30","10","8218.100","821.810","16035840","16125952","unavailable","17620992","6234112","6234112","unavailable","6234112","6234112","7688192"
"librime-1.17.0","track-a-comparison","luna_pinyin","key_sequence_process_with_context","zybfshmsru","31","10","8323.500","832.350","16125952","16134144","unavailable","17620992","6234112","6217728","unavailable","6217728","6217728","7688192"
"librime-1.17.0","track-a-comparison","luna_pinyin","key_sequence_process_with_context","zybfshmsru","32","10","8251.500","825.150","16134144","15753216","unavailable","17620992","6217728","5808128","unavailable","5808128","5808128","7688192"
"librime-1.17.0","track-a-comparison","luna_pinyin","key_sequence_process_with_context","zybfshmsru","33","10","8231.100","823.110","15753216","16138240","unavailable","17620992","5808128","6291456","unavailable","6291456","6291456","7688192"
"librime-1.17.0","track-a-comparison","luna_pinyin","key_sequence_process_with_context","zybfshmsru","34","10","8203.100","820.310","16138240","16183296","unavailable","17620992","6291456","6291456","unavailable","6291456","6291456","7688192"
"librime-1.17.0","track-a-comparison","luna_pinyin","key_sequence_process_with_context","zybfshmsru","35","10","8318.800","831.880","16183296","16089088","unavailable","17620992","6291456","6217728","unavailable","6217728","6217728","7688192"
"librime-1.17.0","track-a-comparison","luna_pinyin","key_sequence_process_with_context","zybfshmsru","36","10","8298.400","829.840","16089088","16060416","unavailable","17620992","6217728","6225920","unavailable","6225920","6225920","7688192"
"librime-1.17.0","track-a-comparison","luna_pinyin","key_sequence_process_with_context","zybfshmsru","37","10","8215.400","821.540","16060416","16216064","unavailable","17620992","6225920","6397952","unavailable","6397952","6397952","7688192"
"librime-1.17.0","track-a-comparison","luna_pinyin","key_sequence_process_with_context","zybfshmsru","38","10","8288.600","828.860","16216064","16072704","unavailable","17620992","6397952","6213632","unavailable","6213632","6213632","7688192"
"librime-1.17.0","track-a-comparison","luna_pinyin","key_sequence_process_with_context","zybfshmsru","39","10","8320.300","832.030","16072704","15970304","unavailable","17620992","6213632","6115328","unavailable","6115328","6115328","7688192"
"librime-1.17.0","track-a-comparison","luna_pinyin","key_sequence_process_with_context","zybfshmsru","40","10","8212.600","821.260","15970304","16146432","unavailable","17620992","6115328","6275072","unavailable","6275072","6275072","7688192"
"librime-1.17.0","track-a-comparison","luna_pinyin","key_sequence_process_with_context","zybfshmsru","41","10","8192.700","819.270","16146432","16166912","unavailable","17620992","6275072","6275072","unavailable","6275072","6275072","7688192"
"librime-1.17.0","track-a-comparison","luna_pinyin","key_sequence_process_with_context","zybfshmsru","42","10","8293.000","829.300","16166912","16007168","unavailable","17620992","6275072","6115328","unavailable","6115328","6115328","7688192"
"librime-1.17.0","track-a-comparison","luna_pinyin","key_sequence_process_with_context","zybfshmsru","43","10","8222.900","822.290","16007168","16191488","unavailable","17620992","6115328","6275072","unavailable","6275072","6275072","7688192"
"librime-1.17.0","track-a-comparison","luna_pinyin","key_sequence_process_with_context","zybfshmsru","44","10","8410.600","841.060","16191488","16080896","unavailable","17620992","6275072","6217728","unavailable","6217728","6217728","7688192"
"librime-1.17.0","track-a-comparison","luna_pinyin","key_sequence_process_with_context","zybfshmsru","45","10","8241.800","824.180","16080896","16134144","unavailable","17620992","6217728","6217728","unavailable","6217728","6217728","7688192"
"librime-1.17.0","track-a-comparison","luna_pinyin","key_sequence_process_with_context","zybfshmsru","46","10","8362.600","836.260","16134144","16068608","unavailable","17620992","6217728","6217728","unavailable","6217728","6217728","7688192"
"librime-1.17.0","track-a-comparison","luna_pinyin","key_sequence_process_with_context","zybfshmsru","47","10","8219.800","821.980","16068608","16187392","unavailable","17620992","6217728","6303744","unavailable","6303744","6303744","7688192"
"librime-1.17.0","track-a-comparison","luna_pinyin","key_sequence_process_with_context","zybfshmsru","48","10","9181.700","918.170","16187392","16191488","unavailable","17620992","6303744","6291456","unavailable","6291456","6291456","7688192"
"librime-1.17.0","track-a-comparison","luna_pinyin","key_sequence_process_with_context","zybfshmsru","49","10","8241.500","824.150","16191488","16224256","unavailable","17620992","6291456","6303744","unavailable","6303744","6303744","7688192"
"librime-1.17.0","track-a-comparison","luna_pinyin","key_sequence_process_with_context","zybfshmsru","50","10","8389.800","838.980","16224256","16117760","unavailable","17620992","6303744","6234112","unavailable","6234112","6234112","7688192"
"librime-1.17.0","track-a-comparison","luna_pinyin","key_sequence_process_with_context","zybfshmsru","51","10","8230.500","823.050","16117760","16203776","unavailable","17620992","6234112","6303744","unavailable","6303744","6303744","7688192"
"librime-1.17.0","track-a-comparison","luna_pinyin","key_sequence_process_with_context","zybfshmsru","52","10","8349.800","834.980","16203776","15945728","unavailable","17620992","6303744","6017024","unavailable","6017024","6017024","7688192"
"librime-1.17.0","track-a-comparison","luna_pinyin","key_sequence_process_with_context","zybfshmsru","53","10","8271.100","827.110","15945728","16211968","unavailable","17620992","6017024","6320128","unavailable","6320128","6320128","7688192"
"librime-1.17.0","track-a-comparison","luna_pinyin","key_sequence_process_with_context","zybfshmsru","54","10","8422.400","842.240","16211968","16138240","unavailable","17620992","6320128","6266880","unavailable","6266880","6266880","7688192"
"librime-1.17.0","track-a-comparison","luna_pinyin","key_sequence_process_with_context","zybfshmsru","55","10","8380.400","838.040","16138240","15876096","unavailable","17620992","6266880","6021120","unavailable","6021120","6021120","7688192"
"librime-1.17.0","track-a-comparison","luna_pinyin","key_sequence_process_with_context","zybfshmsru","56","10","8257.400","825.740","15941632","16146432","unavailable","17620992","6021120","6184960","unavailable","6184960","6184960","7688192"
"librime-1.17.0","track-a-comparison","luna_pinyin","key_sequence_process_with_context","zybfshmsru","57","10","8219.800","821.980","16146432","16216064","unavailable","17620992","6184960","6258688","unavailable","6258688","6258688","7688192"
"librime-1.17.0","track-a-comparison","luna_pinyin","key_sequence_process_with_context","zybfshmsru","58","10","8379.200","837.920","16216064","16109568","unavailable","17620992","6258688","6152192","unavailable","6152192","6152192","7688192"
"librime-1.17.0","track-a-comparison","luna_pinyin","key_sequence_process_with_context","zybfshmsru","59","10","8213.300","821.330","16109568","16146432","unavailable","17620992","6152192","6160384","unavailable","6160384","6160384","7688192"
"librime-1.17.0","track-a-comparison","luna_pinyin","key_sequence_process_with_context","zybfshmsru","60","10","8383.900","838.390","16146432","16166912","unavailable","17620992","6160384","6234112","unavailable","6234112","6234112","7688192"
"librime-1.17.0","track-a-comparison","luna_pinyin","key_sequence_process_with_context","zybfshmsru","61","10","8230.700","823.070","16166912","16224256","unavailable","17620992","6234112","6262784","unavailable","6262784","6262784","7688192"
"librime-1.17.0","track-a-comparison","luna_pinyin","key_sequence_process_with_context","zybfshmsru","62","10","8221.900","822.190","16224256","16240640","unavailable","17620992","6262784","6266880","unavailable","6266880","6266880","7688192"
"librime-1.17.0","track-a-comparison","luna_pinyin","key_sequence_process_with_context","zybfshmsru","63","10","8373.700","837.370","16240640","16125952","unavailable","17620992","6266880","6225920","unavailable","6225920","6225920","7688192"
"librime-1.17.0","track-a-comparison","luna_pinyin","key_sequence_process_with_context","zybfshmsru","64","10","8230.300","823.030","16125952","16195584","unavailable","17620992","6225920","6238208","unavailable","6238208","6238208","7688192"
"librime-1.17.0","track-a-comparison","luna_pinyin","key_sequence_process_with_context","zybfshmsru","65","10","8355.800","835.580","16195584","16134144","unavailable","17620992","6238208","6230016","unavailable","6230016","6230016","7688192"
"librime-1.17.0","track-a-comparison","luna_pinyin","key_sequence_process_with_context","zybfshmsru","66","10","8388.800","838.880","16134144","15953920","unavailable","17620992","6230016","6107136","unavailable","6107136","6107136","7688192"
"librime-1.17.0","track-a-comparison","luna_pinyin","key_sequence_process_with_context","zybfshmsru","67","10","8256.100","825.610","15953920","16207872","unavailable","17620992","6107136","6242304","unavailable","6242304","6242304","7688192"
"librime-1.17.0","track-a-comparison","luna_pinyin","key_sequence_process_with_context","zybfshmsru","68","10","8397.000","839.700","16207872","15953920","unavailable","17620992","6242304","6107136","unavailable","6107136","6107136","7688192"
"librime-1.17.0","track-a-comparison","luna_pinyin","key_sequence_process_with_context","zybfshmsru","69","10","8373.200","837.320","15953920","16109568","unavailable","17620992","6107136","6164480","unavailable","6164480","6164480","7688192"
"librime-1.17.0","track-a-comparison","luna_pinyin","key_sequence_process_with_context","zybfshmsru","70","10","8257.600","825.760","16109568","16191488","unavailable","17620992","6164480","6242304","unavailable","6242304","6242304","7688192"
"librime-1.17.0","track-a-comparison","luna_pinyin","key_sequence_process_with_context","zybfshmsru","71","10","8242.000","824.200","16191488","16244736","unavailable","17620992","6242304","6270976","unavailable","6270976","6270976","7688192"
"librime-1.17.0","track-a-comparison","luna_pinyin","key_sequence_process_with_context","zybfshmsru","72","10","8394.000","839.400","16244736","16084992","unavailable","17620992","6270976","6193152","unavailable","6193152","6193152","7688192"
"librime-1.17.0","track-a-comparison","luna_pinyin","key_sequence_process_with_context","zybfshmsru","73","10","8333.400","833.340","16084992","16093184","unavailable","17620992","6193152","6164480","unavailable","6164480","6164480","7688192"
"librime-1.17.0","track-a-comparison","luna_pinyin","key_sequence_process_with_context","zybfshmsru","74","10","8251.800","825.180","16093184","16261120","unavailable","17620992","6164480","6295552","unavailable","6295552","6295552","7688192"
"librime-1.17.0","track-a-comparison","luna_pinyin","key_sequence_process_with_context","zybfshmsru","75","10","8240.200","824.020","16261120","16269312","unavailable","17620992","6295552","6295552","unavailable","6295552","6295552","7688192"
"librime-1.17.0","track-a-comparison","luna_pinyin","key_sequence_process_with_context","zybfshmsru","76","10","8235.100","823.510","16269312","16269312","unavailable","17620992","6295552","6295552","unavailable","6295552","6295552","7688192"
"librime-1.17.0","track-a-comparison","luna_pinyin","key_sequence_process_with_context","zybfshmsru","77","10","8391.800","839.180","16269312","16228352","unavailable","17620992","6295552","6283264","unavailable","6283264","6283264","7688192"
"librime-1.17.0","track-a-comparison","luna_pinyin","key_sequence_process_with_context","zybfshmsru","78","10","8252.600","825.260","16228352","16265216","unavailable","17620992","6283264","6283264","unavailable","6283264","6283264","7688192"
"librime-1.17.0","track-a-comparison","luna_pinyin","key_sequence_process_with_context","zybfshmsru","79","10","8376.900","837.690","16265216","16080896","unavailable","17620992","6283264","6139904","unavailable","6139904","6139904","7688192"
"yune","track-a-comparison","luna_pinyin","startup_warm_shared_assets_runtime_ready","","0","1","190162.700","190162.700","4149248","96174080","94097408","113090560","688128","53501952","51515392","53501952","53501952","74809344"
"yune","track-a-comparison","luna_pinyin","startup_warm_shared_assets_runtime_ready","","1","1","23280.700","23280.700","94117888","96354304","94289920","113090560","51515392","53346304","51519488","53346304","53346304","74809344"
"yune","track-a-comparison","luna_pinyin","startup_warm_shared_assets_runtime_ready","","2","1","22681.300","22681.300","94289920","96313344","94281728","113090560","51519488","53248000","51286016","53248000","53248000","74809344"
"yune","track-a-comparison","luna_pinyin","startup_warm_shared_assets_runtime_ready","","3","1","22572.800","22572.800","94289920","96272384","95240192","113090560","51589120","53374976","52756480","53374976","53374976","74809344"
"yune","track-a-comparison","luna_pinyin","startup_warm_shared_assets_runtime_ready","","4","1","22331.300","22331.300","95244288","98205696","95166464","113090560","52764672","55332864","52535296","55332864","55332864","74809344"
"yune","track-a-comparison","luna_pinyin","startup_warm_shared_assets_runtime_ready","","5","1","22490.300","22490.300","95170560","96231424","95170560","113090560","52535296","53166080","52580352","53166080","53166080","74809344"
"yune","track-a-comparison","luna_pinyin","startup_warm_shared_assets_runtime_ready","","6","1","22614.500","22614.500","95170560","96342016","94224384","113090560","52592640","53284864","51310592","53284864","53284864","74809344"
"yune","track-a-comparison","luna_pinyin","startup_warm_shared_assets_runtime_ready","","7","1","22495.100","22495.100","94248960","98205696","95232000","113090560","51347456","55332864","52690944","55332864","55332864","74809344"
"yune","track-a-comparison","luna_pinyin","startup_warm_shared_assets_runtime_ready","","8","1","22473.300","22473.300","95236096","96313344","95240192","113090560","52690944","53243904","52457472","53243904","53243904","74809344"
"yune","track-a-comparison","luna_pinyin","session_create_select_destroy","","0","1","22766.200","22766.200","95244288","95256576","unavailable","113090560","52457472","52801536","unavailable","52801536","52801536","74809344"
"yune","track-a-comparison","luna_pinyin","session_create_select_destroy","","1","1","22799.100","22799.100","95260672","94281728","unavailable","113090560","52801536","51216384","unavailable","51216384","51216384","74809344"
"yune","track-a-comparison","luna_pinyin","session_create_select_destroy","","2","1","22802.900","22802.900","94281728","94310400","unavailable","113090560","51216384","51449856","unavailable","51449856","51449856","74809344"
"yune","track-a-comparison","luna_pinyin","session_create_select_destroy","","3","1","23008.300","23008.300","94314496","95301632","unavailable","113090560","51449856","53424128","unavailable","53424128","53424128","74809344"
"yune","track-a-comparison","luna_pinyin","session_create_select_destroy","","4","1","23047.300","23047.300","95301632","95375360","unavailable","113090560","53424128","54054912","unavailable","54054912","54054912","74809344"
"yune","track-a-comparison","luna_pinyin","session_create_select_destroy","","5","1","22730.700","22730.700","95375360","94625792","unavailable","113090560","54054912","51646464","unavailable","51646464","51646464","74809344"
"yune","track-a-comparison","luna_pinyin","session_create_select_destroy","","6","1","22702.700","22702.700","94674944","94937088","unavailable","113090560","51802112","52436992","unavailable","52436992","52436992","74809344"
"yune","track-a-comparison","luna_pinyin","session_create_select_destroy","","7","1","22759.200","22759.200","94941184","95473664","unavailable","113090560","52436992","53506048","unavailable","53506048","53506048","74809344"
"yune","track-a-comparison","luna_pinyin","session_create_select_destroy","","8","1","22810.400","22810.400","95477760","94773248","unavailable","113090560","53510144","51830784","unavailable","51830784","51830784","74809344"
"yune","track-a-comparison","luna_pinyin","session_create_select_destroy","","9","1","22788.200","22788.200","94777344","94953472","unavailable","113090560","51830784","52244480","unavailable","52244480","52244480","74809344"
"yune","track-a-comparison","luna_pinyin","session_create_select_destroy","","10","1","22697.700","22697.700","94953472","95539200","unavailable","113090560","52244480","52998144","unavailable","52998144","52998144","74809344"
"yune","track-a-comparison","luna_pinyin","session_create_select_destroy","","11","1","22729.000","22729.000","95543296","94978048","unavailable","113090560","52998144","52269056","unavailable","52269056","52269056","74809344"
"yune","track-a-comparison","luna_pinyin","session_create_select_destroy","","12","1","22329.600","22329.600","94982144","94814208","unavailable","113090560","52269056","51757056","unavailable","51757056","51757056","74809344"
"yune","track-a-comparison","luna_pinyin","session_create_select_destroy","","13","1","22398.900","22398.900","94814208","94904320","unavailable","113090560","51757056","52076544","unavailable","52076544","52076544","74809344"
"yune","track-a-comparison","luna_pinyin","session_create_select_destroy","","14","1","22432.100","22432.100","94908416","95170560","unavailable","113090560","52076544","52715520","unavailable","52715520","52715520","74809344"
"yune","track-a-comparison","luna_pinyin","session_create_select_destroy","","15","1","22752.400","22752.400","95170560","94781440","unavailable","113090560","52715520","51994624","unavailable","51994624","51994624","74809344"
"yune","track-a-comparison","luna_pinyin","session_create_select_destroy","","16","1","22550.600","22550.600","94785536","94986240","unavailable","113090560","51994624","52240384","unavailable","52240384","52240384","74809344"
"yune","track-a-comparison","luna_pinyin","session_create_select_destroy","","17","1","22616.700","22616.700","94986240","95649792","unavailable","113090560","52240384","53149696","unavailable","53149696","53149696","74809344"
"yune","track-a-comparison","luna_pinyin","session_create_select_destroy","","18","1","23299.000","23299.000","95653888","94699520","unavailable","113090560","53149696","51732480","unavailable","51732480","51732480","74809344"
"yune","track-a-comparison","luna_pinyin","session_create_select_destroy","","19","1","23239.800","23239.800","94699520","94867456","unavailable","113090560","51732480","51982336","unavailable","51982336","51982336","74809344"
"yune","track-a-comparison","luna_pinyin","session_create_select_destroy","","20","1","23507.700","23507.700","94871552","94793728","unavailable","113090560","51982336","51965952","unavailable","51965952","51965952","74809344"
"yune","track-a-comparison","luna_pinyin","session_create_select_destroy","","21","1","23993.000","23993.000","94797824","95588352","unavailable","113090560","51965952","53260288","unavailable","53260288","53260288","74809344"
"yune","track-a-comparison","luna_pinyin","session_create_select_destroy","","22","1","22937.500","22937.500","95588352","95784960","unavailable","113090560","53260288","53518336","unavailable","53518336","53518336","74809344"
"yune","track-a-comparison","luna_pinyin","session_create_select_destroy","","23","1","22864.400","22864.400","95784960","94924800","unavailable","113090560","53518336","51908608","unavailable","51908608","51908608","74809344"
"yune","track-a-comparison","luna_pinyin","session_create_select_destroy","","24","1","22990.700","22990.700","95031296","95055872","unavailable","113090560","52162560","52281344","unavailable","52281344","52281344","74809344"
"yune","track-a-comparison","luna_pinyin","session_create_select_destroy","","25","1","22828.800","22828.800","95055872","95019008","unavailable","113090560","52281344","52088832","unavailable","52088832","52088832","74809344"
"yune","track-a-comparison","luna_pinyin","session_create_select_destroy","","26","1","24106.700","24106.700","95023104","95895552","unavailable","113090560","52088832","53960704","unavailable","53960704","53960704","74809344"
"yune","track-a-comparison","luna_pinyin","session_create_select_destroy","","27","1","23279.900","23279.900","95895552","94801920","unavailable","113090560","53960704","51781632","unavailable","51781632","51781632","74809344"
"yune","track-a-comparison","luna_pinyin","session_create_select_destroy","","28","1","24495.800","24495.800","94810112","94937088","unavailable","113090560","51781632","51961856","unavailable","51961856","51961856","74809344"
"yune","track-a-comparison","luna_pinyin","session_create_select_destroy","","29","1","23996.500","23996.500","94937088","95694848","unavailable","113090560","51961856","53178368","unavailable","53178368","53178368","74809344"
"yune","track-a-comparison","luna_pinyin","session_create_select_destroy","","30","1","23184.800","23184.800","95698944","95846400","unavailable","113090560","53178368","53374976","unavailable","53374976","53374976","74809344"
"yune","track-a-comparison","luna_pinyin","session_create_select_destroy","","31","1","22723.300","22723.300","95846400","94994432","unavailable","113090560","53374976","52158464","unavailable","52158464","52158464","74809344"
"yune","track-a-comparison","luna_pinyin","session_create_select_destroy","","32","1","22924.000","22924.000","94998528","99061760","unavailable","113090560","52158464","56205312","unavailable","56205312","56205312","74809344"
"yune","track-a-comparison","luna_pinyin","session_create_select_destroy","","33","1","23705.200","23705.200","99065856","94973952","unavailable","113090560","56205312","52002816","unavailable","52002816","52002816","74809344"
"yune","track-a-comparison","luna_pinyin","session_create_select_destroy","","34","1","23047.400","23047.400","94973952","94932992","unavailable","113090560","52002816","51892224","unavailable","51892224","51892224","74809344"
"yune","track-a-comparison","luna_pinyin","session_create_select_destroy","","35","1","23059.200","23059.200","94937088","95649792","unavailable","113090560","51892224","53182464","unavailable","53182464","53182464","74809344"
"yune","track-a-comparison","luna_pinyin","session_create_select_destroy","","36","1","22869.600","22869.600","95649792","94941184","unavailable","113090560","53182464","51879936","unavailable","51879936","51879936","74809344"
"yune","track-a-comparison","luna_pinyin","session_create_select_destroy","","37","1","22836.200","22836.200","94949376","95698944","unavailable","113090560","51879936","52928512","unavailable","52928512","52928512","74809344"
"yune","track-a-comparison","luna_pinyin","session_create_select_destroy","","38","1","22517.200","22517.200","95698944","95178752","unavailable","113090560","52928512","52629504","unavailable","52629504","52629504","74809344"
"yune","track-a-comparison","luna_pinyin","session_create_select_destroy","","39","1","22429.500","22429.500","95182848","98922496","unavailable","113090560","52629504","55984128","unavailable","55984128","55984128","74809344"
"yune","track-a-comparison","luna_pinyin","session_create_select_destroy","","40","1","21868.400","21868.400","98922496","99368960","unavailable","113090560","55984128","56430592","unavailable","56430592","56430592","74809344"
"yune","track-a-comparison","luna_pinyin","session_create_select_destroy","","41","1","21869.400","21869.400","99373056","99397632","unavailable","113090560","56430592","56430592","unavailable","56430592","56430592","74809344"
"yune","track-a-comparison","luna_pinyin","session_create_select_destroy","","42","1","21796.400","21796.400","99401728","99389440","unavailable","113090560","56430592","56430592","unavailable","56430592","56430592","74809344"
"yune","track-a-comparison","luna_pinyin","session_create_select_destroy","","43","1","22671.900","22671.900","99389440","99024896","unavailable","113090560","56430592","56205312","unavailable","56205312","56205312","74809344"
"yune","track-a-comparison","luna_pinyin","session_create_select_destroy","","44","1","21947.800","21947.800","99028992","95715328","unavailable","113090560","56205312","53059584","unavailable","53059584","53059584","74809344"
"yune","track-a-comparison","luna_pinyin","session_create_select_destroy","","45","1","23406.000","23406.000","95715328","95592448","unavailable","113090560","53059584","52719616","unavailable","52719616","52719616","74809344"
"yune","track-a-comparison","luna_pinyin","session_create_select_destroy","","46","1","22230.600","22230.600","95600640","99168256","unavailable","113090560","52719616","56205312","unavailable","56205312","56205312","74809344"
"yune","track-a-comparison","luna_pinyin","session_create_select_destroy","","47","1","21950.100","21950.100","99168256","95825920","unavailable","113090560","56205312","53096448","unavailable","53096448","53096448","74809344"
"yune","track-a-comparison","luna_pinyin","session_create_select_destroy","","48","1","22415.200","22415.200","95830016","96161792","unavailable","113090560","53096448","53465088","unavailable","53465088","53465088","74809344"
"yune","track-a-comparison","luna_pinyin","session_create_select_destroy","","49","1","22179.800","22179.800","96165888","99397632","unavailable","113090560","53465088","56430592","unavailable","56430592","56430592","74809344"
"yune","track-a-comparison","luna_pinyin","session_create_select_destroy","","50","1","21883.800","21883.800","99397632","99422208","unavailable","113090560","56430592","56430592","unavailable","56430592","56430592","74809344"
"yune","track-a-comparison","luna_pinyin","session_create_select_destroy","","51","1","22103.800","22103.800","99426304","95838208","unavailable","113090560","56430592","52965376","unavailable","52965376","52965376","74809344"
"yune","track-a-comparison","luna_pinyin","session_create_select_destroy","","52","1","22166.900","22166.900","95838208","99401728","unavailable","113090560","52965376","56430592","unavailable","56430592","56430592","74809344"
"yune","track-a-comparison","luna_pinyin","session_create_select_destroy","","53","1","21713.200","21713.200","99405824","99414016","unavailable","113090560","56430592","56430592","unavailable","56430592","56430592","74809344"
"yune","track-a-comparison","luna_pinyin","session_create_select_destroy","","54","1","21710.100","21710.100","99414016","99430400","unavailable","113090560","56430592","56430592","unavailable","56430592","56430592","74809344"
"yune","track-a-comparison","luna_pinyin","session_create_select_destroy","","55","1","22091.100","22091.100","99434496","95338496","unavailable","113090560","56430592","52088832","unavailable","52088832","52088832","74809344"
"yune","track-a-comparison","luna_pinyin","session_create_select_destroy","","56","1","22349.500","22349.500","95367168","99385344","unavailable","113090560","52142080","56430592","unavailable","56430592","56430592","74809344"
"yune","track-a-comparison","luna_pinyin","session_create_select_destroy","","57","1","21698.500","21698.500","99389440","99389440","unavailable","113090560","56430592","56430592","unavailable","56430592","56430592","74809344"
"yune","track-a-comparison","luna_pinyin","session_create_select_destroy","","58","1","21921.700","21921.700","99389440","95498240","unavailable","113090560","56430592","52498432","unavailable","52498432","52498432","74809344"
"yune","track-a-comparison","luna_pinyin","session_create_select_destroy","","59","1","22641.800","22641.800","95498240","99397632","unavailable","113090560","52498432","56430592","unavailable","56430592","56430592","74809344"
"yune","track-a-comparison","luna_pinyin","key_sequence_process_with_context","n","0","1","66.400","66.400","99586048","99594240","unavailable","113090560","56430592","56430592","unavailable","56430592","56430592","74809344"
"yune","track-a-comparison","luna_pinyin","key_sequence_process_with_context","n","1","1","59.200","59.200","99594240","99594240","unavailable","113090560","56430592","56430592","unavailable","56430592","56430592","74809344"
"yune","track-a-comparison","luna_pinyin","key_sequence_process_with_context","n","2","1","57.300","57.300","99594240","99594240","unavailable","113090560","56430592","56430592","unavailable","56430592","56430592","74809344"
"yune","track-a-comparison","luna_pinyin","key_sequence_process_with_context","n","3","1","58.700","58.700","99598336","99598336","unavailable","113090560","56430592","56430592","unavailable","56430592","56430592","74809344"
"yune","track-a-comparison","luna_pinyin","key_sequence_process_with_context","n","4","1","56.000","56.000","99598336","99598336","unavailable","113090560","56430592","56430592","unavailable","56430592","56430592","74809344"
"yune","track-a-comparison","luna_pinyin","key_sequence_process_with_context","n","5","1","55.000","55.000","99598336","99598336","unavailable","113090560","56430592","56430592","unavailable","56430592","56430592","74809344"
"yune","track-a-comparison","luna_pinyin","key_sequence_process_with_context","n","6","1","54.500","54.500","99598336","99598336","unavailable","113090560","56430592","56430592","unavailable","56430592","56430592","74809344"
"yune","track-a-comparison","luna_pinyin","key_sequence_process_with_context","n","7","1","55.600","55.600","99598336","99598336","unavailable","113090560","56430592","56430592","unavailable","56430592","56430592","74809344"
"yune","track-a-comparison","luna_pinyin","key_sequence_process_with_context","n","8","1","55.000","55.000","99598336","99598336","unavailable","113090560","56430592","56430592","unavailable","56430592","56430592","74809344"
"yune","track-a-comparison","luna_pinyin","key_sequence_process_with_context","n","9","1","54.800","54.800","99598336","99598336","unavailable","113090560","56430592","56430592","unavailable","56430592","56430592","74809344"
"yune","track-a-comparison","luna_pinyin","key_sequence_process_with_context","n","10","1","54.700","54.700","99598336","99598336","unavailable","113090560","56430592","56430592","unavailable","56430592","56430592","74809344"
"yune","track-a-comparison","luna_pinyin","key_sequence_process_with_context","n","11","1","58.900","58.900","99598336","99598336","unavailable","113090560","56430592","56430592","unavailable","56430592","56430592","74809344"
"yune","track-a-comparison","luna_pinyin","key_sequence_process_with_context","n","12","1","55.400","55.400","99602432","99602432","unavailable","113090560","56430592","56430592","unavailable","56430592","56430592","74809344"
"yune","track-a-comparison","luna_pinyin","key_sequence_process_with_context","n","13","1","56.700","56.700","99602432","99602432","unavailable","113090560","56430592","56430592","unavailable","56430592","56430592","74809344"
"yune","track-a-comparison","luna_pinyin","key_sequence_process_with_context","n","14","1","56.600","56.600","99602432","99602432","unavailable","113090560","56430592","56430592","unavailable","56430592","56430592","74809344"
"yune","track-a-comparison","luna_pinyin","key_sequence_process_with_context","n","15","1","57.700","57.700","99602432","99602432","unavailable","113090560","56430592","56430592","unavailable","56430592","56430592","74809344"
"yune","track-a-comparison","luna_pinyin","key_sequence_process_with_context","n","16","1","55.100","55.100","99602432","99602432","unavailable","113090560","56430592","56430592","unavailable","56430592","56430592","74809344"
"yune","track-a-comparison","luna_pinyin","key_sequence_process_with_context","n","17","1","54.900","54.900","99602432","99602432","unavailable","113090560","56430592","56430592","unavailable","56430592","56430592","74809344"
"yune","track-a-comparison","luna_pinyin","key_sequence_process_with_context","n","18","1","55.300","55.300","99602432","99602432","unavailable","113090560","56430592","56430592","unavailable","56430592","56430592","74809344"
"yune","track-a-comparison","luna_pinyin","key_sequence_process_with_context","n","19","1","54.300","54.300","99602432","99602432","unavailable","113090560","56430592","56430592","unavailable","56430592","56430592","74809344"
"yune","track-a-comparison","luna_pinyin","key_sequence_process_with_context","n","20","1","54.600","54.600","99602432","99602432","unavailable","113090560","56430592","56430592","unavailable","56430592","56430592","74809344"
"yune","track-a-comparison","luna_pinyin","key_sequence_process_with_context","n","21","1","55.900","55.900","99606528","99606528","unavailable","113090560","56430592","56430592","unavailable","56430592","56430592","74809344"
"yune","track-a-comparison","luna_pinyin","key_sequence_process_with_context","n","22","1","55.000","55.000","99606528","99606528","unavailable","113090560","56430592","56430592","unavailable","56430592","56430592","74809344"
"yune","track-a-comparison","luna_pinyin","key_sequence_process_with_context","n","23","1","54.700","54.700","99606528","99606528","unavailable","113090560","56430592","56430592","unavailable","56430592","56430592","74809344"
"yune","track-a-comparison","luna_pinyin","key_sequence_process_with_context","n","24","1","54.400","54.400","99606528","99606528","unavailable","113090560","56430592","56430592","unavailable","56430592","56430592","74809344"
"yune","track-a-comparison","luna_pinyin","key_sequence_process_with_context","n","25","1","54.700","54.700","99606528","99606528","unavailable","113090560","56430592","56430592","unavailable","56430592","56430592","74809344"
"yune","track-a-comparison","luna_pinyin","key_sequence_process_with_context","n","26","1","54.400","54.400","99606528","99606528","unavailable","113090560","56430592","56430592","unavailable","56430592","56430592","74809344"
"yune","track-a-comparison","luna_pinyin","key_sequence_process_with_context","n","27","1","54.500","54.500","99606528","99606528","unavailable","113090560","56430592","56430592","unavailable","56430592","56430592","74809344"
"yune","track-a-comparison","luna_pinyin","key_sequence_process_with_context","n","28","1","54.900","54.900","99606528","99606528","unavailable","113090560","56430592","56430592","unavailable","56430592","56430592","74809344"
"yune","track-a-comparison","luna_pinyin","key_sequence_process_with_context","n","29","1","55.100","55.100","99606528","99606528","unavailable","113090560","56430592","56430592","unavailable","56430592","56430592","74809344"
"yune","track-a-comparison","luna_pinyin","key_sequence_process_with_context","n","30","1","54.700","54.700","99610624","99610624","unavailable","113090560","56430592","56430592","unavailable","56430592","56430592","74809344"
"yune","track-a-comparison","luna_pinyin","key_sequence_process_with_context","n","31","1","54.300","54.300","99610624","99610624","unavailable","113090560","56430592","56430592","unavailable","56430592","56430592","74809344"
"yune","track-a-comparison","luna_pinyin","key_sequence_process_with_context","n","32","1","55.600","55.600","99610624","99610624","unavailable","113090560","56430592","56430592","unavailable","56430592","56430592","74809344"
"yune","track-a-comparison","luna_pinyin","key_sequence_process_with_context","n","33","1","54.800","54.800","99610624","99610624","unavailable","113090560","56430592","56430592","unavailable","56430592","56430592","74809344"
"yune","track-a-comparison","luna_pinyin","key_sequence_process_with_context","n","34","1","54.400","54.400","99610624","99610624","unavailable","113090560","56430592","56430592","unavailable","56430592","56430592","74809344"
"yune","track-a-comparison","luna_pinyin","key_sequence_process_with_context","n","35","1","54.800","54.800","99610624","99610624","unavailable","113090560","56430592","56430592","unavailable","56430592","56430592","74809344"
"yune","track-a-comparison","luna_pinyin","key_sequence_process_with_context","n","36","1","54.700","54.700","99610624","99610624","unavailable","113090560","56430592","56430592","unavailable","56430592","56430592","74809344"
"yune","track-a-comparison","luna_pinyin","key_sequence_process_with_context","n","37","1","57.700","57.700","99610624","99614720","unavailable","113090560","56430592","56430592","unavailable","56430592","56430592","74809344"
"yune","track-a-comparison","luna_pinyin","key_sequence_process_with_context","n","38","1","56.100","56.100","99614720","99614720","unavailable","113090560","56430592","56430592","unavailable","56430592","56430592","74809344"
"yune","track-a-comparison","luna_pinyin","key_sequence_process_with_context","n","39","1","56.100","56.100","99618816","99618816","unavailable","113090560","56430592","56430592","unavailable","56430592","56430592","74809344"
"yune","track-a-comparison","luna_pinyin","key_sequence_process_with_context","n","40","1","54.600","54.600","99618816","99618816","unavailable","113090560","56430592","56430592","unavailable","56430592","56430592","74809344"
"yune","track-a-comparison","luna_pinyin","key_sequence_process_with_context","n","41","1","54.500","54.500","99618816","99618816","unavailable","113090560","56430592","56430592","unavailable","56430592","56430592","74809344"
"yune","track-a-comparison","luna_pinyin","key_sequence_process_with_context","n","42","1","54.500","54.500","99618816","99618816","unavailable","113090560","56430592","56430592","unavailable","56430592","56430592","74809344"
"yune","track-a-comparison","luna_pinyin","key_sequence_process_with_context","n","43","1","54.400","54.400","99618816","99622912","unavailable","113090560","56430592","56430592","unavailable","56430592","56430592","74809344"
"yune","track-a-comparison","luna_pinyin","key_sequence_process_with_context","n","44","1","54.500","54.500","99622912","99622912","unavailable","113090560","56430592","56430592","unavailable","56430592","56430592","74809344"
"yune","track-a-comparison","luna_pinyin","key_sequence_process_with_context","n","45","1","54.600","54.600","99622912","99622912","unavailable","113090560","56430592","56430592","unavailable","56430592","56430592","74809344"
"yune","track-a-comparison","luna_pinyin","key_sequence_process_with_context","n","46","1","56.400","56.400","99622912","99622912","unavailable","113090560","56430592","56430592","unavailable","56430592","56430592","74809344"
"yune","track-a-comparison","luna_pinyin","key_sequence_process_with_context","n","47","1","54.500","54.500","99622912","99622912","unavailable","113090560","56430592","56430592","unavailable","56430592","56430592","74809344"
"yune","track-a-comparison","luna_pinyin","key_sequence_process_with_context","n","48","1","55.500","55.500","99627008","99627008","unavailable","113090560","56430592","56430592","unavailable","56430592","56430592","74809344"
"yune","track-a-comparison","luna_pinyin","key_sequence_process_with_context","n","49","1","55.200","55.200","99627008","99627008","unavailable","113090560","56430592","56430592","unavailable","56430592","56430592","74809344"
"yune","track-a-comparison","luna_pinyin","key_sequence_process_with_context","n","50","1","54.300","54.300","99627008","99627008","unavailable","113090560","56430592","56430592","unavailable","56430592","56430592","74809344"
"yune","track-a-comparison","luna_pinyin","key_sequence_process_with_context","n","51","1","54.500","54.500","99627008","99627008","unavailable","113090560","56430592","56430592","unavailable","56430592","56430592","74809344"
"yune","track-a-comparison","luna_pinyin","key_sequence_process_with_context","n","52","1","54.300","54.300","99627008","99627008","unavailable","113090560","56430592","56430592","unavailable","56430592","56430592","74809344"
"yune","track-a-comparison","luna_pinyin","key_sequence_process_with_context","n","53","1","55.200","55.200","99627008","99627008","unavailable","113090560","56430592","56430592","unavailable","56430592","56430592","74809344"
"yune","track-a-comparison","luna_pinyin","key_sequence_process_with_context","n","54","1","54.100","54.100","99627008","99627008","unavailable","113090560","56430592","56430592","unavailable","56430592","56430592","74809344"
"yune","track-a-comparison","luna_pinyin","key_sequence_process_with_context","n","55","1","54.300","54.300","99627008","99627008","unavailable","113090560","56430592","56430592","unavailable","56430592","56430592","74809344"
"yune","track-a-comparison","luna_pinyin","key_sequence_process_with_context","n","56","1","55.400","55.400","99627008","99627008","unavailable","113090560","56430592","56430592","unavailable","56430592","56430592","74809344"
"yune","track-a-comparison","luna_pinyin","key_sequence_process_with_context","n","57","1","54.400","54.400","99627008","99627008","unavailable","113090560","56430592","56430592","unavailable","56430592","56430592","74809344"
"yune","track-a-comparison","luna_pinyin","key_sequence_process_with_context","n","58","1","54.400","54.400","99627008","99627008","unavailable","113090560","56430592","56430592","unavailable","56430592","56430592","74809344"
"yune","track-a-comparison","luna_pinyin","key_sequence_process_with_context","n","59","1","54.900","54.900","99627008","99627008","unavailable","113090560","56430592","56430592","unavailable","56430592","56430592","74809344"
"yune","track-a-comparison","luna_pinyin","key_sequence_process_with_context","n","60","1","55.200","55.200","99627008","99627008","unavailable","113090560","56430592","56430592","unavailable","56430592","56430592","74809344"
"yune","track-a-comparison","luna_pinyin","key_sequence_process_with_context","n","61","1","59.000","59.000","99627008","99622912","unavailable","113090560","56430592","56430592","unavailable","56430592","56430592","74809344"
"yune","track-a-comparison","luna_pinyin","key_sequence_process_with_context","n","62","1","56.300","56.300","99622912","99622912","unavailable","113090560","56430592","56430592","unavailable","56430592","56430592","74809344"
"yune","track-a-comparison","luna_pinyin","key_sequence_process_with_context","n","63","1","55.500","55.500","99622912","99622912","unavailable","113090560","56430592","56430592","unavailable","56430592","56430592","74809344"
"yune","track-a-comparison","luna_pinyin","key_sequence_process_with_context","n","64","1","54.200","54.200","99622912","99622912","unavailable","113090560","56430592","56430592","unavailable","56430592","56430592","74809344"
"yune","track-a-comparison","luna_pinyin","key_sequence_process_with_context","n","65","1","54.500","54.500","99622912","99622912","unavailable","113090560","56430592","56430592","unavailable","56430592","56430592","74809344"
"yune","track-a-comparison","luna_pinyin","key_sequence_process_with_context","n","66","1","54.300","54.300","99622912","99622912","unavailable","113090560","56430592","56430592","unavailable","56430592","56430592","74809344"
"yune","track-a-comparison","luna_pinyin","key_sequence_process_with_context","n","67","1","54.200","54.200","99622912","99622912","unavailable","113090560","56430592","56430592","unavailable","56430592","56430592","74809344"
"yune","track-a-comparison","luna_pinyin","key_sequence_process_with_context","n","68","1","54.800","54.800","99622912","99622912","unavailable","113090560","56430592","56430592","unavailable","56430592","56430592","74809344"
"yune","track-a-comparison","luna_pinyin","key_sequence_process_with_context","n","69","1","54.500","54.500","99622912","99622912","unavailable","113090560","56430592","56430592","unavailable","56430592","56430592","74809344"
"yune","track-a-comparison","luna_pinyin","key_sequence_process_with_context","n","70","1","54.500","54.500","99622912","99622912","unavailable","113090560","56430592","56430592","unavailable","56430592","56430592","74809344"
"yune","track-a-comparison","luna_pinyin","key_sequence_process_with_context","n","71","1","55.400","55.400","99622912","99622912","unavailable","113090560","56430592","56430592","unavailable","56430592","56430592","74809344"
"yune","track-a-comparison","luna_pinyin","key_sequence_process_with_context","n","72","1","54.600","54.600","99622912","99622912","unavailable","113090560","56430592","56430592","unavailable","56430592","56430592","74809344"
"yune","track-a-comparison","luna_pinyin","key_sequence_process_with_context","n","73","1","54.600","54.600","99622912","99622912","unavailable","113090560","56430592","56430592","unavailable","56430592","56430592","74809344"
"yune","track-a-comparison","luna_pinyin","key_sequence_process_with_context","n","74","1","54.900","54.900","99622912","99622912","unavailable","113090560","56430592","56430592","unavailable","56430592","56430592","74809344"
"yune","track-a-comparison","luna_pinyin","key_sequence_process_with_context","n","75","1","54.100","54.100","99622912","99622912","unavailable","113090560","56430592","56430592","unavailable","56430592","56430592","74809344"
"yune","track-a-comparison","luna_pinyin","key_sequence_process_with_context","n","76","1","54.500","54.500","99622912","99622912","unavailable","113090560","56430592","56430592","unavailable","56430592","56430592","74809344"
"yune","track-a-comparison","luna_pinyin","key_sequence_process_with_context","n","77","1","54.500","54.500","99622912","99622912","unavailable","113090560","56430592","56430592","unavailable","56430592","56430592","74809344"
"yune","track-a-comparison","luna_pinyin","key_sequence_process_with_context","n","78","1","54.400","54.400","99622912","99622912","unavailable","113090560","56430592","56430592","unavailable","56430592","56430592","74809344"
"yune","track-a-comparison","luna_pinyin","key_sequence_process_with_context","n","79","1","54.500","54.500","99622912","99622912","unavailable","113090560","56430592","56430592","unavailable","56430592","56430592","74809344"
"yune","track-a-comparison","luna_pinyin","key_sequence_process_with_context","ni","0","2","85.000","42.500","100052992","100052992","unavailable","113090560","57036800","57036800","unavailable","57036800","57036800","74809344"
"yune","track-a-comparison","luna_pinyin","key_sequence_process_with_context","ni","1","2","90.700","45.350","100052992","100052992","unavailable","113090560","57036800","57036800","unavailable","57036800","57036800","74809344"
"yune","track-a-comparison","luna_pinyin","key_sequence_process_with_context","ni","2","2","87.500","43.750","100052992","100052992","unavailable","113090560","57036800","57036800","unavailable","57036800","57036800","74809344"
"yune","track-a-comparison","luna_pinyin","key_sequence_process_with_context","ni","3","2","85.400","42.700","100052992","100052992","unavailable","113090560","57036800","57036800","unavailable","57036800","57036800","74809344"
"yune","track-a-comparison","luna_pinyin","key_sequence_process_with_context","ni","4","2","84.500","42.250","100052992","100052992","unavailable","113090560","57036800","57036800","unavailable","57036800","57036800","74809344"
"yune","track-a-comparison","luna_pinyin","key_sequence_process_with_context","ni","5","2","86.200","43.100","100052992","100052992","unavailable","113090560","57036800","57036800","unavailable","57036800","57036800","74809344"
"yune","track-a-comparison","luna_pinyin","key_sequence_process_with_context","ni","6","2","87.400","43.700","100052992","100052992","unavailable","113090560","57036800","57036800","unavailable","57036800","57036800","74809344"
"yune","track-a-comparison","luna_pinyin","key_sequence_process_with_context","ni","7","2","86.700","43.350","100052992","100057088","unavailable","113090560","57036800","57036800","unavailable","57036800","57036800","74809344"
"yune","track-a-comparison","luna_pinyin","key_sequence_process_with_context","ni","8","2","83.600","41.800","100057088","100057088","unavailable","113090560","57036800","57036800","unavailable","57036800","57036800","74809344"
"yune","track-a-comparison","luna_pinyin","key_sequence_process_with_context","ni","9","2","83.500","41.750","100057088","100057088","unavailable","113090560","57036800","57036800","unavailable","57036800","57036800","74809344"
"yune","track-a-comparison","luna_pinyin","key_sequence_process_with_context","ni","10","2","83.700","41.850","100057088","100057088","unavailable","113090560","57036800","57036800","unavailable","57036800","57036800","74809344"
"yune","track-a-comparison","luna_pinyin","key_sequence_process_with_context","ni","11","2","83.500","41.750","100057088","100057088","unavailable","113090560","57036800","57036800","unavailable","57036800","57036800","74809344"
"yune","track-a-comparison","luna_pinyin","key_sequence_process_with_context","ni","12","2","83.900","41.950","100057088","100057088","unavailable","113090560","57036800","57036800","unavailable","57036800","57036800","74809344"
"yune","track-a-comparison","luna_pinyin","key_sequence_process_with_context","ni","13","2","83.900","41.950","100057088","100057088","unavailable","113090560","57036800","57036800","unavailable","57036800","57036800","74809344"
"yune","track-a-comparison","luna_pinyin","key_sequence_process_with_context","ni","14","2","84.500","42.250","100057088","100057088","unavailable","113090560","57036800","57036800","unavailable","57036800","57036800","74809344"
"yune","track-a-comparison","luna_pinyin","key_sequence_process_with_context","ni","15","2","84.000","42.000","100057088","100057088","unavailable","113090560","57036800","57036800","unavailable","57036800","57036800","74809344"
"yune","track-a-comparison","luna_pinyin","key_sequence_process_with_context","ni","16","2","83.800","41.900","100057088","100057088","unavailable","113090560","57036800","57036800","unavailable","57036800","57036800","74809344"
"yune","track-a-comparison","luna_pinyin","key_sequence_process_with_context","ni","17","2","83.600","41.800","100057088","100057088","unavailable","113090560","57036800","57036800","unavailable","57036800","57036800","74809344"
"yune","track-a-comparison","luna_pinyin","key_sequence_process_with_context","ni","18","2","85.700","42.850","100057088","100057088","unavailable","113090560","57036800","57036800","unavailable","57036800","57036800","74809344"
"yune","track-a-comparison","luna_pinyin","key_sequence_process_with_context","ni","19","2","83.700","41.850","100057088","100057088","unavailable","113090560","57036800","57036800","unavailable","57036800","57036800","74809344"
"yune","track-a-comparison","luna_pinyin","key_sequence_process_with_context","ni","20","2","83.600","41.800","100057088","100057088","unavailable","113090560","57036800","57036800","unavailable","57036800","57036800","74809344"
"yune","track-a-comparison","luna_pinyin","key_sequence_process_with_context","ni","21","2","83.600","41.800","100057088","100057088","unavailable","113090560","57036800","57036800","unavailable","57036800","57036800","74809344"
"yune","track-a-comparison","luna_pinyin","key_sequence_process_with_context","ni","22","2","84.500","42.250","100057088","100057088","unavailable","113090560","57036800","57036800","unavailable","57036800","57036800","74809344"
"yune","track-a-comparison","luna_pinyin","key_sequence_process_with_context","ni","23","2","83.500","41.750","100057088","100057088","unavailable","113090560","57036800","57036800","unavailable","57036800","57036800","74809344"
"yune","track-a-comparison","luna_pinyin","key_sequence_process_with_context","ni","24","2","83.700","41.850","100057088","100057088","unavailable","113090560","57036800","57036800","unavailable","57036800","57036800","74809344"
"yune","track-a-comparison","luna_pinyin","key_sequence_process_with_context","ni","25","2","83.600","41.800","100057088","100057088","unavailable","113090560","57036800","57036800","unavailable","57036800","57036800","74809344"
"yune","track-a-comparison","luna_pinyin","key_sequence_process_with_context","ni","26","2","83.600","41.800","100057088","100057088","unavailable","113090560","57036800","57036800","unavailable","57036800","57036800","74809344"
"yune","track-a-comparison","luna_pinyin","key_sequence_process_with_context","ni","27","2","87.400","43.700","100057088","100057088","unavailable","113090560","57036800","57036800","unavailable","57036800","57036800","74809344"
"yune","track-a-comparison","luna_pinyin","key_sequence_process_with_context","ni","28","2","85.400","42.700","100057088","100057088","unavailable","113090560","57036800","57036800","unavailable","57036800","57036800","74809344"
"yune","track-a-comparison","luna_pinyin","key_sequence_process_with_context","ni","29","2","85.500","42.750","100057088","100057088","unavailable","113090560","57036800","57036800","unavailable","57036800","57036800","74809344"
"yune","track-a-comparison","luna_pinyin","key_sequence_process_with_context","ni","30","2","85.600","42.800","100057088","100057088","unavailable","113090560","57036800","57036800","unavailable","57036800","57036800","74809344"
"yune","track-a-comparison","luna_pinyin","key_sequence_process_with_context","ni","31","2","85.100","42.550","100057088","100057088","unavailable","113090560","57036800","57036800","unavailable","57036800","57036800","74809344"
"yune","track-a-comparison","luna_pinyin","key_sequence_process_with_context","ni","32","2","83.800","41.900","100057088","100057088","unavailable","113090560","57036800","57036800","unavailable","57036800","57036800","74809344"
"yune","track-a-comparison","luna_pinyin","key_sequence_process_with_context","ni","33","2","83.800","41.900","100057088","100057088","unavailable","113090560","57036800","57036800","unavailable","57036800","57036800","74809344"
"yune","track-a-comparison","luna_pinyin","key_sequence_process_with_context","ni","34","2","83.800","41.900","100057088","100057088","unavailable","113090560","57036800","57036800","unavailable","57036800","57036800","74809344"
"yune","track-a-comparison","luna_pinyin","key_sequence_process_with_context","ni","35","2","83.700","41.850","100057088","100057088","unavailable","113090560","57036800","57036800","unavailable","57036800","57036800","74809344"
"yune","track-a-comparison","luna_pinyin","key_sequence_process_with_context","ni","36","2","87.500","43.750","100057088","100057088","unavailable","113090560","57036800","57036800","unavailable","57036800","57036800","74809344"
"yune","track-a-comparison","luna_pinyin","key_sequence_process_with_context","ni","37","2","84.300","42.150","100057088","100057088","unavailable","113090560","57036800","57036800","unavailable","57036800","57036800","74809344"
"yune","track-a-comparison","luna_pinyin","key_sequence_process_with_context","ni","38","2","84.600","42.300","100057088","100057088","unavailable","113090560","57036800","57036800","unavailable","57036800","57036800","74809344"
"yune","track-a-comparison","luna_pinyin","key_sequence_process_with_context","ni","39","2","84.200","42.100","100057088","100057088","unavailable","113090560","57036800","57036800","unavailable","57036800","57036800","74809344"
"yune","track-a-comparison","luna_pinyin","key_sequence_process_with_context","ni","40","2","84.300","42.150","100057088","100057088","unavailable","113090560","57036800","57036800","unavailable","57036800","57036800","74809344"
"yune","track-a-comparison","luna_pinyin","key_sequence_process_with_context","ni","41","2","84.100","42.050","100057088","100057088","unavailable","113090560","57036800","57036800","unavailable","57036800","57036800","74809344"
"yune","track-a-comparison","luna_pinyin","key_sequence_process_with_context","ni","42","2","83.800","41.900","100057088","100057088","unavailable","113090560","57036800","57036800","unavailable","57036800","57036800","74809344"
"yune","track-a-comparison","luna_pinyin","key_sequence_process_with_context","ni","43","2","84.500","42.250","100057088","100057088","unavailable","113090560","57036800","57036800","unavailable","57036800","57036800","74809344"
"yune","track-a-comparison","luna_pinyin","key_sequence_process_with_context","ni","44","2","83.800","41.900","100057088","100057088","unavailable","113090560","57036800","57036800","unavailable","57036800","57036800","74809344"
"yune","track-a-comparison","luna_pinyin","key_sequence_process_with_context","ni","45","2","86.400","43.200","100057088","100057088","unavailable","113090560","57036800","57036800","unavailable","57036800","57036800","74809344"
"yune","track-a-comparison","luna_pinyin","key_sequence_process_with_context","ni","46","2","84.100","42.050","100057088","100057088","unavailable","113090560","57036800","57036800","unavailable","57036800","57036800","74809344"
"yune","track-a-comparison","luna_pinyin","key_sequence_process_with_context","ni","47","2","83.900","41.950","100057088","100057088","unavailable","113090560","57036800","57036800","unavailable","57036800","57036800","74809344"
"yune","track-a-comparison","luna_pinyin","key_sequence_process_with_context","ni","48","2","84.100","42.050","100057088","100057088","unavailable","113090560","57036800","57036800","unavailable","57036800","57036800","74809344"
"yune","track-a-comparison","luna_pinyin","key_sequence_process_with_context","ni","49","2","84.200","42.100","100057088","100057088","unavailable","113090560","57036800","57036800","unavailable","57036800","57036800","74809344"
"yune","track-a-comparison","luna_pinyin","key_sequence_process_with_context","ni","50","2","85.700","42.850","100057088","100057088","unavailable","113090560","57036800","57036800","unavailable","57036800","57036800","74809344"
"yune","track-a-comparison","luna_pinyin","key_sequence_process_with_context","ni","51","2","84.900","42.450","100057088","100057088","unavailable","113090560","57036800","57036800","unavailable","57036800","57036800","74809344"
"yune","track-a-comparison","luna_pinyin","key_sequence_process_with_context","ni","52","2","85.200","42.600","100057088","100057088","unavailable","113090560","57036800","57036800","unavailable","57036800","57036800","74809344"
"yune","track-a-comparison","luna_pinyin","key_sequence_process_with_context","ni","53","2","85.000","42.500","100057088","100057088","unavailable","113090560","57036800","57036800","unavailable","57036800","57036800","74809344"
"yune","track-a-comparison","luna_pinyin","key_sequence_process_with_context","ni","54","2","86.300","43.150","100057088","100057088","unavailable","113090560","57036800","57036800","unavailable","57036800","57036800","74809344"
"yune","track-a-comparison","luna_pinyin","key_sequence_process_with_context","ni","55","2","84.700","42.350","100057088","100057088","unavailable","113090560","57036800","57036800","unavailable","57036800","57036800","74809344"
"yune","track-a-comparison","luna_pinyin","key_sequence_process_with_context","ni","56","2","84.300","42.150","100057088","100057088","unavailable","113090560","57036800","57036800","unavailable","57036800","57036800","74809344"
"yune","track-a-comparison","luna_pinyin","key_sequence_process_with_context","ni","57","2","84.100","42.050","100057088","100057088","unavailable","113090560","57036800","57036800","unavailable","57036800","57036800","74809344"
"yune","track-a-comparison","luna_pinyin","key_sequence_process_with_context","ni","58","2","84.000","42.000","100057088","100057088","unavailable","113090560","57036800","57036800","unavailable","57036800","57036800","74809344"
"yune","track-a-comparison","luna_pinyin","key_sequence_process_with_context","ni","59","2","84.200","42.100","100057088","100057088","unavailable","113090560","57036800","57036800","unavailable","57036800","57036800","74809344"
"yune","track-a-comparison","luna_pinyin","key_sequence_process_with_context","ni","60","2","83.700","41.850","100057088","100057088","unavailable","113090560","57036800","57036800","unavailable","57036800","57036800","74809344"
"yune","track-a-comparison","luna_pinyin","key_sequence_process_with_context","ni","61","2","83.800","41.900","100057088","100057088","unavailable","113090560","57036800","57036800","unavailable","57036800","57036800","74809344"
"yune","track-a-comparison","luna_pinyin","key_sequence_process_with_context","ni","62","2","85.400","42.700","100057088","100057088","unavailable","113090560","57036800","57036800","unavailable","57036800","57036800","74809344"
"yune","track-a-comparison","luna_pinyin","key_sequence_process_with_context","ni","63","2","84.400","42.200","100057088","100057088","unavailable","113090560","57036800","57036800","unavailable","57036800","57036800","74809344"
"yune","track-a-comparison","luna_pinyin","key_sequence_process_with_context","ni","64","2","84.000","42.000","100057088","100057088","unavailable","113090560","57036800","57036800","unavailable","57036800","57036800","74809344"
"yune","track-a-comparison","luna_pinyin","key_sequence_process_with_context","ni","65","2","87.500","43.750","100057088","100052992","unavailable","113090560","57036800","57036800","unavailable","57036800","57036800","74809344"
"yune","track-a-comparison","luna_pinyin","key_sequence_process_with_context","ni","66","2","85.800","42.900","100052992","100052992","unavailable","113090560","57036800","57036800","unavailable","57036800","57036800","74809344"
"yune","track-a-comparison","luna_pinyin","key_sequence_process_with_context","ni","67","2","85.600","42.800","100052992","100052992","unavailable","113090560","57036800","57036800","unavailable","57036800","57036800","74809344"
"yune","track-a-comparison","luna_pinyin","key_sequence_process_with_context","ni","68","2","84.100","42.050","100052992","100052992","unavailable","113090560","57036800","57036800","unavailable","57036800","57036800","74809344"
"yune","track-a-comparison","luna_pinyin","key_sequence_process_with_context","ni","69","2","84.000","42.000","100052992","100052992","unavailable","113090560","57036800","57036800","unavailable","57036800","57036800","74809344"
"yune","track-a-comparison","luna_pinyin","key_sequence_process_with_context","ni","70","2","83.700","41.850","100052992","100052992","unavailable","113090560","57036800","57036800","unavailable","57036800","57036800","74809344"
"yune","track-a-comparison","luna_pinyin","key_sequence_process_with_context","ni","71","2","90.700","45.350","100052992","100052992","unavailable","113090560","57036800","57036800","unavailable","57036800","57036800","74809344"
"yune","track-a-comparison","luna_pinyin","key_sequence_process_with_context","ni","72","2","84.600","42.300","100052992","100052992","unavailable","113090560","57036800","57036800","unavailable","57036800","57036800","74809344"
"yune","track-a-comparison","luna_pinyin","key_sequence_process_with_context","ni","73","2","84.500","42.250","100052992","100052992","unavailable","113090560","57036800","57036800","unavailable","57036800","57036800","74809344"
"yune","track-a-comparison","luna_pinyin","key_sequence_process_with_context","ni","74","2","84.000","42.000","100052992","100052992","unavailable","113090560","57036800","57036800","unavailable","57036800","57036800","74809344"
"yune","track-a-comparison","luna_pinyin","key_sequence_process_with_context","ni","75","2","83.700","41.850","100052992","100052992","unavailable","113090560","57036800","57036800","unavailable","57036800","57036800","74809344"
"yune","track-a-comparison","luna_pinyin","key_sequence_process_with_context","ni","76","2","83.900","41.950","100052992","100052992","unavailable","113090560","57036800","57036800","unavailable","57036800","57036800","74809344"
"yune","track-a-comparison","luna_pinyin","key_sequence_process_with_context","ni","77","2","83.600","41.800","100052992","100052992","unavailable","113090560","57036800","57036800","unavailable","57036800","57036800","74809344"
"yune","track-a-comparison","luna_pinyin","key_sequence_process_with_context","ni","78","2","84.000","42.000","100052992","100052992","unavailable","113090560","57036800","57036800","unavailable","57036800","57036800","74809344"
"yune","track-a-comparison","luna_pinyin","key_sequence_process_with_context","ni","79","2","83.500","41.750","100052992","100052992","unavailable","113090560","57036800","57036800","unavailable","57036800","57036800","74809344"
"yune","track-a-comparison","luna_pinyin","key_sequence_process_with_context","hao","0","3","70.400","23.467","100765696","100769792","unavailable","113090560","57712640","57712640","unavailable","57712640","57712640","74809344"
"yune","track-a-comparison","luna_pinyin","key_sequence_process_with_context","hao","1","3","72.900","24.300","100769792","100769792","unavailable","113090560","57712640","57712640","unavailable","57712640","57712640","74809344"
"yune","track-a-comparison","luna_pinyin","key_sequence_process_with_context","hao","2","3","71.400","23.800","100769792","100769792","unavailable","113090560","57712640","57712640","unavailable","57712640","57712640","74809344"
"yune","track-a-comparison","luna_pinyin","key_sequence_process_with_context","hao","3","3","70.400","23.467","100769792","100769792","unavailable","113090560","57712640","57712640","unavailable","57712640","57712640","74809344"
"yune","track-a-comparison","luna_pinyin","key_sequence_process_with_context","hao","4","3","70.400","23.467","100769792","100769792","unavailable","113090560","57712640","57712640","unavailable","57712640","57712640","74809344"
"yune","track-a-comparison","luna_pinyin","key_sequence_process_with_context","hao","5","3","70.000","23.333","100769792","100769792","unavailable","113090560","57712640","57712640","unavailable","57712640","57712640","74809344"
"yune","track-a-comparison","luna_pinyin","key_sequence_process_with_context","hao","6","3","70.200","23.400","100769792","100769792","unavailable","113090560","57712640","57712640","unavailable","57712640","57712640","74809344"
"yune","track-a-comparison","luna_pinyin","key_sequence_process_with_context","hao","7","3","70.000","23.333","100769792","100769792","unavailable","113090560","57712640","57712640","unavailable","57712640","57712640","74809344"
"yune","track-a-comparison","luna_pinyin","key_sequence_process_with_context","hao","8","3","70.000","23.333","100769792","100769792","unavailable","113090560","57712640","57712640","unavailable","57712640","57712640","74809344"
"yune","track-a-comparison","luna_pinyin","key_sequence_process_with_context","hao","9","3","69.900","23.300","100769792","100769792","unavailable","113090560","57712640","57712640","unavailable","57712640","57712640","74809344"
"yune","track-a-comparison","luna_pinyin","key_sequence_process_with_context","hao","10","3","70.100","23.367","100769792","100769792","unavailable","113090560","57712640","57712640","unavailable","57712640","57712640","74809344"
"yune","track-a-comparison","luna_pinyin","key_sequence_process_with_context","hao","11","3","72.100","24.033","100769792","100769792","unavailable","113090560","57712640","57712640","unavailable","57712640","57712640","74809344"
"yune","track-a-comparison","luna_pinyin","key_sequence_process_with_context","hao","12","3","71.900","23.967","100769792","100769792","unavailable","113090560","57712640","57712640","unavailable","57712640","57712640","74809344"
"yune","track-a-comparison","luna_pinyin","key_sequence_process_with_context","hao","13","3","70.100","23.367","100769792","100769792","unavailable","113090560","57712640","57712640","unavailable","57712640","57712640","74809344"
"yune","track-a-comparison","luna_pinyin","key_sequence_process_with_context","hao","14","3","70.100","23.367","100769792","100769792","unavailable","113090560","57712640","57712640","unavailable","57712640","57712640","74809344"
"yune","track-a-comparison","luna_pinyin","key_sequence_process_with_context","hao","15","3","69.400","23.133","100769792","100769792","unavailable","113090560","57712640","57712640","unavailable","57712640","57712640","74809344"
"yune","track-a-comparison","luna_pinyin","key_sequence_process_with_context","hao","16","3","70.100","23.367","100769792","100769792","unavailable","113090560","57712640","57712640","unavailable","57712640","57712640","74809344"
"yune","track-a-comparison","luna_pinyin","key_sequence_process_with_context","hao","17","3","70.500","23.500","100769792","100769792","unavailable","113090560","57712640","57712640","unavailable","57712640","57712640","74809344"
"yune","track-a-comparison","luna_pinyin","key_sequence_process_with_context","hao","18","3","70.200","23.400","100769792","100769792","unavailable","113090560","57712640","57712640","unavailable","57712640","57712640","74809344"
"yune","track-a-comparison","luna_pinyin","key_sequence_process_with_context","hao","19","3","69.900","23.300","100769792","100769792","unavailable","113090560","57712640","57712640","unavailable","57712640","57712640","74809344"
"yune","track-a-comparison","luna_pinyin","key_sequence_process_with_context","hao","20","3","69.900","23.300","100769792","100769792","unavailable","113090560","57712640","57712640","unavailable","57712640","57712640","74809344"
"yune","track-a-comparison","luna_pinyin","key_sequence_process_with_context","hao","21","3","73.500","24.500","100769792","100769792","unavailable","113090560","57712640","57712640","unavailable","57712640","57712640","74809344"
"yune","track-a-comparison","luna_pinyin","key_sequence_process_with_context","hao","22","3","70.000","23.333","100769792","100769792","unavailable","113090560","57712640","57712640","unavailable","57712640","57712640","74809344"
"yune","track-a-comparison","luna_pinyin","key_sequence_process_with_context","hao","23","3","70.500","23.500","100769792","100810752","unavailable","113090560","57712640","57712640","unavailable","57712640","57712640","74809344"
"yune","track-a-comparison","luna_pinyin","key_sequence_process_with_context","hao","24","3","70.100","23.367","100810752","100810752","unavailable","113090560","57712640","57712640","unavailable","57712640","57712640","74809344"
"yune","track-a-comparison","luna_pinyin","key_sequence_process_with_context","hao","25","3","69.800","23.267","100810752","100810752","unavailable","113090560","57712640","57712640","unavailable","57712640","57712640","74809344"
"yune","track-a-comparison","luna_pinyin","key_sequence_process_with_context","hao","26","3","70.300","23.433","100810752","100810752","unavailable","113090560","57712640","57712640","unavailable","57712640","57712640","74809344"
"yune","track-a-comparison","luna_pinyin","key_sequence_process_with_context","hao","27","3","69.700","23.233","100810752","100810752","unavailable","113090560","57712640","57712640","unavailable","57712640","57712640","74809344"
"yune","track-a-comparison","luna_pinyin","key_sequence_process_with_context","hao","28","3","69.900","23.300","100810752","100810752","unavailable","113090560","57712640","57712640","unavailable","57712640","57712640","74809344"
"yune","track-a-comparison","luna_pinyin","key_sequence_process_with_context","hao","29","3","70.100","23.367","100810752","100810752","unavailable","113090560","57712640","57712640","unavailable","57712640","57712640","74809344"
"yune","track-a-comparison","luna_pinyin","key_sequence_process_with_context","hao","30","3","69.400","23.133","100810752","100810752","unavailable","113090560","57712640","57712640","unavailable","57712640","57712640","74809344"
"yune","track-a-comparison","luna_pinyin","key_sequence_process_with_context","hao","31","3","71.400","23.800","100810752","100810752","unavailable","113090560","57712640","57712640","unavailable","57712640","57712640","74809344"
"yune","track-a-comparison","luna_pinyin","key_sequence_process_with_context","hao","32","3","69.700","23.233","100810752","100810752","unavailable","113090560","57712640","57712640","unavailable","57712640","57712640","74809344"
"yune","track-a-comparison","luna_pinyin","key_sequence_process_with_context","hao","33","3","69.700","23.233","100810752","100810752","unavailable","113090560","57712640","57712640","unavailable","57712640","57712640","74809344"
"yune","track-a-comparison","luna_pinyin","key_sequence_process_with_context","hao","34","3","70.000","23.333","100810752","100810752","unavailable","113090560","57712640","57712640","unavailable","57712640","57712640","74809344"
"yune","track-a-comparison","luna_pinyin","key_sequence_process_with_context","hao","35","3","69.600","23.200","100810752","100810752","unavailable","113090560","57712640","57712640","unavailable","57712640","57712640","74809344"
"yune","track-a-comparison","luna_pinyin","key_sequence_process_with_context","hao","36","3","71.500","23.833","100810752","100810752","unavailable","113090560","57712640","57712640","unavailable","57712640","57712640","74809344"
"yune","track-a-comparison","luna_pinyin","key_sequence_process_with_context","hao","37","3","69.900","23.300","100810752","100810752","unavailable","113090560","57712640","57712640","unavailable","57712640","57712640","74809344"
"yune","track-a-comparison","luna_pinyin","key_sequence_process_with_context","hao","38","3","69.900","23.300","100810752","100810752","unavailable","113090560","57712640","57712640","unavailable","57712640","57712640","74809344"
"yune","track-a-comparison","luna_pinyin","key_sequence_process_with_context","hao","39","3","69.600","23.200","100810752","100810752","unavailable","113090560","57712640","57712640","unavailable","57712640","57712640","74809344"
"yune","track-a-comparison","luna_pinyin","key_sequence_process_with_context","hao","40","3","69.500","23.167","100810752","100810752","unavailable","113090560","57712640","57712640","unavailable","57712640","57712640","74809344"
"yune","track-a-comparison","luna_pinyin","key_sequence_process_with_context","hao","41","3","84.000","28.000","100810752","100810752","unavailable","113090560","57712640","57712640","unavailable","57712640","57712640","74809344"
"yune","track-a-comparison","luna_pinyin","key_sequence_process_with_context","hao","42","3","70.800","23.600","100810752","100810752","unavailable","113090560","57712640","57712640","unavailable","57712640","57712640","74809344"
"yune","track-a-comparison","luna_pinyin","key_sequence_process_with_context","hao","43","3","70.000","23.333","100810752","100810752","unavailable","113090560","57712640","57712640","unavailable","57712640","57712640","74809344"
"yune","track-a-comparison","luna_pinyin","key_sequence_process_with_context","hao","44","3","70.000","23.333","100810752","100810752","unavailable","113090560","57712640","57712640","unavailable","57712640","57712640","74809344"
"yune","track-a-comparison","luna_pinyin","key_sequence_process_with_context","hao","45","3","70.000","23.333","100810752","100810752","unavailable","113090560","57712640","57712640","unavailable","57712640","57712640","74809344"
"yune","track-a-comparison","luna_pinyin","key_sequence_process_with_context","hao","46","3","69.900","23.300","100810752","100810752","unavailable","113090560","57712640","57712640","unavailable","57712640","57712640","74809344"
"yune","track-a-comparison","luna_pinyin","key_sequence_process_with_context","hao","47","3","69.700","23.233","100810752","100810752","unavailable","113090560","57712640","57712640","unavailable","57712640","57712640","74809344"
"yune","track-a-comparison","luna_pinyin","key_sequence_process_with_context","hao","48","3","70.700","23.567","100810752","100810752","unavailable","113090560","57712640","57712640","unavailable","57712640","57712640","74809344"
"yune","track-a-comparison","luna_pinyin","key_sequence_process_with_context","hao","49","3","69.800","23.267","100810752","100810752","unavailable","113090560","57712640","57712640","unavailable","57712640","57712640","74809344"
"yune","track-a-comparison","luna_pinyin","key_sequence_process_with_context","hao","50","3","69.600","23.200","100810752","100810752","unavailable","113090560","57712640","57712640","unavailable","57712640","57712640","74809344"
"yune","track-a-comparison","luna_pinyin","key_sequence_process_with_context","hao","51","3","74.200","24.733","100810752","100810752","unavailable","113090560","57712640","57712640","unavailable","57712640","57712640","74809344"
"yune","track-a-comparison","luna_pinyin","key_sequence_process_with_context","hao","52","3","69.200","23.067","100810752","100810752","unavailable","113090560","57712640","57712640","unavailable","57712640","57712640","74809344"
"yune","track-a-comparison","luna_pinyin","key_sequence_process_with_context","hao","53","3","69.500","23.167","100810752","100810752","unavailable","113090560","57712640","57712640","unavailable","57712640","57712640","74809344"
"yune","track-a-comparison","luna_pinyin","key_sequence_process_with_context","hao","54","3","69.400","23.133","100810752","100810752","unavailable","113090560","57712640","57712640","unavailable","57712640","57712640","74809344"
"yune","track-a-comparison","luna_pinyin","key_sequence_process_with_context","hao","55","3","69.200","23.067","100810752","100810752","unavailable","113090560","57712640","57712640","unavailable","57712640","57712640","74809344"
"yune","track-a-comparison","luna_pinyin","key_sequence_process_with_context","hao","56","3","69.700","23.233","100810752","100810752","unavailable","113090560","57712640","57712640","unavailable","57712640","57712640","74809344"
"yune","track-a-comparison","luna_pinyin","key_sequence_process_with_context","hao","57","3","69.500","23.167","100810752","100810752","unavailable","113090560","57712640","57712640","unavailable","57712640","57712640","74809344"
"yune","track-a-comparison","luna_pinyin","key_sequence_process_with_context","hao","58","3","69.100","23.033","100810752","100810752","unavailable","113090560","57712640","57712640","unavailable","57712640","57712640","74809344"
"yune","track-a-comparison","luna_pinyin","key_sequence_process_with_context","hao","59","3","69.400","23.133","100810752","100810752","unavailable","113090560","57712640","57712640","unavailable","57712640","57712640","74809344"
"yune","track-a-comparison","luna_pinyin","key_sequence_process_with_context","hao","60","3","70.100","23.367","100810752","100810752","unavailable","113090560","57712640","57712640","unavailable","57712640","57712640","74809344"
"yune","track-a-comparison","luna_pinyin","key_sequence_process_with_context","hao","61","3","71.800","23.933","100810752","100810752","unavailable","113090560","57712640","57712640","unavailable","57712640","57712640","74809344"
"yune","track-a-comparison","luna_pinyin","key_sequence_process_with_context","hao","62","3","69.400","23.133","100810752","100810752","unavailable","113090560","57712640","57712640","unavailable","57712640","57712640","74809344"
"yune","track-a-comparison","luna_pinyin","key_sequence_process_with_context","hao","63","3","69.100","23.033","100810752","100810752","unavailable","113090560","57712640","57712640","unavailable","57712640","57712640","74809344"
"yune","track-a-comparison","luna_pinyin","key_sequence_process_with_context","hao","64","3","68.900","22.967","100810752","100810752","unavailable","113090560","57712640","57712640","unavailable","57712640","57712640","74809344"
"yune","track-a-comparison","luna_pinyin","key_sequence_process_with_context","hao","65","3","69.400","23.133","100810752","100810752","unavailable","113090560","57712640","57712640","unavailable","57712640","57712640","74809344"
"yune","track-a-comparison","luna_pinyin","key_sequence_process_with_context","hao","66","3","69.200","23.067","100810752","100810752","unavailable","113090560","57712640","57712640","unavailable","57712640","57712640","74809344"
"yune","track-a-comparison","luna_pinyin","key_sequence_process_with_context","hao","67","3","71.200","23.733","100810752","100810752","unavailable","113090560","57712640","57712640","unavailable","57712640","57712640","74809344"
"yune","track-a-comparison","luna_pinyin","key_sequence_process_with_context","hao","68","3","71.400","23.800","100810752","100810752","unavailable","113090560","57712640","57712640","unavailable","57712640","57712640","74809344"
"yune","track-a-comparison","luna_pinyin","key_sequence_process_with_context","hao","69","3","71.100","23.700","100810752","100810752","unavailable","113090560","57712640","57712640","unavailable","57712640","57712640","74809344"
"yune","track-a-comparison","luna_pinyin","key_sequence_process_with_context","hao","70","3","70.000","23.333","100810752","100810752","unavailable","113090560","57712640","57712640","unavailable","57712640","57712640","74809344"
"yune","track-a-comparison","luna_pinyin","key_sequence_process_with_context","hao","71","3","71.700","23.900","100810752","100810752","unavailable","113090560","57712640","57712640","unavailable","57712640","57712640","74809344"
"yune","track-a-comparison","luna_pinyin","key_sequence_process_with_context","hao","72","3","73.900","24.633","100810752","100806656","unavailable","113090560","57712640","57712640","unavailable","57712640","57712640","74809344"
"yune","track-a-comparison","luna_pinyin","key_sequence_process_with_context","hao","73","3","69.800","23.267","100806656","100806656","unavailable","113090560","57712640","57712640","unavailable","57712640","57712640","74809344"
"yune","track-a-comparison","luna_pinyin","key_sequence_process_with_context","hao","74","3","69.600","23.200","100806656","100806656","unavailable","113090560","57712640","57712640","unavailable","57712640","57712640","74809344"
"yune","track-a-comparison","luna_pinyin","key_sequence_process_with_context","hao","75","3","69.700","23.233","100806656","100806656","unavailable","113090560","57712640","57712640","unavailable","57712640","57712640","74809344"
"yune","track-a-comparison","luna_pinyin","key_sequence_process_with_context","hao","76","3","69.900","23.300","100806656","100806656","unavailable","113090560","57712640","57712640","unavailable","57712640","57712640","74809344"
"yune","track-a-comparison","luna_pinyin","key_sequence_process_with_context","hao","77","3","69.500","23.167","100806656","100806656","unavailable","113090560","57712640","57712640","unavailable","57712640","57712640","74809344"
"yune","track-a-comparison","luna_pinyin","key_sequence_process_with_context","hao","78","3","70.000","23.333","100806656","100806656","unavailable","113090560","57712640","57712640","unavailable","57712640","57712640","74809344"
"yune","track-a-comparison","luna_pinyin","key_sequence_process_with_context","hao","79","3","70.300","23.433","100806656","100806656","unavailable","113090560","57712640","57712640","unavailable","57712640","57712640","74809344"
"yune","track-a-comparison","luna_pinyin","key_sequence_process_with_context","zhongguo","0","8","344.300","43.038","101416960","101416960","unavailable","113090560","58466304","58466304","unavailable","58466304","58466304","74809344"
"yune","track-a-comparison","luna_pinyin","key_sequence_process_with_context","zhongguo","1","8","346.800","43.350","101416960","101416960","unavailable","113090560","58466304","58466304","unavailable","58466304","58466304","74809344"
"yune","track-a-comparison","luna_pinyin","key_sequence_process_with_context","zhongguo","2","8","349.800","43.725","101416960","101416960","unavailable","113090560","58466304","58466304","unavailable","58466304","58466304","74809344"
"yune","track-a-comparison","luna_pinyin","key_sequence_process_with_context","zhongguo","3","8","346.800","43.350","101416960","101416960","unavailable","113090560","58466304","58466304","unavailable","58466304","58466304","74809344"
"yune","track-a-comparison","luna_pinyin","key_sequence_process_with_context","zhongguo","4","8","372.700","46.587","101416960","101416960","unavailable","113090560","58466304","58466304","unavailable","58466304","58466304","74809344"
"yune","track-a-comparison","luna_pinyin","key_sequence_process_with_context","zhongguo","5","8","346.400","43.300","101416960","101416960","unavailable","113090560","58466304","58466304","unavailable","58466304","58466304","74809344"
"yune","track-a-comparison","luna_pinyin","key_sequence_process_with_context","zhongguo","6","8","345.300","43.163","101416960","101457920","unavailable","113090560","58466304","58466304","unavailable","58466304","58466304","74809344"
"yune","track-a-comparison","luna_pinyin","key_sequence_process_with_context","zhongguo","7","8","349.900","43.737","101457920","101462016","unavailable","113090560","58466304","58466304","unavailable","58466304","58466304","74809344"
"yune","track-a-comparison","luna_pinyin","key_sequence_process_with_context","zhongguo","8","8","354.000","44.250","101462016","101462016","unavailable","113090560","58466304","58466304","unavailable","58466304","58466304","74809344"
"yune","track-a-comparison","luna_pinyin","key_sequence_process_with_context","zhongguo","9","8","344.900","43.112","101462016","101462016","unavailable","113090560","58466304","58466304","unavailable","58466304","58466304","74809344"
"yune","track-a-comparison","luna_pinyin","key_sequence_process_with_context","zhongguo","10","8","347.200","43.400","101462016","101462016","unavailable","113090560","58466304","58466304","unavailable","58466304","58466304","74809344"
"yune","track-a-comparison","luna_pinyin","key_sequence_process_with_context","zhongguo","11","8","372.600","46.575","101462016","101462016","unavailable","113090560","58466304","58466304","unavailable","58466304","58466304","74809344"
"yune","track-a-comparison","luna_pinyin","key_sequence_process_with_context","zhongguo","12","8","343.100","42.887","101462016","101462016","unavailable","113090560","58466304","58466304","unavailable","58466304","58466304","74809344"
"yune","track-a-comparison","luna_pinyin","key_sequence_process_with_context","zhongguo","13","8","419.200","52.400","101462016","101462016","unavailable","113090560","58466304","58466304","unavailable","58466304","58466304","74809344"
"yune","track-a-comparison","luna_pinyin","key_sequence_process_with_context","zhongguo","14","8","392.100","49.012","101462016","101462016","unavailable","113090560","58466304","58466304","unavailable","58466304","58466304","74809344"
"yune","track-a-comparison","luna_pinyin","key_sequence_process_with_context","zhongguo","15","8","367.900","45.987","101462016","101462016","unavailable","113090560","58466304","58466304","unavailable","58466304","58466304","74809344"
"yune","track-a-comparison","luna_pinyin","key_sequence_process_with_context","zhongguo","16","8","365.300","45.663","101462016","101462016","unavailable","113090560","58466304","58466304","unavailable","58466304","58466304","74809344"
"yune","track-a-comparison","luna_pinyin","key_sequence_process_with_context","zhongguo","17","8","352.700","44.087","101462016","101462016","unavailable","113090560","58466304","58466304","unavailable","58466304","58466304","74809344"
"yune","track-a-comparison","luna_pinyin","key_sequence_process_with_context","zhongguo","18","8","341.700","42.712","101462016","101462016","unavailable","113090560","58466304","58466304","unavailable","58466304","58466304","74809344"
"yune","track-a-comparison","luna_pinyin","key_sequence_process_with_context","zhongguo","19","8","341.700","42.712","101462016","101462016","unavailable","113090560","58466304","58466304","unavailable","58466304","58466304","74809344"
"yune","track-a-comparison","luna_pinyin","key_sequence_process_with_context","zhongguo","20","8","336.400","42.050","101462016","101462016","unavailable","113090560","58466304","58466304","unavailable","58466304","58466304","74809344"
"yune","track-a-comparison","luna_pinyin","key_sequence_process_with_context","zhongguo","21","8","335.500","41.938","101462016","101462016","unavailable","113090560","58466304","58466304","unavailable","58466304","58466304","74809344"
"yune","track-a-comparison","luna_pinyin","key_sequence_process_with_context","zhongguo","22","8","340.200","42.525","101462016","101462016","unavailable","113090560","58466304","58466304","unavailable","58466304","58466304","74809344"
"yune","track-a-comparison","luna_pinyin","key_sequence_process_with_context","zhongguo","23","8","338.100","42.262","101462016","101462016","unavailable","113090560","58466304","58466304","unavailable","58466304","58466304","74809344"
"yune","track-a-comparison","luna_pinyin","key_sequence_process_with_context","zhongguo","24","8","337.700","42.213","101462016","101462016","unavailable","113090560","58466304","58466304","unavailable","58466304","58466304","74809344"
"yune","track-a-comparison","luna_pinyin","key_sequence_process_with_context","zhongguo","25","8","336.100","42.012","101462016","101462016","unavailable","113090560","58466304","58466304","unavailable","58466304","58466304","74809344"
"yune","track-a-comparison","luna_pinyin","key_sequence_process_with_context","zhongguo","26","8","336.200","42.025","101462016","101462016","unavailable","113090560","58466304","58466304","unavailable","58466304","58466304","74809344"
"yune","track-a-comparison","luna_pinyin","key_sequence_process_with_context","zhongguo","27","8","335.300","41.913","101462016","101462016","unavailable","113090560","58466304","58466304","unavailable","58466304","58466304","74809344"
"yune","track-a-comparison","luna_pinyin","key_sequence_process_with_context","zhongguo","28","8","340.000","42.500","101462016","101462016","unavailable","113090560","58466304","58466304","unavailable","58466304","58466304","74809344"
"yune","track-a-comparison","luna_pinyin","key_sequence_process_with_context","zhongguo","29","8","336.200","42.025","101462016","101462016","unavailable","113090560","58466304","58466304","unavailable","58466304","58466304","74809344"
"yune","track-a-comparison","luna_pinyin","key_sequence_process_with_context","zhongguo","30","8","338.100","42.262","101462016","101462016","unavailable","113090560","58466304","58466304","unavailable","58466304","58466304","74809344"
"yune","track-a-comparison","luna_pinyin","key_sequence_process_with_context","zhongguo","31","8","339.200","42.400","101462016","101462016","unavailable","113090560","58466304","58466304","unavailable","58466304","58466304","74809344"
"yune","track-a-comparison","luna_pinyin","key_sequence_process_with_context","zhongguo","32","8","338.800","42.350","101462016","101462016","unavailable","113090560","58466304","58466304","unavailable","58466304","58466304","74809344"
"yune","track-a-comparison","luna_pinyin","key_sequence_process_with_context","zhongguo","33","8","340.300","42.537","101462016","101462016","unavailable","113090560","58466304","58466304","unavailable","58466304","58466304","74809344"
"yune","track-a-comparison","luna_pinyin","key_sequence_process_with_context","zhongguo","34","8","339.600","42.450","101462016","101462016","unavailable","113090560","58466304","58466304","unavailable","58466304","58466304","74809344"
"yune","track-a-comparison","luna_pinyin","key_sequence_process_with_context","zhongguo","35","8","341.500","42.688","101462016","101462016","unavailable","113090560","58466304","58466304","unavailable","58466304","58466304","74809344"
"yune","track-a-comparison","luna_pinyin","key_sequence_process_with_context","zhongguo","36","8","344.900","43.112","101462016","101462016","unavailable","113090560","58466304","58466304","unavailable","58466304","58466304","74809344"
"yune","track-a-comparison","luna_pinyin","key_sequence_process_with_context","zhongguo","37","8","344.900","43.112","101462016","101462016","unavailable","113090560","58466304","58466304","unavailable","58466304","58466304","74809344"
"yune","track-a-comparison","luna_pinyin","key_sequence_process_with_context","zhongguo","38","8","347.100","43.387","101462016","101462016","unavailable","113090560","58466304","58466304","unavailable","58466304","58466304","74809344"
"yune","track-a-comparison","luna_pinyin","key_sequence_process_with_context","zhongguo","39","8","345.000","43.125","101462016","101462016","unavailable","113090560","58466304","58466304","unavailable","58466304","58466304","74809344"
"yune","track-a-comparison","luna_pinyin","key_sequence_process_with_context","zhongguo","40","8","346.100","43.263","101462016","101462016","unavailable","113090560","58466304","58466304","unavailable","58466304","58466304","74809344"
"yune","track-a-comparison","luna_pinyin","key_sequence_process_with_context","zhongguo","41","8","340.300","42.537","101462016","101462016","unavailable","113090560","58466304","58466304","unavailable","58466304","58466304","74809344"
"yune","track-a-comparison","luna_pinyin","key_sequence_process_with_context","zhongguo","42","8","344.300","43.038","101462016","101462016","unavailable","113090560","58466304","58466304","unavailable","58466304","58466304","74809344"
"yune","track-a-comparison","luna_pinyin","key_sequence_process_with_context","zhongguo","43","8","357.700","44.713","101462016","101462016","unavailable","113090560","58466304","58466304","unavailable","58466304","58466304","74809344"
"yune","track-a-comparison","luna_pinyin","key_sequence_process_with_context","zhongguo","44","8","342.000","42.750","101462016","101462016","unavailable","113090560","58466304","58466304","unavailable","58466304","58466304","74809344"
"yune","track-a-comparison","luna_pinyin","key_sequence_process_with_context","zhongguo","45","8","341.800","42.725","101462016","101462016","unavailable","113090560","58466304","58466304","unavailable","58466304","58466304","74809344"
"yune","track-a-comparison","luna_pinyin","key_sequence_process_with_context","zhongguo","46","8","341.300","42.663","101462016","101462016","unavailable","113090560","58466304","58466304","unavailable","58466304","58466304","74809344"
"yune","track-a-comparison","luna_pinyin","key_sequence_process_with_context","zhongguo","47","8","344.800","43.100","101462016","101462016","unavailable","113090560","58466304","58466304","unavailable","58466304","58466304","74809344"
"yune","track-a-comparison","luna_pinyin","key_sequence_process_with_context","zhongguo","48","8","342.800","42.850","101462016","101462016","unavailable","113090560","58466304","58466304","unavailable","58466304","58466304","74809344"
"yune","track-a-comparison","luna_pinyin","key_sequence_process_with_context","zhongguo","49","8","342.400","42.800","101462016","101462016","unavailable","113090560","58466304","58466304","unavailable","58466304","58466304","74809344"
"yune","track-a-comparison","luna_pinyin","key_sequence_process_with_context","zhongguo","50","8","348.900","43.613","101462016","101457920","unavailable","113090560","58466304","58466304","unavailable","58466304","58466304","74809344"
"yune","track-a-comparison","luna_pinyin","key_sequence_process_with_context","zhongguo","51","8","347.100","43.387","101457920","101453824","unavailable","113090560","58466304","58466304","unavailable","58466304","58466304","74809344"
"yune","track-a-comparison","luna_pinyin","key_sequence_process_with_context","zhongguo","52","8","344.500","43.062","101453824","101449728","unavailable","113090560","58466304","58466304","unavailable","58466304","58466304","74809344"
"yune","track-a-comparison","luna_pinyin","key_sequence_process_with_context","zhongguo","53","8","353.900","44.237","101449728","101449728","unavailable","113090560","58466304","58466304","unavailable","58466304","58466304","74809344"
"yune","track-a-comparison","luna_pinyin","key_sequence_process_with_context","zhongguo","54","8","338.300","42.288","101449728","101449728","unavailable","113090560","58466304","58466304","unavailable","58466304","58466304","74809344"
"yune","track-a-comparison","luna_pinyin","key_sequence_process_with_context","zhongguo","55","8","338.800","42.350","101449728","101449728","unavailable","113090560","58466304","58466304","unavailable","58466304","58466304","74809344"
"yune","track-a-comparison","luna_pinyin","key_sequence_process_with_context","zhongguo","56","8","339.800","42.475","101449728","101449728","unavailable","113090560","58466304","58466304","unavailable","58466304","58466304","74809344"
"yune","track-a-comparison","luna_pinyin","key_sequence_process_with_context","zhongguo","57","8","341.300","42.663","101449728","101449728","unavailable","113090560","58466304","58466304","unavailable","58466304","58466304","74809344"
"yune","track-a-comparison","luna_pinyin","key_sequence_process_with_context","zhongguo","58","8","346.000","43.250","101449728","101449728","unavailable","113090560","58466304","58466304","unavailable","58466304","58466304","74809344"
"yune","track-a-comparison","luna_pinyin","key_sequence_process_with_context","zhongguo","59","8","340.700","42.587","101449728","101449728","unavailable","113090560","58466304","58466304","unavailable","58466304","58466304","74809344"
"yune","track-a-comparison","luna_pinyin","key_sequence_process_with_context","zhongguo","60","8","375.800","46.975","101449728","101449728","unavailable","113090560","58466304","58466304","unavailable","58466304","58466304","74809344"
"yune","track-a-comparison","luna_pinyin","key_sequence_process_with_context","zhongguo","61","8","340.600","42.575","101449728","101449728","unavailable","113090560","58466304","58466304","unavailable","58466304","58466304","74809344"
"yune","track-a-comparison","luna_pinyin","key_sequence_process_with_context","zhongguo","62","8","338.800","42.350","101449728","101449728","unavailable","113090560","58466304","58466304","unavailable","58466304","58466304","74809344"
"yune","track-a-comparison","luna_pinyin","key_sequence_process_with_context","zhongguo","63","8","342.200","42.775","101449728","101449728","unavailable","113090560","58466304","58466304","unavailable","58466304","58466304","74809344"
"yune","track-a-comparison","luna_pinyin","key_sequence_process_with_context","zhongguo","64","8","340.000","42.500","101449728","101449728","unavailable","113090560","58466304","58466304","unavailable","58466304","58466304","74809344"
"yune","track-a-comparison","luna_pinyin","key_sequence_process_with_context","zhongguo","65","8","339.500","42.438","101449728","101449728","unavailable","113090560","58466304","58466304","unavailable","58466304","58466304","74809344"
"yune","track-a-comparison","luna_pinyin","key_sequence_process_with_context","zhongguo","66","8","337.600","42.200","101449728","101449728","unavailable","113090560","58466304","58466304","unavailable","58466304","58466304","74809344"
"yune","track-a-comparison","luna_pinyin","key_sequence_process_with_context","zhongguo","67","8","338.700","42.337","101449728","101449728","unavailable","113090560","58466304","58466304","unavailable","58466304","58466304","74809344"
"yune","track-a-comparison","luna_pinyin","key_sequence_process_with_context","zhongguo","68","8","342.600","42.825","101449728","101449728","unavailable","113090560","58466304","58466304","unavailable","58466304","58466304","74809344"
"yune","track-a-comparison","luna_pinyin","key_sequence_process_with_context","zhongguo","69","8","340.600","42.575","101449728","101543936","unavailable","113090560","58466304","58466304","unavailable","58466304","58466304","74809344"
"yune","track-a-comparison","luna_pinyin","key_sequence_process_with_context","zhongguo","70","8","342.200","42.775","101543936","101543936","unavailable","113090560","58466304","58466304","unavailable","58466304","58466304","74809344"
"yune","track-a-comparison","luna_pinyin","key_sequence_process_with_context","zhongguo","71","8","340.100","42.513","101543936","101543936","unavailable","113090560","58466304","58466304","unavailable","58466304","58466304","74809344"
"yune","track-a-comparison","luna_pinyin","key_sequence_process_with_context","zhongguo","72","8","338.700","42.337","101543936","101543936","unavailable","113090560","58466304","58466304","unavailable","58466304","58466304","74809344"
"yune","track-a-comparison","luna_pinyin","key_sequence_process_with_context","zhongguo","73","8","345.600","43.200","101543936","101543936","unavailable","113090560","58466304","58466304","unavailable","58466304","58466304","74809344"
"yune","track-a-comparison","luna_pinyin","key_sequence_process_with_context","zhongguo","74","8","340.400","42.550","101543936","101543936","unavailable","113090560","58466304","58466304","unavailable","58466304","58466304","74809344"
"yune","track-a-comparison","luna_pinyin","key_sequence_process_with_context","zhongguo","75","8","346.000","43.250","101543936","101543936","unavailable","113090560","58466304","58466304","unavailable","58466304","58466304","74809344"
"yune","track-a-comparison","luna_pinyin","key_sequence_process_with_context","zhongguo","76","8","359.600","44.950","101543936","101613568","unavailable","113090560","58466304","58466304","unavailable","58466304","58466304","74809344"
"yune","track-a-comparison","luna_pinyin","key_sequence_process_with_context","zhongguo","77","8","345.100","43.137","101613568","101613568","unavailable","113090560","58466304","58466304","unavailable","58466304","58466304","74809344"
"yune","track-a-comparison","luna_pinyin","key_sequence_process_with_context","zhongguo","78","8","350.800","43.850","101613568","101613568","unavailable","113090560","58466304","58466304","unavailable","58466304","58466304","74809344"
"yune","track-a-comparison","luna_pinyin","key_sequence_process_with_context","zhongguo","79","8","378.300","47.287","101613568","101613568","unavailable","113090560","58466304","58466304","unavailable","58466304","58466304","74809344"
"yune","track-a-comparison","luna_pinyin","key_sequence_process_with_context","ceshiyixiachangjushuruxingnengzenyang","0","37","57298.700","1548.614","102510592","102510592","unavailable","113090560","59129856","59129856","unavailable","59129856","59129856","74809344"
"yune","track-a-comparison","luna_pinyin","key_sequence_process_with_context","ceshiyixiachangjushuruxingnengzenyang","1","37","57377.300","1550.738","102510592","102510592","unavailable","113090560","59129856","59129856","unavailable","59129856","59129856","74809344"
"yune","track-a-comparison","luna_pinyin","key_sequence_process_with_context","ceshiyixiachangjushuruxingnengzenyang","2","37","57356.900","1550.186","102510592","102510592","unavailable","113090560","59129856","59129856","unavailable","59129856","59129856","74809344"
"yune","track-a-comparison","luna_pinyin","key_sequence_process_with_context","ceshiyixiachangjushuruxingnengzenyang","3","37","57250.800","1547.319","102510592","102510592","unavailable","113090560","59129856","59129856","unavailable","59129856","59129856","74809344"
"yune","track-a-comparison","luna_pinyin","key_sequence_process_with_context","ceshiyixiachangjushuruxingnengzenyang","4","37","57454.200","1552.816","102510592","102510592","unavailable","113090560","59129856","59129856","unavailable","59129856","59129856","74809344"
"yune","track-a-comparison","luna_pinyin","key_sequence_process_with_context","ceshiyixiachangjushuruxingnengzenyang","5","37","57372.900","1550.619","102510592","102510592","unavailable","113090560","59129856","59129856","unavailable","59129856","59129856","74809344"
"yune","track-a-comparison","luna_pinyin","key_sequence_process_with_context","ceshiyixiachangjushuruxingnengzenyang","6","37","57499.100","1554.030","102510592","102510592","unavailable","113090560","59129856","59129856","unavailable","59129856","59129856","74809344"
"yune","track-a-comparison","luna_pinyin","key_sequence_process_with_context","ceshiyixiachangjushuruxingnengzenyang","7","37","57388.000","1551.027","102510592","102510592","unavailable","113090560","59129856","59129856","unavailable","59129856","59129856","74809344"
"yune","track-a-comparison","luna_pinyin","key_sequence_process_with_context","ceshiyixiachangjushuruxingnengzenyang","8","37","57638.800","1557.805","102510592","102510592","unavailable","113090560","59129856","59129856","unavailable","59129856","59129856","74809344"
"yune","track-a-comparison","luna_pinyin","key_sequence_process_with_context","ceshiyixiachangjushuruxingnengzenyang","9","37","57899.300","1564.846","102510592","102510592","unavailable","113090560","59129856","59129856","unavailable","59129856","59129856","74809344"
"yune","track-a-comparison","luna_pinyin","key_sequence_process_with_context","ceshiyixiachangjushuruxingnengzenyang","10","37","57199.700","1545.938","102510592","102510592","unavailable","113090560","59129856","59129856","unavailable","59129856","59129856","74809344"
"yune","track-a-comparison","luna_pinyin","key_sequence_process_with_context","ceshiyixiachangjushuruxingnengzenyang","11","37","57365.500","1550.419","102510592","102510592","unavailable","113090560","59129856","59129856","unavailable","59129856","59129856","74809344"
"yune","track-a-comparison","luna_pinyin","key_sequence_process_with_context","ceshiyixiachangjushuruxingnengzenyang","12","37","58489.100","1580.786","102510592","102510592","unavailable","113090560","59129856","59129856","unavailable","59129856","59129856","74809344"
"yune","track-a-comparison","luna_pinyin","key_sequence_process_with_context","ceshiyixiachangjushuruxingnengzenyang","13","37","57338.500","1549.689","102510592","102510592","unavailable","113090560","59129856","59129856","unavailable","59129856","59129856","74809344"
"yune","track-a-comparison","luna_pinyin","key_sequence_process_with_context","ceshiyixiachangjushuruxingnengzenyang","14","37","57194.900","1545.808","102510592","102510592","unavailable","113090560","59129856","59129856","unavailable","59129856","59129856","74809344"
"yune","track-a-comparison","luna_pinyin","key_sequence_process_with_context","ceshiyixiachangjushuruxingnengzenyang","15","37","57935.900","1565.835","102510592","102510592","unavailable","113090560","59129856","59129856","unavailable","59129856","59129856","74809344"
"yune","track-a-comparison","luna_pinyin","key_sequence_process_with_context","ceshiyixiachangjushuruxingnengzenyang","16","37","57373.700","1550.641","102510592","102510592","unavailable","113090560","59129856","59129856","unavailable","59129856","59129856","74809344"
"yune","track-a-comparison","luna_pinyin","key_sequence_process_with_context","ceshiyixiachangjushuruxingnengzenyang","17","37","57384.600","1550.935","102510592","102510592","unavailable","113090560","59129856","59129856","unavailable","59129856","59129856","74809344"
"yune","track-a-comparison","luna_pinyin","key_sequence_process_with_context","ceshiyixiachangjushuruxingnengzenyang","18","37","57485.400","1553.659","102510592","102510592","unavailable","113090560","59129856","59129856","unavailable","59129856","59129856","74809344"
"yune","track-a-comparison","luna_pinyin","key_sequence_process_with_context","ceshiyixiachangjushuruxingnengzenyang","19","37","57581.100","1556.246","102510592","102510592","unavailable","113090560","59129856","59129856","unavailable","59129856","59129856","74809344"
"yune","track-a-comparison","luna_pinyin","key_sequence_process_with_context","ceshiyixiachangjushuruxingnengzenyang","20","37","57073.100","1542.516","102510592","102510592","unavailable","113090560","59129856","59129856","unavailable","59129856","59129856","74809344"
"yune","track-a-comparison","luna_pinyin","key_sequence_process_with_context","ceshiyixiachangjushuruxingnengzenyang","21","37","57289.000","1548.351","102510592","102510592","unavailable","113090560","59129856","59129856","unavailable","59129856","59129856","74809344"
"yune","track-a-comparison","luna_pinyin","key_sequence_process_with_context","ceshiyixiachangjushuruxingnengzenyang","22","37","57476.900","1553.430","102510592","102506496","unavailable","113090560","59129856","59129856","unavailable","59129856","59129856","74809344"
"yune","track-a-comparison","luna_pinyin","key_sequence_process_with_context","ceshiyixiachangjushuruxingnengzenyang","23","37","58170.700","1572.181","102506496","102506496","unavailable","113090560","59129856","59129856","unavailable","59129856","59129856","74809344"
"yune","track-a-comparison","luna_pinyin","key_sequence_process_with_context","ceshiyixiachangjushuruxingnengzenyang","24","37","61625.800","1665.562","102506496","102506496","unavailable","113090560","59129856","59129856","unavailable","59129856","59129856","74809344"
"yune","track-a-comparison","luna_pinyin","key_sequence_process_with_context","ceshiyixiachangjushuruxingnengzenyang","25","37","58748.800","1587.805","102506496","102506496","unavailable","113090560","59129856","59129856","unavailable","59129856","59129856","74809344"
"yune","track-a-comparison","luna_pinyin","key_sequence_process_with_context","ceshiyixiachangjushuruxingnengzenyang","26","37","58935.200","1592.843","102506496","102506496","unavailable","113090560","59129856","59129856","unavailable","59129856","59129856","74809344"
"yune","track-a-comparison","luna_pinyin","key_sequence_process_with_context","ceshiyixiachangjushuruxingnengzenyang","27","37","58400.100","1578.381","102506496","102506496","unavailable","113090560","59129856","59129856","unavailable","59129856","59129856","74809344"
"yune","track-a-comparison","luna_pinyin","key_sequence_process_with_context","ceshiyixiachangjushuruxingnengzenyang","28","37","57949.200","1566.195","102506496","102506496","unavailable","113090560","59129856","59129856","unavailable","59129856","59129856","74809344"
"yune","track-a-comparison","luna_pinyin","key_sequence_process_with_context","ceshiyixiachangjushuruxingnengzenyang","29","37","58302.000","1575.730","102506496","102506496","unavailable","113090560","59129856","59129856","unavailable","59129856","59129856","74809344"
"yune","track-a-comparison","luna_pinyin","key_sequence_process_with_context","ceshiyixiachangjushuruxingnengzenyang","30","37","58010.800","1567.859","102506496","102506496","unavailable","113090560","59129856","59129856","unavailable","59129856","59129856","74809344"
"yune","track-a-comparison","luna_pinyin","key_sequence_process_with_context","ceshiyixiachangjushuruxingnengzenyang","31","37","57738.500","1560.500","102506496","102506496","unavailable","113090560","59129856","59129856","unavailable","59129856","59129856","74809344"
"yune","track-a-comparison","luna_pinyin","key_sequence_process_with_context","ceshiyixiachangjushuruxingnengzenyang","32","37","57993.000","1567.378","102506496","102506496","unavailable","113090560","59129856","59129856","unavailable","59129856","59129856","74809344"
"yune","track-a-comparison","luna_pinyin","key_sequence_process_with_context","ceshiyixiachangjushuruxingnengzenyang","33","37","57505.600","1554.205","102506496","102506496","unavailable","113090560","59129856","59129856","unavailable","59129856","59129856","74809344"
"yune","track-a-comparison","luna_pinyin","key_sequence_process_with_context","ceshiyixiachangjushuruxingnengzenyang","34","37","57525.600","1554.746","102506496","102506496","unavailable","113090560","59129856","59129856","unavailable","59129856","59129856","74809344"
"yune","track-a-comparison","luna_pinyin","key_sequence_process_with_context","ceshiyixiachangjushuruxingnengzenyang","35","37","57488.200","1553.735","102506496","102506496","unavailable","113090560","59129856","59129856","unavailable","59129856","59129856","74809344"
"yune","track-a-comparison","luna_pinyin","key_sequence_process_with_context","ceshiyixiachangjushuruxingnengzenyang","36","37","57631.200","1557.600","102506496","102506496","unavailable","113090560","59129856","59129856","unavailable","59129856","59129856","74809344"
"yune","track-a-comparison","luna_pinyin","key_sequence_process_with_context","ceshiyixiachangjushuruxingnengzenyang","37","37","57539.500","1555.122","102506496","102510592","unavailable","113090560","59129856","59129856","unavailable","59129856","59129856","74809344"
"yune","track-a-comparison","luna_pinyin","key_sequence_process_with_context","ceshiyixiachangjushuruxingnengzenyang","38","37","57454.600","1552.827","102510592","102514688","unavailable","113090560","59129856","59129856","unavailable","59129856","59129856","74809344"
"yune","track-a-comparison","luna_pinyin","key_sequence_process_with_context","ceshiyixiachangjushuruxingnengzenyang","39","37","57431.600","1552.205","102514688","102514688","unavailable","113090560","59129856","59129856","unavailable","59129856","59129856","74809344"
"yune","track-a-comparison","luna_pinyin","key_sequence_process_with_context","ceshiyixiachangjushuruxingnengzenyang","40","37","57349.400","1549.984","102514688","102514688","unavailable","113090560","59129856","59129856","unavailable","59129856","59129856","74809344"
"yune","track-a-comparison","luna_pinyin","key_sequence_process_with_context","ceshiyixiachangjushuruxingnengzenyang","41","37","57342.300","1549.792","102514688","102514688","unavailable","113090560","59129856","59129856","unavailable","59129856","59129856","74809344"
"yune","track-a-comparison","luna_pinyin","key_sequence_process_with_context","ceshiyixiachangjushuruxingnengzenyang","42","37","57449.700","1552.695","102514688","102514688","unavailable","113090560","59129856","59129856","unavailable","59129856","59129856","74809344"
"yune","track-a-comparison","luna_pinyin","key_sequence_process_with_context","ceshiyixiachangjushuruxingnengzenyang","43","37","57400.400","1551.362","102514688","102514688","unavailable","113090560","59129856","59129856","unavailable","59129856","59129856","74809344"
"yune","track-a-comparison","luna_pinyin","key_sequence_process_with_context","ceshiyixiachangjushuruxingnengzenyang","44","37","57423.000","1551.973","102514688","102510592","unavailable","113090560","59129856","59129856","unavailable","59129856","59129856","74809344"
"yune","track-a-comparison","luna_pinyin","key_sequence_process_with_context","ceshiyixiachangjushuruxingnengzenyang","45","37","57661.300","1558.414","102510592","102510592","unavailable","113090560","59129856","59129856","unavailable","59129856","59129856","74809344"
"yune","track-a-comparison","luna_pinyin","key_sequence_process_with_context","ceshiyixiachangjushuruxingnengzenyang","46","37","57910.300","1565.143","102510592","102510592","unavailable","113090560","59129856","59129856","unavailable","59129856","59129856","74809344"
"yune","track-a-comparison","luna_pinyin","key_sequence_process_with_context","ceshiyixiachangjushuruxingnengzenyang","47","37","57321.200","1549.222","102510592","102510592","unavailable","113090560","59129856","59129856","unavailable","59129856","59129856","74809344"
"yune","track-a-comparison","luna_pinyin","key_sequence_process_with_context","ceshiyixiachangjushuruxingnengzenyang","48","37","57300.800","1548.670","102510592","102510592","unavailable","113090560","59129856","59129856","unavailable","59129856","59129856","74809344"
"yune","track-a-comparison","luna_pinyin","key_sequence_process_with_context","ceshiyixiachangjushuruxingnengzenyang","49","37","57775.100","1561.489","102510592","102510592","unavailable","113090560","59129856","59129856","unavailable","59129856","59129856","74809344"
"yune","track-a-comparison","luna_pinyin","key_sequence_process_with_context","ceshiyixiachangjushuruxingnengzenyang","50","37","57315.200","1549.059","102510592","102510592","unavailable","113090560","59129856","59129856","unavailable","59129856","59129856","74809344"
"yune","track-a-comparison","luna_pinyin","key_sequence_process_with_context","ceshiyixiachangjushuruxingnengzenyang","51","37","57532.000","1554.919","102510592","102510592","unavailable","113090560","59129856","59129856","unavailable","59129856","59129856","74809344"
"yune","track-a-comparison","luna_pinyin","key_sequence_process_with_context","ceshiyixiachangjushuruxingnengzenyang","52","37","57633.000","1557.649","102510592","102510592","unavailable","113090560","59129856","59129856","unavailable","59129856","59129856","74809344"
"yune","track-a-comparison","luna_pinyin","key_sequence_process_with_context","ceshiyixiachangjushuruxingnengzenyang","53","37","58079.800","1569.724","102510592","102510592","unavailable","113090560","59129856","59129856","unavailable","59129856","59129856","74809344"
"yune","track-a-comparison","luna_pinyin","key_sequence_process_with_context","ceshiyixiachangjushuruxingnengzenyang","54","37","57293.500","1548.473","102510592","102510592","unavailable","113090560","59129856","59129856","unavailable","59129856","59129856","74809344"
"yune","track-a-comparison","luna_pinyin","key_sequence_process_with_context","ceshiyixiachangjushuruxingnengzenyang","55","37","57391.300","1551.116","102510592","102506496","unavailable","113090560","59129856","59129856","unavailable","59129856","59129856","74809344"
"yune","track-a-comparison","luna_pinyin","key_sequence_process_with_context","ceshiyixiachangjushuruxingnengzenyang","56","37","57314.200","1549.032","102506496","102518784","unavailable","113090560","59129856","59129856","unavailable","59129856","59129856","74809344"
"yune","track-a-comparison","luna_pinyin","key_sequence_process_with_context","ceshiyixiachangjushuruxingnengzenyang","57","37","57330.700","1549.478","102518784","102514688","unavailable","113090560","59129856","59129856","unavailable","59129856","59129856","74809344"
"yune","track-a-comparison","luna_pinyin","key_sequence_process_with_context","ceshiyixiachangjushuruxingnengzenyang","58","37","57401.400","1551.389","102514688","102588416","unavailable","113090560","59129856","59129856","unavailable","59129856","59129856","74809344"
"yune","track-a-comparison","luna_pinyin","key_sequence_process_with_context","ceshiyixiachangjushuruxingnengzenyang","59","37","57366.800","1550.454","102588416","102588416","unavailable","113090560","59129856","59129856","unavailable","59129856","59129856","74809344"
"yune","track-a-comparison","luna_pinyin","key_sequence_process_with_context","ceshiyixiachangjushuruxingnengzenyang","60","37","57426.000","1552.054","102588416","102588416","unavailable","113090560","59129856","59129856","unavailable","59129856","59129856","74809344"
"yune","track-a-comparison","luna_pinyin","key_sequence_process_with_context","ceshiyixiachangjushuruxingnengzenyang","61","37","57294.000","1548.486","102588416","102588416","unavailable","113090560","59129856","59129856","unavailable","59129856","59129856","74809344"
"yune","track-a-comparison","luna_pinyin","key_sequence_process_with_context","ceshiyixiachangjushuruxingnengzenyang","62","37","56983.600","1540.097","102588416","102588416","unavailable","113090560","59129856","59129856","unavailable","59129856","59129856","74809344"
"yune","track-a-comparison","luna_pinyin","key_sequence_process_with_context","ceshiyixiachangjushuruxingnengzenyang","63","37","57558.600","1555.638","102588416","102588416","unavailable","113090560","59129856","59129856","unavailable","59129856","59129856","74809344"
"yune","track-a-comparison","luna_pinyin","key_sequence_process_with_context","ceshiyixiachangjushuruxingnengzenyang","64","37","57767.400","1561.281","102588416","102588416","unavailable","113090560","59129856","59129856","unavailable","59129856","59129856","74809344"
"yune","track-a-comparison","luna_pinyin","key_sequence_process_with_context","ceshiyixiachangjushuruxingnengzenyang","65","37","57094.400","1543.092","102588416","102588416","unavailable","113090560","59129856","59129856","unavailable","59129856","59129856","74809344"
"yune","track-a-comparison","luna_pinyin","key_sequence_process_with_context","ceshiyixiachangjushuruxingnengzenyang","66","37","57094.000","1543.081","102588416","102588416","unavailable","113090560","59129856","59129856","unavailable","59129856","59129856","74809344"
"yune","track-a-comparison","luna_pinyin","key_sequence_process_with_context","ceshiyixiachangjushuruxingnengzenyang","67","37","57529.200","1554.843","102588416","102588416","unavailable","113090560","59129856","59129856","unavailable","59129856","59129856","74809344"
"yune","track-a-comparison","luna_pinyin","key_sequence_process_with_context","ceshiyixiachangjushuruxingnengzenyang","68","37","57180.600","1545.422","102588416","102588416","unavailable","113090560","59129856","59129856","unavailable","59129856","59129856","74809344"
"yune","track-a-comparison","luna_pinyin","key_sequence_process_with_context","ceshiyixiachangjushuruxingnengzenyang","69","37","57230.800","1546.778","102588416","102588416","unavailable","113090560","59129856","59129856","unavailable","59129856","59129856","74809344"
"yune","track-a-comparison","luna_pinyin","key_sequence_process_with_context","ceshiyixiachangjushuruxingnengzenyang","70","37","57362.100","1550.327","102588416","102952960","unavailable","113090560","59129856","59543552","unavailable","59543552","59543552","74809344"
"yune","track-a-comparison","luna_pinyin","key_sequence_process_with_context","ceshiyixiachangjushuruxingnengzenyang","71","37","57302.400","1548.714","102952960","102952960","unavailable","113090560","59543552","59543552","unavailable","59543552","59543552","74809344"
"yune","track-a-comparison","luna_pinyin","key_sequence_process_with_context","ceshiyixiachangjushuruxingnengzenyang","72","37","57429.500","1552.149","102952960","102952960","unavailable","113090560","59543552","59543552","unavailable","59543552","59543552","74809344"
"yune","track-a-comparison","luna_pinyin","key_sequence_process_with_context","ceshiyixiachangjushuruxingnengzenyang","73","37","57420.700","1551.911","102952960","102965248","unavailable","113090560","59543552","59543552","unavailable","59543552","59543552","74809344"
"yune","track-a-comparison","luna_pinyin","key_sequence_process_with_context","ceshiyixiachangjushuruxingnengzenyang","74","37","57455.300","1552.846","102965248","102965248","unavailable","113090560","59543552","59543552","unavailable","59543552","59543552","74809344"
"yune","track-a-comparison","luna_pinyin","key_sequence_process_with_context","ceshiyixiachangjushuruxingnengzenyang","75","37","57949.500","1566.203","102965248","102965248","unavailable","113090560","59543552","59543552","unavailable","59543552","59543552","74809344"
"yune","track-a-comparison","luna_pinyin","key_sequence_process_with_context","ceshiyixiachangjushuruxingnengzenyang","76","37","57874.700","1564.181","102965248","102961152","unavailable","113090560","59543552","59543552","unavailable","59543552","59543552","74809344"
"yune","track-a-comparison","luna_pinyin","key_sequence_process_with_context","ceshiyixiachangjushuruxingnengzenyang","77","37","58464.700","1580.127","102961152","102981632","unavailable","113090560","59543552","59543552","unavailable","59543552","59543552","74809344"
"yune","track-a-comparison","luna_pinyin","key_sequence_process_with_context","ceshiyixiachangjushuruxingnengzenyang","78","37","57569.500","1555.932","102981632","102981632","unavailable","113090560","59543552","59543552","unavailable","59543552","59543552","74809344"
"yune","track-a-comparison","luna_pinyin","key_sequence_process_with_context","ceshiyixiachangjushuruxingnengzenyang","79","37","57608.100","1556.976","102981632","102998016","unavailable","113090560","59543552","59547648","unavailable","59547648","59547648","74809344"
"yune","track-a-comparison","luna_pinyin","key_sequence_process_with_context","zhegeyinqingqishiyinggaizhichichaochangjuzishurucainengyong","0","59","142978.500","2423.364","104255488","104464384","unavailable","113090560","61124608","61124608","unavailable","61124608","61124608","74809344"
"yune","track-a-comparison","luna_pinyin","key_sequence_process_with_context","zhegeyinqingqishiyinggaizhichichaochangjuzishurucainengyong","1","59","143975.600","2440.264","104464384","104468480","unavailable","113090560","61124608","61124608","unavailable","61124608","61124608","74809344"
"yune","track-a-comparison","luna_pinyin","key_sequence_process_with_context","zhegeyinqingqishiyinggaizhichichaochangjuzishurucainengyong","2","59","144458.100","2448.442","104468480","104468480","unavailable","113090560","61124608","61124608","unavailable","61124608","61124608","74809344"
"yune","track-a-comparison","luna_pinyin","key_sequence_process_with_context","zhegeyinqingqishiyinggaizhichichaochangjuzishurucainengyong","3","59","144767.900","2453.693","104468480","104468480","unavailable","113090560","61124608","61124608","unavailable","61124608","61124608","74809344"
"yune","track-a-comparison","luna_pinyin","key_sequence_process_with_context","zhegeyinqingqishiyinggaizhichichaochangjuzishurucainengyong","4","59","142842.700","2421.063","104468480","104468480","unavailable","113090560","61124608","61124608","unavailable","61124608","61124608","74809344"
"yune","track-a-comparison","luna_pinyin","key_sequence_process_with_context","zhegeyinqingqishiyinggaizhichichaochangjuzishurucainengyong","5","59","143266.300","2428.242","104468480","104468480","unavailable","113090560","61124608","61124608","unavailable","61124608","61124608","74809344"
"yune","track-a-comparison","luna_pinyin","key_sequence_process_with_context","zhegeyinqingqishiyinggaizhichichaochangjuzishurucainengyong","6","59","143126.800","2425.878","104468480","104468480","unavailable","113090560","61124608","61124608","unavailable","61124608","61124608","74809344"
"yune","track-a-comparison","luna_pinyin","key_sequence_process_with_context","zhegeyinqingqishiyinggaizhichichaochangjuzishurucainengyong","7","59","143142.500","2426.144","104468480","104468480","unavailable","113090560","61124608","61124608","unavailable","61124608","61124608","74809344"
"yune","track-a-comparison","luna_pinyin","key_sequence_process_with_context","zhegeyinqingqishiyinggaizhichichaochangjuzishurucainengyong","8","59","143406.000","2430.610","104468480","104468480","unavailable","113090560","61124608","61124608","unavailable","61124608","61124608","74809344"
"yune","track-a-comparison","luna_pinyin","key_sequence_process_with_context","zhegeyinqingqishiyinggaizhichichaochangjuzishurucainengyong","9","59","143603.400","2433.956","104468480","104468480","unavailable","113090560","61124608","61124608","unavailable","61124608","61124608","74809344"
"yune","track-a-comparison","luna_pinyin","key_sequence_process_with_context","zhegeyinqingqishiyinggaizhichichaochangjuzishurucainengyong","10","59","143990.900","2440.524","104468480","104468480","unavailable","113090560","61124608","61124608","unavailable","61124608","61124608","74809344"
"yune","track-a-comparison","luna_pinyin","key_sequence_process_with_context","zhegeyinqingqishiyinggaizhichichaochangjuzishurucainengyong","11","59","143735.700","2436.198","104468480","104468480","unavailable","113090560","61124608","61124608","unavailable","61124608","61124608","74809344"
"yune","track-a-comparison","luna_pinyin","key_sequence_process_with_context","zhegeyinqingqishiyinggaizhichichaochangjuzishurucainengyong","12","59","142982.200","2423.427","104468480","104468480","unavailable","113090560","61124608","61124608","unavailable","61124608","61124608","74809344"
"yune","track-a-comparison","luna_pinyin","key_sequence_process_with_context","zhegeyinqingqishiyinggaizhichichaochangjuzishurucainengyong","13","59","143917.300","2439.276","104468480","104464384","unavailable","113090560","61124608","61124608","unavailable","61124608","61124608","74809344"
"yune","track-a-comparison","luna_pinyin","key_sequence_process_with_context","zhegeyinqingqishiyinggaizhichichaochangjuzishurucainengyong","14","59","143993.800","2440.573","104464384","104468480","unavailable","113090560","61124608","61124608","unavailable","61124608","61124608","74809344"
"yune","track-a-comparison","luna_pinyin","key_sequence_process_with_context","zhegeyinqingqishiyinggaizhichichaochangjuzishurucainengyong","15","59","142886.400","2421.803","104468480","104599552","unavailable","113090560","61124608","61124608","unavailable","61124608","61124608","74809344"
"yune","track-a-comparison","luna_pinyin","key_sequence_process_with_context","zhegeyinqingqishiyinggaizhichichaochangjuzishurucainengyong","16","59","144760.800","2453.573","104599552","104599552","unavailable","113090560","61124608","61124608","unavailable","61124608","61124608","74809344"
"yune","track-a-comparison","luna_pinyin","key_sequence_process_with_context","zhegeyinqingqishiyinggaizhichichaochangjuzishurucainengyong","17","59","143274.200","2428.376","104599552","104599552","unavailable","113090560","61124608","61124608","unavailable","61124608","61124608","74809344"
"yune","track-a-comparison","luna_pinyin","key_sequence_process_with_context","zhegeyinqingqishiyinggaizhichichaochangjuzishurucainengyong","18","59","143668.000","2435.051","104599552","104599552","unavailable","113090560","61124608","61124608","unavailable","61124608","61124608","74809344"
"yune","track-a-comparison","luna_pinyin","key_sequence_process_with_context","zhegeyinqingqishiyinggaizhichichaochangjuzishurucainengyong","19","59","150275.600","2547.044","104599552","104595456","unavailable","113090560","61124608","61124608","unavailable","61124608","61124608","74809344"
"yune","track-a-comparison","luna_pinyin","key_sequence_process_with_context","zhegeyinqingqishiyinggaizhichichaochangjuzishurucainengyong","20","59","144044.200","2441.427","104595456","104591360","unavailable","113090560","61124608","61124608","unavailable","61124608","61124608","74809344"
"yune","track-a-comparison","luna_pinyin","key_sequence_process_with_context","zhegeyinqingqishiyinggaizhichichaochangjuzishurucainengyong","21","59","143718.500","2435.907","104591360","104591360","unavailable","113090560","61124608","61124608","unavailable","61124608","61124608","74809344"
"yune","track-a-comparison","luna_pinyin","key_sequence_process_with_context","zhegeyinqingqishiyinggaizhichichaochangjuzishurucainengyong","22","59","143855.900","2438.236","104591360","104591360","unavailable","113090560","61124608","61124608","unavailable","61124608","61124608","74809344"
"yune","track-a-comparison","luna_pinyin","key_sequence_process_with_context","zhegeyinqingqishiyinggaizhichichaochangjuzishurucainengyong","23","59","143848.400","2438.108","104591360","104591360","unavailable","113090560","61124608","61124608","unavailable","61124608","61124608","74809344"
"yune","track-a-comparison","luna_pinyin","key_sequence_process_with_context","zhegeyinqingqishiyinggaizhichichaochangjuzishurucainengyong","24","59","143317.900","2429.117","104591360","104591360","unavailable","113090560","61124608","61124608","unavailable","61124608","61124608","74809344"
"yune","track-a-comparison","luna_pinyin","key_sequence_process_with_context","zhegeyinqingqishiyinggaizhichichaochangjuzishurucainengyong","25","59","142846.900","2421.134","104591360","104591360","unavailable","113090560","61124608","61124608","unavailable","61124608","61124608","74809344"
"yune","track-a-comparison","luna_pinyin","key_sequence_process_with_context","zhegeyinqingqishiyinggaizhichichaochangjuzishurucainengyong","26","59","143268.500","2428.280","104591360","104591360","unavailable","113090560","61124608","61124608","unavailable","61124608","61124608","74809344"
"yune","track-a-comparison","luna_pinyin","key_sequence_process_with_context","zhegeyinqingqishiyinggaizhichichaochangjuzishurucainengyong","27","59","143894.100","2438.883","104591360","104591360","unavailable","113090560","61124608","61124608","unavailable","61124608","61124608","74809344"
"yune","track-a-comparison","luna_pinyin","key_sequence_process_with_context","zhegeyinqingqishiyinggaizhichichaochangjuzishurucainengyong","28","59","144279.800","2445.420","104591360","104591360","unavailable","113090560","61124608","61124608","unavailable","61124608","61124608","74809344"
"yune","track-a-comparison","luna_pinyin","key_sequence_process_with_context","zhegeyinqingqishiyinggaizhichichaochangjuzishurucainengyong","29","59","143170.900","2426.625","104591360","104587264","unavailable","113090560","61124608","61124608","unavailable","61124608","61124608","74809344"
"yune","track-a-comparison","luna_pinyin","key_sequence_process_with_context","zhegeyinqingqishiyinggaizhichichaochangjuzishurucainengyong","30","59","144046.200","2441.461","104587264","104583168","unavailable","113090560","61124608","61124608","unavailable","61124608","61124608","74809344"
"yune","track-a-comparison","luna_pinyin","key_sequence_process_with_context","zhegeyinqingqishiyinggaizhichichaochangjuzishurucainengyong","31","59","144555.600","2450.095","104583168","104587264","unavailable","113090560","61124608","61124608","unavailable","61124608","61124608","74809344"
"yune","track-a-comparison","luna_pinyin","key_sequence_process_with_context","zhegeyinqingqishiyinggaizhichichaochangjuzishurucainengyong","32","59","142354.600","2412.790","104587264","104587264","unavailable","113090560","61124608","61124608","unavailable","61124608","61124608","74809344"
"yune","track-a-comparison","luna_pinyin","key_sequence_process_with_context","zhegeyinqingqishiyinggaizhichichaochangjuzishurucainengyong","33","59","142805.600","2420.434","104587264","104587264","unavailable","113090560","61124608","61124608","unavailable","61124608","61124608","74809344"
"yune","track-a-comparison","luna_pinyin","key_sequence_process_with_context","zhegeyinqingqishiyinggaizhichichaochangjuzishurucainengyong","34","59","142799.500","2420.331","104587264","104587264","unavailable","113090560","61124608","61124608","unavailable","61124608","61124608","74809344"
"yune","track-a-comparison","luna_pinyin","key_sequence_process_with_context","zhegeyinqingqishiyinggaizhichichaochangjuzishurucainengyong","35","59","143014.700","2423.978","104587264","104587264","unavailable","113090560","61124608","61124608","unavailable","61124608","61124608","74809344"
"yune","track-a-comparison","luna_pinyin","key_sequence_process_with_context","zhegeyinqingqishiyinggaizhichichaochangjuzishurucainengyong","36","59","143751.900","2436.473","104587264","104574976","unavailable","113090560","61124608","61124608","unavailable","61124608","61124608","74809344"
"yune","track-a-comparison","luna_pinyin","key_sequence_process_with_context","zhegeyinqingqishiyinggaizhichichaochangjuzishurucainengyong","37","59","144285.700","2445.520","104574976","104570880","unavailable","113090560","61124608","61124608","unavailable","61124608","61124608","74809344"
"yune","track-a-comparison","luna_pinyin","key_sequence_process_with_context","zhegeyinqingqishiyinggaizhichichaochangjuzishurucainengyong","38","59","143186.700","2426.893","104570880","104579072","unavailable","113090560","61124608","61124608","unavailable","61124608","61124608","74809344"
"yune","track-a-comparison","luna_pinyin","key_sequence_process_with_context","zhegeyinqingqishiyinggaizhichichaochangjuzishurucainengyong","39","59","142259.900","2411.185","104579072","104587264","unavailable","113090560","61124608","61124608","unavailable","61124608","61124608","74809344"
"yune","track-a-comparison","luna_pinyin","key_sequence_process_with_context","zhegeyinqingqishiyinggaizhichichaochangjuzishurucainengyong","40","59","142175.200","2409.749","104587264","104587264","unavailable","113090560","61124608","61124608","unavailable","61124608","61124608","74809344"
"yune","track-a-comparison","luna_pinyin","key_sequence_process_with_context","zhegeyinqingqishiyinggaizhichichaochangjuzishurucainengyong","41","59","142332.000","2412.407","104587264","104583168","unavailable","113090560","61124608","61124608","unavailable","61124608","61124608","74809344"
"yune","track-a-comparison","luna_pinyin","key_sequence_process_with_context","zhegeyinqingqishiyinggaizhichichaochangjuzishurucainengyong","42","59","142396.100","2413.493","104583168","104583168","unavailable","113090560","61124608","61124608","unavailable","61124608","61124608","74809344"
"yune","track-a-comparison","luna_pinyin","key_sequence_process_with_context","zhegeyinqingqishiyinggaizhichichaochangjuzishurucainengyong","43","59","142504.500","2415.331","104583168","104583168","unavailable","113090560","61124608","61124608","unavailable","61124608","61124608","74809344"
"yune","track-a-comparison","luna_pinyin","key_sequence_process_with_context","zhegeyinqingqishiyinggaizhichichaochangjuzishurucainengyong","44","59","144305.700","2445.859","104808448","104808448","unavailable","113090560","61595648","61595648","unavailable","61595648","61595648","74809344"
"yune","track-a-comparison","luna_pinyin","key_sequence_process_with_context","zhegeyinqingqishiyinggaizhichichaochangjuzishurucainengyong","45","59","144927.000","2456.390","104808448","104808448","unavailable","113090560","61595648","61595648","unavailable","61595648","61595648","74809344"
"yune","track-a-comparison","luna_pinyin","key_sequence_process_with_context","zhegeyinqingqishiyinggaizhichichaochangjuzishurucainengyong","46","59","143221.500","2427.483","104808448","104808448","unavailable","113090560","61595648","61595648","unavailable","61595648","61595648","74809344"
"yune","track-a-comparison","luna_pinyin","key_sequence_process_with_context","zhegeyinqingqishiyinggaizhichichaochangjuzishurucainengyong","47","59","143951.100","2439.849","104808448","104869888","unavailable","113090560","61595648","61595648","unavailable","61595648","61595648","74809344"
"yune","track-a-comparison","luna_pinyin","key_sequence_process_with_context","zhegeyinqingqishiyinggaizhichichaochangjuzishurucainengyong","48","59","143256.600","2428.078","104869888","104873984","unavailable","113090560","61595648","61595648","unavailable","61595648","61595648","74809344"
"yune","track-a-comparison","luna_pinyin","key_sequence_process_with_context","zhegeyinqingqishiyinggaizhichichaochangjuzishurucainengyong","49","59","143162.900","2426.490","104873984","104873984","unavailable","113090560","61595648","61595648","unavailable","61595648","61595648","74809344"
"yune","track-a-comparison","luna_pinyin","key_sequence_process_with_context","zhegeyinqingqishiyinggaizhichichaochangjuzishurucainengyong","50","59","143736.900","2436.219","104873984","104886272","unavailable","113090560","61595648","61595648","unavailable","61595648","61595648","74809344"
"yune","track-a-comparison","luna_pinyin","key_sequence_process_with_context","zhegeyinqingqishiyinggaizhichichaochangjuzishurucainengyong","51","59","144875.800","2455.522","104886272","104882176","unavailable","113090560","61595648","61595648","unavailable","61595648","61595648","74809344"
"yune","track-a-comparison","luna_pinyin","key_sequence_process_with_context","zhegeyinqingqishiyinggaizhichichaochangjuzishurucainengyong","52","59","146424.500","2481.771","104882176","104878080","unavailable","113090560","61595648","61595648","unavailable","61595648","61595648","74809344"
"yune","track-a-comparison","luna_pinyin","key_sequence_process_with_context","zhegeyinqingqishiyinggaizhichichaochangjuzishurucainengyong","53","59","144118.600","2442.688","104878080","104878080","unavailable","113090560","61595648","61595648","unavailable","61595648","61595648","74809344"
"yune","track-a-comparison","luna_pinyin","key_sequence_process_with_context","zhegeyinqingqishiyinggaizhichichaochangjuzishurucainengyong","54","59","143312.200","2429.020","104878080","104882176","unavailable","113090560","61595648","61595648","unavailable","61595648","61595648","74809344"
"yune","track-a-comparison","luna_pinyin","key_sequence_process_with_context","zhegeyinqingqishiyinggaizhichichaochangjuzishurucainengyong","55","59","145052.800","2458.522","104882176","104878080","unavailable","113090560","61595648","61595648","unavailable","61595648","61595648","74809344"
"yune","track-a-comparison","luna_pinyin","key_sequence_process_with_context","zhegeyinqingqishiyinggaizhichichaochangjuzishurucainengyong","56","59","143595.300","2433.819","104878080","104878080","unavailable","113090560","61595648","61595648","unavailable","61595648","61595648","74809344"
"yune","track-a-comparison","luna_pinyin","key_sequence_process_with_context","zhegeyinqingqishiyinggaizhichichaochangjuzishurucainengyong","57","59","143484.200","2431.936","104878080","104878080","unavailable","113090560","61595648","61595648","unavailable","61595648","61595648","74809344"
"yune","track-a-comparison","luna_pinyin","key_sequence_process_with_context","zhegeyinqingqishiyinggaizhichichaochangjuzishurucainengyong","58","59","143777.900","2436.914","104878080","104878080","unavailable","113090560","61595648","61595648","unavailable","61595648","61595648","74809344"
"yune","track-a-comparison","luna_pinyin","key_sequence_process_with_context","zhegeyinqingqishiyinggaizhichichaochangjuzishurucainengyong","59","59","143854.400","2438.210","104878080","104873984","unavailable","113090560","61595648","61595648","unavailable","61595648","61595648","74809344"
"yune","track-a-comparison","luna_pinyin","key_sequence_process_with_context","zhegeyinqingqishiyinggaizhichichaochangjuzishurucainengyong","60","59","143303.800","2428.878","104873984","104878080","unavailable","113090560","61595648","61595648","unavailable","61595648","61595648","74809344"
"yune","track-a-comparison","luna_pinyin","key_sequence_process_with_context","zhegeyinqingqishiyinggaizhichichaochangjuzishurucainengyong","61","59","142183.300","2409.886","104878080","104869888","unavailable","113090560","61595648","61595648","unavailable","61595648","61595648","74809344"
"yune","track-a-comparison","luna_pinyin","key_sequence_process_with_context","zhegeyinqingqishiyinggaizhichichaochangjuzishurucainengyong","62","59","142158.500","2409.466","104869888","104861696","unavailable","113090560","61595648","61595648","unavailable","61595648","61595648","74809344"
"yune","track-a-comparison","luna_pinyin","key_sequence_process_with_context","zhegeyinqingqishiyinggaizhichichaochangjuzishurucainengyong","63","59","142759.500","2419.653","104861696","104865792","unavailable","113090560","61595648","61595648","unavailable","61595648","61595648","74809344"
"yune","track-a-comparison","luna_pinyin","key_sequence_process_with_context","zhegeyinqingqishiyinggaizhichichaochangjuzishurucainengyong","64","59","142363.000","2412.932","104865792","104873984","unavailable","113090560","61595648","61595648","unavailable","61595648","61595648","74809344"
"yune","track-a-comparison","luna_pinyin","key_sequence_process_with_context","zhegeyinqingqishiyinggaizhichichaochangjuzishurucainengyong","65","59","143557.500","2433.178","104873984","104878080","unavailable","113090560","61595648","61595648","unavailable","61595648","61595648","74809344"
"yune","track-a-comparison","luna_pinyin","key_sequence_process_with_context","zhegeyinqingqishiyinggaizhichichaochangjuzishurucainengyong","66","59","143818.900","2437.608","104878080","104882176","unavailable","113090560","61595648","61595648","unavailable","61595648","61595648","74809344"
"yune","track-a-comparison","luna_pinyin","key_sequence_process_with_context","zhegeyinqingqishiyinggaizhichichaochangjuzishurucainengyong","67","59","143549.200","2433.037","104882176","104878080","unavailable","113090560","61595648","61595648","unavailable","61595648","61595648","74809344"
"yune","track-a-comparison","luna_pinyin","key_sequence_process_with_context","zhegeyinqingqishiyinggaizhichichaochangjuzishurucainengyong","68","59","143714.500","2435.839","104878080","104873984","unavailable","113090560","61595648","61595648","unavailable","61595648","61595648","74809344"
"yune","track-a-comparison","luna_pinyin","key_sequence_process_with_context","zhegeyinqingqishiyinggaizhichichaochangjuzishurucainengyong","69","59","143612.500","2434.110","104873984","104873984","unavailable","113090560","61595648","61595648","unavailable","61595648","61595648","74809344"
"yune","track-a-comparison","luna_pinyin","key_sequence_process_with_context","zhegeyinqingqishiyinggaizhichichaochangjuzishurucainengyong","70","59","143110.400","2425.600","104873984","104873984","unavailable","113090560","61595648","61595648","unavailable","61595648","61595648","74809344"
"yune","track-a-comparison","luna_pinyin","key_sequence_process_with_context","zhegeyinqingqishiyinggaizhichichaochangjuzishurucainengyong","71","59","143099.600","2425.417","104873984","104878080","unavailable","113090560","61595648","61595648","unavailable","61595648","61595648","74809344"
"yune","track-a-comparison","luna_pinyin","key_sequence_process_with_context","zhegeyinqingqishiyinggaizhichichaochangjuzishurucainengyong","72","59","143586.300","2433.666","104878080","104878080","unavailable","113090560","61595648","61595648","unavailable","61595648","61595648","74809344"
"yune","track-a-comparison","luna_pinyin","key_sequence_process_with_context","zhegeyinqingqishiyinggaizhichichaochangjuzishurucainengyong","73","59","143514.400","2432.447","104878080","104873984","unavailable","113090560","61595648","61595648","unavailable","61595648","61595648","74809344"
"yune","track-a-comparison","luna_pinyin","key_sequence_process_with_context","zhegeyinqingqishiyinggaizhichichaochangjuzishurucainengyong","74","59","142451.600","2414.434","104873984","104878080","unavailable","113090560","61595648","61595648","unavailable","61595648","61595648","74809344"
"yune","track-a-comparison","luna_pinyin","key_sequence_process_with_context","zhegeyinqingqishiyinggaizhichichaochangjuzishurucainengyong","75","59","142495.300","2415.175","104878080","104869888","unavailable","113090560","61595648","61595648","unavailable","61595648","61595648","74809344"
"yune","track-a-comparison","luna_pinyin","key_sequence_process_with_context","zhegeyinqingqishiyinggaizhichichaochangjuzishurucainengyong","76","59","143130.900","2425.947","104869888","104869888","unavailable","113090560","61595648","61595648","unavailable","61595648","61595648","74809344"
"yune","track-a-comparison","luna_pinyin","key_sequence_process_with_context","zhegeyinqingqishiyinggaizhichichaochangjuzishurucainengyong","77","59","143846.300","2438.073","104869888","105119744","unavailable","113090560","61595648","61865984","unavailable","61865984","61865984","74809344"
"yune","track-a-comparison","luna_pinyin","key_sequence_process_with_context","zhegeyinqingqishiyinggaizhichichaochangjuzishurucainengyong","78","59","142514.700","2415.503","105119744","105140224","unavailable","113090560","61865984","61865984","unavailable","61865984","61865984","74809344"
"yune","track-a-comparison","luna_pinyin","key_sequence_process_with_context","zhegeyinqingqishiyinggaizhichichaochangjuzishurucainengyong","79","59","144354.800","2446.692","105140224","105140224","unavailable","113090560","61865984","61865984","unavailable","61865984","61865984","74809344"
"yune","track-a-comparison","luna_pinyin","key_sequence_process_with_context","cszysmsrsd","0","10","5129.700","512.970","105287680","105287680","unavailable","113090560","62803968","62803968","unavailable","62803968","62803968","74809344"
"yune","track-a-comparison","luna_pinyin","key_sequence_process_with_context","cszysmsrsd","1","10","5168.200","516.820","105287680","105287680","unavailable","113090560","62803968","62803968","unavailable","62803968","62803968","74809344"
"yune","track-a-comparison","luna_pinyin","key_sequence_process_with_context","cszysmsrsd","2","10","5164.200","516.420","105287680","105287680","unavailable","113090560","62803968","62803968","unavailable","62803968","62803968","74809344"
"yune","track-a-comparison","luna_pinyin","key_sequence_process_with_context","cszysmsrsd","3","10","5165.500","516.550","105287680","105287680","unavailable","113090560","62803968","62803968","unavailable","62803968","62803968","74809344"
"yune","track-a-comparison","luna_pinyin","key_sequence_process_with_context","cszysmsrsd","4","10","5159.100","515.910","105287680","105287680","unavailable","113090560","62803968","62803968","unavailable","62803968","62803968","74809344"
"yune","track-a-comparison","luna_pinyin","key_sequence_process_with_context","cszysmsrsd","5","10","5179.500","517.950","105287680","105287680","unavailable","113090560","62803968","62803968","unavailable","62803968","62803968","74809344"
"yune","track-a-comparison","luna_pinyin","key_sequence_process_with_context","cszysmsrsd","6","10","5173.100","517.310","105287680","105287680","unavailable","113090560","62803968","62803968","unavailable","62803968","62803968","74809344"
"yune","track-a-comparison","luna_pinyin","key_sequence_process_with_context","cszysmsrsd","7","10","5173.400","517.340","105287680","105287680","unavailable","113090560","62803968","62803968","unavailable","62803968","62803968","74809344"
"yune","track-a-comparison","luna_pinyin","key_sequence_process_with_context","cszysmsrsd","8","10","5179.500","517.950","105287680","105287680","unavailable","113090560","62803968","62803968","unavailable","62803968","62803968","74809344"
"yune","track-a-comparison","luna_pinyin","key_sequence_process_with_context","cszysmsrsd","9","10","7128.900","712.890","105287680","105287680","unavailable","113090560","62803968","62803968","unavailable","62803968","62803968","74809344"
"yune","track-a-comparison","luna_pinyin","key_sequence_process_with_context","cszysmsrsd","10","10","5185.600","518.560","105287680","105287680","unavailable","113090560","62803968","62803968","unavailable","62803968","62803968","74809344"
"yune","track-a-comparison","luna_pinyin","key_sequence_process_with_context","cszysmsrsd","11","10","5202.500","520.250","105287680","105287680","unavailable","113090560","62803968","62803968","unavailable","62803968","62803968","74809344"
"yune","track-a-comparison","luna_pinyin","key_sequence_process_with_context","cszysmsrsd","12","10","5282.000","528.200","105287680","105287680","unavailable","113090560","62803968","62803968","unavailable","62803968","62803968","74809344"
"yune","track-a-comparison","luna_pinyin","key_sequence_process_with_context","cszysmsrsd","13","10","5218.500","521.850","105287680","105287680","unavailable","113090560","62803968","62803968","unavailable","62803968","62803968","74809344"
"yune","track-a-comparison","luna_pinyin","key_sequence_process_with_context","cszysmsrsd","14","10","5214.900","521.490","105287680","105287680","unavailable","113090560","62803968","62803968","unavailable","62803968","62803968","74809344"
"yune","track-a-comparison","luna_pinyin","key_sequence_process_with_context","cszysmsrsd","15","10","5224.300","522.430","105287680","105287680","unavailable","113090560","62803968","62803968","unavailable","62803968","62803968","74809344"
"yune","track-a-comparison","luna_pinyin","key_sequence_process_with_context","cszysmsrsd","16","10","5260.600","526.060","105287680","105287680","unavailable","113090560","62803968","62803968","unavailable","62803968","62803968","74809344"
"yune","track-a-comparison","luna_pinyin","key_sequence_process_with_context","cszysmsrsd","17","10","6094.100","609.410","105287680","105324544","unavailable","113090560","62803968","62803968","unavailable","62803968","62803968","74809344"
"yune","track-a-comparison","luna_pinyin","key_sequence_process_with_context","cszysmsrsd","18","10","5414.700","541.470","105324544","105324544","unavailable","113090560","62803968","62803968","unavailable","62803968","62803968","74809344"
"yune","track-a-comparison","luna_pinyin","key_sequence_process_with_context","cszysmsrsd","19","10","5173.100","517.310","105324544","105324544","unavailable","113090560","62803968","62803968","unavailable","62803968","62803968","74809344"
"yune","track-a-comparison","luna_pinyin","key_sequence_process_with_context","cszysmsrsd","20","10","5123.300","512.330","105324544","105324544","unavailable","113090560","62803968","62803968","unavailable","62803968","62803968","74809344"
"yune","track-a-comparison","luna_pinyin","key_sequence_process_with_context","cszysmsrsd","21","10","5195.400","519.540","105324544","105324544","unavailable","113090560","62803968","62803968","unavailable","62803968","62803968","74809344"
"yune","track-a-comparison","luna_pinyin","key_sequence_process_with_context","cszysmsrsd","22","10","5155.800","515.580","105324544","105324544","unavailable","113090560","62803968","62803968","unavailable","62803968","62803968","74809344"
"yune","track-a-comparison","luna_pinyin","key_sequence_process_with_context","cszysmsrsd","23","10","5146.900","514.690","105324544","105324544","unavailable","113090560","62803968","62803968","unavailable","62803968","62803968","74809344"
"yune","track-a-comparison","luna_pinyin","key_sequence_process_with_context","cszysmsrsd","24","10","5135.600","513.560","105324544","105324544","unavailable","113090560","62803968","62803968","unavailable","62803968","62803968","74809344"
"yune","track-a-comparison","luna_pinyin","key_sequence_process_with_context","cszysmsrsd","25","10","5157.700","515.770","105324544","105324544","unavailable","113090560","62803968","62803968","unavailable","62803968","62803968","74809344"
"yune","track-a-comparison","luna_pinyin","key_sequence_process_with_context","cszysmsrsd","26","10","5145.200","514.520","105324544","105324544","unavailable","113090560","62803968","62803968","unavailable","62803968","62803968","74809344"
"yune","track-a-comparison","luna_pinyin","key_sequence_process_with_context","cszysmsrsd","27","10","5208.100","520.810","105324544","105390080","unavailable","113090560","62803968","62869504","unavailable","62869504","62869504","74809344"
"yune","track-a-comparison","luna_pinyin","key_sequence_process_with_context","cszysmsrsd","28","10","5144.100","514.410","105390080","105390080","unavailable","113090560","62869504","62869504","unavailable","62869504","62869504","74809344"
"yune","track-a-comparison","luna_pinyin","key_sequence_process_with_context","cszysmsrsd","29","10","5152.800","515.280","105390080","105390080","unavailable","113090560","62869504","62869504","unavailable","62869504","62869504","74809344"
"yune","track-a-comparison","luna_pinyin","key_sequence_process_with_context","cszysmsrsd","30","10","5167.300","516.730","105390080","105390080","unavailable","113090560","62869504","62869504","unavailable","62869504","62869504","74809344"
"yune","track-a-comparison","luna_pinyin","key_sequence_process_with_context","cszysmsrsd","31","10","5146.300","514.630","105390080","105390080","unavailable","113090560","62869504","62869504","unavailable","62869504","62869504","74809344"
"yune","track-a-comparison","luna_pinyin","key_sequence_process_with_context","cszysmsrsd","32","10","5144.200","514.420","105390080","105390080","unavailable","113090560","62869504","62869504","unavailable","62869504","62869504","74809344"
"yune","track-a-comparison","luna_pinyin","key_sequence_process_with_context","cszysmsrsd","33","10","5183.700","518.370","105390080","105390080","unavailable","113090560","62869504","62869504","unavailable","62869504","62869504","74809344"
"yune","track-a-comparison","luna_pinyin","key_sequence_process_with_context","cszysmsrsd","34","10","5146.000","514.600","105390080","105390080","unavailable","113090560","62869504","62869504","unavailable","62869504","62869504","74809344"
"yune","track-a-comparison","luna_pinyin","key_sequence_process_with_context","cszysmsrsd","35","10","5143.500","514.350","105390080","105390080","unavailable","113090560","62869504","62869504","unavailable","62869504","62869504","74809344"
"yune","track-a-comparison","luna_pinyin","key_sequence_process_with_context","cszysmsrsd","36","10","5159.400","515.940","105390080","105390080","unavailable","113090560","62869504","62869504","unavailable","62869504","62869504","74809344"
"yune","track-a-comparison","luna_pinyin","key_sequence_process_with_context","cszysmsrsd","37","10","5139.700","513.970","105390080","105390080","unavailable","113090560","62869504","62869504","unavailable","62869504","62869504","74809344"
"yune","track-a-comparison","luna_pinyin","key_sequence_process_with_context","cszysmsrsd","38","10","5132.600","513.260","105390080","105390080","unavailable","113090560","62869504","62869504","unavailable","62869504","62869504","74809344"
"yune","track-a-comparison","luna_pinyin","key_sequence_process_with_context","cszysmsrsd","39","10","5174.500","517.450","105390080","105390080","unavailable","113090560","62869504","62869504","unavailable","62869504","62869504","74809344"
"yune","track-a-comparison","luna_pinyin","key_sequence_process_with_context","cszysmsrsd","40","10","5133.000","513.300","105390080","105390080","unavailable","113090560","62869504","62869504","unavailable","62869504","62869504","74809344"
"yune","track-a-comparison","luna_pinyin","key_sequence_process_with_context","cszysmsrsd","41","10","5156.400","515.640","105390080","105390080","unavailable","113090560","62869504","62869504","unavailable","62869504","62869504","74809344"
"yune","track-a-comparison","luna_pinyin","key_sequence_process_with_context","cszysmsrsd","42","10","5188.000","518.800","105390080","105390080","unavailable","113090560","62869504","62869504","unavailable","62869504","62869504","74809344"
"yune","track-a-comparison","luna_pinyin","key_sequence_process_with_context","cszysmsrsd","43","10","5141.800","514.180","105390080","105390080","unavailable","113090560","62869504","62869504","unavailable","62869504","62869504","74809344"
"yune","track-a-comparison","luna_pinyin","key_sequence_process_with_context","cszysmsrsd","44","10","5146.300","514.630","105390080","105390080","unavailable","113090560","62869504","62869504","unavailable","62869504","62869504","74809344"
"yune","track-a-comparison","luna_pinyin","key_sequence_process_with_context","cszysmsrsd","45","10","5188.900","518.890","105390080","105390080","unavailable","113090560","62869504","62869504","unavailable","62869504","62869504","74809344"
"yune","track-a-comparison","luna_pinyin","key_sequence_process_with_context","cszysmsrsd","46","10","5154.900","515.490","105390080","105390080","unavailable","113090560","62869504","62869504","unavailable","62869504","62869504","74809344"
"yune","track-a-comparison","luna_pinyin","key_sequence_process_with_context","cszysmsrsd","47","10","5155.300","515.530","105390080","105390080","unavailable","113090560","62869504","62869504","unavailable","62869504","62869504","74809344"
"yune","track-a-comparison","luna_pinyin","key_sequence_process_with_context","cszysmsrsd","48","10","5171.500","517.150","105390080","105390080","unavailable","113090560","62869504","62869504","unavailable","62869504","62869504","74809344"
"yune","track-a-comparison","luna_pinyin","key_sequence_process_with_context","cszysmsrsd","49","10","5138.100","513.810","105390080","105390080","unavailable","113090560","62869504","62869504","unavailable","62869504","62869504","74809344"
"yune","track-a-comparison","luna_pinyin","key_sequence_process_with_context","cszysmsrsd","50","10","5145.200","514.520","105390080","105390080","unavailable","113090560","62869504","62869504","unavailable","62869504","62869504","74809344"
"yune","track-a-comparison","luna_pinyin","key_sequence_process_with_context","cszysmsrsd","51","10","5160.300","516.030","105390080","105390080","unavailable","113090560","62869504","62869504","unavailable","62869504","62869504","74809344"
"yune","track-a-comparison","luna_pinyin","key_sequence_process_with_context","cszysmsrsd","52","10","5140.200","514.020","105390080","105390080","unavailable","113090560","62869504","62869504","unavailable","62869504","62869504","74809344"
"yune","track-a-comparison","luna_pinyin","key_sequence_process_with_context","cszysmsrsd","53","10","5159.500","515.950","105390080","105390080","unavailable","113090560","62869504","62869504","unavailable","62869504","62869504","74809344"
"yune","track-a-comparison","luna_pinyin","key_sequence_process_with_context","cszysmsrsd","54","10","5180.400","518.040","105390080","105390080","unavailable","113090560","62869504","62869504","unavailable","62869504","62869504","74809344"
"yune","track-a-comparison","luna_pinyin","key_sequence_process_with_context","cszysmsrsd","55","10","5194.000","519.400","105390080","105455616","unavailable","113090560","62869504","62869504","unavailable","62869504","62869504","74809344"
"yune","track-a-comparison","luna_pinyin","key_sequence_process_with_context","cszysmsrsd","56","10","5209.700","520.970","105455616","105455616","unavailable","113090560","62869504","62869504","unavailable","62869504","62869504","74809344"
"yune","track-a-comparison","luna_pinyin","key_sequence_process_with_context","cszysmsrsd","57","10","5319.500","531.950","105455616","105455616","unavailable","113090560","62869504","62869504","unavailable","62869504","62869504","74809344"
"yune","track-a-comparison","luna_pinyin","key_sequence_process_with_context","cszysmsrsd","58","10","5165.100","516.510","105455616","105455616","unavailable","113090560","62869504","62869504","unavailable","62869504","62869504","74809344"
"yune","track-a-comparison","luna_pinyin","key_sequence_process_with_context","cszysmsrsd","59","10","5136.600","513.660","105455616","105455616","unavailable","113090560","62869504","62869504","unavailable","62869504","62869504","74809344"
"yune","track-a-comparison","luna_pinyin","key_sequence_process_with_context","cszysmsrsd","60","10","5128.400","512.840","105455616","105455616","unavailable","113090560","62869504","62869504","unavailable","62869504","62869504","74809344"
"yune","track-a-comparison","luna_pinyin","key_sequence_process_with_context","cszysmsrsd","61","10","5119.700","511.970","105455616","105455616","unavailable","113090560","62869504","62869504","unavailable","62869504","62869504","74809344"
"yune","track-a-comparison","luna_pinyin","key_sequence_process_with_context","cszysmsrsd","62","10","5138.900","513.890","105455616","105455616","unavailable","113090560","62869504","62869504","unavailable","62869504","62869504","74809344"
"yune","track-a-comparison","luna_pinyin","key_sequence_process_with_context","cszysmsrsd","63","10","5143.100","514.310","105455616","105455616","unavailable","113090560","62869504","62869504","unavailable","62869504","62869504","74809344"
"yune","track-a-comparison","luna_pinyin","key_sequence_process_with_context","cszysmsrsd","64","10","5141.800","514.180","105455616","105455616","unavailable","113090560","62869504","62869504","unavailable","62869504","62869504","74809344"
"yune","track-a-comparison","luna_pinyin","key_sequence_process_with_context","cszysmsrsd","65","10","5169.300","516.930","105455616","105455616","unavailable","113090560","62869504","62869504","unavailable","62869504","62869504","74809344"
"yune","track-a-comparison","luna_pinyin","key_sequence_process_with_context","cszysmsrsd","66","10","5151.000","515.100","105455616","105455616","unavailable","113090560","62869504","62869504","unavailable","62869504","62869504","74809344"
"yune","track-a-comparison","luna_pinyin","key_sequence_process_with_context","cszysmsrsd","67","10","5176.500","517.650","105455616","105521152","unavailable","113090560","62869504","62869504","unavailable","62869504","62869504","74809344"
"yune","track-a-comparison","luna_pinyin","key_sequence_process_with_context","cszysmsrsd","68","10","5155.300","515.530","105521152","105615360","unavailable","113090560","62869504","62869504","unavailable","62869504","62869504","74809344"
"yune","track-a-comparison","luna_pinyin","key_sequence_process_with_context","cszysmsrsd","69","10","5193.600","519.360","105615360","105623552","unavailable","113090560","62869504","62869504","unavailable","62869504","62869504","74809344"
"yune","track-a-comparison","luna_pinyin","key_sequence_process_with_context","cszysmsrsd","70","10","5154.000","515.400","105623552","105623552","unavailable","113090560","62869504","62869504","unavailable","62869504","62869504","74809344"
"yune","track-a-comparison","luna_pinyin","key_sequence_process_with_context","cszysmsrsd","71","10","5174.800","517.480","105623552","105623552","unavailable","113090560","62869504","62869504","unavailable","62869504","62869504","74809344"
"yune","track-a-comparison","luna_pinyin","key_sequence_process_with_context","cszysmsrsd","72","10","5147.300","514.730","105623552","105623552","unavailable","113090560","62869504","62869504","unavailable","62869504","62869504","74809344"
"yune","track-a-comparison","luna_pinyin","key_sequence_process_with_context","cszysmsrsd","73","10","5142.500","514.250","105623552","105623552","unavailable","113090560","62869504","62869504","unavailable","62869504","62869504","74809344"
"yune","track-a-comparison","luna_pinyin","key_sequence_process_with_context","cszysmsrsd","74","10","5139.400","513.940","105623552","105623552","unavailable","113090560","62869504","62869504","unavailable","62869504","62869504","74809344"
"yune","track-a-comparison","luna_pinyin","key_sequence_process_with_context","cszysmsrsd","75","10","5157.100","515.710","105623552","105623552","unavailable","113090560","62869504","62869504","unavailable","62869504","62869504","74809344"
"yune","track-a-comparison","luna_pinyin","key_sequence_process_with_context","cszysmsrsd","76","10","5187.300","518.730","105623552","105623552","unavailable","113090560","62869504","62869504","unavailable","62869504","62869504","74809344"
"yune","track-a-comparison","luna_pinyin","key_sequence_process_with_context","cszysmsrsd","77","10","5204.600","520.460","105623552","105623552","unavailable","113090560","62869504","62869504","unavailable","62869504","62869504","74809344"
"yune","track-a-comparison","luna_pinyin","key_sequence_process_with_context","cszysmsrsd","78","10","5283.700","528.370","105623552","105623552","unavailable","113090560","62869504","62869504","unavailable","62869504","62869504","74809344"
"yune","track-a-comparison","luna_pinyin","key_sequence_process_with_context","cszysmsrsd","79","10","5398.500","539.850","105623552","105623552","unavailable","113090560","62869504","62869504","unavailable","62869504","62869504","74809344"
"yune","track-a-comparison","luna_pinyin","key_sequence_process_with_context","zybfshmsru","0","10","5177.500","517.750","106631168","106631168","unavailable","113090560","63688704","63688704","unavailable","63688704","63688704","74809344"
"yune","track-a-comparison","luna_pinyin","key_sequence_process_with_context","zybfshmsru","1","10","5242.900","524.290","106631168","106631168","unavailable","113090560","63688704","63688704","unavailable","63688704","63688704","74809344"
"yune","track-a-comparison","luna_pinyin","key_sequence_process_with_context","zybfshmsru","2","10","5196.500","519.650","106631168","106631168","unavailable","113090560","63688704","63688704","unavailable","63688704","63688704","74809344"
"yune","track-a-comparison","luna_pinyin","key_sequence_process_with_context","zybfshmsru","3","10","5208.700","520.870","106631168","106631168","unavailable","113090560","63688704","63688704","unavailable","63688704","63688704","74809344"
"yune","track-a-comparison","luna_pinyin","key_sequence_process_with_context","zybfshmsru","4","10","5234.400","523.440","106631168","106631168","unavailable","113090560","63688704","63688704","unavailable","63688704","63688704","74809344"
"yune","track-a-comparison","luna_pinyin","key_sequence_process_with_context","zybfshmsru","5","10","5189.200","518.920","106631168","106631168","unavailable","113090560","63688704","63688704","unavailable","63688704","63688704","74809344"
"yune","track-a-comparison","luna_pinyin","key_sequence_process_with_context","zybfshmsru","6","10","5202.700","520.270","106631168","106631168","unavailable","113090560","63688704","63688704","unavailable","63688704","63688704","74809344"
"yune","track-a-comparison","luna_pinyin","key_sequence_process_with_context","zybfshmsru","7","10","5225.700","522.570","106631168","106631168","unavailable","113090560","63688704","63688704","unavailable","63688704","63688704","74809344"
"yune","track-a-comparison","luna_pinyin","key_sequence_process_with_context","zybfshmsru","8","10","5189.600","518.960","106631168","106631168","unavailable","113090560","63688704","63688704","unavailable","63688704","63688704","74809344"
"yune","track-a-comparison","luna_pinyin","key_sequence_process_with_context","zybfshmsru","9","10","5194.400","519.440","106631168","106631168","unavailable","113090560","63688704","63688704","unavailable","63688704","63688704","74809344"
"yune","track-a-comparison","luna_pinyin","key_sequence_process_with_context","zybfshmsru","10","10","5227.500","522.750","106631168","106631168","unavailable","113090560","63688704","63688704","unavailable","63688704","63688704","74809344"
"yune","track-a-comparison","luna_pinyin","key_sequence_process_with_context","zybfshmsru","11","10","5191.600","519.160","106631168","106631168","unavailable","113090560","63688704","63688704","unavailable","63688704","63688704","74809344"
"yune","track-a-comparison","luna_pinyin","key_sequence_process_with_context","zybfshmsru","12","10","5209.000","520.900","106631168","106631168","unavailable","113090560","63688704","63688704","unavailable","63688704","63688704","74809344"
"yune","track-a-comparison","luna_pinyin","key_sequence_process_with_context","zybfshmsru","13","10","5188.200","518.820","106631168","106631168","unavailable","113090560","63688704","63688704","unavailable","63688704","63688704","74809344"
"yune","track-a-comparison","luna_pinyin","key_sequence_process_with_context","zybfshmsru","14","10","5205.700","520.570","106631168","106631168","unavailable","113090560","63688704","63688704","unavailable","63688704","63688704","74809344"
"yune","track-a-comparison","luna_pinyin","key_sequence_process_with_context","zybfshmsru","15","10","5261.200","526.120","106631168","106631168","unavailable","113090560","63688704","63688704","unavailable","63688704","63688704","74809344"
"yune","track-a-comparison","luna_pinyin","key_sequence_process_with_context","zybfshmsru","16","10","5189.100","518.910","106631168","106631168","unavailable","113090560","63688704","63688704","unavailable","63688704","63688704","74809344"
"yune","track-a-comparison","luna_pinyin","key_sequence_process_with_context","zybfshmsru","17","10","5171.200","517.120","106631168","106631168","unavailable","113090560","63688704","63688704","unavailable","63688704","63688704","74809344"
"yune","track-a-comparison","luna_pinyin","key_sequence_process_with_context","zybfshmsru","18","10","5233.300","523.330","106631168","106631168","unavailable","113090560","63688704","63688704","unavailable","63688704","63688704","74809344"
"yune","track-a-comparison","luna_pinyin","key_sequence_process_with_context","zybfshmsru","19","10","5151.300","515.130","106631168","106631168","unavailable","113090560","63688704","63688704","unavailable","63688704","63688704","74809344"
"yune","track-a-comparison","luna_pinyin","key_sequence_process_with_context","zybfshmsru","20","10","5170.300","517.030","106631168","106631168","unavailable","113090560","63688704","63688704","unavailable","63688704","63688704","74809344"
"yune","track-a-comparison","luna_pinyin","key_sequence_process_with_context","zybfshmsru","21","10","5221.800","522.180","106631168","106631168","unavailable","113090560","63688704","63688704","unavailable","63688704","63688704","74809344"
"yune","track-a-comparison","luna_pinyin","key_sequence_process_with_context","zybfshmsru","22","10","5184.500","518.450","106631168","106631168","unavailable","113090560","63688704","63688704","unavailable","63688704","63688704","74809344"
"yune","track-a-comparison","luna_pinyin","key_sequence_process_with_context","zybfshmsru","23","10","5178.500","517.850","106631168","106631168","unavailable","113090560","63688704","63688704","unavailable","63688704","63688704","74809344"
"yune","track-a-comparison","luna_pinyin","key_sequence_process_with_context","zybfshmsru","24","10","5207.100","520.710","106631168","106631168","unavailable","113090560","63688704","63688704","unavailable","63688704","63688704","74809344"
"yune","track-a-comparison","luna_pinyin","key_sequence_process_with_context","zybfshmsru","25","10","5179.000","517.900","106631168","106631168","unavailable","113090560","63688704","63688704","unavailable","63688704","63688704","74809344"
"yune","track-a-comparison","luna_pinyin","key_sequence_process_with_context","zybfshmsru","26","10","5188.200","518.820","106631168","106663936","unavailable","113090560","63688704","63688704","unavailable","63688704","63688704","74809344"
"yune","track-a-comparison","luna_pinyin","key_sequence_process_with_context","zybfshmsru","27","10","5209.200","520.920","106663936","106663936","unavailable","113090560","63688704","63688704","unavailable","63688704","63688704","74809344"
"yune","track-a-comparison","luna_pinyin","key_sequence_process_with_context","zybfshmsru","28","10","5187.300","518.730","106663936","106663936","unavailable","113090560","63688704","63688704","unavailable","63688704","63688704","74809344"
"yune","track-a-comparison","luna_pinyin","key_sequence_process_with_context","zybfshmsru","29","10","5192.200","519.220","106663936","106663936","unavailable","113090560","63688704","63688704","unavailable","63688704","63688704","74809344"
"yune","track-a-comparison","luna_pinyin","key_sequence_process_with_context","zybfshmsru","30","10","5238.300","523.830","106663936","106684416","unavailable","113090560","63688704","63688704","unavailable","63688704","63688704","74809344"
"yune","track-a-comparison","luna_pinyin","key_sequence_process_with_context","zybfshmsru","31","10","5230.200","523.020","106684416","106754048","unavailable","113090560","63688704","63688704","unavailable","63688704","63688704","74809344"
"yune","track-a-comparison","luna_pinyin","key_sequence_process_with_context","zybfshmsru","32","10","5212.200","521.220","106754048","106762240","unavailable","113090560","63688704","63688704","unavailable","63688704","63688704","74809344"
"yune","track-a-comparison","luna_pinyin","key_sequence_process_with_context","zybfshmsru","33","10","5230.100","523.010","106762240","106758144","unavailable","113090560","63688704","63688704","unavailable","63688704","63688704","74809344"
"yune","track-a-comparison","luna_pinyin","key_sequence_process_with_context","zybfshmsru","34","10","5216.100","521.610","106758144","106758144","unavailable","113090560","63688704","63688704","unavailable","63688704","63688704","74809344"
"yune","track-a-comparison","luna_pinyin","key_sequence_process_with_context","zybfshmsru","35","10","5229.200","522.920","106758144","106758144","unavailable","113090560","63688704","63688704","unavailable","63688704","63688704","74809344"
"yune","track-a-comparison","luna_pinyin","key_sequence_process_with_context","zybfshmsru","36","10","5246.000","524.600","106758144","106754048","unavailable","113090560","63688704","63688704","unavailable","63688704","63688704","74809344"
"yune","track-a-comparison","luna_pinyin","key_sequence_process_with_context","zybfshmsru","37","10","5608.700","560.870","106754048","106749952","unavailable","113090560","63688704","63688704","unavailable","63688704","63688704","74809344"
"yune","track-a-comparison","luna_pinyin","key_sequence_process_with_context","zybfshmsru","38","10","5234.500","523.450","106749952","106749952","unavailable","113090560","63688704","63688704","unavailable","63688704","63688704","74809344"
"yune","track-a-comparison","luna_pinyin","key_sequence_process_with_context","zybfshmsru","39","10","5186.900","518.690","106749952","106749952","unavailable","113090560","63688704","63688704","unavailable","63688704","63688704","74809344"
"yune","track-a-comparison","luna_pinyin","key_sequence_process_with_context","zybfshmsru","40","10","5186.900","518.690","106749952","106749952","unavailable","113090560","63688704","63688704","unavailable","63688704","63688704","74809344"
"yune","track-a-comparison","luna_pinyin","key_sequence_process_with_context","zybfshmsru","41","10","5202.500","520.250","106749952","106749952","unavailable","113090560","63688704","63688704","unavailable","63688704","63688704","74809344"
"yune","track-a-comparison","luna_pinyin","key_sequence_process_with_context","zybfshmsru","42","10","5217.200","521.720","106749952","106749952","unavailable","113090560","63688704","63688704","unavailable","63688704","63688704","74809344"
"yune","track-a-comparison","luna_pinyin","key_sequence_process_with_context","zybfshmsru","43","10","5171.400","517.140","106749952","106749952","unavailable","113090560","63688704","63688704","unavailable","63688704","63688704","74809344"
"yune","track-a-comparison","luna_pinyin","key_sequence_process_with_context","zybfshmsru","44","10","5174.400","517.440","106749952","106749952","unavailable","113090560","63688704","63688704","unavailable","63688704","63688704","74809344"
"yune","track-a-comparison","luna_pinyin","key_sequence_process_with_context","zybfshmsru","45","10","5151.800","515.180","106749952","106749952","unavailable","113090560","63688704","63688704","unavailable","63688704","63688704","74809344"
"yune","track-a-comparison","luna_pinyin","key_sequence_process_with_context","zybfshmsru","46","10","5159.800","515.980","106749952","106749952","unavailable","113090560","63688704","63688704","unavailable","63688704","63688704","74809344"
"yune","track-a-comparison","luna_pinyin","key_sequence_process_with_context","zybfshmsru","47","10","5195.000","519.500","106749952","106749952","unavailable","113090560","63688704","63688704","unavailable","63688704","63688704","74809344"
"yune","track-a-comparison","luna_pinyin","key_sequence_process_with_context","zybfshmsru","48","10","5176.400","517.640","106749952","106749952","unavailable","113090560","63688704","63688704","unavailable","63688704","63688704","74809344"
"yune","track-a-comparison","luna_pinyin","key_sequence_process_with_context","zybfshmsru","49","10","5152.600","515.260","106749952","106749952","unavailable","113090560","63688704","63688704","unavailable","63688704","63688704","74809344"
"yune","track-a-comparison","luna_pinyin","key_sequence_process_with_context","zybfshmsru","50","10","5176.800","517.680","106749952","106749952","unavailable","113090560","63688704","63688704","unavailable","63688704","63688704","74809344"
"yune","track-a-comparison","luna_pinyin","key_sequence_process_with_context","zybfshmsru","51","10","5162.800","516.280","106749952","106749952","unavailable","113090560","63688704","63688704","unavailable","63688704","63688704","74809344"
"yune","track-a-comparison","luna_pinyin","key_sequence_process_with_context","zybfshmsru","52","10","5168.200","516.820","106749952","106749952","unavailable","113090560","63688704","63688704","unavailable","63688704","63688704","74809344"
"yune","track-a-comparison","luna_pinyin","key_sequence_process_with_context","zybfshmsru","53","10","5155.700","515.570","106749952","106749952","unavailable","113090560","63688704","63688704","unavailable","63688704","63688704","74809344"
"yune","track-a-comparison","luna_pinyin","key_sequence_process_with_context","zybfshmsru","54","10","5169.000","516.900","106749952","106749952","unavailable","113090560","63688704","63688704","unavailable","63688704","63688704","74809344"
"yune","track-a-comparison","luna_pinyin","key_sequence_process_with_context","zybfshmsru","55","10","5161.300","516.130","106749952","106749952","unavailable","113090560","63688704","63688704","unavailable","63688704","63688704","74809344"
"yune","track-a-comparison","luna_pinyin","key_sequence_process_with_context","zybfshmsru","56","10","5175.300","517.530","106749952","106749952","unavailable","113090560","63688704","63688704","unavailable","63688704","63688704","74809344"
"yune","track-a-comparison","luna_pinyin","key_sequence_process_with_context","zybfshmsru","57","10","5174.200","517.420","106749952","106749952","unavailable","113090560","63688704","63688704","unavailable","63688704","63688704","74809344"
"yune","track-a-comparison","luna_pinyin","key_sequence_process_with_context","zybfshmsru","58","10","5170.700","517.070","106749952","106749952","unavailable","113090560","63688704","63688704","unavailable","63688704","63688704","74809344"
"yune","track-a-comparison","luna_pinyin","key_sequence_process_with_context","zybfshmsru","59","10","5159.500","515.950","106749952","106749952","unavailable","113090560","63688704","63688704","unavailable","63688704","63688704","74809344"
"yune","track-a-comparison","luna_pinyin","key_sequence_process_with_context","zybfshmsru","60","10","5181.800","518.180","106749952","106749952","unavailable","113090560","63688704","63688704","unavailable","63688704","63688704","74809344"
"yune","track-a-comparison","luna_pinyin","key_sequence_process_with_context","zybfshmsru","61","10","5181.000","518.100","106749952","106749952","unavailable","113090560","63688704","63688704","unavailable","63688704","63688704","74809344"
"yune","track-a-comparison","luna_pinyin","key_sequence_process_with_context","zybfshmsru","62","10","5171.200","517.120","106749952","106749952","unavailable","113090560","63688704","63688704","unavailable","63688704","63688704","74809344"
"yune","track-a-comparison","luna_pinyin","key_sequence_process_with_context","zybfshmsru","63","10","5196.500","519.650","106749952","106749952","unavailable","113090560","63688704","63688704","unavailable","63688704","63688704","74809344"
"yune","track-a-comparison","luna_pinyin","key_sequence_process_with_context","zybfshmsru","64","10","5192.900","519.290","106749952","106749952","unavailable","113090560","63688704","63688704","unavailable","63688704","63688704","74809344"
"yune","track-a-comparison","luna_pinyin","key_sequence_process_with_context","zybfshmsru","65","10","5195.100","519.510","106749952","106749952","unavailable","113090560","63688704","63688704","unavailable","63688704","63688704","74809344"
"yune","track-a-comparison","luna_pinyin","key_sequence_process_with_context","zybfshmsru","66","10","5185.400","518.540","106749952","106749952","unavailable","113090560","63688704","63688704","unavailable","63688704","63688704","74809344"
"yune","track-a-comparison","luna_pinyin","key_sequence_process_with_context","zybfshmsru","67","10","5171.600","517.160","106749952","106749952","unavailable","113090560","63688704","63688704","unavailable","63688704","63688704","74809344"
"yune","track-a-comparison","luna_pinyin","key_sequence_process_with_context","zybfshmsru","68","10","5149.300","514.930","106749952","106749952","unavailable","113090560","63688704","63688704","unavailable","63688704","63688704","74809344"
"yune","track-a-comparison","luna_pinyin","key_sequence_process_with_context","zybfshmsru","69","10","5185.700","518.570","106749952","106749952","unavailable","113090560","63688704","63688704","unavailable","63688704","63688704","74809344"
"yune","track-a-comparison","luna_pinyin","key_sequence_process_with_context","zybfshmsru","70","10","5167.400","516.740","106749952","106749952","unavailable","113090560","63688704","63688704","unavailable","63688704","63688704","74809344"
"yune","track-a-comparison","luna_pinyin","key_sequence_process_with_context","zybfshmsru","71","10","5169.500","516.950","106749952","106749952","unavailable","113090560","63688704","63688704","unavailable","63688704","63688704","74809344"
"yune","track-a-comparison","luna_pinyin","key_sequence_process_with_context","zybfshmsru","72","10","5176.900","517.690","106749952","106749952","unavailable","113090560","63688704","63688704","unavailable","63688704","63688704","74809344"
"yune","track-a-comparison","luna_pinyin","key_sequence_process_with_context","zybfshmsru","73","10","5201.400","520.140","106749952","106749952","unavailable","113090560","63688704","63688704","unavailable","63688704","63688704","74809344"
"yune","track-a-comparison","luna_pinyin","key_sequence_process_with_context","zybfshmsru","74","10","5180.000","518.000","106749952","106749952","unavailable","113090560","63688704","63688704","unavailable","63688704","63688704","74809344"
"yune","track-a-comparison","luna_pinyin","key_sequence_process_with_context","zybfshmsru","75","10","5227.000","522.700","106749952","106749952","unavailable","113090560","63688704","63688704","unavailable","63688704","63688704","74809344"
"yune","track-a-comparison","luna_pinyin","key_sequence_process_with_context","zybfshmsru","76","10","5228.400","522.840","106749952","106749952","unavailable","113090560","63688704","63688704","unavailable","63688704","63688704","74809344"
"yune","track-a-comparison","luna_pinyin","key_sequence_process_with_context","zybfshmsru","77","10","5187.600","518.760","106749952","106749952","unavailable","113090560","63688704","63688704","unavailable","63688704","63688704","74809344"
"yune","track-a-comparison","luna_pinyin","key_sequence_process_with_context","zybfshmsru","78","10","5587.800","558.780","106749952","106749952","unavailable","113090560","63688704","63688704","unavailable","63688704","63688704","74809344"
"yune","track-a-comparison","luna_pinyin","key_sequence_process_with_context","zybfshmsru","79","10","5120.800","512.080","106749952","106749952","unavailable","113090560","63688704","63688704","unavailable","63688704","63688704","74809344"
"yune","track-b-product","jyut6ping3_mobile","startup_warm_shared_assets_runtime_ready","","0","1","178651.900","178651.900","8806400","78004224","59985920","511184896","4644864","34951168","28434432","34951168","34951168","543346688"
"yune","track-b-product","jyut6ping3_mobile","startup_warm_shared_assets_runtime_ready","","1","1","34491.100","34491.100","59965440","78245888","60747776","511184896","28389376","34324480","29265920","34324480","34324480","543346688"
"yune","track-b-product","jyut6ping3_mobile","startup_warm_shared_assets_runtime_ready","","2","1","34290.800","34290.800","60747776","78430208","60928000","511184896","29442048","34504704","29442048","34504704","34504704","543346688"
"yune","track-b-product","jyut6ping3_mobile","startup_warm_shared_assets_runtime_ready","","3","1","34215.200","34215.200","60948480","78454784","60952576","511184896","29474816","34537472","29474816","34537472","34537472","543346688"
"yune","track-b-product","jyut6ping3_mobile","startup_warm_shared_assets_runtime_ready","","4","1","34202.000","34202.000","60956672","78311424","60809216","511184896","29474816","34336768","29278208","34336768","34336768","543346688"
"yune","track-b-product","jyut6ping3_mobile","startup_warm_shared_assets_runtime_ready","","5","1","34316.900","34316.900","60813312","78348288","60846080","511184896","29278208","34365440","29306880","34365440","34365440","543346688"
"yune","track-b-product","jyut6ping3_mobile","startup_warm_shared_assets_runtime_ready","","6","1","34398.100","34398.100","60850176","78385152","60882944","511184896","29306880","34406400","29347840","34406400","34406400","543346688"
"yune","track-b-product","jyut6ping3_mobile","startup_warm_shared_assets_runtime_ready","","7","1","35127.000","35127.000","60919808","78422016","60923904","511184896","29413376","34476032","29417472","34476032","34476032","543346688"
"yune","track-b-product","jyut6ping3_mobile","startup_warm_shared_assets_runtime_ready","","8","1","34551.500","34551.500","60928000","78434304","60932096","511184896","29417472","34480128","29417472","34480128","34480128","543346688"
"yune","track-b-product","jyut6ping3_mobile","session_create_select_destroy","","0","1","35215.600","35215.600","60010496","60895232","unavailable","511184896","28483584","29376512","unavailable","29376512","29376512","543346688"
"yune","track-b-product","jyut6ping3_mobile","session_create_select_destroy","","1","1","35259.400","35259.400","60899328","60030976","unavailable","511184896","29376512","28442624","unavailable","28442624","28442624","543346688"
"yune","track-b-product","jyut6ping3_mobile","session_create_select_destroy","","2","1","35687.600","35687.600","60035072","60899328","unavailable","511184896","28442624","29372416","unavailable","29372416","29372416","543346688"
"yune","track-b-product","jyut6ping3_mobile","session_create_select_destroy","","3","1","38589.300","38589.300","60903424","60047360","unavailable","511184896","29372416","28450816","unavailable","28450816","28450816","543346688"
"yune","track-b-product","jyut6ping3_mobile","session_create_select_destroy","","4","1","35719.700","35719.700","60051456","60960768","unavailable","511184896","28450816","29413376","unavailable","29413376","29413376","543346688"
"yune","track-b-product","jyut6ping3_mobile","session_create_select_destroy","","5","1","35078.000","35078.000","60964864","60964864","unavailable","511184896","29413376","29413376","unavailable","29413376","29413376","543346688"
"yune","track-b-product","jyut6ping3_mobile","session_create_select_destroy","","6","1","34633.500","34633.500","60964864","60088320","unavailable","511184896","29413376","28483584","unavailable","28483584","28483584","543346688"
"yune","track-b-product","jyut6ping3_mobile","session_create_select_destroy","","7","1","34772.900","34772.900","60219392","61067264","unavailable","511184896","28622848","29556736","unavailable","29556736","29556736","543346688"
"yune","track-b-product","jyut6ping3_mobile","session_create_select_destroy","","8","1","35530.600","35530.600","61067264","60166144","unavailable","511184896","29556736","28569600","unavailable","28569600","28569600","543346688"
"yune","track-b-product","jyut6ping3_mobile","session_create_select_destroy","","9","1","35358.400","35358.400","60166144","60178432","unavailable","511184896","28569600","28581888","unavailable","28581888","28581888","543346688"
"yune","track-b-product","jyut6ping3_mobile","session_create_select_destroy","","10","1","35250.200","35250.200","60178432","60211200","unavailable","511184896","28581888","28622848","unavailable","28622848","28622848","543346688"
"yune","track-b-product","jyut6ping3_mobile","session_create_select_destroy","","11","1","36456.700","36456.700","60211200","61112320","unavailable","511184896","28622848","29540352","unavailable","29540352","29540352","543346688"
"yune","track-b-product","jyut6ping3_mobile","session_create_select_destroy","","12","1","35298.100","35298.100","61112320","60203008","unavailable","511184896","29540352","28602368","unavailable","28602368","28602368","543346688"
"yune","track-b-product","jyut6ping3_mobile","session_create_select_destroy","","13","1","35654.700","35654.700","60203008","60219392","unavailable","511184896","28602368","28622848","unavailable","28622848","28622848","543346688"
"yune","track-b-product","jyut6ping3_mobile","session_create_select_destroy","","14","1","35764.400","35764.400","60219392","61116416","unavailable","511184896","28622848","29544448","unavailable","29544448","29544448","543346688"
"yune","track-b-product","jyut6ping3_mobile","session_create_select_destroy","","15","1","35491.400","35491.400","61116416","61116416","unavailable","511184896","29544448","29544448","unavailable","29544448","29544448","543346688"
"yune","track-b-product","jyut6ping3_mobile","session_create_select_destroy","","16","1","34695.000","34695.000","61116416","61116416","unavailable","511184896","29544448","29544448","unavailable","29544448","29544448","543346688"
"yune","track-b-product","jyut6ping3_mobile","session_create_select_destroy","","17","1","35498.500","35498.500","61116416","60227584","unavailable","511184896","29544448","28647424","unavailable","28647424","28647424","543346688"
"yune","track-b-product","jyut6ping3_mobile","session_create_select_destroy","","18","1","34885.400","34885.400","60227584","61083648","unavailable","511184896","28647424","29540352","unavailable","29540352","29540352","543346688"
"yune","track-b-product","jyut6ping3_mobile","session_create_select_destroy","","19","1","34262.200","34262.200","61083648","61116416","unavailable","511184896","29540352","29540352","unavailable","29540352","29540352","543346688"
"yune","track-b-product","jyut6ping3_mobile","session_create_select_destroy","","20","1","35336.700","35336.700","61116416","60297216","unavailable","511184896","29540352","28696576","unavailable","28696576","28696576","543346688"
"yune","track-b-product","jyut6ping3_mobile","session_create_select_destroy","","21","1","35135.300","35135.300","60297216","60272640","unavailable","511184896","28696576","28672000","unavailable","28672000","28672000","543346688"
"yune","track-b-product","jyut6ping3_mobile","session_create_select_destroy","","22","1","34446.500","34446.500","60276736","61145088","unavailable","511184896","28672000","29605888","unavailable","29605888","29605888","543346688"
"yune","track-b-product","jyut6ping3_mobile","session_create_select_destroy","","23","1","34876.600","34876.600","61149184","60321792","unavailable","511184896","29605888","28741632","unavailable","28741632","28741632","543346688"
"yune","track-b-product","jyut6ping3_mobile","session_create_select_destroy","","24","1","35201.000","35201.000","60325888","61227008","unavailable","511184896","28741632","29667328","unavailable","29667328","29667328","543346688"
"yune","track-b-product","jyut6ping3_mobile","session_create_select_destroy","","25","1","34318.400","34318.400","61411328","61419520","unavailable","511184896","29958144","29958144","unavailable","29958144","29958144","543346688"
"yune","track-b-product","jyut6ping3_mobile","session_create_select_destroy","","26","1","35991.100","35991.100","61419520","60424192","unavailable","511184896","29958144","28950528","unavailable","28950528","28950528","543346688"
"yune","track-b-product","jyut6ping3_mobile","session_create_select_destroy","","27","1","35717.200","35717.200","60424192","61231104","unavailable","511184896","28950528","29810688","unavailable","29810688","29810688","543346688"
"yune","track-b-product","jyut6ping3_mobile","session_create_select_destroy","","28","1","34571.400","34571.400","61231104","61239296","unavailable","511184896","29810688","29822976","unavailable","29822976","29822976","543346688"
"yune","track-b-product","jyut6ping3_mobile","session_create_select_destroy","","29","1","36305.400","36305.400","61239296","60403712","unavailable","511184896","29822976","28905472","unavailable","28905472","28905472","543346688"
"yune","track-b-product","jyut6ping3_mobile","session_create_select_destroy","","30","1","36361.500","36361.500","60403712","61235200","unavailable","511184896","28905472","29818880","unavailable","29818880","29818880","543346688"
"yune","track-b-product","jyut6ping3_mobile","session_create_select_destroy","","31","1","35855.900","35855.900","61235200","61288448","unavailable","511184896","29818880","29818880","unavailable","29818880","29818880","543346688"
"yune","track-b-product","jyut6ping3_mobile","session_create_select_destroy","","32","1","36483.700","36483.700","61288448","60411904","unavailable","511184896","29818880","28942336","unavailable","28942336","28942336","543346688"
"yune","track-b-product","jyut6ping3_mobile","session_create_select_destroy","","33","1","36159.500","36159.500","60411904","61308928","unavailable","511184896","28942336","29880320","unavailable","29880320","29880320","543346688"
"yune","track-b-product","jyut6ping3_mobile","session_create_select_destroy","","34","1","35999.900","35999.900","61308928","61390848","unavailable","511184896","29880320","29949952","unavailable","29949952","29949952","543346688"
"yune","track-b-product","jyut6ping3_mobile","session_create_select_destroy","","35","1","36137.100","36137.100","61456384","61456384","unavailable","511184896","29949952","29949952","unavailable","29949952","29949952","543346688"
"yune","track-b-product","jyut6ping3_mobile","session_create_select_destroy","","36","1","35953.300","35953.300","61460480","61460480","unavailable","511184896","29949952","29949952","unavailable","29949952","29949952","543346688"
"yune","track-b-product","jyut6ping3_mobile","session_create_select_destroy","","37","1","36082.600","36082.600","61460480","61460480","unavailable","511184896","29949952","29949952","unavailable","29949952","29949952","543346688"
"yune","track-b-product","jyut6ping3_mobile","session_create_select_destroy","","38","1","36160.400","36160.400","61460480","61460480","unavailable","511184896","29949952","29949952","unavailable","29949952","29949952","543346688"
"yune","track-b-product","jyut6ping3_mobile","session_create_select_destroy","","39","1","36011.000","36011.000","61460480","61460480","unavailable","511184896","29949952","29949952","unavailable","29949952","29949952","543346688"
"yune","track-b-product","jyut6ping3_mobile","session_create_select_destroy","","40","1","36281.100","36281.100","61460480","61460480","unavailable","511184896","29949952","29949952","unavailable","29949952","29949952","543346688"
"yune","track-b-product","jyut6ping3_mobile","session_create_select_destroy","","41","1","36247.900","36247.900","61460480","61460480","unavailable","511184896","29949952","29949952","unavailable","29949952","29949952","543346688"
"yune","track-b-product","jyut6ping3_mobile","session_create_select_destroy","","42","1","36461.100","36461.100","61460480","61460480","unavailable","511184896","29949952","29949952","unavailable","29949952","29949952","543346688"
"yune","track-b-product","jyut6ping3_mobile","session_create_select_destroy","","43","1","35917.100","35917.100","61460480","61464576","unavailable","511184896","29949952","29954048","unavailable","29954048","29954048","543346688"
"yune","track-b-product","jyut6ping3_mobile","session_create_select_destroy","","44","1","36276.400","36276.400","61464576","61464576","unavailable","511184896","29954048","29954048","unavailable","29954048","29954048","543346688"
"yune","track-b-product","jyut6ping3_mobile","session_create_select_destroy","","45","1","36002.900","36002.900","61468672","61468672","unavailable","511184896","29954048","29954048","unavailable","29954048","29954048","543346688"
"yune","track-b-product","jyut6ping3_mobile","session_create_select_destroy","","46","1","35794.000","35794.000","61468672","61468672","unavailable","511184896","29954048","29954048","unavailable","29954048","29954048","543346688"
"yune","track-b-product","jyut6ping3_mobile","session_create_select_destroy","","47","1","35686.400","35686.400","61468672","61468672","unavailable","511184896","29954048","29954048","unavailable","29954048","29954048","543346688"
"yune","track-b-product","jyut6ping3_mobile","session_create_select_destroy","","48","1","36075.200","36075.200","61468672","61468672","unavailable","511184896","29954048","29954048","unavailable","29954048","29954048","543346688"
"yune","track-b-product","jyut6ping3_mobile","session_create_select_destroy","","49","1","35963.800","35963.800","61468672","61526016","unavailable","511184896","29954048","30019584","unavailable","30019584","30019584","543346688"
"yune","track-b-product","jyut6ping3_mobile","session_create_select_destroy","","50","1","35918.800","35918.800","61526016","61534208","unavailable","511184896","30019584","30019584","unavailable","30019584","30019584","543346688"
"yune","track-b-product","jyut6ping3_mobile","session_create_select_destroy","","51","1","35896.300","35896.300","61534208","61534208","unavailable","511184896","30019584","30019584","unavailable","30019584","30019584","543346688"
"yune","track-b-product","jyut6ping3_mobile","session_create_select_destroy","","52","1","35816.500","35816.500","61538304","61538304","unavailable","511184896","30019584","30019584","unavailable","30019584","30019584","543346688"
"yune","track-b-product","jyut6ping3_mobile","session_create_select_destroy","","53","1","35648.500","35648.500","61542400","61542400","unavailable","511184896","30019584","30019584","unavailable","30019584","30019584","543346688"
"yune","track-b-product","jyut6ping3_mobile","session_create_select_destroy","","54","1","36192.800","36192.800","61546496","61546496","unavailable","511184896","30019584","30019584","unavailable","30019584","30019584","543346688"
"yune","track-b-product","jyut6ping3_mobile","session_create_select_destroy","","55","1","36006.900","36006.900","61550592","61550592","unavailable","511184896","30019584","30019584","unavailable","30019584","30019584","543346688"
"yune","track-b-product","jyut6ping3_mobile","session_create_select_destroy","","56","1","35701.700","35701.700","61558784","61566976","unavailable","511184896","30019584","30019584","unavailable","30019584","30019584","543346688"
"yune","track-b-product","jyut6ping3_mobile","session_create_select_destroy","","57","1","37237.400","37237.400","61571072","61571072","unavailable","511184896","30019584","30019584","unavailable","30019584","30019584","543346688"
"yune","track-b-product","jyut6ping3_mobile","session_create_select_destroy","","58","1","36136.700","36136.700","61575168","61624320","unavailable","511184896","30019584","30089216","unavailable","30089216","30089216","543346688"
"yune","track-b-product","jyut6ping3_mobile","session_create_select_destroy","","59","1","35963.100","35963.100","61628416","61628416","unavailable","511184896","30089216","30089216","unavailable","30089216","30089216","543346688"
"yune","track-b-product","jyut6ping3_mobile","key_sequence_process_with_context","neigojangingkeisatjinggoiziwunciucoenggeoizisyujapsinhojijung","0","61","22874.900","374.998","79544320","79548416","unavailable","511184896","35155968","35155968","unavailable","35155968","35155968","543346688"
"yune","track-b-product","jyut6ping3_mobile","key_sequence_process_with_context","neigojangingkeisatjinggoiziwunciucoenggeoizisyujapsinhojijung","1","61","23001.700","377.077","79548416","79548416","unavailable","511184896","35155968","35155968","unavailable","35155968","35155968","543346688"
"yune","track-b-product","jyut6ping3_mobile","key_sequence_process_with_context","neigojangingkeisatjinggoiziwunciucoenggeoizisyujapsinhojijung","2","61","23238.000","380.951","79548416","79548416","unavailable","511184896","35155968","35155968","unavailable","35155968","35155968","543346688"
"yune","track-b-product","jyut6ping3_mobile","key_sequence_process_with_context","neigojangingkeisatjinggoiziwunciucoenggeoizisyujapsinhojijung","3","61","23074.700","378.274","79548416","79548416","unavailable","511184896","35155968","35155968","unavailable","35155968","35155968","543346688"
"yune","track-b-product","jyut6ping3_mobile","key_sequence_process_with_context","neigojangingkeisatjinggoiziwunciucoenggeoizisyujapsinhojijung","4","61","23146.100","379.444","79548416","79548416","unavailable","511184896","35155968","35155968","unavailable","35155968","35155968","543346688"
"yune","track-b-product","jyut6ping3_mobile","key_sequence_process_with_context","neigojangingkeisatjinggoiziwunciucoenggeoizisyujapsinhojijung","5","61","22956.100","376.330","79548416","79548416","unavailable","511184896","35155968","35155968","unavailable","35155968","35155968","543346688"
"yune","track-b-product","jyut6ping3_mobile","key_sequence_process_with_context","neigojangingkeisatjinggoiziwunciucoenggeoizisyujapsinhojijung","6","61","22793.300","373.661","79548416","79548416","unavailable","511184896","35155968","35155968","unavailable","35155968","35155968","543346688"
"yune","track-b-product","jyut6ping3_mobile","key_sequence_process_with_context","neigojangingkeisatjinggoiziwunciucoenggeoizisyujapsinhojijung","7","61","22883.400","375.138","79548416","79548416","unavailable","511184896","35155968","35155968","unavailable","35155968","35155968","543346688"
"yune","track-b-product","jyut6ping3_mobile","key_sequence_process_with_context","neigojangingkeisatjinggoiziwunciucoenggeoizisyujapsinhojijung","8","61","22896.800","375.357","79548416","79548416","unavailable","511184896","35155968","35155968","unavailable","35155968","35155968","543346688"
"yune","track-b-product","jyut6ping3_mobile","key_sequence_process_with_context","neigojangingkeisatjinggoiziwunciucoenggeoizisyujapsinhojijung","9","61","24031.000","393.951","79548416","79548416","unavailable","511184896","35155968","35155968","unavailable","35155968","35155968","543346688"
"yune","track-b-product","jyut6ping3_mobile","key_sequence_process_with_context","neigojangingkeisatjinggoiziwunciucoenggeoizisyujapsinhojijung","10","61","23320.500","382.303","79548416","79548416","unavailable","511184896","35155968","35155968","unavailable","35155968","35155968","543346688"
"yune","track-b-product","jyut6ping3_mobile","key_sequence_process_with_context","neigojangingkeisatjinggoiziwunciucoenggeoizisyujapsinhojijung","11","61","22755.800","373.046","79548416","79609856","unavailable","511184896","35155968","35299328","unavailable","35299328","35299328","543346688"
"yune","track-b-product","jyut6ping3_mobile","key_sequence_process_with_context","neigojangingkeisatjinggoiziwunciucoenggeoizisyujapsinhojijung","12","61","22824.900","374.179","79609856","79650816","unavailable","511184896","35299328","35299328","unavailable","35299328","35299328","543346688"
"yune","track-b-product","jyut6ping3_mobile","key_sequence_process_with_context","neigojangingkeisatjinggoiziwunciucoenggeoizisyujapsinhojijung","13","61","23146.600","379.452","79650816","79663104","unavailable","511184896","35299328","35299328","unavailable","35299328","35299328","543346688"
"yune","track-b-product","jyut6ping3_mobile","key_sequence_process_with_context","neigojangingkeisatjinggoiziwunciucoenggeoizisyujapsinhojijung","14","61","22873.400","374.974","79663104","79663104","unavailable","511184896","35299328","35512320","unavailable","35512320","35512320","543346688"
"yune","track-b-product","jyut6ping3_mobile","key_sequence_process_with_context","neigojangingkeisatjinggoiziwunciucoenggeoizisyujapsinhojijung","15","61","22898.700","375.389","79663104","79671296","unavailable","511184896","35512320","35512320","unavailable","35512320","35512320","543346688"
"yune","track-b-product","jyut6ping3_mobile","key_sequence_process_with_context","neigojangingkeisatjinggoiziwunciucoenggeoizisyujapsinhojijung","16","61","23181.500","380.025","79671296","79687680","unavailable","511184896","35512320","35512320","unavailable","35512320","35512320","543346688"
"yune","track-b-product","jyut6ping3_mobile","key_sequence_process_with_context","neigojangingkeisatjinggoiziwunciucoenggeoizisyujapsinhojijung","17","61","22856.300","374.693","79687680","79687680","unavailable","511184896","35512320","35512320","unavailable","35512320","35512320","543346688"
"yune","track-b-product","jyut6ping3_mobile","key_sequence_process_with_context","neigojangingkeisatjinggoiziwunciucoenggeoizisyujapsinhojijung","18","61","22956.100","376.330","79687680","79687680","unavailable","511184896","35512320","35512320","unavailable","35512320","35512320","543346688"
"yune","track-b-product","jyut6ping3_mobile","key_sequence_process_with_context","neigojangingkeisatjinggoiziwunciucoenggeoizisyujapsinhojijung","19","61","23069.000","378.180","79687680","79687680","unavailable","511184896","35512320","35512320","unavailable","35512320","35512320","543346688"
"yune","track-b-product","jyut6ping3_mobile","key_sequence_process_with_context","neigojangingkeisatjinggoiziwunciucoenggeoizisyujapsinhojijung","20","61","23114.200","378.921","79687680","79687680","unavailable","511184896","35512320","35512320","unavailable","35512320","35512320","543346688"
"yune","track-b-product","jyut6ping3_mobile","key_sequence_process_with_context","neigojangingkeisatjinggoiziwunciucoenggeoizisyujapsinhojijung","21","61","23085.800","378.456","79687680","79687680","unavailable","511184896","35512320","35512320","unavailable","35512320","35512320","543346688"
"yune","track-b-product","jyut6ping3_mobile","key_sequence_process_with_context","neigojangingkeisatjinggoiziwunciucoenggeoizisyujapsinhojijung","22","61","23118.800","378.997","79687680","79687680","unavailable","511184896","35512320","35512320","unavailable","35512320","35512320","543346688"
"yune","track-b-product","jyut6ping3_mobile","key_sequence_process_with_context","neigojangingkeisatjinggoiziwunciucoenggeoizisyujapsinhojijung","23","61","23128.900","379.162","79687680","79687680","unavailable","511184896","35512320","35512320","unavailable","35512320","35512320","543346688"
"yune","track-b-product","jyut6ping3_mobile","key_sequence_process_with_context","neigojangingkeisatjinggoiziwunciucoenggeoizisyujapsinhojijung","24","61","23190.400","380.170","79687680","79687680","unavailable","511184896","35512320","35512320","unavailable","35512320","35512320","543346688"
"yune","track-b-product","jyut6ping3_mobile","key_sequence_process_with_context","neigojangingkeisatjinggoiziwunciucoenggeoizisyujapsinhojijung","25","61","23113.500","378.910","79687680","79687680","unavailable","511184896","35512320","35512320","unavailable","35512320","35512320","543346688"
"yune","track-b-product","jyut6ping3_mobile","key_sequence_process_with_context","neigojangingkeisatjinggoiziwunciucoenggeoizisyujapsinhojijung","26","61","23069.800","378.193","79687680","79687680","unavailable","511184896","35512320","35512320","unavailable","35512320","35512320","543346688"
"yune","track-b-product","jyut6ping3_mobile","key_sequence_process_with_context","neigojangingkeisatjinggoiziwunciucoenggeoizisyujapsinhojijung","27","61","22983.000","376.770","79687680","79687680","unavailable","511184896","35512320","35512320","unavailable","35512320","35512320","543346688"
"yune","track-b-product","jyut6ping3_mobile","key_sequence_process_with_context","neigojangingkeisatjinggoiziwunciucoenggeoizisyujapsinhojijung","28","61","23141.900","379.375","79687680","79687680","unavailable","511184896","35512320","35512320","unavailable","35512320","35512320","543346688"
"yune","track-b-product","jyut6ping3_mobile","key_sequence_process_with_context","neigojangingkeisatjinggoiziwunciucoenggeoizisyujapsinhojijung","29","61","23823.900","390.556","79687680","79798272","unavailable","511184896","35512320","35704832","unavailable","35704832","35704832","543346688"
"yune","track-b-product","jyut6ping3_mobile","key_sequence_process_with_context","neigojangingkeisatjinggoiziwunciucoenggeoizisyujapsinhojijung","30","61","23583.300","386.611","79798272","79798272","unavailable","511184896","35704832","35704832","unavailable","35704832","35704832","543346688"
"yune","track-b-product","jyut6ping3_mobile","key_sequence_process_with_context","neigojangingkeisatjinggoiziwunciucoenggeoizisyujapsinhojijung","31","61","23297.200","381.921","79798272","79798272","unavailable","511184896","35704832","35704832","unavailable","35704832","35704832","543346688"
"yune","track-b-product","jyut6ping3_mobile","key_sequence_process_with_context","neigojangingkeisatjinggoiziwunciucoenggeoizisyujapsinhojijung","32","61","23059.700","378.028","79798272","79798272","unavailable","511184896","35704832","36319232","unavailable","36319232","36319232","543346688"
"yune","track-b-product","jyut6ping3_mobile","key_sequence_process_with_context","neigojangingkeisatjinggoiziwunciucoenggeoizisyujapsinhojijung","33","61","23177.200","379.954","79798272","79806464","unavailable","511184896","36319232","36319232","unavailable","36319232","36319232","543346688"
"yune","track-b-product","jyut6ping3_mobile","key_sequence_process_with_context","neigojangingkeisatjinggoiziwunciucoenggeoizisyujapsinhojijung","34","61","23129.800","379.177","79806464","79806464","unavailable","511184896","36319232","36319232","unavailable","36319232","36319232","543346688"
"yune","track-b-product","jyut6ping3_mobile","key_sequence_process_with_context","neigojangingkeisatjinggoiziwunciucoenggeoizisyujapsinhojijung","35","61","23202.500","380.369","79806464","79978496","unavailable","511184896","36319232","36528128","unavailable","36528128","36528128","543346688"
"yune","track-b-product","jyut6ping3_mobile","key_sequence_process_with_context","neigojangingkeisatjinggoiziwunciucoenggeoizisyujapsinhojijung","36","61","23100.200","378.692","79978496","79982592","unavailable","511184896","36528128","36528128","unavailable","36528128","36528128","543346688"
"yune","track-b-product","jyut6ping3_mobile","key_sequence_process_with_context","neigojangingkeisatjinggoiziwunciucoenggeoizisyujapsinhojijung","37","61","23123.100","379.067","79982592","79982592","unavailable","511184896","36528128","36528128","unavailable","36528128","36528128","543346688"
"yune","track-b-product","jyut6ping3_mobile","key_sequence_process_with_context","neigojangingkeisatjinggoiziwunciucoenggeoizisyujapsinhojijung","38","61","23929.400","392.285","79982592","79982592","unavailable","511184896","36528128","36528128","unavailable","36528128","36528128","543346688"
"yune","track-b-product","jyut6ping3_mobile","key_sequence_process_with_context","neigojangingkeisatjinggoiziwunciucoenggeoizisyujapsinhojijung","39","61","23558.100","386.198","79982592","79982592","unavailable","511184896","36528128","36528128","unavailable","36528128","36528128","543346688"
"yune","track-b-product","jyut6ping3_mobile","key_sequence_process_with_context","neigojangingkeisatjinggoiziwunciucoenggeoizisyujapsinhojijung","40","61","23387.200","383.397","79982592","79982592","unavailable","511184896","36528128","36528128","unavailable","36528128","36528128","543346688"
"yune","track-b-product","jyut6ping3_mobile","key_sequence_process_with_context","neigojangingkeisatjinggoiziwunciucoenggeoizisyujapsinhojijung","41","61","23475.100","384.838","79982592","79982592","unavailable","511184896","36528128","36528128","unavailable","36528128","36528128","543346688"
"yune","track-b-product","jyut6ping3_mobile","key_sequence_process_with_context","neigojangingkeisatjinggoiziwunciucoenggeoizisyujapsinhojijung","42","61","23572.200","386.430","79982592","79998976","unavailable","511184896","36528128","36528128","unavailable","36528128","36528128","543346688"
"yune","track-b-product","jyut6ping3_mobile","key_sequence_process_with_context","neigojangingkeisatjinggoiziwunciucoenggeoizisyujapsinhojijung","43","61","23110.700","378.864","79998976","79998976","unavailable","511184896","36528128","36528128","unavailable","36528128","36528128","543346688"
"yune","track-b-product","jyut6ping3_mobile","key_sequence_process_with_context","neigojangingkeisatjinggoiziwunciucoenggeoizisyujapsinhojijung","44","61","22930.000","375.902","79998976","79998976","unavailable","511184896","36528128","36528128","unavailable","36528128","36528128","543346688"
"yune","track-b-product","jyut6ping3_mobile","key_sequence_process_with_context","neigojangingkeisatjinggoiziwunciucoenggeoizisyujapsinhojijung","45","61","23098.600","378.666","79998976","80175104","unavailable","511184896","36528128","36741120","unavailable","36741120","36741120","543346688"
"yune","track-b-product","jyut6ping3_mobile","key_sequence_process_with_context","neigojangingkeisatjinggoiziwunciucoenggeoizisyujapsinhojijung","46","61","23030.400","377.548","80175104","80224256","unavailable","511184896","36741120","36741120","unavailable","36741120","36741120","543346688"
"yune","track-b-product","jyut6ping3_mobile","key_sequence_process_with_context","neigojangingkeisatjinggoiziwunciucoenggeoizisyujapsinhojijung","47","61","23114.900","378.933","80224256","80224256","unavailable","511184896","36741120","36741120","unavailable","36741120","36741120","543346688"
"yune","track-b-product","jyut6ping3_mobile","key_sequence_process_with_context","neigojangingkeisatjinggoiziwunciucoenggeoizisyujapsinhojijung","48","61","23215.100","380.575","80228352","80232448","unavailable","511184896","36741120","36741120","unavailable","36741120","36741120","543346688"
"yune","track-b-product","jyut6ping3_mobile","key_sequence_process_with_context","neigojangingkeisatjinggoiziwunciucoenggeoizisyujapsinhojijung","49","61","23194.100","380.231","80232448","80236544","unavailable","511184896","36741120","36741120","unavailable","36741120","36741120","543346688"
"yune","track-b-product","jyut6ping3_mobile","key_sequence_process_with_context","neigojangingkeisatjinggoiziwunciucoenggeoizisyujapsinhojijung","50","61","23192.900","380.211","80236544","80240640","unavailable","511184896","36741120","36741120","unavailable","36741120","36741120","543346688"
"yune","track-b-product","jyut6ping3_mobile","key_sequence_process_with_context","neigojangingkeisatjinggoiziwunciucoenggeoizisyujapsinhojijung","51","61","23196.700","380.274","80240640","80248832","unavailable","511184896","36741120","36741120","unavailable","36741120","36741120","543346688"
"yune","track-b-product","jyut6ping3_mobile","key_sequence_process_with_context","neigojangingkeisatjinggoiziwunciucoenggeoizisyujapsinhojijung","52","61","23161.600","379.698","80248832","80248832","unavailable","511184896","36741120","36741120","unavailable","36741120","36741120","543346688"
"yune","track-b-product","jyut6ping3_mobile","key_sequence_process_with_context","neigojangingkeisatjinggoiziwunciucoenggeoizisyujapsinhojijung","53","61","22952.900","376.277","80248832","80248832","unavailable","511184896","36741120","36741120","unavailable","36741120","36741120","543346688"
"yune","track-b-product","jyut6ping3_mobile","key_sequence_process_with_context","neigojangingkeisatjinggoiziwunciucoenggeoizisyujapsinhojijung","54","61","23381.000","383.295","80248832","80257024","unavailable","511184896","36741120","36741120","unavailable","36741120","36741120","543346688"
"yune","track-b-product","jyut6ping3_mobile","key_sequence_process_with_context","neigojangingkeisatjinggoiziwunciucoenggeoizisyujapsinhojijung","55","61","23138.000","379.311","80257024","80273408","unavailable","511184896","36741120","36741120","unavailable","36741120","36741120","543346688"
"yune","track-b-product","jyut6ping3_mobile","key_sequence_process_with_context","neigojangingkeisatjinggoiziwunciucoenggeoizisyujapsinhojijung","56","61","23812.900","390.375","80273408","80273408","unavailable","511184896","36741120","36741120","unavailable","36741120","36741120","543346688"
"yune","track-b-product","jyut6ping3_mobile","key_sequence_process_with_context","neigojangingkeisatjinggoiziwunciucoenggeoizisyujapsinhojijung","57","61","23035.000","377.623","80273408","80273408","unavailable","511184896","36741120","36741120","unavailable","36741120","36741120","543346688"
"yune","track-b-product","jyut6ping3_mobile","key_sequence_process_with_context","neigojangingkeisatjinggoiziwunciucoenggeoizisyujapsinhojijung","58","61","22562.400","369.875","80273408","80273408","unavailable","511184896","36741120","36741120","unavailable","36741120","36741120","543346688"
"yune","track-b-product","jyut6ping3_mobile","key_sequence_process_with_context","neigojangingkeisatjinggoiziwunciucoenggeoizisyujapsinhojijung","59","61","22696.300","372.070","80273408","80273408","unavailable","511184896","36741120","36741120","unavailable","36741120","36741120","543346688"
"yune","track-b-product","jyut6ping3_mobile","key_sequence_process_with_context","neigojangingkeisatjinggoiziwunciucoenggeoizisyujapsinhojijung","60","61","22800.000","373.770","80273408","80490496","unavailable","511184896","36741120","36954112","unavailable","36954112","36954112","543346688"
"yune","track-b-product","jyut6ping3_mobile","key_sequence_process_with_context","neigojangingkeisatjinggoiziwunciucoenggeoizisyujapsinhojijung","61","61","22839.400","374.416","80490496","80490496","unavailable","511184896","36954112","36954112","unavailable","36954112","36954112","543346688"
"yune","track-b-product","jyut6ping3_mobile","key_sequence_process_with_context","neigojangingkeisatjinggoiziwunciucoenggeoizisyujapsinhojijung","62","61","22995.300","376.972","80490496","80490496","unavailable","511184896","36954112","36954112","unavailable","36954112","36954112","543346688"
"yune","track-b-product","jyut6ping3_mobile","key_sequence_process_with_context","neigojangingkeisatjinggoiziwunciucoenggeoizisyujapsinhojijung","63","61","22741.500","372.811","80490496","80494592","unavailable","511184896","36954112","36954112","unavailable","36954112","36954112","543346688"
"yune","track-b-product","jyut6ping3_mobile","key_sequence_process_with_context","neigojangingkeisatjinggoiziwunciucoenggeoizisyujapsinhojijung","64","61","22607.500","370.615","80494592","80494592","unavailable","511184896","36954112","36954112","unavailable","36954112","36954112","543346688"
"yune","track-b-product","jyut6ping3_mobile","key_sequence_process_with_context","neigojangingkeisatjinggoiziwunciucoenggeoizisyujapsinhojijung","65","61","22690.900","371.982","80494592","80494592","unavailable","511184896","36954112","36954112","unavailable","36954112","36954112","543346688"
"yune","track-b-product","jyut6ping3_mobile","key_sequence_process_with_context","neigojangingkeisatjinggoiziwunciucoenggeoizisyujapsinhojijung","66","61","22645.500","371.238","80494592","80494592","unavailable","511184896","36954112","36954112","unavailable","36954112","36954112","543346688"
"yune","track-b-product","jyut6ping3_mobile","key_sequence_process_with_context","neigojangingkeisatjinggoiziwunciucoenggeoizisyujapsinhojijung","67","61","22532.700","369.389","80494592","80494592","unavailable","511184896","36954112","36954112","unavailable","36954112","36954112","543346688"
"yune","track-b-product","jyut6ping3_mobile","key_sequence_process_with_context","neigojangingkeisatjinggoiziwunciucoenggeoizisyujapsinhojijung","68","61","22755.800","373.046","80494592","80494592","unavailable","511184896","36954112","36954112","unavailable","36954112","36954112","543346688"
"yune","track-b-product","jyut6ping3_mobile","key_sequence_process_with_context","neigojangingkeisatjinggoiziwunciucoenggeoizisyujapsinhojijung","69","61","23008.700","377.192","80494592","80494592","unavailable","511184896","36954112","36954112","unavailable","36954112","36954112","543346688"
"yune","track-b-product","jyut6ping3_mobile","key_sequence_process_with_context","neigojangingkeisatjinggoiziwunciucoenggeoizisyujapsinhojijung","70","61","22786.400","373.548","80494592","80494592","unavailable","511184896","36954112","36954112","unavailable","36954112","36954112","543346688"
"yune","track-b-product","jyut6ping3_mobile","key_sequence_process_with_context","neigojangingkeisatjinggoiziwunciucoenggeoizisyujapsinhojijung","71","61","22995.300","376.972","80494592","80494592","unavailable","511184896","36954112","36954112","unavailable","36954112","36954112","543346688"
"yune","track-b-product","jyut6ping3_mobile","key_sequence_process_with_context","neigojangingkeisatjinggoiziwunciucoenggeoizisyujapsinhojijung","72","61","23397.400","383.564","80494592","80494592","unavailable","511184896","36954112","36954112","unavailable","36954112","36954112","543346688"
"yune","track-b-product","jyut6ping3_mobile","key_sequence_process_with_context","neigojangingkeisatjinggoiziwunciucoenggeoizisyujapsinhojijung","73","61","22990.100","376.887","80494592","80494592","unavailable","511184896","36954112","36954112","unavailable","36954112","36954112","543346688"
"yune","track-b-product","jyut6ping3_mobile","key_sequence_process_with_context","neigojangingkeisatjinggoiziwunciucoenggeoizisyujapsinhojijung","74","61","22781.400","373.466","80494592","80494592","unavailable","511184896","36954112","36954112","unavailable","36954112","36954112","543346688"
"yune","track-b-product","jyut6ping3_mobile","key_sequence_process_with_context","neigojangingkeisatjinggoiziwunciucoenggeoizisyujapsinhojijung","75","61","23638.700","387.520","80494592","80609280","unavailable","511184896","36954112","37179392","unavailable","37179392","37179392","543346688"
"yune","track-b-product","jyut6ping3_mobile","key_sequence_process_with_context","neigojangingkeisatjinggoiziwunciucoenggeoizisyujapsinhojijung","76","61","22714.200","372.364","80609280","80609280","unavailable","511184896","37179392","37179392","unavailable","37179392","37179392","543346688"
"yune","track-b-product","jyut6ping3_mobile","key_sequence_process_with_context","neigojangingkeisatjinggoiziwunciucoenggeoizisyujapsinhojijung","77","61","22658.100","371.444","80609280","80609280","unavailable","511184896","37179392","37179392","unavailable","37179392","37179392","543346688"
"yune","track-b-product","jyut6ping3_mobile","key_sequence_process_with_context","neigojangingkeisatjinggoiziwunciucoenggeoizisyujapsinhojijung","78","61","22868.100","374.887","80609280","80621568","unavailable","511184896","37179392","37179392","unavailable","37179392","37179392","543346688"
"yune","track-b-product","jyut6ping3_mobile","key_sequence_process_with_context","neigojangingkeisatjinggoiziwunciucoenggeoizisyujapsinhojijung","79","61","22670.000","371.639","80621568","80646144","unavailable","511184896","37179392","37179392","unavailable","37179392","37179392","543346688"
