"engine","track","schema_id","workload","input","sample_index","operation_count","total_us","us_per_operation","before_working_set_bytes","after_ready_working_set_bytes","after_finalize_working_set_bytes","peak_working_set_bytes","before_private_bytes","after_ready_private_bytes","after_finalize_private_bytes","private_bytes","pagefile_bytes","peak_pagefile_bytes"
"librime-1.17.0","track-a-comparison","luna_pinyin","startup_warm_shared_assets_runtime_ready","","0","1","50398.000","50398.000","7020544","10510336","9805824","11612160","1581056","3358720","2469888","3358720","3358720","5599232"
"librime-1.17.0","track-a-comparison","luna_pinyin","startup_warm_shared_assets_runtime_ready","","1","1","26494.600","26494.600","9809920","10866688","9990144","13299712","2469888","3694592","2891776","3694592","3694592","5967872"
"librime-1.17.0","track-a-comparison","luna_pinyin","startup_warm_shared_assets_runtime_ready","","2","1","29200.100","29200.100","9990144","10866688","9965568","13328384","2891776","3678208","2580480","3678208","3678208","6037504"
"librime-1.17.0","track-a-comparison","luna_pinyin","startup_warm_shared_assets_runtime_ready","","3","1","23696.700","23696.700","9965568","10887168","10006528","13328384","2580480","3833856","2662400","3833856","3833856","6037504"
"librime-1.17.0","track-a-comparison","luna_pinyin","startup_warm_shared_assets_runtime_ready","","4","1","23923.100","23923.100","10006528","10944512","10067968","13328384","2662400","3768320","3084288","3768320","3768320","6037504"
"librime-1.17.0","track-a-comparison","luna_pinyin","startup_warm_shared_assets_runtime_ready","","5","1","23026.700","23026.700","10067968","10936320","10080256","13414400","3084288","3674112","3026944","3674112","3674112","6144000"
"librime-1.17.0","track-a-comparison","luna_pinyin","startup_warm_shared_assets_runtime_ready","","6","1","24206.300","24206.300","10080256","10956800","10088448","13422592","3026944","3760128","2854912","3760128","3760128","6144000"
"librime-1.17.0","track-a-comparison","luna_pinyin","startup_warm_shared_assets_runtime_ready","","7","1","31514.300","31514.300","10088448","10960896","10199040","13422592","2854912","3739648","3235840","3739648","3739648","6144000"
"librime-1.17.0","track-a-comparison","luna_pinyin","startup_warm_shared_assets_runtime_ready","","8","1","23907.400","23907.400","10199040","10964992","10121216","13434880","3235840","3772416","2768896","3772416","3772416","6213632"
"librime-1.17.0","track-a-comparison","luna_pinyin","session_create_select_destroy","","0","1","27184.500","27184.500","10125312","10305536","unavailable","13434880","2793472","2961408","unavailable","2961408","2961408","6213632"
"librime-1.17.0","track-a-comparison","luna_pinyin","session_create_select_destroy","","1","1","23063.500","23063.500","10305536","10448896","unavailable","13459456","2961408","3584000","unavailable","3584000","3584000","6213632"
"librime-1.17.0","track-a-comparison","luna_pinyin","session_create_select_destroy","","2","1","32132.300","32132.300","10448896","10424320","unavailable","13479936","3584000","3420160","unavailable","3420160","3420160","6283264"
"librime-1.17.0","track-a-comparison","luna_pinyin","session_create_select_destroy","","3","1","23991.900","23991.900","10424320","10457088","unavailable","13479936","3420160","3600384","unavailable","3600384","3600384","6283264"
"librime-1.17.0","track-a-comparison","luna_pinyin","session_create_select_destroy","","4","1","29111.500","29111.500","10457088","10395648","unavailable","13496320","3600384","3534848","unavailable","3534848","3534848","6283264"
"librime-1.17.0","track-a-comparison","luna_pinyin","session_create_select_destroy","","5","1","29722.500","29722.500","10395648","10444800","unavailable","13496320","3534848","3379200","unavailable","3379200","3379200","6283264"
"librime-1.17.0","track-a-comparison","luna_pinyin","session_create_select_destroy","","6","1","28430.100","28430.100","10444800","10424320","unavailable","13496320","3379200","3633152","unavailable","3633152","3633152","6283264"
"librime-1.17.0","track-a-comparison","luna_pinyin","session_create_select_destroy","","7","1","32808.400","32808.400","10424320","10375168","unavailable","13496320","3633152","3039232","unavailable","3039232","3039232","6283264"
"librime-1.17.0","track-a-comparison","luna_pinyin","session_create_select_destroy","","8","1","25017.100","25017.100","10387456","10498048","unavailable","13496320","3063808","3477504","unavailable","3477504","3477504","6283264"
"librime-1.17.0","track-a-comparison","luna_pinyin","session_create_select_destroy","","9","1","29169.700","29169.700","10498048","10584064","unavailable","13496320","3477504","3522560","unavailable","3522560","3522560","6283264"
"librime-1.17.0","track-a-comparison","luna_pinyin","session_create_select_destroy","","10","1","24051.100","24051.100","10584064","10563584","unavailable","13496320","3522560","3432448","unavailable","3432448","3432448","6283264"
"librime-1.17.0","track-a-comparison","luna_pinyin","session_create_select_destroy","","11","1","26521.600","26521.600","10563584","10579968","unavailable","13496320","3432448","3477504","unavailable","3477504","3477504","6283264"
"librime-1.17.0","track-a-comparison","luna_pinyin","session_create_select_destroy","","12","1","23353.300","23353.300","10579968","10555392","unavailable","13516800","3477504","3723264","unavailable","3723264","3723264","6283264"
"librime-1.17.0","track-a-comparison","luna_pinyin","session_create_select_destroy","","13","1","22332.200","22332.200","10559488","10592256","unavailable","13516800","3723264","3502080","unavailable","3502080","3502080","6283264"
"librime-1.17.0","track-a-comparison","luna_pinyin","session_create_select_destroy","","14","1","22625.700","22625.700","10592256","10604544","unavailable","13520896","3502080","3497984","unavailable","3497984","3497984","6344704"
"librime-1.17.0","track-a-comparison","luna_pinyin","session_create_select_destroy","","15","1","23628.500","23628.500","10604544","10596352","unavailable","13520896","3497984","3264512","unavailable","3264512","3264512","6352896"
"librime-1.17.0","track-a-comparison","luna_pinyin","session_create_select_destroy","","16","1","22986.600","22986.600","10596352","10579968","unavailable","13524992","3264512","3256320","unavailable","3256320","3256320","6352896"
"librime-1.17.0","track-a-comparison","luna_pinyin","session_create_select_destroy","","17","1","23485.000","23485.000","10579968","10657792","unavailable","13524992","3256320","3592192","unavailable","3592192","3592192","6422528"
"librime-1.17.0","track-a-comparison","luna_pinyin","session_create_select_destroy","","18","1","23264.900","23264.900","10657792","10661888","unavailable","13524992","3592192","3526656","unavailable","3526656","3526656","6422528"
"librime-1.17.0","track-a-comparison","luna_pinyin","session_create_select_destroy","","19","1","27721.900","27721.900","10661888","10600448","unavailable","13561856","3526656","3272704","unavailable","3272704","3272704","6422528"
"librime-1.17.0","track-a-comparison","luna_pinyin","session_create_select_destroy","","20","1","23032.400","23032.400","10600448","10637312","unavailable","13561856","3272704","3510272","unavailable","3510272","3510272","6422528"
"librime-1.17.0","track-a-comparison","luna_pinyin","session_create_select_destroy","","21","1","23310.800","23310.800","10637312","10678272","unavailable","13561856","3510272","3624960","unavailable","3624960","3624960","6422528"
"librime-1.17.0","track-a-comparison","luna_pinyin","session_create_select_destroy","","22","1","24045.200","24045.200","10678272","10596352","unavailable","13561856","3624960","3264512","unavailable","3264512","3264512","6422528"
"librime-1.17.0","track-a-comparison","luna_pinyin","session_create_select_destroy","","23","1","26479.900","26479.900","10596352","10571776","unavailable","13561856","3264512","3362816","unavailable","3362816","3362816","6422528"
"librime-1.17.0","track-a-comparison","luna_pinyin","session_create_select_destroy","","24","1","24007.500","24007.500","10588160","10596352","unavailable","13561856","3391488","3268608","unavailable","3268608","3268608","6422528"
"librime-1.17.0","track-a-comparison","luna_pinyin","session_create_select_destroy","","25","1","22135.900","22135.900","10596352","10637312","unavailable","13561856","3268608","3547136","unavailable","3547136","3547136","6422528"
"librime-1.17.0","track-a-comparison","luna_pinyin","session_create_select_destroy","","26","1","26121.000","26121.000","10637312","10551296","unavailable","13561856","3547136","3493888","unavailable","3493888","3493888","6422528"
"librime-1.17.0","track-a-comparison","luna_pinyin","session_create_select_destroy","","27","1","22466.600","22466.600","10555392","10604544","unavailable","13561856","3493888","3272704","unavailable","3272704","3272704","6422528"
"librime-1.17.0","track-a-comparison","luna_pinyin","session_create_select_destroy","","28","1","23238.400","23238.400","10604544","10649600","unavailable","13561856","3272704","3510272","unavailable","3510272","3510272","6422528"
"librime-1.17.0","track-a-comparison","luna_pinyin","session_create_select_destroy","","29","1","22483.800","22483.800","10649600","10620928","unavailable","13561856","3510272","3309568","unavailable","3309568","3309568","6422528"
"librime-1.17.0","track-a-comparison","luna_pinyin","session_create_select_destroy","","30","1","23840.300","23840.300","10620928","10649600","unavailable","13561856","3309568","3325952","unavailable","3325952","3325952","6422528"
"librime-1.17.0","track-a-comparison","luna_pinyin","session_create_select_destroy","","31","1","27443.900","27443.900","10649600","10674176","unavailable","13561856","3325952","3358720","unavailable","3358720","3358720","6422528"
"librime-1.17.0","track-a-comparison","luna_pinyin","session_create_select_destroy","","32","1","28711.700","28711.700","10674176","10706944","unavailable","13561856","3358720","3584000","unavailable","3584000","3584000","6422528"
"librime-1.17.0","track-a-comparison","luna_pinyin","session_create_select_destroy","","33","1","25522.200","25522.200","10706944","10674176","unavailable","13561856","3584000","3350528","unavailable","3350528","3350528","6422528"
"librime-1.17.0","track-a-comparison","luna_pinyin","session_create_select_destroy","","34","1","23438.700","23438.700","10674176","10702848","unavailable","13561856","3350528","3383296","unavailable","3383296","3383296","6492160"
"librime-1.17.0","track-a-comparison","luna_pinyin","session_create_select_destroy","","35","1","23553.700","23553.700","10702848","10686464","unavailable","13561856","3383296","3567616","unavailable","3567616","3567616","6492160"
"librime-1.17.0","track-a-comparison","luna_pinyin","session_create_select_destroy","","36","1","24617.900","24617.900","10690560","10715136","unavailable","13561856","3567616","3596288","unavailable","3596288","3596288","6492160"
"librime-1.17.0","track-a-comparison","luna_pinyin","session_create_select_destroy","","37","1","27891.600","27891.600","10715136","10702848","unavailable","13561856","3596288","3592192","unavailable","3592192","3592192","6492160"
"librime-1.17.0","track-a-comparison","luna_pinyin","session_create_select_destroy","","38","1","23959.100","23959.100","10702848","10706944","unavailable","13561856","3592192","3383296","unavailable","3383296","3383296","6492160"
"librime-1.17.0","track-a-comparison","luna_pinyin","session_create_select_destroy","","39","1","30119.100","30119.100","10706944","10698752","unavailable","13561856","3383296","3375104","unavailable","3375104","3375104","6492160"
"librime-1.17.0","track-a-comparison","luna_pinyin","session_create_select_destroy","","40","1","26207.400","26207.400","10698752","10715136","unavailable","13561856","3375104","3391488","unavailable","3391488","3391488","6492160"
"librime-1.17.0","track-a-comparison","luna_pinyin","session_create_select_destroy","","41","1","25084.400","25084.400","10715136","10784768","unavailable","13561856","3391488","3661824","unavailable","3661824","3661824","6492160"
"librime-1.17.0","track-a-comparison","luna_pinyin","session_create_select_destroy","","42","1","25324.500","25324.500","10784768","10752000","unavailable","13561856","3661824","3452928","unavailable","3452928","3452928","6492160"
"librime-1.17.0","track-a-comparison","luna_pinyin","session_create_select_destroy","","43","1","25088.100","25088.100","10752000","10919936","unavailable","13561856","3452928","4046848","unavailable","4046848","4046848","6492160"
"librime-1.17.0","track-a-comparison","luna_pinyin","session_create_select_destroy","","44","1","25043.300","25043.300","10919936","10862592","unavailable","13561856","4046848","3555328","unavailable","3555328","3555328","6492160"
"librime-1.17.0","track-a-comparison","luna_pinyin","session_create_select_destroy","","45","1","30847.400","30847.400","10866688","11010048","unavailable","13561856","3555328","4136960","unavailable","4136960","4136960","6492160"
"librime-1.17.0","track-a-comparison","luna_pinyin","session_create_select_destroy","","46","1","30669.800","30669.800","11010048","10948608","unavailable","13561856","4136960","3645440","unavailable","3645440","3645440","6492160"
"librime-1.17.0","track-a-comparison","luna_pinyin","session_create_select_destroy","","47","1","29288.000","29288.000","10948608","10989568","unavailable","13561856","3645440","4104192","unavailable","4104192","4104192","6492160"
"librime-1.17.0","track-a-comparison","luna_pinyin","session_create_select_destroy","","48","1","24749.400","24749.400","10989568","10928128","unavailable","13561856","4104192","4042752","unavailable","4042752","4042752","6492160"
"librime-1.17.0","track-a-comparison","luna_pinyin","session_create_select_destroy","","49","1","24586.200","24586.200","10928128","10985472","unavailable","13561856","4042752","4091904","unavailable","4091904","4091904","6492160"
"librime-1.17.0","track-a-comparison","luna_pinyin","session_create_select_destroy","","50","1","28395.900","28395.900","10985472","11010048","unavailable","13561856","4091904","4128768","unavailable","4128768","4128768","6492160"
"librime-1.17.0","track-a-comparison","luna_pinyin","session_create_select_destroy","","51","1","26291.600","26291.600","11010048","10997760","unavailable","13561856","4128768","4100096","unavailable","4100096","4100096","6492160"
"librime-1.17.0","track-a-comparison","luna_pinyin","session_create_select_destroy","","52","1","28599.500","28599.500","10997760","10878976","unavailable","13561856","4100096","3559424","unavailable","3559424","3559424","6492160"
"librime-1.17.0","track-a-comparison","luna_pinyin","session_create_select_destroy","","53","1","25111.300","25111.300","10878976","10973184","unavailable","13561856","3559424","4075520","unavailable","4075520","4075520","6492160"
"librime-1.17.0","track-a-comparison","luna_pinyin","session_create_select_destroy","","54","1","25113.200","25113.200","10973184","10838016","unavailable","13561856","4075520","3518464","unavailable","3518464","3518464","6492160"
"librime-1.17.0","track-a-comparison","luna_pinyin","session_create_select_destroy","","55","1","25640.300","25640.300","10838016","10915840","unavailable","13561856","3518464","3895296","unavailable","3895296","3895296","6492160"
"librime-1.17.0","track-a-comparison","luna_pinyin","session_create_select_destroy","","56","1","24239.600","24239.600","10919936","10977280","unavailable","13561856","3993600","4124672","unavailable","4124672","4124672","6492160"
"librime-1.17.0","track-a-comparison","luna_pinyin","session_create_select_destroy","","57","1","23118.700","23118.700","10977280","10932224","unavailable","13561856","4124672","4079616","unavailable","4079616","4079616","6492160"
"librime-1.17.0","track-a-comparison","luna_pinyin","session_create_select_destroy","","58","1","23737.000","23737.000","10932224","10936320","unavailable","13565952","4079616","4075520","unavailable","4075520","4075520","6492160"
"librime-1.17.0","track-a-comparison","luna_pinyin","session_create_select_destroy","","59","1","22932.000","22932.000","10936320","11014144","unavailable","13565952","4075520","4169728","unavailable","4169728","4169728","6492160"
"librime-1.17.0","track-a-comparison","luna_pinyin","key_sequence_process_with_context","n","0","1","21.900","21.900","11976704","11980800","unavailable","13565952","4583424","4583424","unavailable","4583424","4583424","6492160"
"librime-1.17.0","track-a-comparison","luna_pinyin","key_sequence_process_with_context","n","1","1","22.300","22.300","11980800","11980800","unavailable","13565952","4583424","4583424","unavailable","4583424","4583424","6492160"
"librime-1.17.0","track-a-comparison","luna_pinyin","key_sequence_process_with_context","n","2","1","21.800","21.800","11980800","11980800","unavailable","13565952","4583424","4583424","unavailable","4583424","4583424","6492160"
"librime-1.17.0","track-a-comparison","luna_pinyin","key_sequence_process_with_context","n","3","1","22.500","22.500","11984896","11984896","unavailable","13565952","4583424","4583424","unavailable","4583424","4583424","6492160"
"librime-1.17.0","track-a-comparison","luna_pinyin","key_sequence_process_with_context","n","4","1","21.500","21.500","11984896","11984896","unavailable","13565952","4583424","4583424","unavailable","4583424","4583424","6492160"
"librime-1.17.0","track-a-comparison","luna_pinyin","key_sequence_process_with_context","n","5","1","21.600","21.600","11984896","11984896","unavailable","13565952","4583424","4583424","unavailable","4583424","4583424","6492160"
"librime-1.17.0","track-a-comparison","luna_pinyin","key_sequence_process_with_context","n","6","1","21.500","21.500","11984896","11984896","unavailable","13565952","4583424","4583424","unavailable","4583424","4583424","6492160"
"librime-1.17.0","track-a-comparison","luna_pinyin","key_sequence_process_with_context","n","7","1","21.200","21.200","11984896","11984896","unavailable","13565952","4583424","4583424","unavailable","4583424","4583424","6492160"
"librime-1.17.0","track-a-comparison","luna_pinyin","key_sequence_process_with_context","n","8","1","21.200","21.200","11984896","11984896","unavailable","13565952","4583424","4583424","unavailable","4583424","4583424","6492160"
"librime-1.17.0","track-a-comparison","luna_pinyin","key_sequence_process_with_context","n","9","1","21.000","21.000","11984896","11984896","unavailable","13565952","4583424","4583424","unavailable","4583424","4583424","6492160"
"librime-1.17.0","track-a-comparison","luna_pinyin","key_sequence_process_with_context","n","10","1","21.400","21.400","11984896","11984896","unavailable","13565952","4583424","4583424","unavailable","4583424","4583424","6492160"
"librime-1.17.0","track-a-comparison","luna_pinyin","key_sequence_process_with_context","n","11","1","21.200","21.200","11984896","11984896","unavailable","13565952","4583424","4583424","unavailable","4583424","4583424","6492160"
"librime-1.17.0","track-a-comparison","luna_pinyin","key_sequence_process_with_context","n","12","1","21.200","21.200","11988992","11988992","unavailable","13565952","4583424","4583424","unavailable","4583424","4583424","6492160"
"librime-1.17.0","track-a-comparison","luna_pinyin","key_sequence_process_with_context","n","13","1","21.100","21.100","11988992","11988992","unavailable","13565952","4583424","4583424","unavailable","4583424","4583424","6492160"
"librime-1.17.0","track-a-comparison","luna_pinyin","key_sequence_process_with_context","n","14","1","21.100","21.100","11988992","11988992","unavailable","13565952","4583424","4583424","unavailable","4583424","4583424","6492160"
"librime-1.17.0","track-a-comparison","luna_pinyin","key_sequence_process_with_context","n","15","1","21.000","21.000","11988992","11988992","unavailable","13565952","4583424","4583424","unavailable","4583424","4583424","6492160"
"librime-1.17.0","track-a-comparison","luna_pinyin","key_sequence_process_with_context","n","16","1","21.400","21.400","11988992","11988992","unavailable","13565952","4583424","4583424","unavailable","4583424","4583424","6492160"
"librime-1.17.0","track-a-comparison","luna_pinyin","key_sequence_process_with_context","n","17","1","21.400","21.400","11988992","11988992","unavailable","13565952","4583424","4583424","unavailable","4583424","4583424","6492160"
"librime-1.17.0","track-a-comparison","luna_pinyin","key_sequence_process_with_context","n","18","1","21.300","21.300","11988992","11988992","unavailable","13565952","4583424","4583424","unavailable","4583424","4583424","6492160"
"librime-1.17.0","track-a-comparison","luna_pinyin","key_sequence_process_with_context","n","19","1","21.100","21.100","11988992","11988992","unavailable","13565952","4583424","4583424","unavailable","4583424","4583424","6492160"
"librime-1.17.0","track-a-comparison","luna_pinyin","key_sequence_process_with_context","n","20","1","20.800","20.800","11988992","11988992","unavailable","13565952","4583424","4583424","unavailable","4583424","4583424","6492160"
"librime-1.17.0","track-a-comparison","luna_pinyin","key_sequence_process_with_context","n","21","1","20.900","20.900","11993088","11993088","unavailable","13565952","4583424","4583424","unavailable","4583424","4583424","6492160"
"librime-1.17.0","track-a-comparison","luna_pinyin","key_sequence_process_with_context","n","22","1","20.800","20.800","11993088","11993088","unavailable","13565952","4583424","4583424","unavailable","4583424","4583424","6492160"
"librime-1.17.0","track-a-comparison","luna_pinyin","key_sequence_process_with_context","n","23","1","21.100","21.100","11993088","11993088","unavailable","13565952","4583424","4583424","unavailable","4583424","4583424","6492160"
"librime-1.17.0","track-a-comparison","luna_pinyin","key_sequence_process_with_context","n","24","1","21.600","21.600","11993088","11993088","unavailable","13565952","4583424","4583424","unavailable","4583424","4583424","6492160"
"librime-1.17.0","track-a-comparison","luna_pinyin","key_sequence_process_with_context","n","25","1","21.000","21.000","11993088","11993088","unavailable","13565952","4583424","4583424","unavailable","4583424","4583424","6492160"
"librime-1.17.0","track-a-comparison","luna_pinyin","key_sequence_process_with_context","n","26","1","20.900","20.900","11993088","11993088","unavailable","13565952","4583424","4583424","unavailable","4583424","4583424","6492160"
"librime-1.17.0","track-a-comparison","luna_pinyin","key_sequence_process_with_context","n","27","1","21.000","21.000","11993088","11993088","unavailable","13565952","4583424","4583424","unavailable","4583424","4583424","6492160"
"librime-1.17.0","track-a-comparison","luna_pinyin","key_sequence_process_with_context","n","28","1","20.900","20.900","11993088","11993088","unavailable","13565952","4583424","4583424","unavailable","4583424","4583424","6492160"
"librime-1.17.0","track-a-comparison","luna_pinyin","key_sequence_process_with_context","n","29","1","20.900","20.900","11993088","11993088","unavailable","13565952","4583424","4583424","unavailable","4583424","4583424","6492160"
"librime-1.17.0","track-a-comparison","luna_pinyin","key_sequence_process_with_context","n","30","1","21.000","21.000","11997184","11997184","unavailable","13565952","4583424","4583424","unavailable","4583424","4583424","6492160"
"librime-1.17.0","track-a-comparison","luna_pinyin","key_sequence_process_with_context","n","31","1","24.800","24.800","11997184","11997184","unavailable","13565952","4583424","4583424","unavailable","4583424","4583424","6492160"
"librime-1.17.0","track-a-comparison","luna_pinyin","key_sequence_process_with_context","n","32","1","20.800","20.800","11997184","11997184","unavailable","13565952","4583424","4583424","unavailable","4583424","4583424","6492160"
"librime-1.17.0","track-a-comparison","luna_pinyin","key_sequence_process_with_context","n","33","1","20.800","20.800","11997184","11997184","unavailable","13565952","4583424","4583424","unavailable","4583424","4583424","6492160"
"librime-1.17.0","track-a-comparison","luna_pinyin","key_sequence_process_with_context","n","34","1","20.800","20.800","11997184","11997184","unavailable","13565952","4583424","4583424","unavailable","4583424","4583424","6492160"
"librime-1.17.0","track-a-comparison","luna_pinyin","key_sequence_process_with_context","n","35","1","20.900","20.900","11997184","11997184","unavailable","13565952","4583424","4583424","unavailable","4583424","4583424","6492160"
"librime-1.17.0","track-a-comparison","luna_pinyin","key_sequence_process_with_context","n","36","1","20.600","20.600","11997184","11997184","unavailable","13565952","4583424","4583424","unavailable","4583424","4583424","6492160"
"librime-1.17.0","track-a-comparison","luna_pinyin","key_sequence_process_with_context","n","37","1","20.900","20.900","11997184","11997184","unavailable","13565952","4583424","4583424","unavailable","4583424","4583424","6492160"
"librime-1.17.0","track-a-comparison","luna_pinyin","key_sequence_process_with_context","n","38","1","21.300","21.300","11997184","11997184","unavailable","13565952","4583424","4583424","unavailable","4583424","4583424","6492160"
"librime-1.17.0","track-a-comparison","luna_pinyin","key_sequence_process_with_context","n","39","1","21.100","21.100","12001280","12001280","unavailable","13565952","4583424","4583424","unavailable","4583424","4583424","6492160"
"librime-1.17.0","track-a-comparison","luna_pinyin","key_sequence_process_with_context","n","40","1","21.200","21.200","12001280","12001280","unavailable","13565952","4583424","4583424","unavailable","4583424","4583424","6492160"
"librime-1.17.0","track-a-comparison","luna_pinyin","key_sequence_process_with_context","n","41","1","21.400","21.400","12001280","12001280","unavailable","13565952","4583424","4583424","unavailable","4583424","4583424","6492160"
"librime-1.17.0","track-a-comparison","luna_pinyin","key_sequence_process_with_context","n","42","1","21.400","21.400","12001280","12001280","unavailable","13565952","4583424","4583424","unavailable","4583424","4583424","6492160"
"librime-1.17.0","track-a-comparison","luna_pinyin","key_sequence_process_with_context","n","43","1","21.000","21.000","12001280","12001280","unavailable","13565952","4583424","4583424","unavailable","4583424","4583424","6492160"
"librime-1.17.0","track-a-comparison","luna_pinyin","key_sequence_process_with_context","n","44","1","21.000","21.000","12001280","12001280","unavailable","13565952","4583424","4583424","unavailable","4583424","4583424","6492160"
"librime-1.17.0","track-a-comparison","luna_pinyin","key_sequence_process_with_context","n","45","1","21.100","21.100","12001280","12001280","unavailable","13565952","4583424","4583424","unavailable","4583424","4583424","6492160"
"librime-1.17.0","track-a-comparison","luna_pinyin","key_sequence_process_with_context","n","46","1","21.000","21.000","12001280","12001280","unavailable","13565952","4583424","4583424","unavailable","4583424","4583424","6492160"
"librime-1.17.0","track-a-comparison","luna_pinyin","key_sequence_process_with_context","n","47","1","20.800","20.800","12001280","12001280","unavailable","13565952","4583424","4583424","unavailable","4583424","4583424","6492160"
"librime-1.17.0","track-a-comparison","luna_pinyin","key_sequence_process_with_context","n","48","1","20.900","20.900","12005376","12005376","unavailable","13565952","4583424","4583424","unavailable","4583424","4583424","6492160"
"librime-1.17.0","track-a-comparison","luna_pinyin","key_sequence_process_with_context","n","49","1","20.900","20.900","12005376","12005376","unavailable","13565952","4583424","4583424","unavailable","4583424","4583424","6492160"
"librime-1.17.0","track-a-comparison","luna_pinyin","key_sequence_process_with_context","n","50","1","21.100","21.100","12005376","12005376","unavailable","13565952","4583424","4583424","unavailable","4583424","4583424","6492160"
"librime-1.17.0","track-a-comparison","luna_pinyin","key_sequence_process_with_context","n","51","1","21.000","21.000","12005376","12005376","unavailable","13565952","4583424","4583424","unavailable","4583424","4583424","6492160"
"librime-1.17.0","track-a-comparison","luna_pinyin","key_sequence_process_with_context","n","52","1","21.300","21.300","12005376","12005376","unavailable","13565952","4583424","4583424","unavailable","4583424","4583424","6492160"
"librime-1.17.0","track-a-comparison","luna_pinyin","key_sequence_process_with_context","n","53","1","21.200","21.200","12005376","12005376","unavailable","13565952","4583424","4583424","unavailable","4583424","4583424","6492160"
"librime-1.17.0","track-a-comparison","luna_pinyin","key_sequence_process_with_context","n","54","1","21.000","21.000","12005376","12005376","unavailable","13565952","4583424","4583424","unavailable","4583424","4583424","6492160"
"librime-1.17.0","track-a-comparison","luna_pinyin","key_sequence_process_with_context","n","55","1","21.000","21.000","12005376","12005376","unavailable","13565952","4583424","4583424","unavailable","4583424","4583424","6492160"
"librime-1.17.0","track-a-comparison","luna_pinyin","key_sequence_process_with_context","n","56","1","21.100","21.100","12005376","12005376","unavailable","13565952","4583424","4583424","unavailable","4583424","4583424","6492160"
"librime-1.17.0","track-a-comparison","luna_pinyin","key_sequence_process_with_context","n","57","1","20.700","20.700","12005376","12005376","unavailable","13565952","4583424","4583424","unavailable","4583424","4583424","6492160"
"librime-1.17.0","track-a-comparison","luna_pinyin","key_sequence_process_with_context","n","58","1","20.900","20.900","12005376","12005376","unavailable","13565952","4583424","4583424","unavailable","4583424","4583424","6492160"
"librime-1.17.0","track-a-comparison","luna_pinyin","key_sequence_process_with_context","n","59","1","21.000","21.000","12005376","12005376","unavailable","13565952","4583424","4583424","unavailable","4583424","4583424","6492160"
"librime-1.17.0","track-a-comparison","luna_pinyin","key_sequence_process_with_context","n","60","1","21.100","21.100","12009472","12009472","unavailable","13565952","4710400","4710400","unavailable","4710400","4710400","6492160"
"librime-1.17.0","track-a-comparison","luna_pinyin","key_sequence_process_with_context","n","61","1","21.000","21.000","12009472","12009472","unavailable","13565952","4710400","4710400","unavailable","4710400","4710400","6492160"
"librime-1.17.0","track-a-comparison","luna_pinyin","key_sequence_process_with_context","n","62","1","21.000","21.000","12009472","12009472","unavailable","13565952","4710400","4710400","unavailable","4710400","4710400","6492160"
"librime-1.17.0","track-a-comparison","luna_pinyin","key_sequence_process_with_context","n","63","1","20.900","20.900","12009472","12009472","unavailable","13565952","4710400","4710400","unavailable","4710400","4710400","6492160"
"librime-1.17.0","track-a-comparison","luna_pinyin","key_sequence_process_with_context","n","64","1","20.700","20.700","12009472","12009472","unavailable","13565952","4710400","4710400","unavailable","4710400","4710400","6492160"
"librime-1.17.0","track-a-comparison","luna_pinyin","key_sequence_process_with_context","n","65","1","21.000","21.000","12009472","12009472","unavailable","13565952","4710400","4710400","unavailable","4710400","4710400","6492160"
"librime-1.17.0","track-a-comparison","luna_pinyin","key_sequence_process_with_context","n","66","1","20.900","20.900","12013568","12013568","unavailable","13565952","4710400","4710400","unavailable","4710400","4710400","6492160"
"librime-1.17.0","track-a-comparison","luna_pinyin","key_sequence_process_with_context","n","67","1","21.600","21.600","12013568","12013568","unavailable","13565952","4710400","4710400","unavailable","4710400","4710400","6492160"
"librime-1.17.0","track-a-comparison","luna_pinyin","key_sequence_process_with_context","n","68","1","21.500","21.500","12013568","12013568","unavailable","13565952","4710400","4710400","unavailable","4710400","4710400","6492160"
"librime-1.17.0","track-a-comparison","luna_pinyin","key_sequence_process_with_context","n","69","1","27.400","27.400","12013568","12013568","unavailable","13565952","4710400","4710400","unavailable","4710400","4710400","6492160"
"librime-1.17.0","track-a-comparison","luna_pinyin","key_sequence_process_with_context","n","70","1","21.000","21.000","12013568","12013568","unavailable","13565952","4710400","4710400","unavailable","4710400","4710400","6492160"
"librime-1.17.0","track-a-comparison","luna_pinyin","key_sequence_process_with_context","n","71","1","21.000","21.000","12013568","12013568","unavailable","13565952","4710400","4710400","unavailable","4710400","4710400","6492160"
"librime-1.17.0","track-a-comparison","luna_pinyin","key_sequence_process_with_context","n","72","1","21.000","21.000","12013568","12013568","unavailable","13565952","4710400","4710400","unavailable","4710400","4710400","6492160"
"librime-1.17.0","track-a-comparison","luna_pinyin","key_sequence_process_with_context","n","73","1","21.100","21.100","12013568","12013568","unavailable","13565952","4710400","4710400","unavailable","4710400","4710400","6492160"
"librime-1.17.0","track-a-comparison","luna_pinyin","key_sequence_process_with_context","n","74","1","21.100","21.100","12013568","12013568","unavailable","13565952","4710400","4710400","unavailable","4710400","4710400","6492160"
"librime-1.17.0","track-a-comparison","luna_pinyin","key_sequence_process_with_context","n","75","1","21.000","21.000","12017664","12017664","unavailable","13565952","4710400","4710400","unavailable","4710400","4710400","6492160"
"librime-1.17.0","track-a-comparison","luna_pinyin","key_sequence_process_with_context","n","76","1","21.300","21.300","12017664","12017664","unavailable","13565952","4710400","4710400","unavailable","4710400","4710400","6492160"
"librime-1.17.0","track-a-comparison","luna_pinyin","key_sequence_process_with_context","n","77","1","21.000","21.000","12017664","12017664","unavailable","13565952","4710400","4710400","unavailable","4710400","4710400","6492160"
"librime-1.17.0","track-a-comparison","luna_pinyin","key_sequence_process_with_context","n","78","1","21.200","21.200","12017664","12017664","unavailable","13565952","4710400","4710400","unavailable","4710400","4710400","6492160"
"librime-1.17.0","track-a-comparison","luna_pinyin","key_sequence_process_with_context","n","79","1","21.000","21.000","12017664","12017664","unavailable","13565952","4710400","4710400","unavailable","4710400","4710400","6492160"
"librime-1.17.0","track-a-comparison","luna_pinyin","key_sequence_process_with_context","ni","0","2","35.900","17.950","12124160","12124160","unavailable","13819904","4685824","4685824","unavailable","4685824","4685824","6561792"
"librime-1.17.0","track-a-comparison","luna_pinyin","key_sequence_process_with_context","ni","1","2","35.600","17.800","12124160","12124160","unavailable","13819904","4685824","4685824","unavailable","4685824","4685824","6561792"
"librime-1.17.0","track-a-comparison","luna_pinyin","key_sequence_process_with_context","ni","2","2","35.500","17.750","12124160","12124160","unavailable","13819904","4685824","4685824","unavailable","4685824","4685824","6561792"
"librime-1.17.0","track-a-comparison","luna_pinyin","key_sequence_process_with_context","ni","3","2","36.100","18.050","12124160","12124160","unavailable","13819904","4685824","4685824","unavailable","4685824","4685824","6561792"
"librime-1.17.0","track-a-comparison","luna_pinyin","key_sequence_process_with_context","ni","4","2","35.600","17.800","12128256","12128256","unavailable","13819904","4685824","4685824","unavailable","4685824","4685824","6561792"
"librime-1.17.0","track-a-comparison","luna_pinyin","key_sequence_process_with_context","ni","5","2","35.300","17.650","12128256","12128256","unavailable","13819904","4685824","4685824","unavailable","4685824","4685824","6561792"
"librime-1.17.0","track-a-comparison","luna_pinyin","key_sequence_process_with_context","ni","6","2","36.100","18.050","12128256","12128256","unavailable","13819904","4685824","4685824","unavailable","4685824","4685824","6561792"
"librime-1.17.0","track-a-comparison","luna_pinyin","key_sequence_process_with_context","ni","7","2","35.400","17.700","12128256","12128256","unavailable","13819904","4685824","4685824","unavailable","4685824","4685824","6561792"
"librime-1.17.0","track-a-comparison","luna_pinyin","key_sequence_process_with_context","ni","8","2","35.400","17.700","12128256","12128256","unavailable","13819904","4685824","4685824","unavailable","4685824","4685824","6561792"
"librime-1.17.0","track-a-comparison","luna_pinyin","key_sequence_process_with_context","ni","9","2","35.600","17.800","12128256","12128256","unavailable","13819904","4685824","4685824","unavailable","4685824","4685824","6561792"
"librime-1.17.0","track-a-comparison","luna_pinyin","key_sequence_process_with_context","ni","10","2","35.400","17.700","12128256","12128256","unavailable","13819904","4685824","4685824","unavailable","4685824","4685824","6561792"
"librime-1.17.0","track-a-comparison","luna_pinyin","key_sequence_process_with_context","ni","11","2","35.800","17.900","12128256","12128256","unavailable","13819904","4685824","4685824","unavailable","4685824","4685824","6561792"
"librime-1.17.0","track-a-comparison","luna_pinyin","key_sequence_process_with_context","ni","12","2","35.400","17.700","12128256","12128256","unavailable","13819904","4685824","4685824","unavailable","4685824","4685824","6561792"
"librime-1.17.0","track-a-comparison","luna_pinyin","key_sequence_process_with_context","ni","13","2","35.500","17.750","12132352","12132352","unavailable","13819904","4685824","4685824","unavailable","4685824","4685824","6561792"
"librime-1.17.0","track-a-comparison","luna_pinyin","key_sequence_process_with_context","ni","14","2","35.200","17.600","12132352","12132352","unavailable","13819904","4685824","4685824","unavailable","4685824","4685824","6561792"
"librime-1.17.0","track-a-comparison","luna_pinyin","key_sequence_process_with_context","ni","15","2","35.400","17.700","12132352","12132352","unavailable","13819904","4685824","4685824","unavailable","4685824","4685824","6561792"
"librime-1.17.0","track-a-comparison","luna_pinyin","key_sequence_process_with_context","ni","16","2","35.400","17.700","12132352","12132352","unavailable","13819904","4685824","4685824","unavailable","4685824","4685824","6561792"
"librime-1.17.0","track-a-comparison","luna_pinyin","key_sequence_process_with_context","ni","17","2","35.600","17.800","12132352","12132352","unavailable","13819904","4685824","4685824","unavailable","4685824","4685824","6561792"
"librime-1.17.0","track-a-comparison","luna_pinyin","key_sequence_process_with_context","ni","18","2","35.200","17.600","12132352","12132352","unavailable","13819904","4685824","4685824","unavailable","4685824","4685824","6561792"
"librime-1.17.0","track-a-comparison","luna_pinyin","key_sequence_process_with_context","ni","19","2","35.200","17.600","12132352","12132352","unavailable","13819904","4685824","4685824","unavailable","4685824","4685824","6561792"
"librime-1.17.0","track-a-comparison","luna_pinyin","key_sequence_process_with_context","ni","20","2","36.100","18.050","12132352","12132352","unavailable","13819904","4685824","4685824","unavailable","4685824","4685824","6561792"
"librime-1.17.0","track-a-comparison","luna_pinyin","key_sequence_process_with_context","ni","21","2","35.800","17.900","12132352","12132352","unavailable","13819904","4685824","4685824","unavailable","4685824","4685824","6561792"
"librime-1.17.0","track-a-comparison","luna_pinyin","key_sequence_process_with_context","ni","22","2","35.600","17.800","12136448","12136448","unavailable","13819904","4685824","4685824","unavailable","4685824","4685824","6561792"
"librime-1.17.0","track-a-comparison","luna_pinyin","key_sequence_process_with_context","ni","23","2","35.600","17.800","12136448","12136448","unavailable","13819904","4685824","4685824","unavailable","4685824","4685824","6561792"
"librime-1.17.0","track-a-comparison","luna_pinyin","key_sequence_process_with_context","ni","24","2","35.200","17.600","12136448","12136448","unavailable","13819904","4685824","4685824","unavailable","4685824","4685824","6561792"
"librime-1.17.0","track-a-comparison","luna_pinyin","key_sequence_process_with_context","ni","25","2","35.500","17.750","12136448","12136448","unavailable","13819904","4685824","4685824","unavailable","4685824","4685824","6561792"
"librime-1.17.0","track-a-comparison","luna_pinyin","key_sequence_process_with_context","ni","26","2","35.500","17.750","12136448","12136448","unavailable","13819904","4685824","4685824","unavailable","4685824","4685824","6561792"
"librime-1.17.0","track-a-comparison","luna_pinyin","key_sequence_process_with_context","ni","27","2","35.700","17.850","12136448","12136448","unavailable","13819904","4685824","4685824","unavailable","4685824","4685824","6561792"
"librime-1.17.0","track-a-comparison","luna_pinyin","key_sequence_process_with_context","ni","28","2","36.600","18.300","12136448","12136448","unavailable","13819904","4685824","4685824","unavailable","4685824","4685824","6561792"
"librime-1.17.0","track-a-comparison","luna_pinyin","key_sequence_process_with_context","ni","29","2","35.300","17.650","12136448","12136448","unavailable","13819904","4685824","4685824","unavailable","4685824","4685824","6561792"
"librime-1.17.0","track-a-comparison","luna_pinyin","key_sequence_process_with_context","ni","30","2","35.100","17.550","12136448","12136448","unavailable","13819904","4685824","4685824","unavailable","4685824","4685824","6561792"
"librime-1.17.0","track-a-comparison","luna_pinyin","key_sequence_process_with_context","ni","31","2","35.000","17.500","12140544","12140544","unavailable","13819904","4685824","4685824","unavailable","4685824","4685824","6561792"
"librime-1.17.0","track-a-comparison","luna_pinyin","key_sequence_process_with_context","ni","32","2","35.500","17.750","12140544","12140544","unavailable","13819904","4685824","4685824","unavailable","4685824","4685824","6561792"
"librime-1.17.0","track-a-comparison","luna_pinyin","key_sequence_process_with_context","ni","33","2","35.500","17.750","12140544","12140544","unavailable","13819904","4685824","4685824","unavailable","4685824","4685824","6561792"
"librime-1.17.0","track-a-comparison","luna_pinyin","key_sequence_process_with_context","ni","34","2","35.100","17.550","12140544","12140544","unavailable","13819904","4685824","4685824","unavailable","4685824","4685824","6561792"
"librime-1.17.0","track-a-comparison","luna_pinyin","key_sequence_process_with_context","ni","35","2","35.000","17.500","12140544","12140544","unavailable","13819904","4685824","4685824","unavailable","4685824","4685824","6561792"
"librime-1.17.0","track-a-comparison","luna_pinyin","key_sequence_process_with_context","ni","36","2","35.100","17.550","12140544","12140544","unavailable","13819904","4685824","4685824","unavailable","4685824","4685824","6561792"
"librime-1.17.0","track-a-comparison","luna_pinyin","key_sequence_process_with_context","ni","37","2","35.900","17.950","12140544","12140544","unavailable","13819904","4685824","4685824","unavailable","4685824","4685824","6561792"
"librime-1.17.0","track-a-comparison","luna_pinyin","key_sequence_process_with_context","ni","38","2","35.300","17.650","12140544","12140544","unavailable","13819904","4685824","4685824","unavailable","4685824","4685824","6561792"
"librime-1.17.0","track-a-comparison","luna_pinyin","key_sequence_process_with_context","ni","39","2","35.100","17.550","12140544","12140544","unavailable","13819904","4685824","4685824","unavailable","4685824","4685824","6561792"
"librime-1.17.0","track-a-comparison","luna_pinyin","key_sequence_process_with_context","ni","40","2","35.200","17.600","12144640","12144640","unavailable","13819904","4685824","4685824","unavailable","4685824","4685824","6561792"
"librime-1.17.0","track-a-comparison","luna_pinyin","key_sequence_process_with_context","ni","41","2","43.100","21.550","12144640","12144640","unavailable","13819904","4685824","4685824","unavailable","4685824","4685824","6561792"
"librime-1.17.0","track-a-comparison","luna_pinyin","key_sequence_process_with_context","ni","42","2","35.500","17.750","12144640","12144640","unavailable","13819904","4685824","4685824","unavailable","4685824","4685824","6561792"
"librime-1.17.0","track-a-comparison","luna_pinyin","key_sequence_process_with_context","ni","43","2","35.700","17.850","12144640","12144640","unavailable","13819904","4685824","4685824","unavailable","4685824","4685824","6561792"
"librime-1.17.0","track-a-comparison","luna_pinyin","key_sequence_process_with_context","ni","44","2","35.500","17.750","12144640","12144640","unavailable","13819904","4685824","4685824","unavailable","4685824","4685824","6561792"
"librime-1.17.0","track-a-comparison","luna_pinyin","key_sequence_process_with_context","ni","45","2","35.300","17.650","12144640","12144640","unavailable","13819904","4685824","4685824","unavailable","4685824","4685824","6561792"
"librime-1.17.0","track-a-comparison","luna_pinyin","key_sequence_process_with_context","ni","46","2","35.200","17.600","12144640","12144640","unavailable","13819904","4685824","4685824","unavailable","4685824","4685824","6561792"
"librime-1.17.0","track-a-comparison","luna_pinyin","key_sequence_process_with_context","ni","47","2","35.300","17.650","12144640","12144640","unavailable","13819904","4685824","4685824","unavailable","4685824","4685824","6561792"
"librime-1.17.0","track-a-comparison","luna_pinyin","key_sequence_process_with_context","ni","48","2","35.100","17.550","12144640","12144640","unavailable","13819904","4685824","4685824","unavailable","4685824","4685824","6561792"
"librime-1.17.0","track-a-comparison","luna_pinyin","key_sequence_process_with_context","ni","49","2","35.300","17.650","12148736","12148736","unavailable","13819904","4685824","4685824","unavailable","4685824","4685824","6561792"
"librime-1.17.0","track-a-comparison","luna_pinyin","key_sequence_process_with_context","ni","50","2","35.300","17.650","12148736","12148736","unavailable","13819904","4685824","4685824","unavailable","4685824","4685824","6561792"
"librime-1.17.0","track-a-comparison","luna_pinyin","key_sequence_process_with_context","ni","51","2","35.400","17.700","12148736","12148736","unavailable","13819904","4685824","4685824","unavailable","4685824","4685824","6561792"
"librime-1.17.0","track-a-comparison","luna_pinyin","key_sequence_process_with_context","ni","52","2","35.600","17.800","12148736","12148736","unavailable","13819904","4685824","4685824","unavailable","4685824","4685824","6561792"
"librime-1.17.0","track-a-comparison","luna_pinyin","key_sequence_process_with_context","ni","53","2","35.200","17.600","12148736","12148736","unavailable","13819904","4685824","4685824","unavailable","4685824","4685824","6561792"
"librime-1.17.0","track-a-comparison","luna_pinyin","key_sequence_process_with_context","ni","54","2","36.500","18.250","12148736","12148736","unavailable","13819904","4685824","4685824","unavailable","4685824","4685824","6561792"
"librime-1.17.0","track-a-comparison","luna_pinyin","key_sequence_process_with_context","ni","55","2","35.500","17.750","12148736","12148736","unavailable","13819904","4685824","4685824","unavailable","4685824","4685824","6561792"
"librime-1.17.0","track-a-comparison","luna_pinyin","key_sequence_process_with_context","ni","56","2","35.100","17.550","12148736","12148736","unavailable","13819904","4685824","4685824","unavailable","4685824","4685824","6561792"
"librime-1.17.0","track-a-comparison","luna_pinyin","key_sequence_process_with_context","ni","57","2","35.200","17.600","12148736","12148736","unavailable","13819904","4685824","4685824","unavailable","4685824","4685824","6561792"
"librime-1.17.0","track-a-comparison","luna_pinyin","key_sequence_process_with_context","ni","58","2","35.100","17.550","12152832","12152832","unavailable","13819904","4685824","4685824","unavailable","4685824","4685824","6561792"
"librime-1.17.0","track-a-comparison","luna_pinyin","key_sequence_process_with_context","ni","59","2","35.100","17.550","12152832","12152832","unavailable","13819904","4685824","4685824","unavailable","4685824","4685824","6561792"
"librime-1.17.0","track-a-comparison","luna_pinyin","key_sequence_process_with_context","ni","60","2","36.200","18.100","12152832","12152832","unavailable","13819904","4685824","4685824","unavailable","4685824","4685824","6561792"
"librime-1.17.0","track-a-comparison","luna_pinyin","key_sequence_process_with_context","ni","61","2","35.200","17.600","12152832","12152832","unavailable","13819904","4685824","4685824","unavailable","4685824","4685824","6561792"
"librime-1.17.0","track-a-comparison","luna_pinyin","key_sequence_process_with_context","ni","62","2","35.100","17.550","12152832","12152832","unavailable","13819904","4685824","4685824","unavailable","4685824","4685824","6561792"
"librime-1.17.0","track-a-comparison","luna_pinyin","key_sequence_process_with_context","ni","63","2","35.300","17.650","12152832","12152832","unavailable","13819904","4685824","4685824","unavailable","4685824","4685824","6561792"
"librime-1.17.0","track-a-comparison","luna_pinyin","key_sequence_process_with_context","ni","64","2","35.100","17.550","12152832","12152832","unavailable","13819904","4685824","4685824","unavailable","4685824","4685824","6561792"
"librime-1.17.0","track-a-comparison","luna_pinyin","key_sequence_process_with_context","ni","65","2","35.200","17.600","12152832","12152832","unavailable","13819904","4685824","4685824","unavailable","4685824","4685824","6561792"
"librime-1.17.0","track-a-comparison","luna_pinyin","key_sequence_process_with_context","ni","66","2","35.300","17.650","12152832","12152832","unavailable","13819904","4685824","4685824","unavailable","4685824","4685824","6561792"
"librime-1.17.0","track-a-comparison","luna_pinyin","key_sequence_process_with_context","ni","67","2","35.000","17.500","12156928","12156928","unavailable","13819904","4685824","4685824","unavailable","4685824","4685824","6561792"
"librime-1.17.0","track-a-comparison","luna_pinyin","key_sequence_process_with_context","ni","68","2","35.300","17.650","12156928","12156928","unavailable","13819904","4685824","4685824","unavailable","4685824","4685824","6561792"
"librime-1.17.0","track-a-comparison","luna_pinyin","key_sequence_process_with_context","ni","69","2","36.100","18.050","12156928","12156928","unavailable","13819904","4685824","4685824","unavailable","4685824","4685824","6561792"
"librime-1.17.0","track-a-comparison","luna_pinyin","key_sequence_process_with_context","ni","70","2","35.300","17.650","12156928","12156928","unavailable","13819904","4685824","4685824","unavailable","4685824","4685824","6561792"
"librime-1.17.0","track-a-comparison","luna_pinyin","key_sequence_process_with_context","ni","71","2","35.200","17.600","12156928","12156928","unavailable","13819904","4685824","4685824","unavailable","4685824","4685824","6561792"
"librime-1.17.0","track-a-comparison","luna_pinyin","key_sequence_process_with_context","ni","72","2","34.900","17.450","12156928","12156928","unavailable","13819904","4685824","4685824","unavailable","4685824","4685824","6561792"
"librime-1.17.0","track-a-comparison","luna_pinyin","key_sequence_process_with_context","ni","73","2","35.100","17.550","12156928","12156928","unavailable","13819904","4685824","4685824","unavailable","4685824","4685824","6561792"
"librime-1.17.0","track-a-comparison","luna_pinyin","key_sequence_process_with_context","ni","74","2","35.100","17.550","12156928","12156928","unavailable","13819904","4685824","4685824","unavailable","4685824","4685824","6561792"
"librime-1.17.0","track-a-comparison","luna_pinyin","key_sequence_process_with_context","ni","75","2","36.100","18.050","12156928","12156928","unavailable","13819904","4685824","4685824","unavailable","4685824","4685824","6561792"
"librime-1.17.0","track-a-comparison","luna_pinyin","key_sequence_process_with_context","ni","76","2","35.200","17.600","12161024","12161024","unavailable","13819904","4685824","4685824","unavailable","4685824","4685824","6561792"
"librime-1.17.0","track-a-comparison","luna_pinyin","key_sequence_process_with_context","ni","77","2","35.300","17.650","12161024","12161024","unavailable","13819904","4685824","4685824","unavailable","4685824","4685824","6561792"
"librime-1.17.0","track-a-comparison","luna_pinyin","key_sequence_process_with_context","ni","78","2","35.300","17.650","12161024","12161024","unavailable","13819904","4685824","4685824","unavailable","4685824","4685824","6561792"
"librime-1.17.0","track-a-comparison","luna_pinyin","key_sequence_process_with_context","ni","79","2","36.100","18.050","12161024","12161024","unavailable","13819904","4685824","4685824","unavailable","4685824","4685824","6561792"
"librime-1.17.0","track-a-comparison","luna_pinyin","key_sequence_process_with_context","hao","0","3","47.500","15.833","12140544","12140544","unavailable","13819904","5152768","5152768","unavailable","5152768","5152768","6561792"
"librime-1.17.0","track-a-comparison","luna_pinyin","key_sequence_process_with_context","hao","1","3","47.000","15.667","12140544","12140544","unavailable","13819904","5152768","5152768","unavailable","5152768","5152768","6561792"
"librime-1.17.0","track-a-comparison","luna_pinyin","key_sequence_process_with_context","hao","2","3","46.600","15.533","12140544","12140544","unavailable","13819904","5152768","5152768","unavailable","5152768","5152768","6561792"
"librime-1.17.0","track-a-comparison","luna_pinyin","key_sequence_process_with_context","hao","3","3","47.200","15.733","12140544","12140544","unavailable","13819904","5152768","5152768","unavailable","5152768","5152768","6561792"
"librime-1.17.0","track-a-comparison","luna_pinyin","key_sequence_process_with_context","hao","4","3","47.300","15.767","12140544","12140544","unavailable","13819904","5152768","5152768","unavailable","5152768","5152768","6561792"
"librime-1.17.0","track-a-comparison","luna_pinyin","key_sequence_process_with_context","hao","5","3","45.000","15.000","12144640","12144640","unavailable","13819904","5152768","5152768","unavailable","5152768","5152768","6561792"
"librime-1.17.0","track-a-comparison","luna_pinyin","key_sequence_process_with_context","hao","6","3","44.900","14.967","12144640","12144640","unavailable","13819904","5152768","5152768","unavailable","5152768","5152768","6561792"
"librime-1.17.0","track-a-comparison","luna_pinyin","key_sequence_process_with_context","hao","7","3","45.100","15.033","12144640","12144640","unavailable","13819904","5152768","5152768","unavailable","5152768","5152768","6561792"
"librime-1.17.0","track-a-comparison","luna_pinyin","key_sequence_process_with_context","hao","8","3","44.600","14.867","12144640","12144640","unavailable","13819904","5152768","5152768","unavailable","5152768","5152768","6561792"
"librime-1.17.0","track-a-comparison","luna_pinyin","key_sequence_process_with_context","hao","9","3","44.600","14.867","12144640","12144640","unavailable","13819904","5152768","5152768","unavailable","5152768","5152768","6561792"
"librime-1.17.0","track-a-comparison","luna_pinyin","key_sequence_process_with_context","hao","10","3","44.600","14.867","12144640","12144640","unavailable","13819904","5152768","5152768","unavailable","5152768","5152768","6561792"
"librime-1.17.0","track-a-comparison","luna_pinyin","key_sequence_process_with_context","hao","11","3","44.500","14.833","12144640","12144640","unavailable","13819904","5152768","5152768","unavailable","5152768","5152768","6561792"
"librime-1.17.0","track-a-comparison","luna_pinyin","key_sequence_process_with_context","hao","12","3","44.600","14.867","12144640","12144640","unavailable","13819904","5152768","5152768","unavailable","5152768","5152768","6561792"
"librime-1.17.0","track-a-comparison","luna_pinyin","key_sequence_process_with_context","hao","13","3","44.400","14.800","12144640","12144640","unavailable","13819904","5152768","5152768","unavailable","5152768","5152768","6561792"
"librime-1.17.0","track-a-comparison","luna_pinyin","key_sequence_process_with_context","hao","14","3","44.500","14.833","12148736","12148736","unavailable","13819904","5152768","5152768","unavailable","5152768","5152768","6561792"
"librime-1.17.0","track-a-comparison","luna_pinyin","key_sequence_process_with_context","hao","15","3","44.700","14.900","12148736","12148736","unavailable","13819904","5152768","5152768","unavailable","5152768","5152768","6561792"
"librime-1.17.0","track-a-comparison","luna_pinyin","key_sequence_process_with_context","hao","16","3","45.000","15.000","12148736","12148736","unavailable","13819904","5152768","5152768","unavailable","5152768","5152768","6561792"
"librime-1.17.0","track-a-comparison","luna_pinyin","key_sequence_process_with_context","hao","17","3","45.100","15.033","12148736","12148736","unavailable","13819904","5152768","5152768","unavailable","5152768","5152768","6561792"
"librime-1.17.0","track-a-comparison","luna_pinyin","key_sequence_process_with_context","hao","18","3","45.300","15.100","12148736","12148736","unavailable","13819904","5152768","5152768","unavailable","5152768","5152768","6561792"
"librime-1.17.0","track-a-comparison","luna_pinyin","key_sequence_process_with_context","hao","19","3","44.800","14.933","12148736","12148736","unavailable","13819904","5152768","5152768","unavailable","5152768","5152768","6561792"
"librime-1.17.0","track-a-comparison","luna_pinyin","key_sequence_process_with_context","hao","20","3","45.900","15.300","12148736","12148736","unavailable","13819904","5152768","5152768","unavailable","5152768","5152768","6561792"
"librime-1.17.0","track-a-comparison","luna_pinyin","key_sequence_process_with_context","hao","21","3","45.000","15.000","12148736","12148736","unavailable","13819904","5152768","5152768","unavailable","5152768","5152768","6561792"
"librime-1.17.0","track-a-comparison","luna_pinyin","key_sequence_process_with_context","hao","22","3","45.000","15.000","12148736","12148736","unavailable","13819904","5152768","5152768","unavailable","5152768","5152768","6561792"
"librime-1.17.0","track-a-comparison","luna_pinyin","key_sequence_process_with_context","hao","23","3","45.300","15.100","12148736","12148736","unavailable","13819904","5152768","5152768","unavailable","5152768","5152768","6561792"
"librime-1.17.0","track-a-comparison","luna_pinyin","key_sequence_process_with_context","hao","24","3","46.200","15.400","12148736","12148736","unavailable","13819904","5152768","5152768","unavailable","5152768","5152768","6561792"
"librime-1.17.0","track-a-comparison","luna_pinyin","key_sequence_process_with_context","hao","25","3","45.200","15.067","12148736","12148736","unavailable","13819904","5152768","5152768","unavailable","5152768","5152768","6561792"
"librime-1.17.0","track-a-comparison","luna_pinyin","key_sequence_process_with_context","hao","26","3","45.500","15.167","12148736","12148736","unavailable","13819904","5152768","5152768","unavailable","5152768","5152768","6561792"
"librime-1.17.0","track-a-comparison","luna_pinyin","key_sequence_process_with_context","hao","27","3","45.200","15.067","12148736","12148736","unavailable","13819904","5152768","5152768","unavailable","5152768","5152768","6561792"
"librime-1.17.0","track-a-comparison","luna_pinyin","key_sequence_process_with_context","hao","28","3","45.500","15.167","12308480","12308480","unavailable","13819904","5390336","5390336","unavailable","5390336","5390336","6561792"
"librime-1.17.0","track-a-comparison","luna_pinyin","key_sequence_process_with_context","hao","29","3","45.500","15.167","12308480","12308480","unavailable","13819904","5390336","5390336","unavailable","5390336","5390336","6561792"
"librime-1.17.0","track-a-comparison","luna_pinyin","key_sequence_process_with_context","hao","30","3","51.000","17.000","12308480","12308480","unavailable","13819904","5390336","5390336","unavailable","5390336","5390336","6561792"
"librime-1.17.0","track-a-comparison","luna_pinyin","key_sequence_process_with_context","hao","31","3","45.300","15.100","12308480","12308480","unavailable","13819904","5390336","5390336","unavailable","5390336","5390336","6561792"
"librime-1.17.0","track-a-comparison","luna_pinyin","key_sequence_process_with_context","hao","32","3","45.300","15.100","12308480","12308480","unavailable","13819904","5390336","5390336","unavailable","5390336","5390336","6561792"
"librime-1.17.0","track-a-comparison","luna_pinyin","key_sequence_process_with_context","hao","33","3","45.100","15.033","12308480","12308480","unavailable","13819904","5390336","5390336","unavailable","5390336","5390336","6561792"
"librime-1.17.0","track-a-comparison","luna_pinyin","key_sequence_process_with_context","hao","34","3","45.000","15.000","12308480","12308480","unavailable","13819904","5390336","5390336","unavailable","5390336","5390336","6561792"
"librime-1.17.0","track-a-comparison","luna_pinyin","key_sequence_process_with_context","hao","35","3","45.200","15.067","12308480","12308480","unavailable","13819904","5390336","5390336","unavailable","5390336","5390336","6561792"
"librime-1.17.0","track-a-comparison","luna_pinyin","key_sequence_process_with_context","hao","36","3","45.800","15.267","12308480","12308480","unavailable","13819904","5390336","5390336","unavailable","5390336","5390336","6561792"
"librime-1.17.0","track-a-comparison","luna_pinyin","key_sequence_process_with_context","hao","37","3","46.000","15.333","12308480","12308480","unavailable","13819904","5390336","5390336","unavailable","5390336","5390336","6561792"
"librime-1.17.0","track-a-comparison","luna_pinyin","key_sequence_process_with_context","hao","38","3","46.300","15.433","12308480","12308480","unavailable","13819904","5390336","5390336","unavailable","5390336","5390336","6561792"
"librime-1.17.0","track-a-comparison","luna_pinyin","key_sequence_process_with_context","hao","39","3","46.800","15.600","12308480","12308480","unavailable","13819904","5390336","5390336","unavailable","5390336","5390336","6561792"
"librime-1.17.0","track-a-comparison","luna_pinyin","key_sequence_process_with_context","hao","40","3","46.800","15.600","12308480","12308480","unavailable","13819904","5390336","5390336","unavailable","5390336","5390336","6561792"
"librime-1.17.0","track-a-comparison","luna_pinyin","key_sequence_process_with_context","hao","41","3","45.800","15.267","12308480","12308480","unavailable","13819904","5390336","5390336","unavailable","5390336","5390336","6561792"
"librime-1.17.0","track-a-comparison","luna_pinyin","key_sequence_process_with_context","hao","42","3","45.800","15.267","12308480","12308480","unavailable","13819904","5390336","5390336","unavailable","5390336","5390336","6561792"
"librime-1.17.0","track-a-comparison","luna_pinyin","key_sequence_process_with_context","hao","43","3","46.000","15.333","12308480","12308480","unavailable","13819904","5390336","5390336","unavailable","5390336","5390336","6561792"
"librime-1.17.0","track-a-comparison","luna_pinyin","key_sequence_process_with_context","hao","44","3","45.700","15.233","12308480","12308480","unavailable","13819904","5390336","5390336","unavailable","5390336","5390336","6561792"
"librime-1.17.0","track-a-comparison","luna_pinyin","key_sequence_process_with_context","hao","45","3","46.400","15.467","12308480","12308480","unavailable","13819904","5390336","5390336","unavailable","5390336","5390336","6561792"
"librime-1.17.0","track-a-comparison","luna_pinyin","key_sequence_process_with_context","hao","46","3","45.900","15.300","12308480","12308480","unavailable","13819904","5390336","5390336","unavailable","5390336","5390336","6561792"
"librime-1.17.0","track-a-comparison","luna_pinyin","key_sequence_process_with_context","hao","47","3","45.900","15.300","12308480","12308480","unavailable","13819904","5390336","5390336","unavailable","5390336","5390336","6561792"
"librime-1.17.0","track-a-comparison","luna_pinyin","key_sequence_process_with_context","hao","48","3","45.800","15.267","12308480","12308480","unavailable","13819904","5390336","5390336","unavailable","5390336","5390336","6561792"
"librime-1.17.0","track-a-comparison","luna_pinyin","key_sequence_process_with_context","hao","49","3","46.800","15.600","12308480","12308480","unavailable","13819904","5390336","5390336","unavailable","5390336","5390336","6561792"
"librime-1.17.0","track-a-comparison","luna_pinyin","key_sequence_process_with_context","hao","50","3","45.800","15.267","12308480","12308480","unavailable","13819904","5390336","5390336","unavailable","5390336","5390336","6561792"
"librime-1.17.0","track-a-comparison","luna_pinyin","key_sequence_process_with_context","hao","51","3","45.600","15.200","12308480","12308480","unavailable","13819904","5390336","5390336","unavailable","5390336","5390336","6561792"
"librime-1.17.0","track-a-comparison","luna_pinyin","key_sequence_process_with_context","hao","52","3","45.700","15.233","12308480","12308480","unavailable","13819904","5390336","5390336","unavailable","5390336","5390336","6561792"
"librime-1.17.0","track-a-comparison","luna_pinyin","key_sequence_process_with_context","hao","53","3","45.800","15.267","12308480","12308480","unavailable","13819904","5390336","5390336","unavailable","5390336","5390336","6561792"
"librime-1.17.0","track-a-comparison","luna_pinyin","key_sequence_process_with_context","hao","54","3","45.700","15.233","12308480","12308480","unavailable","13819904","5390336","5390336","unavailable","5390336","5390336","6561792"
"librime-1.17.0","track-a-comparison","luna_pinyin","key_sequence_process_with_context","hao","55","3","45.700","15.233","12308480","12308480","unavailable","13819904","5390336","5390336","unavailable","5390336","5390336","6561792"
"librime-1.17.0","track-a-comparison","luna_pinyin","key_sequence_process_with_context","hao","56","3","45.700","15.233","12308480","12308480","unavailable","13819904","5390336","5390336","unavailable","5390336","5390336","6561792"
"librime-1.17.0","track-a-comparison","luna_pinyin","key_sequence_process_with_context","hao","57","3","45.700","15.233","12308480","12308480","unavailable","13819904","5390336","5390336","unavailable","5390336","5390336","6561792"
"librime-1.17.0","track-a-comparison","luna_pinyin","key_sequence_process_with_context","hao","58","3","46.600","15.533","12308480","12308480","unavailable","13819904","5390336","5390336","unavailable","5390336","5390336","6561792"
"librime-1.17.0","track-a-comparison","luna_pinyin","key_sequence_process_with_context","hao","59","3","46.300","15.433","12308480","12308480","unavailable","13819904","5390336","5390336","unavailable","5390336","5390336","6561792"
"librime-1.17.0","track-a-comparison","luna_pinyin","key_sequence_process_with_context","hao","60","3","46.200","15.400","12308480","12308480","unavailable","13819904","5390336","5390336","unavailable","5390336","5390336","6561792"
"librime-1.17.0","track-a-comparison","luna_pinyin","key_sequence_process_with_context","hao","61","3","46.000","15.333","12308480","12308480","unavailable","13819904","5390336","5390336","unavailable","5390336","5390336","6561792"
"librime-1.17.0","track-a-comparison","luna_pinyin","key_sequence_process_with_context","hao","62","3","46.300","15.433","12308480","12308480","unavailable","13819904","5390336","5390336","unavailable","5390336","5390336","6561792"
"librime-1.17.0","track-a-comparison","luna_pinyin","key_sequence_process_with_context","hao","63","3","46.300","15.433","12308480","12308480","unavailable","13819904","5390336","5390336","unavailable","5390336","5390336","6561792"
"librime-1.17.0","track-a-comparison","luna_pinyin","key_sequence_process_with_context","hao","64","3","45.700","15.233","12308480","12308480","unavailable","13819904","5390336","5390336","unavailable","5390336","5390336","6561792"
"librime-1.17.0","track-a-comparison","luna_pinyin","key_sequence_process_with_context","hao","65","3","45.600","15.200","12308480","12308480","unavailable","13819904","5390336","5390336","unavailable","5390336","5390336","6561792"
"librime-1.17.0","track-a-comparison","luna_pinyin","key_sequence_process_with_context","hao","66","3","45.600","15.200","12308480","12308480","unavailable","13819904","5390336","5390336","unavailable","5390336","5390336","6561792"
"librime-1.17.0","track-a-comparison","luna_pinyin","key_sequence_process_with_context","hao","67","3","46.900","15.633","12308480","12308480","unavailable","13819904","5390336","5390336","unavailable","5390336","5390336","6561792"
"librime-1.17.0","track-a-comparison","luna_pinyin","key_sequence_process_with_context","hao","68","3","46.000","15.333","12308480","12308480","unavailable","13819904","5390336","5390336","unavailable","5390336","5390336","6561792"
"librime-1.17.0","track-a-comparison","luna_pinyin","key_sequence_process_with_context","hao","69","3","46.200","15.400","12308480","12308480","unavailable","13819904","5390336","5390336","unavailable","5390336","5390336","6561792"
"librime-1.17.0","track-a-comparison","luna_pinyin","key_sequence_process_with_context","hao","70","3","45.800","15.267","12308480","12308480","unavailable","13819904","5390336","5390336","unavailable","5390336","5390336","6561792"
"librime-1.17.0","track-a-comparison","luna_pinyin","key_sequence_process_with_context","hao","71","3","45.800","15.267","12308480","12308480","unavailable","13819904","5390336","5390336","unavailable","5390336","5390336","6561792"
"librime-1.17.0","track-a-comparison","luna_pinyin","key_sequence_process_with_context","hao","72","3","45.700","15.233","12308480","12308480","unavailable","13819904","5390336","5390336","unavailable","5390336","5390336","6561792"
"librime-1.17.0","track-a-comparison","luna_pinyin","key_sequence_process_with_context","hao","73","3","48.400","16.133","12308480","12308480","unavailable","13819904","5390336","5390336","unavailable","5390336","5390336","6561792"
"librime-1.17.0","track-a-comparison","luna_pinyin","key_sequence_process_with_context","hao","74","3","45.600","15.200","12308480","12308480","unavailable","13819904","5390336","5390336","unavailable","5390336","5390336","6561792"
"librime-1.17.0","track-a-comparison","luna_pinyin","key_sequence_process_with_context","hao","75","3","45.800","15.267","12308480","12308480","unavailable","13819904","5390336","5390336","unavailable","5390336","5390336","6561792"
"librime-1.17.0","track-a-comparison","luna_pinyin","key_sequence_process_with_context","hao","76","3","45.700","15.233","12308480","12308480","unavailable","13819904","5390336","5390336","unavailable","5390336","5390336","6561792"
"librime-1.17.0","track-a-comparison","luna_pinyin","key_sequence_process_with_context","hao","77","3","45.700","15.233","12308480","12308480","unavailable","13819904","5390336","5390336","unavailable","5390336","5390336","6561792"
"librime-1.17.0","track-a-comparison","luna_pinyin","key_sequence_process_with_context","hao","78","3","46.000","15.333","12308480","12308480","unavailable","13819904","5390336","5390336","unavailable","5390336","5390336","6561792"
"librime-1.17.0","track-a-comparison","luna_pinyin","key_sequence_process_with_context","hao","79","3","46.300","15.433","12308480","12308480","unavailable","13819904","5390336","5390336","unavailable","5390336","5390336","6561792"
"librime-1.17.0","track-a-comparison","luna_pinyin","key_sequence_process_with_context","zhongguo","0","8","1558.600","194.825","13352960","13352960","unavailable","13828096","5095424","5095424","unavailable","5095424","5095424","6631424"
"librime-1.17.0","track-a-comparison","luna_pinyin","key_sequence_process_with_context","zhongguo","1","8","1433.000","179.125","13352960","13352960","unavailable","13828096","5095424","5095424","unavailable","5095424","5095424","6631424"
"librime-1.17.0","track-a-comparison","luna_pinyin","key_sequence_process_with_context","zhongguo","2","8","1382.400","172.800","13352960","13352960","unavailable","13828096","5095424","5095424","unavailable","5095424","5095424","6631424"
"librime-1.17.0","track-a-comparison","luna_pinyin","key_sequence_process_with_context","zhongguo","3","8","1403.300","175.412","13352960","13352960","unavailable","13828096","5095424","5095424","unavailable","5095424","5095424","6631424"
"librime-1.17.0","track-a-comparison","luna_pinyin","key_sequence_process_with_context","zhongguo","4","8","1399.200","174.900","13352960","13352960","unavailable","13828096","5095424","5095424","unavailable","5095424","5095424","6631424"
"librime-1.17.0","track-a-comparison","luna_pinyin","key_sequence_process_with_context","zhongguo","5","8","1473.300","184.163","13352960","13266944","unavailable","13828096","5095424","4931584","unavailable","4931584","4931584","6631424"
"librime-1.17.0","track-a-comparison","luna_pinyin","key_sequence_process_with_context","zhongguo","6","8","1439.600","179.950","13266944","13316096","unavailable","13828096","4931584","4993024","unavailable","4993024","4993024","6631424"
"librime-1.17.0","track-a-comparison","luna_pinyin","key_sequence_process_with_context","zhongguo","7","8","1395.500","174.438","13316096","13348864","unavailable","13828096","4993024","5017600","unavailable","5017600","5017600","6631424"
"librime-1.17.0","track-a-comparison","luna_pinyin","key_sequence_process_with_context","zhongguo","8","8","1460.700","182.588","13348864","13279232","unavailable","13828096","5017600","4931584","unavailable","4931584","4931584","6631424"
"librime-1.17.0","track-a-comparison","luna_pinyin","key_sequence_process_with_context","zhongguo","9","8","1398.600","174.825","13279232","13328384","unavailable","13828096","4931584","4993024","unavailable","4993024","4993024","6631424"
"librime-1.17.0","track-a-comparison","luna_pinyin","key_sequence_process_with_context","zhongguo","10","8","1384.200","173.025","13328384","13328384","unavailable","13828096","4993024","4993024","unavailable","4993024","4993024","6631424"
"librime-1.17.0","track-a-comparison","luna_pinyin","key_sequence_process_with_context","zhongguo","11","8","1381.600","172.700","13328384","13328384","unavailable","13828096","4993024","4993024","unavailable","4993024","4993024","6631424"
"librime-1.17.0","track-a-comparison","luna_pinyin","key_sequence_process_with_context","zhongguo","12","8","1381.900","172.737","13328384","13328384","unavailable","13828096","4993024","4993024","unavailable","4993024","4993024","6631424"
"librime-1.17.0","track-a-comparison","luna_pinyin","key_sequence_process_with_context","zhongguo","13","8","1383.300","172.912","13328384","13328384","unavailable","13828096","4993024","4993024","unavailable","4993024","4993024","6631424"
"librime-1.17.0","track-a-comparison","luna_pinyin","key_sequence_process_with_context","zhongguo","14","8","1386.300","173.287","13328384","13328384","unavailable","13828096","4993024","4993024","unavailable","4993024","4993024","6631424"
"librime-1.17.0","track-a-comparison","luna_pinyin","key_sequence_process_with_context","zhongguo","15","8","1392.300","174.037","13328384","13328384","unavailable","13828096","4993024","4993024","unavailable","4993024","4993024","6631424"
"librime-1.17.0","track-a-comparison","luna_pinyin","key_sequence_process_with_context","zhongguo","16","8","1418.800","177.350","13328384","13328384","unavailable","13828096","4993024","4993024","unavailable","4993024","4993024","6631424"
"librime-1.17.0","track-a-comparison","luna_pinyin","key_sequence_process_with_context","zhongguo","17","8","1382.400","172.800","13328384","13328384","unavailable","13828096","4993024","4993024","unavailable","4993024","4993024","6631424"
"librime-1.17.0","track-a-comparison","luna_pinyin","key_sequence_process_with_context","zhongguo","18","8","1458.500","182.312","13328384","13279232","unavailable","13828096","4993024","4931584","unavailable","4931584","4931584","6631424"
"librime-1.17.0","track-a-comparison","luna_pinyin","key_sequence_process_with_context","zhongguo","19","8","1391.800","173.975","13279232","13316096","unavailable","13828096","4931584","4993024","unavailable","4993024","4993024","6631424"
"librime-1.17.0","track-a-comparison","luna_pinyin","key_sequence_process_with_context","zhongguo","20","8","1381.200","172.650","13316096","13316096","unavailable","13828096","4993024","4993024","unavailable","4993024","4993024","6631424"
"librime-1.17.0","track-a-comparison","luna_pinyin","key_sequence_process_with_context","zhongguo","21","8","1396.000","174.500","13316096","13316096","unavailable","13828096","4993024","4993024","unavailable","4993024","4993024","6631424"
"librime-1.17.0","track-a-comparison","luna_pinyin","key_sequence_process_with_context","zhongguo","22","8","1386.300","173.287","13316096","13324288","unavailable","13828096","4993024","4993024","unavailable","4993024","4993024","6631424"
"librime-1.17.0","track-a-comparison","luna_pinyin","key_sequence_process_with_context","zhongguo","23","8","1383.800","172.975","13324288","13324288","unavailable","13828096","4993024","4993024","unavailable","4993024","4993024","6631424"
"librime-1.17.0","track-a-comparison","luna_pinyin","key_sequence_process_with_context","zhongguo","24","8","1377.300","172.162","13324288","13324288","unavailable","13828096","4993024","4993024","unavailable","4993024","4993024","6631424"
"librime-1.17.0","track-a-comparison","luna_pinyin","key_sequence_process_with_context","zhongguo","25","8","1392.600","174.075","13324288","13348864","unavailable","13828096","4993024","5017600","unavailable","5017600","5017600","6631424"
"librime-1.17.0","track-a-comparison","luna_pinyin","key_sequence_process_with_context","zhongguo","26","8","1389.400","173.675","13348864","13348864","unavailable","13828096","5017600","5017600","unavailable","5017600","5017600","6631424"
"librime-1.17.0","track-a-comparison","luna_pinyin","key_sequence_process_with_context","zhongguo","27","8","1413.700","176.713","13348864","13348864","unavailable","13828096","5017600","5017600","unavailable","5017600","5017600","6631424"
"librime-1.17.0","track-a-comparison","luna_pinyin","key_sequence_process_with_context","zhongguo","28","8","1379.700","172.463","13348864","13348864","unavailable","13828096","5017600","5017600","unavailable","5017600","5017600","6631424"
"librime-1.17.0","track-a-comparison","luna_pinyin","key_sequence_process_with_context","zhongguo","29","8","1454.700","181.838","13348864","13250560","unavailable","13828096","5017600","4902912","unavailable","4902912","4902912","6631424"
"librime-1.17.0","track-a-comparison","luna_pinyin","key_sequence_process_with_context","zhongguo","30","8","1415.500","176.938","13250560","13316096","unavailable","13828096","4902912","4993024","unavailable","4993024","4993024","6631424"
"librime-1.17.0","track-a-comparison","luna_pinyin","key_sequence_process_with_context","zhongguo","31","8","1385.300","173.162","13316096","13316096","unavailable","13828096","4993024","4993024","unavailable","4993024","4993024","6631424"
"librime-1.17.0","track-a-comparison","luna_pinyin","key_sequence_process_with_context","zhongguo","32","8","1387.000","173.375","13316096","13316096","unavailable","13828096","4993024","4993024","unavailable","4993024","4993024","6631424"
"librime-1.17.0","track-a-comparison","luna_pinyin","key_sequence_process_with_context","zhongguo","33","8","1390.400","173.800","13316096","13320192","unavailable","13828096","4993024","4993024","unavailable","4993024","4993024","6631424"
"librime-1.17.0","track-a-comparison","luna_pinyin","key_sequence_process_with_context","zhongguo","34","8","1393.900","174.238","13320192","13348864","unavailable","13828096","4993024","5017600","unavailable","5017600","5017600","6631424"
"librime-1.17.0","track-a-comparison","luna_pinyin","key_sequence_process_with_context","zhongguo","35","8","1454.900","181.863","13348864","13275136","unavailable","13828096","5017600","4931584","unavailable","4931584","4931584","6631424"
"librime-1.17.0","track-a-comparison","luna_pinyin","key_sequence_process_with_context","zhongguo","36","8","1389.400","173.675","13275136","13316096","unavailable","13828096","4931584","4993024","unavailable","4993024","4993024","6631424"
"librime-1.17.0","track-a-comparison","luna_pinyin","key_sequence_process_with_context","zhongguo","37","8","1438.200","179.775","13316096","13266944","unavailable","13828096","4993024","4931584","unavailable","4931584","4931584","6631424"
"librime-1.17.0","track-a-comparison","luna_pinyin","key_sequence_process_with_context","zhongguo","38","8","1397.600","174.700","13266944","13316096","unavailable","13828096","4931584","4993024","unavailable","4993024","4993024","6631424"
"librime-1.17.0","track-a-comparison","luna_pinyin","key_sequence_process_with_context","zhongguo","39","8","1377.200","172.150","13316096","13320192","unavailable","13828096","4993024","4993024","unavailable","4993024","4993024","6631424"
"librime-1.17.0","track-a-comparison","luna_pinyin","key_sequence_process_with_context","zhongguo","40","8","1447.900","180.988","13320192","13262848","unavailable","13828096","4993024","4931584","unavailable","4931584","4931584","6631424"
"librime-1.17.0","track-a-comparison","luna_pinyin","key_sequence_process_with_context","zhongguo","41","8","1386.800","173.350","13262848","13320192","unavailable","13828096","4931584","4993024","unavailable","4993024","4993024","6631424"
"librime-1.17.0","track-a-comparison","luna_pinyin","key_sequence_process_with_context","zhongguo","42","8","1385.700","173.212","13385728","13406208","unavailable","13828096","4993024","5017600","unavailable","5017600","5017600","6631424"
"librime-1.17.0","track-a-comparison","luna_pinyin","key_sequence_process_with_context","zhongguo","43","8","1376.400","172.050","13406208","13406208","unavailable","13828096","5017600","5017600","unavailable","5017600","5017600","6631424"
"librime-1.17.0","track-a-comparison","luna_pinyin","key_sequence_process_with_context","zhongguo","44","8","1443.100","180.387","13406208","13348864","unavailable","13828096","5017600","4956160","unavailable","4956160","4956160","6631424"
"librime-1.17.0","track-a-comparison","luna_pinyin","key_sequence_process_with_context","zhongguo","45","8","1386.800","173.350","13348864","13398016","unavailable","13828096","4956160","5017600","unavailable","5017600","5017600","6631424"
"librime-1.17.0","track-a-comparison","luna_pinyin","key_sequence_process_with_context","zhongguo","46","8","1375.000","171.875","13398016","13406208","unavailable","13828096","5017600","5017600","unavailable","5017600","5017600","6631424"
"librime-1.17.0","track-a-comparison","luna_pinyin","key_sequence_process_with_context","zhongguo","47","8","1380.500","172.562","13406208","13410304","unavailable","13828096","5017600","5017600","unavailable","5017600","5017600","6631424"
"librime-1.17.0","track-a-comparison","luna_pinyin","key_sequence_process_with_context","zhongguo","48","8","1389.100","173.638","13410304","13414400","unavailable","13828096","5017600","5017600","unavailable","5017600","5017600","6631424"
"librime-1.17.0","track-a-comparison","luna_pinyin","key_sequence_process_with_context","zhongguo","49","8","1369.800","171.225","13414400","13414400","unavailable","13828096","5017600","5017600","unavailable","5017600","5017600","6631424"
"librime-1.17.0","track-a-comparison","luna_pinyin","key_sequence_process_with_context","zhongguo","50","8","1370.800","171.350","13414400","13414400","unavailable","13828096","5017600","5017600","unavailable","5017600","5017600","6631424"
"librime-1.17.0","track-a-comparison","luna_pinyin","key_sequence_process_with_context","zhongguo","51","8","1373.100","171.637","13414400","13414400","unavailable","13828096","5017600","5017600","unavailable","5017600","5017600","6631424"
"librime-1.17.0","track-a-comparison","luna_pinyin","key_sequence_process_with_context","zhongguo","52","8","1449.300","181.162","13414400","13352960","unavailable","13828096","5017600","4956160","unavailable","4956160","4956160","6631424"
"librime-1.17.0","track-a-comparison","luna_pinyin","key_sequence_process_with_context","zhongguo","53","8","1391.300","173.912","13352960","13410304","unavailable","13828096","4956160","5017600","unavailable","5017600","5017600","6631424"
"librime-1.17.0","track-a-comparison","luna_pinyin","key_sequence_process_with_context","zhongguo","54","8","1369.400","171.175","13410304","13410304","unavailable","13828096","5017600","5017600","unavailable","5017600","5017600","6631424"
"librime-1.17.0","track-a-comparison","luna_pinyin","key_sequence_process_with_context","zhongguo","55","8","1370.800","171.350","13410304","13410304","unavailable","13828096","5017600","5017600","unavailable","5017600","5017600","6631424"
"librime-1.17.0","track-a-comparison","luna_pinyin","key_sequence_process_with_context","zhongguo","56","8","1376.600","172.075","13410304","13414400","unavailable","13828096","5017600","5017600","unavailable","5017600","5017600","6631424"
"librime-1.17.0","track-a-comparison","luna_pinyin","key_sequence_process_with_context","zhongguo","57","8","1372.600","171.575","13414400","13414400","unavailable","13828096","5017600","5017600","unavailable","5017600","5017600","6631424"
"librime-1.17.0","track-a-comparison","luna_pinyin","key_sequence_process_with_context","zhongguo","58","8","1436.100","179.513","13414400","13336576","unavailable","13828096","5017600","4931584","unavailable","4931584","4931584","6631424"
"librime-1.17.0","track-a-comparison","luna_pinyin","key_sequence_process_with_context","zhongguo","59","8","1390.200","173.775","13336576","13389824","unavailable","13828096","4931584","4993024","unavailable","4993024","4993024","6631424"
"librime-1.17.0","track-a-comparison","luna_pinyin","key_sequence_process_with_context","zhongguo","60","8","1439.000","179.875","13389824","13348864","unavailable","13828096","4993024","4956160","unavailable","4956160","4956160","6631424"
"librime-1.17.0","track-a-comparison","luna_pinyin","key_sequence_process_with_context","zhongguo","61","8","1382.700","172.838","13348864","13434880","unavailable","13828096","4956160","5017600","unavailable","5017600","5017600","6631424"
"librime-1.17.0","track-a-comparison","luna_pinyin","key_sequence_process_with_context","zhongguo","62","8","1374.400","171.800","13434880","13484032","unavailable","13828096","5017600","5095424","unavailable","5095424","5095424","6631424"
"librime-1.17.0","track-a-comparison","luna_pinyin","key_sequence_process_with_context","zhongguo","63","8","1375.300","171.913","13484032","13508608","unavailable","13828096","5095424","5095424","unavailable","5095424","5095424","6631424"
"librime-1.17.0","track-a-comparison","luna_pinyin","key_sequence_process_with_context","zhongguo","64","8","1363.100","170.387","13508608","13508608","unavailable","13828096","5095424","5095424","unavailable","5095424","5095424","6631424"
"librime-1.17.0","track-a-comparison","luna_pinyin","key_sequence_process_with_context","zhongguo","65","8","1362.400","170.300","13508608","13508608","unavailable","13828096","5095424","5095424","unavailable","5095424","5095424","6631424"
"librime-1.17.0","track-a-comparison","luna_pinyin","key_sequence_process_with_context","zhongguo","66","8","1367.800","170.975","13508608","13512704","unavailable","13828096","5095424","5095424","unavailable","5095424","5095424","6631424"
"librime-1.17.0","track-a-comparison","luna_pinyin","key_sequence_process_with_context","zhongguo","67","8","1362.100","170.262","13512704","13512704","unavailable","13828096","5095424","5095424","unavailable","5095424","5095424","6631424"
"librime-1.17.0","track-a-comparison","luna_pinyin","key_sequence_process_with_context","zhongguo","68","8","1360.700","170.088","13512704","13512704","unavailable","13828096","5095424","5095424","unavailable","5095424","5095424","6631424"
"librime-1.17.0","track-a-comparison","luna_pinyin","key_sequence_process_with_context","zhongguo","69","8","1360.800","170.100","13512704","13512704","unavailable","13828096","5095424","5095424","unavailable","5095424","5095424","6631424"
"librime-1.17.0","track-a-comparison","luna_pinyin","key_sequence_process_with_context","zhongguo","70","8","1390.700","173.837","13512704","13512704","unavailable","13828096","5095424","5095424","unavailable","5095424","5095424","6631424"
"librime-1.17.0","track-a-comparison","luna_pinyin","key_sequence_process_with_context","zhongguo","71","8","1357.600","169.700","13512704","13512704","unavailable","13828096","5095424","5095424","unavailable","5095424","5095424","6631424"
"librime-1.17.0","track-a-comparison","luna_pinyin","key_sequence_process_with_context","zhongguo","72","8","1355.600","169.450","13512704","13512704","unavailable","13828096","5095424","5095424","unavailable","5095424","5095424","6631424"
"librime-1.17.0","track-a-comparison","luna_pinyin","key_sequence_process_with_context","zhongguo","73","8","1359.100","169.887","13512704","13512704","unavailable","13828096","5095424","5095424","unavailable","5095424","5095424","6631424"
"librime-1.17.0","track-a-comparison","luna_pinyin","key_sequence_process_with_context","zhongguo","74","8","1367.900","170.988","13512704","13512704","unavailable","13828096","5095424","5095424","unavailable","5095424","5095424","6631424"
"librime-1.17.0","track-a-comparison","luna_pinyin","key_sequence_process_with_context","zhongguo","75","8","1353.700","169.213","13512704","13512704","unavailable","13828096","5095424","5095424","unavailable","5095424","5095424","6631424"
"librime-1.17.0","track-a-comparison","luna_pinyin","key_sequence_process_with_context","zhongguo","76","8","1385.800","173.225","13512704","13578240","unavailable","13828096","5095424","5173248","unavailable","5173248","5173248","6631424"
"librime-1.17.0","track-a-comparison","luna_pinyin","key_sequence_process_with_context","zhongguo","77","8","1364.500","170.562","13578240","13578240","unavailable","13828096","5173248","5173248","unavailable","5173248","5173248","6631424"
"librime-1.17.0","track-a-comparison","luna_pinyin","key_sequence_process_with_context","zhongguo","78","8","1348.900","168.613","13578240","13578240","unavailable","13828096","5173248","5173248","unavailable","5173248","5173248","6631424"
"librime-1.17.0","track-a-comparison","luna_pinyin","key_sequence_process_with_context","zhongguo","79","8","1357.500","169.688","13578240","13578240","unavailable","13828096","5173248","5173248","unavailable","5173248","5173248","6631424"
"librime-1.17.0","track-a-comparison","luna_pinyin","key_sequence_process_with_context","ceshiyixiachangjushuruxingnengzenyang","0","37","11246.600","303.962","15691776","15691776","unavailable","15708160","5201920","5201920","unavailable","5201920","5201920","6705152"
"librime-1.17.0","track-a-comparison","luna_pinyin","key_sequence_process_with_context","ceshiyixiachangjushuruxingnengzenyang","1","37","11061.800","298.968","15695872","15695872","unavailable","15708160","5201920","5201920","unavailable","5201920","5201920","6705152"
"librime-1.17.0","track-a-comparison","luna_pinyin","key_sequence_process_with_context","ceshiyixiachangjushuruxingnengzenyang","2","37","10997.800","297.238","15695872","15695872","unavailable","15708160","5201920","5201920","unavailable","5201920","5201920","6705152"
"librime-1.17.0","track-a-comparison","luna_pinyin","key_sequence_process_with_context","ceshiyixiachangjushuruxingnengzenyang","3","37","11167.300","301.819","15695872","15687680","unavailable","15708160","5201920","5201920","unavailable","5201920","5201920","6705152"
"librime-1.17.0","track-a-comparison","luna_pinyin","key_sequence_process_with_context","ceshiyixiachangjushuruxingnengzenyang","4","37","11021.000","297.865","15687680","15695872","unavailable","15708160","5201920","5201920","unavailable","5201920","5201920","6705152"
"librime-1.17.0","track-a-comparison","luna_pinyin","key_sequence_process_with_context","ceshiyixiachangjushuruxingnengzenyang","5","37","11045.900","298.538","15695872","15695872","unavailable","15708160","5201920","5201920","unavailable","5201920","5201920","6705152"
"librime-1.17.0","track-a-comparison","luna_pinyin","key_sequence_process_with_context","ceshiyixiachangjushuruxingnengzenyang","6","37","11026.600","298.016","15695872","15695872","unavailable","15708160","5201920","5201920","unavailable","5201920","5201920","6705152"
"librime-1.17.0","track-a-comparison","luna_pinyin","key_sequence_process_with_context","ceshiyixiachangjushuruxingnengzenyang","7","37","11167.200","301.816","15695872","15699968","unavailable","15708160","5201920","5201920","unavailable","5201920","5201920","6705152"
"librime-1.17.0","track-a-comparison","luna_pinyin","key_sequence_process_with_context","ceshiyixiachangjushuruxingnengzenyang","8","37","11058.300","298.873","15699968","15699968","unavailable","15708160","5201920","5201920","unavailable","5201920","5201920","6705152"
"librime-1.17.0","track-a-comparison","luna_pinyin","key_sequence_process_with_context","ceshiyixiachangjushuruxingnengzenyang","9","37","11191.600","302.476","15699968","15695872","unavailable","15708160","5201920","5201920","unavailable","5201920","5201920","6705152"
"librime-1.17.0","track-a-comparison","luna_pinyin","key_sequence_process_with_context","ceshiyixiachangjushuruxingnengzenyang","10","37","11122.800","300.616","15695872","15695872","unavailable","15708160","5201920","5201920","unavailable","5201920","5201920","6705152"
"librime-1.17.0","track-a-comparison","luna_pinyin","key_sequence_process_with_context","ceshiyixiachangjushuruxingnengzenyang","11","37","11193.000","302.514","15695872","15691776","unavailable","15708160","5201920","5201920","unavailable","5201920","5201920","6705152"
"librime-1.17.0","track-a-comparison","luna_pinyin","key_sequence_process_with_context","ceshiyixiachangjushuruxingnengzenyang","12","37","11219.500","303.230","15691776","15675392","unavailable","15708160","5201920","5201920","unavailable","5201920","5201920","6705152"
"librime-1.17.0","track-a-comparison","luna_pinyin","key_sequence_process_with_context","ceshiyixiachangjushuruxingnengzenyang","13","37","11205.700","302.857","15675392","15695872","unavailable","15708160","5201920","5201920","unavailable","5201920","5201920","6705152"
"librime-1.17.0","track-a-comparison","luna_pinyin","key_sequence_process_with_context","ceshiyixiachangjushuruxingnengzenyang","14","37","11231.400","303.551","15695872","15695872","unavailable","15708160","5201920","5201920","unavailable","5201920","5201920","6705152"
"librime-1.17.0","track-a-comparison","luna_pinyin","key_sequence_process_with_context","ceshiyixiachangjushuruxingnengzenyang","15","37","11205.100","302.841","15695872","15691776","unavailable","15708160","5201920","5201920","unavailable","5201920","5201920","6705152"
"librime-1.17.0","track-a-comparison","luna_pinyin","key_sequence_process_with_context","ceshiyixiachangjushuruxingnengzenyang","16","37","11036.100","298.273","15691776","15695872","unavailable","15708160","5201920","5201920","unavailable","5201920","5201920","6705152"
"librime-1.17.0","track-a-comparison","luna_pinyin","key_sequence_process_with_context","ceshiyixiachangjushuruxingnengzenyang","17","37","11231.100","303.543","15695872","15695872","unavailable","15708160","5201920","5201920","unavailable","5201920","5201920","6705152"
"librime-1.17.0","track-a-comparison","luna_pinyin","key_sequence_process_with_context","ceshiyixiachangjushuruxingnengzenyang","18","37","11172.800","301.968","15695872","15671296","unavailable","15708160","5201920","5201920","unavailable","5201920","5201920","6705152"
"librime-1.17.0","track-a-comparison","luna_pinyin","key_sequence_process_with_context","ceshiyixiachangjushuruxingnengzenyang","19","37","11053.100","298.732","15671296","15728640","unavailable","15728640","5201920","5279744","unavailable","5279744","5279744","6705152"
"librime-1.17.0","track-a-comparison","luna_pinyin","key_sequence_process_with_context","ceshiyixiachangjushuruxingnengzenyang","20","37","11039.700","298.370","15728640","15728640","unavailable","15728640","5279744","5279744","unavailable","5279744","5279744","6705152"
"librime-1.17.0","track-a-comparison","luna_pinyin","key_sequence_process_with_context","ceshiyixiachangjushuruxingnengzenyang","21","37","11073.400","299.281","15728640","15736832","unavailable","15736832","5279744","5279744","unavailable","5279744","5279744","6705152"
"librime-1.17.0","track-a-comparison","luna_pinyin","key_sequence_process_with_context","ceshiyixiachangjushuruxingnengzenyang","22","37","11047.900","298.592","15736832","15736832","unavailable","15736832","5279744","5279744","unavailable","5279744","5279744","6705152"
"librime-1.17.0","track-a-comparison","luna_pinyin","key_sequence_process_with_context","ceshiyixiachangjushuruxingnengzenyang","23","37","11074.700","299.316","15736832","15736832","unavailable","15736832","5279744","5279744","unavailable","5279744","5279744","6705152"
"librime-1.17.0","track-a-comparison","luna_pinyin","key_sequence_process_with_context","ceshiyixiachangjushuruxingnengzenyang","24","37","11097.100","299.922","15736832","15736832","unavailable","15736832","5279744","5279744","unavailable","5279744","5279744","6705152"
"librime-1.17.0","track-a-comparison","luna_pinyin","key_sequence_process_with_context","ceshiyixiachangjushuruxingnengzenyang","25","37","11068.100","299.138","15736832","15736832","unavailable","15736832","5279744","5279744","unavailable","5279744","5279744","6705152"
"librime-1.17.0","track-a-comparison","luna_pinyin","key_sequence_process_with_context","ceshiyixiachangjushuruxingnengzenyang","26","37","11164.800","301.751","15736832","15671296","unavailable","15736832","5279744","5201920","unavailable","5201920","5201920","6705152"
"librime-1.17.0","track-a-comparison","luna_pinyin","key_sequence_process_with_context","ceshiyixiachangjushuruxingnengzenyang","27","37","11145.300","301.224","15671296","15695872","unavailable","15736832","5201920","5201920","unavailable","5201920","5201920","6705152"
"librime-1.17.0","track-a-comparison","luna_pinyin","key_sequence_process_with_context","ceshiyixiachangjushuruxingnengzenyang","28","37","11041.700","298.424","15695872","15695872","unavailable","15736832","5201920","5201920","unavailable","5201920","5201920","6705152"
"librime-1.17.0","track-a-comparison","luna_pinyin","key_sequence_process_with_context","ceshiyixiachangjushuruxingnengzenyang","29","37","11215.600","303.124","15695872","15687680","unavailable","15736832","5201920","5201920","unavailable","5201920","5201920","6705152"
"librime-1.17.0","track-a-comparison","luna_pinyin","key_sequence_process_with_context","ceshiyixiachangjushuruxingnengzenyang","30","37","11307.800","305.616","15687680","15736832","unavailable","15736832","5201920","5279744","unavailable","5279744","5279744","6705152"
"librime-1.17.0","track-a-comparison","luna_pinyin","key_sequence_process_with_context","ceshiyixiachangjushuruxingnengzenyang","31","37","11438.700","309.154","15736832","15736832","unavailable","15736832","5279744","5279744","unavailable","5279744","5279744","6705152"
"librime-1.17.0","track-a-comparison","luna_pinyin","key_sequence_process_with_context","ceshiyixiachangjushuruxingnengzenyang","32","37","11034.900","298.241","15736832","15736832","unavailable","15736832","5279744","5279744","unavailable","5279744","5279744","6705152"
"librime-1.17.0","track-a-comparison","luna_pinyin","key_sequence_process_with_context","ceshiyixiachangjushuruxingnengzenyang","33","37","11143.600","301.178","15736832","15732736","unavailable","15736832","5279744","5279744","unavailable","5279744","5279744","6705152"
"librime-1.17.0","track-a-comparison","luna_pinyin","key_sequence_process_with_context","ceshiyixiachangjushuruxingnengzenyang","34","37","11046.900","298.565","15732736","15740928","unavailable","15740928","5279744","5279744","unavailable","5279744","5279744","6705152"
"librime-1.17.0","track-a-comparison","luna_pinyin","key_sequence_process_with_context","ceshiyixiachangjushuruxingnengzenyang","35","37","11064.900","299.051","15740928","15740928","unavailable","15740928","5279744","5279744","unavailable","5279744","5279744","6705152"
"librime-1.17.0","track-a-comparison","luna_pinyin","key_sequence_process_with_context","ceshiyixiachangjushuruxingnengzenyang","36","37","11098.500","299.959","15740928","15740928","unavailable","15740928","5279744","5279744","unavailable","5279744","5279744","6705152"
"librime-1.17.0","track-a-comparison","luna_pinyin","key_sequence_process_with_context","ceshiyixiachangjushuruxingnengzenyang","37","37","11043.300","298.468","15740928","15740928","unavailable","15740928","5279744","5279744","unavailable","5279744","5279744","6705152"
"librime-1.17.0","track-a-comparison","luna_pinyin","key_sequence_process_with_context","ceshiyixiachangjushuruxingnengzenyang","38","37","11000.800","297.319","15740928","15740928","unavailable","15740928","5279744","5279744","unavailable","5279744","5279744","6705152"
"librime-1.17.0","track-a-comparison","luna_pinyin","key_sequence_process_with_context","ceshiyixiachangjushuruxingnengzenyang","39","37","11131.500","300.851","15740928","15675392","unavailable","15740928","5279744","5201920","unavailable","5201920","5201920","6705152"
"librime-1.17.0","track-a-comparison","luna_pinyin","key_sequence_process_with_context","ceshiyixiachangjushuruxingnengzenyang","40","37","11090.200","299.735","15675392","15675392","unavailable","15740928","5201920","5201920","unavailable","5201920","5201920","6705152"
"librime-1.17.0","track-a-comparison","luna_pinyin","key_sequence_process_with_context","ceshiyixiachangjushuruxingnengzenyang","41","37","11050.400","298.659","15675392","15695872","unavailable","15740928","5201920","5201920","unavailable","5201920","5201920","6705152"
"librime-1.17.0","track-a-comparison","luna_pinyin","key_sequence_process_with_context","ceshiyixiachangjushuruxingnengzenyang","42","37","11036.600","298.286","15695872","15736832","unavailable","15740928","5201920","5279744","unavailable","5279744","5279744","6705152"
"librime-1.17.0","track-a-comparison","luna_pinyin","key_sequence_process_with_context","ceshiyixiachangjushuruxingnengzenyang","43","37","11115.400","300.416","15736832","15671296","unavailable","15740928","5279744","5201920","unavailable","5201920","5201920","6705152"
"librime-1.17.0","track-a-comparison","luna_pinyin","key_sequence_process_with_context","ceshiyixiachangjushuruxingnengzenyang","44","37","11068.800","299.157","15671296","15691776","unavailable","15740928","5201920","5201920","unavailable","5201920","5201920","6705152"
"librime-1.17.0","track-a-comparison","luna_pinyin","key_sequence_process_with_context","ceshiyixiachangjushuruxingnengzenyang","45","37","11127.400","300.741","15691776","15691776","unavailable","15740928","5201920","5201920","unavailable","5201920","5201920","6705152"
"librime-1.17.0","track-a-comparison","luna_pinyin","key_sequence_process_with_context","ceshiyixiachangjushuruxingnengzenyang","46","37","11023.100","297.922","15691776","15785984","unavailable","15785984","5201920","5328896","unavailable","5328896","5328896","6705152"
"librime-1.17.0","track-a-comparison","luna_pinyin","key_sequence_process_with_context","ceshiyixiachangjushuruxingnengzenyang","47","37","11081.000","299.486","15785984","15851520","unavailable","15851520","5328896","5406720","unavailable","5406720","5406720","6705152"
"librime-1.17.0","track-a-comparison","luna_pinyin","key_sequence_process_with_context","ceshiyixiachangjushuruxingnengzenyang","48","37","11118.600","300.503","15851520","15851520","unavailable","15851520","5406720","5406720","unavailable","5406720","5406720","6705152"
"librime-1.17.0","track-a-comparison","luna_pinyin","key_sequence_process_with_context","ceshiyixiachangjushuruxingnengzenyang","49","37","11127.500","300.743","15851520","15851520","unavailable","15851520","5406720","5406720","unavailable","5406720","5406720","6705152"
"librime-1.17.0","track-a-comparison","luna_pinyin","key_sequence_process_with_context","ceshiyixiachangjushuruxingnengzenyang","50","37","11205.100","302.841","15851520","15859712","unavailable","15859712","5406720","5406720","unavailable","5406720","5406720","6705152"
"librime-1.17.0","track-a-comparison","luna_pinyin","key_sequence_process_with_context","ceshiyixiachangjushuruxingnengzenyang","51","37","11076.900","299.376","15859712","15863808","unavailable","15863808","5406720","5406720","unavailable","5406720","5406720","6705152"
"librime-1.17.0","track-a-comparison","luna_pinyin","key_sequence_process_with_context","ceshiyixiachangjushuruxingnengzenyang","52","37","11191.700","302.478","15863808","15822848","unavailable","15863808","5406720","5406720","unavailable","5406720","5406720","6705152"
"librime-1.17.0","track-a-comparison","luna_pinyin","key_sequence_process_with_context","ceshiyixiachangjushuruxingnengzenyang","53","37","11094.100","299.841","15822848","15867904","unavailable","15867904","5406720","5406720","unavailable","5406720","5406720","6705152"
"librime-1.17.0","track-a-comparison","luna_pinyin","key_sequence_process_with_context","ceshiyixiachangjushuruxingnengzenyang","54","37","11087.400","299.659","15867904","15867904","unavailable","15867904","5406720","5406720","unavailable","5406720","5406720","6705152"
"librime-1.17.0","track-a-comparison","luna_pinyin","key_sequence_process_with_context","ceshiyixiachangjushuruxingnengzenyang","55","37","11002.300","297.359","15867904","15867904","unavailable","15867904","5406720","5406720","unavailable","5406720","5406720","6705152"
"librime-1.17.0","track-a-comparison","luna_pinyin","key_sequence_process_with_context","ceshiyixiachangjushuruxingnengzenyang","56","37","10966.200","296.384","15867904","15867904","unavailable","15867904","5406720","5406720","unavailable","5406720","5406720","6705152"
"librime-1.17.0","track-a-comparison","luna_pinyin","key_sequence_process_with_context","ceshiyixiachangjushuruxingnengzenyang","57","37","10993.400","297.119","15867904","15867904","unavailable","15867904","5406720","5406720","unavailable","5406720","5406720","6705152"
"librime-1.17.0","track-a-comparison","luna_pinyin","key_sequence_process_with_context","ceshiyixiachangjushuruxingnengzenyang","58","37","11045.600","298.530","15867904","15867904","unavailable","15867904","5406720","5406720","unavailable","5406720","5406720","6705152"
"librime-1.17.0","track-a-comparison","luna_pinyin","key_sequence_process_with_context","ceshiyixiachangjushuruxingnengzenyang","59","37","11113.100","300.354","15867904","15802368","unavailable","15867904","5406720","5328896","unavailable","5328896","5328896","6705152"
"librime-1.17.0","track-a-comparison","luna_pinyin","key_sequence_process_with_context","ceshiyixiachangjushuruxingnengzenyang","60","37","11063.500","299.014","15802368","15802368","unavailable","15867904","5328896","5328896","unavailable","5328896","5328896","6705152"
"librime-1.17.0","track-a-comparison","luna_pinyin","key_sequence_process_with_context","ceshiyixiachangjushuruxingnengzenyang","61","37","11085.800","299.616","15802368","15867904","unavailable","15867904","5328896","5406720","unavailable","5406720","5406720","6705152"
"librime-1.17.0","track-a-comparison","luna_pinyin","key_sequence_process_with_context","ceshiyixiachangjushuruxingnengzenyang","62","37","11116.400","300.443","15867904","15867904","unavailable","15867904","5406720","5406720","unavailable","5406720","5406720","6705152"
"librime-1.17.0","track-a-comparison","luna_pinyin","key_sequence_process_with_context","ceshiyixiachangjushuruxingnengzenyang","63","37","11138.800","301.049","15867904","15867904","unavailable","15867904","5406720","5406720","unavailable","5406720","5406720","6705152"
"librime-1.17.0","track-a-comparison","luna_pinyin","key_sequence_process_with_context","ceshiyixiachangjushuruxingnengzenyang","64","37","11187.000","302.351","15867904","15867904","unavailable","15867904","5406720","5406720","unavailable","5406720","5406720","6705152"
"librime-1.17.0","track-a-comparison","luna_pinyin","key_sequence_process_with_context","ceshiyixiachangjushuruxingnengzenyang","65","37","11676.400","315.578","15867904","15867904","unavailable","15867904","5406720","5406720","unavailable","5406720","5406720","6705152"
"librime-1.17.0","track-a-comparison","luna_pinyin","key_sequence_process_with_context","ceshiyixiachangjushuruxingnengzenyang","66","37","12241.600","330.854","15867904","15880192","unavailable","15880192","5406720","5406720","unavailable","5406720","5406720","6705152"
"librime-1.17.0","track-a-comparison","luna_pinyin","key_sequence_process_with_context","ceshiyixiachangjushuruxingnengzenyang","67","37","12783.500","345.500","15880192","15880192","unavailable","15880192","5406720","5406720","unavailable","5406720","5406720","6705152"
"librime-1.17.0","track-a-comparison","luna_pinyin","key_sequence_process_with_context","ceshiyixiachangjushuruxingnengzenyang","68","37","13515.400","365.281","15880192","15880192","unavailable","15880192","5406720","5406720","unavailable","5406720","5406720","6705152"
"librime-1.17.0","track-a-comparison","luna_pinyin","key_sequence_process_with_context","ceshiyixiachangjushuruxingnengzenyang","69","37","12994.100","351.192","15880192","15880192","unavailable","15880192","5406720","5406720","unavailable","5406720","5406720","6705152"
"librime-1.17.0","track-a-comparison","luna_pinyin","key_sequence_process_with_context","ceshiyixiachangjushuruxingnengzenyang","70","37","13732.200","371.141","15880192","15880192","unavailable","15880192","5406720","5406720","unavailable","5406720","5406720","6705152"
"librime-1.17.0","track-a-comparison","luna_pinyin","key_sequence_process_with_context","ceshiyixiachangjushuruxingnengzenyang","71","37","13905.000","375.811","15880192","15880192","unavailable","15880192","5406720","5406720","unavailable","5406720","5406720","6705152"
"librime-1.17.0","track-a-comparison","luna_pinyin","key_sequence_process_with_context","ceshiyixiachangjushuruxingnengzenyang","72","37","12086.700","326.668","15880192","15880192","unavailable","15880192","5406720","5406720","unavailable","5406720","5406720","6705152"
"librime-1.17.0","track-a-comparison","luna_pinyin","key_sequence_process_with_context","ceshiyixiachangjushuruxingnengzenyang","73","37","12386.000","334.757","15880192","15880192","unavailable","15880192","5406720","5406720","unavailable","5406720","5406720","6705152"
"librime-1.17.0","track-a-comparison","luna_pinyin","key_sequence_process_with_context","ceshiyixiachangjushuruxingnengzenyang","74","37","12200.200","329.735","15880192","15880192","unavailable","15880192","5406720","5406720","unavailable","5406720","5406720","6705152"
"librime-1.17.0","track-a-comparison","luna_pinyin","key_sequence_process_with_context","ceshiyixiachangjushuruxingnengzenyang","75","37","12976.700","350.722","15880192","15880192","unavailable","15880192","5406720","5406720","unavailable","5406720","5406720","6705152"
"librime-1.17.0","track-a-comparison","luna_pinyin","key_sequence_process_with_context","ceshiyixiachangjushuruxingnengzenyang","76","37","12093.600","326.854","15880192","15880192","unavailable","15880192","5406720","5406720","unavailable","5406720","5406720","6705152"
"librime-1.17.0","track-a-comparison","luna_pinyin","key_sequence_process_with_context","ceshiyixiachangjushuruxingnengzenyang","77","37","11546.700","312.073","15880192","15880192","unavailable","15880192","5406720","5406720","unavailable","5406720","5406720","6705152"
"librime-1.17.0","track-a-comparison","luna_pinyin","key_sequence_process_with_context","ceshiyixiachangjushuruxingnengzenyang","78","37","11524.700","311.478","15880192","15880192","unavailable","15880192","5406720","5406720","unavailable","5406720","5406720","6705152"
"librime-1.17.0","track-a-comparison","luna_pinyin","key_sequence_process_with_context","ceshiyixiachangjushuruxingnengzenyang","79","37","11517.700","311.289","15880192","15880192","unavailable","15880192","5406720","5406720","unavailable","5406720","5406720","6705152"
"librime-1.17.0","track-a-comparison","luna_pinyin","key_sequence_process_with_context","zhegeyinqingqishiyinggaizhichichaochangjuzishurucainengyong","0","59","40377.900","684.371","16732160","16777216","unavailable","16777216","5746688","5873664","unavailable","5873664","5873664","7098368"
"librime-1.17.0","track-a-comparison","luna_pinyin","key_sequence_process_with_context","zhegeyinqingqishiyinggaizhichichaochangjuzishurucainengyong","1","59","40183.100","681.069","16777216","16814080","unavailable","16814080","5873664","5873664","unavailable","5873664","5873664","7098368"
"librime-1.17.0","track-a-comparison","luna_pinyin","key_sequence_process_with_context","zhegeyinqingqishiyinggaizhichichaochangjuzishurucainengyong","2","59","39956.700","677.232","16814080","16822272","unavailable","16822272","5873664","5873664","unavailable","5873664","5873664","7098368"
"librime-1.17.0","track-a-comparison","luna_pinyin","key_sequence_process_with_context","zhegeyinqingqishiyinggaizhichichaochangjuzishurucainengyong","3","59","40842.300","692.242","16822272","16953344","unavailable","16953344","5873664","6328320","unavailable","6328320","6328320","7098368"
"librime-1.17.0","track-a-comparison","luna_pinyin","key_sequence_process_with_context","zhegeyinqingqishiyinggaizhichichaochangjuzishurucainengyong","4","59","39811.700","674.775","16953344","16900096","unavailable","16953344","6328320","5984256","unavailable","5984256","5984256","7098368"
"librime-1.17.0","track-a-comparison","luna_pinyin","key_sequence_process_with_context","zhegeyinqingqishiyinggaizhichichaochangjuzishurucainengyong","5","59","39928.500","676.754","16900096","16859136","unavailable","16953344","5984256","5853184","unavailable","5853184","5853184","7098368"
"librime-1.17.0","track-a-comparison","luna_pinyin","key_sequence_process_with_context","zhegeyinqingqishiyinggaizhichichaochangjuzishurucainengyong","6","59","40111.700","679.859","16859136","16879616","unavailable","16953344","5853184","5853184","unavailable","5853184","5853184","7098368"
"librime-1.17.0","track-a-comparison","luna_pinyin","key_sequence_process_with_context","zhegeyinqingqishiyinggaizhichichaochangjuzishurucainengyong","7","59","41422.400","702.075","16879616","16801792","unavailable","16953344","5853184","5853184","unavailable","5853184","5853184","7098368"
"librime-1.17.0","track-a-comparison","luna_pinyin","key_sequence_process_with_context","zhegeyinqingqishiyinggaizhichichaochangjuzishurucainengyong","8","59","40259.400","682.363","16801792","16564224","unavailable","16953344","5853184","5656576","unavailable","5656576","5656576","7098368"
"librime-1.17.0","track-a-comparison","luna_pinyin","key_sequence_process_with_context","zhegeyinqingqishiyinggaizhichichaochangjuzishurucainengyong","9","59","40355.900","683.998","16564224","16879616","unavailable","16953344","5656576","5853184","unavailable","5853184","5853184","7098368"
"librime-1.17.0","track-a-comparison","luna_pinyin","key_sequence_process_with_context","zhegeyinqingqishiyinggaizhichichaochangjuzishurucainengyong","10","59","40062.900","679.032","16879616","16822272","unavailable","16953344","5853184","5853184","unavailable","5853184","5853184","7098368"
"librime-1.17.0","track-a-comparison","luna_pinyin","key_sequence_process_with_context","zhegeyinqingqishiyinggaizhichichaochangjuzishurucainengyong","11","59","40399.200","684.732","16822272","16916480","unavailable","16953344","5853184","5984256","unavailable","5984256","5984256","7098368"
"librime-1.17.0","track-a-comparison","luna_pinyin","key_sequence_process_with_context","zhegeyinqingqishiyinggaizhichichaochangjuzishurucainengyong","12","59","41140.400","697.295","16916480","16805888","unavailable","16953344","5984256","5853184","unavailable","5853184","5853184","7098368"
"librime-1.17.0","track-a-comparison","luna_pinyin","key_sequence_process_with_context","zhegeyinqingqishiyinggaizhichichaochangjuzishurucainengyong","13","59","40088.200","679.461","16805888","16842752","unavailable","16953344","5853184","5849088","unavailable","5849088","5849088","7098368"
"librime-1.17.0","track-a-comparison","luna_pinyin","key_sequence_process_with_context","zhegeyinqingqishiyinggaizhichichaochangjuzishurucainengyong","14","59","40129.500","680.161","16842752","16875520","unavailable","16953344","5849088","5853184","unavailable","5853184","5853184","7098368"
"librime-1.17.0","track-a-comparison","luna_pinyin","key_sequence_process_with_context","zhegeyinqingqishiyinggaizhichichaochangjuzishurucainengyong","15","59","40325.600","683.485","16875520","16916480","unavailable","16953344","5853184","5984256","unavailable","5984256","5984256","7098368"
"librime-1.17.0","track-a-comparison","luna_pinyin","key_sequence_process_with_context","zhegeyinqingqishiyinggaizhichichaochangjuzishurucainengyong","16","59","40862.900","692.592","16916480","16916480","unavailable","16953344","5984256","5984256","unavailable","5984256","5984256","7098368"
"librime-1.17.0","track-a-comparison","luna_pinyin","key_sequence_process_with_context","zhegeyinqingqishiyinggaizhichichaochangjuzishurucainengyong","17","59","40137.900","680.303","16916480","16908288","unavailable","16953344","5984256","5984256","unavailable","5984256","5984256","7098368"
"librime-1.17.0","track-a-comparison","luna_pinyin","key_sequence_process_with_context","zhegeyinqingqishiyinggaizhichichaochangjuzishurucainengyong","18","59","39936.100","676.883","16908288","16887808","unavailable","16953344","5984256","5980160","unavailable","5980160","5980160","7098368"
"librime-1.17.0","track-a-comparison","luna_pinyin","key_sequence_process_with_context","zhegeyinqingqishiyinggaizhichichaochangjuzishurucainengyong","19","59","39991.000","677.814","16887808","16908288","unavailable","16953344","5980160","5984256","unavailable","5984256","5984256","7098368"
"librime-1.17.0","track-a-comparison","luna_pinyin","key_sequence_process_with_context","zhegeyinqingqishiyinggaizhichichaochangjuzishurucainengyong","20","59","41576.200","704.681","16908288","16883712","unavailable","16953344","5984256","5984256","unavailable","5984256","5984256","7098368"
"librime-1.17.0","track-a-comparison","luna_pinyin","key_sequence_process_with_context","zhegeyinqingqishiyinggaizhichichaochangjuzishurucainengyong","21","59","41438.200","702.342","16883712","16883712","unavailable","16953344","5984256","5984256","unavailable","5984256","5984256","7098368"
"librime-1.17.0","track-a-comparison","luna_pinyin","key_sequence_process_with_context","zhegeyinqingqishiyinggaizhichichaochangjuzishurucainengyong","22","59","40497.400","686.397","16883712","16908288","unavailable","16953344","5984256","5984256","unavailable","5984256","5984256","7098368"
"librime-1.17.0","track-a-comparison","luna_pinyin","key_sequence_process_with_context","zhegeyinqingqishiyinggaizhichichaochangjuzishurucainengyong","23","59","40401.800","684.776","16908288","16879616","unavailable","16953344","5984256","5984256","unavailable","5984256","5984256","7098368"
"librime-1.17.0","track-a-comparison","luna_pinyin","key_sequence_process_with_context","zhegeyinqingqishiyinggaizhichichaochangjuzishurucainengyong","24","59","39895.700","676.198","16879616","16920576","unavailable","16953344","5984256","5984256","unavailable","5984256","5984256","7098368"
"librime-1.17.0","track-a-comparison","luna_pinyin","key_sequence_process_with_context","zhegeyinqingqishiyinggaizhichichaochangjuzishurucainengyong","25","59","39837.900","675.219","16924672","16867328","unavailable","16953344","5984256","5853184","unavailable","5853184","5853184","7098368"
"librime-1.17.0","track-a-comparison","luna_pinyin","key_sequence_process_with_context","zhegeyinqingqishiyinggaizhichichaochangjuzishurucainengyong","26","59","39869.800","675.759","16867328","16850944","unavailable","16953344","5853184","5853184","unavailable","5853184","5853184","7098368"
"librime-1.17.0","track-a-comparison","luna_pinyin","key_sequence_process_with_context","zhegeyinqingqishiyinggaizhichichaochangjuzishurucainengyong","27","59","40830.000","692.034","16850944","16920576","unavailable","16953344","5853184","5984256","unavailable","5984256","5984256","7098368"
"librime-1.17.0","track-a-comparison","luna_pinyin","key_sequence_process_with_context","zhegeyinqingqishiyinggaizhichichaochangjuzishurucainengyong","28","59","41794.000","708.373","16920576","16850944","unavailable","16953344","5984256","5853184","unavailable","5853184","5853184","7098368"
"librime-1.17.0","track-a-comparison","luna_pinyin","key_sequence_process_with_context","zhegeyinqingqishiyinggaizhichichaochangjuzishurucainengyong","29","59","45299.600","767.790","16850944","16912384","unavailable","16953344","5853184","5984256","unavailable","5984256","5984256","7098368"
"librime-1.17.0","track-a-comparison","luna_pinyin","key_sequence_process_with_context","zhegeyinqingqishiyinggaizhichichaochangjuzishurucainengyong","30","59","41721.300","707.141","16912384","16924672","unavailable","16953344","5984256","5984256","unavailable","5984256","5984256","7098368"
"librime-1.17.0","track-a-comparison","luna_pinyin","key_sequence_process_with_context","zhegeyinqingqishiyinggaizhichichaochangjuzishurucainengyong","31","59","40416.300","685.022","16924672","16830464","unavailable","16953344","5984256","5853184","unavailable","5853184","5853184","7098368"
"librime-1.17.0","track-a-comparison","luna_pinyin","key_sequence_process_with_context","zhegeyinqingqishiyinggaizhichichaochangjuzishurucainengyong","32","59","41070.700","696.114","16830464","16924672","unavailable","16953344","5853184","5984256","unavailable","5984256","5984256","7098368"
"librime-1.17.0","track-a-comparison","luna_pinyin","key_sequence_process_with_context","zhegeyinqingqishiyinggaizhichichaochangjuzishurucainengyong","33","59","40452.800","685.641","16924672","16920576","unavailable","16953344","5984256","5984256","unavailable","5984256","5984256","7098368"
"librime-1.17.0","track-a-comparison","luna_pinyin","key_sequence_process_with_context","zhegeyinqingqishiyinggaizhichichaochangjuzishurucainengyong","34","59","40224.100","681.764","16924672","16834560","unavailable","16953344","5984256","5853184","unavailable","5853184","5853184","7098368"
"librime-1.17.0","track-a-comparison","luna_pinyin","key_sequence_process_with_context","zhegeyinqingqishiyinggaizhichichaochangjuzishurucainengyong","35","59","39905.800","676.369","16834560","16834560","unavailable","16953344","5853184","5853184","unavailable","5853184","5853184","7098368"
"librime-1.17.0","track-a-comparison","luna_pinyin","key_sequence_process_with_context","zhegeyinqingqishiyinggaizhichichaochangjuzishurucainengyong","36","59","39890.800","676.115","16834560","16834560","unavailable","16953344","5853184","5853184","unavailable","5853184","5853184","7098368"
"librime-1.17.0","track-a-comparison","luna_pinyin","key_sequence_process_with_context","zhegeyinqingqishiyinggaizhichichaochangjuzishurucainengyong","37","59","39959.000","677.271","16834560","16900096","unavailable","16953344","5853184","5984256","unavailable","5984256","5984256","7098368"
"librime-1.17.0","track-a-comparison","luna_pinyin","key_sequence_process_with_context","zhegeyinqingqishiyinggaizhichichaochangjuzishurucainengyong","38","59","39842.300","675.293","16900096","16867328","unavailable","16953344","5984256","5853184","unavailable","5853184","5853184","7098368"
"librime-1.17.0","track-a-comparison","luna_pinyin","key_sequence_process_with_context","zhegeyinqingqishiyinggaizhichichaochangjuzishurucainengyong","39","59","40570.600","687.637","16867328","16916480","unavailable","16953344","5853184","5984256","unavailable","5984256","5984256","7098368"
"librime-1.17.0","track-a-comparison","luna_pinyin","key_sequence_process_with_context","zhegeyinqingqishiyinggaizhichichaochangjuzishurucainengyong","40","59","40415.800","685.014","16916480","16846848","unavailable","16953344","5984256","5853184","unavailable","5853184","5853184","7098368"
"librime-1.17.0","track-a-comparison","luna_pinyin","key_sequence_process_with_context","zhegeyinqingqishiyinggaizhichichaochangjuzishurucainengyong","41","59","41242.200","699.020","16846848","16891904","unavailable","16953344","5853184","5971968","unavailable","5971968","5971968","7098368"
"librime-1.17.0","track-a-comparison","luna_pinyin","key_sequence_process_with_context","zhegeyinqingqishiyinggaizhichichaochangjuzishurucainengyong","42","59","39783.800","674.302","16891904","16883712","unavailable","16953344","5971968","5853184","unavailable","5853184","5853184","7098368"
"librime-1.17.0","track-a-comparison","luna_pinyin","key_sequence_process_with_context","zhegeyinqingqishiyinggaizhichichaochangjuzishurucainengyong","43","59","41007.900","695.049","16883712","16924672","unavailable","16953344","5853184","5984256","unavailable","5984256","5984256","7098368"
"librime-1.17.0","track-a-comparison","luna_pinyin","key_sequence_process_with_context","zhegeyinqingqishiyinggaizhichichaochangjuzishurucainengyong","44","59","40238.400","682.007","17219584","17227776","unavailable","17227776","6455296","6455296","unavailable","6455296","6455296","7098368"
"librime-1.17.0","track-a-comparison","luna_pinyin","key_sequence_process_with_context","zhegeyinqingqishiyinggaizhichichaochangjuzishurucainengyong","45","59","41207.900","698.439","17227776","17227776","unavailable","17227776","6455296","6455296","unavailable","6455296","6455296","7098368"
"librime-1.17.0","track-a-comparison","luna_pinyin","key_sequence_process_with_context","zhegeyinqingqishiyinggaizhichichaochangjuzishurucainengyong","46","59","40727.600","690.298","17227776","16998400","unavailable","17227776","6455296","6225920","unavailable","6225920","6225920","7098368"
"librime-1.17.0","track-a-comparison","luna_pinyin","key_sequence_process_with_context","zhegeyinqingqishiyinggaizhichichaochangjuzishurucainengyong","47","59","40907.700","693.351","16998400","16998400","unavailable","17227776","6225920","6225920","unavailable","6225920","6225920","7098368"
"librime-1.17.0","track-a-comparison","luna_pinyin","key_sequence_process_with_context","zhegeyinqingqishiyinggaizhichichaochangjuzishurucainengyong","48","59","40402.200","684.783","16998400","16994304","unavailable","17227776","6225920","6225920","unavailable","6225920","6225920","7098368"
"librime-1.17.0","track-a-comparison","luna_pinyin","key_sequence_process_with_context","zhegeyinqingqishiyinggaizhichichaochangjuzishurucainengyong","49","59","40102.400","679.702","16994304","17002496","unavailable","17227776","6225920","6225920","unavailable","6225920","6225920","7098368"
"librime-1.17.0","track-a-comparison","luna_pinyin","key_sequence_process_with_context","zhegeyinqingqishiyinggaizhichichaochangjuzishurucainengyong","50","59","40787.500","691.314","17002496","16936960","unavailable","17227776","6225920","6094848","unavailable","6094848","6094848","7098368"
"librime-1.17.0","track-a-comparison","luna_pinyin","key_sequence_process_with_context","zhegeyinqingqishiyinggaizhichichaochangjuzishurucainengyong","51","59","40307.100","683.171","16936960","16998400","unavailable","17227776","6094848","6225920","unavailable","6225920","6225920","7098368"
"librime-1.17.0","track-a-comparison","luna_pinyin","key_sequence_process_with_context","zhegeyinqingqishiyinggaizhichichaochangjuzishurucainengyong","52","59","40286.700","682.825","16998400","16998400","unavailable","17227776","6225920","6225920","unavailable","6225920","6225920","7098368"
"librime-1.17.0","track-a-comparison","luna_pinyin","key_sequence_process_with_context","zhegeyinqingqishiyinggaizhichichaochangjuzishurucainengyong","53","59","41794.400","708.380","16998400","16990208","unavailable","17227776","6225920","6221824","unavailable","6221824","6221824","7098368"
"librime-1.17.0","track-a-comparison","luna_pinyin","key_sequence_process_with_context","zhegeyinqingqishiyinggaizhichichaochangjuzishurucainengyong","54","59","40520.400","686.786","16990208","16957440","unavailable","17227776","6221824","6094848","unavailable","6094848","6094848","7098368"
"librime-1.17.0","track-a-comparison","luna_pinyin","key_sequence_process_with_context","zhegeyinqingqishiyinggaizhichichaochangjuzishurucainengyong","55","59","39805.000","674.661","16957440","16994304","unavailable","17227776","6094848","6225920","unavailable","6225920","6225920","7098368"
"librime-1.17.0","track-a-comparison","luna_pinyin","key_sequence_process_with_context","zhegeyinqingqishiyinggaizhichichaochangjuzishurucainengyong","56","59","40645.400","688.905","16994304","16986112","unavailable","17227776","6225920","6225920","unavailable","6225920","6225920","7098368"
"librime-1.17.0","track-a-comparison","luna_pinyin","key_sequence_process_with_context","zhegeyinqingqishiyinggaizhichichaochangjuzishurucainengyong","57","59","40074.000","679.220","16986112","16998400","unavailable","17227776","6225920","6225920","unavailable","6225920","6225920","7098368"
"librime-1.17.0","track-a-comparison","luna_pinyin","key_sequence_process_with_context","zhegeyinqingqishiyinggaizhichichaochangjuzishurucainengyong","58","59","40445.500","685.517","16998400","16994304","unavailable","17227776","6225920","6225920","unavailable","6225920","6225920","7098368"
"librime-1.17.0","track-a-comparison","luna_pinyin","key_sequence_process_with_context","zhegeyinqingqishiyinggaizhichichaochangjuzishurucainengyong","59","59","39668.800","672.353","16994304","16998400","unavailable","17227776","6225920","6225920","unavailable","6225920","6225920","7098368"
"librime-1.17.0","track-a-comparison","luna_pinyin","key_sequence_process_with_context","zhegeyinqingqishiyinggaizhichichaochangjuzishurucainengyong","60","59","40914.900","693.473","16998400","16994304","unavailable","17227776","6225920","6225920","unavailable","6225920","6225920","7098368"
"librime-1.17.0","track-a-comparison","luna_pinyin","key_sequence_process_with_context","zhegeyinqingqishiyinggaizhichichaochangjuzishurucainengyong","61","59","39753.800","673.793","16994304","16990208","unavailable","17227776","6225920","6225920","unavailable","6225920","6225920","7098368"
"librime-1.17.0","track-a-comparison","luna_pinyin","key_sequence_process_with_context","zhegeyinqingqishiyinggaizhichichaochangjuzishurucainengyong","62","59","39911.100","676.459","16990208","16990208","unavailable","17227776","6225920","6225920","unavailable","6225920","6225920","7098368"
"librime-1.17.0","track-a-comparison","luna_pinyin","key_sequence_process_with_context","zhegeyinqingqishiyinggaizhichichaochangjuzishurucainengyong","63","59","41013.100","695.137","16990208","16998400","unavailable","17227776","6225920","6225920","unavailable","6225920","6225920","7098368"
"librime-1.17.0","track-a-comparison","luna_pinyin","key_sequence_process_with_context","zhegeyinqingqishiyinggaizhichichaochangjuzishurucainengyong","64","59","41658.500","706.076","16998400","16973824","unavailable","17227776","6225920","6225920","unavailable","6225920","6225920","7098368"
"librime-1.17.0","track-a-comparison","luna_pinyin","key_sequence_process_with_context","zhegeyinqingqishiyinggaizhichichaochangjuzishurucainengyong","65","59","40254.700","682.283","16973824","16977920","unavailable","17227776","6225920","6225920","unavailable","6225920","6225920","7098368"
"librime-1.17.0","track-a-comparison","luna_pinyin","key_sequence_process_with_context","zhegeyinqingqishiyinggaizhichichaochangjuzishurucainengyong","66","59","40441.000","685.441","16977920","16986112","unavailable","17227776","6225920","6225920","unavailable","6225920","6225920","7098368"
"librime-1.17.0","track-a-comparison","luna_pinyin","key_sequence_process_with_context","zhegeyinqingqishiyinggaizhichichaochangjuzishurucainengyong","67","59","40176.300","680.954","16986112","16957440","unavailable","17227776","6225920","6094848","unavailable","6094848","6094848","7098368"
"librime-1.17.0","track-a-comparison","luna_pinyin","key_sequence_process_with_context","zhegeyinqingqishiyinggaizhichichaochangjuzishurucainengyong","68","59","40162.100","680.714","16957440","17002496","unavailable","17227776","6094848","6225920","unavailable","6225920","6225920","7098368"
"librime-1.17.0","track-a-comparison","luna_pinyin","key_sequence_process_with_context","zhegeyinqingqishiyinggaizhichichaochangjuzishurucainengyong","69","59","40795.500","691.449","17002496","16998400","unavailable","17227776","6225920","6225920","unavailable","6225920","6225920","7098368"
"librime-1.17.0","track-a-comparison","luna_pinyin","key_sequence_process_with_context","zhegeyinqingqishiyinggaizhichichaochangjuzishurucainengyong","70","59","40503.500","686.500","16998400","16994304","unavailable","17227776","6225920","6225920","unavailable","6225920","6225920","7098368"
"librime-1.17.0","track-a-comparison","luna_pinyin","key_sequence_process_with_context","zhegeyinqingqishiyinggaizhichichaochangjuzishurucainengyong","71","59","40420.000","685.085","16994304","16998400","unavailable","17227776","6225920","6225920","unavailable","6225920","6225920","7098368"
"librime-1.17.0","track-a-comparison","luna_pinyin","key_sequence_process_with_context","zhegeyinqingqishiyinggaizhichichaochangjuzishurucainengyong","72","59","44807.700","759.453","16998400","16957440","unavailable","17227776","6225920","6094848","unavailable","6094848","6094848","7098368"
"librime-1.17.0","track-a-comparison","luna_pinyin","key_sequence_process_with_context","zhegeyinqingqishiyinggaizhichichaochangjuzishurucainengyong","73","59","45090.000","764.237","16957440","16957440","unavailable","17227776","6094848","6094848","unavailable","6094848","6094848","7098368"
"librime-1.17.0","track-a-comparison","luna_pinyin","key_sequence_process_with_context","zhegeyinqingqishiyinggaizhichichaochangjuzishurucainengyong","74","59","42040.900","712.558","16957440","16990208","unavailable","17227776","6094848","6225920","unavailable","6225920","6225920","7098368"
"librime-1.17.0","track-a-comparison","luna_pinyin","key_sequence_process_with_context","zhegeyinqingqishiyinggaizhichichaochangjuzishurucainengyong","75","59","42528.800","720.827","16990208","16936960","unavailable","17227776","6225920","6094848","unavailable","6094848","6094848","7098368"
"librime-1.17.0","track-a-comparison","luna_pinyin","key_sequence_process_with_context","zhegeyinqingqishiyinggaizhichichaochangjuzishurucainengyong","76","59","40088.500","679.466","16936960","16998400","unavailable","17227776","6094848","6225920","unavailable","6225920","6225920","7098368"
"librime-1.17.0","track-a-comparison","luna_pinyin","key_sequence_process_with_context","zhegeyinqingqishiyinggaizhichichaochangjuzishurucainengyong","77","59","39803.700","674.639","16998400","16957440","unavailable","17227776","6225920","6094848","unavailable","6094848","6094848","7098368"
"librime-1.17.0","track-a-comparison","luna_pinyin","key_sequence_process_with_context","zhegeyinqingqishiyinggaizhichichaochangjuzishurucainengyong","78","59","39851.400","675.447","16957440","16957440","unavailable","17227776","6094848","6094848","unavailable","6094848","6094848","7098368"
"librime-1.17.0","track-a-comparison","luna_pinyin","key_sequence_process_with_context","zhegeyinqingqishiyinggaizhichichaochangjuzishurucainengyong","79","59","39880.600","675.942","16957440","16998400","unavailable","17227776","6094848","6225920","unavailable","6225920","6225920","7098368"
"librime-1.17.0","track-a-comparison","luna_pinyin","key_sequence_process_with_context","cszysmsrsd","0","10","12118.700","1211.870","16117760","16121856","unavailable","17227776","5963776","5967872","unavailable","5967872","5967872","7585792"
"librime-1.17.0","track-a-comparison","luna_pinyin","key_sequence_process_with_context","cszysmsrsd","1","10","12082.700","1208.270","16121856","16121856","unavailable","17227776","5967872","5967872","unavailable","5967872","5967872","7585792"
"librime-1.17.0","track-a-comparison","luna_pinyin","key_sequence_process_with_context","cszysmsrsd","2","10","12089.800","1208.980","16121856","16121856","unavailable","17227776","5967872","5967872","unavailable","5967872","5967872","7585792"
"librime-1.17.0","track-a-comparison","luna_pinyin","key_sequence_process_with_context","cszysmsrsd","3","10","12092.600","1209.260","16121856","16121856","unavailable","17227776","5967872","5967872","unavailable","5967872","5967872","7585792"
"librime-1.17.0","track-a-comparison","luna_pinyin","key_sequence_process_with_context","cszysmsrsd","4","10","12109.500","1210.950","16121856","16121856","unavailable","17227776","5967872","5967872","unavailable","5967872","5967872","7585792"
"librime-1.17.0","track-a-comparison","luna_pinyin","key_sequence_process_with_context","cszysmsrsd","5","10","12173.900","1217.390","16121856","16121856","unavailable","17227776","5967872","5967872","unavailable","5967872","5967872","7585792"
"librime-1.17.0","track-a-comparison","luna_pinyin","key_sequence_process_with_context","cszysmsrsd","6","10","12156.400","1215.640","16121856","16121856","unavailable","17227776","5967872","5967872","unavailable","5967872","5967872","7585792"
"librime-1.17.0","track-a-comparison","luna_pinyin","key_sequence_process_with_context","cszysmsrsd","7","10","12128.500","1212.850","16121856","16121856","unavailable","17227776","5967872","5967872","unavailable","5967872","5967872","7585792"
"librime-1.17.0","track-a-comparison","luna_pinyin","key_sequence_process_with_context","cszysmsrsd","8","10","12140.300","1214.030","16121856","16121856","unavailable","17227776","5967872","5967872","unavailable","5967872","5967872","7585792"
"librime-1.17.0","track-a-comparison","luna_pinyin","key_sequence_process_with_context","cszysmsrsd","9","10","12136.100","1213.610","16121856","16121856","unavailable","17227776","5967872","5967872","unavailable","5967872","5967872","7585792"
"librime-1.17.0","track-a-comparison","luna_pinyin","key_sequence_process_with_context","cszysmsrsd","10","10","12138.900","1213.890","16121856","16121856","unavailable","17227776","5967872","5967872","unavailable","5967872","5967872","7585792"
"librime-1.17.0","track-a-comparison","luna_pinyin","key_sequence_process_with_context","cszysmsrsd","11","10","12199.200","1219.920","16121856","16121856","unavailable","17227776","5967872","5967872","unavailable","5967872","5967872","7585792"
"librime-1.17.0","track-a-comparison","luna_pinyin","key_sequence_process_with_context","cszysmsrsd","12","10","12208.900","1220.890","16121856","16121856","unavailable","17227776","5967872","5967872","unavailable","5967872","5967872","7585792"
"librime-1.17.0","track-a-comparison","luna_pinyin","key_sequence_process_with_context","cszysmsrsd","13","10","12234.600","1223.460","16121856","16121856","unavailable","17227776","5967872","5967872","unavailable","5967872","5967872","7585792"
"librime-1.17.0","track-a-comparison","luna_pinyin","key_sequence_process_with_context","cszysmsrsd","14","10","12214.300","1221.430","16121856","16121856","unavailable","17227776","5967872","5967872","unavailable","5967872","5967872","7585792"
"librime-1.17.0","track-a-comparison","luna_pinyin","key_sequence_process_with_context","cszysmsrsd","15","10","12184.300","1218.430","16121856","16121856","unavailable","17227776","5967872","5967872","unavailable","5967872","5967872","7585792"
"librime-1.17.0","track-a-comparison","luna_pinyin","key_sequence_process_with_context","cszysmsrsd","16","10","12197.800","1219.780","16121856","16121856","unavailable","17227776","5967872","5967872","unavailable","5967872","5967872","7585792"
"librime-1.17.0","track-a-comparison","luna_pinyin","key_sequence_process_with_context","cszysmsrsd","17","10","12195.600","1219.560","16121856","16121856","unavailable","17227776","5967872","5967872","unavailable","5967872","5967872","7585792"
"librime-1.17.0","track-a-comparison","luna_pinyin","key_sequence_process_with_context","cszysmsrsd","18","10","12213.200","1221.320","16121856","16121856","unavailable","17227776","5967872","5967872","unavailable","5967872","5967872","7585792"
"librime-1.17.0","track-a-comparison","luna_pinyin","key_sequence_process_with_context","cszysmsrsd","19","10","12220.300","1222.030","16121856","16121856","unavailable","17227776","5967872","5967872","unavailable","5967872","5967872","7585792"
"librime-1.17.0","track-a-comparison","luna_pinyin","key_sequence_process_with_context","cszysmsrsd","20","10","12234.000","1223.400","16121856","16121856","unavailable","17227776","5967872","5967872","unavailable","5967872","5967872","7585792"
"librime-1.17.0","track-a-comparison","luna_pinyin","key_sequence_process_with_context","cszysmsrsd","21","10","12263.100","1226.310","16121856","16121856","unavailable","17227776","5967872","5967872","unavailable","5967872","5967872","7585792"
"librime-1.17.0","track-a-comparison","luna_pinyin","key_sequence_process_with_context","cszysmsrsd","22","10","12292.300","1229.230","16121856","16121856","unavailable","17227776","5967872","5967872","unavailable","5967872","5967872","7585792"
"librime-1.17.0","track-a-comparison","luna_pinyin","key_sequence_process_with_context","cszysmsrsd","23","10","12302.800","1230.280","16121856","16121856","unavailable","17227776","5967872","5967872","unavailable","5967872","5967872","7585792"
"librime-1.17.0","track-a-comparison","luna_pinyin","key_sequence_process_with_context","cszysmsrsd","24","10","12244.200","1224.420","16121856","16121856","unavailable","17227776","5967872","5967872","unavailable","5967872","5967872","7585792"
"librime-1.17.0","track-a-comparison","luna_pinyin","key_sequence_process_with_context","cszysmsrsd","25","10","12258.400","1225.840","16121856","16121856","unavailable","17227776","5967872","5967872","unavailable","5967872","5967872","7585792"
"librime-1.17.0","track-a-comparison","luna_pinyin","key_sequence_process_with_context","cszysmsrsd","26","10","12359.500","1235.950","16121856","16121856","unavailable","17227776","5967872","5967872","unavailable","5967872","5967872","7585792"
"librime-1.17.0","track-a-comparison","luna_pinyin","key_sequence_process_with_context","cszysmsrsd","27","10","12363.200","1236.320","16121856","16125952","unavailable","17227776","5967872","5967872","unavailable","5967872","5967872","7585792"
"librime-1.17.0","track-a-comparison","luna_pinyin","key_sequence_process_with_context","cszysmsrsd","28","10","12581.600","1258.160","16125952","16125952","unavailable","17227776","5967872","5967872","unavailable","5967872","5967872","7585792"
"librime-1.17.0","track-a-comparison","luna_pinyin","key_sequence_process_with_context","cszysmsrsd","29","10","12473.100","1247.310","16125952","16125952","unavailable","17227776","5967872","5967872","unavailable","5967872","5967872","7585792"
"librime-1.17.0","track-a-comparison","luna_pinyin","key_sequence_process_with_context","cszysmsrsd","30","10","12307.400","1230.740","16125952","16125952","unavailable","17227776","5967872","5967872","unavailable","5967872","5967872","7585792"
"librime-1.17.0","track-a-comparison","luna_pinyin","key_sequence_process_with_context","cszysmsrsd","31","10","12245.900","1224.590","16125952","16125952","unavailable","17227776","5967872","5967872","unavailable","5967872","5967872","7585792"
"librime-1.17.0","track-a-comparison","luna_pinyin","key_sequence_process_with_context","cszysmsrsd","32","10","12213.300","1221.330","16125952","16125952","unavailable","17227776","5967872","5967872","unavailable","5967872","5967872","7585792"
"librime-1.17.0","track-a-comparison","luna_pinyin","key_sequence_process_with_context","cszysmsrsd","33","10","12277.500","1227.750","16125952","16125952","unavailable","17227776","5967872","5967872","unavailable","5967872","5967872","7585792"
"librime-1.17.0","track-a-comparison","luna_pinyin","key_sequence_process_with_context","cszysmsrsd","34","10","12274.000","1227.400","16125952","16125952","unavailable","17227776","5967872","5967872","unavailable","5967872","5967872","7585792"
"librime-1.17.0","track-a-comparison","luna_pinyin","key_sequence_process_with_context","cszysmsrsd","35","10","12249.900","1224.990","16125952","16125952","unavailable","17227776","5967872","5967872","unavailable","5967872","5967872","7585792"
"librime-1.17.0","track-a-comparison","luna_pinyin","key_sequence_process_with_context","cszysmsrsd","36","10","12328.600","1232.860","16125952","16125952","unavailable","17227776","5967872","5967872","unavailable","5967872","5967872","7585792"
"librime-1.17.0","track-a-comparison","luna_pinyin","key_sequence_process_with_context","cszysmsrsd","37","10","12385.000","1238.500","16125952","16125952","unavailable","17227776","5967872","5967872","unavailable","5967872","5967872","7585792"
"librime-1.17.0","track-a-comparison","luna_pinyin","key_sequence_process_with_context","cszysmsrsd","38","10","13302.600","1330.260","16125952","16125952","unavailable","17227776","5967872","5967872","unavailable","5967872","5967872","7585792"
"librime-1.17.0","track-a-comparison","luna_pinyin","key_sequence_process_with_context","cszysmsrsd","39","10","12329.800","1232.980","16125952","16125952","unavailable","17227776","5967872","5967872","unavailable","5967872","5967872","7585792"
"librime-1.17.0","track-a-comparison","luna_pinyin","key_sequence_process_with_context","cszysmsrsd","40","10","12351.900","1235.190","16125952","16125952","unavailable","17227776","5967872","5967872","unavailable","5967872","5967872","7585792"
"librime-1.17.0","track-a-comparison","luna_pinyin","key_sequence_process_with_context","cszysmsrsd","41","10","12408.100","1240.810","16125952","16125952","unavailable","17227776","5967872","5967872","unavailable","5967872","5967872","7585792"
"librime-1.17.0","track-a-comparison","luna_pinyin","key_sequence_process_with_context","cszysmsrsd","42","10","12453.600","1245.360","16125952","16125952","unavailable","17227776","5967872","5967872","unavailable","5967872","5967872","7585792"
"librime-1.17.0","track-a-comparison","luna_pinyin","key_sequence_process_with_context","cszysmsrsd","43","10","12722.200","1272.220","16125952","16125952","unavailable","17227776","5967872","5967872","unavailable","5967872","5967872","7585792"
"librime-1.17.0","track-a-comparison","luna_pinyin","key_sequence_process_with_context","cszysmsrsd","44","10","12224.600","1222.460","16125952","16125952","unavailable","17227776","5967872","5967872","unavailable","5967872","5967872","7585792"
"librime-1.17.0","track-a-comparison","luna_pinyin","key_sequence_process_with_context","cszysmsrsd","45","10","12202.300","1220.230","16125952","16125952","unavailable","17227776","5967872","5967872","unavailable","5967872","5967872","7585792"
"librime-1.17.0","track-a-comparison","luna_pinyin","key_sequence_process_with_context","cszysmsrsd","46","10","12814.200","1281.420","16125952","16125952","unavailable","17227776","5967872","5967872","unavailable","5967872","5967872","7585792"
"librime-1.17.0","track-a-comparison","luna_pinyin","key_sequence_process_with_context","cszysmsrsd","47","10","12217.600","1221.760","16125952","16125952","unavailable","17227776","5967872","5967872","unavailable","5967872","5967872","7585792"
"librime-1.17.0","track-a-comparison","luna_pinyin","key_sequence_process_with_context","cszysmsrsd","48","10","12214.100","1221.410","16125952","16125952","unavailable","17227776","5967872","5967872","unavailable","5967872","5967872","7585792"
"librime-1.17.0","track-a-comparison","luna_pinyin","key_sequence_process_with_context","cszysmsrsd","49","10","12212.500","1221.250","16125952","16125952","unavailable","17227776","5967872","5967872","unavailable","5967872","5967872","7585792"
"librime-1.17.0","track-a-comparison","luna_pinyin","key_sequence_process_with_context","cszysmsrsd","50","10","12241.700","1224.170","16125952","16125952","unavailable","17227776","5967872","5967872","unavailable","5967872","5967872","7585792"
"librime-1.17.0","track-a-comparison","luna_pinyin","key_sequence_process_with_context","cszysmsrsd","51","10","12226.600","1222.660","16125952","16125952","unavailable","17227776","5967872","5967872","unavailable","5967872","5967872","7585792"
"librime-1.17.0","track-a-comparison","luna_pinyin","key_sequence_process_with_context","cszysmsrsd","52","10","12275.600","1227.560","16125952","16125952","unavailable","17227776","5967872","5967872","unavailable","5967872","5967872","7585792"
"librime-1.17.0","track-a-comparison","luna_pinyin","key_sequence_process_with_context","cszysmsrsd","53","10","12313.000","1231.300","16125952","16125952","unavailable","17227776","5967872","5967872","unavailable","5967872","5967872","7585792"
"librime-1.17.0","track-a-comparison","luna_pinyin","key_sequence_process_with_context","cszysmsrsd","54","10","12382.400","1238.240","16125952","16125952","unavailable","17227776","5967872","5967872","unavailable","5967872","5967872","7585792"
"librime-1.17.0","track-a-comparison","luna_pinyin","key_sequence_process_with_context","cszysmsrsd","55","10","12322.800","1232.280","16125952","16125952","unavailable","17227776","5967872","5967872","unavailable","5967872","5967872","7585792"
"librime-1.17.0","track-a-comparison","luna_pinyin","key_sequence_process_with_context","cszysmsrsd","56","10","12274.500","1227.450","16125952","16125952","unavailable","17227776","5967872","5967872","unavailable","5967872","5967872","7585792"
"librime-1.17.0","track-a-comparison","luna_pinyin","key_sequence_process_with_context","cszysmsrsd","57","10","12261.000","1226.100","16125952","16125952","unavailable","17227776","5967872","5967872","unavailable","5967872","5967872","7585792"
"librime-1.17.0","track-a-comparison","luna_pinyin","key_sequence_process_with_context","cszysmsrsd","58","10","12234.400","1223.440","16125952","16125952","unavailable","17227776","5967872","5967872","unavailable","5967872","5967872","7585792"
"librime-1.17.0","track-a-comparison","luna_pinyin","key_sequence_process_with_context","cszysmsrsd","59","10","12116.600","1211.660","16125952","16125952","unavailable","17227776","5967872","5967872","unavailable","5967872","5967872","7585792"
"librime-1.17.0","track-a-comparison","luna_pinyin","key_sequence_process_with_context","cszysmsrsd","60","10","12101.000","1210.100","16125952","16125952","unavailable","17227776","5967872","5967872","unavailable","5967872","5967872","7585792"
"librime-1.17.0","track-a-comparison","luna_pinyin","key_sequence_process_with_context","cszysmsrsd","61","10","12121.300","1212.130","16125952","16125952","unavailable","17227776","5967872","5967872","unavailable","5967872","5967872","7585792"
"librime-1.17.0","track-a-comparison","luna_pinyin","key_sequence_process_with_context","cszysmsrsd","62","10","12189.200","1218.920","16125952","16125952","unavailable","17227776","5967872","5967872","unavailable","5967872","5967872","7585792"
"librime-1.17.0","track-a-comparison","luna_pinyin","key_sequence_process_with_context","cszysmsrsd","63","10","12181.400","1218.140","16125952","16125952","unavailable","17227776","5967872","5967872","unavailable","5967872","5967872","7585792"
"librime-1.17.0","track-a-comparison","luna_pinyin","key_sequence_process_with_context","cszysmsrsd","64","10","12084.900","1208.490","16125952","16125952","unavailable","17227776","5967872","5967872","unavailable","5967872","5967872","7585792"
"librime-1.17.0","track-a-comparison","luna_pinyin","key_sequence_process_with_context","cszysmsrsd","65","10","12064.300","1206.430","16125952","16125952","unavailable","17227776","5967872","5967872","unavailable","5967872","5967872","7585792"
"librime-1.17.0","track-a-comparison","luna_pinyin","key_sequence_process_with_context","cszysmsrsd","66","10","12063.500","1206.350","16125952","16125952","unavailable","17227776","5967872","5967872","unavailable","5967872","5967872","7585792"
"librime-1.17.0","track-a-comparison","luna_pinyin","key_sequence_process_with_context","cszysmsrsd","67","10","12074.400","1207.440","16125952","16125952","unavailable","17227776","5967872","5967872","unavailable","5967872","5967872","7585792"
"librime-1.17.0","track-a-comparison","luna_pinyin","key_sequence_process_with_context","cszysmsrsd","68","10","12148.500","1214.850","16125952","16125952","unavailable","17227776","5967872","5967872","unavailable","5967872","5967872","7585792"
"librime-1.17.0","track-a-comparison","luna_pinyin","key_sequence_process_with_context","cszysmsrsd","69","10","12027.600","1202.760","16125952","16125952","unavailable","17227776","5967872","5967872","unavailable","5967872","5967872","7585792"
"librime-1.17.0","track-a-comparison","luna_pinyin","key_sequence_process_with_context","cszysmsrsd","70","10","12752.800","1275.280","16125952","16125952","unavailable","17227776","5967872","5967872","unavailable","5967872","5967872","7585792"
"librime-1.17.0","track-a-comparison","luna_pinyin","key_sequence_process_with_context","cszysmsrsd","71","10","12104.800","1210.480","16125952","16125952","unavailable","17227776","5967872","5967872","unavailable","5967872","5967872","7585792"
"librime-1.17.0","track-a-comparison","luna_pinyin","key_sequence_process_with_context","cszysmsrsd","72","10","12180.600","1218.060","16125952","16125952","unavailable","17227776","5967872","5967872","unavailable","5967872","5967872","7585792"
"librime-1.17.0","track-a-comparison","luna_pinyin","key_sequence_process_with_context","cszysmsrsd","73","10","12102.400","1210.240","16125952","16125952","unavailable","17227776","5967872","5967872","unavailable","5967872","5967872","7585792"
"librime-1.17.0","track-a-comparison","luna_pinyin","key_sequence_process_with_context","cszysmsrsd","74","10","12088.000","1208.800","16125952","16125952","unavailable","17227776","5967872","5967872","unavailable","5967872","5967872","7585792"
"librime-1.17.0","track-a-comparison","luna_pinyin","key_sequence_process_with_context","cszysmsrsd","75","10","12091.600","1209.160","16125952","16125952","unavailable","17227776","5967872","5967872","unavailable","5967872","5967872","7585792"
"librime-1.17.0","track-a-comparison","luna_pinyin","key_sequence_process_with_context","cszysmsrsd","76","10","12110.300","1211.030","16125952","16125952","unavailable","17227776","5967872","5967872","unavailable","5967872","5967872","7585792"
"librime-1.17.0","track-a-comparison","luna_pinyin","key_sequence_process_with_context","cszysmsrsd","77","10","12114.700","1211.470","16125952","16125952","unavailable","17227776","5967872","5967872","unavailable","5967872","5967872","7585792"
"librime-1.17.0","track-a-comparison","luna_pinyin","key_sequence_process_with_context","cszysmsrsd","78","10","12284.100","1228.410","16125952","16125952","unavailable","17227776","5967872","5967872","unavailable","5967872","5967872","7585792"
"librime-1.17.0","track-a-comparison","luna_pinyin","key_sequence_process_with_context","cszysmsrsd","79","10","12202.900","1220.290","16125952","16125952","unavailable","17227776","5967872","5967872","unavailable","5967872","5967872","7585792"
"librime-1.17.0","track-a-comparison","luna_pinyin","key_sequence_process_with_context","zybfshmsru","0","10","8476.500","847.650","16424960","16424960","unavailable","17227776","6729728","6729728","unavailable","6729728","6729728","7585792"
"librime-1.17.0","track-a-comparison","luna_pinyin","key_sequence_process_with_context","zybfshmsru","1","10","8472.100","847.210","16424960","16424960","unavailable","17227776","6729728","6729728","unavailable","6729728","6729728","7585792"
"librime-1.17.0","track-a-comparison","luna_pinyin","key_sequence_process_with_context","zybfshmsru","2","10","8482.900","848.290","16424960","16424960","unavailable","17227776","6729728","6729728","unavailable","6729728","6729728","7585792"
"librime-1.17.0","track-a-comparison","luna_pinyin","key_sequence_process_with_context","zybfshmsru","3","10","8503.900","850.390","16424960","16424960","unavailable","17227776","6729728","6729728","unavailable","6729728","6729728","7585792"
"librime-1.17.0","track-a-comparison","luna_pinyin","key_sequence_process_with_context","zybfshmsru","4","10","8871.000","887.100","16424960","16424960","unavailable","17227776","6729728","6729728","unavailable","6729728","6729728","7585792"
"librime-1.17.0","track-a-comparison","luna_pinyin","key_sequence_process_with_context","zybfshmsru","5","10","8514.400","851.440","16424960","16424960","unavailable","17227776","6729728","6729728","unavailable","6729728","6729728","7585792"
"librime-1.17.0","track-a-comparison","luna_pinyin","key_sequence_process_with_context","zybfshmsru","6","10","8547.100","854.710","16424960","15949824","unavailable","17227776","6729728","6037504","unavailable","6037504","6037504","7585792"
"librime-1.17.0","track-a-comparison","luna_pinyin","key_sequence_process_with_context","zybfshmsru","7","10","8475.300","847.530","15949824","15949824","unavailable","17227776","6037504","6037504","unavailable","6037504","6037504","7585792"
"librime-1.17.0","track-a-comparison","luna_pinyin","key_sequence_process_with_context","zybfshmsru","8","10","8455.400","845.540","15949824","15953920","unavailable","17227776","6037504","6037504","unavailable","6037504","6037504","7585792"
"librime-1.17.0","track-a-comparison","luna_pinyin","key_sequence_process_with_context","zybfshmsru","9","10","8457.300","845.730","15953920","15958016","unavailable","17227776","6037504","6041600","unavailable","6041600","6041600","7585792"
"librime-1.17.0","track-a-comparison","luna_pinyin","key_sequence_process_with_context","zybfshmsru","10","10","8477.000","847.700","15958016","15958016","unavailable","17227776","6041600","6041600","unavailable","6041600","6041600","7585792"
"librime-1.17.0","track-a-comparison","luna_pinyin","key_sequence_process_with_context","zybfshmsru","11","10","8473.500","847.350","15958016","15958016","unavailable","17227776","6041600","6041600","unavailable","6041600","6041600","7585792"
"librime-1.17.0","track-a-comparison","luna_pinyin","key_sequence_process_with_context","zybfshmsru","12","10","8485.100","848.510","15958016","15982592","unavailable","17227776","6041600","6070272","unavailable","6070272","6070272","7585792"
"librime-1.17.0","track-a-comparison","luna_pinyin","key_sequence_process_with_context","zybfshmsru","13","10","8469.600","846.960","15982592","15982592","unavailable","17227776","6070272","6070272","unavailable","6070272","6070272","7585792"
"librime-1.17.0","track-a-comparison","luna_pinyin","key_sequence_process_with_context","zybfshmsru","14","10","8486.700","848.670","15982592","15982592","unavailable","17227776","6070272","6070272","unavailable","6070272","6070272","7585792"
"librime-1.17.0","track-a-comparison","luna_pinyin","key_sequence_process_with_context","zybfshmsru","15","10","8486.800","848.680","15982592","15982592","unavailable","17227776","6070272","6070272","unavailable","6070272","6070272","7585792"
"librime-1.17.0","track-a-comparison","luna_pinyin","key_sequence_process_with_context","zybfshmsru","16","10","8494.400","849.440","15982592","15982592","unavailable","17227776","6070272","6070272","unavailable","6070272","6070272","7585792"
"librime-1.17.0","track-a-comparison","luna_pinyin","key_sequence_process_with_context","zybfshmsru","17","10","8477.900","847.790","15982592","15982592","unavailable","17227776","6070272","6070272","unavailable","6070272","6070272","7585792"
"librime-1.17.0","track-a-comparison","luna_pinyin","key_sequence_process_with_context","zybfshmsru","18","10","8604.800","860.480","15982592","15982592","unavailable","17227776","6070272","6070272","unavailable","6070272","6070272","7585792"
"librime-1.17.0","track-a-comparison","luna_pinyin","key_sequence_process_with_context","zybfshmsru","19","10","8514.100","851.410","15982592","15982592","unavailable","17227776","6070272","6070272","unavailable","6070272","6070272","7585792"
"librime-1.17.0","track-a-comparison","luna_pinyin","key_sequence_process_with_context","zybfshmsru","20","10","8531.500","853.150","15982592","15982592","unavailable","17227776","6070272","6070272","unavailable","6070272","6070272","7585792"
"librime-1.17.0","track-a-comparison","luna_pinyin","key_sequence_process_with_context","zybfshmsru","21","10","8510.100","851.010","15982592","15982592","unavailable","17227776","6070272","6070272","unavailable","6070272","6070272","7585792"
"librime-1.17.0","track-a-comparison","luna_pinyin","key_sequence_process_with_context","zybfshmsru","22","10","8526.000","852.600","15982592","15982592","unavailable","17227776","6070272","6070272","unavailable","6070272","6070272","7585792"
"librime-1.17.0","track-a-comparison","luna_pinyin","key_sequence_process_with_context","zybfshmsru","23","10","8530.100","853.010","15982592","15982592","unavailable","17227776","6070272","6070272","unavailable","6070272","6070272","7585792"
"librime-1.17.0","track-a-comparison","luna_pinyin","key_sequence_process_with_context","zybfshmsru","24","10","8555.100","855.510","15982592","15982592","unavailable","17227776","6070272","6070272","unavailable","6070272","6070272","7585792"
"librime-1.17.0","track-a-comparison","luna_pinyin","key_sequence_process_with_context","zybfshmsru","25","10","8509.900","850.990","15982592","15982592","unavailable","17227776","6070272","6070272","unavailable","6070272","6070272","7585792"
"librime-1.17.0","track-a-comparison","luna_pinyin","key_sequence_process_with_context","zybfshmsru","26","10","8521.700","852.170","15982592","15982592","unavailable","17227776","6070272","6070272","unavailable","6070272","6070272","7585792"
"librime-1.17.0","track-a-comparison","luna_pinyin","key_sequence_process_with_context","zybfshmsru","27","10","8536.900","853.690","16048128","16048128","unavailable","17227776","6070272","6070272","unavailable","6070272","6070272","7585792"
"librime-1.17.0","track-a-comparison","luna_pinyin","key_sequence_process_with_context","zybfshmsru","28","10","8511.000","851.100","16048128","16048128","unavailable","17227776","6070272","6070272","unavailable","6070272","6070272","7585792"
"librime-1.17.0","track-a-comparison","luna_pinyin","key_sequence_process_with_context","zybfshmsru","29","10","8519.600","851.960","16048128","16048128","unavailable","17227776","6070272","6070272","unavailable","6070272","6070272","7585792"
"librime-1.17.0","track-a-comparison","luna_pinyin","key_sequence_process_with_context","zybfshmsru","30","10","8541.500","854.150","16048128","16052224","unavailable","17227776","6070272","6070272","unavailable","6070272","6070272","7585792"
"librime-1.17.0","track-a-comparison","luna_pinyin","key_sequence_process_with_context","zybfshmsru","31","10","8506.900","850.690","16052224","16052224","unavailable","17227776","6070272","6070272","unavailable","6070272","6070272","7585792"
"librime-1.17.0","track-a-comparison","luna_pinyin","key_sequence_process_with_context","zybfshmsru","32","10","8548.800","854.880","16052224","16052224","unavailable","17227776","6070272","6070272","unavailable","6070272","6070272","7585792"
"librime-1.17.0","track-a-comparison","luna_pinyin","key_sequence_process_with_context","zybfshmsru","33","10","8553.800","855.380","16052224","16052224","unavailable","17227776","6070272","6070272","unavailable","6070272","6070272","7585792"
"librime-1.17.0","track-a-comparison","luna_pinyin","key_sequence_process_with_context","zybfshmsru","34","10","8577.900","857.790","16052224","16052224","unavailable","17227776","6070272","6070272","unavailable","6070272","6070272","7585792"
"librime-1.17.0","track-a-comparison","luna_pinyin","key_sequence_process_with_context","zybfshmsru","35","10","8573.200","857.320","16052224","16052224","unavailable","17227776","6070272","6070272","unavailable","6070272","6070272","7585792"
"librime-1.17.0","track-a-comparison","luna_pinyin","key_sequence_process_with_context","zybfshmsru","36","10","8792.600","879.260","16052224","16052224","unavailable","17227776","6070272","6070272","unavailable","6070272","6070272","7585792"
"librime-1.17.0","track-a-comparison","luna_pinyin","key_sequence_process_with_context","zybfshmsru","37","10","8729.700","872.970","16052224","16052224","unavailable","17227776","6070272","6070272","unavailable","6070272","6070272","7585792"
"librime-1.17.0","track-a-comparison","luna_pinyin","key_sequence_process_with_context","zybfshmsru","38","10","9629.000","962.900","16052224","16052224","unavailable","17227776","6070272","6070272","unavailable","6070272","6070272","7585792"
"librime-1.17.0","track-a-comparison","luna_pinyin","key_sequence_process_with_context","zybfshmsru","39","10","8672.400","867.240","16052224","16052224","unavailable","17227776","6070272","6070272","unavailable","6070272","6070272","7585792"
"librime-1.17.0","track-a-comparison","luna_pinyin","key_sequence_process_with_context","zybfshmsru","40","10","8570.200","857.020","16052224","16052224","unavailable","17227776","6070272","6070272","unavailable","6070272","6070272","7585792"
"librime-1.17.0","track-a-comparison","luna_pinyin","key_sequence_process_with_context","zybfshmsru","41","10","8524.600","852.460","16052224","16052224","unavailable","17227776","6070272","6070272","unavailable","6070272","6070272","7585792"
"librime-1.17.0","track-a-comparison","luna_pinyin","key_sequence_process_with_context","zybfshmsru","42","10","8530.300","853.030","16052224","16052224","unavailable","17227776","6070272","6070272","unavailable","6070272","6070272","7585792"
"librime-1.17.0","track-a-comparison","luna_pinyin","key_sequence_process_with_context","zybfshmsru","43","10","8559.500","855.950","16052224","16052224","unavailable","17227776","6070272","6070272","unavailable","6070272","6070272","7585792"
"librime-1.17.0","track-a-comparison","luna_pinyin","key_sequence_process_with_context","zybfshmsru","44","10","8558.600","855.860","16052224","16052224","unavailable","17227776","6070272","6070272","unavailable","6070272","6070272","7585792"
"librime-1.17.0","track-a-comparison","luna_pinyin","key_sequence_process_with_context","zybfshmsru","45","10","8532.000","853.200","16052224","16052224","unavailable","17227776","6070272","6070272","unavailable","6070272","6070272","7585792"
"librime-1.17.0","track-a-comparison","luna_pinyin","key_sequence_process_with_context","zybfshmsru","46","10","8551.900","855.190","16052224","16060416","unavailable","17227776","6070272","6070272","unavailable","6070272","6070272","7585792"
"librime-1.17.0","track-a-comparison","luna_pinyin","key_sequence_process_with_context","zybfshmsru","47","10","8579.900","857.990","16060416","16060416","unavailable","17227776","6070272","6070272","unavailable","6070272","6070272","7585792"
"librime-1.17.0","track-a-comparison","luna_pinyin","key_sequence_process_with_context","zybfshmsru","48","10","8575.600","857.560","16060416","16060416","unavailable","17227776","6070272","6070272","unavailable","6070272","6070272","7585792"
"librime-1.17.0","track-a-comparison","luna_pinyin","key_sequence_process_with_context","zybfshmsru","49","10","8587.900","858.790","16060416","16060416","unavailable","17227776","6070272","6070272","unavailable","6070272","6070272","7585792"
"librime-1.17.0","track-a-comparison","luna_pinyin","key_sequence_process_with_context","zybfshmsru","50","10","8558.600","855.860","16060416","16060416","unavailable","17227776","6070272","6070272","unavailable","6070272","6070272","7585792"
"librime-1.17.0","track-a-comparison","luna_pinyin","key_sequence_process_with_context","zybfshmsru","51","10","8596.400","859.640","16060416","16060416","unavailable","17227776","6070272","6070272","unavailable","6070272","6070272","7585792"
"librime-1.17.0","track-a-comparison","luna_pinyin","key_sequence_process_with_context","zybfshmsru","52","10","8589.400","858.940","16060416","16060416","unavailable","17227776","6070272","6070272","unavailable","6070272","6070272","7585792"
"librime-1.17.0","track-a-comparison","luna_pinyin","key_sequence_process_with_context","zybfshmsru","53","10","8605.100","860.510","16060416","16060416","unavailable","17227776","6070272","6070272","unavailable","6070272","6070272","7585792"
"librime-1.17.0","track-a-comparison","luna_pinyin","key_sequence_process_with_context","zybfshmsru","54","10","8621.000","862.100","16060416","16060416","unavailable","17227776","6070272","6070272","unavailable","6070272","6070272","7585792"
"librime-1.17.0","track-a-comparison","luna_pinyin","key_sequence_process_with_context","zybfshmsru","55","10","8469.600","846.960","16060416","16060416","unavailable","17227776","6070272","6070272","unavailable","6070272","6070272","7585792"
"librime-1.17.0","track-a-comparison","luna_pinyin","key_sequence_process_with_context","zybfshmsru","56","10","8571.400","857.140","16060416","16060416","unavailable","17227776","6070272","6070272","unavailable","6070272","6070272","7585792"
"librime-1.17.0","track-a-comparison","luna_pinyin","key_sequence_process_with_context","zybfshmsru","57","10","8809.900","880.990","16060416","16060416","unavailable","17227776","6070272","6070272","unavailable","6070272","6070272","7585792"
"librime-1.17.0","track-a-comparison","luna_pinyin","key_sequence_process_with_context","zybfshmsru","58","10","8566.600","856.660","16060416","16060416","unavailable","17227776","6070272","6070272","unavailable","6070272","6070272","7585792"
"librime-1.17.0","track-a-comparison","luna_pinyin","key_sequence_process_with_context","zybfshmsru","59","10","8535.200","853.520","16060416","16060416","unavailable","17227776","6070272","6070272","unavailable","6070272","6070272","7585792"
"librime-1.17.0","track-a-comparison","luna_pinyin","key_sequence_process_with_context","zybfshmsru","60","10","8518.400","851.840","16060416","16060416","unavailable","17227776","6070272","6070272","unavailable","6070272","6070272","7585792"
"librime-1.17.0","track-a-comparison","luna_pinyin","key_sequence_process_with_context","zybfshmsru","61","10","8549.900","854.990","16060416","16060416","unavailable","17227776","6070272","6070272","unavailable","6070272","6070272","7585792"
"librime-1.17.0","track-a-comparison","luna_pinyin","key_sequence_process_with_context","zybfshmsru","62","10","8569.400","856.940","16060416","16060416","unavailable","17227776","6070272","6070272","unavailable","6070272","6070272","7585792"
"librime-1.17.0","track-a-comparison","luna_pinyin","key_sequence_process_with_context","zybfshmsru","63","10","8559.600","855.960","16060416","16060416","unavailable","17227776","6070272","6070272","unavailable","6070272","6070272","7585792"
"librime-1.17.0","track-a-comparison","luna_pinyin","key_sequence_process_with_context","zybfshmsru","64","10","8569.100","856.910","16060416","16060416","unavailable","17227776","6070272","6070272","unavailable","6070272","6070272","7585792"
"librime-1.17.0","track-a-comparison","luna_pinyin","key_sequence_process_with_context","zybfshmsru","65","10","8545.700","854.570","16060416","16060416","unavailable","17227776","6070272","6070272","unavailable","6070272","6070272","7585792"
"librime-1.17.0","track-a-comparison","luna_pinyin","key_sequence_process_with_context","zybfshmsru","66","10","8552.100","855.210","16060416","16060416","unavailable","17227776","6070272","6070272","unavailable","6070272","6070272","7585792"
"librime-1.17.0","track-a-comparison","luna_pinyin","key_sequence_process_with_context","zybfshmsru","67","10","8561.200","856.120","16060416","16060416","unavailable","17227776","6070272","6070272","unavailable","6070272","6070272","7585792"
"librime-1.17.0","track-a-comparison","luna_pinyin","key_sequence_process_with_context","zybfshmsru","68","10","8577.100","857.710","16060416","16060416","unavailable","17227776","6070272","6070272","unavailable","6070272","6070272","7585792"
"librime-1.17.0","track-a-comparison","luna_pinyin","key_sequence_process_with_context","zybfshmsru","69","10","8654.400","865.440","16060416","16060416","unavailable","17227776","6070272","6070272","unavailable","6070272","6070272","7585792"
"librime-1.17.0","track-a-comparison","luna_pinyin","key_sequence_process_with_context","zybfshmsru","70","10","8639.400","863.940","16060416","16060416","unavailable","17227776","6070272","6070272","unavailable","6070272","6070272","7585792"
"librime-1.17.0","track-a-comparison","luna_pinyin","key_sequence_process_with_context","zybfshmsru","71","10","8701.300","870.130","16060416","16060416","unavailable","17227776","6070272","6070272","unavailable","6070272","6070272","7585792"
"librime-1.17.0","track-a-comparison","luna_pinyin","key_sequence_process_with_context","zybfshmsru","72","10","9204.900","920.490","16060416","16060416","unavailable","17227776","6070272","6070272","unavailable","6070272","6070272","7585792"
"librime-1.17.0","track-a-comparison","luna_pinyin","key_sequence_process_with_context","zybfshmsru","73","10","9087.600","908.760","16060416","16060416","unavailable","17227776","6070272","6070272","unavailable","6070272","6070272","7585792"
"librime-1.17.0","track-a-comparison","luna_pinyin","key_sequence_process_with_context","zybfshmsru","74","10","8730.100","873.010","16060416","16060416","unavailable","17227776","6070272","6070272","unavailable","6070272","6070272","7585792"
"librime-1.17.0","track-a-comparison","luna_pinyin","key_sequence_process_with_context","zybfshmsru","75","10","8670.200","867.020","16060416","16060416","unavailable","17227776","6070272","6070272","unavailable","6070272","6070272","7585792"
"librime-1.17.0","track-a-comparison","luna_pinyin","key_sequence_process_with_context","zybfshmsru","76","10","9199.800","919.980","16060416","16060416","unavailable","17227776","6070272","6070272","unavailable","6070272","6070272","7585792"
"librime-1.17.0","track-a-comparison","luna_pinyin","key_sequence_process_with_context","zybfshmsru","77","10","9635.200","963.520","16060416","16060416","unavailable","17227776","6070272","6070272","unavailable","6070272","6070272","7585792"
"librime-1.17.0","track-a-comparison","luna_pinyin","key_sequence_process_with_context","zybfshmsru","78","10","9166.400","916.640","16060416","16060416","unavailable","17227776","6070272","6070272","unavailable","6070272","6070272","7585792"
"librime-1.17.0","track-a-comparison","luna_pinyin","key_sequence_process_with_context","zybfshmsru","79","10","8704.700","870.470","16060416","16060416","unavailable","17227776","6070272","6070272","unavailable","6070272","6070272","7585792"
"librime-1.17.0","track-a-comparison","luna_pinyin","key_sequence_process_with_context","zh","0","2","138.400","69.200","15454208","15454208","unavailable","17227776","7606272","7606272","unavailable","7606272","7606272","7606272"
"librime-1.17.0","track-a-comparison","luna_pinyin","key_sequence_process_with_context","zh","1","2","141.300","70.650","15454208","15454208","unavailable","17227776","7606272","7606272","unavailable","7606272","7606272","7606272"
"librime-1.17.0","track-a-comparison","luna_pinyin","key_sequence_process_with_context","zh","2","2","135.400","67.700","15454208","15454208","unavailable","17227776","7606272","7606272","unavailable","7606272","7606272","7606272"
"librime-1.17.0","track-a-comparison","luna_pinyin","key_sequence_process_with_context","zh","3","2","132.800","66.400","15454208","15454208","unavailable","17227776","7606272","7606272","unavailable","7606272","7606272","7606272"
"librime-1.17.0","track-a-comparison","luna_pinyin","key_sequence_process_with_context","zh","4","2","130.600","65.300","15454208","15454208","unavailable","17227776","7606272","7606272","unavailable","7606272","7606272","7606272"
"librime-1.17.0","track-a-comparison","luna_pinyin","key_sequence_process_with_context","zh","5","2","131.100","65.550","15454208","15454208","unavailable","17227776","7606272","7606272","unavailable","7606272","7606272","7606272"
"librime-1.17.0","track-a-comparison","luna_pinyin","key_sequence_process_with_context","zh","6","2","132.800","66.400","15454208","15454208","unavailable","17227776","7606272","7606272","unavailable","7606272","7606272","7606272"
"librime-1.17.0","track-a-comparison","luna_pinyin","key_sequence_process_with_context","zh","7","2","130.300","65.150","15454208","15454208","unavailable","17227776","7606272","7606272","unavailable","7606272","7606272","7606272"
"librime-1.17.0","track-a-comparison","luna_pinyin","key_sequence_process_with_context","zh","8","2","133.100","66.550","15454208","15454208","unavailable","17227776","7606272","7606272","unavailable","7606272","7606272","7606272"
"librime-1.17.0","track-a-comparison","luna_pinyin","key_sequence_process_with_context","zh","9","2","136.400","68.200","15454208","15454208","unavailable","17227776","7606272","7606272","unavailable","7606272","7606272","7606272"
"librime-1.17.0","track-a-comparison","luna_pinyin","key_sequence_process_with_context","zh","10","2","132.000","66.000","15454208","15454208","unavailable","17227776","7606272","7606272","unavailable","7606272","7606272","7606272"
"librime-1.17.0","track-a-comparison","luna_pinyin","key_sequence_process_with_context","zh","11","2","132.100","66.050","15454208","15454208","unavailable","17227776","7606272","7606272","unavailable","7606272","7606272","7606272"
"librime-1.17.0","track-a-comparison","luna_pinyin","key_sequence_process_with_context","zh","12","2","132.400","66.200","15454208","15454208","unavailable","17227776","7606272","7606272","unavailable","7606272","7606272","7606272"
"librime-1.17.0","track-a-comparison","luna_pinyin","key_sequence_process_with_context","zh","13","2","132.000","66.000","15454208","15454208","unavailable","17227776","7606272","7606272","unavailable","7606272","7606272","7606272"
"librime-1.17.0","track-a-comparison","luna_pinyin","key_sequence_process_with_context","zh","14","2","131.100","65.550","15454208","15454208","unavailable","17227776","7606272","7606272","unavailable","7606272","7606272","7606272"
"librime-1.17.0","track-a-comparison","luna_pinyin","key_sequence_process_with_context","zh","15","2","132.000","66.000","15454208","15454208","unavailable","17227776","7606272","7606272","unavailable","7606272","7606272","7606272"
"librime-1.17.0","track-a-comparison","luna_pinyin","key_sequence_process_with_context","zh","16","2","131.600","65.800","15454208","15454208","unavailable","17227776","7606272","7606272","unavailable","7606272","7606272","7606272"
"librime-1.17.0","track-a-comparison","luna_pinyin","key_sequence_process_with_context","zh","17","2","130.900","65.450","15454208","15454208","unavailable","17227776","7606272","7606272","unavailable","7606272","7606272","7606272"
"librime-1.17.0","track-a-comparison","luna_pinyin","key_sequence_process_with_context","zh","18","2","132.000","66.000","15454208","15454208","unavailable","17227776","7606272","7606272","unavailable","7606272","7606272","7606272"
"librime-1.17.0","track-a-comparison","luna_pinyin","key_sequence_process_with_context","zh","19","2","130.800","65.400","15454208","15454208","unavailable","17227776","7606272","7606272","unavailable","7606272","7606272","7606272"
"librime-1.17.0","track-a-comparison","luna_pinyin","key_sequence_process_with_context","zh","20","2","133.100","66.550","15454208","15454208","unavailable","17227776","7606272","7606272","unavailable","7606272","7606272","7606272"
"librime-1.17.0","track-a-comparison","luna_pinyin","key_sequence_process_with_context","zh","21","2","132.600","66.300","15454208","15454208","unavailable","17227776","7606272","7606272","unavailable","7606272","7606272","7606272"
"librime-1.17.0","track-a-comparison","luna_pinyin","key_sequence_process_with_context","zh","22","2","133.700","66.850","15454208","15454208","unavailable","17227776","7606272","7606272","unavailable","7606272","7606272","7606272"
"librime-1.17.0","track-a-comparison","luna_pinyin","key_sequence_process_with_context","zh","23","2","132.000","66.000","15454208","15454208","unavailable","17227776","7606272","7606272","unavailable","7606272","7606272","7606272"
"librime-1.17.0","track-a-comparison","luna_pinyin","key_sequence_process_with_context","zh","24","2","141.500","70.750","15454208","15454208","unavailable","17227776","7606272","7606272","unavailable","7606272","7606272","7606272"
"librime-1.17.0","track-a-comparison","luna_pinyin","key_sequence_process_with_context","zh","25","2","132.900","66.450","15454208","15454208","unavailable","17227776","7606272","7606272","unavailable","7606272","7606272","7606272"
"librime-1.17.0","track-a-comparison","luna_pinyin","key_sequence_process_with_context","zh","26","2","133.100","66.550","15454208","15454208","unavailable","17227776","7606272","7606272","unavailable","7606272","7606272","7606272"
"librime-1.17.0","track-a-comparison","luna_pinyin","key_sequence_process_with_context","zh","27","2","131.400","65.700","15454208","15454208","unavailable","17227776","7606272","7606272","unavailable","7606272","7606272","7606272"
"librime-1.17.0","track-a-comparison","luna_pinyin","key_sequence_process_with_context","zh","28","2","136.000","68.000","15454208","15454208","unavailable","17227776","7606272","7606272","unavailable","7606272","7606272","7606272"
"librime-1.17.0","track-a-comparison","luna_pinyin","key_sequence_process_with_context","zh","29","2","134.800","67.400","15454208","15454208","unavailable","17227776","7606272","7606272","unavailable","7606272","7606272","7606272"
"librime-1.17.0","track-a-comparison","luna_pinyin","key_sequence_process_with_context","zh","30","2","133.600","66.800","15454208","15454208","unavailable","17227776","7606272","7606272","unavailable","7606272","7606272","7606272"
"librime-1.17.0","track-a-comparison","luna_pinyin","key_sequence_process_with_context","zh","31","2","134.000","67.000","15454208","15454208","unavailable","17227776","7606272","7606272","unavailable","7606272","7606272","7606272"
"librime-1.17.0","track-a-comparison","luna_pinyin","key_sequence_process_with_context","zh","32","2","133.400","66.700","15454208","15454208","unavailable","17227776","7606272","7606272","unavailable","7606272","7606272","7606272"
"librime-1.17.0","track-a-comparison","luna_pinyin","key_sequence_process_with_context","zh","33","2","134.900","67.450","15454208","15454208","unavailable","17227776","7606272","7606272","unavailable","7606272","7606272","7606272"
"librime-1.17.0","track-a-comparison","luna_pinyin","key_sequence_process_with_context","zh","34","2","132.900","66.450","15454208","15454208","unavailable","17227776","7606272","7606272","unavailable","7606272","7606272","7606272"
"librime-1.17.0","track-a-comparison","luna_pinyin","key_sequence_process_with_context","zh","35","2","132.500","66.250","15454208","15454208","unavailable","17227776","7606272","7606272","unavailable","7606272","7606272","7606272"
"librime-1.17.0","track-a-comparison","luna_pinyin","key_sequence_process_with_context","zh","36","2","132.600","66.300","15454208","15454208","unavailable","17227776","7606272","7606272","unavailable","7606272","7606272","7606272"
"librime-1.17.0","track-a-comparison","luna_pinyin","key_sequence_process_with_context","zh","37","2","134.200","67.100","15454208","15454208","unavailable","17227776","7606272","7606272","unavailable","7606272","7606272","7606272"
"librime-1.17.0","track-a-comparison","luna_pinyin","key_sequence_process_with_context","zh","38","2","131.700","65.850","15454208","15454208","unavailable","17227776","7606272","7606272","unavailable","7606272","7606272","7606272"
"librime-1.17.0","track-a-comparison","luna_pinyin","key_sequence_process_with_context","zh","39","2","140.500","70.250","15454208","15454208","unavailable","17227776","7606272","7606272","unavailable","7606272","7606272","7606272"
"librime-1.17.0","track-a-comparison","luna_pinyin","key_sequence_process_with_context","zh","40","2","132.000","66.000","15454208","15454208","unavailable","17227776","7606272","7606272","unavailable","7606272","7606272","7606272"
"librime-1.17.0","track-a-comparison","luna_pinyin","key_sequence_process_with_context","zh","41","2","133.100","66.550","15454208","15454208","unavailable","17227776","7606272","7606272","unavailable","7606272","7606272","7606272"
"librime-1.17.0","track-a-comparison","luna_pinyin","key_sequence_process_with_context","zh","42","2","133.400","66.700","15454208","15454208","unavailable","17227776","7606272","7606272","unavailable","7606272","7606272","7606272"
"librime-1.17.0","track-a-comparison","luna_pinyin","key_sequence_process_with_context","zh","43","2","134.100","67.050","15454208","15454208","unavailable","17227776","7606272","7606272","unavailable","7606272","7606272","7606272"
"librime-1.17.0","track-a-comparison","luna_pinyin","key_sequence_process_with_context","zh","44","2","133.900","66.950","15454208","15454208","unavailable","17227776","7606272","7606272","unavailable","7606272","7606272","7606272"
"librime-1.17.0","track-a-comparison","luna_pinyin","key_sequence_process_with_context","zh","45","2","135.200","67.600","15454208","15454208","unavailable","17227776","7606272","7606272","unavailable","7606272","7606272","7606272"
"librime-1.17.0","track-a-comparison","luna_pinyin","key_sequence_process_with_context","zh","46","2","133.000","66.500","15454208","15454208","unavailable","17227776","7606272","7606272","unavailable","7606272","7606272","7606272"
"librime-1.17.0","track-a-comparison","luna_pinyin","key_sequence_process_with_context","zh","47","2","132.600","66.300","15454208","15454208","unavailable","17227776","7606272","7606272","unavailable","7606272","7606272","7606272"
"librime-1.17.0","track-a-comparison","luna_pinyin","key_sequence_process_with_context","zh","48","2","131.700","65.850","15454208","15454208","unavailable","17227776","7606272","7606272","unavailable","7606272","7606272","7606272"
"librime-1.17.0","track-a-comparison","luna_pinyin","key_sequence_process_with_context","zh","49","2","133.800","66.900","15454208","15454208","unavailable","17227776","7606272","7606272","unavailable","7606272","7606272","7606272"
"librime-1.17.0","track-a-comparison","luna_pinyin","key_sequence_process_with_context","zh","50","2","131.500","65.750","15454208","15454208","unavailable","17227776","7606272","7606272","unavailable","7606272","7606272","7606272"
"librime-1.17.0","track-a-comparison","luna_pinyin","key_sequence_process_with_context","zh","51","2","130.800","65.400","15454208","15454208","unavailable","17227776","7606272","7606272","unavailable","7606272","7606272","7606272"
"librime-1.17.0","track-a-comparison","luna_pinyin","key_sequence_process_with_context","zh","52","2","131.200","65.600","15454208","15454208","unavailable","17227776","7606272","7606272","unavailable","7606272","7606272","7606272"
"librime-1.17.0","track-a-comparison","luna_pinyin","key_sequence_process_with_context","zh","53","2","133.200","66.600","15454208","15454208","unavailable","17227776","7606272","7606272","unavailable","7606272","7606272","7606272"
"librime-1.17.0","track-a-comparison","luna_pinyin","key_sequence_process_with_context","zh","54","2","139.600","69.800","15454208","15454208","unavailable","17227776","7606272","7606272","unavailable","7606272","7606272","7606272"
"librime-1.17.0","track-a-comparison","luna_pinyin","key_sequence_process_with_context","zh","55","2","131.500","65.750","15454208","15454208","unavailable","17227776","7606272","7606272","unavailable","7606272","7606272","7606272"
"librime-1.17.0","track-a-comparison","luna_pinyin","key_sequence_process_with_context","zh","56","2","138.700","69.350","15454208","15454208","unavailable","17227776","7606272","7606272","unavailable","7606272","7606272","7606272"
"librime-1.17.0","track-a-comparison","luna_pinyin","key_sequence_process_with_context","zh","57","2","133.100","66.550","15454208","15454208","unavailable","17227776","7606272","7606272","unavailable","7606272","7606272","7606272"
"librime-1.17.0","track-a-comparison","luna_pinyin","key_sequence_process_with_context","zh","58","2","132.400","66.200","15454208","15454208","unavailable","17227776","7606272","7606272","unavailable","7606272","7606272","7606272"
"librime-1.17.0","track-a-comparison","luna_pinyin","key_sequence_process_with_context","zh","59","2","132.100","66.050","15454208","15454208","unavailable","17227776","7606272","7606272","unavailable","7606272","7606272","7606272"
"librime-1.17.0","track-a-comparison","luna_pinyin","key_sequence_process_with_context","zh","60","2","132.600","66.300","15454208","15454208","unavailable","17227776","7606272","7606272","unavailable","7606272","7606272","7606272"
"librime-1.17.0","track-a-comparison","luna_pinyin","key_sequence_process_with_context","zh","61","2","134.100","67.050","15454208","15454208","unavailable","17227776","7606272","7606272","unavailable","7606272","7606272","7606272"
"librime-1.17.0","track-a-comparison","luna_pinyin","key_sequence_process_with_context","zh","62","2","132.400","66.200","15454208","15454208","unavailable","17227776","7606272","7606272","unavailable","7606272","7606272","7606272"
"librime-1.17.0","track-a-comparison","luna_pinyin","key_sequence_process_with_context","zh","63","2","131.500","65.750","15454208","15454208","unavailable","17227776","7606272","7606272","unavailable","7606272","7606272","7606272"
"librime-1.17.0","track-a-comparison","luna_pinyin","key_sequence_process_with_context","zh","64","2","131.100","65.550","15454208","15454208","unavailable","17227776","7606272","7606272","unavailable","7606272","7606272","7606272"
"librime-1.17.0","track-a-comparison","luna_pinyin","key_sequence_process_with_context","zh","65","2","133.000","66.500","15454208","15454208","unavailable","17227776","7606272","7606272","unavailable","7606272","7606272","7606272"
"librime-1.17.0","track-a-comparison","luna_pinyin","key_sequence_process_with_context","zh","66","2","131.400","65.700","15454208","15454208","unavailable","17227776","7606272","7606272","unavailable","7606272","7606272","7606272"
"librime-1.17.0","track-a-comparison","luna_pinyin","key_sequence_process_with_context","zh","67","2","131.200","65.600","15454208","15454208","unavailable","17227776","7606272","7606272","unavailable","7606272","7606272","7606272"
"librime-1.17.0","track-a-comparison","luna_pinyin","key_sequence_process_with_context","zh","68","2","131.000","65.500","15454208","15454208","unavailable","17227776","7606272","7606272","unavailable","7606272","7606272","7606272"
"librime-1.17.0","track-a-comparison","luna_pinyin","key_sequence_process_with_context","zh","69","2","140.600","70.300","15454208","15454208","unavailable","17227776","7606272","7606272","unavailable","7606272","7606272","7606272"
"librime-1.17.0","track-a-comparison","luna_pinyin","key_sequence_process_with_context","zh","70","2","132.600","66.300","15454208","15454208","unavailable","17227776","7606272","7606272","unavailable","7606272","7606272","7606272"
"librime-1.17.0","track-a-comparison","luna_pinyin","key_sequence_process_with_context","zh","71","2","131.700","65.850","15454208","15454208","unavailable","17227776","7606272","7606272","unavailable","7606272","7606272","7606272"
"librime-1.17.0","track-a-comparison","luna_pinyin","key_sequence_process_with_context","zh","72","2","130.700","65.350","15454208","15454208","unavailable","17227776","7606272","7606272","unavailable","7606272","7606272","7606272"
"librime-1.17.0","track-a-comparison","luna_pinyin","key_sequence_process_with_context","zh","73","2","133.000","66.500","15454208","15454208","unavailable","17227776","7606272","7606272","unavailable","7606272","7606272","7606272"
"librime-1.17.0","track-a-comparison","luna_pinyin","key_sequence_process_with_context","zh","74","2","131.400","65.700","15454208","15454208","unavailable","17227776","7606272","7606272","unavailable","7606272","7606272","7606272"
"librime-1.17.0","track-a-comparison","luna_pinyin","key_sequence_process_with_context","zh","75","2","131.400","65.700","15454208","15454208","unavailable","17227776","7606272","7606272","unavailable","7606272","7606272","7606272"
"librime-1.17.0","track-a-comparison","luna_pinyin","key_sequence_process_with_context","zh","76","2","131.300","65.650","15454208","15454208","unavailable","17227776","7606272","7606272","unavailable","7606272","7606272","7606272"
"librime-1.17.0","track-a-comparison","luna_pinyin","key_sequence_process_with_context","zh","77","2","132.800","66.400","15454208","15454208","unavailable","17227776","7606272","7606272","unavailable","7606272","7606272","7606272"
"librime-1.17.0","track-a-comparison","luna_pinyin","key_sequence_process_with_context","zh","78","2","132.100","66.050","15454208","15454208","unavailable","17227776","7606272","7606272","unavailable","7606272","7606272","7606272"
"librime-1.17.0","track-a-comparison","luna_pinyin","key_sequence_process_with_context","zh","79","2","131.000","65.500","15454208","15454208","unavailable","17227776","7606272","7606272","unavailable","7606272","7606272","7606272"
"librime-1.17.0","track-a-comparison","luna_pinyin","key_sequence_process_with_context","j","0","1","17.300","17.300","14909440","14909440","unavailable","17227776","7606272","7606272","unavailable","7606272","7606272","7606272"
"librime-1.17.0","track-a-comparison","luna_pinyin","key_sequence_process_with_context","j","1","1","16.200","16.200","14909440","14909440","unavailable","17227776","7606272","7606272","unavailable","7606272","7606272","7606272"
"librime-1.17.0","track-a-comparison","luna_pinyin","key_sequence_process_with_context","j","2","1","16.300","16.300","14909440","14909440","unavailable","17227776","7606272","7606272","unavailable","7606272","7606272","7606272"
"librime-1.17.0","track-a-comparison","luna_pinyin","key_sequence_process_with_context","j","3","1","16.700","16.700","14909440","14909440","unavailable","17227776","7606272","7606272","unavailable","7606272","7606272","7606272"
"librime-1.17.0","track-a-comparison","luna_pinyin","key_sequence_process_with_context","j","4","1","16.300","16.300","14909440","14909440","unavailable","17227776","7606272","7606272","unavailable","7606272","7606272","7606272"
"librime-1.17.0","track-a-comparison","luna_pinyin","key_sequence_process_with_context","j","5","1","16.100","16.100","14909440","14909440","unavailable","17227776","7606272","7606272","unavailable","7606272","7606272","7606272"
"librime-1.17.0","track-a-comparison","luna_pinyin","key_sequence_process_with_context","j","6","1","16.200","16.200","14909440","14909440","unavailable","17227776","7606272","7606272","unavailable","7606272","7606272","7606272"
"librime-1.17.0","track-a-comparison","luna_pinyin","key_sequence_process_with_context","j","7","1","15.800","15.800","14909440","14909440","unavailable","17227776","7606272","7606272","unavailable","7606272","7606272","7606272"
"librime-1.17.0","track-a-comparison","luna_pinyin","key_sequence_process_with_context","j","8","1","16.100","16.100","14909440","14909440","unavailable","17227776","7606272","7606272","unavailable","7606272","7606272","7606272"
"librime-1.17.0","track-a-comparison","luna_pinyin","key_sequence_process_with_context","j","9","1","15.800","15.800","14909440","14909440","unavailable","17227776","7606272","7606272","unavailable","7606272","7606272","7606272"
"librime-1.17.0","track-a-comparison","luna_pinyin","key_sequence_process_with_context","j","10","1","16.300","16.300","14909440","14909440","unavailable","17227776","7606272","7606272","unavailable","7606272","7606272","7606272"
"librime-1.17.0","track-a-comparison","luna_pinyin","key_sequence_process_with_context","j","11","1","15.700","15.700","14974976","14974976","unavailable","17227776","7606272","7606272","unavailable","7606272","7606272","7606272"
"librime-1.17.0","track-a-comparison","luna_pinyin","key_sequence_process_with_context","j","12","1","16.000","16.000","14974976","14974976","unavailable","17227776","7606272","7606272","unavailable","7606272","7606272","7606272"
"librime-1.17.0","track-a-comparison","luna_pinyin","key_sequence_process_with_context","j","13","1","15.900","15.900","14974976","14974976","unavailable","17227776","7606272","7606272","unavailable","7606272","7606272","7606272"
"librime-1.17.0","track-a-comparison","luna_pinyin","key_sequence_process_with_context","j","14","1","16.100","16.100","14974976","14974976","unavailable","17227776","7606272","7606272","unavailable","7606272","7606272","7606272"
"librime-1.17.0","track-a-comparison","luna_pinyin","key_sequence_process_with_context","j","15","1","15.900","15.900","14974976","14974976","unavailable","17227776","7606272","7606272","unavailable","7606272","7606272","7606272"
"librime-1.17.0","track-a-comparison","luna_pinyin","key_sequence_process_with_context","j","16","1","16.100","16.100","14974976","14974976","unavailable","17227776","7606272","7606272","unavailable","7606272","7606272","7606272"
"librime-1.17.0","track-a-comparison","luna_pinyin","key_sequence_process_with_context","j","17","1","15.700","15.700","14974976","14974976","unavailable","17227776","7606272","7606272","unavailable","7606272","7606272","7606272"
"librime-1.17.0","track-a-comparison","luna_pinyin","key_sequence_process_with_context","j","18","1","15.600","15.600","14974976","14974976","unavailable","17227776","7606272","7606272","unavailable","7606272","7606272","7606272"
"librime-1.17.0","track-a-comparison","luna_pinyin","key_sequence_process_with_context","j","19","1","15.600","15.600","14974976","14974976","unavailable","17227776","7606272","7606272","unavailable","7606272","7606272","7606272"
"librime-1.17.0","track-a-comparison","luna_pinyin","key_sequence_process_with_context","j","20","1","15.700","15.700","14974976","14974976","unavailable","17227776","7606272","7606272","unavailable","7606272","7606272","7606272"
"librime-1.17.0","track-a-comparison","luna_pinyin","key_sequence_process_with_context","j","21","1","15.600","15.600","14974976","14974976","unavailable","17227776","7606272","7606272","unavailable","7606272","7606272","7606272"
"librime-1.17.0","track-a-comparison","luna_pinyin","key_sequence_process_with_context","j","22","1","15.700","15.700","14974976","14974976","unavailable","17227776","7606272","7606272","unavailable","7606272","7606272","7606272"
"librime-1.17.0","track-a-comparison","luna_pinyin","key_sequence_process_with_context","j","23","1","16.100","16.100","14974976","14974976","unavailable","17227776","7606272","7606272","unavailable","7606272","7606272","7606272"
"librime-1.17.0","track-a-comparison","luna_pinyin","key_sequence_process_with_context","j","24","1","15.800","15.800","14974976","14974976","unavailable","17227776","7606272","7606272","unavailable","7606272","7606272","7606272"
"librime-1.17.0","track-a-comparison","luna_pinyin","key_sequence_process_with_context","j","25","1","15.900","15.900","14974976","14974976","unavailable","17227776","7606272","7606272","unavailable","7606272","7606272","7606272"
"librime-1.17.0","track-a-comparison","luna_pinyin","key_sequence_process_with_context","j","26","1","15.700","15.700","14974976","14974976","unavailable","17227776","7606272","7606272","unavailable","7606272","7606272","7606272"
"librime-1.17.0","track-a-comparison","luna_pinyin","key_sequence_process_with_context","j","27","1","15.700","15.700","14974976","14974976","unavailable","17227776","7606272","7606272","unavailable","7606272","7606272","7606272"
"librime-1.17.0","track-a-comparison","luna_pinyin","key_sequence_process_with_context","j","28","1","15.600","15.600","14974976","14974976","unavailable","17227776","7606272","7606272","unavailable","7606272","7606272","7606272"
"librime-1.17.0","track-a-comparison","luna_pinyin","key_sequence_process_with_context","j","29","1","15.900","15.900","14974976","14974976","unavailable","17227776","7606272","7606272","unavailable","7606272","7606272","7606272"
"librime-1.17.0","track-a-comparison","luna_pinyin","key_sequence_process_with_context","j","30","1","16.100","16.100","14974976","14974976","unavailable","17227776","7606272","7606272","unavailable","7606272","7606272","7606272"
"librime-1.17.0","track-a-comparison","luna_pinyin","key_sequence_process_with_context","j","31","1","15.700","15.700","14974976","14974976","unavailable","17227776","7606272","7606272","unavailable","7606272","7606272","7606272"
"librime-1.17.0","track-a-comparison","luna_pinyin","key_sequence_process_with_context","j","32","1","15.600","15.600","14974976","14974976","unavailable","17227776","7606272","7606272","unavailable","7606272","7606272","7606272"
"librime-1.17.0","track-a-comparison","luna_pinyin","key_sequence_process_with_context","j","33","1","15.600","15.600","14974976","14974976","unavailable","17227776","7606272","7606272","unavailable","7606272","7606272","7606272"
"librime-1.17.0","track-a-comparison","luna_pinyin","key_sequence_process_with_context","j","34","1","15.900","15.900","14974976","14974976","unavailable","17227776","7606272","7606272","unavailable","7606272","7606272","7606272"
"librime-1.17.0","track-a-comparison","luna_pinyin","key_sequence_process_with_context","j","35","1","15.500","15.500","14974976","14974976","unavailable","17227776","7606272","7606272","unavailable","7606272","7606272","7606272"
"librime-1.17.0","track-a-comparison","luna_pinyin","key_sequence_process_with_context","j","36","1","15.600","15.600","14974976","14974976","unavailable","17227776","7606272","7606272","unavailable","7606272","7606272","7606272"
"librime-1.17.0","track-a-comparison","luna_pinyin","key_sequence_process_with_context","j","37","1","15.600","15.600","14974976","14974976","unavailable","17227776","7606272","7606272","unavailable","7606272","7606272","7606272"
"librime-1.17.0","track-a-comparison","luna_pinyin","key_sequence_process_with_context","j","38","1","15.500","15.500","14974976","14974976","unavailable","17227776","7606272","7606272","unavailable","7606272","7606272","7606272"
"librime-1.17.0","track-a-comparison","luna_pinyin","key_sequence_process_with_context","j","39","1","15.500","15.500","14974976","14974976","unavailable","17227776","7606272","7606272","unavailable","7606272","7606272","7606272"
"librime-1.17.0","track-a-comparison","luna_pinyin","key_sequence_process_with_context","j","40","1","15.600","15.600","14974976","14974976","unavailable","17227776","7606272","7606272","unavailable","7606272","7606272","7606272"
"librime-1.17.0","track-a-comparison","luna_pinyin","key_sequence_process_with_context","j","41","1","15.400","15.400","14974976","14974976","unavailable","17227776","7606272","7606272","unavailable","7606272","7606272","7606272"
"librime-1.17.0","track-a-comparison","luna_pinyin","key_sequence_process_with_context","j","42","1","15.500","15.500","14974976","14974976","unavailable","17227776","7606272","7606272","unavailable","7606272","7606272","7606272"
"librime-1.17.0","track-a-comparison","luna_pinyin","key_sequence_process_with_context","j","43","1","15.500","15.500","14974976","14974976","unavailable","17227776","7606272","7606272","unavailable","7606272","7606272","7606272"
"librime-1.17.0","track-a-comparison","luna_pinyin","key_sequence_process_with_context","j","44","1","118.700","118.700","14974976","14974976","unavailable","17227776","7606272","7606272","unavailable","7606272","7606272","7606272"
"librime-1.17.0","track-a-comparison","luna_pinyin","key_sequence_process_with_context","j","45","1","43.200","43.200","14974976","14974976","unavailable","17227776","7606272","7606272","unavailable","7606272","7606272","7606272"
"librime-1.17.0","track-a-comparison","luna_pinyin","key_sequence_process_with_context","j","46","1","20.500","20.500","14974976","14974976","unavailable","17227776","7606272","7606272","unavailable","7606272","7606272","7606272"
"librime-1.17.0","track-a-comparison","luna_pinyin","key_sequence_process_with_context","j","47","1","17.400","17.400","14974976","14974976","unavailable","17227776","7606272","7606272","unavailable","7606272","7606272","7606272"
"librime-1.17.0","track-a-comparison","luna_pinyin","key_sequence_process_with_context","j","48","1","17.900","17.900","14974976","14974976","unavailable","17227776","7606272","7606272","unavailable","7606272","7606272","7606272"
"librime-1.17.0","track-a-comparison","luna_pinyin","key_sequence_process_with_context","j","49","1","17.300","17.300","14974976","14974976","unavailable","17227776","7606272","7606272","unavailable","7606272","7606272","7606272"
"librime-1.17.0","track-a-comparison","luna_pinyin","key_sequence_process_with_context","j","50","1","16.700","16.700","14974976","14974976","unavailable","17227776","7606272","7606272","unavailable","7606272","7606272","7606272"
"librime-1.17.0","track-a-comparison","luna_pinyin","key_sequence_process_with_context","j","51","1","17.500","17.500","14974976","14974976","unavailable","17227776","7606272","7606272","unavailable","7606272","7606272","7606272"
"librime-1.17.0","track-a-comparison","luna_pinyin","key_sequence_process_with_context","j","52","1","16.800","16.800","14974976","14974976","unavailable","17227776","7606272","7606272","unavailable","7606272","7606272","7606272"
"librime-1.17.0","track-a-comparison","luna_pinyin","key_sequence_process_with_context","j","53","1","16.200","16.200","14974976","14974976","unavailable","17227776","7606272","7606272","unavailable","7606272","7606272","7606272"
"librime-1.17.0","track-a-comparison","luna_pinyin","key_sequence_process_with_context","j","54","1","16.300","16.300","14974976","14974976","unavailable","17227776","7606272","7606272","unavailable","7606272","7606272","7606272"
"librime-1.17.0","track-a-comparison","luna_pinyin","key_sequence_process_with_context","j","55","1","15.900","15.900","14974976","14974976","unavailable","17227776","7606272","7606272","unavailable","7606272","7606272","7606272"
"librime-1.17.0","track-a-comparison","luna_pinyin","key_sequence_process_with_context","j","56","1","16.300","16.300","14974976","14974976","unavailable","17227776","7606272","7606272","unavailable","7606272","7606272","7606272"
"librime-1.17.0","track-a-comparison","luna_pinyin","key_sequence_process_with_context","j","57","1","15.800","15.800","14974976","14974976","unavailable","17227776","7606272","7606272","unavailable","7606272","7606272","7606272"
"librime-1.17.0","track-a-comparison","luna_pinyin","key_sequence_process_with_context","j","58","1","15.900","15.900","14974976","14974976","unavailable","17227776","7606272","7606272","unavailable","7606272","7606272","7606272"
"librime-1.17.0","track-a-comparison","luna_pinyin","key_sequence_process_with_context","j","59","1","16.600","16.600","14974976","14974976","unavailable","17227776","7606272","7606272","unavailable","7606272","7606272","7606272"
"librime-1.17.0","track-a-comparison","luna_pinyin","key_sequence_process_with_context","j","60","1","16.100","16.100","14974976","14974976","unavailable","17227776","7606272","7606272","unavailable","7606272","7606272","7606272"
"librime-1.17.0","track-a-comparison","luna_pinyin","key_sequence_process_with_context","j","61","1","15.600","15.600","14974976","14974976","unavailable","17227776","7606272","7606272","unavailable","7606272","7606272","7606272"
"librime-1.17.0","track-a-comparison","luna_pinyin","key_sequence_process_with_context","j","62","1","15.900","15.900","14974976","14974976","unavailable","17227776","7606272","7606272","unavailable","7606272","7606272","7606272"
"librime-1.17.0","track-a-comparison","luna_pinyin","key_sequence_process_with_context","j","63","1","15.500","15.500","14974976","14974976","unavailable","17227776","7606272","7606272","unavailable","7606272","7606272","7606272"
"librime-1.17.0","track-a-comparison","luna_pinyin","key_sequence_process_with_context","j","64","1","16.300","16.300","14974976","14974976","unavailable","17227776","7606272","7606272","unavailable","7606272","7606272","7606272"
"librime-1.17.0","track-a-comparison","luna_pinyin","key_sequence_process_with_context","j","65","1","15.500","15.500","14974976","14974976","unavailable","17227776","7606272","7606272","unavailable","7606272","7606272","7606272"
"librime-1.17.0","track-a-comparison","luna_pinyin","key_sequence_process_with_context","j","66","1","15.800","15.800","14974976","14974976","unavailable","17227776","7606272","7606272","unavailable","7606272","7606272","7606272"
"librime-1.17.0","track-a-comparison","luna_pinyin","key_sequence_process_with_context","j","67","1","15.600","15.600","14974976","14974976","unavailable","17227776","7606272","7606272","unavailable","7606272","7606272","7606272"
"librime-1.17.0","track-a-comparison","luna_pinyin","key_sequence_process_with_context","j","68","1","15.500","15.500","14974976","14974976","unavailable","17227776","7606272","7606272","unavailable","7606272","7606272","7606272"
"librime-1.17.0","track-a-comparison","luna_pinyin","key_sequence_process_with_context","j","69","1","15.400","15.400","14974976","14974976","unavailable","17227776","7606272","7606272","unavailable","7606272","7606272","7606272"
"librime-1.17.0","track-a-comparison","luna_pinyin","key_sequence_process_with_context","j","70","1","15.600","15.600","14974976","14974976","unavailable","17227776","7606272","7606272","unavailable","7606272","7606272","7606272"
"librime-1.17.0","track-a-comparison","luna_pinyin","key_sequence_process_with_context","j","71","1","15.500","15.500","14974976","14974976","unavailable","17227776","7606272","7606272","unavailable","7606272","7606272","7606272"
"librime-1.17.0","track-a-comparison","luna_pinyin","key_sequence_process_with_context","j","72","1","15.800","15.800","14974976","14974976","unavailable","17227776","7606272","7606272","unavailable","7606272","7606272","7606272"
"librime-1.17.0","track-a-comparison","luna_pinyin","key_sequence_process_with_context","j","73","1","15.700","15.700","14974976","14974976","unavailable","17227776","7606272","7606272","unavailable","7606272","7606272","7606272"
"librime-1.17.0","track-a-comparison","luna_pinyin","key_sequence_process_with_context","j","74","1","15.400","15.400","14974976","14974976","unavailable","17227776","7606272","7606272","unavailable","7606272","7606272","7606272"
"librime-1.17.0","track-a-comparison","luna_pinyin","key_sequence_process_with_context","j","75","1","15.600","15.600","14974976","14974976","unavailable","17227776","7606272","7606272","unavailable","7606272","7606272","7606272"
"librime-1.17.0","track-a-comparison","luna_pinyin","key_sequence_process_with_context","j","76","1","15.500","15.500","14974976","14974976","unavailable","17227776","7606272","7606272","unavailable","7606272","7606272","7606272"
"librime-1.17.0","track-a-comparison","luna_pinyin","key_sequence_process_with_context","j","77","1","15.700","15.700","14974976","14974976","unavailable","17227776","7606272","7606272","unavailable","7606272","7606272","7606272"
"librime-1.17.0","track-a-comparison","luna_pinyin","key_sequence_process_with_context","j","78","1","15.500","15.500","14974976","14974976","unavailable","17227776","7606272","7606272","unavailable","7606272","7606272","7606272"
"librime-1.17.0","track-a-comparison","luna_pinyin","key_sequence_process_with_context","j","79","1","15.700","15.700","14974976","14974976","unavailable","17227776","7606272","7606272","unavailable","7606272","7606272","7606272"
"librime-1.17.0","track-a-comparison","luna_pinyin","key_sequence_process_with_context","yi","0","2","30.200","15.100","13996032","13996032","unavailable","17227776","6594560","6594560","unavailable","6594560","6594560","7655424"
"librime-1.17.0","track-a-comparison","luna_pinyin","key_sequence_process_with_context","yi","1","2","29.400","14.700","13996032","13996032","unavailable","17227776","6594560","6594560","unavailable","6594560","6594560","7655424"
"librime-1.17.0","track-a-comparison","luna_pinyin","key_sequence_process_with_context","yi","2","2","29.300","14.650","13996032","13996032","unavailable","17227776","6594560","6594560","unavailable","6594560","6594560","7655424"
"librime-1.17.0","track-a-comparison","luna_pinyin","key_sequence_process_with_context","yi","3","2","29.000","14.500","13996032","13996032","unavailable","17227776","6594560","6594560","unavailable","6594560","6594560","7655424"
"librime-1.17.0","track-a-comparison","luna_pinyin","key_sequence_process_with_context","yi","4","2","29.100","14.550","13996032","13996032","unavailable","17227776","6594560","6594560","unavailable","6594560","6594560","7655424"
"librime-1.17.0","track-a-comparison","luna_pinyin","key_sequence_process_with_context","yi","5","2","29.200","14.600","13996032","13996032","unavailable","17227776","6594560","6594560","unavailable","6594560","6594560","7655424"
"librime-1.17.0","track-a-comparison","luna_pinyin","key_sequence_process_with_context","yi","6","2","29.200","14.600","13996032","13996032","unavailable","17227776","6594560","6594560","unavailable","6594560","6594560","7655424"
"librime-1.17.0","track-a-comparison","luna_pinyin","key_sequence_process_with_context","yi","7","2","29.000","14.500","13996032","13996032","unavailable","17227776","6594560","6594560","unavailable","6594560","6594560","7655424"
"librime-1.17.0","track-a-comparison","luna_pinyin","key_sequence_process_with_context","yi","8","2","29.000","14.500","13996032","13996032","unavailable","17227776","6594560","6594560","unavailable","6594560","6594560","7655424"
"librime-1.17.0","track-a-comparison","luna_pinyin","key_sequence_process_with_context","yi","9","2","29.200","14.600","13996032","13996032","unavailable","17227776","6594560","6594560","unavailable","6594560","6594560","7655424"
"librime-1.17.0","track-a-comparison","luna_pinyin","key_sequence_process_with_context","yi","10","2","28.800","14.400","13996032","13996032","unavailable","17227776","6594560","6594560","unavailable","6594560","6594560","7655424"
"librime-1.17.0","track-a-comparison","luna_pinyin","key_sequence_process_with_context","yi","11","2","29.000","14.500","13996032","13996032","unavailable","17227776","6594560","6594560","unavailable","6594560","6594560","7655424"
"librime-1.17.0","track-a-comparison","luna_pinyin","key_sequence_process_with_context","yi","12","2","29.800","14.900","13996032","13996032","unavailable","17227776","6594560","6594560","unavailable","6594560","6594560","7655424"
"librime-1.17.0","track-a-comparison","luna_pinyin","key_sequence_process_with_context","yi","13","2","28.900","14.450","13996032","13996032","unavailable","17227776","6594560","6594560","unavailable","6594560","6594560","7655424"
"librime-1.17.0","track-a-comparison","luna_pinyin","key_sequence_process_with_context","yi","14","2","28.600","14.300","13996032","13996032","unavailable","17227776","6594560","6594560","unavailable","6594560","6594560","7655424"
"librime-1.17.0","track-a-comparison","luna_pinyin","key_sequence_process_with_context","yi","15","2","29.000","14.500","13996032","13996032","unavailable","17227776","6594560","6594560","unavailable","6594560","6594560","7655424"
"librime-1.17.0","track-a-comparison","luna_pinyin","key_sequence_process_with_context","yi","16","2","28.400","14.200","13996032","13996032","unavailable","17227776","6594560","6594560","unavailable","6594560","6594560","7655424"
"librime-1.17.0","track-a-comparison","luna_pinyin","key_sequence_process_with_context","yi","17","2","28.700","14.350","13996032","13996032","unavailable","17227776","6594560","6594560","unavailable","6594560","6594560","7655424"
"librime-1.17.0","track-a-comparison","luna_pinyin","key_sequence_process_with_context","yi","18","2","28.500","14.250","13996032","13996032","unavailable","17227776","6594560","6594560","unavailable","6594560","6594560","7655424"
"librime-1.17.0","track-a-comparison","luna_pinyin","key_sequence_process_with_context","yi","19","2","28.700","14.350","13996032","13996032","unavailable","17227776","6594560","6594560","unavailable","6594560","6594560","7655424"
"librime-1.17.0","track-a-comparison","luna_pinyin","key_sequence_process_with_context","yi","20","2","28.600","14.300","13996032","13996032","unavailable","17227776","6594560","6594560","unavailable","6594560","6594560","7655424"
"librime-1.17.0","track-a-comparison","luna_pinyin","key_sequence_process_with_context","yi","21","2","28.500","14.250","13996032","13996032","unavailable","17227776","6594560","6594560","unavailable","6594560","6594560","7655424"
"librime-1.17.0","track-a-comparison","luna_pinyin","key_sequence_process_with_context","yi","22","2","28.500","14.250","13996032","13996032","unavailable","17227776","6594560","6594560","unavailable","6594560","6594560","7655424"
"librime-1.17.0","track-a-comparison","luna_pinyin","key_sequence_process_with_context","yi","23","2","28.600","14.300","13996032","13996032","unavailable","17227776","6594560","6594560","unavailable","6594560","6594560","7655424"
"librime-1.17.0","track-a-comparison","luna_pinyin","key_sequence_process_with_context","yi","24","2","28.700","14.350","13996032","13996032","unavailable","17227776","6594560","6594560","unavailable","6594560","6594560","7655424"
"librime-1.17.0","track-a-comparison","luna_pinyin","key_sequence_process_with_context","yi","25","2","28.500","14.250","13996032","13996032","unavailable","17227776","6594560","6594560","unavailable","6594560","6594560","7655424"
"librime-1.17.0","track-a-comparison","luna_pinyin","key_sequence_process_with_context","yi","26","2","28.500","14.250","13996032","13996032","unavailable","17227776","6594560","6594560","unavailable","6594560","6594560","7655424"
"librime-1.17.0","track-a-comparison","luna_pinyin","key_sequence_process_with_context","yi","27","2","28.500","14.250","13996032","13996032","unavailable","17227776","6594560","6594560","unavailable","6594560","6594560","7655424"
"librime-1.17.0","track-a-comparison","luna_pinyin","key_sequence_process_with_context","yi","28","2","28.500","14.250","13996032","13996032","unavailable","17227776","6594560","6594560","unavailable","6594560","6594560","7655424"
"librime-1.17.0","track-a-comparison","luna_pinyin","key_sequence_process_with_context","yi","29","2","28.600","14.300","13996032","13996032","unavailable","17227776","6594560","6594560","unavailable","6594560","6594560","7655424"
"librime-1.17.0","track-a-comparison","luna_pinyin","key_sequence_process_with_context","yi","30","2","28.300","14.150","13996032","13996032","unavailable","17227776","6594560","6594560","unavailable","6594560","6594560","7655424"
"librime-1.17.0","track-a-comparison","luna_pinyin","key_sequence_process_with_context","yi","31","2","28.500","14.250","13996032","13996032","unavailable","17227776","6594560","6594560","unavailable","6594560","6594560","7655424"
"librime-1.17.0","track-a-comparison","luna_pinyin","key_sequence_process_with_context","yi","32","2","28.300","14.150","13996032","13996032","unavailable","17227776","6594560","6594560","unavailable","6594560","6594560","7655424"
"librime-1.17.0","track-a-comparison","luna_pinyin","key_sequence_process_with_context","yi","33","2","28.700","14.350","13996032","13996032","unavailable","17227776","6594560","6594560","unavailable","6594560","6594560","7655424"
"librime-1.17.0","track-a-comparison","luna_pinyin","key_sequence_process_with_context","yi","34","2","29.200","14.600","13996032","13996032","unavailable","17227776","6594560","6594560","unavailable","6594560","6594560","7655424"
"librime-1.17.0","track-a-comparison","luna_pinyin","key_sequence_process_with_context","yi","35","2","28.700","14.350","13996032","13996032","unavailable","17227776","6594560","6594560","unavailable","6594560","6594560","7655424"
"librime-1.17.0","track-a-comparison","luna_pinyin","key_sequence_process_with_context","yi","36","2","28.500","14.250","13996032","13996032","unavailable","17227776","6594560","6594560","unavailable","6594560","6594560","7655424"
"librime-1.17.0","track-a-comparison","luna_pinyin","key_sequence_process_with_context","yi","37","2","28.400","14.200","13996032","13996032","unavailable","17227776","6594560","6594560","unavailable","6594560","6594560","7655424"
"librime-1.17.0","track-a-comparison","luna_pinyin","key_sequence_process_with_context","yi","38","2","28.700","14.350","13996032","13996032","unavailable","17227776","6594560","6594560","unavailable","6594560","6594560","7655424"
"librime-1.17.0","track-a-comparison","luna_pinyin","key_sequence_process_with_context","yi","39","2","28.600","14.300","13996032","13996032","unavailable","17227776","6594560","6594560","unavailable","6594560","6594560","7655424"
"librime-1.17.0","track-a-comparison","luna_pinyin","key_sequence_process_with_context","yi","40","2","28.800","14.400","13996032","13996032","unavailable","17227776","6594560","6594560","unavailable","6594560","6594560","7655424"
"librime-1.17.0","track-a-comparison","luna_pinyin","key_sequence_process_with_context","yi","41","2","28.800","14.400","13996032","13996032","unavailable","17227776","6594560","6594560","unavailable","6594560","6594560","7655424"
"librime-1.17.0","track-a-comparison","luna_pinyin","key_sequence_process_with_context","yi","42","2","29.000","14.500","13996032","13996032","unavailable","17227776","6594560","6594560","unavailable","6594560","6594560","7655424"
"librime-1.17.0","track-a-comparison","luna_pinyin","key_sequence_process_with_context","yi","43","2","28.900","14.450","13996032","13996032","unavailable","17227776","6594560","6594560","unavailable","6594560","6594560","7655424"
"librime-1.17.0","track-a-comparison","luna_pinyin","key_sequence_process_with_context","yi","44","2","29.000","14.500","13996032","13996032","unavailable","17227776","6594560","6594560","unavailable","6594560","6594560","7655424"
"librime-1.17.0","track-a-comparison","luna_pinyin","key_sequence_process_with_context","yi","45","2","29.400","14.700","13996032","13996032","unavailable","17227776","6594560","6594560","unavailable","6594560","6594560","7655424"
"librime-1.17.0","track-a-comparison","luna_pinyin","key_sequence_process_with_context","yi","46","2","28.800","14.400","13996032","13996032","unavailable","17227776","6594560","6594560","unavailable","6594560","6594560","7655424"
"librime-1.17.0","track-a-comparison","luna_pinyin","key_sequence_process_with_context","yi","47","2","29.000","14.500","13996032","13996032","unavailable","17227776","6594560","6594560","unavailable","6594560","6594560","7655424"
"librime-1.17.0","track-a-comparison","luna_pinyin","key_sequence_process_with_context","yi","48","2","37.900","18.950","13996032","13996032","unavailable","17227776","6594560","6594560","unavailable","6594560","6594560","7655424"
"librime-1.17.0","track-a-comparison","luna_pinyin","key_sequence_process_with_context","yi","49","2","30.400","15.200","13996032","13996032","unavailable","17227776","6594560","6594560","unavailable","6594560","6594560","7655424"
"librime-1.17.0","track-a-comparison","luna_pinyin","key_sequence_process_with_context","yi","50","2","29.000","14.500","13996032","13996032","unavailable","17227776","6594560","6594560","unavailable","6594560","6594560","7655424"
"librime-1.17.0","track-a-comparison","luna_pinyin","key_sequence_process_with_context","yi","51","2","29.500","14.750","13996032","13996032","unavailable","17227776","6594560","6594560","unavailable","6594560","6594560","7655424"
"librime-1.17.0","track-a-comparison","luna_pinyin","key_sequence_process_with_context","yi","52","2","29.200","14.600","13996032","13996032","unavailable","17227776","6594560","6594560","unavailable","6594560","6594560","7655424"
"librime-1.17.0","track-a-comparison","luna_pinyin","key_sequence_process_with_context","yi","53","2","29.300","14.650","13996032","13996032","unavailable","17227776","6594560","6594560","unavailable","6594560","6594560","7655424"
"librime-1.17.0","track-a-comparison","luna_pinyin","key_sequence_process_with_context","yi","54","2","29.000","14.500","13996032","13996032","unavailable","17227776","6594560","6594560","unavailable","6594560","6594560","7655424"
"librime-1.17.0","track-a-comparison","luna_pinyin","key_sequence_process_with_context","yi","55","2","31.200","15.600","13996032","13996032","unavailable","17227776","6594560","6594560","unavailable","6594560","6594560","7655424"
"librime-1.17.0","track-a-comparison","luna_pinyin","key_sequence_process_with_context","yi","56","2","29.200","14.600","13996032","13996032","unavailable","17227776","6594560","6594560","unavailable","6594560","6594560","7655424"
"librime-1.17.0","track-a-comparison","luna_pinyin","key_sequence_process_with_context","yi","57","2","29.100","14.550","13996032","13996032","unavailable","17227776","6594560","6594560","unavailable","6594560","6594560","7655424"
"librime-1.17.0","track-a-comparison","luna_pinyin","key_sequence_process_with_context","yi","58","2","28.900","14.450","13996032","13996032","unavailable","17227776","6594560","6594560","unavailable","6594560","6594560","7655424"
"librime-1.17.0","track-a-comparison","luna_pinyin","key_sequence_process_with_context","yi","59","2","28.800","14.400","13996032","13996032","unavailable","17227776","6594560","6594560","unavailable","6594560","6594560","7655424"
"librime-1.17.0","track-a-comparison","luna_pinyin","key_sequence_process_with_context","yi","60","2","28.800","14.400","13996032","13996032","unavailable","17227776","6594560","6594560","unavailable","6594560","6594560","7655424"
"librime-1.17.0","track-a-comparison","luna_pinyin","key_sequence_process_with_context","yi","61","2","29.000","14.500","13996032","13996032","unavailable","17227776","6594560","6594560","unavailable","6594560","6594560","7655424"
"librime-1.17.0","track-a-comparison","luna_pinyin","key_sequence_process_with_context","yi","62","2","28.800","14.400","13996032","13996032","unavailable","17227776","6594560","6594560","unavailable","6594560","6594560","7655424"
"librime-1.17.0","track-a-comparison","luna_pinyin","key_sequence_process_with_context","yi","63","2","28.900","14.450","13996032","13996032","unavailable","17227776","6594560","6594560","unavailable","6594560","6594560","7655424"
"librime-1.17.0","track-a-comparison","luna_pinyin","key_sequence_process_with_context","yi","64","2","28.900","14.450","13996032","13996032","unavailable","17227776","6594560","6594560","unavailable","6594560","6594560","7655424"
"librime-1.17.0","track-a-comparison","luna_pinyin","key_sequence_process_with_context","yi","65","2","28.800","14.400","13996032","13996032","unavailable","17227776","6594560","6594560","unavailable","6594560","6594560","7655424"
"librime-1.17.0","track-a-comparison","luna_pinyin","key_sequence_process_with_context","yi","66","2","28.700","14.350","13996032","13996032","unavailable","17227776","6594560","6594560","unavailable","6594560","6594560","7655424"
"librime-1.17.0","track-a-comparison","luna_pinyin","key_sequence_process_with_context","yi","67","2","28.900","14.450","13996032","13996032","unavailable","17227776","6594560","6594560","unavailable","6594560","6594560","7655424"
"librime-1.17.0","track-a-comparison","luna_pinyin","key_sequence_process_with_context","yi","68","2","28.900","14.450","13996032","13996032","unavailable","17227776","6594560","6594560","unavailable","6594560","6594560","7655424"
"librime-1.17.0","track-a-comparison","luna_pinyin","key_sequence_process_with_context","yi","69","2","28.800","14.400","13996032","13996032","unavailable","17227776","6594560","6594560","unavailable","6594560","6594560","7655424"
"librime-1.17.0","track-a-comparison","luna_pinyin","key_sequence_process_with_context","yi","70","2","28.900","14.450","13996032","13996032","unavailable","17227776","6594560","6594560","unavailable","6594560","6594560","7655424"
"librime-1.17.0","track-a-comparison","luna_pinyin","key_sequence_process_with_context","yi","71","2","28.900","14.450","13996032","13996032","unavailable","17227776","6594560","6594560","unavailable","6594560","6594560","7655424"
"librime-1.17.0","track-a-comparison","luna_pinyin","key_sequence_process_with_context","yi","72","2","34.700","17.350","13996032","13996032","unavailable","17227776","6594560","6594560","unavailable","6594560","6594560","7655424"
"librime-1.17.0","track-a-comparison","luna_pinyin","key_sequence_process_with_context","yi","73","2","29.000","14.500","13996032","13996032","unavailable","17227776","6594560","6594560","unavailable","6594560","6594560","7655424"
"librime-1.17.0","track-a-comparison","luna_pinyin","key_sequence_process_with_context","yi","74","2","29.100","14.550","14000128","14000128","unavailable","17227776","6594560","6594560","unavailable","6594560","6594560","7655424"
"librime-1.17.0","track-a-comparison","luna_pinyin","key_sequence_process_with_context","yi","75","2","29.400","14.700","14000128","14000128","unavailable","17227776","6594560","6594560","unavailable","6594560","6594560","7655424"
"librime-1.17.0","track-a-comparison","luna_pinyin","key_sequence_process_with_context","yi","76","2","29.900","14.950","14000128","14000128","unavailable","17227776","6594560","6594560","unavailable","6594560","6594560","7655424"
"librime-1.17.0","track-a-comparison","luna_pinyin","key_sequence_process_with_context","yi","77","2","29.200","14.600","14000128","14000128","unavailable","17227776","6594560","6594560","unavailable","6594560","6594560","7655424"
"librime-1.17.0","track-a-comparison","luna_pinyin","key_sequence_process_with_context","yi","78","2","29.400","14.700","14000128","14000128","unavailable","17227776","6594560","6594560","unavailable","6594560","6594560","7655424"
"librime-1.17.0","track-a-comparison","luna_pinyin","key_sequence_process_with_context","yi","79","2","29.200","14.600","14000128","14000128","unavailable","17227776","6594560","6594560","unavailable","6594560","6594560","7655424"
"librime-1.17.0","track-a-comparison","luna_pinyin","key_sequence_process_with_context","che","0","3","140.600","46.867","13946880","13946880","unavailable","17227776","6152192","6152192","unavailable","6152192","6152192","7655424"
"librime-1.17.0","track-a-comparison","luna_pinyin","key_sequence_process_with_context","che","1","3","140.400","46.800","13946880","13946880","unavailable","17227776","6152192","6152192","unavailable","6152192","6152192","7655424"
"librime-1.17.0","track-a-comparison","luna_pinyin","key_sequence_process_with_context","che","2","3","142.500","47.500","13946880","13946880","unavailable","17227776","6152192","6152192","unavailable","6152192","6152192","7655424"
"librime-1.17.0","track-a-comparison","luna_pinyin","key_sequence_process_with_context","che","3","3","146.900","48.967","13950976","13950976","unavailable","17227776","6152192","6152192","unavailable","6152192","6152192","7655424"
"librime-1.17.0","track-a-comparison","luna_pinyin","key_sequence_process_with_context","che","4","3","143.900","47.967","13950976","13950976","unavailable","17227776","6152192","6152192","unavailable","6152192","6152192","7655424"
"librime-1.17.0","track-a-comparison","luna_pinyin","key_sequence_process_with_context","che","5","3","141.400","47.133","13950976","13950976","unavailable","17227776","6152192","6152192","unavailable","6152192","6152192","7655424"
"librime-1.17.0","track-a-comparison","luna_pinyin","key_sequence_process_with_context","che","6","3","142.400","47.467","13950976","13950976","unavailable","17227776","6152192","6152192","unavailable","6152192","6152192","7655424"
"librime-1.17.0","track-a-comparison","luna_pinyin","key_sequence_process_with_context","che","7","3","140.300","46.767","13950976","13950976","unavailable","17227776","6152192","6152192","unavailable","6152192","6152192","7655424"
"librime-1.17.0","track-a-comparison","luna_pinyin","key_sequence_process_with_context","che","8","3","148.700","49.567","13950976","13950976","unavailable","17227776","6152192","6152192","unavailable","6152192","6152192","7655424"
"librime-1.17.0","track-a-comparison","luna_pinyin","key_sequence_process_with_context","che","9","3","140.500","46.833","13950976","13950976","unavailable","17227776","6152192","6152192","unavailable","6152192","6152192","7655424"
"librime-1.17.0","track-a-comparison","luna_pinyin","key_sequence_process_with_context","che","10","3","141.300","47.100","13950976","13950976","unavailable","17227776","6152192","6152192","unavailable","6152192","6152192","7655424"
"librime-1.17.0","track-a-comparison","luna_pinyin","key_sequence_process_with_context","che","11","3","140.000","46.667","13950976","13950976","unavailable","17227776","6152192","6152192","unavailable","6152192","6152192","7655424"
"librime-1.17.0","track-a-comparison","luna_pinyin","key_sequence_process_with_context","che","12","3","139.800","46.600","13955072","13955072","unavailable","17227776","6152192","6152192","unavailable","6152192","6152192","7655424"
"librime-1.17.0","track-a-comparison","luna_pinyin","key_sequence_process_with_context","che","13","3","141.500","47.167","13955072","13955072","unavailable","17227776","6152192","6152192","unavailable","6152192","6152192","7655424"
"librime-1.17.0","track-a-comparison","luna_pinyin","key_sequence_process_with_context","che","14","3","140.800","46.933","13955072","13955072","unavailable","17227776","6152192","6152192","unavailable","6152192","6152192","7655424"
"librime-1.17.0","track-a-comparison","luna_pinyin","key_sequence_process_with_context","che","15","3","139.600","46.533","13955072","13955072","unavailable","17227776","6152192","6152192","unavailable","6152192","6152192","7655424"
"librime-1.17.0","track-a-comparison","luna_pinyin","key_sequence_process_with_context","che","16","3","141.800","47.267","13955072","13955072","unavailable","17227776","6152192","6152192","unavailable","6152192","6152192","7655424"
"librime-1.17.0","track-a-comparison","luna_pinyin","key_sequence_process_with_context","che","17","3","141.300","47.100","13955072","13955072","unavailable","17227776","6152192","6152192","unavailable","6152192","6152192","7655424"
"librime-1.17.0","track-a-comparison","luna_pinyin","key_sequence_process_with_context","che","18","3","143.000","47.667","13955072","13955072","unavailable","17227776","6152192","6152192","unavailable","6152192","6152192","7655424"
"librime-1.17.0","track-a-comparison","luna_pinyin","key_sequence_process_with_context","che","19","3","142.500","47.500","13955072","13955072","unavailable","17227776","6152192","6152192","unavailable","6152192","6152192","7655424"
"librime-1.17.0","track-a-comparison","luna_pinyin","key_sequence_process_with_context","che","20","3","142.000","47.333","13955072","13955072","unavailable","17227776","6152192","6152192","unavailable","6152192","6152192","7655424"
"librime-1.17.0","track-a-comparison","luna_pinyin","key_sequence_process_with_context","che","21","3","141.100","47.033","13959168","13959168","unavailable","17227776","6152192","6152192","unavailable","6152192","6152192","7655424"
"librime-1.17.0","track-a-comparison","luna_pinyin","key_sequence_process_with_context","che","22","3","152.000","50.667","13959168","13959168","unavailable","17227776","6152192","6152192","unavailable","6152192","6152192","7655424"
"librime-1.17.0","track-a-comparison","luna_pinyin","key_sequence_process_with_context","che","23","3","143.000","47.667","13959168","13959168","unavailable","17227776","6152192","6152192","unavailable","6152192","6152192","7655424"
"librime-1.17.0","track-a-comparison","luna_pinyin","key_sequence_process_with_context","che","24","3","144.800","48.267","13959168","13959168","unavailable","17227776","6152192","6152192","unavailable","6152192","6152192","7655424"
"librime-1.17.0","track-a-comparison","luna_pinyin","key_sequence_process_with_context","che","25","3","142.400","47.467","13959168","13959168","unavailable","17227776","6152192","6152192","unavailable","6152192","6152192","7655424"
"librime-1.17.0","track-a-comparison","luna_pinyin","key_sequence_process_with_context","che","26","3","145.100","48.367","13959168","13959168","unavailable","17227776","6152192","6152192","unavailable","6152192","6152192","7655424"
"librime-1.17.0","track-a-comparison","luna_pinyin","key_sequence_process_with_context","che","27","3","142.900","47.633","13959168","13959168","unavailable","17227776","6152192","6152192","unavailable","6152192","6152192","7655424"
"librime-1.17.0","track-a-comparison","luna_pinyin","key_sequence_process_with_context","che","28","3","142.700","47.567","13959168","13959168","unavailable","17227776","6152192","6152192","unavailable","6152192","6152192","7655424"
"librime-1.17.0","track-a-comparison","luna_pinyin","key_sequence_process_with_context","che","29","3","148.600","49.533","13959168","13959168","unavailable","17227776","6152192","6152192","unavailable","6152192","6152192","7655424"
"librime-1.17.0","track-a-comparison","luna_pinyin","key_sequence_process_with_context","che","30","3","143.900","47.967","13963264","13963264","unavailable","17227776","6152192","6152192","unavailable","6152192","6152192","7655424"
"librime-1.17.0","track-a-comparison","luna_pinyin","key_sequence_process_with_context","che","31","3","142.000","47.333","13963264","13963264","unavailable","17227776","6152192","6152192","unavailable","6152192","6152192","7655424"
"librime-1.17.0","track-a-comparison","luna_pinyin","key_sequence_process_with_context","che","32","3","141.100","47.033","13963264","13963264","unavailable","17227776","6152192","6152192","unavailable","6152192","6152192","7655424"
"librime-1.17.0","track-a-comparison","luna_pinyin","key_sequence_process_with_context","che","33","3","141.200","47.067","13963264","13963264","unavailable","17227776","6152192","6152192","unavailable","6152192","6152192","7655424"
"librime-1.17.0","track-a-comparison","luna_pinyin","key_sequence_process_with_context","che","34","3","142.800","47.600","13963264","13963264","unavailable","17227776","6152192","6152192","unavailable","6152192","6152192","7655424"
"librime-1.17.0","track-a-comparison","luna_pinyin","key_sequence_process_with_context","che","35","3","142.800","47.600","13963264","13963264","unavailable","17227776","6152192","6152192","unavailable","6152192","6152192","7655424"
"librime-1.17.0","track-a-comparison","luna_pinyin","key_sequence_process_with_context","che","36","3","150.100","50.033","13963264","13963264","unavailable","17227776","6152192","6152192","unavailable","6152192","6152192","7655424"
"librime-1.17.0","track-a-comparison","luna_pinyin","key_sequence_process_with_context","che","37","3","141.800","47.267","13963264","13963264","unavailable","17227776","6152192","6152192","unavailable","6152192","6152192","7655424"
"librime-1.17.0","track-a-comparison","luna_pinyin","key_sequence_process_with_context","che","38","3","142.500","47.500","13963264","13963264","unavailable","17227776","6152192","6152192","unavailable","6152192","6152192","7655424"
"librime-1.17.0","track-a-comparison","luna_pinyin","key_sequence_process_with_context","che","39","3","143.100","47.700","13967360","13967360","unavailable","17227776","6152192","6152192","unavailable","6152192","6152192","7655424"
"librime-1.17.0","track-a-comparison","luna_pinyin","key_sequence_process_with_context","che","40","3","141.100","47.033","13967360","13967360","unavailable","17227776","6152192","6152192","unavailable","6152192","6152192","7655424"
"librime-1.17.0","track-a-comparison","luna_pinyin","key_sequence_process_with_context","che","41","3","140.500","46.833","13967360","13967360","unavailable","17227776","6152192","6152192","unavailable","6152192","6152192","7655424"
"librime-1.17.0","track-a-comparison","luna_pinyin","key_sequence_process_with_context","che","42","3","142.500","47.500","13967360","13967360","unavailable","17227776","6152192","6152192","unavailable","6152192","6152192","7655424"
"librime-1.17.0","track-a-comparison","luna_pinyin","key_sequence_process_with_context","che","43","3","141.100","47.033","13967360","13967360","unavailable","17227776","6152192","6152192","unavailable","6152192","6152192","7655424"
"librime-1.17.0","track-a-comparison","luna_pinyin","key_sequence_process_with_context","che","44","3","141.000","47.000","13967360","13967360","unavailable","17227776","6152192","6152192","unavailable","6152192","6152192","7655424"
"librime-1.17.0","track-a-comparison","luna_pinyin","key_sequence_process_with_context","che","45","3","140.000","46.667","13967360","13967360","unavailable","17227776","6152192","6152192","unavailable","6152192","6152192","7655424"
"librime-1.17.0","track-a-comparison","luna_pinyin","key_sequence_process_with_context","che","46","3","142.300","47.433","13967360","13967360","unavailable","17227776","6152192","6152192","unavailable","6152192","6152192","7655424"
"librime-1.17.0","track-a-comparison","luna_pinyin","key_sequence_process_with_context","che","47","3","141.000","47.000","13967360","13967360","unavailable","17227776","6152192","6152192","unavailable","6152192","6152192","7655424"
"librime-1.17.0","track-a-comparison","luna_pinyin","key_sequence_process_with_context","che","48","3","144.600","48.200","13971456","13971456","unavailable","17227776","6152192","6152192","unavailable","6152192","6152192","7655424"
"librime-1.17.0","track-a-comparison","luna_pinyin","key_sequence_process_with_context","che","49","3","143.200","47.733","13971456","13971456","unavailable","17227776","6152192","6152192","unavailable","6152192","6152192","7655424"
"librime-1.17.0","track-a-comparison","luna_pinyin","key_sequence_process_with_context","che","50","3","152.500","50.833","13971456","13971456","unavailable","17227776","6152192","6152192","unavailable","6152192","6152192","7655424"
"librime-1.17.0","track-a-comparison","luna_pinyin","key_sequence_process_with_context","che","51","3","144.000","48.000","13971456","13971456","unavailable","17227776","6152192","6152192","unavailable","6152192","6152192","7655424"
"librime-1.17.0","track-a-comparison","luna_pinyin","key_sequence_process_with_context","che","52","3","145.600","48.533","13971456","13971456","unavailable","17227776","6152192","6152192","unavailable","6152192","6152192","7655424"
"librime-1.17.0","track-a-comparison","luna_pinyin","key_sequence_process_with_context","che","53","3","142.300","47.433","13971456","13971456","unavailable","17227776","6152192","6152192","unavailable","6152192","6152192","7655424"
"librime-1.17.0","track-a-comparison","luna_pinyin","key_sequence_process_with_context","che","54","3","142.400","47.467","13971456","13971456","unavailable","17227776","6152192","6152192","unavailable","6152192","6152192","7655424"
"librime-1.17.0","track-a-comparison","luna_pinyin","key_sequence_process_with_context","che","55","3","142.600","47.533","13971456","13971456","unavailable","17227776","6152192","6152192","unavailable","6152192","6152192","7655424"
"librime-1.17.0","track-a-comparison","luna_pinyin","key_sequence_process_with_context","che","56","3","143.000","47.667","13971456","13971456","unavailable","17227776","6152192","6152192","unavailable","6152192","6152192","7655424"
"librime-1.17.0","track-a-comparison","luna_pinyin","key_sequence_process_with_context","che","57","3","142.500","47.500","13975552","13975552","unavailable","17227776","6152192","6152192","unavailable","6152192","6152192","7655424"
"librime-1.17.0","track-a-comparison","luna_pinyin","key_sequence_process_with_context","che","58","3","142.500","47.500","13975552","13975552","unavailable","17227776","6152192","6152192","unavailable","6152192","6152192","7655424"
"librime-1.17.0","track-a-comparison","luna_pinyin","key_sequence_process_with_context","che","59","3","144.200","48.067","13975552","13975552","unavailable","17227776","6152192","6152192","unavailable","6152192","6152192","7655424"
"librime-1.17.0","track-a-comparison","luna_pinyin","key_sequence_process_with_context","che","60","3","144.500","48.167","13975552","13975552","unavailable","17227776","6152192","6152192","unavailable","6152192","6152192","7655424"
"librime-1.17.0","track-a-comparison","luna_pinyin","key_sequence_process_with_context","che","61","3","144.800","48.267","13975552","13975552","unavailable","17227776","6152192","6152192","unavailable","6152192","6152192","7655424"
"librime-1.17.0","track-a-comparison","luna_pinyin","key_sequence_process_with_context","che","62","3","142.500","47.500","13975552","13975552","unavailable","17227776","6152192","6152192","unavailable","6152192","6152192","7655424"
"librime-1.17.0","track-a-comparison","luna_pinyin","key_sequence_process_with_context","che","63","3","142.800","47.600","13975552","13975552","unavailable","17227776","6152192","6152192","unavailable","6152192","6152192","7655424"
"librime-1.17.0","track-a-comparison","luna_pinyin","key_sequence_process_with_context","che","64","3","151.500","50.500","13975552","13975552","unavailable","17227776","6152192","6152192","unavailable","6152192","6152192","7655424"
"librime-1.17.0","track-a-comparison","luna_pinyin","key_sequence_process_with_context","che","65","3","142.900","47.633","13975552","13975552","unavailable","17227776","6152192","6152192","unavailable","6152192","6152192","7655424"
"librime-1.17.0","track-a-comparison","luna_pinyin","key_sequence_process_with_context","che","66","3","146.300","48.767","13979648","13979648","unavailable","17227776","6152192","6152192","unavailable","6152192","6152192","7655424"
"librime-1.17.0","track-a-comparison","luna_pinyin","key_sequence_process_with_context","che","67","3","144.300","48.100","13979648","13979648","unavailable","17227776","6152192","6152192","unavailable","6152192","6152192","7655424"
"librime-1.17.0","track-a-comparison","luna_pinyin","key_sequence_process_with_context","che","68","3","143.600","47.867","13979648","13979648","unavailable","17227776","6152192","6152192","unavailable","6152192","6152192","7655424"
"librime-1.17.0","track-a-comparison","luna_pinyin","key_sequence_process_with_context","che","69","3","143.600","47.867","13979648","13979648","unavailable","17227776","6152192","6152192","unavailable","6152192","6152192","7655424"
"librime-1.17.0","track-a-comparison","luna_pinyin","key_sequence_process_with_context","che","70","3","142.900","47.633","13979648","13979648","unavailable","17227776","6152192","6152192","unavailable","6152192","6152192","7655424"
"librime-1.17.0","track-a-comparison","luna_pinyin","key_sequence_process_with_context","che","71","3","142.800","47.600","13979648","13979648","unavailable","17227776","6152192","6152192","unavailable","6152192","6152192","7655424"
"librime-1.17.0","track-a-comparison","luna_pinyin","key_sequence_process_with_context","che","72","3","143.900","47.967","13979648","13979648","unavailable","17227776","6152192","6152192","unavailable","6152192","6152192","7655424"
"librime-1.17.0","track-a-comparison","luna_pinyin","key_sequence_process_with_context","che","73","3","143.600","47.867","13979648","13979648","unavailable","17227776","6152192","6152192","unavailable","6152192","6152192","7655424"
"librime-1.17.0","track-a-comparison","luna_pinyin","key_sequence_process_with_context","che","74","3","142.600","47.533","13979648","13979648","unavailable","17227776","6152192","6152192","unavailable","6152192","6152192","7655424"
"librime-1.17.0","track-a-comparison","luna_pinyin","key_sequence_process_with_context","che","75","3","143.700","47.900","13979648","13979648","unavailable","17227776","6152192","6152192","unavailable","6152192","6152192","7655424"
"librime-1.17.0","track-a-comparison","luna_pinyin","key_sequence_process_with_context","che","76","3","146.900","48.967","14454784","14454784","unavailable","17227776","7090176","7090176","unavailable","7090176","7090176","7655424"
"librime-1.17.0","track-a-comparison","luna_pinyin","key_sequence_process_with_context","che","77","3","152.600","50.867","14520320","14520320","unavailable","17227776","7090176","7090176","unavailable","7090176","7090176","7655424"
"librime-1.17.0","track-a-comparison","luna_pinyin","key_sequence_process_with_context","che","78","3","144.900","48.300","14520320","14520320","unavailable","17227776","7090176","7090176","unavailable","7090176","7090176","7655424"
"librime-1.17.0","track-a-comparison","luna_pinyin","key_sequence_process_with_context","che","79","3","142.700","47.567","14520320","14520320","unavailable","17227776","7090176","7090176","unavailable","7090176","7090176","7655424"
"librime-1.17.0","track-a-comparison","luna_pinyin","key_sequence_process_with_context","chuang","0","6","216.900","36.150","14049280","14049280","unavailable","17227776","6561792","6561792","unavailable","6561792","6561792","8593408"
"librime-1.17.0","track-a-comparison","luna_pinyin","key_sequence_process_with_context","chuang","1","6","216.700","36.117","14049280","14049280","unavailable","17227776","6561792","6561792","unavailable","6561792","6561792","8593408"
"librime-1.17.0","track-a-comparison","luna_pinyin","key_sequence_process_with_context","chuang","2","6","215.300","35.883","14049280","14049280","unavailable","17227776","6561792","6561792","unavailable","6561792","6561792","8593408"
"librime-1.17.0","track-a-comparison","luna_pinyin","key_sequence_process_with_context","chuang","3","6","228.600","38.100","14049280","14049280","unavailable","17227776","6561792","6561792","unavailable","6561792","6561792","8593408"
"librime-1.17.0","track-a-comparison","luna_pinyin","key_sequence_process_with_context","chuang","4","6","221.500","36.917","14049280","14049280","unavailable","17227776","6561792","6561792","unavailable","6561792","6561792","8593408"
"librime-1.17.0","track-a-comparison","luna_pinyin","key_sequence_process_with_context","chuang","5","6","216.100","36.017","14049280","14049280","unavailable","17227776","6561792","6561792","unavailable","6561792","6561792","8593408"
"librime-1.17.0","track-a-comparison","luna_pinyin","key_sequence_process_with_context","chuang","6","6","218.800","36.467","14049280","14049280","unavailable","17227776","6561792","6561792","unavailable","6561792","6561792","8593408"
"librime-1.17.0","track-a-comparison","luna_pinyin","key_sequence_process_with_context","chuang","7","6","220.100","36.683","14049280","14049280","unavailable","17227776","6561792","6561792","unavailable","6561792","6561792","8593408"
"librime-1.17.0","track-a-comparison","luna_pinyin","key_sequence_process_with_context","chuang","8","6","219.300","36.550","14049280","14049280","unavailable","17227776","6561792","6561792","unavailable","6561792","6561792","8593408"
"librime-1.17.0","track-a-comparison","luna_pinyin","key_sequence_process_with_context","chuang","9","6","217.600","36.267","14049280","14049280","unavailable","17227776","6561792","6561792","unavailable","6561792","6561792","8593408"
"librime-1.17.0","track-a-comparison","luna_pinyin","key_sequence_process_with_context","chuang","10","6","219.300","36.550","14049280","14049280","unavailable","17227776","6561792","6561792","unavailable","6561792","6561792","8593408"
"librime-1.17.0","track-a-comparison","luna_pinyin","key_sequence_process_with_context","chuang","11","6","219.900","36.650","14049280","14049280","unavailable","17227776","6561792","6561792","unavailable","6561792","6561792","8593408"
"librime-1.17.0","track-a-comparison","luna_pinyin","key_sequence_process_with_context","chuang","12","6","235.700","39.283","14049280","14049280","unavailable","17227776","6561792","6627328","unavailable","6627328","6627328","8593408"
"librime-1.17.0","track-a-comparison","luna_pinyin","key_sequence_process_with_context","chuang","13","6","220.100","36.683","14049280","14049280","unavailable","17227776","6627328","6627328","unavailable","6627328","6627328","8593408"
"librime-1.17.0","track-a-comparison","luna_pinyin","key_sequence_process_with_context","chuang","14","6","219.700","36.617","14049280","14049280","unavailable","17227776","6627328","6627328","unavailable","6627328","6627328","8593408"
"librime-1.17.0","track-a-comparison","luna_pinyin","key_sequence_process_with_context","chuang","15","6","219.100","36.517","14049280","14049280","unavailable","17227776","6627328","6627328","unavailable","6627328","6627328","8593408"
"librime-1.17.0","track-a-comparison","luna_pinyin","key_sequence_process_with_context","chuang","16","6","219.100","36.517","14049280","14049280","unavailable","17227776","6627328","6627328","unavailable","6627328","6627328","8593408"
"librime-1.17.0","track-a-comparison","luna_pinyin","key_sequence_process_with_context","chuang","17","6","219.700","36.617","14049280","14049280","unavailable","17227776","6627328","6627328","unavailable","6627328","6627328","8593408"
"librime-1.17.0","track-a-comparison","luna_pinyin","key_sequence_process_with_context","chuang","18","6","219.900","36.650","14049280","14049280","unavailable","17227776","6627328","6627328","unavailable","6627328","6627328","8593408"
"librime-1.17.0","track-a-comparison","luna_pinyin","key_sequence_process_with_context","chuang","19","6","219.300","36.550","14049280","14049280","unavailable","17227776","6627328","6627328","unavailable","6627328","6627328","8593408"
"librime-1.17.0","track-a-comparison","luna_pinyin","key_sequence_process_with_context","chuang","20","6","219.800","36.633","14049280","14049280","unavailable","17227776","6627328","6627328","unavailable","6627328","6627328","8593408"
"librime-1.17.0","track-a-comparison","luna_pinyin","key_sequence_process_with_context","chuang","21","6","227.500","37.917","14049280","14049280","unavailable","17227776","6627328","6627328","unavailable","6627328","6627328","8593408"
"librime-1.17.0","track-a-comparison","luna_pinyin","key_sequence_process_with_context","chuang","22","6","223.800","37.300","14049280","14049280","unavailable","17227776","6627328","6627328","unavailable","6627328","6627328","8593408"
"librime-1.17.0","track-a-comparison","luna_pinyin","key_sequence_process_with_context","chuang","23","6","219.600","36.600","14049280","14049280","unavailable","17227776","6627328","6627328","unavailable","6627328","6627328","8593408"
"librime-1.17.0","track-a-comparison","luna_pinyin","key_sequence_process_with_context","chuang","24","6","220.600","36.767","14049280","14049280","unavailable","17227776","6627328","6627328","unavailable","6627328","6627328","8593408"
"librime-1.17.0","track-a-comparison","luna_pinyin","key_sequence_process_with_context","chuang","25","6","219.100","36.517","14049280","14049280","unavailable","17227776","6627328","6627328","unavailable","6627328","6627328","8593408"
"librime-1.17.0","track-a-comparison","luna_pinyin","key_sequence_process_with_context","chuang","26","6","218.000","36.333","14049280","14049280","unavailable","17227776","6627328","6627328","unavailable","6627328","6627328","8593408"
"librime-1.17.0","track-a-comparison","luna_pinyin","key_sequence_process_with_context","chuang","27","6","218.400","36.400","14049280","14049280","unavailable","17227776","6627328","6627328","unavailable","6627328","6627328","8593408"
"librime-1.17.0","track-a-comparison","luna_pinyin","key_sequence_process_with_context","chuang","28","6","220.500","36.750","14049280","14049280","unavailable","17227776","6627328","6627328","unavailable","6627328","6627328","8593408"
"librime-1.17.0","track-a-comparison","luna_pinyin","key_sequence_process_with_context","chuang","29","6","216.800","36.133","14049280","14049280","unavailable","17227776","6627328","6627328","unavailable","6627328","6627328","8593408"
"librime-1.17.0","track-a-comparison","luna_pinyin","key_sequence_process_with_context","chuang","30","6","225.600","37.600","14049280","14049280","unavailable","17227776","6627328","6627328","unavailable","6627328","6627328","8593408"
"librime-1.17.0","track-a-comparison","luna_pinyin","key_sequence_process_with_context","chuang","31","6","220.000","36.667","14049280","14049280","unavailable","17227776","6627328","6627328","unavailable","6627328","6627328","8593408"
"librime-1.17.0","track-a-comparison","luna_pinyin","key_sequence_process_with_context","chuang","32","6","218.000","36.333","14049280","14049280","unavailable","17227776","6627328","6627328","unavailable","6627328","6627328","8593408"
"librime-1.17.0","track-a-comparison","luna_pinyin","key_sequence_process_with_context","chuang","33","6","217.500","36.250","14049280","14049280","unavailable","17227776","6627328","6627328","unavailable","6627328","6627328","8593408"
"librime-1.17.0","track-a-comparison","luna_pinyin","key_sequence_process_with_context","chuang","34","6","216.800","36.133","14049280","14049280","unavailable","17227776","6627328","6627328","unavailable","6627328","6627328","8593408"
"librime-1.17.0","track-a-comparison","luna_pinyin","key_sequence_process_with_context","chuang","35","6","216.900","36.150","14049280","14049280","unavailable","17227776","6627328","6627328","unavailable","6627328","6627328","8593408"
"librime-1.17.0","track-a-comparison","luna_pinyin","key_sequence_process_with_context","chuang","36","6","217.000","36.167","14049280","14049280","unavailable","17227776","6627328","6627328","unavailable","6627328","6627328","8593408"
"librime-1.17.0","track-a-comparison","luna_pinyin","key_sequence_process_with_context","chuang","37","6","217.200","36.200","14049280","14049280","unavailable","17227776","6627328","6627328","unavailable","6627328","6627328","8593408"
"librime-1.17.0","track-a-comparison","luna_pinyin","key_sequence_process_with_context","chuang","38","6","218.100","36.350","14049280","14049280","unavailable","17227776","6627328","6627328","unavailable","6627328","6627328","8593408"
"librime-1.17.0","track-a-comparison","luna_pinyin","key_sequence_process_with_context","chuang","39","6","226.300","37.717","14049280","14049280","unavailable","17227776","6627328","6627328","unavailable","6627328","6627328","8593408"
"librime-1.17.0","track-a-comparison","luna_pinyin","key_sequence_process_with_context","chuang","40","6","218.400","36.400","14049280","14049280","unavailable","17227776","6627328","6627328","unavailable","6627328","6627328","8593408"
"librime-1.17.0","track-a-comparison","luna_pinyin","key_sequence_process_with_context","chuang","41","6","216.400","36.067","14049280","14049280","unavailable","17227776","6627328","6627328","unavailable","6627328","6627328","8593408"
"librime-1.17.0","track-a-comparison","luna_pinyin","key_sequence_process_with_context","chuang","42","6","217.100","36.183","14049280","14049280","unavailable","17227776","6627328","6627328","unavailable","6627328","6627328","8593408"
"librime-1.17.0","track-a-comparison","luna_pinyin","key_sequence_process_with_context","chuang","43","6","217.700","36.283","14049280","14049280","unavailable","17227776","6627328","6627328","unavailable","6627328","6627328","8593408"
"librime-1.17.0","track-a-comparison","luna_pinyin","key_sequence_process_with_context","chuang","44","6","216.900","36.150","14049280","14049280","unavailable","17227776","6627328","6627328","unavailable","6627328","6627328","8593408"
"librime-1.17.0","track-a-comparison","luna_pinyin","key_sequence_process_with_context","chuang","45","6","217.400","36.233","14049280","14049280","unavailable","17227776","6627328","6627328","unavailable","6627328","6627328","8593408"
"librime-1.17.0","track-a-comparison","luna_pinyin","key_sequence_process_with_context","chuang","46","6","218.600","36.433","14049280","14049280","unavailable","17227776","6627328","6627328","unavailable","6627328","6627328","8593408"
"librime-1.17.0","track-a-comparison","luna_pinyin","key_sequence_process_with_context","chuang","47","6","218.700","36.450","14049280","14049280","unavailable","17227776","6627328","6627328","unavailable","6627328","6627328","8593408"
"librime-1.17.0","track-a-comparison","luna_pinyin","key_sequence_process_with_context","chuang","48","6","225.300","37.550","14049280","14049280","unavailable","17227776","6627328","6627328","unavailable","6627328","6627328","8593408"
"librime-1.17.0","track-a-comparison","luna_pinyin","key_sequence_process_with_context","chuang","49","6","220.100","36.683","14049280","14049280","unavailable","17227776","6627328","6627328","unavailable","6627328","6627328","8593408"
"librime-1.17.0","track-a-comparison","luna_pinyin","key_sequence_process_with_context","chuang","50","6","217.100","36.183","14049280","14049280","unavailable","17227776","6627328","6627328","unavailable","6627328","6627328","8593408"
"librime-1.17.0","track-a-comparison","luna_pinyin","key_sequence_process_with_context","chuang","51","6","218.000","36.333","14049280","14049280","unavailable","17227776","6627328","6627328","unavailable","6627328","6627328","8593408"
"librime-1.17.0","track-a-comparison","luna_pinyin","key_sequence_process_with_context","chuang","52","6","216.500","36.083","14049280","14049280","unavailable","17227776","6627328","6627328","unavailable","6627328","6627328","8593408"
"librime-1.17.0","track-a-comparison","luna_pinyin","key_sequence_process_with_context","chuang","53","6","216.500","36.083","14049280","14049280","unavailable","17227776","6627328","6627328","unavailable","6627328","6627328","8593408"
"librime-1.17.0","track-a-comparison","luna_pinyin","key_sequence_process_with_context","chuang","54","6","216.800","36.133","14049280","14049280","unavailable","17227776","6627328","6627328","unavailable","6627328","6627328","8593408"
"librime-1.17.0","track-a-comparison","luna_pinyin","key_sequence_process_with_context","chuang","55","6","252.000","42.000","14049280","14049280","unavailable","17227776","6627328","6627328","unavailable","6627328","6627328","8593408"
"librime-1.17.0","track-a-comparison","luna_pinyin","key_sequence_process_with_context","chuang","56","6","218.400","36.400","14049280","14049280","unavailable","17227776","6627328","6627328","unavailable","6627328","6627328","8593408"
"librime-1.17.0","track-a-comparison","luna_pinyin","key_sequence_process_with_context","chuang","57","6","224.700","37.450","14049280","14049280","unavailable","17227776","6627328","6627328","unavailable","6627328","6627328","8593408"
"librime-1.17.0","track-a-comparison","luna_pinyin","key_sequence_process_with_context","chuang","58","6","219.500","36.583","14049280","14049280","unavailable","17227776","6627328","6627328","unavailable","6627328","6627328","8593408"
"librime-1.17.0","track-a-comparison","luna_pinyin","key_sequence_process_with_context","chuang","59","6","217.300","36.217","14049280","14049280","unavailable","17227776","6627328","6627328","unavailable","6627328","6627328","8593408"
"librime-1.17.0","track-a-comparison","luna_pinyin","key_sequence_process_with_context","chuang","60","6","216.600","36.100","14049280","14049280","unavailable","17227776","6627328","6627328","unavailable","6627328","6627328","8593408"
"librime-1.17.0","track-a-comparison","luna_pinyin","key_sequence_process_with_context","chuang","61","6","216.900","36.150","14049280","14049280","unavailable","17227776","6627328","6627328","unavailable","6627328","6627328","8593408"
"librime-1.17.0","track-a-comparison","luna_pinyin","key_sequence_process_with_context","chuang","62","6","217.100","36.183","14049280","14049280","unavailable","17227776","6627328","6627328","unavailable","6627328","6627328","8593408"
"librime-1.17.0","track-a-comparison","luna_pinyin","key_sequence_process_with_context","chuang","63","6","219.400","36.567","14049280","14049280","unavailable","17227776","6627328","6627328","unavailable","6627328","6627328","8593408"
"librime-1.17.0","track-a-comparison","luna_pinyin","key_sequence_process_with_context","chuang","64","6","219.900","36.650","14049280","14049280","unavailable","17227776","6627328","6627328","unavailable","6627328","6627328","8593408"
"librime-1.17.0","track-a-comparison","luna_pinyin","key_sequence_process_with_context","chuang","65","6","217.400","36.233","14049280","14049280","unavailable","17227776","6627328","6627328","unavailable","6627328","6627328","8593408"
"librime-1.17.0","track-a-comparison","luna_pinyin","key_sequence_process_with_context","chuang","66","6","222.900","37.150","14049280","14049280","unavailable","17227776","6627328","6627328","unavailable","6627328","6627328","8593408"
"librime-1.17.0","track-a-comparison","luna_pinyin","key_sequence_process_with_context","chuang","67","6","221.900","36.983","14049280","14049280","unavailable","17227776","6627328","6627328","unavailable","6627328","6627328","8593408"
"librime-1.17.0","track-a-comparison","luna_pinyin","key_sequence_process_with_context","chuang","68","6","218.600","36.433","14049280","14049280","unavailable","17227776","6627328","6627328","unavailable","6627328","6627328","8593408"
"librime-1.17.0","track-a-comparison","luna_pinyin","key_sequence_process_with_context","chuang","69","6","217.200","36.200","14049280","14049280","unavailable","17227776","6627328","6627328","unavailable","6627328","6627328","8593408"
"librime-1.17.0","track-a-comparison","luna_pinyin","key_sequence_process_with_context","chuang","70","6","217.600","36.267","14049280","14049280","unavailable","17227776","6627328","6627328","unavailable","6627328","6627328","8593408"
"librime-1.17.0","track-a-comparison","luna_pinyin","key_sequence_process_with_context","chuang","71","6","218.300","36.383","14049280","14049280","unavailable","17227776","6627328","6627328","unavailable","6627328","6627328","8593408"
"librime-1.17.0","track-a-comparison","luna_pinyin","key_sequence_process_with_context","chuang","72","6","217.600","36.267","14049280","14049280","unavailable","17227776","6627328","6627328","unavailable","6627328","6627328","8593408"
"librime-1.17.0","track-a-comparison","luna_pinyin","key_sequence_process_with_context","chuang","73","6","217.300","36.217","14049280","14049280","unavailable","17227776","6627328","6627328","unavailable","6627328","6627328","8593408"
"librime-1.17.0","track-a-comparison","luna_pinyin","key_sequence_process_with_context","chuang","74","6","219.600","36.600","14049280","14049280","unavailable","17227776","6627328","6627328","unavailable","6627328","6627328","8593408"
"librime-1.17.0","track-a-comparison","luna_pinyin","key_sequence_process_with_context","chuang","75","6","216.900","36.150","14049280","14049280","unavailable","17227776","6627328","6627328","unavailable","6627328","6627328","8593408"
"librime-1.17.0","track-a-comparison","luna_pinyin","key_sequence_process_with_context","chuang","76","6","223.400","37.233","14049280","14049280","unavailable","17227776","6627328","6627328","unavailable","6627328","6627328","8593408"
"librime-1.17.0","track-a-comparison","luna_pinyin","key_sequence_process_with_context","chuang","77","6","216.800","36.133","14049280","14049280","unavailable","17227776","6627328","6627328","unavailable","6627328","6627328","8593408"
"librime-1.17.0","track-a-comparison","luna_pinyin","key_sequence_process_with_context","chuang","78","6","217.400","36.233","14049280","14049280","unavailable","17227776","6627328","6627328","unavailable","6627328","6627328","8593408"
"librime-1.17.0","track-a-comparison","luna_pinyin","key_sequence_process_with_context","chuang","79","6","217.300","36.217","14049280","14049280","unavailable","17227776","6627328","6627328","unavailable","6627328","6627328","8593408"
"librime-1.17.0","track-a-comparison","luna_pinyin","key_sequence_process_with_context","b","0","1","17.600","17.600","15138816","15138816","unavailable","17227776","8114176","8114176","unavailable","8114176","8114176","8593408"
"librime-1.17.0","track-a-comparison","luna_pinyin","key_sequence_process_with_context","b","1","1","18.000","18.000","15138816","15138816","unavailable","17227776","8114176","8114176","unavailable","8114176","8114176","8593408"
"librime-1.17.0","track-a-comparison","luna_pinyin","key_sequence_process_with_context","b","2","1","17.800","17.800","15138816","15138816","unavailable","17227776","8114176","8114176","unavailable","8114176","8114176","8593408"
"librime-1.17.0","track-a-comparison","luna_pinyin","key_sequence_process_with_context","b","3","1","17.800","17.800","15138816","15138816","unavailable","17227776","8114176","8114176","unavailable","8114176","8114176","8593408"
"librime-1.17.0","track-a-comparison","luna_pinyin","key_sequence_process_with_context","b","4","1","17.100","17.100","15138816","15138816","unavailable","17227776","8114176","8114176","unavailable","8114176","8114176","8593408"
"librime-1.17.0","track-a-comparison","luna_pinyin","key_sequence_process_with_context","b","5","1","18.900","18.900","15138816","15138816","unavailable","17227776","8114176","8114176","unavailable","8114176","8114176","8593408"
"librime-1.17.0","track-a-comparison","luna_pinyin","key_sequence_process_with_context","b","6","1","17.300","17.300","15138816","15138816","unavailable","17227776","8114176","8114176","unavailable","8114176","8114176","8593408"
"librime-1.17.0","track-a-comparison","luna_pinyin","key_sequence_process_with_context","b","7","1","16.700","16.700","15138816","15138816","unavailable","17227776","8114176","8114176","unavailable","8114176","8114176","8593408"
"librime-1.17.0","track-a-comparison","luna_pinyin","key_sequence_process_with_context","b","8","1","17.200","17.200","15138816","15138816","unavailable","17227776","8114176","8114176","unavailable","8114176","8114176","8593408"
"librime-1.17.0","track-a-comparison","luna_pinyin","key_sequence_process_with_context","b","9","1","17.100","17.100","15138816","15138816","unavailable","17227776","8114176","8114176","unavailable","8114176","8114176","8593408"
"librime-1.17.0","track-a-comparison","luna_pinyin","key_sequence_process_with_context","b","10","1","17.200","17.200","15138816","15138816","unavailable","17227776","8114176","8114176","unavailable","8114176","8114176","8593408"
"librime-1.17.0","track-a-comparison","luna_pinyin","key_sequence_process_with_context","b","11","1","16.600","16.600","15138816","15138816","unavailable","17227776","8114176","8114176","unavailable","8114176","8114176","8593408"
"librime-1.17.0","track-a-comparison","luna_pinyin","key_sequence_process_with_context","b","12","1","16.500","16.500","15138816","15138816","unavailable","17227776","8114176","8114176","unavailable","8114176","8114176","8593408"
"librime-1.17.0","track-a-comparison","luna_pinyin","key_sequence_process_with_context","b","13","1","16.600","16.600","15138816","15138816","unavailable","17227776","8114176","8114176","unavailable","8114176","8114176","8593408"
"librime-1.17.0","track-a-comparison","luna_pinyin","key_sequence_process_with_context","b","14","1","16.900","16.900","15138816","15138816","unavailable","17227776","8114176","8114176","unavailable","8114176","8114176","8593408"
"librime-1.17.0","track-a-comparison","luna_pinyin","key_sequence_process_with_context","b","15","1","16.500","16.500","15138816","15138816","unavailable","17227776","8114176","8114176","unavailable","8114176","8114176","8593408"
"librime-1.17.0","track-a-comparison","luna_pinyin","key_sequence_process_with_context","b","16","1","16.300","16.300","15138816","15138816","unavailable","17227776","8114176","8114176","unavailable","8114176","8114176","8593408"
"librime-1.17.0","track-a-comparison","luna_pinyin","key_sequence_process_with_context","b","17","1","16.600","16.600","15138816","15138816","unavailable","17227776","8114176","8114176","unavailable","8114176","8114176","8593408"
"librime-1.17.0","track-a-comparison","luna_pinyin","key_sequence_process_with_context","b","18","1","16.400","16.400","15138816","15138816","unavailable","17227776","8114176","8114176","unavailable","8114176","8114176","8593408"
"librime-1.17.0","track-a-comparison","luna_pinyin","key_sequence_process_with_context","b","19","1","16.500","16.500","15138816","15138816","unavailable","17227776","8114176","8114176","unavailable","8114176","8114176","8593408"
"librime-1.17.0","track-a-comparison","luna_pinyin","key_sequence_process_with_context","b","20","1","16.800","16.800","15138816","15138816","unavailable","17227776","8114176","8114176","unavailable","8114176","8114176","8593408"
"librime-1.17.0","track-a-comparison","luna_pinyin","key_sequence_process_with_context","b","21","1","16.600","16.600","15138816","15138816","unavailable","17227776","8114176","8114176","unavailable","8114176","8114176","8593408"
"librime-1.17.0","track-a-comparison","luna_pinyin","key_sequence_process_with_context","b","22","1","16.400","16.400","15138816","15138816","unavailable","17227776","8114176","8114176","unavailable","8114176","8114176","8593408"
"librime-1.17.0","track-a-comparison","luna_pinyin","key_sequence_process_with_context","b","23","1","16.700","16.700","15138816","15138816","unavailable","17227776","8114176","8114176","unavailable","8114176","8114176","8593408"
"librime-1.17.0","track-a-comparison","luna_pinyin","key_sequence_process_with_context","b","24","1","17.100","17.100","15138816","15138816","unavailable","17227776","8114176","8114176","unavailable","8114176","8114176","8593408"
"librime-1.17.0","track-a-comparison","luna_pinyin","key_sequence_process_with_context","b","25","1","16.700","16.700","15138816","15138816","unavailable","17227776","8114176","8114176","unavailable","8114176","8114176","8593408"
"librime-1.17.0","track-a-comparison","luna_pinyin","key_sequence_process_with_context","b","26","1","16.400","16.400","15138816","15138816","unavailable","17227776","8114176","8114176","unavailable","8114176","8114176","8593408"
"librime-1.17.0","track-a-comparison","luna_pinyin","key_sequence_process_with_context","b","27","1","16.800","16.800","15138816","15138816","unavailable","17227776","8114176","8114176","unavailable","8114176","8114176","8593408"
"librime-1.17.0","track-a-comparison","luna_pinyin","key_sequence_process_with_context","b","28","1","16.500","16.500","15138816","15138816","unavailable","17227776","8114176","8114176","unavailable","8114176","8114176","8593408"
"librime-1.17.0","track-a-comparison","luna_pinyin","key_sequence_process_with_context","b","29","1","16.600","16.600","15138816","15138816","unavailable","17227776","8114176","8114176","unavailable","8114176","8114176","8593408"
"librime-1.17.0","track-a-comparison","luna_pinyin","key_sequence_process_with_context","b","30","1","16.500","16.500","15138816","15138816","unavailable","17227776","8114176","8114176","unavailable","8114176","8114176","8593408"
"librime-1.17.0","track-a-comparison","luna_pinyin","key_sequence_process_with_context","b","31","1","16.500","16.500","15138816","15138816","unavailable","17227776","8114176","8114176","unavailable","8114176","8114176","8593408"
"librime-1.17.0","track-a-comparison","luna_pinyin","key_sequence_process_with_context","b","32","1","16.500","16.500","15138816","15138816","unavailable","17227776","8114176","8114176","unavailable","8114176","8114176","8593408"
"librime-1.17.0","track-a-comparison","luna_pinyin","key_sequence_process_with_context","b","33","1","16.500","16.500","15138816","15138816","unavailable","17227776","8114176","8114176","unavailable","8114176","8114176","8593408"
"librime-1.17.0","track-a-comparison","luna_pinyin","key_sequence_process_with_context","b","34","1","16.500","16.500","15138816","15138816","unavailable","17227776","8114176","8114176","unavailable","8114176","8114176","8593408"
"librime-1.17.0","track-a-comparison","luna_pinyin","key_sequence_process_with_context","b","35","1","16.600","16.600","15138816","15138816","unavailable","17227776","8114176","8114176","unavailable","8114176","8114176","8593408"
"librime-1.17.0","track-a-comparison","luna_pinyin","key_sequence_process_with_context","b","36","1","16.700","16.700","15138816","15138816","unavailable","17227776","8114176","8114176","unavailable","8114176","8114176","8593408"
"librime-1.17.0","track-a-comparison","luna_pinyin","key_sequence_process_with_context","b","37","1","16.400","16.400","15138816","15138816","unavailable","17227776","8114176","8114176","unavailable","8114176","8114176","8593408"
"librime-1.17.0","track-a-comparison","luna_pinyin","key_sequence_process_with_context","b","38","1","16.400","16.400","15138816","15138816","unavailable","17227776","8114176","8114176","unavailable","8114176","8114176","8593408"
"librime-1.17.0","track-a-comparison","luna_pinyin","key_sequence_process_with_context","b","39","1","16.600","16.600","15138816","15138816","unavailable","17227776","8114176","8114176","unavailable","8114176","8114176","8593408"
"librime-1.17.0","track-a-comparison","luna_pinyin","key_sequence_process_with_context","b","40","1","16.500","16.500","15138816","15138816","unavailable","17227776","8114176","8114176","unavailable","8114176","8114176","8593408"
"librime-1.17.0","track-a-comparison","luna_pinyin","key_sequence_process_with_context","b","41","1","16.400","16.400","15138816","15138816","unavailable","17227776","8114176","8114176","unavailable","8114176","8114176","8593408"
"librime-1.17.0","track-a-comparison","luna_pinyin","key_sequence_process_with_context","b","42","1","16.500","16.500","15138816","15138816","unavailable","17227776","8114176","8114176","unavailable","8114176","8114176","8593408"
"librime-1.17.0","track-a-comparison","luna_pinyin","key_sequence_process_with_context","b","43","1","17.100","17.100","15138816","15138816","unavailable","17227776","8114176","8114176","unavailable","8114176","8114176","8593408"
"librime-1.17.0","track-a-comparison","luna_pinyin","key_sequence_process_with_context","b","44","1","16.800","16.800","15138816","15138816","unavailable","17227776","8114176","8114176","unavailable","8114176","8114176","8593408"
"librime-1.17.0","track-a-comparison","luna_pinyin","key_sequence_process_with_context","b","45","1","16.900","16.900","15138816","15138816","unavailable","17227776","8114176","8114176","unavailable","8114176","8114176","8593408"
"librime-1.17.0","track-a-comparison","luna_pinyin","key_sequence_process_with_context","b","46","1","18.000","18.000","15138816","15138816","unavailable","17227776","8114176","8114176","unavailable","8114176","8114176","8593408"
"librime-1.17.0","track-a-comparison","luna_pinyin","key_sequence_process_with_context","b","47","1","16.400","16.400","15138816","15138816","unavailable","17227776","8114176","8114176","unavailable","8114176","8114176","8593408"
"librime-1.17.0","track-a-comparison","luna_pinyin","key_sequence_process_with_context","b","48","1","16.600","16.600","15138816","15138816","unavailable","17227776","8114176","8114176","unavailable","8114176","8114176","8593408"
"librime-1.17.0","track-a-comparison","luna_pinyin","key_sequence_process_with_context","b","49","1","16.600","16.600","15138816","15138816","unavailable","17227776","8114176","8114176","unavailable","8114176","8114176","8593408"
"librime-1.17.0","track-a-comparison","luna_pinyin","key_sequence_process_with_context","b","50","1","16.300","16.300","15138816","15138816","unavailable","17227776","8114176","8114176","unavailable","8114176","8114176","8593408"
"librime-1.17.0","track-a-comparison","luna_pinyin","key_sequence_process_with_context","b","51","1","16.500","16.500","15138816","15138816","unavailable","17227776","8114176","8114176","unavailable","8114176","8114176","8593408"
"librime-1.17.0","track-a-comparison","luna_pinyin","key_sequence_process_with_context","b","52","1","40.300","40.300","15138816","15138816","unavailable","17227776","8114176","8114176","unavailable","8114176","8114176","8593408"
"librime-1.17.0","track-a-comparison","luna_pinyin","key_sequence_process_with_context","b","53","1","54.000","54.000","15138816","15138816","unavailable","17227776","8114176","8114176","unavailable","8114176","8114176","8593408"
"librime-1.17.0","track-a-comparison","luna_pinyin","key_sequence_process_with_context","b","54","1","21.700","21.700","15138816","15138816","unavailable","17227776","8114176","8114176","unavailable","8114176","8114176","8593408"
"librime-1.17.0","track-a-comparison","luna_pinyin","key_sequence_process_with_context","b","55","1","17.800","17.800","15138816","15138816","unavailable","17227776","8114176","8114176","unavailable","8114176","8114176","8593408"
"librime-1.17.0","track-a-comparison","luna_pinyin","key_sequence_process_with_context","b","56","1","17.300","17.300","15138816","15138816","unavailable","17227776","8114176","8114176","unavailable","8114176","8114176","8593408"
"librime-1.17.0","track-a-comparison","luna_pinyin","key_sequence_process_with_context","b","57","1","17.200","17.200","15138816","15138816","unavailable","17227776","8114176","8114176","unavailable","8114176","8114176","8593408"
"librime-1.17.0","track-a-comparison","luna_pinyin","key_sequence_process_with_context","b","58","1","17.000","17.000","15138816","15138816","unavailable","17227776","8114176","8114176","unavailable","8114176","8114176","8593408"
"librime-1.17.0","track-a-comparison","luna_pinyin","key_sequence_process_with_context","b","59","1","17.200","17.200","15138816","15138816","unavailable","17227776","8114176","8114176","unavailable","8114176","8114176","8593408"
"librime-1.17.0","track-a-comparison","luna_pinyin","key_sequence_process_with_context","b","60","1","16.700","16.700","15138816","15138816","unavailable","17227776","8114176","8114176","unavailable","8114176","8114176","8593408"
"librime-1.17.0","track-a-comparison","luna_pinyin","key_sequence_process_with_context","b","61","1","16.900","16.900","15204352","15204352","unavailable","17227776","8114176","8114176","unavailable","8114176","8114176","8593408"
"librime-1.17.0","track-a-comparison","luna_pinyin","key_sequence_process_with_context","b","62","1","16.700","16.700","15204352","15204352","unavailable","17227776","8114176","8114176","unavailable","8114176","8114176","8593408"
"librime-1.17.0","track-a-comparison","luna_pinyin","key_sequence_process_with_context","b","63","1","16.700","16.700","15204352","15204352","unavailable","17227776","8114176","8114176","unavailable","8114176","8114176","8593408"
"librime-1.17.0","track-a-comparison","luna_pinyin","key_sequence_process_with_context","b","64","1","16.600","16.600","15204352","15204352","unavailable","17227776","8114176","8114176","unavailable","8114176","8114176","8593408"
"librime-1.17.0","track-a-comparison","luna_pinyin","key_sequence_process_with_context","b","65","1","16.700","16.700","15204352","15204352","unavailable","17227776","8114176","8114176","unavailable","8114176","8114176","8593408"
"librime-1.17.0","track-a-comparison","luna_pinyin","key_sequence_process_with_context","b","66","1","16.600","16.600","15204352","15204352","unavailable","17227776","8114176","8114176","unavailable","8114176","8114176","8593408"
"librime-1.17.0","track-a-comparison","luna_pinyin","key_sequence_process_with_context","b","67","1","17.500","17.500","15204352","15204352","unavailable","17227776","8114176","8114176","unavailable","8114176","8114176","8593408"
"librime-1.17.0","track-a-comparison","luna_pinyin","key_sequence_process_with_context","b","68","1","16.600","16.600","15204352","15204352","unavailable","17227776","8114176","8114176","unavailable","8114176","8114176","8593408"
"librime-1.17.0","track-a-comparison","luna_pinyin","key_sequence_process_with_context","b","69","1","16.600","16.600","15204352","15204352","unavailable","17227776","8114176","8114176","unavailable","8114176","8114176","8593408"
"librime-1.17.0","track-a-comparison","luna_pinyin","key_sequence_process_with_context","b","70","1","16.600","16.600","15204352","15204352","unavailable","17227776","8114176","8114176","unavailable","8114176","8114176","8593408"
"librime-1.17.0","track-a-comparison","luna_pinyin","key_sequence_process_with_context","b","71","1","16.400","16.400","15204352","15204352","unavailable","17227776","8114176","8114176","unavailable","8114176","8114176","8593408"
"librime-1.17.0","track-a-comparison","luna_pinyin","key_sequence_process_with_context","b","72","1","16.500","16.500","15204352","15204352","unavailable","17227776","8114176","8114176","unavailable","8114176","8114176","8593408"
"librime-1.17.0","track-a-comparison","luna_pinyin","key_sequence_process_with_context","b","73","1","16.500","16.500","15204352","15204352","unavailable","17227776","8114176","8114176","unavailable","8114176","8114176","8593408"
"librime-1.17.0","track-a-comparison","luna_pinyin","key_sequence_process_with_context","b","74","1","16.400","16.400","15204352","15204352","unavailable","17227776","8114176","8114176","unavailable","8114176","8114176","8593408"
"librime-1.17.0","track-a-comparison","luna_pinyin","key_sequence_process_with_context","b","75","1","16.400","16.400","15204352","15204352","unavailable","17227776","8114176","8114176","unavailable","8114176","8114176","8593408"
"librime-1.17.0","track-a-comparison","luna_pinyin","key_sequence_process_with_context","b","76","1","16.400","16.400","15204352","15204352","unavailable","17227776","8114176","8114176","unavailable","8114176","8114176","8593408"
"librime-1.17.0","track-a-comparison","luna_pinyin","key_sequence_process_with_context","b","77","1","16.500","16.500","15204352","15204352","unavailable","17227776","8114176","8114176","unavailable","8114176","8114176","8593408"
"librime-1.17.0","track-a-comparison","luna_pinyin","key_sequence_process_with_context","b","78","1","16.400","16.400","15204352","15204352","unavailable","17227776","8114176","8114176","unavailable","8114176","8114176","8593408"
"librime-1.17.0","track-a-comparison","luna_pinyin","key_sequence_process_with_context","b","79","1","16.500","16.500","15204352","15204352","unavailable","17227776","8114176","8114176","unavailable","8114176","8114176","8593408"
"librime-1.17.0","track-a-comparison","luna_pinyin","key_sequence_process_with_context","ceshi","0","5","220.900","44.180","15745024","15745024","unavailable","17227776","8114176","8114176","unavailable","8114176","8114176","8593408"
"librime-1.17.0","track-a-comparison","luna_pinyin","key_sequence_process_with_context","ceshi","1","5","221.700","44.340","15745024","15745024","unavailable","17227776","8114176","8114176","unavailable","8114176","8114176","8593408"
"librime-1.17.0","track-a-comparison","luna_pinyin","key_sequence_process_with_context","ceshi","2","5","222.600","44.520","15745024","15745024","unavailable","17227776","8114176","8114176","unavailable","8114176","8114176","8593408"
"librime-1.17.0","track-a-comparison","luna_pinyin","key_sequence_process_with_context","ceshi","3","5","232.300","46.460","15745024","15745024","unavailable","17227776","8114176","8114176","unavailable","8114176","8114176","8593408"
"librime-1.17.0","track-a-comparison","luna_pinyin","key_sequence_process_with_context","ceshi","4","5","222.300","44.460","15745024","15745024","unavailable","17227776","8114176","8114176","unavailable","8114176","8114176","8593408"
"librime-1.17.0","track-a-comparison","luna_pinyin","key_sequence_process_with_context","ceshi","5","5","219.600","43.920","15745024","15745024","unavailable","17227776","8114176","8114176","unavailable","8114176","8114176","8593408"
"librime-1.17.0","track-a-comparison","luna_pinyin","key_sequence_process_with_context","ceshi","6","5","219.700","43.940","15745024","15745024","unavailable","17227776","8114176","8114176","unavailable","8114176","8114176","8593408"
"librime-1.17.0","track-a-comparison","luna_pinyin","key_sequence_process_with_context","ceshi","7","5","219.600","43.920","15745024","15745024","unavailable","17227776","8114176","8114176","unavailable","8114176","8114176","8593408"
"librime-1.17.0","track-a-comparison","luna_pinyin","key_sequence_process_with_context","ceshi","8","5","219.300","43.860","15745024","15745024","unavailable","17227776","8114176","8114176","unavailable","8114176","8114176","8593408"
"librime-1.17.0","track-a-comparison","luna_pinyin","key_sequence_process_with_context","ceshi","9","5","218.800","43.760","15745024","15745024","unavailable","17227776","8114176","8114176","unavailable","8114176","8114176","8593408"
"librime-1.17.0","track-a-comparison","luna_pinyin","key_sequence_process_with_context","ceshi","10","5","221.100","44.220","15745024","15745024","unavailable","17227776","8114176","8114176","unavailable","8114176","8114176","8593408"
"librime-1.17.0","track-a-comparison","luna_pinyin","key_sequence_process_with_context","ceshi","11","5","219.400","43.880","15745024","15745024","unavailable","17227776","8114176","8114176","unavailable","8114176","8114176","8593408"
"librime-1.17.0","track-a-comparison","luna_pinyin","key_sequence_process_with_context","ceshi","12","5","230.800","46.160","15745024","15745024","unavailable","17227776","8114176","8114176","unavailable","8114176","8114176","8593408"
"librime-1.17.0","track-a-comparison","luna_pinyin","key_sequence_process_with_context","ceshi","13","5","222.200","44.440","15745024","15745024","unavailable","17227776","8114176","8114176","unavailable","8114176","8114176","8593408"
"librime-1.17.0","track-a-comparison","luna_pinyin","key_sequence_process_with_context","ceshi","14","5","221.400","44.280","15745024","15745024","unavailable","17227776","8114176","8114176","unavailable","8114176","8114176","8593408"
"librime-1.17.0","track-a-comparison","luna_pinyin","key_sequence_process_with_context","ceshi","15","5","221.300","44.260","15745024","15745024","unavailable","17227776","8114176","8114176","unavailable","8114176","8114176","8593408"
"librime-1.17.0","track-a-comparison","luna_pinyin","key_sequence_process_with_context","ceshi","16","5","221.800","44.360","15745024","15745024","unavailable","17227776","8114176","8114176","unavailable","8114176","8114176","8593408"
"librime-1.17.0","track-a-comparison","luna_pinyin","key_sequence_process_with_context","ceshi","17","5","224.700","44.940","15745024","15745024","unavailable","17227776","8114176","8114176","unavailable","8114176","8114176","8593408"
"librime-1.17.0","track-a-comparison","luna_pinyin","key_sequence_process_with_context","ceshi","18","5","224.400","44.880","15745024","15745024","unavailable","17227776","8114176","8114176","unavailable","8114176","8114176","8593408"
"librime-1.17.0","track-a-comparison","luna_pinyin","key_sequence_process_with_context","ceshi","19","5","225.000","45.000","15745024","15745024","unavailable","17227776","8114176","8114176","unavailable","8114176","8114176","8593408"
"librime-1.17.0","track-a-comparison","luna_pinyin","key_sequence_process_with_context","ceshi","20","5","224.700","44.940","15745024","15745024","unavailable","17227776","8114176","8114176","unavailable","8114176","8114176","8593408"
"librime-1.17.0","track-a-comparison","luna_pinyin","key_sequence_process_with_context","ceshi","21","5","228.500","45.700","15745024","15745024","unavailable","17227776","8114176","8114176","unavailable","8114176","8114176","8593408"
"librime-1.17.0","track-a-comparison","luna_pinyin","key_sequence_process_with_context","ceshi","22","5","225.300","45.060","15745024","15745024","unavailable","17227776","8114176","8114176","unavailable","8114176","8114176","8593408"
"librime-1.17.0","track-a-comparison","luna_pinyin","key_sequence_process_with_context","ceshi","23","5","224.700","44.940","15745024","15745024","unavailable","17227776","8114176","8114176","unavailable","8114176","8114176","8593408"
"librime-1.17.0","track-a-comparison","luna_pinyin","key_sequence_process_with_context","ceshi","24","5","231.700","46.340","15745024","15745024","unavailable","17227776","8114176","8114176","unavailable","8114176","8114176","8593408"
"librime-1.17.0","track-a-comparison","luna_pinyin","key_sequence_process_with_context","ceshi","25","5","224.200","44.840","15745024","15745024","unavailable","17227776","8114176","8114176","unavailable","8114176","8114176","8593408"
"librime-1.17.0","track-a-comparison","luna_pinyin","key_sequence_process_with_context","ceshi","26","5","221.200","44.240","15745024","15745024","unavailable","17227776","8114176","8114176","unavailable","8114176","8114176","8593408"
"librime-1.17.0","track-a-comparison","luna_pinyin","key_sequence_process_with_context","ceshi","27","5","221.100","44.220","15745024","15745024","unavailable","17227776","8114176","8114176","unavailable","8114176","8114176","8593408"
"librime-1.17.0","track-a-comparison","luna_pinyin","key_sequence_process_with_context","ceshi","28","5","221.300","44.260","15745024","15745024","unavailable","17227776","8114176","8114176","unavailable","8114176","8114176","8593408"
"librime-1.17.0","track-a-comparison","luna_pinyin","key_sequence_process_with_context","ceshi","29","5","221.300","44.260","15745024","15745024","unavailable","17227776","8114176","8114176","unavailable","8114176","8114176","8593408"
"librime-1.17.0","track-a-comparison","luna_pinyin","key_sequence_process_with_context","ceshi","30","5","228.700","45.740","15745024","15745024","unavailable","17227776","8114176","8114176","unavailable","8114176","8114176","8593408"
"librime-1.17.0","track-a-comparison","luna_pinyin","key_sequence_process_with_context","ceshi","31","5","222.700","44.540","15745024","15745024","unavailable","17227776","8114176","8114176","unavailable","8114176","8114176","8593408"
"librime-1.17.0","track-a-comparison","luna_pinyin","key_sequence_process_with_context","ceshi","32","5","221.500","44.300","15745024","15745024","unavailable","17227776","8114176","8114176","unavailable","8114176","8114176","8593408"
"librime-1.17.0","track-a-comparison","luna_pinyin","key_sequence_process_with_context","ceshi","33","5","222.300","44.460","15745024","15745024","unavailable","17227776","8114176","8114176","unavailable","8114176","8114176","8593408"
"librime-1.17.0","track-a-comparison","luna_pinyin","key_sequence_process_with_context","ceshi","34","5","222.600","44.520","15745024","15745024","unavailable","17227776","8114176","8114176","unavailable","8114176","8114176","8593408"
"librime-1.17.0","track-a-comparison","luna_pinyin","key_sequence_process_with_context","ceshi","35","5","222.100","44.420","15745024","15745024","unavailable","17227776","8114176","8114176","unavailable","8114176","8114176","8593408"
"librime-1.17.0","track-a-comparison","luna_pinyin","key_sequence_process_with_context","ceshi","36","5","221.700","44.340","15745024","15745024","unavailable","17227776","8114176","8114176","unavailable","8114176","8114176","8593408"
"librime-1.17.0","track-a-comparison","luna_pinyin","key_sequence_process_with_context","ceshi","37","5","222.400","44.480","15745024","15745024","unavailable","17227776","8114176","8114176","unavailable","8114176","8114176","8593408"
"librime-1.17.0","track-a-comparison","luna_pinyin","key_sequence_process_with_context","ceshi","38","5","221.900","44.380","15745024","15745024","unavailable","17227776","8114176","8114176","unavailable","8114176","8114176","8593408"
"librime-1.17.0","track-a-comparison","luna_pinyin","key_sequence_process_with_context","ceshi","39","5","230.100","46.020","15745024","15745024","unavailable","17227776","8114176","8114176","unavailable","8114176","8114176","8593408"
"librime-1.17.0","track-a-comparison","luna_pinyin","key_sequence_process_with_context","ceshi","40","5","223.400","44.680","15745024","15745024","unavailable","17227776","8114176","8114176","unavailable","8114176","8114176","8593408"
"librime-1.17.0","track-a-comparison","luna_pinyin","key_sequence_process_with_context","ceshi","41","5","223.700","44.740","15745024","15745024","unavailable","17227776","8114176","8114176","unavailable","8114176","8114176","8593408"
"librime-1.17.0","track-a-comparison","luna_pinyin","key_sequence_process_with_context","ceshi","42","5","223.200","44.640","15745024","15745024","unavailable","17227776","8114176","8114176","unavailable","8114176","8114176","8593408"
"librime-1.17.0","track-a-comparison","luna_pinyin","key_sequence_process_with_context","ceshi","43","5","223.300","44.660","15745024","15745024","unavailable","17227776","8114176","8114176","unavailable","8114176","8114176","8593408"
"librime-1.17.0","track-a-comparison","luna_pinyin","key_sequence_process_with_context","ceshi","44","5","222.800","44.560","15745024","15745024","unavailable","17227776","8114176","8114176","unavailable","8114176","8114176","8593408"
"librime-1.17.0","track-a-comparison","luna_pinyin","key_sequence_process_with_context","ceshi","45","5","222.200","44.440","15745024","15745024","unavailable","17227776","8114176","8114176","unavailable","8114176","8114176","8593408"
"librime-1.17.0","track-a-comparison","luna_pinyin","key_sequence_process_with_context","ceshi","46","5","222.300","44.460","15745024","15745024","unavailable","17227776","8114176","8114176","unavailable","8114176","8114176","8593408"
"librime-1.17.0","track-a-comparison","luna_pinyin","key_sequence_process_with_context","ceshi","47","5","223.600","44.720","15745024","15745024","unavailable","17227776","8114176","8114176","unavailable","8114176","8114176","8593408"
"librime-1.17.0","track-a-comparison","luna_pinyin","key_sequence_process_with_context","ceshi","48","5","321.000","64.200","15745024","15745024","unavailable","17227776","8114176","8114176","unavailable","8114176","8114176","8593408"
"librime-1.17.0","track-a-comparison","luna_pinyin","key_sequence_process_with_context","ceshi","49","5","262.000","52.400","15745024","15745024","unavailable","17227776","8114176","8114176","unavailable","8114176","8114176","8593408"
"librime-1.17.0","track-a-comparison","luna_pinyin","key_sequence_process_with_context","ceshi","50","5","240.500","48.100","15745024","15745024","unavailable","17227776","8114176","8114176","unavailable","8114176","8114176","8593408"
"librime-1.17.0","track-a-comparison","luna_pinyin","key_sequence_process_with_context","ceshi","51","5","231.200","46.240","15745024","15745024","unavailable","17227776","8114176","8114176","unavailable","8114176","8114176","8593408"
"librime-1.17.0","track-a-comparison","luna_pinyin","key_sequence_process_with_context","ceshi","52","5","227.000","45.400","15745024","15745024","unavailable","17227776","8114176","8114176","unavailable","8114176","8114176","8593408"
"librime-1.17.0","track-a-comparison","luna_pinyin","key_sequence_process_with_context","ceshi","53","5","225.900","45.180","15745024","15745024","unavailable","17227776","8114176","8114176","unavailable","8114176","8114176","8593408"
"librime-1.17.0","track-a-comparison","luna_pinyin","key_sequence_process_with_context","ceshi","54","5","224.200","44.840","15745024","15745024","unavailable","17227776","8114176","8114176","unavailable","8114176","8114176","8593408"
"librime-1.17.0","track-a-comparison","luna_pinyin","key_sequence_process_with_context","ceshi","55","5","238.300","47.660","15745024","15745024","unavailable","17227776","8114176","8114176","unavailable","8114176","8114176","8593408"
"librime-1.17.0","track-a-comparison","luna_pinyin","key_sequence_process_with_context","ceshi","56","5","219.500","43.900","15745024","15745024","unavailable","17227776","8114176","8114176","unavailable","8114176","8114176","8593408"
"librime-1.17.0","track-a-comparison","luna_pinyin","key_sequence_process_with_context","ceshi","57","5","217.800","43.560","15745024","15745024","unavailable","17227776","8114176","8114176","unavailable","8114176","8114176","8593408"
"librime-1.17.0","track-a-comparison","luna_pinyin","key_sequence_process_with_context","ceshi","58","5","219.000","43.800","15745024","15745024","unavailable","17227776","8114176","8114176","unavailable","8114176","8114176","8593408"
"librime-1.17.0","track-a-comparison","luna_pinyin","key_sequence_process_with_context","ceshi","59","5","217.500","43.500","15745024","15745024","unavailable","17227776","8114176","8114176","unavailable","8114176","8114176","8593408"
"librime-1.17.0","track-a-comparison","luna_pinyin","key_sequence_process_with_context","ceshi","60","5","217.400","43.480","15745024","15745024","unavailable","17227776","8114176","8114176","unavailable","8114176","8114176","8593408"
"librime-1.17.0","track-a-comparison","luna_pinyin","key_sequence_process_with_context","ceshi","61","5","217.700","43.540","15745024","15745024","unavailable","17227776","8114176","8114176","unavailable","8114176","8114176","8593408"
"librime-1.17.0","track-a-comparison","luna_pinyin","key_sequence_process_with_context","ceshi","62","5","216.300","43.260","15745024","15745024","unavailable","17227776","8114176","8114176","unavailable","8114176","8114176","8593408"
"librime-1.17.0","track-a-comparison","luna_pinyin","key_sequence_process_with_context","ceshi","63","5","216.300","43.260","15745024","15745024","unavailable","17227776","8114176","8114176","unavailable","8114176","8114176","8593408"
"librime-1.17.0","track-a-comparison","luna_pinyin","key_sequence_process_with_context","ceshi","64","5","226.200","45.240","15745024","15745024","unavailable","17227776","8114176","8114176","unavailable","8114176","8114176","8593408"
"librime-1.17.0","track-a-comparison","luna_pinyin","key_sequence_process_with_context","ceshi","65","5","219.400","43.880","15745024","15745024","unavailable","17227776","8114176","8114176","unavailable","8114176","8114176","8593408"
"librime-1.17.0","track-a-comparison","luna_pinyin","key_sequence_process_with_context","ceshi","66","5","221.400","44.280","15745024","15745024","unavailable","17227776","8114176","8114176","unavailable","8114176","8114176","8593408"
"librime-1.17.0","track-a-comparison","luna_pinyin","key_sequence_process_with_context","ceshi","67","5","221.300","44.260","15745024","15745024","unavailable","17227776","8114176","8114176","unavailable","8114176","8114176","8593408"
"librime-1.17.0","track-a-comparison","luna_pinyin","key_sequence_process_with_context","ceshi","68","5","220.700","44.140","15745024","15745024","unavailable","17227776","8114176","8114176","unavailable","8114176","8114176","8593408"
"librime-1.17.0","track-a-comparison","luna_pinyin","key_sequence_process_with_context","ceshi","69","5","222.800","44.560","15745024","15745024","unavailable","17227776","8114176","8114176","unavailable","8114176","8114176","8593408"
"librime-1.17.0","track-a-comparison","luna_pinyin","key_sequence_process_with_context","ceshi","70","5","223.200","44.640","15745024","15745024","unavailable","17227776","8114176","8114176","unavailable","8114176","8114176","8593408"
"librime-1.17.0","track-a-comparison","luna_pinyin","key_sequence_process_with_context","ceshi","71","5","221.700","44.340","15745024","15745024","unavailable","17227776","8114176","8114176","unavailable","8114176","8114176","8593408"
"librime-1.17.0","track-a-comparison","luna_pinyin","key_sequence_process_with_context","ceshi","72","5","229.000","45.800","15745024","15745024","unavailable","17227776","8114176","8114176","unavailable","8114176","8114176","8593408"
"librime-1.17.0","track-a-comparison","luna_pinyin","key_sequence_process_with_context","ceshi","73","5","222.500","44.500","15745024","15745024","unavailable","17227776","8114176","8114176","unavailable","8114176","8114176","8593408"
"librime-1.17.0","track-a-comparison","luna_pinyin","key_sequence_process_with_context","ceshi","74","5","221.500","44.300","15745024","15745024","unavailable","17227776","8114176","8114176","unavailable","8114176","8114176","8593408"
"librime-1.17.0","track-a-comparison","luna_pinyin","key_sequence_process_with_context","ceshi","75","5","221.900","44.380","15745024","15745024","unavailable","17227776","8114176","8114176","unavailable","8114176","8114176","8593408"
"librime-1.17.0","track-a-comparison","luna_pinyin","key_sequence_process_with_context","ceshi","76","5","221.700","44.340","15745024","15745024","unavailable","17227776","8114176","8114176","unavailable","8114176","8114176","8593408"
"librime-1.17.0","track-a-comparison","luna_pinyin","key_sequence_process_with_context","ceshi","77","5","222.000","44.400","15745024","15745024","unavailable","17227776","8114176","8114176","unavailable","8114176","8114176","8593408"
"librime-1.17.0","track-a-comparison","luna_pinyin","key_sequence_process_with_context","ceshi","78","5","222.500","44.500","15745024","15745024","unavailable","17227776","8114176","8114176","unavailable","8114176","8114176","8593408"
"librime-1.17.0","track-a-comparison","luna_pinyin","key_sequence_process_with_context","ceshi","79","5","222.000","44.400","15745024","15745024","unavailable","17227776","8114176","8114176","unavailable","8114176","8114176","8593408"
"librime-1.17.0","track-a-comparison","luna_pinyin","key_sequence_process_with_context","zhongdengchangdu","0","16","5502.500","343.906","17518592","17518592","unavailable","17518592","8114176","8114176","unavailable","8114176","8114176","8593408"
"librime-1.17.0","track-a-comparison","luna_pinyin","key_sequence_process_with_context","zhongdengchangdu","1","16","5494.000","343.375","17518592","17522688","unavailable","17522688","8114176","8114176","unavailable","8114176","8114176","8593408"
"librime-1.17.0","track-a-comparison","luna_pinyin","key_sequence_process_with_context","zhongdengchangdu","2","16","5463.500","341.469","17522688","17522688","unavailable","17522688","8114176","8114176","unavailable","8114176","8114176","8593408"
"librime-1.17.0","track-a-comparison","luna_pinyin","key_sequence_process_with_context","zhongdengchangdu","3","16","5483.300","342.706","17522688","17522688","unavailable","17522688","8114176","8114176","unavailable","8114176","8114176","8593408"
"librime-1.17.0","track-a-comparison","luna_pinyin","key_sequence_process_with_context","zhongdengchangdu","4","16","5457.100","341.069","17522688","17522688","unavailable","17522688","8114176","8114176","unavailable","8114176","8114176","8593408"
"librime-1.17.0","track-a-comparison","luna_pinyin","key_sequence_process_with_context","zhongdengchangdu","5","16","5468.700","341.794","17522688","17522688","unavailable","17522688","8114176","8114176","unavailable","8114176","8114176","8593408"
"librime-1.17.0","track-a-comparison","luna_pinyin","key_sequence_process_with_context","zhongdengchangdu","6","16","5580.000","348.750","17522688","17522688","unavailable","17522688","8114176","8114176","unavailable","8114176","8114176","8593408"
"librime-1.17.0","track-a-comparison","luna_pinyin","key_sequence_process_with_context","zhongdengchangdu","7","16","5460.400","341.275","17522688","17522688","unavailable","17522688","8114176","8114176","unavailable","8114176","8114176","8593408"
"librime-1.17.0","track-a-comparison","luna_pinyin","key_sequence_process_with_context","zhongdengchangdu","8","16","5469.700","341.856","17522688","17522688","unavailable","17522688","8114176","8114176","unavailable","8114176","8114176","8593408"
"librime-1.17.0","track-a-comparison","luna_pinyin","key_sequence_process_with_context","zhongdengchangdu","9","16","5493.500","343.344","17522688","17522688","unavailable","17522688","8114176","8114176","unavailable","8114176","8114176","8593408"
"librime-1.17.0","track-a-comparison","luna_pinyin","key_sequence_process_with_context","zhongdengchangdu","10","16","5485.100","342.819","17522688","17522688","unavailable","17522688","8114176","8114176","unavailable","8114176","8114176","8593408"
"librime-1.17.0","track-a-comparison","luna_pinyin","key_sequence_process_with_context","zhongdengchangdu","11","16","6288.300","393.019","17522688","16322560","unavailable","17522688","8114176","6836224","unavailable","6836224","6836224","8593408"
"librime-1.17.0","track-a-comparison","luna_pinyin","key_sequence_process_with_context","zhongdengchangdu","12","16","5513.300","344.581","16322560","16326656","unavailable","17522688","6836224","6836224","unavailable","6836224","6836224","8593408"
"librime-1.17.0","track-a-comparison","luna_pinyin","key_sequence_process_with_context","zhongdengchangdu","13","16","6252.800","390.800","16326656","16326656","unavailable","17522688","6836224","6836224","unavailable","6836224","6836224","8593408"
"librime-1.17.0","track-a-comparison","luna_pinyin","key_sequence_process_with_context","zhongdengchangdu","14","16","5748.200","359.262","16326656","16330752","unavailable","17522688","6836224","6836224","unavailable","6836224","6836224","8593408"
"librime-1.17.0","track-a-comparison","luna_pinyin","key_sequence_process_with_context","zhongdengchangdu","15","16","5576.900","348.556","16330752","16330752","unavailable","17522688","6836224","6836224","unavailable","6836224","6836224","8593408"
"librime-1.17.0","track-a-comparison","luna_pinyin","key_sequence_process_with_context","zhongdengchangdu","16","16","5516.300","344.769","16330752","16330752","unavailable","17522688","6836224","6836224","unavailable","6836224","6836224","8593408"
"librime-1.17.0","track-a-comparison","luna_pinyin","key_sequence_process_with_context","zhongdengchangdu","17","16","5497.400","343.588","16330752","16330752","unavailable","17522688","6836224","6836224","unavailable","6836224","6836224","8593408"
"librime-1.17.0","track-a-comparison","luna_pinyin","key_sequence_process_with_context","zhongdengchangdu","18","16","5467.300","341.706","16330752","16330752","unavailable","17522688","6836224","6836224","unavailable","6836224","6836224","8593408"
"librime-1.17.0","track-a-comparison","luna_pinyin","key_sequence_process_with_context","zhongdengchangdu","19","16","5471.400","341.963","16330752","16330752","unavailable","17522688","6836224","6836224","unavailable","6836224","6836224","8593408"
"librime-1.17.0","track-a-comparison","luna_pinyin","key_sequence_process_with_context","zhongdengchangdu","20","16","5482.900","342.681","16330752","16347136","unavailable","17522688","6836224","6836224","unavailable","6836224","6836224","8593408"
"librime-1.17.0","track-a-comparison","luna_pinyin","key_sequence_process_with_context","zhongdengchangdu","21","16","5468.700","341.794","16347136","16347136","unavailable","17522688","6836224","6836224","unavailable","6836224","6836224","8593408"
"librime-1.17.0","track-a-comparison","luna_pinyin","key_sequence_process_with_context","zhongdengchangdu","22","16","5458.400","341.150","16347136","16347136","unavailable","17522688","6836224","6836224","unavailable","6836224","6836224","8593408"
"librime-1.17.0","track-a-comparison","luna_pinyin","key_sequence_process_with_context","zhongdengchangdu","23","16","5470.400","341.900","16347136","16347136","unavailable","17522688","6836224","6836224","unavailable","6836224","6836224","8593408"
"librime-1.17.0","track-a-comparison","luna_pinyin","key_sequence_process_with_context","zhongdengchangdu","24","16","5455.900","340.994","16347136","16347136","unavailable","17522688","6836224","6836224","unavailable","6836224","6836224","8593408"
"librime-1.17.0","track-a-comparison","luna_pinyin","key_sequence_process_with_context","zhongdengchangdu","25","16","5466.100","341.631","16347136","16347136","unavailable","17522688","6836224","6836224","unavailable","6836224","6836224","8593408"
"librime-1.17.0","track-a-comparison","luna_pinyin","key_sequence_process_with_context","zhongdengchangdu","26","16","5466.100","341.631","16347136","16347136","unavailable","17522688","6836224","6836224","unavailable","6836224","6836224","8593408"
"librime-1.17.0","track-a-comparison","luna_pinyin","key_sequence_process_with_context","zhongdengchangdu","27","16","5517.200","344.825","16347136","16347136","unavailable","17522688","6836224","6836224","unavailable","6836224","6836224","8593408"
"librime-1.17.0","track-a-comparison","luna_pinyin","key_sequence_process_with_context","zhongdengchangdu","28","16","5456.200","341.012","16347136","16347136","unavailable","17522688","6836224","6836224","unavailable","6836224","6836224","8593408"
"librime-1.17.0","track-a-comparison","luna_pinyin","key_sequence_process_with_context","zhongdengchangdu","29","16","5478.300","342.394","16347136","16347136","unavailable","17522688","6836224","6836224","unavailable","6836224","6836224","8593408"
"librime-1.17.0","track-a-comparison","luna_pinyin","key_sequence_process_with_context","zhongdengchangdu","30","16","5475.900","342.244","16347136","16347136","unavailable","17522688","6836224","6836224","unavailable","6836224","6836224","8593408"
"librime-1.17.0","track-a-comparison","luna_pinyin","key_sequence_process_with_context","zhongdengchangdu","31","16","5469.400","341.838","16347136","16347136","unavailable","17522688","6836224","6836224","unavailable","6836224","6836224","8593408"
"librime-1.17.0","track-a-comparison","luna_pinyin","key_sequence_process_with_context","zhongdengchangdu","32","16","5470.500","341.906","16347136","16347136","unavailable","17522688","6836224","6836224","unavailable","6836224","6836224","8593408"
"librime-1.17.0","track-a-comparison","luna_pinyin","key_sequence_process_with_context","zhongdengchangdu","33","16","5472.100","342.006","16347136","16347136","unavailable","17522688","6836224","6836224","unavailable","6836224","6836224","8593408"
"librime-1.17.0","track-a-comparison","luna_pinyin","key_sequence_process_with_context","zhongdengchangdu","34","16","5473.200","342.075","16347136","16347136","unavailable","17522688","6836224","6836224","unavailable","6836224","6836224","8593408"
"librime-1.17.0","track-a-comparison","luna_pinyin","key_sequence_process_with_context","zhongdengchangdu","35","16","5463.200","341.450","16347136","16347136","unavailable","17522688","6836224","6836224","unavailable","6836224","6836224","8593408"
"librime-1.17.0","track-a-comparison","luna_pinyin","key_sequence_process_with_context","zhongdengchangdu","36","16","5464.200","341.512","16347136","16347136","unavailable","17522688","6836224","6836224","unavailable","6836224","6836224","8593408"
"librime-1.17.0","track-a-comparison","luna_pinyin","key_sequence_process_with_context","zhongdengchangdu","37","16","5492.800","343.300","16347136","16347136","unavailable","17522688","6836224","6836224","unavailable","6836224","6836224","8593408"
"librime-1.17.0","track-a-comparison","luna_pinyin","key_sequence_process_with_context","zhongdengchangdu","38","16","5498.700","343.669","16347136","16347136","unavailable","17522688","6836224","6836224","unavailable","6836224","6836224","8593408"
"librime-1.17.0","track-a-comparison","luna_pinyin","key_sequence_process_with_context","zhongdengchangdu","39","16","5466.400","341.650","16347136","16347136","unavailable","17522688","6836224","6836224","unavailable","6836224","6836224","8593408"
"librime-1.17.0","track-a-comparison","luna_pinyin","key_sequence_process_with_context","zhongdengchangdu","40","16","5514.500","344.656","16347136","16351232","unavailable","17522688","6836224","6840320","unavailable","6840320","6840320","8593408"
"librime-1.17.0","track-a-comparison","luna_pinyin","key_sequence_process_with_context","zhongdengchangdu","41","16","5515.000","344.688","16351232","16351232","unavailable","17522688","6840320","6840320","unavailable","6840320","6840320","8593408"
"librime-1.17.0","track-a-comparison","luna_pinyin","key_sequence_process_with_context","zhongdengchangdu","42","16","5476.100","342.256","16351232","16351232","unavailable","17522688","6840320","6840320","unavailable","6840320","6840320","8593408"
"librime-1.17.0","track-a-comparison","luna_pinyin","key_sequence_process_with_context","zhongdengchangdu","43","16","5481.500","342.594","16351232","16351232","unavailable","17522688","6840320","6840320","unavailable","6840320","6840320","8593408"
"librime-1.17.0","track-a-comparison","luna_pinyin","key_sequence_process_with_context","zhongdengchangdu","44","16","5504.400","344.025","16351232","16351232","unavailable","17522688","6840320","6840320","unavailable","6840320","6840320","8593408"
"librime-1.17.0","track-a-comparison","luna_pinyin","key_sequence_process_with_context","zhongdengchangdu","45","16","5475.700","342.231","16416768","16416768","unavailable","17522688","6840320","6840320","unavailable","6840320","6840320","8593408"
"librime-1.17.0","track-a-comparison","luna_pinyin","key_sequence_process_with_context","zhongdengchangdu","46","16","5493.400","343.337","16416768","16416768","unavailable","17522688","6840320","6840320","unavailable","6840320","6840320","8593408"
"librime-1.17.0","track-a-comparison","luna_pinyin","key_sequence_process_with_context","zhongdengchangdu","47","16","6135.400","383.462","16416768","16416768","unavailable","17522688","6840320","6840320","unavailable","6840320","6840320","8593408"
"librime-1.17.0","track-a-comparison","luna_pinyin","key_sequence_process_with_context","zhongdengchangdu","48","16","5524.200","345.262","16416768","16416768","unavailable","17522688","6840320","6840320","unavailable","6840320","6840320","8593408"
"librime-1.17.0","track-a-comparison","luna_pinyin","key_sequence_process_with_context","zhongdengchangdu","49","16","5517.600","344.850","16416768","16416768","unavailable","17522688","6840320","6840320","unavailable","6840320","6840320","8593408"
"librime-1.17.0","track-a-comparison","luna_pinyin","key_sequence_process_with_context","zhongdengchangdu","50","16","5485.500","342.844","16416768","16416768","unavailable","17522688","6840320","6840320","unavailable","6840320","6840320","8593408"
"librime-1.17.0","track-a-comparison","luna_pinyin","key_sequence_process_with_context","zhongdengchangdu","51","16","5484.500","342.781","16416768","16416768","unavailable","17522688","6840320","6840320","unavailable","6840320","6840320","8593408"
"librime-1.17.0","track-a-comparison","luna_pinyin","key_sequence_process_with_context","zhongdengchangdu","52","16","5521.500","345.094","16416768","16416768","unavailable","17522688","6840320","6840320","unavailable","6840320","6840320","8593408"
"librime-1.17.0","track-a-comparison","luna_pinyin","key_sequence_process_with_context","zhongdengchangdu","53","16","5507.300","344.206","16416768","16416768","unavailable","17522688","6840320","6840320","unavailable","6840320","6840320","8593408"
"librime-1.17.0","track-a-comparison","luna_pinyin","key_sequence_process_with_context","zhongdengchangdu","54","16","5510.700","344.419","16416768","16416768","unavailable","17522688","6840320","6840320","unavailable","6840320","6840320","8593408"
"librime-1.17.0","track-a-comparison","luna_pinyin","key_sequence_process_with_context","zhongdengchangdu","55","16","5570.300","348.144","16416768","16416768","unavailable","17522688","6840320","6840320","unavailable","6840320","6840320","8593408"
"librime-1.17.0","track-a-comparison","luna_pinyin","key_sequence_process_with_context","zhongdengchangdu","56","16","5505.000","344.062","16416768","16416768","unavailable","17522688","6840320","6840320","unavailable","6840320","6840320","8593408"
"librime-1.17.0","track-a-comparison","luna_pinyin","key_sequence_process_with_context","zhongdengchangdu","57","16","5511.500","344.469","16416768","16416768","unavailable","17522688","6840320","6840320","unavailable","6840320","6840320","8593408"
"librime-1.17.0","track-a-comparison","luna_pinyin","key_sequence_process_with_context","zhongdengchangdu","58","16","6148.100","384.256","16416768","16416768","unavailable","17522688","6840320","6840320","unavailable","6840320","6840320","8593408"
"librime-1.17.0","track-a-comparison","luna_pinyin","key_sequence_process_with_context","zhongdengchangdu","59","16","5498.100","343.631","16416768","16416768","unavailable","17522688","6840320","6840320","unavailable","6840320","6840320","8593408"
"librime-1.17.0","track-a-comparison","luna_pinyin","key_sequence_process_with_context","zhongdengchangdu","60","16","5581.200","348.825","16416768","16416768","unavailable","17522688","6840320","6840320","unavailable","6840320","6840320","8593408"
"librime-1.17.0","track-a-comparison","luna_pinyin","key_sequence_process_with_context","zhongdengchangdu","61","16","5707.000","356.688","16416768","16416768","unavailable","17522688","6840320","6840320","unavailable","6840320","6840320","8593408"
"librime-1.17.0","track-a-comparison","luna_pinyin","key_sequence_process_with_context","zhongdengchangdu","62","16","5737.400","358.588","16416768","16416768","unavailable","17522688","6840320","6840320","unavailable","6840320","6840320","8593408"
"librime-1.17.0","track-a-comparison","luna_pinyin","key_sequence_process_with_context","zhongdengchangdu","63","16","5618.800","351.175","16416768","16416768","unavailable","17522688","6840320","6840320","unavailable","6840320","6840320","8593408"
"librime-1.17.0","track-a-comparison","luna_pinyin","key_sequence_process_with_context","zhongdengchangdu","64","16","6411.400","400.713","16416768","16416768","unavailable","17522688","6840320","6840320","unavailable","6840320","6840320","8593408"
"librime-1.17.0","track-a-comparison","luna_pinyin","key_sequence_process_with_context","zhongdengchangdu","65","16","5591.600","349.475","16416768","16416768","unavailable","17522688","6840320","6840320","unavailable","6840320","6840320","8593408"
"librime-1.17.0","track-a-comparison","luna_pinyin","key_sequence_process_with_context","zhongdengchangdu","66","16","5546.400","346.650","16416768","16416768","unavailable","17522688","6840320","6840320","unavailable","6840320","6840320","8593408"
"librime-1.17.0","track-a-comparison","luna_pinyin","key_sequence_process_with_context","zhongdengchangdu","67","16","5661.700","353.856","16416768","16416768","unavailable","17522688","6840320","6840320","unavailable","6840320","6840320","8593408"
"librime-1.17.0","track-a-comparison","luna_pinyin","key_sequence_process_with_context","zhongdengchangdu","68","16","5673.800","354.612","16416768","16416768","unavailable","17522688","6840320","6840320","unavailable","6840320","6840320","8593408"
"librime-1.17.0","track-a-comparison","luna_pinyin","key_sequence_process_with_context","zhongdengchangdu","69","16","5572.200","348.262","16416768","16416768","unavailable","17522688","6840320","6840320","unavailable","6840320","6840320","8593408"
"librime-1.17.0","track-a-comparison","luna_pinyin","key_sequence_process_with_context","zhongdengchangdu","70","16","5589.200","349.325","16416768","16416768","unavailable","17522688","6840320","6840320","unavailable","6840320","6840320","8593408"
"librime-1.17.0","track-a-comparison","luna_pinyin","key_sequence_process_with_context","zhongdengchangdu","71","16","5564.500","347.781","16416768","16416768","unavailable","17522688","6840320","6840320","unavailable","6840320","6840320","8593408"
"librime-1.17.0","track-a-comparison","luna_pinyin","key_sequence_process_with_context","zhongdengchangdu","72","16","5578.700","348.669","16416768","16416768","unavailable","17522688","6840320","6840320","unavailable","6840320","6840320","8593408"
"librime-1.17.0","track-a-comparison","luna_pinyin","key_sequence_process_with_context","zhongdengchangdu","73","16","5602.500","350.156","16416768","16416768","unavailable","17522688","6840320","6840320","unavailable","6840320","6840320","8593408"
"librime-1.17.0","track-a-comparison","luna_pinyin","key_sequence_process_with_context","zhongdengchangdu","74","16","5552.600","347.038","16416768","16416768","unavailable","17522688","6840320","6840320","unavailable","6840320","6840320","8593408"
"librime-1.17.0","track-a-comparison","luna_pinyin","key_sequence_process_with_context","zhongdengchangdu","75","16","5565.300","347.831","16416768","16416768","unavailable","17522688","6840320","6840320","unavailable","6840320","6840320","8593408"
"librime-1.17.0","track-a-comparison","luna_pinyin","key_sequence_process_with_context","zhongdengchangdu","76","16","5598.500","349.906","16416768","16416768","unavailable","17522688","6840320","6840320","unavailable","6840320","6840320","8593408"
"librime-1.17.0","track-a-comparison","luna_pinyin","key_sequence_process_with_context","zhongdengchangdu","77","16","5558.800","347.425","16416768","16416768","unavailable","17522688","6840320","6840320","unavailable","6840320","6840320","8593408"
"librime-1.17.0","track-a-comparison","luna_pinyin","key_sequence_process_with_context","zhongdengchangdu","78","16","5562.000","347.625","16416768","16416768","unavailable","17522688","6840320","6840320","unavailable","6840320","6840320","8593408"
"librime-1.17.0","track-a-comparison","luna_pinyin","key_sequence_process_with_context","zhongdengchangdu","79","16","5568.100","348.006","16416768","16416768","unavailable","17522688","6840320","6840320","unavailable","6840320","6840320","8593408"
"librime-1.17.0","track-a-comparison","luna_pinyin","key_sequence_process_with_context","dazisudu","0","8","367.400","45.925","16039936","16039936","unavailable","17522688","8105984","8105984","unavailable","8105984","8105984","8593408"
"librime-1.17.0","track-a-comparison","luna_pinyin","key_sequence_process_with_context","dazisudu","1","8","354.600","44.325","16039936","16039936","unavailable","17522688","8105984","8105984","unavailable","8105984","8105984","8593408"
"librime-1.17.0","track-a-comparison","luna_pinyin","key_sequence_process_with_context","dazisudu","2","8","356.200","44.525","16039936","16039936","unavailable","17522688","8105984","8105984","unavailable","8105984","8105984","8593408"
"librime-1.17.0","track-a-comparison","luna_pinyin","key_sequence_process_with_context","dazisudu","3","8","356.900","44.612","16039936","16039936","unavailable","17522688","8105984","8105984","unavailable","8105984","8105984","8593408"
"librime-1.17.0","track-a-comparison","luna_pinyin","key_sequence_process_with_context","dazisudu","4","8","353.000","44.125","16039936","16039936","unavailable","17522688","8105984","8105984","unavailable","8105984","8105984","8593408"
"librime-1.17.0","track-a-comparison","luna_pinyin","key_sequence_process_with_context","dazisudu","5","8","363.500","45.438","16039936","16039936","unavailable","17522688","8105984","8105984","unavailable","8105984","8105984","8593408"
"librime-1.17.0","track-a-comparison","luna_pinyin","key_sequence_process_with_context","dazisudu","6","8","357.900","44.738","16039936","16039936","unavailable","17522688","8105984","8105984","unavailable","8105984","8105984","8593408"
"librime-1.17.0","track-a-comparison","luna_pinyin","key_sequence_process_with_context","dazisudu","7","8","352.400","44.050","16039936","16039936","unavailable","17522688","8105984","8105984","unavailable","8105984","8105984","8593408"
"librime-1.17.0","track-a-comparison","luna_pinyin","key_sequence_process_with_context","dazisudu","8","8","354.500","44.312","16039936","16039936","unavailable","17522688","8105984","8105984","unavailable","8105984","8105984","8593408"
"librime-1.17.0","track-a-comparison","luna_pinyin","key_sequence_process_with_context","dazisudu","9","8","373.000","46.625","16039936","16039936","unavailable","17522688","8105984","8105984","unavailable","8105984","8105984","8593408"
"librime-1.17.0","track-a-comparison","luna_pinyin","key_sequence_process_with_context","dazisudu","10","8","376.900","47.112","16039936","16039936","unavailable","17522688","8105984","8105984","unavailable","8105984","8105984","8593408"
"librime-1.17.0","track-a-comparison","luna_pinyin","key_sequence_process_with_context","dazisudu","11","8","359.600","44.950","16039936","16039936","unavailable","17522688","8105984","8105984","unavailable","8105984","8105984","8593408"
"librime-1.17.0","track-a-comparison","luna_pinyin","key_sequence_process_with_context","dazisudu","12","8","355.900","44.487","16039936","16039936","unavailable","17522688","8105984","8105984","unavailable","8105984","8105984","8593408"
"librime-1.17.0","track-a-comparison","luna_pinyin","key_sequence_process_with_context","dazisudu","13","8","356.600","44.575","16039936","16039936","unavailable","17522688","8105984","8105984","unavailable","8105984","8105984","8593408"
"librime-1.17.0","track-a-comparison","luna_pinyin","key_sequence_process_with_context","dazisudu","14","8","355.900","44.487","16039936","16039936","unavailable","17522688","8105984","8105984","unavailable","8105984","8105984","8593408"
"librime-1.17.0","track-a-comparison","luna_pinyin","key_sequence_process_with_context","dazisudu","15","8","359.400","44.925","16039936","16039936","unavailable","17522688","8105984","8105984","unavailable","8105984","8105984","8593408"
"librime-1.17.0","track-a-comparison","luna_pinyin","key_sequence_process_with_context","dazisudu","16","8","364.900","45.612","16039936","16039936","unavailable","17522688","8105984","8105984","unavailable","8105984","8105984","8593408"
"librime-1.17.0","track-a-comparison","luna_pinyin","key_sequence_process_with_context","dazisudu","17","8","357.400","44.675","16039936","16039936","unavailable","17522688","8105984","8105984","unavailable","8105984","8105984","8593408"
"librime-1.17.0","track-a-comparison","luna_pinyin","key_sequence_process_with_context","dazisudu","18","8","355.500","44.438","16039936","16039936","unavailable","17522688","8105984","8105984","unavailable","8105984","8105984","8593408"
"librime-1.17.0","track-a-comparison","luna_pinyin","key_sequence_process_with_context","dazisudu","19","8","355.200","44.400","16039936","16039936","unavailable","17522688","8105984","8105984","unavailable","8105984","8105984","8593408"
"librime-1.17.0","track-a-comparison","luna_pinyin","key_sequence_process_with_context","dazisudu","20","8","355.100","44.388","16039936","16039936","unavailable","17522688","8105984","8105984","unavailable","8105984","8105984","8593408"
"librime-1.17.0","track-a-comparison","luna_pinyin","key_sequence_process_with_context","dazisudu","21","8","376.700","47.087","16039936","16039936","unavailable","17522688","8105984","8105984","unavailable","8105984","8105984","8593408"
"librime-1.17.0","track-a-comparison","luna_pinyin","key_sequence_process_with_context","dazisudu","22","8","469.800","58.725","16039936","16039936","unavailable","17522688","8105984","8105984","unavailable","8105984","8105984","8593408"
"librime-1.17.0","track-a-comparison","luna_pinyin","key_sequence_process_with_context","dazisudu","23","8","381.400","47.675","16039936","16039936","unavailable","17522688","8105984","8105984","unavailable","8105984","8105984","8593408"
"librime-1.17.0","track-a-comparison","luna_pinyin","key_sequence_process_with_context","dazisudu","24","8","369.300","46.162","16039936","16039936","unavailable","17522688","8105984","8105984","unavailable","8105984","8105984","8593408"
"librime-1.17.0","track-a-comparison","luna_pinyin","key_sequence_process_with_context","dazisudu","25","8","363.900","45.488","16039936","16039936","unavailable","17522688","8105984","8105984","unavailable","8105984","8105984","8593408"
"librime-1.17.0","track-a-comparison","luna_pinyin","key_sequence_process_with_context","dazisudu","26","8","503.600","62.950","16039936","16039936","unavailable","17522688","8105984","8105984","unavailable","8105984","8105984","8593408"
"librime-1.17.0","track-a-comparison","luna_pinyin","key_sequence_process_with_context","dazisudu","27","8","738.500","92.312","16039936","16039936","unavailable","17522688","8105984","8105984","unavailable","8105984","8105984","8593408"
"librime-1.17.0","track-a-comparison","luna_pinyin","key_sequence_process_with_context","dazisudu","28","8","393.700","49.212","16039936","16039936","unavailable","17522688","8105984","8105984","unavailable","8105984","8105984","8593408"
"librime-1.17.0","track-a-comparison","luna_pinyin","key_sequence_process_with_context","dazisudu","29","8","363.800","45.475","16039936","16039936","unavailable","17522688","8105984","8105984","unavailable","8105984","8105984","8593408"
"librime-1.17.0","track-a-comparison","luna_pinyin","key_sequence_process_with_context","dazisudu","30","8","353.300","44.163","16039936","16039936","unavailable","17522688","8105984","8105984","unavailable","8105984","8105984","8593408"
"librime-1.17.0","track-a-comparison","luna_pinyin","key_sequence_process_with_context","dazisudu","31","8","354.100","44.262","16039936","16039936","unavailable","17522688","8105984","8105984","unavailable","8105984","8105984","8593408"
"librime-1.17.0","track-a-comparison","luna_pinyin","key_sequence_process_with_context","dazisudu","32","8","352.100","44.012","16039936","16039936","unavailable","17522688","8105984","8105984","unavailable","8105984","8105984","8593408"
"librime-1.17.0","track-a-comparison","luna_pinyin","key_sequence_process_with_context","dazisudu","33","8","351.800","43.975","16039936","16039936","unavailable","17522688","8105984","8105984","unavailable","8105984","8105984","8593408"
"librime-1.17.0","track-a-comparison","luna_pinyin","key_sequence_process_with_context","dazisudu","34","8","351.400","43.925","16039936","16039936","unavailable","17522688","8105984","8105984","unavailable","8105984","8105984","8593408"
"librime-1.17.0","track-a-comparison","luna_pinyin","key_sequence_process_with_context","dazisudu","35","8","361.100","45.138","16039936","16039936","unavailable","17522688","8105984","8105984","unavailable","8105984","8105984","8593408"
"librime-1.17.0","track-a-comparison","luna_pinyin","key_sequence_process_with_context","dazisudu","36","8","354.900","44.363","16039936","16039936","unavailable","17522688","8105984","8105984","unavailable","8105984","8105984","8593408"
"librime-1.17.0","track-a-comparison","luna_pinyin","key_sequence_process_with_context","dazisudu","37","8","353.500","44.188","16039936","16039936","unavailable","17522688","8105984","8105984","unavailable","8105984","8105984","8593408"
"librime-1.17.0","track-a-comparison","luna_pinyin","key_sequence_process_with_context","dazisudu","38","8","353.400","44.175","16039936","16039936","unavailable","17522688","8105984","8105984","unavailable","8105984","8105984","8593408"
"librime-1.17.0","track-a-comparison","luna_pinyin","key_sequence_process_with_context","dazisudu","39","8","354.500","44.312","16039936","16039936","unavailable","17522688","8105984","8105984","unavailable","8105984","8105984","8593408"
"librime-1.17.0","track-a-comparison","luna_pinyin","key_sequence_process_with_context","dazisudu","40","8","361.400","45.175","16039936","16039936","unavailable","17522688","8105984","8105984","unavailable","8105984","8105984","8593408"
"librime-1.17.0","track-a-comparison","luna_pinyin","key_sequence_process_with_context","dazisudu","41","8","355.400","44.425","16039936","16039936","unavailable","17522688","8105984","8105984","unavailable","8105984","8105984","8593408"
"librime-1.17.0","track-a-comparison","luna_pinyin","key_sequence_process_with_context","dazisudu","42","8","354.500","44.312","16039936","16039936","unavailable","17522688","8105984","8105984","unavailable","8105984","8105984","8593408"
"librime-1.17.0","track-a-comparison","luna_pinyin","key_sequence_process_with_context","dazisudu","43","8","355.400","44.425","16039936","16039936","unavailable","17522688","8105984","8105984","unavailable","8105984","8105984","8593408"
"librime-1.17.0","track-a-comparison","luna_pinyin","key_sequence_process_with_context","dazisudu","44","8","353.600","44.200","16039936","16039936","unavailable","17522688","8105984","8105984","unavailable","8105984","8105984","8593408"
"librime-1.17.0","track-a-comparison","luna_pinyin","key_sequence_process_with_context","dazisudu","45","8","361.700","45.212","16039936","16039936","unavailable","17522688","8105984","8105984","unavailable","8105984","8105984","8593408"
"librime-1.17.0","track-a-comparison","luna_pinyin","key_sequence_process_with_context","dazisudu","46","8","354.700","44.337","16039936","16039936","unavailable","17522688","8105984","8105984","unavailable","8105984","8105984","8593408"
"librime-1.17.0","track-a-comparison","luna_pinyin","key_sequence_process_with_context","dazisudu","47","8","354.000","44.250","16039936","16039936","unavailable","17522688","8105984","8105984","unavailable","8105984","8105984","8593408"
"librime-1.17.0","track-a-comparison","luna_pinyin","key_sequence_process_with_context","dazisudu","48","8","354.300","44.288","16039936","16039936","unavailable","17522688","8105984","8105984","unavailable","8105984","8105984","8593408"
"librime-1.17.0","track-a-comparison","luna_pinyin","key_sequence_process_with_context","dazisudu","49","8","361.400","45.175","16039936","16039936","unavailable","17522688","8105984","8105984","unavailable","8105984","8105984","8593408"
"librime-1.17.0","track-a-comparison","luna_pinyin","key_sequence_process_with_context","dazisudu","50","8","355.100","44.388","16039936","16039936","unavailable","17522688","8105984","8105984","unavailable","8105984","8105984","8593408"
"librime-1.17.0","track-a-comparison","luna_pinyin","key_sequence_process_with_context","dazisudu","51","8","356.900","44.612","16039936","16039936","unavailable","17522688","8105984","8105984","unavailable","8105984","8105984","8593408"
"librime-1.17.0","track-a-comparison","luna_pinyin","key_sequence_process_with_context","dazisudu","52","8","355.800","44.475","16039936","16039936","unavailable","17522688","8105984","8105984","unavailable","8105984","8105984","8593408"
"librime-1.17.0","track-a-comparison","luna_pinyin","key_sequence_process_with_context","dazisudu","53","8","355.800","44.475","16039936","16039936","unavailable","17522688","8105984","8105984","unavailable","8105984","8105984","8593408"
"librime-1.17.0","track-a-comparison","luna_pinyin","key_sequence_process_with_context","dazisudu","54","8","362.800","45.350","16039936","16039936","unavailable","17522688","8105984","8105984","unavailable","8105984","8105984","8593408"
"librime-1.17.0","track-a-comparison","luna_pinyin","key_sequence_process_with_context","dazisudu","55","8","356.100","44.512","16039936","16039936","unavailable","17522688","8105984","8105984","unavailable","8105984","8105984","8593408"
"librime-1.17.0","track-a-comparison","luna_pinyin","key_sequence_process_with_context","dazisudu","56","8","356.000","44.500","16039936","16039936","unavailable","17522688","8105984","8105984","unavailable","8105984","8105984","8593408"
"librime-1.17.0","track-a-comparison","luna_pinyin","key_sequence_process_with_context","dazisudu","57","8","355.400","44.425","16039936","16039936","unavailable","17522688","8105984","8105984","unavailable","8105984","8105984","8593408"
"librime-1.17.0","track-a-comparison","luna_pinyin","key_sequence_process_with_context","dazisudu","58","8","354.200","44.275","16039936","16039936","unavailable","17522688","8105984","8105984","unavailable","8105984","8105984","8593408"
"librime-1.17.0","track-a-comparison","luna_pinyin","key_sequence_process_with_context","dazisudu","59","8","355.300","44.413","16039936","16039936","unavailable","17522688","8105984","8105984","unavailable","8105984","8105984","8593408"
"librime-1.17.0","track-a-comparison","luna_pinyin","key_sequence_process_with_context","dazisudu","60","8","363.300","45.413","16039936","16039936","unavailable","17522688","8105984","8105984","unavailable","8105984","8105984","8593408"
"librime-1.17.0","track-a-comparison","luna_pinyin","key_sequence_process_with_context","dazisudu","61","8","357.000","44.625","16039936","16039936","unavailable","17522688","8105984","8105984","unavailable","8105984","8105984","8593408"
"librime-1.17.0","track-a-comparison","luna_pinyin","key_sequence_process_with_context","dazisudu","62","8","353.600","44.200","16039936","16039936","unavailable","17522688","8105984","8105984","unavailable","8105984","8105984","8593408"
"librime-1.17.0","track-a-comparison","luna_pinyin","key_sequence_process_with_context","dazisudu","63","8","361.600","45.200","16039936","16039936","unavailable","17522688","8105984","8105984","unavailable","8105984","8105984","8593408"
"librime-1.17.0","track-a-comparison","luna_pinyin","key_sequence_process_with_context","dazisudu","64","8","354.800","44.350","16039936","16039936","unavailable","17522688","8105984","8105984","unavailable","8105984","8105984","8593408"
"librime-1.17.0","track-a-comparison","luna_pinyin","key_sequence_process_with_context","dazisudu","65","8","355.000","44.375","16039936","16039936","unavailable","17522688","8105984","8105984","unavailable","8105984","8105984","8593408"
"librime-1.17.0","track-a-comparison","luna_pinyin","key_sequence_process_with_context","dazisudu","66","8","363.800","45.475","16039936","16039936","unavailable","17522688","8105984","8105984","unavailable","8105984","8105984","8593408"
"librime-1.17.0","track-a-comparison","luna_pinyin","key_sequence_process_with_context","dazisudu","67","8","355.600","44.450","16039936","16039936","unavailable","17522688","8105984","8105984","unavailable","8105984","8105984","8593408"
"librime-1.17.0","track-a-comparison","luna_pinyin","key_sequence_process_with_context","dazisudu","68","8","356.400","44.550","16039936","16039936","unavailable","17522688","8105984","8105984","unavailable","8105984","8105984","8593408"
"librime-1.17.0","track-a-comparison","luna_pinyin","key_sequence_process_with_context","dazisudu","69","8","355.200","44.400","16039936","16039936","unavailable","17522688","8105984","8105984","unavailable","8105984","8105984","8593408"
"librime-1.17.0","track-a-comparison","luna_pinyin","key_sequence_process_with_context","dazisudu","70","8","362.000","45.250","16039936","16039936","unavailable","17522688","8105984","8105984","unavailable","8105984","8105984","8593408"
"librime-1.17.0","track-a-comparison","luna_pinyin","key_sequence_process_with_context","dazisudu","71","8","356.200","44.525","16039936","16039936","unavailable","17522688","8105984","8105984","unavailable","8105984","8105984","8593408"
"librime-1.17.0","track-a-comparison","luna_pinyin","key_sequence_process_with_context","dazisudu","72","8","357.400","44.675","16039936","16039936","unavailable","17522688","8105984","8105984","unavailable","8105984","8105984","8593408"
"librime-1.17.0","track-a-comparison","luna_pinyin","key_sequence_process_with_context","dazisudu","73","8","355.000","44.375","16039936","16039936","unavailable","17522688","8105984","8105984","unavailable","8105984","8105984","8593408"
"librime-1.17.0","track-a-comparison","luna_pinyin","key_sequence_process_with_context","dazisudu","74","8","356.500","44.562","16039936","16039936","unavailable","17522688","8105984","8105984","unavailable","8105984","8105984","8593408"
"librime-1.17.0","track-a-comparison","luna_pinyin","key_sequence_process_with_context","dazisudu","75","8","355.500","44.438","16039936","16039936","unavailable","17522688","8105984","8105984","unavailable","8105984","8105984","8593408"
"librime-1.17.0","track-a-comparison","luna_pinyin","key_sequence_process_with_context","dazisudu","76","8","363.900","45.488","16039936","16039936","unavailable","17522688","8105984","8105984","unavailable","8105984","8105984","8593408"
"librime-1.17.0","track-a-comparison","luna_pinyin","key_sequence_process_with_context","dazisudu","77","8","354.600","44.325","16039936","16039936","unavailable","17522688","8105984","8105984","unavailable","8105984","8105984","8593408"
"librime-1.17.0","track-a-comparison","luna_pinyin","key_sequence_process_with_context","dazisudu","78","8","354.700","44.337","16039936","16039936","unavailable","17522688","8105984","8105984","unavailable","8105984","8105984","8593408"
"librime-1.17.0","track-a-comparison","luna_pinyin","key_sequence_process_with_context","dazisudu","79","8","356.900","44.612","16039936","16039936","unavailable","17522688","8105984","8105984","unavailable","8105984","8105984","8593408"
"yune","track-a-comparison","luna_pinyin","startup_warm_shared_assets_runtime_ready","","0","1","2982514.800","2982514.800","4149248","102256640","98500608","153944064","675840","91668480","88268800","91668480","91668480","175140864"
"yune","track-a-comparison","luna_pinyin","startup_warm_shared_assets_runtime_ready","","1","1","24227.400","24227.400","98521088","100601856","97927168","153944064","88268800","89235456","87539712","89235456","89235456","175140864"
"yune","track-a-comparison","luna_pinyin","startup_warm_shared_assets_runtime_ready","","2","1","22720.500","22720.500","97927168","100876288","97800192","153944064","87552000","89796608","87269376","89796608","89796608","175140864"
"yune","track-a-comparison","luna_pinyin","startup_warm_shared_assets_runtime_ready","","3","1","23015.900","23015.900","97800192","100737024","97792000","153944064","87482368","89595904","88064000","89595904","89595904","175140864"
"yune","track-a-comparison","luna_pinyin","startup_warm_shared_assets_runtime_ready","","4","1","23092.800","23092.800","97792000","100962304","97918976","153944064","88064000","90476544","86491136","90476544","90476544","175140864"
"yune","track-a-comparison","luna_pinyin","startup_warm_shared_assets_runtime_ready","","5","1","23468.500","23468.500","97918976","100741120","97947648","153944064","86491136","89374720","87298048","89374720","89374720","175140864"
"yune","track-a-comparison","luna_pinyin","startup_warm_shared_assets_runtime_ready","","6","1","23553.200","23553.200","97972224","100810752","97943552","153944064","87347200","89526272","87060480","89526272","89526272","175140864"
"yune","track-a-comparison","luna_pinyin","startup_warm_shared_assets_runtime_ready","","7","1","22859.300","22859.300","97947648","100663296","97980416","153944064","87060480","89235456","87154688","89235456","89235456","175140864"
"yune","track-a-comparison","luna_pinyin","startup_warm_shared_assets_runtime_ready","","8","1","22777.600","22777.600","97984512","100646912","97992704","153944064","87154688","89235456","87072768","89235456","89235456","175140864"
"yune","track-a-comparison","luna_pinyin","session_create_select_destroy","","0","1","23086.600","23086.600","97992704","97959936","unavailable","153944064","87072768","87240704","unavailable","87240704","87240704","175140864"
"yune","track-a-comparison","luna_pinyin","session_create_select_destroy","","1","1","23029.900","23029.900","97964032","98004992","unavailable","153944064","87240704","87252992","unavailable","87252992","87252992","175140864"
"yune","track-a-comparison","luna_pinyin","session_create_select_destroy","","2","1","22873.800","22873.800","98009088","98037760","unavailable","153944064","87252992","87212032","unavailable","87212032","87212032","175140864"
"yune","track-a-comparison","luna_pinyin","session_create_select_destroy","","3","1","23013.100","23013.100","98037760","97996800","unavailable","153944064","87212032","87224320","unavailable","87224320","87224320","175140864"
"yune","track-a-comparison","luna_pinyin","session_create_select_destroy","","4","1","23188.200","23188.200","97996800","98000896","unavailable","153944064","87224320","87175168","unavailable","87175168","87175168","175140864"
"yune","track-a-comparison","luna_pinyin","session_create_select_destroy","","5","1","23309.500","23309.500","98000896","98029568","unavailable","153944064","87175168","87265280","unavailable","87265280","87265280","175140864"
"yune","track-a-comparison","luna_pinyin","session_create_select_destroy","","6","1","24812.400","24812.400","98029568","98172928","unavailable","153944064","87265280","87269376","unavailable","87269376","87269376","175140864"
"yune","track-a-comparison","luna_pinyin","session_create_select_destroy","","7","1","25175.700","25175.700","98172928","98074624","unavailable","153944064","87269376","87281664","unavailable","87281664","87281664","175140864"
"yune","track-a-comparison","luna_pinyin","session_create_select_destroy","","8","1","24811.400","24811.400","98074624","98119680","unavailable","153944064","87281664","87334912","unavailable","87334912","87334912","175140864"
"yune","track-a-comparison","luna_pinyin","session_create_select_destroy","","9","1","25409.900","25409.900","98119680","98181120","unavailable","153944064","87334912","87461888","unavailable","87461888","87461888","175140864"
"yune","track-a-comparison","luna_pinyin","session_create_select_destroy","","10","1","23671.100","23671.100","98181120","98181120","unavailable","153944064","87461888","87990272","unavailable","87990272","87990272","175140864"
"yune","track-a-comparison","luna_pinyin","session_create_select_destroy","","11","1","23795.900","23795.900","98181120","98172928","unavailable","153944064","87990272","87408640","unavailable","87408640","87408640","175140864"
"yune","track-a-comparison","luna_pinyin","session_create_select_destroy","","12","1","23885.300","23885.300","98172928","98181120","unavailable","153944064","87408640","87654400","unavailable","87654400","87654400","175140864"
"yune","track-a-comparison","luna_pinyin","session_create_select_destroy","","13","1","23586.700","23586.700","98181120","98107392","unavailable","153944064","87654400","87248896","unavailable","87248896","87248896","175140864"
"yune","track-a-comparison","luna_pinyin","session_create_select_destroy","","14","1","23167.800","23167.800","98107392","98222080","unavailable","153944064","87248896","87044096","unavailable","87044096","87044096","175140864"
"yune","track-a-comparison","luna_pinyin","session_create_select_destroy","","15","1","23269.400","23269.400","98222080","98295808","unavailable","153944064","87044096","87375872","unavailable","87375872","87375872","175140864"
"yune","track-a-comparison","luna_pinyin","session_create_select_destroy","","16","1","23210.200","23210.200","98295808","98242560","unavailable","153944064","87375872","87445504","unavailable","87445504","87445504","175140864"
"yune","track-a-comparison","luna_pinyin","session_create_select_destroy","","17","1","23092.500","23092.500","98242560","98304000","unavailable","153944064","87445504","87511040","unavailable","87511040","87511040","175140864"
"yune","track-a-comparison","luna_pinyin","session_create_select_destroy","","18","1","23151.500","23151.500","98304000","98250752","unavailable","153944064","87511040","87453696","unavailable","87453696","87453696","175140864"
"yune","track-a-comparison","luna_pinyin","session_create_select_destroy","","19","1","23166.100","23166.100","98250752","98254848","unavailable","153944064","87453696","88608768","unavailable","88608768","88608768","175140864"
"yune","track-a-comparison","luna_pinyin","session_create_select_destroy","","20","1","23188.100","23188.100","98254848","98197504","unavailable","153944064","88608768","87396352","unavailable","87396352","87396352","175140864"
"yune","track-a-comparison","luna_pinyin","session_create_select_destroy","","21","1","23091.100","23091.100","98197504","98312192","unavailable","153944064","87396352","88367104","unavailable","88367104","88367104","175140864"
"yune","track-a-comparison","luna_pinyin","session_create_select_destroy","","22","1","22984.800","22984.800","98422784","98336768","unavailable","153944064","88563712","87654400","unavailable","87654400","87654400","175140864"
"yune","track-a-comparison","luna_pinyin","session_create_select_destroy","","23","1","22784.200","22784.200","98336768","98217984","unavailable","153944064","87654400","87416832","unavailable","87416832","87416832","175140864"
"yune","track-a-comparison","luna_pinyin","session_create_select_destroy","","24","1","22929.700","22929.700","98234368","98340864","unavailable","153944064","87416832","87142400","unavailable","87142400","87142400","175140864"
"yune","track-a-comparison","luna_pinyin","session_create_select_destroy","","25","1","23983.400","23983.400","98340864","98344960","unavailable","153944064","87142400","87162880","unavailable","87162880","87162880","175140864"
"yune","track-a-comparison","luna_pinyin","session_create_select_destroy","","26","1","22906.800","22906.800","98344960","98394112","unavailable","153944064","87162880","87638016","unavailable","87638016","87638016","175140864"
"yune","track-a-comparison","luna_pinyin","session_create_select_destroy","","27","1","22735.800","22735.800","98394112","98463744","unavailable","153944064","87638016","88596480","unavailable","88596480","88596480","175140864"
"yune","track-a-comparison","luna_pinyin","session_create_select_destroy","","28","1","23070.100","23070.100","98467840","98463744","unavailable","153944064","88596480","87773184","unavailable","87773184","87773184","175140864"
"yune","track-a-comparison","luna_pinyin","session_create_select_destroy","","29","1","22842.700","22842.700","98463744","98435072","unavailable","153944064","87773184","88465408","unavailable","88465408","88465408","175140864"
"yune","track-a-comparison","luna_pinyin","session_create_select_destroy","","30","1","22786.100","22786.100","98435072","98533376","unavailable","153944064","88465408","87777280","unavailable","87777280","87777280","175140864"
"yune","track-a-comparison","luna_pinyin","session_create_select_destroy","","31","1","22820.300","22820.300","98533376","98488320","unavailable","153944064","87777280","87588864","unavailable","87588864","87588864","175140864"
"yune","track-a-comparison","luna_pinyin","session_create_select_destroy","","32","1","22923.500","22923.500","98488320","98529280","unavailable","153944064","87588864","88436736","unavailable","88436736","88436736","175140864"
"yune","track-a-comparison","luna_pinyin","session_create_select_destroy","","33","1","22964.500","22964.500","98529280","98492416","unavailable","153944064","88436736","87711744","unavailable","87711744","87711744","175140864"
"yune","track-a-comparison","luna_pinyin","session_create_select_destroy","","34","1","23030.500","23030.500","98496512","98500608","unavailable","153944064","87711744","87859200","unavailable","87859200","87859200","175140864"
"yune","track-a-comparison","luna_pinyin","session_create_select_destroy","","35","1","23202.700","23202.700","98500608","98570240","unavailable","153944064","87859200","87814144","unavailable","87814144","87814144","175140864"
"yune","track-a-comparison","luna_pinyin","session_create_select_destroy","","36","1","23693.100","23693.100","98574336","98553856","unavailable","153944064","87814144","88010752","unavailable","88010752","88010752","175140864"
"yune","track-a-comparison","luna_pinyin","session_create_select_destroy","","37","1","23828.700","23828.700","98557952","98578432","unavailable","153944064","88010752","87785472","unavailable","87785472","87785472","175140864"
"yune","track-a-comparison","luna_pinyin","session_create_select_destroy","","38","1","24011.300","24011.300","98582528","98570240","unavailable","153944064","87785472","87654400","unavailable","87654400","87654400","175140864"
"yune","track-a-comparison","luna_pinyin","session_create_select_destroy","","39","1","25898.300","25898.300","98574336","98545664","unavailable","153944064","87654400","87814144","unavailable","87814144","87814144","175140864"
"yune","track-a-comparison","luna_pinyin","session_create_select_destroy","","40","1","24532.400","24532.400","98545664","98574336","unavailable","153944064","87814144","87728128","unavailable","87728128","87728128","175140864"
"yune","track-a-comparison","luna_pinyin","session_create_select_destroy","","41","1","25301.500","25301.500","98578432","98598912","unavailable","153944064","87728128","87793664","unavailable","87793664","87793664","175140864"
"yune","track-a-comparison","luna_pinyin","session_create_select_destroy","","42","1","24126.500","24126.500","98598912","98582528","unavailable","153944064","87793664","87949312","unavailable","87949312","87949312","175140864"
"yune","track-a-comparison","luna_pinyin","session_create_select_destroy","","43","1","23916.500","23916.500","98586624","98635776","unavailable","153944064","87949312","87887872","unavailable","87887872","87887872","175140864"
"yune","track-a-comparison","luna_pinyin","session_create_select_destroy","","44","1","23537.400","23537.400","98635776","98693120","unavailable","153944064","87887872","88203264","unavailable","88203264","88203264","175140864"
"yune","track-a-comparison","luna_pinyin","session_create_select_destroy","","45","1","23374.200","23374.200","98697216","98656256","unavailable","153944064","88203264","87945216","unavailable","87945216","87945216","175140864"
"yune","track-a-comparison","luna_pinyin","session_create_select_destroy","","46","1","23041.200","23041.200","98660352","98598912","unavailable","153944064","87945216","87912448","unavailable","87912448","87912448","175140864"
"yune","track-a-comparison","luna_pinyin","session_create_select_destroy","","47","1","24560.500","24560.500","98603008","98713600","unavailable","153944064","87912448","87846912","unavailable","87846912","87846912","175140864"
"yune","track-a-comparison","luna_pinyin","session_create_select_destroy","","48","1","23753.900","23753.900","98717696","98615296","unavailable","153944064","87846912","87756800","unavailable","87756800","87756800","175140864"
"yune","track-a-comparison","luna_pinyin","session_create_select_destroy","","49","1","23499.500","23499.500","98615296","98643968","unavailable","153944064","87756800","88104960","unavailable","88104960","88104960","175140864"
"yune","track-a-comparison","luna_pinyin","session_create_select_destroy","","50","1","23722.100","23722.100","98648064","98709504","unavailable","153944064","88104960","87846912","unavailable","87846912","87846912","175140864"
"yune","track-a-comparison","luna_pinyin","session_create_select_destroy","","51","1","23445.000","23445.000","98709504","98713600","unavailable","153944064","87846912","87982080","unavailable","87982080","87982080","175140864"
"yune","track-a-comparison","luna_pinyin","session_create_select_destroy","","52","1","23866.900","23866.900","98717696","98668544","unavailable","153944064","87982080","87474176","unavailable","87474176","87474176","175140864"
"yune","track-a-comparison","luna_pinyin","session_create_select_destroy","","53","1","23070.900","23070.900","98668544","98758656","unavailable","153944064","87474176","87896064","unavailable","87896064","87896064","175140864"
"yune","track-a-comparison","luna_pinyin","session_create_select_destroy","","54","1","22847.700","22847.700","98762752","98779136","unavailable","153944064","87896064","88436736","unavailable","88436736","88436736","175140864"
"yune","track-a-comparison","luna_pinyin","session_create_select_destroy","","55","1","23012.200","23012.200","98779136","98787328","unavailable","153944064","88436736","87924736","unavailable","87924736","87924736","175140864"
"yune","track-a-comparison","luna_pinyin","session_create_select_destroy","","56","1","23132.400","23132.400","98824192","98840576","unavailable","153944064","87990272","88068096","unavailable","88068096","88068096","175140864"
"yune","track-a-comparison","luna_pinyin","session_create_select_destroy","","57","1","23127.600","23127.600","99045376","98787328","unavailable","153944064","88387584","88195072","unavailable","88195072","88195072","175140864"
"yune","track-a-comparison","luna_pinyin","session_create_select_destroy","","58","1","22946.000","22946.000","98787328","98811904","unavailable","153944064","88195072","88018944","unavailable","88018944","88018944","175140864"
"yune","track-a-comparison","luna_pinyin","session_create_select_destroy","","59","1","22994.100","22994.100","98811904","98750464","unavailable","153944064","88018944","88170496","unavailable","88170496","88170496","175140864"
"yune","track-a-comparison","luna_pinyin","key_sequence_process_with_context","n","0","1","5.200","5.200","101855232","101859328","unavailable","153944064","90329088","90329088","unavailable","90329088","90329088","175140864"
"yune","track-a-comparison","luna_pinyin","key_sequence_process_with_context","n","1","1","4.800","4.800","101859328","101859328","unavailable","153944064","90329088","90329088","unavailable","90329088","90329088","175140864"
"yune","track-a-comparison","luna_pinyin","key_sequence_process_with_context","n","2","1","4.800","4.800","101859328","101859328","unavailable","153944064","90329088","90329088","unavailable","90329088","90329088","175140864"
"yune","track-a-comparison","luna_pinyin","key_sequence_process_with_context","n","3","1","4.700","4.700","101859328","101859328","unavailable","153944064","90329088","90329088","unavailable","90329088","90329088","175140864"
"yune","track-a-comparison","luna_pinyin","key_sequence_process_with_context","n","4","1","4.500","4.500","101859328","101859328","unavailable","153944064","90329088","90329088","unavailable","90329088","90329088","175140864"
"yune","track-a-comparison","luna_pinyin","key_sequence_process_with_context","n","5","1","4.500","4.500","101863424","101863424","unavailable","153944064","90329088","90329088","unavailable","90329088","90329088","175140864"
"yune","track-a-comparison","luna_pinyin","key_sequence_process_with_context","n","6","1","4.600","4.600","101863424","101863424","unavailable","153944064","90329088","90329088","unavailable","90329088","90329088","175140864"
"yune","track-a-comparison","luna_pinyin","key_sequence_process_with_context","n","7","1","4.500","4.500","101863424","101863424","unavailable","153944064","90329088","90329088","unavailable","90329088","90329088","175140864"
"yune","track-a-comparison","luna_pinyin","key_sequence_process_with_context","n","8","1","4.600","4.600","101863424","101863424","unavailable","153944064","90329088","90329088","unavailable","90329088","90329088","175140864"
"yune","track-a-comparison","luna_pinyin","key_sequence_process_with_context","n","9","1","4.500","4.500","101863424","101863424","unavailable","153944064","90329088","90329088","unavailable","90329088","90329088","175140864"
"yune","track-a-comparison","luna_pinyin","key_sequence_process_with_context","n","10","1","4.500","4.500","101863424","101863424","unavailable","153944064","90329088","90329088","unavailable","90329088","90329088","175140864"
"yune","track-a-comparison","luna_pinyin","key_sequence_process_with_context","n","11","1","4.500","4.500","101863424","101863424","unavailable","153944064","90329088","90329088","unavailable","90329088","90329088","175140864"
"yune","track-a-comparison","luna_pinyin","key_sequence_process_with_context","n","12","1","4.500","4.500","101863424","101863424","unavailable","153944064","90329088","90329088","unavailable","90329088","90329088","175140864"
"yune","track-a-comparison","luna_pinyin","key_sequence_process_with_context","n","13","1","4.600","4.600","101863424","101863424","unavailable","153944064","90329088","90329088","unavailable","90329088","90329088","175140864"
"yune","track-a-comparison","luna_pinyin","key_sequence_process_with_context","n","14","1","4.400","4.400","101867520","101867520","unavailable","153944064","90329088","90329088","unavailable","90329088","90329088","175140864"
"yune","track-a-comparison","luna_pinyin","key_sequence_process_with_context","n","15","1","4.900","4.900","101867520","101867520","unavailable","153944064","90329088","90329088","unavailable","90329088","90329088","175140864"
"yune","track-a-comparison","luna_pinyin","key_sequence_process_with_context","n","16","1","4.600","4.600","101867520","101867520","unavailable","153944064","90329088","90329088","unavailable","90329088","90329088","175140864"
"yune","track-a-comparison","luna_pinyin","key_sequence_process_with_context","n","17","1","4.600","4.600","101867520","101867520","unavailable","153944064","90329088","90329088","unavailable","90329088","90329088","175140864"
"yune","track-a-comparison","luna_pinyin","key_sequence_process_with_context","n","18","1","4.500","4.500","101867520","101867520","unavailable","153944064","90329088","90329088","unavailable","90329088","90329088","175140864"
"yune","track-a-comparison","luna_pinyin","key_sequence_process_with_context","n","19","1","4.500","4.500","101867520","101867520","unavailable","153944064","90329088","90329088","unavailable","90329088","90329088","175140864"
"yune","track-a-comparison","luna_pinyin","key_sequence_process_with_context","n","20","1","4.500","4.500","101867520","101867520","unavailable","153944064","90329088","90329088","unavailable","90329088","90329088","175140864"
"yune","track-a-comparison","luna_pinyin","key_sequence_process_with_context","n","21","1","4.400","4.400","101867520","101867520","unavailable","153944064","90329088","90329088","unavailable","90329088","90329088","175140864"
"yune","track-a-comparison","luna_pinyin","key_sequence_process_with_context","n","22","1","4.500","4.500","101867520","101867520","unavailable","153944064","90329088","90329088","unavailable","90329088","90329088","175140864"
"yune","track-a-comparison","luna_pinyin","key_sequence_process_with_context","n","23","1","4.500","4.500","101871616","101871616","unavailable","153944064","90329088","90329088","unavailable","90329088","90329088","175140864"
"yune","track-a-comparison","luna_pinyin","key_sequence_process_with_context","n","24","1","4.500","4.500","101871616","101871616","unavailable","153944064","90329088","90329088","unavailable","90329088","90329088","175140864"
"yune","track-a-comparison","luna_pinyin","key_sequence_process_with_context","n","25","1","4.500","4.500","101871616","101871616","unavailable","153944064","90329088","90329088","unavailable","90329088","90329088","175140864"
"yune","track-a-comparison","luna_pinyin","key_sequence_process_with_context","n","26","1","4.500","4.500","101871616","101871616","unavailable","153944064","90329088","90329088","unavailable","90329088","90329088","175140864"
"yune","track-a-comparison","luna_pinyin","key_sequence_process_with_context","n","27","1","4.500","4.500","101871616","101871616","unavailable","153944064","90329088","90329088","unavailable","90329088","90329088","175140864"
"yune","track-a-comparison","luna_pinyin","key_sequence_process_with_context","n","28","1","4.600","4.600","101871616","101871616","unavailable","153944064","90329088","90329088","unavailable","90329088","90329088","175140864"
"yune","track-a-comparison","luna_pinyin","key_sequence_process_with_context","n","29","1","4.500","4.500","101871616","101871616","unavailable","153944064","90329088","90329088","unavailable","90329088","90329088","175140864"
"yune","track-a-comparison","luna_pinyin","key_sequence_process_with_context","n","30","1","4.400","4.400","101871616","101871616","unavailable","153944064","90329088","90329088","unavailable","90329088","90329088","175140864"
"yune","track-a-comparison","luna_pinyin","key_sequence_process_with_context","n","31","1","4.400","4.400","101871616","101871616","unavailable","153944064","90329088","90329088","unavailable","90329088","90329088","175140864"
"yune","track-a-comparison","luna_pinyin","key_sequence_process_with_context","n","32","1","4.700","4.700","101875712","101875712","unavailable","153944064","90329088","90329088","unavailable","90329088","90329088","175140864"
"yune","track-a-comparison","luna_pinyin","key_sequence_process_with_context","n","33","1","4.500","4.500","101875712","101875712","unavailable","153944064","90329088","90329088","unavailable","90329088","90329088","175140864"
"yune","track-a-comparison","luna_pinyin","key_sequence_process_with_context","n","34","1","4.400","4.400","101875712","101875712","unavailable","153944064","90329088","90329088","unavailable","90329088","90329088","175140864"
"yune","track-a-comparison","luna_pinyin","key_sequence_process_with_context","n","35","1","4.500","4.500","101875712","101875712","unavailable","153944064","90329088","90329088","unavailable","90329088","90329088","175140864"
"yune","track-a-comparison","luna_pinyin","key_sequence_process_with_context","n","36","1","4.400","4.400","101875712","101875712","unavailable","153944064","90329088","90329088","unavailable","90329088","90329088","175140864"
"yune","track-a-comparison","luna_pinyin","key_sequence_process_with_context","n","37","1","4.400","4.400","101875712","101875712","unavailable","153944064","90329088","90329088","unavailable","90329088","90329088","175140864"
"yune","track-a-comparison","luna_pinyin","key_sequence_process_with_context","n","38","1","4.500","4.500","101875712","101875712","unavailable","153944064","90329088","90329088","unavailable","90329088","90329088","175140864"
"yune","track-a-comparison","luna_pinyin","key_sequence_process_with_context","n","39","1","4.400","4.400","101875712","101875712","unavailable","153944064","90329088","90329088","unavailable","90329088","90329088","175140864"
"yune","track-a-comparison","luna_pinyin","key_sequence_process_with_context","n","40","1","4.600","4.600","101875712","101875712","unavailable","153944064","90329088","90329088","unavailable","90329088","90329088","175140864"
"yune","track-a-comparison","luna_pinyin","key_sequence_process_with_context","n","41","1","4.600","4.600","101879808","101879808","unavailable","153944064","90329088","90329088","unavailable","90329088","90329088","175140864"
"yune","track-a-comparison","luna_pinyin","key_sequence_process_with_context","n","42","1","4.500","4.500","101879808","101879808","unavailable","153944064","90329088","90329088","unavailable","90329088","90329088","175140864"
"yune","track-a-comparison","luna_pinyin","key_sequence_process_with_context","n","43","1","4.400","4.400","101879808","101879808","unavailable","153944064","90329088","90329088","unavailable","90329088","90329088","175140864"
"yune","track-a-comparison","luna_pinyin","key_sequence_process_with_context","n","44","1","4.500","4.500","101879808","101879808","unavailable","153944064","90329088","90329088","unavailable","90329088","90329088","175140864"
"yune","track-a-comparison","luna_pinyin","key_sequence_process_with_context","n","45","1","4.400","4.400","101879808","101879808","unavailable","153944064","90329088","90329088","unavailable","90329088","90329088","175140864"
"yune","track-a-comparison","luna_pinyin","key_sequence_process_with_context","n","46","1","5.200","5.200","101879808","101879808","unavailable","153944064","90329088","90329088","unavailable","90329088","90329088","175140864"
"yune","track-a-comparison","luna_pinyin","key_sequence_process_with_context","n","47","1","4.500","4.500","101879808","101879808","unavailable","153944064","90329088","90329088","unavailable","90329088","90329088","175140864"
"yune","track-a-comparison","luna_pinyin","key_sequence_process_with_context","n","48","1","4.400","4.400","101879808","101879808","unavailable","153944064","90329088","90329088","unavailable","90329088","90329088","175140864"
"yune","track-a-comparison","luna_pinyin","key_sequence_process_with_context","n","49","1","4.400","4.400","101879808","101879808","unavailable","153944064","90329088","90329088","unavailable","90329088","90329088","175140864"
"yune","track-a-comparison","luna_pinyin","key_sequence_process_with_context","n","50","1","4.500","4.500","101883904","101883904","unavailable","153944064","90329088","90329088","unavailable","90329088","90329088","175140864"
"yune","track-a-comparison","luna_pinyin","key_sequence_process_with_context","n","51","1","4.500","4.500","101883904","101883904","unavailable","153944064","90329088","90329088","unavailable","90329088","90329088","175140864"
"yune","track-a-comparison","luna_pinyin","key_sequence_process_with_context","n","52","1","4.400","4.400","101883904","101883904","unavailable","153944064","90329088","90329088","unavailable","90329088","90329088","175140864"
"yune","track-a-comparison","luna_pinyin","key_sequence_process_with_context","n","53","1","4.500","4.500","101883904","101883904","unavailable","153944064","90329088","90329088","unavailable","90329088","90329088","175140864"
"yune","track-a-comparison","luna_pinyin","key_sequence_process_with_context","n","54","1","4.500","4.500","101883904","101883904","unavailable","153944064","90329088","90329088","unavailable","90329088","90329088","175140864"
"yune","track-a-comparison","luna_pinyin","key_sequence_process_with_context","n","55","1","4.500","4.500","101883904","101883904","unavailable","153944064","90329088","90329088","unavailable","90329088","90329088","175140864"
"yune","track-a-comparison","luna_pinyin","key_sequence_process_with_context","n","56","1","4.500","4.500","101883904","101916672","unavailable","153944064","90329088","90329088","unavailable","90329088","90329088","175140864"
"yune","track-a-comparison","luna_pinyin","key_sequence_process_with_context","n","57","1","4.400","4.400","101916672","101916672","unavailable","153944064","90329088","90329088","unavailable","90329088","90329088","175140864"
"yune","track-a-comparison","luna_pinyin","key_sequence_process_with_context","n","58","1","4.500","4.500","101916672","101916672","unavailable","153944064","90329088","90329088","unavailable","90329088","90329088","175140864"
"yune","track-a-comparison","luna_pinyin","key_sequence_process_with_context","n","59","1","4.600","4.600","101916672","101916672","unavailable","153944064","90329088","90329088","unavailable","90329088","90329088","175140864"
"yune","track-a-comparison","luna_pinyin","key_sequence_process_with_context","n","60","1","4.500","4.500","101916672","101916672","unavailable","153944064","90329088","90329088","unavailable","90329088","90329088","175140864"
"yune","track-a-comparison","luna_pinyin","key_sequence_process_with_context","n","61","1","4.600","4.600","101916672","101916672","unavailable","153944064","90329088","90329088","unavailable","90329088","90329088","175140864"
"yune","track-a-comparison","luna_pinyin","key_sequence_process_with_context","n","62","1","4.700","4.700","101916672","101912576","unavailable","153944064","90329088","90329088","unavailable","90329088","90329088","175140864"
"yune","track-a-comparison","luna_pinyin","key_sequence_process_with_context","n","63","1","4.500","4.500","101912576","101912576","unavailable","153944064","90329088","90329088","unavailable","90329088","90329088","175140864"
"yune","track-a-comparison","luna_pinyin","key_sequence_process_with_context","n","64","1","4.500","4.500","101912576","101912576","unavailable","153944064","90329088","90329088","unavailable","90329088","90329088","175140864"
"yune","track-a-comparison","luna_pinyin","key_sequence_process_with_context","n","65","1","4.400","4.400","101912576","101912576","unavailable","153944064","90329088","90329088","unavailable","90329088","90329088","175140864"
"yune","track-a-comparison","luna_pinyin","key_sequence_process_with_context","n","66","1","4.500","4.500","101912576","101912576","unavailable","153944064","90329088","90329088","unavailable","90329088","90329088","175140864"
"yune","track-a-comparison","luna_pinyin","key_sequence_process_with_context","n","67","1","4.600","4.600","101912576","101912576","unavailable","153944064","90329088","90329088","unavailable","90329088","90329088","175140864"
"yune","track-a-comparison","luna_pinyin","key_sequence_process_with_context","n","68","1","4.500","4.500","101912576","101912576","unavailable","153944064","90329088","90329088","unavailable","90329088","90329088","175140864"
"yune","track-a-comparison","luna_pinyin","key_sequence_process_with_context","n","69","1","4.500","4.500","101912576","101912576","unavailable","153944064","90329088","90329088","unavailable","90329088","90329088","175140864"
"yune","track-a-comparison","luna_pinyin","key_sequence_process_with_context","n","70","1","4.700","4.700","101912576","101912576","unavailable","153944064","90329088","90329088","unavailable","90329088","90329088","175140864"
"yune","track-a-comparison","luna_pinyin","key_sequence_process_with_context","n","71","1","4.500","4.500","101912576","101912576","unavailable","153944064","90329088","90329088","unavailable","90329088","90329088","175140864"
"yune","track-a-comparison","luna_pinyin","key_sequence_process_with_context","n","72","1","4.500","4.500","101912576","101912576","unavailable","153944064","90329088","90329088","unavailable","90329088","90329088","175140864"
"yune","track-a-comparison","luna_pinyin","key_sequence_process_with_context","n","73","1","4.500","4.500","101912576","101912576","unavailable","153944064","90329088","90329088","unavailable","90329088","90329088","175140864"
"yune","track-a-comparison","luna_pinyin","key_sequence_process_with_context","n","74","1","4.500","4.500","101912576","101912576","unavailable","153944064","90329088","90329088","unavailable","90329088","90329088","175140864"
"yune","track-a-comparison","luna_pinyin","key_sequence_process_with_context","n","75","1","4.400","4.400","101912576","101912576","unavailable","153944064","90329088","90329088","unavailable","90329088","90329088","175140864"
"yune","track-a-comparison","luna_pinyin","key_sequence_process_with_context","n","76","1","4.500","4.500","101912576","101912576","unavailable","153944064","90329088","90329088","unavailable","90329088","90329088","175140864"
"yune","track-a-comparison","luna_pinyin","key_sequence_process_with_context","n","77","1","4.500","4.500","101912576","101912576","unavailable","153944064","90329088","90329088","unavailable","90329088","90329088","175140864"
"yune","track-a-comparison","luna_pinyin","key_sequence_process_with_context","n","78","1","4.400","4.400","101912576","101912576","unavailable","153944064","90329088","90329088","unavailable","90329088","90329088","175140864"
"yune","track-a-comparison","luna_pinyin","key_sequence_process_with_context","n","79","1","4.400","4.400","101912576","101912576","unavailable","153944064","90329088","90329088","unavailable","90329088","90329088","175140864"
"yune","track-a-comparison","luna_pinyin","key_sequence_process_with_context","ni","0","2","9.700","4.850","102633472","102633472","unavailable","153944064","91054080","91054080","unavailable","91054080","91054080","175140864"
"yune","track-a-comparison","luna_pinyin","key_sequence_process_with_context","ni","1","2","9.600","4.800","102633472","102633472","unavailable","153944064","91054080","91054080","unavailable","91054080","91054080","175140864"
"yune","track-a-comparison","luna_pinyin","key_sequence_process_with_context","ni","2","2","9.100","4.550","102633472","102633472","unavailable","153944064","91054080","91054080","unavailable","91054080","91054080","175140864"
"yune","track-a-comparison","luna_pinyin","key_sequence_process_with_context","ni","3","2","9.000","4.500","102633472","102633472","unavailable","153944064","91054080","91054080","unavailable","91054080","91054080","175140864"
"yune","track-a-comparison","luna_pinyin","key_sequence_process_with_context","ni","4","2","9.100","4.550","102633472","102633472","unavailable","153944064","91054080","91054080","unavailable","91054080","91054080","175140864"
"yune","track-a-comparison","luna_pinyin","key_sequence_process_with_context","ni","5","2","9.100","4.550","102633472","102633472","unavailable","153944064","91054080","91054080","unavailable","91054080","91054080","175140864"
"yune","track-a-comparison","luna_pinyin","key_sequence_process_with_context","ni","6","2","9.100","4.550","102633472","102633472","unavailable","153944064","91054080","91054080","unavailable","91054080","91054080","175140864"
"yune","track-a-comparison","luna_pinyin","key_sequence_process_with_context","ni","7","2","8.900","4.450","102633472","102633472","unavailable","153944064","91054080","91054080","unavailable","91054080","91054080","175140864"
"yune","track-a-comparison","luna_pinyin","key_sequence_process_with_context","ni","8","2","9.000","4.500","102633472","102633472","unavailable","153944064","91054080","91054080","unavailable","91054080","91054080","175140864"
"yune","track-a-comparison","luna_pinyin","key_sequence_process_with_context","ni","9","2","9.000","4.500","102633472","102633472","unavailable","153944064","91054080","91054080","unavailable","91054080","91054080","175140864"
"yune","track-a-comparison","luna_pinyin","key_sequence_process_with_context","ni","10","2","8.900","4.450","102633472","102633472","unavailable","153944064","91054080","91054080","unavailable","91054080","91054080","175140864"
"yune","track-a-comparison","luna_pinyin","key_sequence_process_with_context","ni","11","2","9.700","4.850","102633472","102633472","unavailable","153944064","91054080","91054080","unavailable","91054080","91054080","175140864"
"yune","track-a-comparison","luna_pinyin","key_sequence_process_with_context","ni","12","2","9.300","4.650","102633472","102633472","unavailable","153944064","91054080","91054080","unavailable","91054080","91054080","175140864"
"yune","track-a-comparison","luna_pinyin","key_sequence_process_with_context","ni","13","2","9.200","4.600","102633472","102633472","unavailable","153944064","91054080","91054080","unavailable","91054080","91054080","175140864"
"yune","track-a-comparison","luna_pinyin","key_sequence_process_with_context","ni","14","2","9.100","4.550","102633472","102633472","unavailable","153944064","91054080","91054080","unavailable","91054080","91054080","175140864"
"yune","track-a-comparison","luna_pinyin","key_sequence_process_with_context","ni","15","2","9.000","4.500","102633472","102633472","unavailable","153944064","91054080","91054080","unavailable","91054080","91054080","175140864"
"yune","track-a-comparison","luna_pinyin","key_sequence_process_with_context","ni","16","2","9.000","4.500","102633472","102633472","unavailable","153944064","91054080","91054080","unavailable","91054080","91054080","175140864"
"yune","track-a-comparison","luna_pinyin","key_sequence_process_with_context","ni","17","2","8.900","4.450","102633472","102633472","unavailable","153944064","91054080","91054080","unavailable","91054080","91054080","175140864"
"yune","track-a-comparison","luna_pinyin","key_sequence_process_with_context","ni","18","2","8.900","4.450","102633472","102633472","unavailable","153944064","91054080","91054080","unavailable","91054080","91054080","175140864"
"yune","track-a-comparison","luna_pinyin","key_sequence_process_with_context","ni","19","2","8.900","4.450","102633472","102633472","unavailable","153944064","91054080","91054080","unavailable","91054080","91054080","175140864"
"yune","track-a-comparison","luna_pinyin","key_sequence_process_with_context","ni","20","2","8.900","4.450","102633472","102633472","unavailable","153944064","91054080","91054080","unavailable","91054080","91054080","175140864"
"yune","track-a-comparison","luna_pinyin","key_sequence_process_with_context","ni","21","2","8.900","4.450","102633472","102633472","unavailable","153944064","91054080","91054080","unavailable","91054080","91054080","175140864"
"yune","track-a-comparison","luna_pinyin","key_sequence_process_with_context","ni","22","2","8.900","4.450","102633472","102633472","unavailable","153944064","91054080","91054080","unavailable","91054080","91054080","175140864"
"yune","track-a-comparison","luna_pinyin","key_sequence_process_with_context","ni","23","2","8.800","4.400","102633472","102633472","unavailable","153944064","91054080","91054080","unavailable","91054080","91054080","175140864"
"yune","track-a-comparison","luna_pinyin","key_sequence_process_with_context","ni","24","2","8.900","4.450","102633472","102633472","unavailable","153944064","91054080","91054080","unavailable","91054080","91054080","175140864"
"yune","track-a-comparison","luna_pinyin","key_sequence_process_with_context","ni","25","2","8.900","4.450","102633472","102633472","unavailable","153944064","91054080","91054080","unavailable","91054080","91054080","175140864"
"yune","track-a-comparison","luna_pinyin","key_sequence_process_with_context","ni","26","2","8.900","4.450","102633472","102633472","unavailable","153944064","91054080","91054080","unavailable","91054080","91054080","175140864"
"yune","track-a-comparison","luna_pinyin","key_sequence_process_with_context","ni","27","2","9.100","4.550","102633472","102633472","unavailable","153944064","91054080","91054080","unavailable","91054080","91054080","175140864"
"yune","track-a-comparison","luna_pinyin","key_sequence_process_with_context","ni","28","2","8.900","4.450","102633472","102633472","unavailable","153944064","91054080","91054080","unavailable","91054080","91054080","175140864"
"yune","track-a-comparison","luna_pinyin","key_sequence_process_with_context","ni","29","2","8.900","4.450","102633472","102633472","unavailable","153944064","91054080","91054080","unavailable","91054080","91054080","175140864"
"yune","track-a-comparison","luna_pinyin","key_sequence_process_with_context","ni","30","2","9.300","4.650","102633472","102633472","unavailable","153944064","91054080","91054080","unavailable","91054080","91054080","175140864"
"yune","track-a-comparison","luna_pinyin","key_sequence_process_with_context","ni","31","2","9.000","4.500","102633472","102633472","unavailable","153944064","91054080","91054080","unavailable","91054080","91054080","175140864"
"yune","track-a-comparison","luna_pinyin","key_sequence_process_with_context","ni","32","2","9.000","4.500","102633472","102633472","unavailable","153944064","91054080","91054080","unavailable","91054080","91054080","175140864"
"yune","track-a-comparison","luna_pinyin","key_sequence_process_with_context","ni","33","2","9.400","4.700","102633472","102633472","unavailable","153944064","91054080","91054080","unavailable","91054080","91054080","175140864"
"yune","track-a-comparison","luna_pinyin","key_sequence_process_with_context","ni","34","2","8.800","4.400","102633472","102633472","unavailable","153944064","91054080","91054080","unavailable","91054080","91054080","175140864"
"yune","track-a-comparison","luna_pinyin","key_sequence_process_with_context","ni","35","2","8.900","4.450","102633472","102633472","unavailable","153944064","91054080","91054080","unavailable","91054080","91054080","175140864"
"yune","track-a-comparison","luna_pinyin","key_sequence_process_with_context","ni","36","2","8.900","4.450","102633472","102633472","unavailable","153944064","91054080","91054080","unavailable","91054080","91054080","175140864"
"yune","track-a-comparison","luna_pinyin","key_sequence_process_with_context","ni","37","2","8.900","4.450","102633472","102633472","unavailable","153944064","91054080","91054080","unavailable","91054080","91054080","175140864"
"yune","track-a-comparison","luna_pinyin","key_sequence_process_with_context","ni","38","2","9.000","4.500","102633472","102633472","unavailable","153944064","91054080","91054080","unavailable","91054080","91054080","175140864"
"yune","track-a-comparison","luna_pinyin","key_sequence_process_with_context","ni","39","2","8.900","4.450","102633472","102633472","unavailable","153944064","91054080","91054080","unavailable","91054080","91054080","175140864"
"yune","track-a-comparison","luna_pinyin","key_sequence_process_with_context","ni","40","2","9.300","4.650","102633472","102633472","unavailable","153944064","91054080","91054080","unavailable","91054080","91054080","175140864"
"yune","track-a-comparison","luna_pinyin","key_sequence_process_with_context","ni","41","2","9.000","4.500","102633472","102633472","unavailable","153944064","91054080","91054080","unavailable","91054080","91054080","175140864"
"yune","track-a-comparison","luna_pinyin","key_sequence_process_with_context","ni","42","2","9.000","4.500","102633472","102633472","unavailable","153944064","91054080","91054080","unavailable","91054080","91054080","175140864"
"yune","track-a-comparison","luna_pinyin","key_sequence_process_with_context","ni","43","2","8.900","4.450","102633472","102633472","unavailable","153944064","91054080","91054080","unavailable","91054080","91054080","175140864"
"yune","track-a-comparison","luna_pinyin","key_sequence_process_with_context","ni","44","2","8.800","4.400","102633472","102633472","unavailable","153944064","91054080","91054080","unavailable","91054080","91054080","175140864"
"yune","track-a-comparison","luna_pinyin","key_sequence_process_with_context","ni","45","2","9.000","4.500","102633472","102633472","unavailable","153944064","91054080","91054080","unavailable","91054080","91054080","175140864"
"yune","track-a-comparison","luna_pinyin","key_sequence_process_with_context","ni","46","2","8.800","4.400","102633472","102633472","unavailable","153944064","91054080","91054080","unavailable","91054080","91054080","175140864"
"yune","track-a-comparison","luna_pinyin","key_sequence_process_with_context","ni","47","2","8.800","4.400","102633472","102633472","unavailable","153944064","91054080","91054080","unavailable","91054080","91054080","175140864"
"yune","track-a-comparison","luna_pinyin","key_sequence_process_with_context","ni","48","2","8.800","4.400","102633472","102633472","unavailable","153944064","91054080","91054080","unavailable","91054080","91054080","175140864"
"yune","track-a-comparison","luna_pinyin","key_sequence_process_with_context","ni","49","2","8.900","4.450","102633472","102633472","unavailable","153944064","91054080","91054080","unavailable","91054080","91054080","175140864"
"yune","track-a-comparison","luna_pinyin","key_sequence_process_with_context","ni","50","2","8.900","4.450","102633472","102633472","unavailable","153944064","91054080","91054080","unavailable","91054080","91054080","175140864"
"yune","track-a-comparison","luna_pinyin","key_sequence_process_with_context","ni","51","2","9.200","4.600","102633472","102633472","unavailable","153944064","91054080","91054080","unavailable","91054080","91054080","175140864"
"yune","track-a-comparison","luna_pinyin","key_sequence_process_with_context","ni","52","2","9.300","4.650","102633472","102633472","unavailable","153944064","91054080","91054080","unavailable","91054080","91054080","175140864"
"yune","track-a-comparison","luna_pinyin","key_sequence_process_with_context","ni","53","2","8.800","4.400","102633472","102633472","unavailable","153944064","91054080","91054080","unavailable","91054080","91054080","175140864"
"yune","track-a-comparison","luna_pinyin","key_sequence_process_with_context","ni","54","2","9.400","4.700","102633472","102633472","unavailable","153944064","91054080","91054080","unavailable","91054080","91054080","175140864"
"yune","track-a-comparison","luna_pinyin","key_sequence_process_with_context","ni","55","2","8.800","4.400","102633472","102633472","unavailable","153944064","91054080","91054080","unavailable","91054080","91054080","175140864"
"yune","track-a-comparison","luna_pinyin","key_sequence_process_with_context","ni","56","2","9.400","4.700","102633472","102633472","unavailable","153944064","91054080","91054080","unavailable","91054080","91054080","175140864"
"yune","track-a-comparison","luna_pinyin","key_sequence_process_with_context","ni","57","2","8.900","4.450","102633472","102633472","unavailable","153944064","91054080","91054080","unavailable","91054080","91054080","175140864"
"yune","track-a-comparison","luna_pinyin","key_sequence_process_with_context","ni","58","2","9.100","4.550","102633472","102633472","unavailable","153944064","91054080","91054080","unavailable","91054080","91054080","175140864"
"yune","track-a-comparison","luna_pinyin","key_sequence_process_with_context","ni","59","2","8.900","4.450","102633472","102633472","unavailable","153944064","91054080","91054080","unavailable","91054080","91054080","175140864"
"yune","track-a-comparison","luna_pinyin","key_sequence_process_with_context","ni","60","2","8.800","4.400","102633472","102633472","unavailable","153944064","91054080","91054080","unavailable","91054080","91054080","175140864"
"yune","track-a-comparison","luna_pinyin","key_sequence_process_with_context","ni","61","2","9.800","4.900","102633472","102633472","unavailable","153944064","91054080","91054080","unavailable","91054080","91054080","175140864"
"yune","track-a-comparison","luna_pinyin","key_sequence_process_with_context","ni","62","2","9.100","4.550","102633472","102633472","unavailable","153944064","91054080","91054080","unavailable","91054080","91054080","175140864"
"yune","track-a-comparison","luna_pinyin","key_sequence_process_with_context","ni","63","2","8.900","4.450","102633472","102633472","unavailable","153944064","91054080","91054080","unavailable","91054080","91054080","175140864"
"yune","track-a-comparison","luna_pinyin","key_sequence_process_with_context","ni","64","2","8.900","4.450","102633472","102633472","unavailable","153944064","91054080","91054080","unavailable","91054080","91054080","175140864"
"yune","track-a-comparison","luna_pinyin","key_sequence_process_with_context","ni","65","2","9.000","4.500","102633472","102653952","unavailable","153944064","91054080","91054080","unavailable","91054080","91054080","175140864"
"yune","track-a-comparison","luna_pinyin","key_sequence_process_with_context","ni","66","2","9.000","4.500","102653952","102653952","unavailable","153944064","91054080","91054080","unavailable","91054080","91054080","175140864"
"yune","track-a-comparison","luna_pinyin","key_sequence_process_with_context","ni","67","2","8.900","4.450","102653952","102653952","unavailable","153944064","91054080","91054080","unavailable","91054080","91054080","175140864"
"yune","track-a-comparison","luna_pinyin","key_sequence_process_with_context","ni","68","2","8.900","4.450","102653952","102653952","unavailable","153944064","91054080","91054080","unavailable","91054080","91054080","175140864"
"yune","track-a-comparison","luna_pinyin","key_sequence_process_with_context","ni","69","2","9.000","4.500","102653952","102653952","unavailable","153944064","91054080","91054080","unavailable","91054080","91054080","175140864"
"yune","track-a-comparison","luna_pinyin","key_sequence_process_with_context","ni","70","2","8.900","4.450","102653952","102653952","unavailable","153944064","91054080","91054080","unavailable","91054080","91054080","175140864"
"yune","track-a-comparison","luna_pinyin","key_sequence_process_with_context","ni","71","2","9.000","4.500","102653952","102653952","unavailable","153944064","91054080","91054080","unavailable","91054080","91054080","175140864"
"yune","track-a-comparison","luna_pinyin","key_sequence_process_with_context","ni","72","2","8.900","4.450","102653952","102653952","unavailable","153944064","91054080","91054080","unavailable","91054080","91054080","175140864"
"yune","track-a-comparison","luna_pinyin","key_sequence_process_with_context","ni","73","2","8.800","4.400","102653952","102653952","unavailable","153944064","91054080","91054080","unavailable","91054080","91054080","175140864"
"yune","track-a-comparison","luna_pinyin","key_sequence_process_with_context","ni","74","2","8.900","4.450","102653952","102653952","unavailable","153944064","91054080","91054080","unavailable","91054080","91054080","175140864"
"yune","track-a-comparison","luna_pinyin","key_sequence_process_with_context","ni","75","2","8.900","4.450","102653952","102653952","unavailable","153944064","91054080","91054080","unavailable","91054080","91054080","175140864"
"yune","track-a-comparison","luna_pinyin","key_sequence_process_with_context","ni","76","2","8.900","4.450","102653952","102653952","unavailable","153944064","91054080","91054080","unavailable","91054080","91054080","175140864"
"yune","track-a-comparison","luna_pinyin","key_sequence_process_with_context","ni","77","2","8.900","4.450","102653952","102649856","unavailable","153944064","91054080","91054080","unavailable","91054080","91054080","175140864"
"yune","track-a-comparison","luna_pinyin","key_sequence_process_with_context","ni","78","2","9.000","4.500","102649856","102649856","unavailable","153944064","91054080","91054080","unavailable","91054080","91054080","175140864"
"yune","track-a-comparison","luna_pinyin","key_sequence_process_with_context","ni","79","2","8.900","4.450","102649856","102649856","unavailable","153944064","91054080","91054080","unavailable","91054080","91054080","175140864"
"yune","track-a-comparison","luna_pinyin","key_sequence_process_with_context","hao","0","3","13.600","4.533","103469056","103469056","unavailable","153944064","91897856","91897856","unavailable","91897856","91897856","175140864"
"yune","track-a-comparison","luna_pinyin","key_sequence_process_with_context","hao","1","3","13.500","4.500","103469056","103469056","unavailable","153944064","91897856","91897856","unavailable","91897856","91897856","175140864"
"yune","track-a-comparison","luna_pinyin","key_sequence_process_with_context","hao","2","3","13.200","4.400","103469056","103469056","unavailable","153944064","91897856","91897856","unavailable","91897856","91897856","175140864"
"yune","track-a-comparison","luna_pinyin","key_sequence_process_with_context","hao","3","3","13.000","4.333","103469056","103469056","unavailable","153944064","91897856","91897856","unavailable","91897856","91897856","175140864"
"yune","track-a-comparison","luna_pinyin","key_sequence_process_with_context","hao","4","3","13.100","4.367","103469056","103469056","unavailable","153944064","91897856","91897856","unavailable","91897856","91897856","175140864"
"yune","track-a-comparison","luna_pinyin","key_sequence_process_with_context","hao","5","3","13.000","4.333","103469056","103469056","unavailable","153944064","91897856","91897856","unavailable","91897856","91897856","175140864"
"yune","track-a-comparison","luna_pinyin","key_sequence_process_with_context","hao","6","3","12.900","4.300","103469056","103469056","unavailable","153944064","91897856","91897856","unavailable","91897856","91897856","175140864"
"yune","track-a-comparison","luna_pinyin","key_sequence_process_with_context","hao","7","3","13.000","4.333","103469056","103469056","unavailable","153944064","91897856","91897856","unavailable","91897856","91897856","175140864"
"yune","track-a-comparison","luna_pinyin","key_sequence_process_with_context","hao","8","3","13.000","4.333","103469056","103469056","unavailable","153944064","91897856","91897856","unavailable","91897856","91897856","175140864"
"yune","track-a-comparison","luna_pinyin","key_sequence_process_with_context","hao","9","3","13.400","4.467","103469056","103469056","unavailable","153944064","91897856","91897856","unavailable","91897856","91897856","175140864"
"yune","track-a-comparison","luna_pinyin","key_sequence_process_with_context","hao","10","3","12.900","4.300","103469056","103469056","unavailable","153944064","91897856","91897856","unavailable","91897856","91897856","175140864"
"yune","track-a-comparison","luna_pinyin","key_sequence_process_with_context","hao","11","3","12.900","4.300","103469056","103469056","unavailable","153944064","91897856","91897856","unavailable","91897856","91897856","175140864"
"yune","track-a-comparison","luna_pinyin","key_sequence_process_with_context","hao","12","3","12.900","4.300","103469056","103469056","unavailable","153944064","91897856","91897856","unavailable","91897856","91897856","175140864"
"yune","track-a-comparison","luna_pinyin","key_sequence_process_with_context","hao","13","3","12.900","4.300","103469056","103469056","unavailable","153944064","91897856","91897856","unavailable","91897856","91897856","175140864"
"yune","track-a-comparison","luna_pinyin","key_sequence_process_with_context","hao","14","3","13.000","4.333","103469056","103469056","unavailable","153944064","91897856","91897856","unavailable","91897856","91897856","175140864"
"yune","track-a-comparison","luna_pinyin","key_sequence_process_with_context","hao","15","3","13.000","4.333","103469056","103469056","unavailable","153944064","91897856","91897856","unavailable","91897856","91897856","175140864"
"yune","track-a-comparison","luna_pinyin","key_sequence_process_with_context","hao","16","3","13.100","4.367","103469056","103469056","unavailable","153944064","91897856","91897856","unavailable","91897856","91897856","175140864"
"yune","track-a-comparison","luna_pinyin","key_sequence_process_with_context","hao","17","3","13.100","4.367","103469056","103469056","unavailable","153944064","91897856","91897856","unavailable","91897856","91897856","175140864"
"yune","track-a-comparison","luna_pinyin","key_sequence_process_with_context","hao","18","3","12.900","4.300","103469056","103469056","unavailable","153944064","91897856","91897856","unavailable","91897856","91897856","175140864"
"yune","track-a-comparison","luna_pinyin","key_sequence_process_with_context","hao","19","3","13.000","4.333","103469056","103469056","unavailable","153944064","91897856","91897856","unavailable","91897856","91897856","175140864"
"yune","track-a-comparison","luna_pinyin","key_sequence_process_with_context","hao","20","3","13.600","4.533","103469056","103469056","unavailable","153944064","91897856","91897856","unavailable","91897856","91897856","175140864"
"yune","track-a-comparison","luna_pinyin","key_sequence_process_with_context","hao","21","3","12.900","4.300","103469056","103469056","unavailable","153944064","91897856","91897856","unavailable","91897856","91897856","175140864"
"yune","track-a-comparison","luna_pinyin","key_sequence_process_with_context","hao","22","3","13.100","4.367","103469056","103469056","unavailable","153944064","91897856","91897856","unavailable","91897856","91897856","175140864"
"yune","track-a-comparison","luna_pinyin","key_sequence_process_with_context","hao","23","3","13.000","4.333","103469056","103469056","unavailable","153944064","91897856","91897856","unavailable","91897856","91897856","175140864"
"yune","track-a-comparison","luna_pinyin","key_sequence_process_with_context","hao","24","3","12.900","4.300","103469056","103469056","unavailable","153944064","91897856","91897856","unavailable","91897856","91897856","175140864"
"yune","track-a-comparison","luna_pinyin","key_sequence_process_with_context","hao","25","3","12.900","4.300","103469056","103469056","unavailable","153944064","91897856","91897856","unavailable","91897856","91897856","175140864"
"yune","track-a-comparison","luna_pinyin","key_sequence_process_with_context","hao","26","3","13.000","4.333","103469056","103469056","unavailable","153944064","91897856","91897856","unavailable","91897856","91897856","175140864"
"yune","track-a-comparison","luna_pinyin","key_sequence_process_with_context","hao","27","3","12.900","4.300","103469056","103469056","unavailable","153944064","91897856","91897856","unavailable","91897856","91897856","175140864"
"yune","track-a-comparison","luna_pinyin","key_sequence_process_with_context","hao","28","3","13.100","4.367","103473152","103473152","unavailable","153944064","91897856","91897856","unavailable","91897856","91897856","175140864"
"yune","track-a-comparison","luna_pinyin","key_sequence_process_with_context","hao","29","3","13.000","4.333","103473152","103473152","unavailable","153944064","91897856","91897856","unavailable","91897856","91897856","175140864"
"yune","track-a-comparison","luna_pinyin","key_sequence_process_with_context","hao","30","3","12.900","4.300","103473152","103473152","unavailable","153944064","91897856","91897856","unavailable","91897856","91897856","175140864"
"yune","track-a-comparison","luna_pinyin","key_sequence_process_with_context","hao","31","3","13.000","4.333","103473152","103473152","unavailable","153944064","91897856","91897856","unavailable","91897856","91897856","175140864"
"yune","track-a-comparison","luna_pinyin","key_sequence_process_with_context","hao","32","3","13.000","4.333","103473152","103473152","unavailable","153944064","91897856","91897856","unavailable","91897856","91897856","175140864"
"yune","track-a-comparison","luna_pinyin","key_sequence_process_with_context","hao","33","3","12.800","4.267","103473152","103473152","unavailable","153944064","91897856","91897856","unavailable","91897856","91897856","175140864"
"yune","track-a-comparison","luna_pinyin","key_sequence_process_with_context","hao","34","3","12.800","4.267","103473152","103473152","unavailable","153944064","91897856","91897856","unavailable","91897856","91897856","175140864"
"yune","track-a-comparison","luna_pinyin","key_sequence_process_with_context","hao","35","3","12.900","4.300","103473152","103473152","unavailable","153944064","91897856","91897856","unavailable","91897856","91897856","175140864"
"yune","track-a-comparison","luna_pinyin","key_sequence_process_with_context","hao","36","3","12.900","4.300","103473152","103514112","unavailable","153944064","91897856","91897856","unavailable","91897856","91897856","175140864"
"yune","track-a-comparison","luna_pinyin","key_sequence_process_with_context","hao","37","3","13.100","4.367","103514112","103514112","unavailable","153944064","91897856","91897856","unavailable","91897856","91897856","175140864"
"yune","track-a-comparison","luna_pinyin","key_sequence_process_with_context","hao","38","3","13.100","4.367","103514112","103514112","unavailable","153944064","91897856","91897856","unavailable","91897856","91897856","175140864"
"yune","track-a-comparison","luna_pinyin","key_sequence_process_with_context","hao","39","3","13.100","4.367","103514112","103514112","unavailable","153944064","91897856","91897856","unavailable","91897856","91897856","175140864"
"yune","track-a-comparison","luna_pinyin","key_sequence_process_with_context","hao","40","3","12.900","4.300","103514112","103514112","unavailable","153944064","91897856","91897856","unavailable","91897856","91897856","175140864"
"yune","track-a-comparison","luna_pinyin","key_sequence_process_with_context","hao","41","3","13.000","4.333","103514112","103514112","unavailable","153944064","91897856","91897856","unavailable","91897856","91897856","175140864"
"yune","track-a-comparison","luna_pinyin","key_sequence_process_with_context","hao","42","3","13.000","4.333","103514112","103514112","unavailable","153944064","91897856","91897856","unavailable","91897856","91897856","175140864"
"yune","track-a-comparison","luna_pinyin","key_sequence_process_with_context","hao","43","3","13.000","4.333","103514112","103514112","unavailable","153944064","91897856","91897856","unavailable","91897856","91897856","175140864"
"yune","track-a-comparison","luna_pinyin","key_sequence_process_with_context","hao","44","3","13.100","4.367","103514112","103514112","unavailable","153944064","91897856","91897856","unavailable","91897856","91897856","175140864"
"yune","track-a-comparison","luna_pinyin","key_sequence_process_with_context","hao","45","3","13.200","4.400","103514112","103514112","unavailable","153944064","91897856","91897856","unavailable","91897856","91897856","175140864"
"yune","track-a-comparison","luna_pinyin","key_sequence_process_with_context","hao","46","3","13.000","4.333","103514112","103514112","unavailable","153944064","91897856","91897856","unavailable","91897856","91897856","175140864"
"yune","track-a-comparison","luna_pinyin","key_sequence_process_with_context","hao","47","3","13.000","4.333","103514112","103514112","unavailable","153944064","91897856","91897856","unavailable","91897856","91897856","175140864"
"yune","track-a-comparison","luna_pinyin","key_sequence_process_with_context","hao","48","3","13.400","4.467","103514112","103514112","unavailable","153944064","91897856","91897856","unavailable","91897856","91897856","175140864"
"yune","track-a-comparison","luna_pinyin","key_sequence_process_with_context","hao","49","3","13.500","4.500","103514112","103514112","unavailable","153944064","91897856","91897856","unavailable","91897856","91897856","175140864"
"yune","track-a-comparison","luna_pinyin","key_sequence_process_with_context","hao","50","3","13.500","4.500","103514112","103514112","unavailable","153944064","91897856","91897856","unavailable","91897856","91897856","175140864"
"yune","track-a-comparison","luna_pinyin","key_sequence_process_with_context","hao","51","3","13.200","4.400","103514112","103514112","unavailable","153944064","91897856","91897856","unavailable","91897856","91897856","175140864"
"yune","track-a-comparison","luna_pinyin","key_sequence_process_with_context","hao","52","3","13.000","4.333","103514112","103514112","unavailable","153944064","91897856","91897856","unavailable","91897856","91897856","175140864"
"yune","track-a-comparison","luna_pinyin","key_sequence_process_with_context","hao","53","3","13.000","4.333","103514112","103514112","unavailable","153944064","91897856","91897856","unavailable","91897856","91897856","175140864"
"yune","track-a-comparison","luna_pinyin","key_sequence_process_with_context","hao","54","3","13.000","4.333","103514112","103514112","unavailable","153944064","91897856","91897856","unavailable","91897856","91897856","175140864"
"yune","track-a-comparison","luna_pinyin","key_sequence_process_with_context","hao","55","3","16.200","5.400","103514112","103514112","unavailable","153944064","91897856","91897856","unavailable","91897856","91897856","175140864"
"yune","track-a-comparison","luna_pinyin","key_sequence_process_with_context","hao","56","3","13.100","4.367","103514112","103514112","unavailable","153944064","91897856","91897856","unavailable","91897856","91897856","175140864"
"yune","track-a-comparison","luna_pinyin","key_sequence_process_with_context","hao","57","3","13.000","4.333","103514112","103514112","unavailable","153944064","91897856","91897856","unavailable","91897856","91897856","175140864"
"yune","track-a-comparison","luna_pinyin","key_sequence_process_with_context","hao","58","3","13.000","4.333","103514112","103514112","unavailable","153944064","91897856","91897856","unavailable","91897856","91897856","175140864"
"yune","track-a-comparison","luna_pinyin","key_sequence_process_with_context","hao","59","3","13.100","4.367","103514112","103514112","unavailable","153944064","91897856","91897856","unavailable","91897856","91897856","175140864"
"yune","track-a-comparison","luna_pinyin","key_sequence_process_with_context","hao","60","3","13.000","4.333","103514112","103514112","unavailable","153944064","91897856","91897856","unavailable","91897856","91897856","175140864"
"yune","track-a-comparison","luna_pinyin","key_sequence_process_with_context","hao","61","3","13.000","4.333","103514112","103514112","unavailable","153944064","91897856","91897856","unavailable","91897856","91897856","175140864"
"yune","track-a-comparison","luna_pinyin","key_sequence_process_with_context","hao","62","3","13.000","4.333","103514112","103514112","unavailable","153944064","91897856","91897856","unavailable","91897856","91897856","175140864"
"yune","track-a-comparison","luna_pinyin","key_sequence_process_with_context","hao","63","3","13.000","4.333","103514112","103514112","unavailable","153944064","91897856","91897856","unavailable","91897856","91897856","175140864"
"yune","track-a-comparison","luna_pinyin","key_sequence_process_with_context","hao","64","3","13.000","4.333","103514112","103514112","unavailable","153944064","91897856","91897856","unavailable","91897856","91897856","175140864"
"yune","track-a-comparison","luna_pinyin","key_sequence_process_with_context","hao","65","3","13.000","4.333","103514112","103514112","unavailable","153944064","91897856","91897856","unavailable","91897856","91897856","175140864"
"yune","track-a-comparison","luna_pinyin","key_sequence_process_with_context","hao","66","3","13.700","4.567","103514112","103514112","unavailable","153944064","91897856","91897856","unavailable","91897856","91897856","175140864"
"yune","track-a-comparison","luna_pinyin","key_sequence_process_with_context","hao","67","3","13.100","4.367","103514112","103514112","unavailable","153944064","91897856","91897856","unavailable","91897856","91897856","175140864"
"yune","track-a-comparison","luna_pinyin","key_sequence_process_with_context","hao","68","3","13.000","4.333","103514112","103514112","unavailable","153944064","91897856","91897856","unavailable","91897856","91897856","175140864"
"yune","track-a-comparison","luna_pinyin","key_sequence_process_with_context","hao","69","3","13.000","4.333","103514112","103514112","unavailable","153944064","91897856","91897856","unavailable","91897856","91897856","175140864"
"yune","track-a-comparison","luna_pinyin","key_sequence_process_with_context","hao","70","3","13.000","4.333","103514112","103514112","unavailable","153944064","91897856","91897856","unavailable","91897856","91897856","175140864"
"yune","track-a-comparison","luna_pinyin","key_sequence_process_with_context","hao","71","3","13.000","4.333","103514112","103514112","unavailable","153944064","91897856","91897856","unavailable","91897856","91897856","175140864"
"yune","track-a-comparison","luna_pinyin","key_sequence_process_with_context","hao","72","3","13.100","4.367","103514112","103514112","unavailable","153944064","91897856","91897856","unavailable","91897856","91897856","175140864"
"yune","track-a-comparison","luna_pinyin","key_sequence_process_with_context","hao","73","3","14.100","4.700","103514112","103514112","unavailable","153944064","91897856","91897856","unavailable","91897856","91897856","175140864"
"yune","track-a-comparison","luna_pinyin","key_sequence_process_with_context","hao","74","3","13.200","4.400","103514112","103514112","unavailable","153944064","91897856","91897856","unavailable","91897856","91897856","175140864"
"yune","track-a-comparison","luna_pinyin","key_sequence_process_with_context","hao","75","3","14.400","4.800","103514112","103514112","unavailable","153944064","91897856","91897856","unavailable","91897856","91897856","175140864"
"yune","track-a-comparison","luna_pinyin","key_sequence_process_with_context","hao","76","3","13.600","4.533","103514112","103514112","unavailable","153944064","91897856","91897856","unavailable","91897856","91897856","175140864"
"yune","track-a-comparison","luna_pinyin","key_sequence_process_with_context","hao","77","3","13.300","4.433","103514112","103514112","unavailable","153944064","91897856","91897856","unavailable","91897856","91897856","175140864"
"yune","track-a-comparison","luna_pinyin","key_sequence_process_with_context","hao","78","3","13.500","4.500","103514112","103514112","unavailable","153944064","91897856","91897856","unavailable","91897856","91897856","175140864"
"yune","track-a-comparison","luna_pinyin","key_sequence_process_with_context","hao","79","3","13.400","4.467","103514112","103514112","unavailable","153944064","91897856","91897856","unavailable","91897856","91897856","175140864"
"yune","track-a-comparison","luna_pinyin","key_sequence_process_with_context","zhongguo","0","8","54.400","6.800","104235008","104235008","unavailable","153944064","92643328","92643328","unavailable","92643328","92643328","175140864"
"yune","track-a-comparison","luna_pinyin","key_sequence_process_with_context","zhongguo","1","8","54.400","6.800","104235008","104235008","unavailable","153944064","92643328","92643328","unavailable","92643328","92643328","175140864"
"yune","track-a-comparison","luna_pinyin","key_sequence_process_with_context","zhongguo","2","8","54.100","6.763","104235008","104235008","unavailable","153944064","92643328","92643328","unavailable","92643328","92643328","175140864"
"yune","track-a-comparison","luna_pinyin","key_sequence_process_with_context","zhongguo","3","8","53.700","6.712","104235008","104235008","unavailable","153944064","92643328","92643328","unavailable","92643328","92643328","175140864"
"yune","track-a-comparison","luna_pinyin","key_sequence_process_with_context","zhongguo","4","8","53.700","6.712","104235008","104235008","unavailable","153944064","92643328","92643328","unavailable","92643328","92643328","175140864"
"yune","track-a-comparison","luna_pinyin","key_sequence_process_with_context","zhongguo","5","8","54.000","6.750","104235008","104235008","unavailable","153944064","92643328","92643328","unavailable","92643328","92643328","175140864"
"yune","track-a-comparison","luna_pinyin","key_sequence_process_with_context","zhongguo","6","8","53.300","6.663","104235008","104235008","unavailable","153944064","92643328","92643328","unavailable","92643328","92643328","175140864"
"yune","track-a-comparison","luna_pinyin","key_sequence_process_with_context","zhongguo","7","8","53.300","6.663","104235008","104235008","unavailable","153944064","92643328","92643328","unavailable","92643328","92643328","175140864"
"yune","track-a-comparison","luna_pinyin","key_sequence_process_with_context","zhongguo","8","8","53.300","6.663","104235008","104235008","unavailable","153944064","92643328","92643328","unavailable","92643328","92643328","175140864"
"yune","track-a-comparison","luna_pinyin","key_sequence_process_with_context","zhongguo","9","8","53.300","6.663","104235008","104235008","unavailable","153944064","92643328","92643328","unavailable","92643328","92643328","175140864"
"yune","track-a-comparison","luna_pinyin","key_sequence_process_with_context","zhongguo","10","8","52.900","6.612","104235008","104235008","unavailable","153944064","92643328","92643328","unavailable","92643328","92643328","175140864"
"yune","track-a-comparison","luna_pinyin","key_sequence_process_with_context","zhongguo","11","8","53.200","6.650","104235008","104235008","unavailable","153944064","92643328","92643328","unavailable","92643328","92643328","175140864"
"yune","track-a-comparison","luna_pinyin","key_sequence_process_with_context","zhongguo","12","8","60.800","7.600","104235008","104235008","unavailable","153944064","92643328","92643328","unavailable","92643328","92643328","175140864"
"yune","track-a-comparison","luna_pinyin","key_sequence_process_with_context","zhongguo","13","8","53.400","6.675","104235008","104235008","unavailable","153944064","92643328","92643328","unavailable","92643328","92643328","175140864"
"yune","track-a-comparison","luna_pinyin","key_sequence_process_with_context","zhongguo","14","8","54.300","6.787","104235008","104235008","unavailable","153944064","92643328","92643328","unavailable","92643328","92643328","175140864"
"yune","track-a-comparison","luna_pinyin","key_sequence_process_with_context","zhongguo","15","8","53.600","6.700","104235008","104235008","unavailable","153944064","92643328","92643328","unavailable","92643328","92643328","175140864"
"yune","track-a-comparison","luna_pinyin","key_sequence_process_with_context","zhongguo","16","8","53.600","6.700","104235008","104235008","unavailable","153944064","92643328","92643328","unavailable","92643328","92643328","175140864"
"yune","track-a-comparison","luna_pinyin","key_sequence_process_with_context","zhongguo","17","8","53.400","6.675","104235008","104235008","unavailable","153944064","92643328","92643328","unavailable","92643328","92643328","175140864"
"yune","track-a-comparison","luna_pinyin","key_sequence_process_with_context","zhongguo","18","8","53.400","6.675","104235008","104235008","unavailable","153944064","92643328","92643328","unavailable","92643328","92643328","175140864"
"yune","track-a-comparison","luna_pinyin","key_sequence_process_with_context","zhongguo","19","8","52.900","6.612","104235008","104263680","unavailable","153944064","92643328","92643328","unavailable","92643328","92643328","175140864"
"yune","track-a-comparison","luna_pinyin","key_sequence_process_with_context","zhongguo","20","8","53.300","6.663","104263680","104263680","unavailable","153944064","92643328","92643328","unavailable","92643328","92643328","175140864"
"yune","track-a-comparison","luna_pinyin","key_sequence_process_with_context","zhongguo","21","8","53.000","6.625","104263680","104263680","unavailable","153944064","92643328","92643328","unavailable","92643328","92643328","175140864"
"yune","track-a-comparison","luna_pinyin","key_sequence_process_with_context","zhongguo","22","8","53.000","6.625","104263680","104263680","unavailable","153944064","92643328","92643328","unavailable","92643328","92643328","175140864"
"yune","track-a-comparison","luna_pinyin","key_sequence_process_with_context","zhongguo","23","8","53.400","6.675","104263680","104263680","unavailable","153944064","92643328","92643328","unavailable","92643328","92643328","175140864"
"yune","track-a-comparison","luna_pinyin","key_sequence_process_with_context","zhongguo","24","8","52.600","6.575","104263680","104263680","unavailable","153944064","92643328","92643328","unavailable","92643328","92643328","175140864"
"yune","track-a-comparison","luna_pinyin","key_sequence_process_with_context","zhongguo","25","8","53.000","6.625","104263680","104259584","unavailable","153944064","92643328","92643328","unavailable","92643328","92643328","175140864"
"yune","track-a-comparison","luna_pinyin","key_sequence_process_with_context","zhongguo","26","8","53.400","6.675","104259584","104259584","unavailable","153944064","92643328","92643328","unavailable","92643328","92643328","175140864"
"yune","track-a-comparison","luna_pinyin","key_sequence_process_with_context","zhongguo","27","8","53.200","6.650","104259584","104259584","unavailable","153944064","92643328","92643328","unavailable","92643328","92643328","175140864"
"yune","track-a-comparison","luna_pinyin","key_sequence_process_with_context","zhongguo","28","8","53.200","6.650","104259584","104259584","unavailable","153944064","92643328","92643328","unavailable","92643328","92643328","175140864"
"yune","track-a-comparison","luna_pinyin","key_sequence_process_with_context","zhongguo","29","8","53.600","6.700","104259584","104259584","unavailable","153944064","92643328","92643328","unavailable","92643328","92643328","175140864"
"yune","track-a-comparison","luna_pinyin","key_sequence_process_with_context","zhongguo","30","8","52.900","6.612","104259584","104259584","unavailable","153944064","92643328","92643328","unavailable","92643328","92643328","175140864"
"yune","track-a-comparison","luna_pinyin","key_sequence_process_with_context","zhongguo","31","8","53.300","6.663","104259584","104259584","unavailable","153944064","92643328","92643328","unavailable","92643328","92643328","175140864"
"yune","track-a-comparison","luna_pinyin","key_sequence_process_with_context","zhongguo","32","8","53.200","6.650","104259584","104259584","unavailable","153944064","92643328","92643328","unavailable","92643328","92643328","175140864"
"yune","track-a-comparison","luna_pinyin","key_sequence_process_with_context","zhongguo","33","8","53.000","6.625","104259584","104259584","unavailable","153944064","92643328","92643328","unavailable","92643328","92643328","175140864"
"yune","track-a-comparison","luna_pinyin","key_sequence_process_with_context","zhongguo","34","8","53.300","6.663","104259584","104259584","unavailable","153944064","92643328","92643328","unavailable","92643328","92643328","175140864"
"yune","track-a-comparison","luna_pinyin","key_sequence_process_with_context","zhongguo","35","8","53.200","6.650","104259584","104259584","unavailable","153944064","92643328","92643328","unavailable","92643328","92643328","175140864"
"yune","track-a-comparison","luna_pinyin","key_sequence_process_with_context","zhongguo","36","8","59.000","7.375","104259584","104259584","unavailable","153944064","92643328","92643328","unavailable","92643328","92643328","175140864"
"yune","track-a-comparison","luna_pinyin","key_sequence_process_with_context","zhongguo","37","8","53.200","6.650","104259584","104259584","unavailable","153944064","92643328","92643328","unavailable","92643328","92643328","175140864"
"yune","track-a-comparison","luna_pinyin","key_sequence_process_with_context","zhongguo","38","8","53.700","6.712","104259584","104259584","unavailable","153944064","92643328","92643328","unavailable","92643328","92643328","175140864"
"yune","track-a-comparison","luna_pinyin","key_sequence_process_with_context","zhongguo","39","8","53.600","6.700","104259584","104259584","unavailable","153944064","92643328","92643328","unavailable","92643328","92643328","175140864"
"yune","track-a-comparison","luna_pinyin","key_sequence_process_with_context","zhongguo","40","8","53.400","6.675","104259584","104259584","unavailable","153944064","92643328","92643328","unavailable","92643328","92643328","175140864"
"yune","track-a-comparison","luna_pinyin","key_sequence_process_with_context","zhongguo","41","8","54.000","6.750","104259584","104259584","unavailable","153944064","92643328","92643328","unavailable","92643328","92643328","175140864"
"yune","track-a-comparison","luna_pinyin","key_sequence_process_with_context","zhongguo","42","8","53.400","6.675","104259584","104259584","unavailable","153944064","92643328","92643328","unavailable","92643328","92643328","175140864"
"yune","track-a-comparison","luna_pinyin","key_sequence_process_with_context","zhongguo","43","8","53.300","6.663","104259584","104259584","unavailable","153944064","92643328","92643328","unavailable","92643328","92643328","175140864"
"yune","track-a-comparison","luna_pinyin","key_sequence_process_with_context","zhongguo","44","8","53.500","6.688","104259584","104259584","unavailable","153944064","92643328","92643328","unavailable","92643328","92643328","175140864"
"yune","track-a-comparison","luna_pinyin","key_sequence_process_with_context","zhongguo","45","8","53.600","6.700","104259584","104259584","unavailable","153944064","92643328","92643328","unavailable","92643328","92643328","175140864"
"yune","track-a-comparison","luna_pinyin","key_sequence_process_with_context","zhongguo","46","8","53.500","6.688","104259584","104259584","unavailable","153944064","92643328","92643328","unavailable","92643328","92643328","175140864"
"yune","track-a-comparison","luna_pinyin","key_sequence_process_with_context","zhongguo","47","8","53.300","6.663","104259584","104259584","unavailable","153944064","92643328","92643328","unavailable","92643328","92643328","175140864"
"yune","track-a-comparison","luna_pinyin","key_sequence_process_with_context","zhongguo","48","8","53.600","6.700","104259584","104255488","unavailable","153944064","92643328","92643328","unavailable","92643328","92643328","175140864"
"yune","track-a-comparison","luna_pinyin","key_sequence_process_with_context","zhongguo","49","8","53.400","6.675","104255488","104255488","unavailable","153944064","92643328","92643328","unavailable","92643328","92643328","175140864"
"yune","track-a-comparison","luna_pinyin","key_sequence_process_with_context","zhongguo","50","8","53.800","6.725","104255488","104255488","unavailable","153944064","92643328","92643328","unavailable","92643328","92643328","175140864"
"yune","track-a-comparison","luna_pinyin","key_sequence_process_with_context","zhongguo","51","8","53.300","6.663","104255488","104251392","unavailable","153944064","92643328","92643328","unavailable","92643328","92643328","175140864"
"yune","track-a-comparison","luna_pinyin","key_sequence_process_with_context","zhongguo","52","8","53.100","6.638","104251392","104251392","unavailable","153944064","92643328","92643328","unavailable","92643328","92643328","175140864"
"yune","track-a-comparison","luna_pinyin","key_sequence_process_with_context","zhongguo","53","8","53.100","6.638","104251392","104251392","unavailable","153944064","92643328","92643328","unavailable","92643328","92643328","175140864"
"yune","track-a-comparison","luna_pinyin","key_sequence_process_with_context","zhongguo","54","8","53.300","6.663","104251392","104251392","unavailable","153944064","92643328","92643328","unavailable","92643328","92643328","175140864"
"yune","track-a-comparison","luna_pinyin","key_sequence_process_with_context","zhongguo","55","8","54.000","6.750","104251392","104251392","unavailable","153944064","92643328","92643328","unavailable","92643328","92643328","175140864"
"yune","track-a-comparison","luna_pinyin","key_sequence_process_with_context","zhongguo","56","8","54.300","6.787","104251392","104251392","unavailable","153944064","92643328","92643328","unavailable","92643328","92643328","175140864"
"yune","track-a-comparison","luna_pinyin","key_sequence_process_with_context","zhongguo","57","8","53.300","6.663","104251392","104251392","unavailable","153944064","92643328","92643328","unavailable","92643328","92643328","175140864"
"yune","track-a-comparison","luna_pinyin","key_sequence_process_with_context","zhongguo","58","8","53.200","6.650","104251392","104251392","unavailable","153944064","92643328","92643328","unavailable","92643328","92643328","175140864"
"yune","track-a-comparison","luna_pinyin","key_sequence_process_with_context","zhongguo","59","8","53.200","6.650","104251392","104251392","unavailable","153944064","92643328","92643328","unavailable","92643328","92643328","175140864"
"yune","track-a-comparison","luna_pinyin","key_sequence_process_with_context","zhongguo","60","8","54.000","6.750","104251392","104251392","unavailable","153944064","92643328","92643328","unavailable","92643328","92643328","175140864"
"yune","track-a-comparison","luna_pinyin","key_sequence_process_with_context","zhongguo","61","8","53.000","6.625","104251392","104251392","unavailable","153944064","92643328","92643328","unavailable","92643328","92643328","175140864"
"yune","track-a-comparison","luna_pinyin","key_sequence_process_with_context","zhongguo","62","8","53.000","6.625","104251392","104251392","unavailable","153944064","92643328","92643328","unavailable","92643328","92643328","175140864"
"yune","track-a-comparison","luna_pinyin","key_sequence_process_with_context","zhongguo","63","8","52.800","6.600","104251392","104251392","unavailable","153944064","92643328","92643328","unavailable","92643328","92643328","175140864"
"yune","track-a-comparison","luna_pinyin","key_sequence_process_with_context","zhongguo","64","8","52.600","6.575","104251392","104251392","unavailable","153944064","92643328","92643328","unavailable","92643328","92643328","175140864"
"yune","track-a-comparison","luna_pinyin","key_sequence_process_with_context","zhongguo","65","8","53.100","6.638","104251392","104251392","unavailable","153944064","92643328","92643328","unavailable","92643328","92643328","175140864"
"yune","track-a-comparison","luna_pinyin","key_sequence_process_with_context","zhongguo","66","8","52.800","6.600","104251392","104251392","unavailable","153944064","92643328","92643328","unavailable","92643328","92643328","175140864"
"yune","track-a-comparison","luna_pinyin","key_sequence_process_with_context","zhongguo","67","8","53.000","6.625","104251392","104251392","unavailable","153944064","92643328","92643328","unavailable","92643328","92643328","175140864"
"yune","track-a-comparison","luna_pinyin","key_sequence_process_with_context","zhongguo","68","8","53.100","6.638","104251392","104251392","unavailable","153944064","92643328","92643328","unavailable","92643328","92643328","175140864"
"yune","track-a-comparison","luna_pinyin","key_sequence_process_with_context","zhongguo","69","8","52.800","6.600","104251392","104251392","unavailable","153944064","92643328","92643328","unavailable","92643328","92643328","175140864"
"yune","track-a-comparison","luna_pinyin","key_sequence_process_with_context","zhongguo","70","8","52.900","6.612","104251392","104251392","unavailable","153944064","92643328","92643328","unavailable","92643328","92643328","175140864"
"yune","track-a-comparison","luna_pinyin","key_sequence_process_with_context","zhongguo","71","8","53.100","6.638","104251392","104251392","unavailable","153944064","92643328","92643328","unavailable","92643328","92643328","175140864"
"yune","track-a-comparison","luna_pinyin","key_sequence_process_with_context","zhongguo","72","8","53.000","6.625","104251392","104251392","unavailable","153944064","92643328","92643328","unavailable","92643328","92643328","175140864"
"yune","track-a-comparison","luna_pinyin","key_sequence_process_with_context","zhongguo","73","8","53.500","6.688","104251392","104251392","unavailable","153944064","92643328","92643328","unavailable","92643328","92643328","175140864"
"yune","track-a-comparison","luna_pinyin","key_sequence_process_with_context","zhongguo","74","8","52.600","6.575","104251392","104251392","unavailable","153944064","92643328","92643328","unavailable","92643328","92643328","175140864"
"yune","track-a-comparison","luna_pinyin","key_sequence_process_with_context","zhongguo","75","8","52.900","6.612","104251392","104247296","unavailable","153944064","92643328","92643328","unavailable","92643328","92643328","175140864"
"yune","track-a-comparison","luna_pinyin","key_sequence_process_with_context","zhongguo","76","8","53.100","6.638","104247296","104243200","unavailable","153944064","92643328","92643328","unavailable","92643328","92643328","175140864"
"yune","track-a-comparison","luna_pinyin","key_sequence_process_with_context","zhongguo","77","8","53.000","6.625","104243200","104243200","unavailable","153944064","92643328","92643328","unavailable","92643328","92643328","175140864"
"yune","track-a-comparison","luna_pinyin","key_sequence_process_with_context","zhongguo","78","8","52.700","6.588","104243200","104243200","unavailable","153944064","92643328","92643328","unavailable","92643328","92643328","175140864"
"yune","track-a-comparison","luna_pinyin","key_sequence_process_with_context","zhongguo","79","8","52.600","6.575","104243200","104243200","unavailable","153944064","92643328","92643328","unavailable","92643328","92643328","175140864"
"yune","track-a-comparison","luna_pinyin","key_sequence_process_with_context","ceshiyixiachangjushuruxingnengzenyang","0","37","247.800","6.697","103792640","103800832","unavailable","153944064","91705344","91721728","unavailable","91721728","91721728","175140864"
"yune","track-a-comparison","luna_pinyin","key_sequence_process_with_context","ceshiyixiachangjushuruxingnengzenyang","1","37","251.200","6.789","103804928","103804928","unavailable","153944064","91721728","91721728","unavailable","91721728","91721728","175140864"
"yune","track-a-comparison","luna_pinyin","key_sequence_process_with_context","ceshiyixiachangjushuruxingnengzenyang","2","37","257.200","6.951","103804928","103804928","unavailable","153944064","91721728","91721728","unavailable","91721728","91721728","175140864"
"yune","track-a-comparison","luna_pinyin","key_sequence_process_with_context","ceshiyixiachangjushuruxingnengzenyang","3","37","249.800","6.751","103804928","103804928","unavailable","153944064","91721728","91721728","unavailable","91721728","91721728","175140864"
"yune","track-a-comparison","luna_pinyin","key_sequence_process_with_context","ceshiyixiachangjushuruxingnengzenyang","4","37","249.300","6.738","103804928","103804928","unavailable","153944064","91721728","91721728","unavailable","91721728","91721728","175140864"
"yune","track-a-comparison","luna_pinyin","key_sequence_process_with_context","ceshiyixiachangjushuruxingnengzenyang","5","37","250.200","6.762","103804928","103804928","unavailable","153944064","91721728","91721728","unavailable","91721728","91721728","175140864"
"yune","track-a-comparison","luna_pinyin","key_sequence_process_with_context","ceshiyixiachangjushuruxingnengzenyang","6","37","248.700","6.722","103804928","103804928","unavailable","153944064","91721728","91721728","unavailable","91721728","91721728","175140864"
"yune","track-a-comparison","luna_pinyin","key_sequence_process_with_context","ceshiyixiachangjushuruxingnengzenyang","7","37","247.700","6.695","103804928","103804928","unavailable","153944064","91721728","91721728","unavailable","91721728","91721728","175140864"
"yune","track-a-comparison","luna_pinyin","key_sequence_process_with_context","ceshiyixiachangjushuruxingnengzenyang","8","37","252.500","6.824","103804928","103804928","unavailable","153944064","91721728","91721728","unavailable","91721728","91721728","175140864"
"yune","track-a-comparison","luna_pinyin","key_sequence_process_with_context","ceshiyixiachangjushuruxingnengzenyang","9","37","250.500","6.770","103804928","103804928","unavailable","153944064","91721728","91721728","unavailable","91721728","91721728","175140864"
"yune","track-a-comparison","luna_pinyin","key_sequence_process_with_context","ceshiyixiachangjushuruxingnengzenyang","10","37","248.900","6.727","103804928","103804928","unavailable","153944064","91721728","91721728","unavailable","91721728","91721728","175140864"
"yune","track-a-comparison","luna_pinyin","key_sequence_process_with_context","ceshiyixiachangjushuruxingnengzenyang","11","37","248.300","6.711","103804928","103804928","unavailable","153944064","91721728","91721728","unavailable","91721728","91721728","175140864"
"yune","track-a-comparison","luna_pinyin","key_sequence_process_with_context","ceshiyixiachangjushuruxingnengzenyang","12","37","248.700","6.722","103804928","103804928","unavailable","153944064","91721728","91721728","unavailable","91721728","91721728","175140864"
"yune","track-a-comparison","luna_pinyin","key_sequence_process_with_context","ceshiyixiachangjushuruxingnengzenyang","13","37","247.700","6.695","103804928","103804928","unavailable","153944064","91721728","91721728","unavailable","91721728","91721728","175140864"
"yune","track-a-comparison","luna_pinyin","key_sequence_process_with_context","ceshiyixiachangjushuruxingnengzenyang","14","37","253.900","6.862","103804928","103804928","unavailable","153944064","91721728","91721728","unavailable","91721728","91721728","175140864"
"yune","track-a-comparison","luna_pinyin","key_sequence_process_with_context","ceshiyixiachangjushuruxingnengzenyang","15","37","248.700","6.722","103804928","103804928","unavailable","153944064","91721728","91721728","unavailable","91721728","91721728","175140864"
"yune","track-a-comparison","luna_pinyin","key_sequence_process_with_context","ceshiyixiachangjushuruxingnengzenyang","16","37","248.400","6.714","103804928","103804928","unavailable","153944064","91721728","91721728","unavailable","91721728","91721728","175140864"
"yune","track-a-comparison","luna_pinyin","key_sequence_process_with_context","ceshiyixiachangjushuruxingnengzenyang","17","37","247.700","6.695","103804928","103804928","unavailable","153944064","91721728","91721728","unavailable","91721728","91721728","175140864"
"yune","track-a-comparison","luna_pinyin","key_sequence_process_with_context","ceshiyixiachangjushuruxingnengzenyang","18","37","248.600","6.719","103804928","103804928","unavailable","153944064","91721728","91721728","unavailable","91721728","91721728","175140864"
"yune","track-a-comparison","luna_pinyin","key_sequence_process_with_context","ceshiyixiachangjushuruxingnengzenyang","19","37","251.300","6.792","103804928","103804928","unavailable","153944064","91721728","91721728","unavailable","91721728","91721728","175140864"
"yune","track-a-comparison","luna_pinyin","key_sequence_process_with_context","ceshiyixiachangjushuruxingnengzenyang","20","37","255.300","6.900","103804928","103804928","unavailable","153944064","91721728","91721728","unavailable","91721728","91721728","175140864"
"yune","track-a-comparison","luna_pinyin","key_sequence_process_with_context","ceshiyixiachangjushuruxingnengzenyang","21","37","256.100","6.922","103804928","103804928","unavailable","153944064","91721728","91721728","unavailable","91721728","91721728","175140864"
"yune","track-a-comparison","luna_pinyin","key_sequence_process_with_context","ceshiyixiachangjushuruxingnengzenyang","22","37","252.600","6.827","103804928","103804928","unavailable","153944064","91721728","91721728","unavailable","91721728","91721728","175140864"
"yune","track-a-comparison","luna_pinyin","key_sequence_process_with_context","ceshiyixiachangjushuruxingnengzenyang","23","37","251.400","6.795","103804928","103804928","unavailable","153944064","91721728","91721728","unavailable","91721728","91721728","175140864"
"yune","track-a-comparison","luna_pinyin","key_sequence_process_with_context","ceshiyixiachangjushuruxingnengzenyang","24","37","253.300","6.846","103804928","103804928","unavailable","153944064","91721728","91721728","unavailable","91721728","91721728","175140864"
"yune","track-a-comparison","luna_pinyin","key_sequence_process_with_context","ceshiyixiachangjushuruxingnengzenyang","25","37","249.700","6.749","103804928","103804928","unavailable","153944064","91721728","91721728","unavailable","91721728","91721728","175140864"
"yune","track-a-comparison","luna_pinyin","key_sequence_process_with_context","ceshiyixiachangjushuruxingnengzenyang","26","37","248.600","6.719","103804928","103804928","unavailable","153944064","91721728","91721728","unavailable","91721728","91721728","175140864"
"yune","track-a-comparison","luna_pinyin","key_sequence_process_with_context","ceshiyixiachangjushuruxingnengzenyang","27","37","248.200","6.708","103804928","103804928","unavailable","153944064","91721728","91721728","unavailable","91721728","91721728","175140864"
"yune","track-a-comparison","luna_pinyin","key_sequence_process_with_context","ceshiyixiachangjushuruxingnengzenyang","28","37","255.000","6.892","103804928","103804928","unavailable","153944064","91721728","91721728","unavailable","91721728","91721728","175140864"
"yune","track-a-comparison","luna_pinyin","key_sequence_process_with_context","ceshiyixiachangjushuruxingnengzenyang","29","37","250.700","6.776","103804928","103804928","unavailable","153944064","91721728","91721728","unavailable","91721728","91721728","175140864"
"yune","track-a-comparison","luna_pinyin","key_sequence_process_with_context","ceshiyixiachangjushuruxingnengzenyang","30","37","250.300","6.765","103804928","103804928","unavailable","153944064","91721728","91721728","unavailable","91721728","91721728","175140864"
"yune","track-a-comparison","luna_pinyin","key_sequence_process_with_context","ceshiyixiachangjushuruxingnengzenyang","31","37","244.100","6.597","103804928","103804928","unavailable","153944064","91721728","91721728","unavailable","91721728","91721728","175140864"
"yune","track-a-comparison","luna_pinyin","key_sequence_process_with_context","ceshiyixiachangjushuruxingnengzenyang","32","37","244.100","6.597","103804928","103804928","unavailable","153944064","91721728","91721728","unavailable","91721728","91721728","175140864"
"yune","track-a-comparison","luna_pinyin","key_sequence_process_with_context","ceshiyixiachangjushuruxingnengzenyang","33","37","245.300","6.630","103804928","104071168","unavailable","153944064","91721728","92000256","unavailable","92000256","92000256","175140864"
"yune","track-a-comparison","luna_pinyin","key_sequence_process_with_context","ceshiyixiachangjushuruxingnengzenyang","34","37","247.600","6.692","104071168","104079360","unavailable","153944064","92000256","92000256","unavailable","92000256","92000256","175140864"
"yune","track-a-comparison","luna_pinyin","key_sequence_process_with_context","ceshiyixiachangjushuruxingnengzenyang","35","37","250.300","6.765","104079360","104079360","unavailable","153944064","92000256","92000256","unavailable","92000256","92000256","175140864"
"yune","track-a-comparison","luna_pinyin","key_sequence_process_with_context","ceshiyixiachangjushuruxingnengzenyang","36","37","246.000","6.649","104079360","104079360","unavailable","153944064","92000256","92000256","unavailable","92000256","92000256","175140864"
"yune","track-a-comparison","luna_pinyin","key_sequence_process_with_context","ceshiyixiachangjushuruxingnengzenyang","37","37","244.800","6.616","104079360","104079360","unavailable","153944064","92000256","92000256","unavailable","92000256","92000256","175140864"
"yune","track-a-comparison","luna_pinyin","key_sequence_process_with_context","ceshiyixiachangjushuruxingnengzenyang","38","37","245.600","6.638","104079360","104079360","unavailable","153944064","92000256","92000256","unavailable","92000256","92000256","175140864"
"yune","track-a-comparison","luna_pinyin","key_sequence_process_with_context","ceshiyixiachangjushuruxingnengzenyang","39","37","245.700","6.641","104079360","104079360","unavailable","153944064","92000256","92000256","unavailable","92000256","92000256","175140864"
"yune","track-a-comparison","luna_pinyin","key_sequence_process_with_context","ceshiyixiachangjushuruxingnengzenyang","40","37","244.400","6.605","104079360","104079360","unavailable","153944064","92000256","92000256","unavailable","92000256","92000256","175140864"
"yune","track-a-comparison","luna_pinyin","key_sequence_process_with_context","ceshiyixiachangjushuruxingnengzenyang","41","37","278.700","7.532","104079360","104079360","unavailable","153944064","92000256","92000256","unavailable","92000256","92000256","175140864"
"yune","track-a-comparison","luna_pinyin","key_sequence_process_with_context","ceshiyixiachangjushuruxingnengzenyang","42","37","251.700","6.803","104079360","104079360","unavailable","153944064","92000256","92000256","unavailable","92000256","92000256","175140864"
"yune","track-a-comparison","luna_pinyin","key_sequence_process_with_context","ceshiyixiachangjushuruxingnengzenyang","43","37","244.100","6.597","104079360","104079360","unavailable","153944064","92000256","92000256","unavailable","92000256","92000256","175140864"
"yune","track-a-comparison","luna_pinyin","key_sequence_process_with_context","ceshiyixiachangjushuruxingnengzenyang","44","37","243.500","6.581","104079360","104079360","unavailable","153944064","92000256","92000256","unavailable","92000256","92000256","175140864"
"yune","track-a-comparison","luna_pinyin","key_sequence_process_with_context","ceshiyixiachangjushuruxingnengzenyang","45","37","243.500","6.581","104079360","104079360","unavailable","153944064","92000256","92000256","unavailable","92000256","92000256","175140864"
"yune","track-a-comparison","luna_pinyin","key_sequence_process_with_context","ceshiyixiachangjushuruxingnengzenyang","46","37","246.600","6.665","104079360","104079360","unavailable","153944064","92000256","92000256","unavailable","92000256","92000256","175140864"
"yune","track-a-comparison","luna_pinyin","key_sequence_process_with_context","ceshiyixiachangjushuruxingnengzenyang","47","37","245.700","6.641","104079360","104079360","unavailable","153944064","92000256","92000256","unavailable","92000256","92000256","175140864"
"yune","track-a-comparison","luna_pinyin","key_sequence_process_with_context","ceshiyixiachangjushuruxingnengzenyang","48","37","245.200","6.627","104079360","104079360","unavailable","153944064","92000256","92000256","unavailable","92000256","92000256","175140864"
"yune","track-a-comparison","luna_pinyin","key_sequence_process_with_context","ceshiyixiachangjushuruxingnengzenyang","49","37","251.700","6.803","104079360","104079360","unavailable","153944064","92000256","92000256","unavailable","92000256","92000256","175140864"
"yune","track-a-comparison","luna_pinyin","key_sequence_process_with_context","ceshiyixiachangjushuruxingnengzenyang","50","37","245.600","6.638","104079360","104079360","unavailable","153944064","92000256","92000256","unavailable","92000256","92000256","175140864"
"yune","track-a-comparison","luna_pinyin","key_sequence_process_with_context","ceshiyixiachangjushuruxingnengzenyang","51","37","243.500","6.581","104079360","104079360","unavailable","153944064","92000256","92000256","unavailable","92000256","92000256","175140864"
"yune","track-a-comparison","luna_pinyin","key_sequence_process_with_context","ceshiyixiachangjushuruxingnengzenyang","52","37","247.000","6.676","104083456","104083456","unavailable","153944064","92000256","92000256","unavailable","92000256","92000256","175140864"
"yune","track-a-comparison","luna_pinyin","key_sequence_process_with_context","ceshiyixiachangjushuruxingnengzenyang","53","37","245.600","6.638","104083456","104083456","unavailable","153944064","92000256","92000256","unavailable","92000256","92000256","175140864"
"yune","track-a-comparison","luna_pinyin","key_sequence_process_with_context","ceshiyixiachangjushuruxingnengzenyang","54","37","244.000","6.595","104083456","104083456","unavailable","153944064","92000256","92000256","unavailable","92000256","92000256","175140864"
"yune","track-a-comparison","luna_pinyin","key_sequence_process_with_context","ceshiyixiachangjushuruxingnengzenyang","55","37","243.300","6.576","104083456","104083456","unavailable","153944064","92000256","92000256","unavailable","92000256","92000256","175140864"
"yune","track-a-comparison","luna_pinyin","key_sequence_process_with_context","ceshiyixiachangjushuruxingnengzenyang","56","37","244.200","6.600","104083456","104083456","unavailable","153944064","92000256","92000256","unavailable","92000256","92000256","175140864"
"yune","track-a-comparison","luna_pinyin","key_sequence_process_with_context","ceshiyixiachangjushuruxingnengzenyang","57","37","250.900","6.781","104083456","104083456","unavailable","153944064","92000256","92000256","unavailable","92000256","92000256","175140864"
"yune","track-a-comparison","luna_pinyin","key_sequence_process_with_context","ceshiyixiachangjushuruxingnengzenyang","58","37","244.700","6.614","104083456","104083456","unavailable","153944064","92000256","92000256","unavailable","92000256","92000256","175140864"
"yune","track-a-comparison","luna_pinyin","key_sequence_process_with_context","ceshiyixiachangjushuruxingnengzenyang","59","37","244.900","6.619","104083456","104083456","unavailable","153944064","92000256","92000256","unavailable","92000256","92000256","175140864"
"yune","track-a-comparison","luna_pinyin","key_sequence_process_with_context","ceshiyixiachangjushuruxingnengzenyang","60","37","244.300","6.603","104083456","104083456","unavailable","153944064","92000256","92000256","unavailable","92000256","92000256","175140864"
"yune","track-a-comparison","luna_pinyin","key_sequence_process_with_context","ceshiyixiachangjushuruxingnengzenyang","61","37","245.800","6.643","104087552","104087552","unavailable","153944064","92000256","92000256","unavailable","92000256","92000256","175140864"
"yune","track-a-comparison","luna_pinyin","key_sequence_process_with_context","ceshiyixiachangjushuruxingnengzenyang","62","37","245.500","6.635","104087552","104087552","unavailable","153944064","92000256","92000256","unavailable","92000256","92000256","175140864"
"yune","track-a-comparison","luna_pinyin","key_sequence_process_with_context","ceshiyixiachangjushuruxingnengzenyang","63","37","246.700","6.668","104087552","104087552","unavailable","153944064","92000256","92000256","unavailable","92000256","92000256","175140864"
"yune","track-a-comparison","luna_pinyin","key_sequence_process_with_context","ceshiyixiachangjushuruxingnengzenyang","64","37","252.600","6.827","104087552","104087552","unavailable","153944064","92000256","92000256","unavailable","92000256","92000256","175140864"
"yune","track-a-comparison","luna_pinyin","key_sequence_process_with_context","ceshiyixiachangjushuruxingnengzenyang","65","37","245.000","6.622","104087552","104153088","unavailable","153944064","92000256","92069888","unavailable","92069888","92069888","175140864"
"yune","track-a-comparison","luna_pinyin","key_sequence_process_with_context","ceshiyixiachangjushuruxingnengzenyang","66","37","245.900","6.646","104153088","104153088","unavailable","153944064","92069888","92069888","unavailable","92069888","92069888","175140864"
"yune","track-a-comparison","luna_pinyin","key_sequence_process_with_context","ceshiyixiachangjushuruxingnengzenyang","67","37","245.400","6.632","104153088","104153088","unavailable","153944064","92069888","92069888","unavailable","92069888","92069888","175140864"
"yune","track-a-comparison","luna_pinyin","key_sequence_process_with_context","ceshiyixiachangjushuruxingnengzenyang","68","37","243.600","6.584","104153088","104153088","unavailable","153944064","92069888","92069888","unavailable","92069888","92069888","175140864"
"yune","track-a-comparison","luna_pinyin","key_sequence_process_with_context","ceshiyixiachangjushuruxingnengzenyang","69","37","243.700","6.586","104153088","104153088","unavailable","153944064","92069888","92069888","unavailable","92069888","92069888","175140864"
"yune","track-a-comparison","luna_pinyin","key_sequence_process_with_context","ceshiyixiachangjushuruxingnengzenyang","70","37","243.700","6.586","104157184","104157184","unavailable","153944064","92069888","92069888","unavailable","92069888","92069888","175140864"
"yune","track-a-comparison","luna_pinyin","key_sequence_process_with_context","ceshiyixiachangjushuruxingnengzenyang","71","37","251.600","6.800","104157184","104157184","unavailable","153944064","92069888","92069888","unavailable","92069888","92069888","175140864"
"yune","track-a-comparison","luna_pinyin","key_sequence_process_with_context","ceshiyixiachangjushuruxingnengzenyang","72","37","244.100","6.597","104157184","104157184","unavailable","153944064","92069888","92069888","unavailable","92069888","92069888","175140864"
"yune","track-a-comparison","luna_pinyin","key_sequence_process_with_context","ceshiyixiachangjushuruxingnengzenyang","73","37","244.100","6.597","104157184","104157184","unavailable","153944064","92069888","92069888","unavailable","92069888","92069888","175140864"
"yune","track-a-comparison","luna_pinyin","key_sequence_process_with_context","ceshiyixiachangjushuruxingnengzenyang","74","37","247.700","6.695","104157184","104157184","unavailable","153944064","92069888","92069888","unavailable","92069888","92069888","175140864"
"yune","track-a-comparison","luna_pinyin","key_sequence_process_with_context","ceshiyixiachangjushuruxingnengzenyang","75","37","243.700","6.586","104157184","104157184","unavailable","153944064","92069888","92069888","unavailable","92069888","92069888","175140864"
"yune","track-a-comparison","luna_pinyin","key_sequence_process_with_context","ceshiyixiachangjushuruxingnengzenyang","76","37","244.200","6.600","104157184","104157184","unavailable","153944064","92069888","92069888","unavailable","92069888","92069888","175140864"
"yune","track-a-comparison","luna_pinyin","key_sequence_process_with_context","ceshiyixiachangjushuruxingnengzenyang","77","37","244.600","6.611","104157184","104157184","unavailable","153944064","92069888","92069888","unavailable","92069888","92069888","175140864"
"yune","track-a-comparison","luna_pinyin","key_sequence_process_with_context","ceshiyixiachangjushuruxingnengzenyang","78","37","253.300","6.846","104157184","104157184","unavailable","153944064","92069888","92069888","unavailable","92069888","92069888","175140864"
"yune","track-a-comparison","luna_pinyin","key_sequence_process_with_context","ceshiyixiachangjushuruxingnengzenyang","79","37","246.200","6.654","104161280","104161280","unavailable","153944064","92069888","92069888","unavailable","92069888","92069888","175140864"
"yune","track-a-comparison","luna_pinyin","key_sequence_process_with_context","zhegeyinqingqishiyinggaizhichichaochangjuzishurucainengyong","0","59","402.200","6.817","105373696","105377792","unavailable","153944064","94474240","94478336","unavailable","94478336","94478336","175140864"
"yune","track-a-comparison","luna_pinyin","key_sequence_process_with_context","zhegeyinqingqishiyinggaizhichichaochangjuzishurucainengyong","1","59","426.500","7.229","105377792","105517056","unavailable","153944064","94478336","94621696","unavailable","94621696","94621696","175140864"
"yune","track-a-comparison","luna_pinyin","key_sequence_process_with_context","zhegeyinqingqishiyinggaizhichichaochangjuzishurucainengyong","2","59","395.800","6.708","105517056","105517056","unavailable","153944064","94621696","94621696","unavailable","94621696","94621696","175140864"
"yune","track-a-comparison","luna_pinyin","key_sequence_process_with_context","zhegeyinqingqishiyinggaizhichichaochangjuzishurucainengyong","3","59","396.500","6.720","105517056","105517056","unavailable","153944064","94621696","94621696","unavailable","94621696","94621696","175140864"
"yune","track-a-comparison","luna_pinyin","key_sequence_process_with_context","zhegeyinqingqishiyinggaizhichichaochangjuzishurucainengyong","4","59","403.200","6.834","105517056","105517056","unavailable","153944064","94621696","94621696","unavailable","94621696","94621696","175140864"
"yune","track-a-comparison","luna_pinyin","key_sequence_process_with_context","zhegeyinqingqishiyinggaizhichichaochangjuzishurucainengyong","5","59","398.800","6.759","105517056","105517056","unavailable","153944064","94621696","94621696","unavailable","94621696","94621696","175140864"
"yune","track-a-comparison","luna_pinyin","key_sequence_process_with_context","zhegeyinqingqishiyinggaizhichichaochangjuzishurucainengyong","6","59","396.900","6.727","105517056","105517056","unavailable","153944064","94621696","94621696","unavailable","94621696","94621696","175140864"
"yune","track-a-comparison","luna_pinyin","key_sequence_process_with_context","zhegeyinqingqishiyinggaizhichichaochangjuzishurucainengyong","7","59","396.700","6.724","105517056","105517056","unavailable","153944064","94621696","94621696","unavailable","94621696","94621696","175140864"
"yune","track-a-comparison","luna_pinyin","key_sequence_process_with_context","zhegeyinqingqishiyinggaizhichichaochangjuzishurucainengyong","8","59","396.800","6.725","105521152","105521152","unavailable","153944064","94621696","94621696","unavailable","94621696","94621696","175140864"
"yune","track-a-comparison","luna_pinyin","key_sequence_process_with_context","zhegeyinqingqishiyinggaizhichichaochangjuzishurucainengyong","9","59","406.400","6.888","105521152","105521152","unavailable","153944064","94621696","94621696","unavailable","94621696","94621696","175140864"
"yune","track-a-comparison","luna_pinyin","key_sequence_process_with_context","zhegeyinqingqishiyinggaizhichichaochangjuzishurucainengyong","10","59","400.400","6.786","105521152","105521152","unavailable","153944064","94621696","94621696","unavailable","94621696","94621696","175140864"
"yune","track-a-comparison","luna_pinyin","key_sequence_process_with_context","zhegeyinqingqishiyinggaizhichichaochangjuzishurucainengyong","11","59","396.500","6.720","105521152","105521152","unavailable","153944064","94621696","94621696","unavailable","94621696","94621696","175140864"
"yune","track-a-comparison","luna_pinyin","key_sequence_process_with_context","zhegeyinqingqishiyinggaizhichichaochangjuzishurucainengyong","12","59","395.700","6.707","105521152","105521152","unavailable","153944064","94621696","94621696","unavailable","94621696","94621696","175140864"
"yune","track-a-comparison","luna_pinyin","key_sequence_process_with_context","zhegeyinqingqishiyinggaizhichichaochangjuzishurucainengyong","13","59","395.000","6.695","105521152","105521152","unavailable","153944064","94621696","94621696","unavailable","94621696","94621696","175140864"
"yune","track-a-comparison","luna_pinyin","key_sequence_process_with_context","zhegeyinqingqishiyinggaizhichichaochangjuzishurucainengyong","14","59","401.600","6.807","105521152","105521152","unavailable","153944064","94621696","94621696","unavailable","94621696","94621696","175140864"
"yune","track-a-comparison","luna_pinyin","key_sequence_process_with_context","zhegeyinqingqishiyinggaizhichichaochangjuzishurucainengyong","15","59","396.600","6.722","105521152","105521152","unavailable","153944064","94621696","94621696","unavailable","94621696","94621696","175140864"
"yune","track-a-comparison","luna_pinyin","key_sequence_process_with_context","zhegeyinqingqishiyinggaizhichichaochangjuzishurucainengyong","16","59","396.200","6.715","105525248","105525248","unavailable","153944064","94621696","94621696","unavailable","94621696","94621696","175140864"
"yune","track-a-comparison","luna_pinyin","key_sequence_process_with_context","zhegeyinqingqishiyinggaizhichichaochangjuzishurucainengyong","17","59","396.700","6.724","105525248","105525248","unavailable","153944064","94621696","94621696","unavailable","94621696","94621696","175140864"
"yune","track-a-comparison","luna_pinyin","key_sequence_process_with_context","zhegeyinqingqishiyinggaizhichichaochangjuzishurucainengyong","18","59","403.700","6.842","105525248","105525248","unavailable","153944064","94621696","94621696","unavailable","94621696","94621696","175140864"
"yune","track-a-comparison","luna_pinyin","key_sequence_process_with_context","zhegeyinqingqishiyinggaizhichichaochangjuzishurucainengyong","19","59","398.900","6.761","105525248","105525248","unavailable","153944064","94621696","94621696","unavailable","94621696","94621696","175140864"
"yune","track-a-comparison","luna_pinyin","key_sequence_process_with_context","zhegeyinqingqishiyinggaizhichichaochangjuzishurucainengyong","20","59","396.000","6.712","105525248","105525248","unavailable","153944064","94621696","94621696","unavailable","94621696","94621696","175140864"
"yune","track-a-comparison","luna_pinyin","key_sequence_process_with_context","zhegeyinqingqishiyinggaizhichichaochangjuzishurucainengyong","21","59","396.200","6.715","105525248","105525248","unavailable","153944064","94621696","94621696","unavailable","94621696","94621696","175140864"
"yune","track-a-comparison","luna_pinyin","key_sequence_process_with_context","zhegeyinqingqishiyinggaizhichichaochangjuzishurucainengyong","22","59","395.300","6.700","105525248","105525248","unavailable","153944064","94621696","94621696","unavailable","94621696","94621696","175140864"
"yune","track-a-comparison","luna_pinyin","key_sequence_process_with_context","zhegeyinqingqishiyinggaizhichichaochangjuzishurucainengyong","23","59","403.800","6.844","105525248","105525248","unavailable","153944064","94621696","94621696","unavailable","94621696","94621696","175140864"
"yune","track-a-comparison","luna_pinyin","key_sequence_process_with_context","zhegeyinqingqishiyinggaizhichichaochangjuzishurucainengyong","24","59","397.500","6.737","105525248","105525248","unavailable","153944064","94621696","94621696","unavailable","94621696","94621696","175140864"
"yune","track-a-comparison","luna_pinyin","key_sequence_process_with_context","zhegeyinqingqishiyinggaizhichichaochangjuzishurucainengyong","25","59","395.000","6.695","105529344","105529344","unavailable","153944064","94621696","94621696","unavailable","94621696","94621696","175140864"
"yune","track-a-comparison","luna_pinyin","key_sequence_process_with_context","zhegeyinqingqishiyinggaizhichichaochangjuzishurucainengyong","26","59","394.300","6.683","105529344","105529344","unavailable","153944064","94621696","94621696","unavailable","94621696","94621696","175140864"
"yune","track-a-comparison","luna_pinyin","key_sequence_process_with_context","zhegeyinqingqishiyinggaizhichichaochangjuzishurucainengyong","27","59","394.300","6.683","105529344","105529344","unavailable","153944064","94621696","94621696","unavailable","94621696","94621696","175140864"
"yune","track-a-comparison","luna_pinyin","key_sequence_process_with_context","zhegeyinqingqishiyinggaizhichichaochangjuzishurucainengyong","28","59","401.500","6.805","105529344","105529344","unavailable","153944064","94621696","94621696","unavailable","94621696","94621696","175140864"
"yune","track-a-comparison","luna_pinyin","key_sequence_process_with_context","zhegeyinqingqishiyinggaizhichichaochangjuzishurucainengyong","29","59","394.400","6.685","105529344","105529344","unavailable","153944064","94621696","94621696","unavailable","94621696","94621696","175140864"
"yune","track-a-comparison","luna_pinyin","key_sequence_process_with_context","zhegeyinqingqishiyinggaizhichichaochangjuzishurucainengyong","30","59","395.100","6.697","105529344","105529344","unavailable","153944064","94621696","94621696","unavailable","94621696","94621696","175140864"
"yune","track-a-comparison","luna_pinyin","key_sequence_process_with_context","zhegeyinqingqishiyinggaizhichichaochangjuzishurucainengyong","31","59","411.100","6.968","105529344","105529344","unavailable","153944064","94621696","94621696","unavailable","94621696","94621696","175140864"
"yune","track-a-comparison","luna_pinyin","key_sequence_process_with_context","zhegeyinqingqishiyinggaizhichichaochangjuzishurucainengyong","32","59","402.500","6.822","105529344","105529344","unavailable","153944064","94621696","94621696","unavailable","94621696","94621696","175140864"
"yune","track-a-comparison","luna_pinyin","key_sequence_process_with_context","zhegeyinqingqishiyinggaizhichichaochangjuzishurucainengyong","33","59","397.500","6.737","105529344","105529344","unavailable","153944064","94621696","94621696","unavailable","94621696","94621696","175140864"
"yune","track-a-comparison","luna_pinyin","key_sequence_process_with_context","zhegeyinqingqishiyinggaizhichichaochangjuzishurucainengyong","34","59","400.600","6.790","105533440","105533440","unavailable","153944064","94621696","94621696","unavailable","94621696","94621696","175140864"
"yune","track-a-comparison","luna_pinyin","key_sequence_process_with_context","zhegeyinqingqishiyinggaizhichichaochangjuzishurucainengyong","35","59","398.500","6.754","105533440","105533440","unavailable","153944064","94621696","94621696","unavailable","94621696","94621696","175140864"
"yune","track-a-comparison","luna_pinyin","key_sequence_process_with_context","zhegeyinqingqishiyinggaizhichichaochangjuzishurucainengyong","36","59","395.800","6.708","105533440","105533440","unavailable","153944064","94621696","94621696","unavailable","94621696","94621696","175140864"
"yune","track-a-comparison","luna_pinyin","key_sequence_process_with_context","zhegeyinqingqishiyinggaizhichichaochangjuzishurucainengyong","37","59","409.400","6.939","105533440","105533440","unavailable","153944064","94621696","94621696","unavailable","94621696","94621696","175140864"
"yune","track-a-comparison","luna_pinyin","key_sequence_process_with_context","zhegeyinqingqishiyinggaizhichichaochangjuzishurucainengyong","38","59","394.600","6.688","105533440","105533440","unavailable","153944064","94621696","94621696","unavailable","94621696","94621696","175140864"
"yune","track-a-comparison","luna_pinyin","key_sequence_process_with_context","zhegeyinqingqishiyinggaizhichichaochangjuzishurucainengyong","39","59","394.300","6.683","105533440","105533440","unavailable","153944064","94621696","94621696","unavailable","94621696","94621696","175140864"
"yune","track-a-comparison","luna_pinyin","key_sequence_process_with_context","zhegeyinqingqishiyinggaizhichichaochangjuzishurucainengyong","40","59","392.400","6.651","105533440","105533440","unavailable","153944064","94621696","94621696","unavailable","94621696","94621696","175140864"
"yune","track-a-comparison","luna_pinyin","key_sequence_process_with_context","zhegeyinqingqishiyinggaizhichichaochangjuzishurucainengyong","41","59","394.100","6.680","105533440","105533440","unavailable","153944064","94621696","94621696","unavailable","94621696","94621696","175140864"
"yune","track-a-comparison","luna_pinyin","key_sequence_process_with_context","zhegeyinqingqishiyinggaizhichichaochangjuzishurucainengyong","42","59","399.500","6.771","105533440","105533440","unavailable","153944064","94621696","94621696","unavailable","94621696","94621696","175140864"
"yune","track-a-comparison","luna_pinyin","key_sequence_process_with_context","zhegeyinqingqishiyinggaizhichichaochangjuzishurucainengyong","43","59","393.600","6.671","105533440","105533440","unavailable","153944064","94621696","94621696","unavailable","94621696","94621696","175140864"
"yune","track-a-comparison","luna_pinyin","key_sequence_process_with_context","zhegeyinqingqishiyinggaizhichichaochangjuzishurucainengyong","44","59","396.000","6.712","105811968","105811968","unavailable","153944064","95113216","95113216","unavailable","95113216","95113216","175140864"
"yune","track-a-comparison","luna_pinyin","key_sequence_process_with_context","zhegeyinqingqishiyinggaizhichichaochangjuzishurucainengyong","45","59","393.200","6.664","105811968","105811968","unavailable","153944064","95113216","95113216","unavailable","95113216","95113216","175140864"
"yune","track-a-comparison","luna_pinyin","key_sequence_process_with_context","zhegeyinqingqishiyinggaizhichichaochangjuzishurucainengyong","46","59","400.600","6.790","105811968","105811968","unavailable","153944064","95113216","95113216","unavailable","95113216","95113216","175140864"
"yune","track-a-comparison","luna_pinyin","key_sequence_process_with_context","zhegeyinqingqishiyinggaizhichichaochangjuzishurucainengyong","47","59","393.900","6.676","105811968","105811968","unavailable","153944064","95113216","95113216","unavailable","95113216","95113216","175140864"
"yune","track-a-comparison","luna_pinyin","key_sequence_process_with_context","zhegeyinqingqishiyinggaizhichichaochangjuzishurucainengyong","48","59","394.400","6.685","105811968","105811968","unavailable","153944064","95113216","95113216","unavailable","95113216","95113216","175140864"
"yune","track-a-comparison","luna_pinyin","key_sequence_process_with_context","zhegeyinqingqishiyinggaizhichichaochangjuzishurucainengyong","49","59","394.300","6.683","105811968","105811968","unavailable","153944064","95113216","95113216","unavailable","95113216","95113216","175140864"
"yune","track-a-comparison","luna_pinyin","key_sequence_process_with_context","zhegeyinqingqishiyinggaizhichichaochangjuzishurucainengyong","50","59","393.500","6.669","105811968","105811968","unavailable","153944064","95113216","95113216","unavailable","95113216","95113216","175140864"
"yune","track-a-comparison","luna_pinyin","key_sequence_process_with_context","zhegeyinqingqishiyinggaizhichichaochangjuzishurucainengyong","51","59","405.000","6.864","105811968","105811968","unavailable","153944064","95113216","95113216","unavailable","95113216","95113216","175140864"
"yune","track-a-comparison","luna_pinyin","key_sequence_process_with_context","zhegeyinqingqishiyinggaizhichichaochangjuzishurucainengyong","52","59","396.700","6.724","105811968","105811968","unavailable","153944064","95113216","95113216","unavailable","95113216","95113216","175140864"
"yune","track-a-comparison","luna_pinyin","key_sequence_process_with_context","zhegeyinqingqishiyinggaizhichichaochangjuzishurucainengyong","53","59","394.900","6.693","105811968","105811968","unavailable","153944064","95113216","95113216","unavailable","95113216","95113216","175140864"
"yune","track-a-comparison","luna_pinyin","key_sequence_process_with_context","zhegeyinqingqishiyinggaizhichichaochangjuzishurucainengyong","54","59","395.500","6.703","105811968","105811968","unavailable","153944064","95113216","95113216","unavailable","95113216","95113216","175140864"
"yune","track-a-comparison","luna_pinyin","key_sequence_process_with_context","zhegeyinqingqishiyinggaizhichichaochangjuzishurucainengyong","55","59","396.600","6.722","105811968","105811968","unavailable","153944064","95113216","95113216","unavailable","95113216","95113216","175140864"
"yune","track-a-comparison","luna_pinyin","key_sequence_process_with_context","zhegeyinqingqishiyinggaizhichichaochangjuzishurucainengyong","56","59","404.200","6.851","105811968","105811968","unavailable","153944064","95113216","95113216","unavailable","95113216","95113216","175140864"
"yune","track-a-comparison","luna_pinyin","key_sequence_process_with_context","zhegeyinqingqishiyinggaizhichichaochangjuzishurucainengyong","57","59","396.700","6.724","105811968","105811968","unavailable","153944064","95113216","95113216","unavailable","95113216","95113216","175140864"
"yune","track-a-comparison","luna_pinyin","key_sequence_process_with_context","zhegeyinqingqishiyinggaizhichichaochangjuzishurucainengyong","58","59","401.000","6.797","105811968","105811968","unavailable","153944064","95113216","95113216","unavailable","95113216","95113216","175140864"
"yune","track-a-comparison","luna_pinyin","key_sequence_process_with_context","zhegeyinqingqishiyinggaizhichichaochangjuzishurucainengyong","59","59","398.400","6.753","105811968","105811968","unavailable","153944064","95113216","95113216","unavailable","95113216","95113216","175140864"
"yune","track-a-comparison","luna_pinyin","key_sequence_process_with_context","zhegeyinqingqishiyinggaizhichichaochangjuzishurucainengyong","60","59","411.500","6.975","105811968","105840640","unavailable","153944064","95113216","95141888","unavailable","95141888","95141888","175140864"
"yune","track-a-comparison","luna_pinyin","key_sequence_process_with_context","zhegeyinqingqishiyinggaizhichichaochangjuzishurucainengyong","61","59","396.800","6.725","105840640","105902080","unavailable","153944064","95141888","95207424","unavailable","95207424","95207424","175140864"
"yune","track-a-comparison","luna_pinyin","key_sequence_process_with_context","zhegeyinqingqishiyinggaizhichichaochangjuzishurucainengyong","62","59","395.000","6.695","105902080","105902080","unavailable","153944064","95207424","95207424","unavailable","95207424","95207424","175140864"
"yune","track-a-comparison","luna_pinyin","key_sequence_process_with_context","zhegeyinqingqishiyinggaizhichichaochangjuzishurucainengyong","63","59","394.300","6.683","105902080","105902080","unavailable","153944064","95207424","95207424","unavailable","95207424","95207424","175140864"
"yune","track-a-comparison","luna_pinyin","key_sequence_process_with_context","zhegeyinqingqishiyinggaizhichichaochangjuzishurucainengyong","64","59","402.000","6.814","105902080","105902080","unavailable","153944064","95207424","95207424","unavailable","95207424","95207424","175140864"
"yune","track-a-comparison","luna_pinyin","key_sequence_process_with_context","zhegeyinqingqishiyinggaizhichichaochangjuzishurucainengyong","65","59","401.400","6.803","105902080","105902080","unavailable","153944064","95207424","95207424","unavailable","95207424","95207424","175140864"
"yune","track-a-comparison","luna_pinyin","key_sequence_process_with_context","zhegeyinqingqishiyinggaizhichichaochangjuzishurucainengyong","66","59","396.500","6.720","105902080","105902080","unavailable","153944064","95207424","95207424","unavailable","95207424","95207424","175140864"
"yune","track-a-comparison","luna_pinyin","key_sequence_process_with_context","zhegeyinqingqishiyinggaizhichichaochangjuzishurucainengyong","67","59","435.900","7.388","105902080","105902080","unavailable","153944064","95207424","95207424","unavailable","95207424","95207424","175140864"
"yune","track-a-comparison","luna_pinyin","key_sequence_process_with_context","zhegeyinqingqishiyinggaizhichichaochangjuzishurucainengyong","68","59","406.000","6.881","105902080","105902080","unavailable","153944064","95207424","95207424","unavailable","95207424","95207424","175140864"
"yune","track-a-comparison","luna_pinyin","key_sequence_process_with_context","zhegeyinqingqishiyinggaizhichichaochangjuzishurucainengyong","69","59","401.600","6.807","105902080","105971712","unavailable","153944064","95207424","95281152","unavailable","95281152","95281152","175140864"
"yune","track-a-comparison","luna_pinyin","key_sequence_process_with_context","zhegeyinqingqishiyinggaizhichichaochangjuzishurucainengyong","70","59","395.100","6.697","105971712","105971712","unavailable","153944064","95281152","95281152","unavailable","95281152","95281152","175140864"
"yune","track-a-comparison","luna_pinyin","key_sequence_process_with_context","zhegeyinqingqishiyinggaizhichichaochangjuzishurucainengyong","71","59","396.200","6.715","105971712","105971712","unavailable","153944064","95281152","95281152","unavailable","95281152","95281152","175140864"
"yune","track-a-comparison","luna_pinyin","key_sequence_process_with_context","zhegeyinqingqishiyinggaizhichichaochangjuzishurucainengyong","72","59","393.100","6.663","105971712","105971712","unavailable","153944064","95281152","95281152","unavailable","95281152","95281152","175140864"
"yune","track-a-comparison","luna_pinyin","key_sequence_process_with_context","zhegeyinqingqishiyinggaizhichichaochangjuzishurucainengyong","73","59","400.000","6.780","105971712","105971712","unavailable","153944064","95281152","95281152","unavailable","95281152","95281152","175140864"
"yune","track-a-comparison","luna_pinyin","key_sequence_process_with_context","zhegeyinqingqishiyinggaizhichichaochangjuzishurucainengyong","74","59","395.200","6.698","105971712","105971712","unavailable","153944064","95281152","95281152","unavailable","95281152","95281152","175140864"
"yune","track-a-comparison","luna_pinyin","key_sequence_process_with_context","zhegeyinqingqishiyinggaizhichichaochangjuzishurucainengyong","75","59","394.100","6.680","105971712","105971712","unavailable","153944064","95281152","95281152","unavailable","95281152","95281152","175140864"
"yune","track-a-comparison","luna_pinyin","key_sequence_process_with_context","zhegeyinqingqishiyinggaizhichichaochangjuzishurucainengyong","76","59","393.900","6.676","105971712","105971712","unavailable","153944064","95281152","95281152","unavailable","95281152","95281152","175140864"
"yune","track-a-comparison","luna_pinyin","key_sequence_process_with_context","zhegeyinqingqishiyinggaizhichichaochangjuzishurucainengyong","77","59","395.300","6.700","105971712","105971712","unavailable","153944064","95281152","95281152","unavailable","95281152","95281152","175140864"
"yune","track-a-comparison","luna_pinyin","key_sequence_process_with_context","zhegeyinqingqishiyinggaizhichichaochangjuzishurucainengyong","78","59","396.700","6.724","105971712","106164224","unavailable","153944064","95281152","95281152","unavailable","95281152","95281152","175140864"
"yune","track-a-comparison","luna_pinyin","key_sequence_process_with_context","zhegeyinqingqishiyinggaizhichichaochangjuzishurucainengyong","79","59","401.500","6.805","106164224","106164224","unavailable","153944064","95281152","95281152","unavailable","95281152","95281152","175140864"
"yune","track-a-comparison","luna_pinyin","key_sequence_process_with_context","cszysmsrsd","0","10","65.000","6.500","106389504","106393600","unavailable","153944064","94728192","94732288","unavailable","94732288","94732288","175140864"
"yune","track-a-comparison","luna_pinyin","key_sequence_process_with_context","cszysmsrsd","1","10","65.500","6.550","106393600","106393600","unavailable","153944064","94732288","94732288","unavailable","94732288","94732288","175140864"
"yune","track-a-comparison","luna_pinyin","key_sequence_process_with_context","cszysmsrsd","2","10","64.900","6.490","106393600","106393600","unavailable","153944064","94732288","94732288","unavailable","94732288","94732288","175140864"
"yune","track-a-comparison","luna_pinyin","key_sequence_process_with_context","cszysmsrsd","3","10","64.600","6.460","106393600","106393600","unavailable","153944064","94732288","94732288","unavailable","94732288","94732288","175140864"
"yune","track-a-comparison","luna_pinyin","key_sequence_process_with_context","cszysmsrsd","4","10","64.500","6.450","106393600","106393600","unavailable","153944064","94732288","94732288","unavailable","94732288","94732288","175140864"
"yune","track-a-comparison","luna_pinyin","key_sequence_process_with_context","cszysmsrsd","5","10","64.400","6.440","106393600","106393600","unavailable","153944064","94732288","94732288","unavailable","94732288","94732288","175140864"
"yune","track-a-comparison","luna_pinyin","key_sequence_process_with_context","cszysmsrsd","6","10","65.000","6.500","106393600","106393600","unavailable","153944064","94732288","94732288","unavailable","94732288","94732288","175140864"
"yune","track-a-comparison","luna_pinyin","key_sequence_process_with_context","cszysmsrsd","7","10","64.000","6.400","106393600","106393600","unavailable","153944064","94732288","94732288","unavailable","94732288","94732288","175140864"
"yune","track-a-comparison","luna_pinyin","key_sequence_process_with_context","cszysmsrsd","8","10","64.700","6.470","106393600","106393600","unavailable","153944064","94732288","94732288","unavailable","94732288","94732288","175140864"
"yune","track-a-comparison","luna_pinyin","key_sequence_process_with_context","cszysmsrsd","9","10","63.900","6.390","106393600","106393600","unavailable","153944064","94732288","94732288","unavailable","94732288","94732288","175140864"
"yune","track-a-comparison","luna_pinyin","key_sequence_process_with_context","cszysmsrsd","10","10","63.800","6.380","106393600","106393600","unavailable","153944064","94732288","94732288","unavailable","94732288","94732288","175140864"
"yune","track-a-comparison","luna_pinyin","key_sequence_process_with_context","cszysmsrsd","11","10","63.800","6.380","106393600","106393600","unavailable","153944064","94732288","94732288","unavailable","94732288","94732288","175140864"
"yune","track-a-comparison","luna_pinyin","key_sequence_process_with_context","cszysmsrsd","12","10","63.700","6.370","106393600","106393600","unavailable","153944064","94732288","94732288","unavailable","94732288","94732288","175140864"
"yune","track-a-comparison","luna_pinyin","key_sequence_process_with_context","cszysmsrsd","13","10","63.900","6.390","106393600","106393600","unavailable","153944064","94732288","94732288","unavailable","94732288","94732288","175140864"
"yune","track-a-comparison","luna_pinyin","key_sequence_process_with_context","cszysmsrsd","14","10","63.700","6.370","106393600","106393600","unavailable","153944064","94732288","94732288","unavailable","94732288","94732288","175140864"
"yune","track-a-comparison","luna_pinyin","key_sequence_process_with_context","cszysmsrsd","15","10","63.900","6.390","106393600","106393600","unavailable","153944064","94732288","94732288","unavailable","94732288","94732288","175140864"
"yune","track-a-comparison","luna_pinyin","key_sequence_process_with_context","cszysmsrsd","16","10","63.800","6.380","106393600","106393600","unavailable","153944064","94732288","94732288","unavailable","94732288","94732288","175140864"
"yune","track-a-comparison","luna_pinyin","key_sequence_process_with_context","cszysmsrsd","17","10","64.100","6.410","106393600","106393600","unavailable","153944064","94732288","94732288","unavailable","94732288","94732288","175140864"
"yune","track-a-comparison","luna_pinyin","key_sequence_process_with_context","cszysmsrsd","18","10","67.600","6.760","106393600","106393600","unavailable","153944064","94732288","94732288","unavailable","94732288","94732288","175140864"
"yune","track-a-comparison","luna_pinyin","key_sequence_process_with_context","cszysmsrsd","19","10","65.500","6.550","106393600","106393600","unavailable","153944064","94732288","94732288","unavailable","94732288","94732288","175140864"
"yune","track-a-comparison","luna_pinyin","key_sequence_process_with_context","cszysmsrsd","20","10","63.900","6.390","106393600","106393600","unavailable","153944064","94732288","94732288","unavailable","94732288","94732288","175140864"
"yune","track-a-comparison","luna_pinyin","key_sequence_process_with_context","cszysmsrsd","21","10","64.000","6.400","106393600","106393600","unavailable","153944064","94732288","94732288","unavailable","94732288","94732288","175140864"
"yune","track-a-comparison","luna_pinyin","key_sequence_process_with_context","cszysmsrsd","22","10","64.100","6.410","106393600","106393600","unavailable","153944064","94732288","94732288","unavailable","94732288","94732288","175140864"
"yune","track-a-comparison","luna_pinyin","key_sequence_process_with_context","cszysmsrsd","23","10","64.400","6.440","106393600","106393600","unavailable","153944064","94732288","94732288","unavailable","94732288","94732288","175140864"
"yune","track-a-comparison","luna_pinyin","key_sequence_process_with_context","cszysmsrsd","24","10","64.000","6.400","106393600","106393600","unavailable","153944064","94732288","94732288","unavailable","94732288","94732288","175140864"
"yune","track-a-comparison","luna_pinyin","key_sequence_process_with_context","cszysmsrsd","25","10","64.200","6.420","106393600","106393600","unavailable","153944064","94732288","94732288","unavailable","94732288","94732288","175140864"
"yune","track-a-comparison","luna_pinyin","key_sequence_process_with_context","cszysmsrsd","26","10","65.300","6.530","106393600","106393600","unavailable","153944064","94732288","94732288","unavailable","94732288","94732288","175140864"
"yune","track-a-comparison","luna_pinyin","key_sequence_process_with_context","cszysmsrsd","27","10","64.700","6.470","106393600","106393600","unavailable","153944064","94732288","94732288","unavailable","94732288","94732288","175140864"
"yune","track-a-comparison","luna_pinyin","key_sequence_process_with_context","cszysmsrsd","28","10","64.500","6.450","106393600","106393600","unavailable","153944064","94732288","94732288","unavailable","94732288","94732288","175140864"
"yune","track-a-comparison","luna_pinyin","key_sequence_process_with_context","cszysmsrsd","29","10","70.200","7.020","106393600","106393600","unavailable","153944064","94732288","94732288","unavailable","94732288","94732288","175140864"
"yune","track-a-comparison","luna_pinyin","key_sequence_process_with_context","cszysmsrsd","30","10","64.500","6.450","106393600","106393600","unavailable","153944064","94732288","94732288","unavailable","94732288","94732288","175140864"
"yune","track-a-comparison","luna_pinyin","key_sequence_process_with_context","cszysmsrsd","31","10","64.100","6.410","106393600","106393600","unavailable","153944064","94732288","94732288","unavailable","94732288","94732288","175140864"
"yune","track-a-comparison","luna_pinyin","key_sequence_process_with_context","cszysmsrsd","32","10","64.900","6.490","106393600","106393600","unavailable","153944064","94732288","94732288","unavailable","94732288","94732288","175140864"
"yune","track-a-comparison","luna_pinyin","key_sequence_process_with_context","cszysmsrsd","33","10","64.200","6.420","106393600","106393600","unavailable","153944064","94732288","94732288","unavailable","94732288","94732288","175140864"
"yune","track-a-comparison","luna_pinyin","key_sequence_process_with_context","cszysmsrsd","34","10","64.700","6.470","106393600","106393600","unavailable","153944064","94732288","94732288","unavailable","94732288","94732288","175140864"
"yune","track-a-comparison","luna_pinyin","key_sequence_process_with_context","cszysmsrsd","35","10","64.900","6.490","106393600","106393600","unavailable","153944064","94732288","94732288","unavailable","94732288","94732288","175140864"
"yune","track-a-comparison","luna_pinyin","key_sequence_process_with_context","cszysmsrsd","36","10","64.700","6.470","106393600","106459136","unavailable","153944064","94732288","94732288","unavailable","94732288","94732288","175140864"
"yune","track-a-comparison","luna_pinyin","key_sequence_process_with_context","cszysmsrsd","37","10","65.000","6.500","106459136","106459136","unavailable","153944064","94732288","94732288","unavailable","94732288","94732288","175140864"
"yune","track-a-comparison","luna_pinyin","key_sequence_process_with_context","cszysmsrsd","38","10","70.200","7.020","106459136","106459136","unavailable","153944064","94732288","94732288","unavailable","94732288","94732288","175140864"
"yune","track-a-comparison","luna_pinyin","key_sequence_process_with_context","cszysmsrsd","39","10","64.400","6.440","106459136","106459136","unavailable","153944064","94732288","94732288","unavailable","94732288","94732288","175140864"
"yune","track-a-comparison","luna_pinyin","key_sequence_process_with_context","cszysmsrsd","40","10","63.700","6.370","106459136","106459136","unavailable","153944064","94732288","94732288","unavailable","94732288","94732288","175140864"
"yune","track-a-comparison","luna_pinyin","key_sequence_process_with_context","cszysmsrsd","41","10","64.100","6.410","106459136","106459136","unavailable","153944064","94732288","94732288","unavailable","94732288","94732288","175140864"
"yune","track-a-comparison","luna_pinyin","key_sequence_process_with_context","cszysmsrsd","42","10","64.100","6.410","106459136","106459136","unavailable","153944064","94732288","94732288","unavailable","94732288","94732288","175140864"
"yune","track-a-comparison","luna_pinyin","key_sequence_process_with_context","cszysmsrsd","43","10","64.000","6.400","106459136","106459136","unavailable","153944064","94732288","94732288","unavailable","94732288","94732288","175140864"
"yune","track-a-comparison","luna_pinyin","key_sequence_process_with_context","cszysmsrsd","44","10","64.100","6.410","106459136","106459136","unavailable","153944064","94732288","94732288","unavailable","94732288","94732288","175140864"
"yune","track-a-comparison","luna_pinyin","key_sequence_process_with_context","cszysmsrsd","45","10","64.200","6.420","106459136","106459136","unavailable","153944064","94732288","94732288","unavailable","94732288","94732288","175140864"
"yune","track-a-comparison","luna_pinyin","key_sequence_process_with_context","cszysmsrsd","46","10","63.900","6.390","106459136","106459136","unavailable","153944064","94732288","94732288","unavailable","94732288","94732288","175140864"
"yune","track-a-comparison","luna_pinyin","key_sequence_process_with_context","cszysmsrsd","47","10","64.200","6.420","106459136","106459136","unavailable","153944064","94732288","94732288","unavailable","94732288","94732288","175140864"
"yune","track-a-comparison","luna_pinyin","key_sequence_process_with_context","cszysmsrsd","48","10","64.200","6.420","106459136","106459136","unavailable","153944064","94732288","94732288","unavailable","94732288","94732288","175140864"
"yune","track-a-comparison","luna_pinyin","key_sequence_process_with_context","cszysmsrsd","49","10","64.000","6.400","106459136","106459136","unavailable","153944064","94732288","94732288","unavailable","94732288","94732288","175140864"
"yune","track-a-comparison","luna_pinyin","key_sequence_process_with_context","cszysmsrsd","50","10","64.000","6.400","106459136","106459136","unavailable","153944064","94732288","94732288","unavailable","94732288","94732288","175140864"
"yune","track-a-comparison","luna_pinyin","key_sequence_process_with_context","cszysmsrsd","51","10","63.900","6.390","106459136","106459136","unavailable","153944064","94732288","94732288","unavailable","94732288","94732288","175140864"
"yune","track-a-comparison","luna_pinyin","key_sequence_process_with_context","cszysmsrsd","52","10","63.700","6.370","106459136","106459136","unavailable","153944064","94732288","94732288","unavailable","94732288","94732288","175140864"
"yune","track-a-comparison","luna_pinyin","key_sequence_process_with_context","cszysmsrsd","53","10","63.900","6.390","106459136","106459136","unavailable","153944064","94732288","94732288","unavailable","94732288","94732288","175140864"
"yune","track-a-comparison","luna_pinyin","key_sequence_process_with_context","cszysmsrsd","54","10","63.800","6.380","106459136","106459136","unavailable","153944064","94732288","94732288","unavailable","94732288","94732288","175140864"
"yune","track-a-comparison","luna_pinyin","key_sequence_process_with_context","cszysmsrsd","55","10","64.000","6.400","106459136","106459136","unavailable","153944064","94732288","94732288","unavailable","94732288","94732288","175140864"
"yune","track-a-comparison","luna_pinyin","key_sequence_process_with_context","cszysmsrsd","56","10","64.800","6.480","106459136","106459136","unavailable","153944064","94732288","94732288","unavailable","94732288","94732288","175140864"
"yune","track-a-comparison","luna_pinyin","key_sequence_process_with_context","cszysmsrsd","57","10","64.300","6.430","106459136","106459136","unavailable","153944064","94732288","94732288","unavailable","94732288","94732288","175140864"
"yune","track-a-comparison","luna_pinyin","key_sequence_process_with_context","cszysmsrsd","58","10","64.300","6.430","106459136","106459136","unavailable","153944064","94732288","94732288","unavailable","94732288","94732288","175140864"
"yune","track-a-comparison","luna_pinyin","key_sequence_process_with_context","cszysmsrsd","59","10","69.600","6.960","106459136","106459136","unavailable","153944064","94732288","94732288","unavailable","94732288","94732288","175140864"
"yune","track-a-comparison","luna_pinyin","key_sequence_process_with_context","cszysmsrsd","60","10","65.000","6.500","106459136","106459136","unavailable","153944064","94732288","94732288","unavailable","94732288","94732288","175140864"
"yune","track-a-comparison","luna_pinyin","key_sequence_process_with_context","cszysmsrsd","61","10","64.400","6.440","106459136","106725376","unavailable","153944064","94732288","95350784","unavailable","95350784","95350784","175140864"
"yune","track-a-comparison","luna_pinyin","key_sequence_process_with_context","cszysmsrsd","62","10","64.400","6.440","106790912","106790912","unavailable","153944064","95350784","95350784","unavailable","95350784","95350784","175140864"
"yune","track-a-comparison","luna_pinyin","key_sequence_process_with_context","cszysmsrsd","63","10","64.000","6.400","106790912","106790912","unavailable","153944064","95350784","95350784","unavailable","95350784","95350784","175140864"
"yune","track-a-comparison","luna_pinyin","key_sequence_process_with_context","cszysmsrsd","64","10","66.300","6.630","106790912","106790912","unavailable","153944064","95350784","95350784","unavailable","95350784","95350784","175140864"
"yune","track-a-comparison","luna_pinyin","key_sequence_process_with_context","cszysmsrsd","65","10","65.100","6.510","106790912","106790912","unavailable","153944064","95350784","95350784","unavailable","95350784","95350784","175140864"
"yune","track-a-comparison","luna_pinyin","key_sequence_process_with_context","cszysmsrsd","66","10","65.100","6.510","106790912","106790912","unavailable","153944064","95350784","95350784","unavailable","95350784","95350784","175140864"
"yune","track-a-comparison","luna_pinyin","key_sequence_process_with_context","cszysmsrsd","67","10","64.900","6.490","106790912","106790912","unavailable","153944064","95350784","95350784","unavailable","95350784","95350784","175140864"
"yune","track-a-comparison","luna_pinyin","key_sequence_process_with_context","cszysmsrsd","68","10","65.200","6.520","106790912","106790912","unavailable","153944064","95350784","95350784","unavailable","95350784","95350784","175140864"
"yune","track-a-comparison","luna_pinyin","key_sequence_process_with_context","cszysmsrsd","69","10","64.200","6.420","106790912","106790912","unavailable","153944064","95350784","95350784","unavailable","95350784","95350784","175140864"
"yune","track-a-comparison","luna_pinyin","key_sequence_process_with_context","cszysmsrsd","70","10","64.300","6.430","106790912","106790912","unavailable","153944064","95350784","95350784","unavailable","95350784","95350784","175140864"
"yune","track-a-comparison","luna_pinyin","key_sequence_process_with_context","cszysmsrsd","71","10","64.600","6.460","106790912","106790912","unavailable","153944064","95350784","95350784","unavailable","95350784","95350784","175140864"
"yune","track-a-comparison","luna_pinyin","key_sequence_process_with_context","cszysmsrsd","72","10","63.900","6.390","106790912","106790912","unavailable","153944064","95350784","95350784","unavailable","95350784","95350784","175140864"
"yune","track-a-comparison","luna_pinyin","key_sequence_process_with_context","cszysmsrsd","73","10","65.700","6.570","106790912","106790912","unavailable","153944064","95350784","95350784","unavailable","95350784","95350784","175140864"
"yune","track-a-comparison","luna_pinyin","key_sequence_process_with_context","cszysmsrsd","74","10","64.300","6.430","106790912","106790912","unavailable","153944064","95350784","95350784","unavailable","95350784","95350784","175140864"
"yune","track-a-comparison","luna_pinyin","key_sequence_process_with_context","cszysmsrsd","75","10","64.500","6.450","106790912","106790912","unavailable","153944064","95350784","95350784","unavailable","95350784","95350784","175140864"
"yune","track-a-comparison","luna_pinyin","key_sequence_process_with_context","cszysmsrsd","76","10","64.600","6.460","106790912","106790912","unavailable","153944064","95350784","95350784","unavailable","95350784","95350784","175140864"
"yune","track-a-comparison","luna_pinyin","key_sequence_process_with_context","cszysmsrsd","77","10","64.100","6.410","106790912","106790912","unavailable","153944064","95350784","95350784","unavailable","95350784","95350784","175140864"
"yune","track-a-comparison","luna_pinyin","key_sequence_process_with_context","cszysmsrsd","78","10","64.300","6.430","106790912","106790912","unavailable","153944064","95350784","95350784","unavailable","95350784","95350784","175140864"
"yune","track-a-comparison","luna_pinyin","key_sequence_process_with_context","cszysmsrsd","79","10","63.700","6.370","106790912","106790912","unavailable","153944064","95350784","95350784","unavailable","95350784","95350784","175140864"
"yune","track-a-comparison","luna_pinyin","key_sequence_process_with_context","zybfshmsru","0","10","65.300","6.530","107094016","107102208","unavailable","153944064","95322112","95330304","unavailable","95330304","95330304","175140864"
"yune","track-a-comparison","luna_pinyin","key_sequence_process_with_context","zybfshmsru","1","10","66.100","6.610","107102208","107102208","unavailable","153944064","95330304","95330304","unavailable","95330304","95330304","175140864"
"yune","track-a-comparison","luna_pinyin","key_sequence_process_with_context","zybfshmsru","2","10","65.800","6.580","107102208","107102208","unavailable","153944064","95330304","95330304","unavailable","95330304","95330304","175140864"
"yune","track-a-comparison","luna_pinyin","key_sequence_process_with_context","zybfshmsru","3","10","65.200","6.520","107102208","107102208","unavailable","153944064","95330304","95330304","unavailable","95330304","95330304","175140864"
"yune","track-a-comparison","luna_pinyin","key_sequence_process_with_context","zybfshmsru","4","10","64.700","6.470","107102208","107102208","unavailable","153944064","95330304","95330304","unavailable","95330304","95330304","175140864"
"yune","track-a-comparison","luna_pinyin","key_sequence_process_with_context","zybfshmsru","5","10","65.200","6.520","107102208","107102208","unavailable","153944064","95330304","95330304","unavailable","95330304","95330304","175140864"
"yune","track-a-comparison","luna_pinyin","key_sequence_process_with_context","zybfshmsru","6","10","64.500","6.450","107102208","107102208","unavailable","153944064","95330304","95330304","unavailable","95330304","95330304","175140864"
"yune","track-a-comparison","luna_pinyin","key_sequence_process_with_context","zybfshmsru","7","10","64.800","6.480","107102208","107102208","unavailable","153944064","95330304","95330304","unavailable","95330304","95330304","175140864"
"yune","track-a-comparison","luna_pinyin","key_sequence_process_with_context","zybfshmsru","8","10","64.500","6.450","107102208","107102208","unavailable","153944064","95330304","95330304","unavailable","95330304","95330304","175140864"
"yune","track-a-comparison","luna_pinyin","key_sequence_process_with_context","zybfshmsru","9","10","64.300","6.430","107102208","107102208","unavailable","153944064","95330304","95330304","unavailable","95330304","95330304","175140864"
"yune","track-a-comparison","luna_pinyin","key_sequence_process_with_context","zybfshmsru","10","10","64.400","6.440","107102208","107102208","unavailable","153944064","95330304","95330304","unavailable","95330304","95330304","175140864"
"yune","track-a-comparison","luna_pinyin","key_sequence_process_with_context","zybfshmsru","11","10","71.500","7.150","107102208","107102208","unavailable","153944064","95330304","95330304","unavailable","95330304","95330304","175140864"
"yune","track-a-comparison","luna_pinyin","key_sequence_process_with_context","zybfshmsru","12","10","64.800","6.480","107102208","107102208","unavailable","153944064","95330304","95330304","unavailable","95330304","95330304","175140864"
"yune","track-a-comparison","luna_pinyin","key_sequence_process_with_context","zybfshmsru","13","10","64.400","6.440","107102208","107102208","unavailable","153944064","95330304","95330304","unavailable","95330304","95330304","175140864"
"yune","track-a-comparison","luna_pinyin","key_sequence_process_with_context","zybfshmsru","14","10","64.400","6.440","107102208","107102208","unavailable","153944064","95330304","95330304","unavailable","95330304","95330304","175140864"
"yune","track-a-comparison","luna_pinyin","key_sequence_process_with_context","zybfshmsru","15","10","64.500","6.450","107102208","107102208","unavailable","153944064","95330304","95330304","unavailable","95330304","95330304","175140864"
"yune","track-a-comparison","luna_pinyin","key_sequence_process_with_context","zybfshmsru","16","10","64.300","6.430","107102208","107102208","unavailable","153944064","95330304","95330304","unavailable","95330304","95330304","175140864"
"yune","track-a-comparison","luna_pinyin","key_sequence_process_with_context","zybfshmsru","17","10","64.000","6.400","107102208","107102208","unavailable","153944064","95330304","95330304","unavailable","95330304","95330304","175140864"
"yune","track-a-comparison","luna_pinyin","key_sequence_process_with_context","zybfshmsru","18","10","64.000","6.400","107102208","107102208","unavailable","153944064","95330304","95330304","unavailable","95330304","95330304","175140864"
"yune","track-a-comparison","luna_pinyin","key_sequence_process_with_context","zybfshmsru","19","10","64.200","6.420","107102208","107102208","unavailable","153944064","95330304","95330304","unavailable","95330304","95330304","175140864"
"yune","track-a-comparison","luna_pinyin","key_sequence_process_with_context","zybfshmsru","20","10","64.100","6.410","107102208","107102208","unavailable","153944064","95330304","95330304","unavailable","95330304","95330304","175140864"
"yune","track-a-comparison","luna_pinyin","key_sequence_process_with_context","zybfshmsru","21","10","64.400","6.440","107102208","107102208","unavailable","153944064","95330304","95330304","unavailable","95330304","95330304","175140864"
"yune","track-a-comparison","luna_pinyin","key_sequence_process_with_context","zybfshmsru","22","10","64.400","6.440","107102208","107102208","unavailable","153944064","95330304","95330304","unavailable","95330304","95330304","175140864"
"yune","track-a-comparison","luna_pinyin","key_sequence_process_with_context","zybfshmsru","23","10","64.000","6.400","107102208","107102208","unavailable","153944064","95330304","95330304","unavailable","95330304","95330304","175140864"
"yune","track-a-comparison","luna_pinyin","key_sequence_process_with_context","zybfshmsru","24","10","64.500","6.450","107102208","107102208","unavailable","153944064","95330304","95330304","unavailable","95330304","95330304","175140864"
"yune","track-a-comparison","luna_pinyin","key_sequence_process_with_context","zybfshmsru","25","10","64.900","6.490","107102208","107102208","unavailable","153944064","95330304","95330304","unavailable","95330304","95330304","175140864"
"yune","track-a-comparison","luna_pinyin","key_sequence_process_with_context","zybfshmsru","26","10","64.600","6.460","107102208","107102208","unavailable","153944064","95330304","95330304","unavailable","95330304","95330304","175140864"
"yune","track-a-comparison","luna_pinyin","key_sequence_process_with_context","zybfshmsru","27","10","64.700","6.470","107102208","107102208","unavailable","153944064","95330304","95330304","unavailable","95330304","95330304","175140864"
"yune","track-a-comparison","luna_pinyin","key_sequence_process_with_context","zybfshmsru","28","10","65.100","6.510","107102208","107102208","unavailable","153944064","95330304","95330304","unavailable","95330304","95330304","175140864"
"yune","track-a-comparison","luna_pinyin","key_sequence_process_with_context","zybfshmsru","29","10","70.600","7.060","107102208","107102208","unavailable","153944064","95330304","95330304","unavailable","95330304","95330304","175140864"
"yune","track-a-comparison","luna_pinyin","key_sequence_process_with_context","zybfshmsru","30","10","64.700","6.470","107102208","107102208","unavailable","153944064","95330304","95330304","unavailable","95330304","95330304","175140864"
"yune","track-a-comparison","luna_pinyin","key_sequence_process_with_context","zybfshmsru","31","10","65.100","6.510","107102208","107102208","unavailable","153944064","95330304","95330304","unavailable","95330304","95330304","175140864"
"yune","track-a-comparison","luna_pinyin","key_sequence_process_with_context","zybfshmsru","32","10","65.000","6.500","107102208","107102208","unavailable","153944064","95330304","95330304","unavailable","95330304","95330304","175140864"
"yune","track-a-comparison","luna_pinyin","key_sequence_process_with_context","zybfshmsru","33","10","70.400","7.040","107102208","107102208","unavailable","153944064","95330304","95330304","unavailable","95330304","95330304","175140864"
"yune","track-a-comparison","luna_pinyin","key_sequence_process_with_context","zybfshmsru","34","10","65.000","6.500","107102208","107102208","unavailable","153944064","95330304","95330304","unavailable","95330304","95330304","175140864"
"yune","track-a-comparison","luna_pinyin","key_sequence_process_with_context","zybfshmsru","35","10","64.200","6.420","107102208","107102208","unavailable","153944064","95330304","95330304","unavailable","95330304","95330304","175140864"
"yune","track-a-comparison","luna_pinyin","key_sequence_process_with_context","zybfshmsru","36","10","63.900","6.390","107102208","107102208","unavailable","153944064","95330304","95330304","unavailable","95330304","95330304","175140864"
"yune","track-a-comparison","luna_pinyin","key_sequence_process_with_context","zybfshmsru","37","10","64.100","6.410","107102208","107102208","unavailable","153944064","95330304","95330304","unavailable","95330304","95330304","175140864"
"yune","track-a-comparison","luna_pinyin","key_sequence_process_with_context","zybfshmsru","38","10","64.000","6.400","107102208","107102208","unavailable","153944064","95330304","95330304","unavailable","95330304","95330304","175140864"
"yune","track-a-comparison","luna_pinyin","key_sequence_process_with_context","zybfshmsru","39","10","64.400","6.440","107102208","107102208","unavailable","153944064","95330304","95330304","unavailable","95330304","95330304","175140864"
"yune","track-a-comparison","luna_pinyin","key_sequence_process_with_context","zybfshmsru","40","10","64.300","6.430","107102208","107102208","unavailable","153944064","95330304","95330304","unavailable","95330304","95330304","175140864"
"yune","track-a-comparison","luna_pinyin","key_sequence_process_with_context","zybfshmsru","41","10","64.200","6.420","107102208","107102208","unavailable","153944064","95330304","95330304","unavailable","95330304","95330304","175140864"
"yune","track-a-comparison","luna_pinyin","key_sequence_process_with_context","zybfshmsru","42","10","64.100","6.410","107102208","107102208","unavailable","153944064","95330304","95330304","unavailable","95330304","95330304","175140864"
"yune","track-a-comparison","luna_pinyin","key_sequence_process_with_context","zybfshmsru","43","10","64.000","6.400","107102208","107102208","unavailable","153944064","95330304","95330304","unavailable","95330304","95330304","175140864"
"yune","track-a-comparison","luna_pinyin","key_sequence_process_with_context","zybfshmsru","44","10","64.100","6.410","107102208","107368448","unavailable","153944064","95330304","95678464","unavailable","95678464","95678464","175140864"
"yune","track-a-comparison","luna_pinyin","key_sequence_process_with_context","zybfshmsru","45","10","64.800","6.480","107368448","107368448","unavailable","153944064","95678464","95678464","unavailable","95678464","95678464","175140864"
"yune","track-a-comparison","luna_pinyin","key_sequence_process_with_context","zybfshmsru","46","10","64.500","6.450","107368448","107368448","unavailable","153944064","95678464","95678464","unavailable","95678464","95678464","175140864"
"yune","track-a-comparison","luna_pinyin","key_sequence_process_with_context","zybfshmsru","47","10","64.300","6.430","107368448","107368448","unavailable","153944064","95678464","95678464","unavailable","95678464","95678464","175140864"
"yune","track-a-comparison","luna_pinyin","key_sequence_process_with_context","zybfshmsru","48","10","64.300","6.430","107368448","107368448","unavailable","153944064","95678464","95678464","unavailable","95678464","95678464","175140864"
"yune","track-a-comparison","luna_pinyin","key_sequence_process_with_context","zybfshmsru","49","10","64.700","6.470","107368448","107368448","unavailable","153944064","95678464","95678464","unavailable","95678464","95678464","175140864"
"yune","track-a-comparison","luna_pinyin","key_sequence_process_with_context","zybfshmsru","50","10","70.200","7.020","107368448","107368448","unavailable","153944064","95678464","95678464","unavailable","95678464","95678464","175140864"
"yune","track-a-comparison","luna_pinyin","key_sequence_process_with_context","zybfshmsru","51","10","64.300","6.430","107368448","107368448","unavailable","153944064","95678464","95678464","unavailable","95678464","95678464","175140864"
"yune","track-a-comparison","luna_pinyin","key_sequence_process_with_context","zybfshmsru","52","10","64.200","6.420","107368448","107368448","unavailable","153944064","95678464","95678464","unavailable","95678464","95678464","175140864"
"yune","track-a-comparison","luna_pinyin","key_sequence_process_with_context","zybfshmsru","53","10","64.700","6.470","107368448","107368448","unavailable","153944064","95678464","95678464","unavailable","95678464","95678464","175140864"
"yune","track-a-comparison","luna_pinyin","key_sequence_process_with_context","zybfshmsru","54","10","64.500","6.450","107368448","107368448","unavailable","153944064","95678464","95678464","unavailable","95678464","95678464","175140864"
"yune","track-a-comparison","luna_pinyin","key_sequence_process_with_context","zybfshmsru","55","10","64.700","6.470","107368448","107368448","unavailable","153944064","95678464","95678464","unavailable","95678464","95678464","175140864"
"yune","track-a-comparison","luna_pinyin","key_sequence_process_with_context","zybfshmsru","56","10","65.100","6.510","107368448","107429888","unavailable","153944064","95678464","95678464","unavailable","95678464","95678464","175140864"
"yune","track-a-comparison","luna_pinyin","key_sequence_process_with_context","zybfshmsru","57","10","65.600","6.560","107429888","107429888","unavailable","153944064","95678464","95678464","unavailable","95678464","95678464","175140864"
"yune","track-a-comparison","luna_pinyin","key_sequence_process_with_context","zybfshmsru","58","10","64.800","6.480","107429888","107429888","unavailable","153944064","95678464","95678464","unavailable","95678464","95678464","175140864"
"yune","track-a-comparison","luna_pinyin","key_sequence_process_with_context","zybfshmsru","59","10","65.500","6.550","107429888","107429888","unavailable","153944064","95678464","95678464","unavailable","95678464","95678464","175140864"
"yune","track-a-comparison","luna_pinyin","key_sequence_process_with_context","zybfshmsru","60","10","66.900","6.690","107429888","107429888","unavailable","153944064","95678464","95678464","unavailable","95678464","95678464","175140864"
"yune","track-a-comparison","luna_pinyin","key_sequence_process_with_context","zybfshmsru","61","10","64.600","6.460","107429888","107429888","unavailable","153944064","95678464","95678464","unavailable","95678464","95678464","175140864"
"yune","track-a-comparison","luna_pinyin","key_sequence_process_with_context","zybfshmsru","62","10","65.900","6.590","107429888","107429888","unavailable","153944064","95678464","95678464","unavailable","95678464","95678464","175140864"
"yune","track-a-comparison","luna_pinyin","key_sequence_process_with_context","zybfshmsru","63","10","65.400","6.540","107429888","107429888","unavailable","153944064","95678464","95678464","unavailable","95678464","95678464","175140864"
"yune","track-a-comparison","luna_pinyin","key_sequence_process_with_context","zybfshmsru","64","10","66.100","6.610","107429888","107429888","unavailable","153944064","95678464","95678464","unavailable","95678464","95678464","175140864"
"yune","track-a-comparison","luna_pinyin","key_sequence_process_with_context","zybfshmsru","65","10","64.800","6.480","107429888","107429888","unavailable","153944064","95678464","95678464","unavailable","95678464","95678464","175140864"
"yune","track-a-comparison","luna_pinyin","key_sequence_process_with_context","zybfshmsru","66","10","64.800","6.480","107429888","107429888","unavailable","153944064","95678464","95678464","unavailable","95678464","95678464","175140864"
"yune","track-a-comparison","luna_pinyin","key_sequence_process_with_context","zybfshmsru","67","10","64.700","6.470","107429888","107429888","unavailable","153944064","95678464","95678464","unavailable","95678464","95678464","175140864"
"yune","track-a-comparison","luna_pinyin","key_sequence_process_with_context","zybfshmsru","68","10","64.300","6.430","107429888","107429888","unavailable","153944064","95678464","95678464","unavailable","95678464","95678464","175140864"
"yune","track-a-comparison","luna_pinyin","key_sequence_process_with_context","zybfshmsru","69","10","64.500","6.450","107429888","107429888","unavailable","153944064","95678464","95678464","unavailable","95678464","95678464","175140864"
"yune","track-a-comparison","luna_pinyin","key_sequence_process_with_context","zybfshmsru","70","10","64.500","6.450","107429888","107429888","unavailable","153944064","95678464","95678464","unavailable","95678464","95678464","175140864"
"yune","track-a-comparison","luna_pinyin","key_sequence_process_with_context","zybfshmsru","71","10","66.000","6.600","107429888","107429888","unavailable","153944064","95678464","95678464","unavailable","95678464","95678464","175140864"
"yune","track-a-comparison","luna_pinyin","key_sequence_process_with_context","zybfshmsru","72","10","65.000","6.500","107429888","107429888","unavailable","153944064","95678464","95678464","unavailable","95678464","95678464","175140864"
"yune","track-a-comparison","luna_pinyin","key_sequence_process_with_context","zybfshmsru","73","10","64.900","6.490","107429888","107429888","unavailable","153944064","95678464","95678464","unavailable","95678464","95678464","175140864"
"yune","track-a-comparison","luna_pinyin","key_sequence_process_with_context","zybfshmsru","74","10","65.000","6.500","107429888","107429888","unavailable","153944064","95678464","95678464","unavailable","95678464","95678464","175140864"
"yune","track-a-comparison","luna_pinyin","key_sequence_process_with_context","zybfshmsru","75","10","65.200","6.520","107429888","107429888","unavailable","153944064","95678464","95678464","unavailable","95678464","95678464","175140864"
"yune","track-a-comparison","luna_pinyin","key_sequence_process_with_context","zybfshmsru","76","10","65.300","6.530","107429888","107429888","unavailable","153944064","95678464","95678464","unavailable","95678464","95678464","175140864"
"yune","track-a-comparison","luna_pinyin","key_sequence_process_with_context","zybfshmsru","77","10","64.900","6.490","107429888","107429888","unavailable","153944064","95678464","95678464","unavailable","95678464","95678464","175140864"
"yune","track-a-comparison","luna_pinyin","key_sequence_process_with_context","zybfshmsru","78","10","64.900","6.490","107429888","107429888","unavailable","153944064","95678464","95678464","unavailable","95678464","95678464","175140864"
"yune","track-a-comparison","luna_pinyin","key_sequence_process_with_context","zybfshmsru","79","10","65.600","6.560","107429888","107429888","unavailable","153944064","95678464","95678464","unavailable","95678464","95678464","175140864"
"yune","track-a-comparison","luna_pinyin","key_sequence_process_with_context","zh","0","2","13.400","6.700","109694976","109694976","unavailable","153944064","98168832","98168832","unavailable","98168832","98168832","175140864"
"yune","track-a-comparison","luna_pinyin","key_sequence_process_with_context","zh","1","2","13.100","6.550","109694976","109694976","unavailable","153944064","98168832","98168832","unavailable","98168832","98168832","175140864"
"yune","track-a-comparison","luna_pinyin","key_sequence_process_with_context","zh","2","2","12.900","6.450","109694976","109694976","unavailable","153944064","98168832","98168832","unavailable","98168832","98168832","175140864"
"yune","track-a-comparison","luna_pinyin","key_sequence_process_with_context","zh","3","2","13.000","6.500","109694976","109694976","unavailable","153944064","98168832","98168832","unavailable","98168832","98168832","175140864"
"yune","track-a-comparison","luna_pinyin","key_sequence_process_with_context","zh","4","2","13.500","6.750","109694976","109694976","unavailable","153944064","98168832","98168832","unavailable","98168832","98168832","175140864"
"yune","track-a-comparison","luna_pinyin","key_sequence_process_with_context","zh","5","2","12.800","6.400","109694976","109694976","unavailable","153944064","98168832","98168832","unavailable","98168832","98168832","175140864"
"yune","track-a-comparison","luna_pinyin","key_sequence_process_with_context","zh","6","2","12.600","6.300","109694976","109694976","unavailable","153944064","98168832","98168832","unavailable","98168832","98168832","175140864"
"yune","track-a-comparison","luna_pinyin","key_sequence_process_with_context","zh","7","2","12.700","6.350","109694976","109694976","unavailable","153944064","98168832","98168832","unavailable","98168832","98168832","175140864"
"yune","track-a-comparison","luna_pinyin","key_sequence_process_with_context","zh","8","2","12.500","6.250","109694976","109694976","unavailable","153944064","98168832","98168832","unavailable","98168832","98168832","175140864"
"yune","track-a-comparison","luna_pinyin","key_sequence_process_with_context","zh","9","2","12.400","6.200","109694976","109694976","unavailable","153944064","98168832","98168832","unavailable","98168832","98168832","175140864"
"yune","track-a-comparison","luna_pinyin","key_sequence_process_with_context","zh","10","2","12.600","6.300","109694976","109694976","unavailable","153944064","98168832","98168832","unavailable","98168832","98168832","175140864"
"yune","track-a-comparison","luna_pinyin","key_sequence_process_with_context","zh","11","2","12.900","6.450","109694976","109694976","unavailable","153944064","98168832","98168832","unavailable","98168832","98168832","175140864"
"yune","track-a-comparison","luna_pinyin","key_sequence_process_with_context","zh","12","2","12.600","6.300","109694976","109694976","unavailable","153944064","98168832","98168832","unavailable","98168832","98168832","175140864"
"yune","track-a-comparison","luna_pinyin","key_sequence_process_with_context","zh","13","2","13.000","6.500","109694976","109694976","unavailable","153944064","98168832","98168832","unavailable","98168832","98168832","175140864"
"yune","track-a-comparison","luna_pinyin","key_sequence_process_with_context","zh","14","2","12.400","6.200","109694976","109694976","unavailable","153944064","98168832","98168832","unavailable","98168832","98168832","175140864"
"yune","track-a-comparison","luna_pinyin","key_sequence_process_with_context","zh","15","2","12.600","6.300","109694976","109694976","unavailable","153944064","98168832","98168832","unavailable","98168832","98168832","175140864"
"yune","track-a-comparison","luna_pinyin","key_sequence_process_with_context","zh","16","2","13.200","6.600","109694976","109694976","unavailable","153944064","98168832","98168832","unavailable","98168832","98168832","175140864"
"yune","track-a-comparison","luna_pinyin","key_sequence_process_with_context","zh","17","2","14.200","7.100","109694976","109694976","unavailable","153944064","98168832","98168832","unavailable","98168832","98168832","175140864"
"yune","track-a-comparison","luna_pinyin","key_sequence_process_with_context","zh","18","2","13.400","6.700","109694976","109694976","unavailable","153944064","98168832","98168832","unavailable","98168832","98168832","175140864"
"yune","track-a-comparison","luna_pinyin","key_sequence_process_with_context","zh","19","2","12.700","6.350","109694976","109694976","unavailable","153944064","98168832","98168832","unavailable","98168832","98168832","175140864"
"yune","track-a-comparison","luna_pinyin","key_sequence_process_with_context","zh","20","2","13.200","6.600","109694976","109694976","unavailable","153944064","98168832","98168832","unavailable","98168832","98168832","175140864"
"yune","track-a-comparison","luna_pinyin","key_sequence_process_with_context","zh","21","2","13.500","6.750","109694976","109694976","unavailable","153944064","98168832","98168832","unavailable","98168832","98168832","175140864"
"yune","track-a-comparison","luna_pinyin","key_sequence_process_with_context","zh","22","2","13.100","6.550","109694976","109694976","unavailable","153944064","98168832","98168832","unavailable","98168832","98168832","175140864"
"yune","track-a-comparison","luna_pinyin","key_sequence_process_with_context","zh","23","2","12.800","6.400","109694976","109694976","unavailable","153944064","98168832","98168832","unavailable","98168832","98168832","175140864"
"yune","track-a-comparison","luna_pinyin","key_sequence_process_with_context","zh","24","2","12.700","6.350","109694976","109694976","unavailable","153944064","98168832","98168832","unavailable","98168832","98168832","175140864"
"yune","track-a-comparison","luna_pinyin","key_sequence_process_with_context","zh","25","2","12.700","6.350","109694976","109694976","unavailable","153944064","98168832","98168832","unavailable","98168832","98168832","175140864"
"yune","track-a-comparison","luna_pinyin","key_sequence_process_with_context","zh","26","2","12.800","6.400","109694976","109694976","unavailable","153944064","98168832","98168832","unavailable","98168832","98168832","175140864"
"yune","track-a-comparison","luna_pinyin","key_sequence_process_with_context","zh","27","2","13.100","6.550","109694976","109694976","unavailable","153944064","98168832","98168832","unavailable","98168832","98168832","175140864"
"yune","track-a-comparison","luna_pinyin","key_sequence_process_with_context","zh","28","2","12.500","6.250","109694976","109694976","unavailable","153944064","98168832","98168832","unavailable","98168832","98168832","175140864"
"yune","track-a-comparison","luna_pinyin","key_sequence_process_with_context","zh","29","2","12.800","6.400","109694976","109694976","unavailable","153944064","98168832","98168832","unavailable","98168832","98168832","175140864"
"yune","track-a-comparison","luna_pinyin","key_sequence_process_with_context","zh","30","2","13.000","6.500","109694976","109694976","unavailable","153944064","98168832","98168832","unavailable","98168832","98168832","175140864"
"yune","track-a-comparison","luna_pinyin","key_sequence_process_with_context","zh","31","2","12.500","6.250","109694976","109694976","unavailable","153944064","98168832","98168832","unavailable","98168832","98168832","175140864"
"yune","track-a-comparison","luna_pinyin","key_sequence_process_with_context","zh","32","2","12.700","6.350","109694976","109694976","unavailable","153944064","98168832","98168832","unavailable","98168832","98168832","175140864"
"yune","track-a-comparison","luna_pinyin","key_sequence_process_with_context","zh","33","2","12.500","6.250","109694976","109694976","unavailable","153944064","98168832","98168832","unavailable","98168832","98168832","175140864"
"yune","track-a-comparison","luna_pinyin","key_sequence_process_with_context","zh","34","2","12.600","6.300","109694976","109694976","unavailable","153944064","98168832","98168832","unavailable","98168832","98168832","175140864"
"yune","track-a-comparison","luna_pinyin","key_sequence_process_with_context","zh","35","2","12.500","6.250","109694976","109694976","unavailable","153944064","98168832","98168832","unavailable","98168832","98168832","175140864"
"yune","track-a-comparison","luna_pinyin","key_sequence_process_with_context","zh","36","2","12.500","6.250","109694976","109694976","unavailable","153944064","98168832","98168832","unavailable","98168832","98168832","175140864"
"yune","track-a-comparison","luna_pinyin","key_sequence_process_with_context","zh","37","2","12.600","6.300","109694976","109694976","unavailable","153944064","98168832","98168832","unavailable","98168832","98168832","175140864"
"yune","track-a-comparison","luna_pinyin","key_sequence_process_with_context","zh","38","2","12.700","6.350","109694976","109694976","unavailable","153944064","98168832","98168832","unavailable","98168832","98168832","175140864"
"yune","track-a-comparison","luna_pinyin","key_sequence_process_with_context","zh","39","2","12.600","6.300","109694976","109694976","unavailable","153944064","98168832","98168832","unavailable","98168832","98168832","175140864"
"yune","track-a-comparison","luna_pinyin","key_sequence_process_with_context","zh","40","2","12.700","6.350","109694976","109694976","unavailable","153944064","98168832","98168832","unavailable","98168832","98168832","175140864"
"yune","track-a-comparison","luna_pinyin","key_sequence_process_with_context","zh","41","2","12.700","6.350","109694976","109694976","unavailable","153944064","98168832","98168832","unavailable","98168832","98168832","175140864"
"yune","track-a-comparison","luna_pinyin","key_sequence_process_with_context","zh","42","2","12.800","6.400","109694976","109703168","unavailable","153944064","98168832","98168832","unavailable","98168832","98168832","175140864"
"yune","track-a-comparison","luna_pinyin","key_sequence_process_with_context","zh","43","2","13.700","6.850","109703168","109703168","unavailable","153944064","98168832","98168832","unavailable","98168832","98168832","175140864"
"yune","track-a-comparison","luna_pinyin","key_sequence_process_with_context","zh","44","2","12.500","6.250","109703168","109703168","unavailable","153944064","98168832","98168832","unavailable","98168832","98168832","175140864"
"yune","track-a-comparison","luna_pinyin","key_sequence_process_with_context","zh","45","2","12.700","6.350","109703168","109703168","unavailable","153944064","98168832","98168832","unavailable","98168832","98168832","175140864"
"yune","track-a-comparison","luna_pinyin","key_sequence_process_with_context","zh","46","2","12.700","6.350","109768704","109768704","unavailable","153944064","98168832","98168832","unavailable","98168832","98168832","175140864"
"yune","track-a-comparison","luna_pinyin","key_sequence_process_with_context","zh","47","2","12.600","6.300","109768704","109768704","unavailable","153944064","98168832","98168832","unavailable","98168832","98168832","175140864"
"yune","track-a-comparison","luna_pinyin","key_sequence_process_with_context","zh","48","2","14.100","7.050","109768704","109768704","unavailable","153944064","98168832","98168832","unavailable","98168832","98168832","175140864"
"yune","track-a-comparison","luna_pinyin","key_sequence_process_with_context","zh","49","2","13.200","6.600","109768704","109764608","unavailable","153944064","98168832","98168832","unavailable","98168832","98168832","175140864"
"yune","track-a-comparison","luna_pinyin","key_sequence_process_with_context","zh","50","2","12.900","6.450","109764608","109764608","unavailable","153944064","98168832","98168832","unavailable","98168832","98168832","175140864"
"yune","track-a-comparison","luna_pinyin","key_sequence_process_with_context","zh","51","2","12.700","6.350","109764608","109764608","unavailable","153944064","98168832","98168832","unavailable","98168832","98168832","175140864"
"yune","track-a-comparison","luna_pinyin","key_sequence_process_with_context","zh","52","2","12.600","6.300","109764608","109764608","unavailable","153944064","98168832","98168832","unavailable","98168832","98168832","175140864"
"yune","track-a-comparison","luna_pinyin","key_sequence_process_with_context","zh","53","2","12.600","6.300","109764608","109764608","unavailable","153944064","98168832","98168832","unavailable","98168832","98168832","175140864"
"yune","track-a-comparison","luna_pinyin","key_sequence_process_with_context","zh","54","2","12.600","6.300","109764608","109764608","unavailable","153944064","98168832","98168832","unavailable","98168832","98168832","175140864"
"yune","track-a-comparison","luna_pinyin","key_sequence_process_with_context","zh","55","2","12.600","6.300","109764608","109764608","unavailable","153944064","98168832","98168832","unavailable","98168832","98168832","175140864"
"yune","track-a-comparison","luna_pinyin","key_sequence_process_with_context","zh","56","2","12.500","6.250","109764608","109764608","unavailable","153944064","98168832","98168832","unavailable","98168832","98168832","175140864"
"yune","track-a-comparison","luna_pinyin","key_sequence_process_with_context","zh","57","2","12.500","6.250","109764608","109764608","unavailable","153944064","98168832","98168832","unavailable","98168832","98168832","175140864"
"yune","track-a-comparison","luna_pinyin","key_sequence_process_with_context","zh","58","2","12.500","6.250","109764608","109764608","unavailable","153944064","98168832","98168832","unavailable","98168832","98168832","175140864"
"yune","track-a-comparison","luna_pinyin","key_sequence_process_with_context","zh","59","2","12.500","6.250","109764608","109764608","unavailable","153944064","98168832","98168832","unavailable","98168832","98168832","175140864"
"yune","track-a-comparison","luna_pinyin","key_sequence_process_with_context","zh","60","2","12.600","6.300","109764608","109764608","unavailable","153944064","98168832","98168832","unavailable","98168832","98168832","175140864"
"yune","track-a-comparison","luna_pinyin","key_sequence_process_with_context","zh","61","2","12.600","6.300","109764608","109764608","unavailable","153944064","98168832","98168832","unavailable","98168832","98168832","175140864"
"yune","track-a-comparison","luna_pinyin","key_sequence_process_with_context","zh","62","2","12.400","6.200","109764608","109764608","unavailable","153944064","98168832","98168832","unavailable","98168832","98168832","175140864"
"yune","track-a-comparison","luna_pinyin","key_sequence_process_with_context","zh","63","2","12.600","6.300","109764608","109764608","unavailable","153944064","98168832","98168832","unavailable","98168832","98168832","175140864"
"yune","track-a-comparison","luna_pinyin","key_sequence_process_with_context","zh","64","2","12.600","6.300","109764608","109764608","unavailable","153944064","98168832","98168832","unavailable","98168832","98168832","175140864"
"yune","track-a-comparison","luna_pinyin","key_sequence_process_with_context","zh","65","2","12.500","6.250","109764608","109764608","unavailable","153944064","98168832","98168832","unavailable","98168832","98168832","175140864"
"yune","track-a-comparison","luna_pinyin","key_sequence_process_with_context","zh","66","2","12.400","6.200","109764608","109764608","unavailable","153944064","98168832","98168832","unavailable","98168832","98168832","175140864"
"yune","track-a-comparison","luna_pinyin","key_sequence_process_with_context","zh","67","2","12.600","6.300","109764608","109764608","unavailable","153944064","98168832","98168832","unavailable","98168832","98168832","175140864"
"yune","track-a-comparison","luna_pinyin","key_sequence_process_with_context","zh","68","2","12.400","6.200","109764608","109764608","unavailable","153944064","98168832","98168832","unavailable","98168832","98168832","175140864"
"yune","track-a-comparison","luna_pinyin","key_sequence_process_with_context","zh","69","2","12.500","6.250","109764608","109764608","unavailable","153944064","98168832","98168832","unavailable","98168832","98168832","175140864"
"yune","track-a-comparison","luna_pinyin","key_sequence_process_with_context","zh","70","2","12.600","6.300","109764608","109764608","unavailable","153944064","98168832","98168832","unavailable","98168832","98168832","175140864"
"yune","track-a-comparison","luna_pinyin","key_sequence_process_with_context","zh","71","2","12.600","6.300","109764608","109764608","unavailable","153944064","98168832","98168832","unavailable","98168832","98168832","175140864"
"yune","track-a-comparison","luna_pinyin","key_sequence_process_with_context","zh","72","2","12.500","6.250","109764608","109764608","unavailable","153944064","98168832","98168832","unavailable","98168832","98168832","175140864"
"yune","track-a-comparison","luna_pinyin","key_sequence_process_with_context","zh","73","2","12.600","6.300","109764608","109764608","unavailable","153944064","98168832","98168832","unavailable","98168832","98168832","175140864"
"yune","track-a-comparison","luna_pinyin","key_sequence_process_with_context","zh","74","2","12.600","6.300","109764608","109764608","unavailable","153944064","98168832","98168832","unavailable","98168832","98168832","175140864"
"yune","track-a-comparison","luna_pinyin","key_sequence_process_with_context","zh","75","2","13.000","6.500","109764608","109760512","unavailable","153944064","98168832","98168832","unavailable","98168832","98168832","175140864"
"yune","track-a-comparison","luna_pinyin","key_sequence_process_with_context","zh","76","2","12.600","6.300","109760512","109793280","unavailable","153944064","98168832","98168832","unavailable","98168832","98168832","175140864"
"yune","track-a-comparison","luna_pinyin","key_sequence_process_with_context","zh","77","2","12.700","6.350","109793280","109793280","unavailable","153944064","98168832","98168832","unavailable","98168832","98168832","175140864"
"yune","track-a-comparison","luna_pinyin","key_sequence_process_with_context","zh","78","2","12.700","6.350","109793280","109793280","unavailable","153944064","98168832","98168832","unavailable","98168832","98168832","175140864"
"yune","track-a-comparison","luna_pinyin","key_sequence_process_with_context","zh","79","2","12.500","6.250","109793280","109793280","unavailable","153944064","98168832","98168832","unavailable","98168832","98168832","175140864"
"yune","track-a-comparison","luna_pinyin","key_sequence_process_with_context","j","0","1","7.000","7.000","110272512","110272512","unavailable","153944064","99078144","99078144","unavailable","99078144","99078144","175140864"
"yune","track-a-comparison","luna_pinyin","key_sequence_process_with_context","j","1","1","7.500","7.500","110272512","110272512","unavailable","153944064","99078144","99078144","unavailable","99078144","99078144","175140864"
"yune","track-a-comparison","luna_pinyin","key_sequence_process_with_context","j","2","1","6.500","6.500","110272512","110272512","unavailable","153944064","99078144","99078144","unavailable","99078144","99078144","175140864"
"yune","track-a-comparison","luna_pinyin","key_sequence_process_with_context","j","3","1","6.600","6.600","110272512","110272512","unavailable","153944064","99078144","99078144","unavailable","99078144","99078144","175140864"
"yune","track-a-comparison","luna_pinyin","key_sequence_process_with_context","j","4","1","6.600","6.600","110272512","110272512","unavailable","153944064","99078144","99078144","unavailable","99078144","99078144","175140864"
"yune","track-a-comparison","luna_pinyin","key_sequence_process_with_context","j","5","1","6.300","6.300","110272512","110272512","unavailable","153944064","99078144","99078144","unavailable","99078144","99078144","175140864"
"yune","track-a-comparison","luna_pinyin","key_sequence_process_with_context","j","6","1","6.400","6.400","110272512","110272512","unavailable","153944064","99078144","99078144","unavailable","99078144","99078144","175140864"
"yune","track-a-comparison","luna_pinyin","key_sequence_process_with_context","j","7","1","6.200","6.200","110272512","110272512","unavailable","153944064","99078144","99078144","unavailable","99078144","99078144","175140864"
"yune","track-a-comparison","luna_pinyin","key_sequence_process_with_context","j","8","1","6.300","6.300","110272512","110272512","unavailable","153944064","99078144","99078144","unavailable","99078144","99078144","175140864"
"yune","track-a-comparison","luna_pinyin","key_sequence_process_with_context","j","9","1","6.400","6.400","110272512","110272512","unavailable","153944064","99078144","99078144","unavailable","99078144","99078144","175140864"
"yune","track-a-comparison","luna_pinyin","key_sequence_process_with_context","j","10","1","6.300","6.300","110272512","110272512","unavailable","153944064","99078144","99078144","unavailable","99078144","99078144","175140864"
"yune","track-a-comparison","luna_pinyin","key_sequence_process_with_context","j","11","1","6.300","6.300","110272512","110272512","unavailable","153944064","99078144","99078144","unavailable","99078144","99078144","175140864"
"yune","track-a-comparison","luna_pinyin","key_sequence_process_with_context","j","12","1","6.200","6.200","110272512","110272512","unavailable","153944064","99078144","99078144","unavailable","99078144","99078144","175140864"
"yune","track-a-comparison","luna_pinyin","key_sequence_process_with_context","j","13","1","6.300","6.300","110272512","110272512","unavailable","153944064","99078144","99078144","unavailable","99078144","99078144","175140864"
"yune","track-a-comparison","luna_pinyin","key_sequence_process_with_context","j","14","1","6.200","6.200","110272512","110272512","unavailable","153944064","99078144","99078144","unavailable","99078144","99078144","175140864"
"yune","track-a-comparison","luna_pinyin","key_sequence_process_with_context","j","15","1","6.200","6.200","110272512","110272512","unavailable","153944064","99078144","99078144","unavailable","99078144","99078144","175140864"
"yune","track-a-comparison","luna_pinyin","key_sequence_process_with_context","j","16","1","6.200","6.200","110272512","110272512","unavailable","153944064","99078144","99078144","unavailable","99078144","99078144","175140864"
"yune","track-a-comparison","luna_pinyin","key_sequence_process_with_context","j","17","1","6.300","6.300","110272512","110272512","unavailable","153944064","99078144","99078144","unavailable","99078144","99078144","175140864"
"yune","track-a-comparison","luna_pinyin","key_sequence_process_with_context","j","18","1","6.400","6.400","110272512","110272512","unavailable","153944064","99078144","99078144","unavailable","99078144","99078144","175140864"
"yune","track-a-comparison","luna_pinyin","key_sequence_process_with_context","j","19","1","6.200","6.200","110272512","110272512","unavailable","153944064","99078144","99078144","unavailable","99078144","99078144","175140864"
"yune","track-a-comparison","luna_pinyin","key_sequence_process_with_context","j","20","1","6.400","6.400","110272512","110272512","unavailable","153944064","99078144","99078144","unavailable","99078144","99078144","175140864"
"yune","track-a-comparison","luna_pinyin","key_sequence_process_with_context","j","21","1","6.200","6.200","110272512","110272512","unavailable","153944064","99078144","99078144","unavailable","99078144","99078144","175140864"
"yune","track-a-comparison","luna_pinyin","key_sequence_process_with_context","j","22","1","6.300","6.300","110272512","110272512","unavailable","153944064","99078144","99078144","unavailable","99078144","99078144","175140864"
"yune","track-a-comparison","luna_pinyin","key_sequence_process_with_context","j","23","1","6.300","6.300","110272512","110272512","unavailable","153944064","99078144","99078144","unavailable","99078144","99078144","175140864"
"yune","track-a-comparison","luna_pinyin","key_sequence_process_with_context","j","24","1","6.800","6.800","110272512","110272512","unavailable","153944064","99078144","99078144","unavailable","99078144","99078144","175140864"
"yune","track-a-comparison","luna_pinyin","key_sequence_process_with_context","j","25","1","6.400","6.400","110272512","110272512","unavailable","153944064","99078144","99078144","unavailable","99078144","99078144","175140864"
"yune","track-a-comparison","luna_pinyin","key_sequence_process_with_context","j","26","1","6.200","6.200","110272512","110272512","unavailable","153944064","99078144","99078144","unavailable","99078144","99078144","175140864"
"yune","track-a-comparison","luna_pinyin","key_sequence_process_with_context","j","27","1","6.200","6.200","110272512","110272512","unavailable","153944064","99078144","99078144","unavailable","99078144","99078144","175140864"
"yune","track-a-comparison","luna_pinyin","key_sequence_process_with_context","j","28","1","6.200","6.200","110272512","110272512","unavailable","153944064","99078144","99078144","unavailable","99078144","99078144","175140864"
"yune","track-a-comparison","luna_pinyin","key_sequence_process_with_context","j","29","1","6.400","6.400","110272512","110272512","unavailable","153944064","99078144","99078144","unavailable","99078144","99078144","175140864"
"yune","track-a-comparison","luna_pinyin","key_sequence_process_with_context","j","30","1","6.300","6.300","110272512","110272512","unavailable","153944064","99078144","99078144","unavailable","99078144","99078144","175140864"
"yune","track-a-comparison","luna_pinyin","key_sequence_process_with_context","j","31","1","6.200","6.200","110272512","110272512","unavailable","153944064","99078144","99078144","unavailable","99078144","99078144","175140864"
"yune","track-a-comparison","luna_pinyin","key_sequence_process_with_context","j","32","1","6.500","6.500","110272512","110272512","unavailable","153944064","99078144","99078144","unavailable","99078144","99078144","175140864"
"yune","track-a-comparison","luna_pinyin","key_sequence_process_with_context","j","33","1","6.400","6.400","110272512","110272512","unavailable","153944064","99078144","99078144","unavailable","99078144","99078144","175140864"
"yune","track-a-comparison","luna_pinyin","key_sequence_process_with_context","j","34","1","6.400","6.400","110272512","110272512","unavailable","153944064","99078144","99078144","unavailable","99078144","99078144","175140864"
"yune","track-a-comparison","luna_pinyin","key_sequence_process_with_context","j","35","1","6.400","6.400","110272512","110272512","unavailable","153944064","99078144","99078144","unavailable","99078144","99078144","175140864"
"yune","track-a-comparison","luna_pinyin","key_sequence_process_with_context","j","36","1","6.200","6.200","110272512","110272512","unavailable","153944064","99078144","99078144","unavailable","99078144","99078144","175140864"
"yune","track-a-comparison","luna_pinyin","key_sequence_process_with_context","j","37","1","6.200","6.200","110272512","110272512","unavailable","153944064","99078144","99078144","unavailable","99078144","99078144","175140864"
"yune","track-a-comparison","luna_pinyin","key_sequence_process_with_context","j","38","1","6.200","6.200","110272512","110272512","unavailable","153944064","99078144","99078144","unavailable","99078144","99078144","175140864"
"yune","track-a-comparison","luna_pinyin","key_sequence_process_with_context","j","39","1","6.300","6.300","110272512","110272512","unavailable","153944064","99078144","99078144","unavailable","99078144","99078144","175140864"
"yune","track-a-comparison","luna_pinyin","key_sequence_process_with_context","j","40","1","6.400","6.400","110272512","110272512","unavailable","153944064","99078144","99078144","unavailable","99078144","99078144","175140864"
"yune","track-a-comparison","luna_pinyin","key_sequence_process_with_context","j","41","1","6.400","6.400","110272512","110272512","unavailable","153944064","99078144","99078144","unavailable","99078144","99078144","175140864"
"yune","track-a-comparison","luna_pinyin","key_sequence_process_with_context","j","42","1","6.300","6.300","110272512","110272512","unavailable","153944064","99078144","99078144","unavailable","99078144","99078144","175140864"
"yune","track-a-comparison","luna_pinyin","key_sequence_process_with_context","j","43","1","6.400","6.400","110272512","110272512","unavailable","153944064","99078144","99078144","unavailable","99078144","99078144","175140864"
"yune","track-a-comparison","luna_pinyin","key_sequence_process_with_context","j","44","1","6.500","6.500","110272512","110272512","unavailable","153944064","99078144","99078144","unavailable","99078144","99078144","175140864"
"yune","track-a-comparison","luna_pinyin","key_sequence_process_with_context","j","45","1","6.200","6.200","110272512","110272512","unavailable","153944064","99078144","99078144","unavailable","99078144","99078144","175140864"
"yune","track-a-comparison","luna_pinyin","key_sequence_process_with_context","j","46","1","6.200","6.200","110272512","110272512","unavailable","153944064","99078144","99078144","unavailable","99078144","99078144","175140864"
"yune","track-a-comparison","luna_pinyin","key_sequence_process_with_context","j","47","1","6.400","6.400","110272512","110272512","unavailable","153944064","99078144","99078144","unavailable","99078144","99078144","175140864"
"yune","track-a-comparison","luna_pinyin","key_sequence_process_with_context","j","48","1","6.400","6.400","110272512","110272512","unavailable","153944064","99078144","99078144","unavailable","99078144","99078144","175140864"
"yune","track-a-comparison","luna_pinyin","key_sequence_process_with_context","j","49","1","6.200","6.200","110272512","110272512","unavailable","153944064","99078144","99078144","unavailable","99078144","99078144","175140864"
"yune","track-a-comparison","luna_pinyin","key_sequence_process_with_context","j","50","1","6.300","6.300","110272512","110272512","unavailable","153944064","99078144","99078144","unavailable","99078144","99078144","175140864"
"yune","track-a-comparison","luna_pinyin","key_sequence_process_with_context","j","51","1","6.300","6.300","110272512","110272512","unavailable","153944064","99078144","99078144","unavailable","99078144","99078144","175140864"
"yune","track-a-comparison","luna_pinyin","key_sequence_process_with_context","j","52","1","6.200","6.200","110272512","110272512","unavailable","153944064","99078144","99078144","unavailable","99078144","99078144","175140864"
"yune","track-a-comparison","luna_pinyin","key_sequence_process_with_context","j","53","1","7.000","7.000","110272512","110272512","unavailable","153944064","99078144","99078144","unavailable","99078144","99078144","175140864"
"yune","track-a-comparison","luna_pinyin","key_sequence_process_with_context","j","54","1","6.300","6.300","110272512","110272512","unavailable","153944064","99078144","99078144","unavailable","99078144","99078144","175140864"
"yune","track-a-comparison","luna_pinyin","key_sequence_process_with_context","j","55","1","6.200","6.200","110272512","110272512","unavailable","153944064","99078144","99078144","unavailable","99078144","99078144","175140864"
"yune","track-a-comparison","luna_pinyin","key_sequence_process_with_context","j","56","1","6.300","6.300","110272512","110272512","unavailable","153944064","99078144","99078144","unavailable","99078144","99078144","175140864"
"yune","track-a-comparison","luna_pinyin","key_sequence_process_with_context","j","57","1","6.300","6.300","110272512","110272512","unavailable","153944064","99078144","99078144","unavailable","99078144","99078144","175140864"
"yune","track-a-comparison","luna_pinyin","key_sequence_process_with_context","j","58","1","6.200","6.200","110272512","110272512","unavailable","153944064","99078144","99078144","unavailable","99078144","99078144","175140864"
"yune","track-a-comparison","luna_pinyin","key_sequence_process_with_context","j","59","1","6.300","6.300","110272512","110272512","unavailable","153944064","99078144","99078144","unavailable","99078144","99078144","175140864"
"yune","track-a-comparison","luna_pinyin","key_sequence_process_with_context","j","60","1","6.100","6.100","110272512","110272512","unavailable","153944064","99078144","99078144","unavailable","99078144","99078144","175140864"
"yune","track-a-comparison","luna_pinyin","key_sequence_process_with_context","j","61","1","6.300","6.300","110272512","110272512","unavailable","153944064","99078144","99078144","unavailable","99078144","99078144","175140864"
"yune","track-a-comparison","luna_pinyin","key_sequence_process_with_context","j","62","1","6.200","6.200","110272512","110272512","unavailable","153944064","99078144","99078144","unavailable","99078144","99078144","175140864"
"yune","track-a-comparison","luna_pinyin","key_sequence_process_with_context","j","63","1","6.400","6.400","110272512","110272512","unavailable","153944064","99078144","99078144","unavailable","99078144","99078144","175140864"
"yune","track-a-comparison","luna_pinyin","key_sequence_process_with_context","j","64","1","6.400","6.400","110272512","110272512","unavailable","153944064","99078144","99078144","unavailable","99078144","99078144","175140864"
"yune","track-a-comparison","luna_pinyin","key_sequence_process_with_context","j","65","1","6.700","6.700","110272512","110272512","unavailable","153944064","99078144","99078144","unavailable","99078144","99078144","175140864"
"yune","track-a-comparison","luna_pinyin","key_sequence_process_with_context","j","66","1","6.300","6.300","110272512","110272512","unavailable","153944064","99078144","99078144","unavailable","99078144","99078144","175140864"
"yune","track-a-comparison","luna_pinyin","key_sequence_process_with_context","j","67","1","6.300","6.300","110272512","110272512","unavailable","153944064","99078144","99078144","unavailable","99078144","99078144","175140864"
"yune","track-a-comparison","luna_pinyin","key_sequence_process_with_context","j","68","1","6.200","6.200","110272512","110272512","unavailable","153944064","99078144","99078144","unavailable","99078144","99078144","175140864"
"yune","track-a-comparison","luna_pinyin","key_sequence_process_with_context","j","69","1","6.200","6.200","110272512","110272512","unavailable","153944064","99078144","99078144","unavailable","99078144","99078144","175140864"
"yune","track-a-comparison","luna_pinyin","key_sequence_process_with_context","j","70","1","6.200","6.200","110272512","110272512","unavailable","153944064","99078144","99078144","unavailable","99078144","99078144","175140864"
"yune","track-a-comparison","luna_pinyin","key_sequence_process_with_context","j","71","1","6.200","6.200","110272512","110272512","unavailable","153944064","99078144","99078144","unavailable","99078144","99078144","175140864"
"yune","track-a-comparison","luna_pinyin","key_sequence_process_with_context","j","72","1","6.200","6.200","110272512","110272512","unavailable","153944064","99078144","99078144","unavailable","99078144","99078144","175140864"
"yune","track-a-comparison","luna_pinyin","key_sequence_process_with_context","j","73","1","6.200","6.200","110272512","110272512","unavailable","153944064","99078144","99078144","unavailable","99078144","99078144","175140864"
"yune","track-a-comparison","luna_pinyin","key_sequence_process_with_context","j","74","1","6.400","6.400","110272512","110272512","unavailable","153944064","99078144","99078144","unavailable","99078144","99078144","175140864"
"yune","track-a-comparison","luna_pinyin","key_sequence_process_with_context","j","75","1","6.200","6.200","110272512","110272512","unavailable","153944064","99078144","99078144","unavailable","99078144","99078144","175140864"
"yune","track-a-comparison","luna_pinyin","key_sequence_process_with_context","j","76","1","6.300","6.300","110272512","110272512","unavailable","153944064","99078144","99078144","unavailable","99078144","99078144","175140864"
"yune","track-a-comparison","luna_pinyin","key_sequence_process_with_context","j","77","1","6.300","6.300","110272512","110272512","unavailable","153944064","99078144","99078144","unavailable","99078144","99078144","175140864"
"yune","track-a-comparison","luna_pinyin","key_sequence_process_with_context","j","78","1","6.200","6.200","110272512","110272512","unavailable","153944064","99078144","99078144","unavailable","99078144","99078144","175140864"
"yune","track-a-comparison","luna_pinyin","key_sequence_process_with_context","j","79","1","6.200","6.200","110272512","110272512","unavailable","153944064","99078144","99078144","unavailable","99078144","99078144","175140864"
"yune","track-a-comparison","luna_pinyin","key_sequence_process_with_context","yi","0","2","14.200","7.100","110657536","110665728","unavailable","153944064","99008512","99016704","unavailable","99016704","99016704","175140864"
"yune","track-a-comparison","luna_pinyin","key_sequence_process_with_context","yi","1","2","14.300","7.150","110665728","110665728","unavailable","153944064","99016704","99016704","unavailable","99016704","99016704","175140864"
"yune","track-a-comparison","luna_pinyin","key_sequence_process_with_context","yi","2","2","13.600","6.800","110665728","110665728","unavailable","153944064","99016704","99016704","unavailable","99016704","99016704","175140864"
"yune","track-a-comparison","luna_pinyin","key_sequence_process_with_context","yi","3","2","13.400","6.700","110665728","110665728","unavailable","153944064","99016704","99016704","unavailable","99016704","99016704","175140864"
"yune","track-a-comparison","luna_pinyin","key_sequence_process_with_context","yi","4","2","13.500","6.750","110665728","110665728","unavailable","153944064","99016704","99016704","unavailable","99016704","99016704","175140864"
"yune","track-a-comparison","luna_pinyin","key_sequence_process_with_context","yi","5","2","13.300","6.650","110665728","110665728","unavailable","153944064","99016704","99016704","unavailable","99016704","99016704","175140864"
"yune","track-a-comparison","luna_pinyin","key_sequence_process_with_context","yi","6","2","13.000","6.500","110665728","110665728","unavailable","153944064","99016704","99016704","unavailable","99016704","99016704","175140864"
"yune","track-a-comparison","luna_pinyin","key_sequence_process_with_context","yi","7","2","12.400","6.200","110665728","110665728","unavailable","153944064","99016704","99016704","unavailable","99016704","99016704","175140864"
"yune","track-a-comparison","luna_pinyin","key_sequence_process_with_context","yi","8","2","13.200","6.600","110665728","110665728","unavailable","153944064","99016704","99016704","unavailable","99016704","99016704","175140864"
"yune","track-a-comparison","luna_pinyin","key_sequence_process_with_context","yi","9","2","12.300","6.150","110665728","110665728","unavailable","153944064","99016704","99016704","unavailable","99016704","99016704","175140864"
"yune","track-a-comparison","luna_pinyin","key_sequence_process_with_context","yi","10","2","13.500","6.750","110665728","110665728","unavailable","153944064","99016704","99016704","unavailable","99016704","99016704","175140864"
"yune","track-a-comparison","luna_pinyin","key_sequence_process_with_context","yi","11","2","12.800","6.400","110665728","110665728","unavailable","153944064","99016704","99016704","unavailable","99016704","99016704","175140864"
"yune","track-a-comparison","luna_pinyin","key_sequence_process_with_context","yi","12","2","12.500","6.250","110665728","110665728","unavailable","153944064","99016704","99016704","unavailable","99016704","99016704","175140864"
"yune","track-a-comparison","luna_pinyin","key_sequence_process_with_context","yi","13","2","12.400","6.200","110665728","110665728","unavailable","153944064","99016704","99016704","unavailable","99016704","99016704","175140864"
"yune","track-a-comparison","luna_pinyin","key_sequence_process_with_context","yi","14","2","12.600","6.300","110665728","110665728","unavailable","153944064","99016704","99016704","unavailable","99016704","99016704","175140864"
"yune","track-a-comparison","luna_pinyin","key_sequence_process_with_context","yi","15","2","12.800","6.400","110665728","110665728","unavailable","153944064","99016704","99016704","unavailable","99016704","99016704","175140864"
"yune","track-a-comparison","luna_pinyin","key_sequence_process_with_context","yi","16","2","12.300","6.150","110665728","110665728","unavailable","153944064","99016704","99016704","unavailable","99016704","99016704","175140864"
"yune","track-a-comparison","luna_pinyin","key_sequence_process_with_context","yi","17","2","12.300","6.150","110665728","110665728","unavailable","153944064","99016704","99016704","unavailable","99016704","99016704","175140864"
"yune","track-a-comparison","luna_pinyin","key_sequence_process_with_context","yi","18","2","12.500","6.250","110665728","110665728","unavailable","153944064","99016704","99016704","unavailable","99016704","99016704","175140864"
"yune","track-a-comparison","luna_pinyin","key_sequence_process_with_context","yi","19","2","12.600","6.300","110665728","110665728","unavailable","153944064","99016704","99016704","unavailable","99016704","99016704","175140864"
"yune","track-a-comparison","luna_pinyin","key_sequence_process_with_context","yi","20","2","13.000","6.500","110665728","110665728","unavailable","153944064","99016704","99016704","unavailable","99016704","99016704","175140864"
"yune","track-a-comparison","luna_pinyin","key_sequence_process_with_context","yi","21","2","12.300","6.150","110665728","110665728","unavailable","153944064","99016704","99016704","unavailable","99016704","99016704","175140864"
"yune","track-a-comparison","luna_pinyin","key_sequence_process_with_context","yi","22","2","12.700","6.350","110665728","110665728","unavailable","153944064","99016704","99016704","unavailable","99016704","99016704","175140864"
"yune","track-a-comparison","luna_pinyin","key_sequence_process_with_context","yi","23","2","12.600","6.300","110665728","110665728","unavailable","153944064","99016704","99016704","unavailable","99016704","99016704","175140864"
"yune","track-a-comparison","luna_pinyin","key_sequence_process_with_context","yi","24","2","12.600","6.300","110665728","110665728","unavailable","153944064","99016704","99016704","unavailable","99016704","99016704","175140864"
"yune","track-a-comparison","luna_pinyin","key_sequence_process_with_context","yi","25","2","12.500","6.250","110665728","110665728","unavailable","153944064","99016704","99016704","unavailable","99016704","99016704","175140864"
"yune","track-a-comparison","luna_pinyin","key_sequence_process_with_context","yi","26","2","12.700","6.350","110665728","110665728","unavailable","153944064","99016704","99016704","unavailable","99016704","99016704","175140864"
"yune","track-a-comparison","luna_pinyin","key_sequence_process_with_context","yi","27","2","12.500","6.250","110665728","110665728","unavailable","153944064","99016704","99016704","unavailable","99016704","99016704","175140864"
"yune","track-a-comparison","luna_pinyin","key_sequence_process_with_context","yi","28","2","12.600","6.300","110665728","110665728","unavailable","153944064","99016704","99016704","unavailable","99016704","99016704","175140864"
"yune","track-a-comparison","luna_pinyin","key_sequence_process_with_context","yi","29","2","12.200","6.100","110665728","110665728","unavailable","153944064","99016704","99016704","unavailable","99016704","99016704","175140864"
"yune","track-a-comparison","luna_pinyin","key_sequence_process_with_context","yi","30","2","12.800","6.400","110669824","110669824","unavailable","153944064","99016704","99016704","unavailable","99016704","99016704","175140864"
"yune","track-a-comparison","luna_pinyin","key_sequence_process_with_context","yi","31","2","12.400","6.200","110669824","110669824","unavailable","153944064","99016704","99016704","unavailable","99016704","99016704","175140864"
"yune","track-a-comparison","luna_pinyin","key_sequence_process_with_context","yi","32","2","12.000","6.000","110669824","110669824","unavailable","153944064","99016704","99016704","unavailable","99016704","99016704","175140864"
"yune","track-a-comparison","luna_pinyin","key_sequence_process_with_context","yi","33","2","12.700","6.350","110669824","110669824","unavailable","153944064","99016704","99016704","unavailable","99016704","99016704","175140864"
"yune","track-a-comparison","luna_pinyin","key_sequence_process_with_context","yi","34","2","30.900","15.450","110669824","110669824","unavailable","153944064","99016704","99016704","unavailable","99016704","99016704","175140864"
"yune","track-a-comparison","luna_pinyin","key_sequence_process_with_context","yi","35","2","14.300","7.150","110669824","110669824","unavailable","153944064","99016704","99016704","unavailable","99016704","99016704","175140864"
"yune","track-a-comparison","luna_pinyin","key_sequence_process_with_context","yi","36","2","13.400","6.700","110669824","110669824","unavailable","153944064","99016704","99016704","unavailable","99016704","99016704","175140864"
"yune","track-a-comparison","luna_pinyin","key_sequence_process_with_context","yi","37","2","12.800","6.400","110669824","110669824","unavailable","153944064","99016704","99016704","unavailable","99016704","99016704","175140864"
"yune","track-a-comparison","luna_pinyin","key_sequence_process_with_context","yi","38","2","12.500","6.250","110669824","110669824","unavailable","153944064","99016704","99016704","unavailable","99016704","99016704","175140864"
"yune","track-a-comparison","luna_pinyin","key_sequence_process_with_context","yi","39","2","12.600","6.300","110673920","110673920","unavailable","153944064","99016704","99016704","unavailable","99016704","99016704","175140864"
"yune","track-a-comparison","luna_pinyin","key_sequence_process_with_context","yi","40","2","12.500","6.250","110673920","110673920","unavailable","153944064","99016704","99016704","unavailable","99016704","99016704","175140864"
"yune","track-a-comparison","luna_pinyin","key_sequence_process_with_context","yi","41","2","12.700","6.350","110673920","110673920","unavailable","153944064","99016704","99016704","unavailable","99016704","99016704","175140864"
"yune","track-a-comparison","luna_pinyin","key_sequence_process_with_context","yi","42","2","12.100","6.050","110673920","110673920","unavailable","153944064","99016704","99016704","unavailable","99016704","99016704","175140864"
"yune","track-a-comparison","luna_pinyin","key_sequence_process_with_context","yi","43","2","12.800","6.400","110673920","110673920","unavailable","153944064","99016704","99016704","unavailable","99016704","99016704","175140864"
"yune","track-a-comparison","luna_pinyin","key_sequence_process_with_context","yi","44","2","12.600","6.300","110673920","110673920","unavailable","153944064","99016704","99016704","unavailable","99016704","99016704","175140864"
"yune","track-a-comparison","luna_pinyin","key_sequence_process_with_context","yi","45","2","13.600","6.800","110673920","110673920","unavailable","153944064","99016704","99016704","unavailable","99016704","99016704","175140864"
"yune","track-a-comparison","luna_pinyin","key_sequence_process_with_context","yi","46","2","12.200","6.100","110673920","110673920","unavailable","153944064","99016704","99016704","unavailable","99016704","99016704","175140864"
"yune","track-a-comparison","luna_pinyin","key_sequence_process_with_context","yi","47","2","15.300","7.650","110673920","110673920","unavailable","153944064","99016704","99016704","unavailable","99016704","99016704","175140864"
"yune","track-a-comparison","luna_pinyin","key_sequence_process_with_context","yi","48","2","13.000","6.500","110678016","110678016","unavailable","153944064","99016704","99016704","unavailable","99016704","99016704","175140864"
"yune","track-a-comparison","luna_pinyin","key_sequence_process_with_context","yi","49","2","12.500","6.250","110678016","110678016","unavailable","153944064","99016704","99016704","unavailable","99016704","99016704","175140864"
"yune","track-a-comparison","luna_pinyin","key_sequence_process_with_context","yi","50","2","12.400","6.200","110678016","110678016","unavailable","153944064","99016704","99016704","unavailable","99016704","99016704","175140864"
"yune","track-a-comparison","luna_pinyin","key_sequence_process_with_context","yi","51","2","12.500","6.250","110678016","110678016","unavailable","153944064","99016704","99016704","unavailable","99016704","99016704","175140864"
"yune","track-a-comparison","luna_pinyin","key_sequence_process_with_context","yi","52","2","12.100","6.050","110678016","110678016","unavailable","153944064","99016704","99016704","unavailable","99016704","99016704","175140864"
"yune","track-a-comparison","luna_pinyin","key_sequence_process_with_context","yi","53","2","12.400","6.200","110678016","110678016","unavailable","153944064","99016704","99016704","unavailable","99016704","99016704","175140864"
"yune","track-a-comparison","luna_pinyin","key_sequence_process_with_context","yi","54","2","12.500","6.250","110678016","110678016","unavailable","153944064","99016704","99016704","unavailable","99016704","99016704","175140864"
"yune","track-a-comparison","luna_pinyin","key_sequence_process_with_context","yi","55","2","12.400","6.200","110678016","110678016","unavailable","153944064","99016704","99016704","unavailable","99016704","99016704","175140864"
"yune","track-a-comparison","luna_pinyin","key_sequence_process_with_context","yi","56","2","12.300","6.150","110678016","110678016","unavailable","153944064","99016704","99016704","unavailable","99016704","99016704","175140864"
"yune","track-a-comparison","luna_pinyin","key_sequence_process_with_context","yi","57","2","12.500","6.250","110682112","110682112","unavailable","153944064","99016704","99016704","unavailable","99016704","99016704","175140864"
"yune","track-a-comparison","luna_pinyin","key_sequence_process_with_context","yi","58","2","12.600","6.300","110682112","110682112","unavailable","153944064","99016704","99016704","unavailable","99016704","99016704","175140864"
"yune","track-a-comparison","luna_pinyin","key_sequence_process_with_context","yi","59","2","12.600","6.300","110682112","110678016","unavailable","153944064","99016704","99016704","unavailable","99016704","99016704","175140864"
"yune","track-a-comparison","luna_pinyin","key_sequence_process_with_context","yi","60","2","12.600","6.300","110678016","110678016","unavailable","153944064","99016704","99016704","unavailable","99016704","99016704","175140864"
"yune","track-a-comparison","luna_pinyin","key_sequence_process_with_context","yi","61","2","12.400","6.200","110678016","110678016","unavailable","153944064","99016704","99016704","unavailable","99016704","99016704","175140864"
"yune","track-a-comparison","luna_pinyin","key_sequence_process_with_context","yi","62","2","12.400","6.200","110678016","110678016","unavailable","153944064","99016704","99016704","unavailable","99016704","99016704","175140864"
"yune","track-a-comparison","luna_pinyin","key_sequence_process_with_context","yi","63","2","12.300","6.150","110678016","110678016","unavailable","153944064","99016704","99016704","unavailable","99016704","99016704","175140864"
"yune","track-a-comparison","luna_pinyin","key_sequence_process_with_context","yi","64","2","12.200","6.100","110678016","110678016","unavailable","153944064","99016704","99016704","unavailable","99016704","99016704","175140864"
"yune","track-a-comparison","luna_pinyin","key_sequence_process_with_context","yi","65","2","12.300","6.150","110678016","110678016","unavailable","153944064","99016704","99016704","unavailable","99016704","99016704","175140864"
"yune","track-a-comparison","luna_pinyin","key_sequence_process_with_context","yi","66","2","12.200","6.100","110682112","110682112","unavailable","153944064","99016704","99016704","unavailable","99016704","99016704","175140864"
"yune","track-a-comparison","luna_pinyin","key_sequence_process_with_context","yi","67","2","12.500","6.250","110682112","110682112","unavailable","153944064","99016704","99016704","unavailable","99016704","99016704","175140864"
"yune","track-a-comparison","luna_pinyin","key_sequence_process_with_context","yi","68","2","12.600","6.300","110682112","110682112","unavailable","153944064","99016704","99016704","unavailable","99016704","99016704","175140864"
"yune","track-a-comparison","luna_pinyin","key_sequence_process_with_context","yi","69","2","12.400","6.200","110682112","110682112","unavailable","153944064","99016704","99016704","unavailable","99016704","99016704","175140864"
"yune","track-a-comparison","luna_pinyin","key_sequence_process_with_context","yi","70","2","24.500","12.250","110682112","110682112","unavailable","153944064","99016704","99016704","unavailable","99016704","99016704","175140864"
"yune","track-a-comparison","luna_pinyin","key_sequence_process_with_context","yi","71","2","12.500","6.250","110682112","110702592","unavailable","153944064","99016704","99016704","unavailable","99016704","99016704","175140864"
"yune","track-a-comparison","luna_pinyin","key_sequence_process_with_context","yi","72","2","12.800","6.400","110702592","110702592","unavailable","153944064","99016704","99016704","unavailable","99016704","99016704","175140864"
"yune","track-a-comparison","luna_pinyin","key_sequence_process_with_context","yi","73","2","12.200","6.100","110702592","110702592","unavailable","153944064","99016704","99016704","unavailable","99016704","99016704","175140864"
"yune","track-a-comparison","luna_pinyin","key_sequence_process_with_context","yi","74","2","12.400","6.200","110702592","110702592","unavailable","153944064","99016704","99016704","unavailable","99016704","99016704","175140864"
"yune","track-a-comparison","luna_pinyin","key_sequence_process_with_context","yi","75","2","12.400","6.200","110706688","110706688","unavailable","153944064","99016704","99016704","unavailable","99016704","99016704","175140864"
"yune","track-a-comparison","luna_pinyin","key_sequence_process_with_context","yi","76","2","12.100","6.050","110706688","110706688","unavailable","153944064","99016704","99016704","unavailable","99016704","99016704","175140864"
"yune","track-a-comparison","luna_pinyin","key_sequence_process_with_context","yi","77","2","12.100","6.050","110706688","110706688","unavailable","153944064","99016704","99016704","unavailable","99016704","99016704","175140864"
"yune","track-a-comparison","luna_pinyin","key_sequence_process_with_context","yi","78","2","12.300","6.150","110706688","110706688","unavailable","153944064","99016704","99016704","unavailable","99016704","99016704","175140864"
"yune","track-a-comparison","luna_pinyin","key_sequence_process_with_context","yi","79","2","12.300","6.150","110706688","110706688","unavailable","153944064","99016704","99016704","unavailable","99016704","99016704","175140864"
"yune","track-a-comparison","luna_pinyin","key_sequence_process_with_context","che","0","3","20.000","6.667","111443968","111443968","unavailable","153944064","99696640","99696640","unavailable","99696640","99696640","175140864"
"yune","track-a-comparison","luna_pinyin","key_sequence_process_with_context","che","1","3","19.700","6.567","111443968","111443968","unavailable","153944064","99696640","99696640","unavailable","99696640","99696640","175140864"
"yune","track-a-comparison","luna_pinyin","key_sequence_process_with_context","che","2","3","19.400","6.467","111443968","111443968","unavailable","153944064","99696640","99696640","unavailable","99696640","99696640","175140864"
"yune","track-a-comparison","luna_pinyin","key_sequence_process_with_context","che","3","3","19.300","6.433","111443968","111443968","unavailable","153944064","99696640","99696640","unavailable","99696640","99696640","175140864"
"yune","track-a-comparison","luna_pinyin","key_sequence_process_with_context","che","4","3","19.500","6.500","111448064","111448064","unavailable","153944064","99696640","99696640","unavailable","99696640","99696640","175140864"
"yune","track-a-comparison","luna_pinyin","key_sequence_process_with_context","che","5","3","19.100","6.367","111448064","111448064","unavailable","153944064","99696640","99696640","unavailable","99696640","99696640","175140864"
"yune","track-a-comparison","luna_pinyin","key_sequence_process_with_context","che","6","3","18.900","6.300","111448064","111448064","unavailable","153944064","99696640","99696640","unavailable","99696640","99696640","175140864"
"yune","track-a-comparison","luna_pinyin","key_sequence_process_with_context","che","7","3","19.500","6.500","111448064","111448064","unavailable","153944064","99696640","99696640","unavailable","99696640","99696640","175140864"
"yune","track-a-comparison","luna_pinyin","key_sequence_process_with_context","che","8","3","19.000","6.333","111448064","111448064","unavailable","153944064","99696640","99696640","unavailable","99696640","99696640","175140864"
"yune","track-a-comparison","luna_pinyin","key_sequence_process_with_context","che","9","3","18.700","6.233","111448064","111448064","unavailable","153944064","99696640","99696640","unavailable","99696640","99696640","175140864"
"yune","track-a-comparison","luna_pinyin","key_sequence_process_with_context","che","10","3","19.000","6.333","111448064","111448064","unavailable","153944064","99696640","99696640","unavailable","99696640","99696640","175140864"
"yune","track-a-comparison","luna_pinyin","key_sequence_process_with_context","che","11","3","19.100","6.367","111448064","111448064","unavailable","153944064","99696640","99696640","unavailable","99696640","99696640","175140864"
"yune","track-a-comparison","luna_pinyin","key_sequence_process_with_context","che","12","3","18.900","6.300","111448064","111448064","unavailable","153944064","99696640","99696640","unavailable","99696640","99696640","175140864"
"yune","track-a-comparison","luna_pinyin","key_sequence_process_with_context","che","13","3","18.800","6.267","111452160","111452160","unavailable","153944064","99696640","99696640","unavailable","99696640","99696640","175140864"
"yune","track-a-comparison","luna_pinyin","key_sequence_process_with_context","che","14","3","18.900","6.300","111452160","111452160","unavailable","153944064","99696640","99696640","unavailable","99696640","99696640","175140864"
"yune","track-a-comparison","luna_pinyin","key_sequence_process_with_context","che","15","3","18.800","6.267","111452160","111452160","unavailable","153944064","99696640","99696640","unavailable","99696640","99696640","175140864"
"yune","track-a-comparison","luna_pinyin","key_sequence_process_with_context","che","16","3","18.600","6.200","111452160","111452160","unavailable","153944064","99696640","99696640","unavailable","99696640","99696640","175140864"
"yune","track-a-comparison","luna_pinyin","key_sequence_process_with_context","che","17","3","18.800","6.267","111452160","111452160","unavailable","153944064","99696640","99696640","unavailable","99696640","99696640","175140864"
"yune","track-a-comparison","luna_pinyin","key_sequence_process_with_context","che","18","3","19.600","6.533","111452160","111452160","unavailable","153944064","99696640","99696640","unavailable","99696640","99696640","175140864"
"yune","track-a-comparison","luna_pinyin","key_sequence_process_with_context","che","19","3","18.700","6.233","111452160","111452160","unavailable","153944064","99696640","99696640","unavailable","99696640","99696640","175140864"
"yune","track-a-comparison","luna_pinyin","key_sequence_process_with_context","che","20","3","19.700","6.567","111452160","111452160","unavailable","153944064","99696640","99696640","unavailable","99696640","99696640","175140864"
"yune","track-a-comparison","luna_pinyin","key_sequence_process_with_context","che","21","3","19.500","6.500","111452160","111452160","unavailable","153944064","99696640","99696640","unavailable","99696640","99696640","175140864"
"yune","track-a-comparison","luna_pinyin","key_sequence_process_with_context","che","22","3","18.700","6.233","111456256","111456256","unavailable","153944064","99696640","99696640","unavailable","99696640","99696640","175140864"
"yune","track-a-comparison","luna_pinyin","key_sequence_process_with_context","che","23","3","19.300","6.433","111456256","111456256","unavailable","153944064","99696640","99696640","unavailable","99696640","99696640","175140864"
"yune","track-a-comparison","luna_pinyin","key_sequence_process_with_context","che","24","3","18.800","6.267","111456256","111456256","unavailable","153944064","99696640","99696640","unavailable","99696640","99696640","175140864"
"yune","track-a-comparison","luna_pinyin","key_sequence_process_with_context","che","25","3","19.100","6.367","111456256","111456256","unavailable","153944064","99696640","99696640","unavailable","99696640","99696640","175140864"
"yune","track-a-comparison","luna_pinyin","key_sequence_process_with_context","che","26","3","26.300","8.767","111456256","111456256","unavailable","153944064","99696640","99696640","unavailable","99696640","99696640","175140864"
"yune","track-a-comparison","luna_pinyin","key_sequence_process_with_context","che","27","3","19.100","6.367","111456256","111456256","unavailable","153944064","99696640","99696640","unavailable","99696640","99696640","175140864"
"yune","track-a-comparison","luna_pinyin","key_sequence_process_with_context","che","28","3","18.800","6.267","111456256","111456256","unavailable","153944064","99696640","99696640","unavailable","99696640","99696640","175140864"
"yune","track-a-comparison","luna_pinyin","key_sequence_process_with_context","che","29","3","18.800","6.267","111456256","111456256","unavailable","153944064","99696640","99696640","unavailable","99696640","99696640","175140864"
"yune","track-a-comparison","luna_pinyin","key_sequence_process_with_context","che","30","3","18.900","6.300","111456256","111456256","unavailable","153944064","99696640","99696640","unavailable","99696640","99696640","175140864"
"yune","track-a-comparison","luna_pinyin","key_sequence_process_with_context","che","31","3","19.400","6.467","111460352","111460352","unavailable","153944064","99696640","99696640","unavailable","99696640","99696640","175140864"
"yune","track-a-comparison","luna_pinyin","key_sequence_process_with_context","che","32","3","18.800","6.267","111460352","111460352","unavailable","153944064","99696640","99696640","unavailable","99696640","99696640","175140864"
"yune","track-a-comparison","luna_pinyin","key_sequence_process_with_context","che","33","3","19.300","6.433","111460352","111460352","unavailable","153944064","99696640","99696640","unavailable","99696640","99696640","175140864"
"yune","track-a-comparison","luna_pinyin","key_sequence_process_with_context","che","34","3","19.300","6.433","111460352","111460352","unavailable","153944064","99696640","99696640","unavailable","99696640","99696640","175140864"
"yune","track-a-comparison","luna_pinyin","key_sequence_process_with_context","che","35","3","19.100","6.367","111460352","111460352","unavailable","153944064","99696640","99696640","unavailable","99696640","99696640","175140864"
"yune","track-a-comparison","luna_pinyin","key_sequence_process_with_context","che","36","3","18.600","6.200","111460352","111460352","unavailable","153944064","99696640","99696640","unavailable","99696640","99696640","175140864"
"yune","track-a-comparison","luna_pinyin","key_sequence_process_with_context","che","37","3","18.600","6.200","111460352","111460352","unavailable","153944064","99696640","99696640","unavailable","99696640","99696640","175140864"
"yune","track-a-comparison","luna_pinyin","key_sequence_process_with_context","che","38","3","18.700","6.233","111460352","111460352","unavailable","153944064","99696640","99696640","unavailable","99696640","99696640","175140864"
"yune","track-a-comparison","luna_pinyin","key_sequence_process_with_context","che","39","3","18.800","6.267","111460352","111460352","unavailable","153944064","99696640","99696640","unavailable","99696640","99696640","175140864"
"yune","track-a-comparison","luna_pinyin","key_sequence_process_with_context","che","40","3","18.700","6.233","111464448","111464448","unavailable","153944064","99696640","99696640","unavailable","99696640","99696640","175140864"
"yune","track-a-comparison","luna_pinyin","key_sequence_process_with_context","che","41","3","18.600","6.200","111464448","111464448","unavailable","153944064","99696640","99696640","unavailable","99696640","99696640","175140864"
"yune","track-a-comparison","luna_pinyin","key_sequence_process_with_context","che","42","3","18.500","6.167","111464448","111464448","unavailable","153944064","99696640","99696640","unavailable","99696640","99696640","175140864"
"yune","track-a-comparison","luna_pinyin","key_sequence_process_with_context","che","43","3","18.600","6.200","111464448","111464448","unavailable","153944064","99696640","99696640","unavailable","99696640","99696640","175140864"
"yune","track-a-comparison","luna_pinyin","key_sequence_process_with_context","che","44","3","18.700","6.233","111464448","111464448","unavailable","153944064","99696640","99696640","unavailable","99696640","99696640","175140864"
"yune","track-a-comparison","luna_pinyin","key_sequence_process_with_context","che","45","3","18.600","6.200","111464448","111464448","unavailable","153944064","99696640","99696640","unavailable","99696640","99696640","175140864"
"yune","track-a-comparison","luna_pinyin","key_sequence_process_with_context","che","46","3","18.700","6.233","111464448","111464448","unavailable","153944064","99696640","99696640","unavailable","99696640","99696640","175140864"
"yune","track-a-comparison","luna_pinyin","key_sequence_process_with_context","che","47","3","18.700","6.233","111464448","111464448","unavailable","153944064","99696640","99696640","unavailable","99696640","99696640","175140864"
"yune","track-a-comparison","luna_pinyin","key_sequence_process_with_context","che","48","3","18.600","6.200","111468544","111468544","unavailable","153944064","99696640","99696640","unavailable","99696640","99696640","175140864"
"yune","track-a-comparison","luna_pinyin","key_sequence_process_with_context","che","49","3","18.700","6.233","111468544","111468544","unavailable","153944064","99696640","99696640","unavailable","99696640","99696640","175140864"
"yune","track-a-comparison","luna_pinyin","key_sequence_process_with_context","che","50","3","18.600","6.200","111468544","111468544","unavailable","153944064","99696640","99696640","unavailable","99696640","99696640","175140864"
"yune","track-a-comparison","luna_pinyin","key_sequence_process_with_context","che","51","3","18.800","6.267","111468544","111468544","unavailable","153944064","99696640","99696640","unavailable","99696640","99696640","175140864"
"yune","track-a-comparison","luna_pinyin","key_sequence_process_with_context","che","52","3","18.700","6.233","111468544","111468544","unavailable","153944064","99696640","99696640","unavailable","99696640","99696640","175140864"
"yune","track-a-comparison","luna_pinyin","key_sequence_process_with_context","che","53","3","18.700","6.233","111468544","111468544","unavailable","153944064","99696640","99696640","unavailable","99696640","99696640","175140864"
"yune","track-a-comparison","luna_pinyin","key_sequence_process_with_context","che","54","3","18.700","6.233","111468544","111468544","unavailable","153944064","99696640","99696640","unavailable","99696640","99696640","175140864"
"yune","track-a-comparison","luna_pinyin","key_sequence_process_with_context","che","55","3","18.700","6.233","111468544","111468544","unavailable","153944064","99696640","99696640","unavailable","99696640","99696640","175140864"
"yune","track-a-comparison","luna_pinyin","key_sequence_process_with_context","che","56","3","18.700","6.233","111468544","111468544","unavailable","153944064","99696640","99696640","unavailable","99696640","99696640","175140864"
"yune","track-a-comparison","luna_pinyin","key_sequence_process_with_context","che","57","3","18.700","6.233","111472640","111472640","unavailable","153944064","99696640","99696640","unavailable","99696640","99696640","175140864"
"yune","track-a-comparison","luna_pinyin","key_sequence_process_with_context","che","58","3","18.700","6.233","111472640","111472640","unavailable","153944064","99696640","99696640","unavailable","99696640","99696640","175140864"
"yune","track-a-comparison","luna_pinyin","key_sequence_process_with_context","che","59","3","18.800","6.267","111472640","111472640","unavailable","153944064","99696640","99696640","unavailable","99696640","99696640","175140864"
"yune","track-a-comparison","luna_pinyin","key_sequence_process_with_context","che","60","3","18.500","6.167","111472640","111472640","unavailable","153944064","99696640","99696640","unavailable","99696640","99696640","175140864"
"yune","track-a-comparison","luna_pinyin","key_sequence_process_with_context","che","61","3","18.500","6.167","111472640","111472640","unavailable","153944064","99696640","99696640","unavailable","99696640","99696640","175140864"
"yune","track-a-comparison","luna_pinyin","key_sequence_process_with_context","che","62","3","18.900","6.300","111472640","111472640","unavailable","153944064","99696640","99696640","unavailable","99696640","99696640","175140864"
"yune","track-a-comparison","luna_pinyin","key_sequence_process_with_context","che","63","3","18.600","6.200","111472640","111472640","unavailable","153944064","99696640","99696640","unavailable","99696640","99696640","175140864"
"yune","track-a-comparison","luna_pinyin","key_sequence_process_with_context","che","64","3","18.700","6.233","111472640","111472640","unavailable","153944064","99696640","99696640","unavailable","99696640","99696640","175140864"
"yune","track-a-comparison","luna_pinyin","key_sequence_process_with_context","che","65","3","18.700","6.233","111472640","111472640","unavailable","153944064","99696640","99696640","unavailable","99696640","99696640","175140864"
"yune","track-a-comparison","luna_pinyin","key_sequence_process_with_context","che","66","3","18.800","6.267","111476736","111476736","unavailable","153944064","99696640","99696640","unavailable","99696640","99696640","175140864"
"yune","track-a-comparison","luna_pinyin","key_sequence_process_with_context","che","67","3","19.800","6.600","111476736","111476736","unavailable","153944064","99696640","99696640","unavailable","99696640","99696640","175140864"
"yune","track-a-comparison","luna_pinyin","key_sequence_process_with_context","che","68","3","18.800","6.267","111476736","111476736","unavailable","153944064","99696640","99696640","unavailable","99696640","99696640","175140864"
"yune","track-a-comparison","luna_pinyin","key_sequence_process_with_context","che","69","3","19.000","6.333","111476736","111476736","unavailable","153944064","99696640","99696640","unavailable","99696640","99696640","175140864"
"yune","track-a-comparison","luna_pinyin","key_sequence_process_with_context","che","70","3","18.900","6.300","111476736","111472640","unavailable","153944064","99696640","99696640","unavailable","99696640","99696640","175140864"
"yune","track-a-comparison","luna_pinyin","key_sequence_process_with_context","che","71","3","19.100","6.367","111472640","111472640","unavailable","153944064","99696640","99696640","unavailable","99696640","99696640","175140864"
"yune","track-a-comparison","luna_pinyin","key_sequence_process_with_context","che","72","3","19.000","6.333","111472640","111472640","unavailable","153944064","99696640","99696640","unavailable","99696640","99696640","175140864"
"yune","track-a-comparison","luna_pinyin","key_sequence_process_with_context","che","73","3","18.800","6.267","111472640","111472640","unavailable","153944064","99696640","99696640","unavailable","99696640","99696640","175140864"
"yune","track-a-comparison","luna_pinyin","key_sequence_process_with_context","che","74","3","18.800","6.267","111472640","111472640","unavailable","153944064","99696640","99696640","unavailable","99696640","99696640","175140864"
"yune","track-a-comparison","luna_pinyin","key_sequence_process_with_context","che","75","3","18.900","6.300","111472640","111472640","unavailable","153944064","99696640","99696640","unavailable","99696640","99696640","175140864"
"yune","track-a-comparison","luna_pinyin","key_sequence_process_with_context","che","76","3","19.100","6.367","111988736","111988736","unavailable","153944064","100634624","100634624","unavailable","100634624","100634624","175140864"
"yune","track-a-comparison","luna_pinyin","key_sequence_process_with_context","che","77","3","18.900","6.300","111988736","111988736","unavailable","153944064","100634624","100634624","unavailable","100634624","100634624","175140864"
"yune","track-a-comparison","luna_pinyin","key_sequence_process_with_context","che","78","3","18.900","6.300","111988736","111984640","unavailable","153944064","100634624","100634624","unavailable","100634624","100634624","175140864"
"yune","track-a-comparison","luna_pinyin","key_sequence_process_with_context","che","79","3","18.900","6.300","111984640","111984640","unavailable","153944064","100634624","100634624","unavailable","100634624","100634624","175140864"
"yune","track-a-comparison","luna_pinyin","key_sequence_process_with_context","chuang","0","6","38.600","6.433","112795648","112795648","unavailable","153944064","101425152","101425152","unavailable","101425152","101425152","175140864"
"yune","track-a-comparison","luna_pinyin","key_sequence_process_with_context","chuang","1","6","38.900","6.483","112795648","112795648","unavailable","153944064","101425152","101425152","unavailable","101425152","101425152","175140864"
"yune","track-a-comparison","luna_pinyin","key_sequence_process_with_context","chuang","2","6","38.700","6.450","112795648","112795648","unavailable","153944064","101425152","101425152","unavailable","101425152","101425152","175140864"
"yune","track-a-comparison","luna_pinyin","key_sequence_process_with_context","chuang","3","6","38.800","6.467","112795648","112795648","unavailable","153944064","101425152","101425152","unavailable","101425152","101425152","175140864"
"yune","track-a-comparison","luna_pinyin","key_sequence_process_with_context","chuang","4","6","37.900","6.317","112795648","112795648","unavailable","153944064","101425152","101425152","unavailable","101425152","101425152","175140864"
"yune","track-a-comparison","luna_pinyin","key_sequence_process_with_context","chuang","5","6","38.700","6.450","112795648","112795648","unavailable","153944064","101425152","101425152","unavailable","101425152","101425152","175140864"
"yune","track-a-comparison","luna_pinyin","key_sequence_process_with_context","chuang","6","6","37.900","6.317","112795648","112795648","unavailable","153944064","101425152","101425152","unavailable","101425152","101425152","175140864"
"yune","track-a-comparison","luna_pinyin","key_sequence_process_with_context","chuang","7","6","38.100","6.350","112795648","112795648","unavailable","153944064","101425152","101425152","unavailable","101425152","101425152","175140864"
"yune","track-a-comparison","luna_pinyin","key_sequence_process_with_context","chuang","8","6","38.300","6.383","112795648","112795648","unavailable","153944064","101425152","101425152","unavailable","101425152","101425152","175140864"
"yune","track-a-comparison","luna_pinyin","key_sequence_process_with_context","chuang","9","6","38.000","6.333","112795648","112795648","unavailable","153944064","101425152","101425152","unavailable","101425152","101425152","175140864"
"yune","track-a-comparison","luna_pinyin","key_sequence_process_with_context","chuang","10","6","37.800","6.300","112795648","112795648","unavailable","153944064","101425152","101425152","unavailable","101425152","101425152","175140864"
"yune","track-a-comparison","luna_pinyin","key_sequence_process_with_context","chuang","11","6","37.700","6.283","112795648","112795648","unavailable","153944064","101425152","101425152","unavailable","101425152","101425152","175140864"
"yune","track-a-comparison","luna_pinyin","key_sequence_process_with_context","chuang","12","6","37.900","6.317","112795648","112795648","unavailable","153944064","101425152","101425152","unavailable","101425152","101425152","175140864"
"yune","track-a-comparison","luna_pinyin","key_sequence_process_with_context","chuang","13","6","39.000","6.500","112795648","112795648","unavailable","153944064","101425152","101425152","unavailable","101425152","101425152","175140864"
"yune","track-a-comparison","luna_pinyin","key_sequence_process_with_context","chuang","14","6","38.200","6.367","112795648","112795648","unavailable","153944064","101425152","101425152","unavailable","101425152","101425152","175140864"
"yune","track-a-comparison","luna_pinyin","key_sequence_process_with_context","chuang","15","6","38.200","6.367","112795648","112795648","unavailable","153944064","101425152","101425152","unavailable","101425152","101425152","175140864"
"yune","track-a-comparison","luna_pinyin","key_sequence_process_with_context","chuang","16","6","38.500","6.417","112795648","112795648","unavailable","153944064","101425152","101425152","unavailable","101425152","101425152","175140864"
"yune","track-a-comparison","luna_pinyin","key_sequence_process_with_context","chuang","17","6","37.800","6.300","112795648","112795648","unavailable","153944064","101425152","101425152","unavailable","101425152","101425152","175140864"
"yune","track-a-comparison","luna_pinyin","key_sequence_process_with_context","chuang","18","6","37.800","6.300","112795648","112795648","unavailable","153944064","101425152","101425152","unavailable","101425152","101425152","175140864"
"yune","track-a-comparison","luna_pinyin","key_sequence_process_with_context","chuang","19","6","37.700","6.283","112795648","112795648","unavailable","153944064","101425152","101425152","unavailable","101425152","101425152","175140864"
"yune","track-a-comparison","luna_pinyin","key_sequence_process_with_context","chuang","20","6","38.500","6.417","112795648","112795648","unavailable","153944064","101425152","101425152","unavailable","101425152","101425152","175140864"
"yune","track-a-comparison","luna_pinyin","key_sequence_process_with_context","chuang","21","6","37.800","6.300","112795648","112795648","unavailable","153944064","101425152","101425152","unavailable","101425152","101425152","175140864"
"yune","track-a-comparison","luna_pinyin","key_sequence_process_with_context","chuang","22","6","37.700","6.283","112795648","112795648","unavailable","153944064","101425152","101425152","unavailable","101425152","101425152","175140864"
"yune","track-a-comparison","luna_pinyin","key_sequence_process_with_context","chuang","23","6","44.000","7.333","112795648","112795648","unavailable","153944064","101425152","101425152","unavailable","101425152","101425152","175140864"
"yune","track-a-comparison","luna_pinyin","key_sequence_process_with_context","chuang","24","6","38.300","6.383","112795648","112795648","unavailable","153944064","101425152","101425152","unavailable","101425152","101425152","175140864"
"yune","track-a-comparison","luna_pinyin","key_sequence_process_with_context","chuang","25","6","38.900","6.483","112795648","112795648","unavailable","153944064","101425152","101425152","unavailable","101425152","101425152","175140864"
"yune","track-a-comparison","luna_pinyin","key_sequence_process_with_context","chuang","26","6","38.800","6.467","112795648","112795648","unavailable","153944064","101425152","101425152","unavailable","101425152","101425152","175140864"
"yune","track-a-comparison","luna_pinyin","key_sequence_process_with_context","chuang","27","6","37.900","6.317","112795648","112795648","unavailable","153944064","101425152","101425152","unavailable","101425152","101425152","175140864"
"yune","track-a-comparison","luna_pinyin","key_sequence_process_with_context","chuang","28","6","38.000","6.333","112795648","112795648","unavailable","153944064","101425152","101425152","unavailable","101425152","101425152","175140864"
"yune","track-a-comparison","luna_pinyin","key_sequence_process_with_context","chuang","29","6","37.700","6.283","112795648","112795648","unavailable","153944064","101425152","101425152","unavailable","101425152","101425152","175140864"
"yune","track-a-comparison","luna_pinyin","key_sequence_process_with_context","chuang","30","6","38.000","6.333","112795648","112795648","unavailable","153944064","101425152","101425152","unavailable","101425152","101425152","175140864"
"yune","track-a-comparison","luna_pinyin","key_sequence_process_with_context","chuang","31","6","38.000","6.333","112795648","112795648","unavailable","153944064","101425152","101425152","unavailable","101425152","101425152","175140864"
"yune","track-a-comparison","luna_pinyin","key_sequence_process_with_context","chuang","32","6","38.900","6.483","112795648","112795648","unavailable","153944064","101425152","101425152","unavailable","101425152","101425152","175140864"
"yune","track-a-comparison","luna_pinyin","key_sequence_process_with_context","chuang","33","6","38.000","6.333","112795648","112795648","unavailable","153944064","101425152","101425152","unavailable","101425152","101425152","175140864"
"yune","track-a-comparison","luna_pinyin","key_sequence_process_with_context","chuang","34","6","37.800","6.300","112795648","112795648","unavailable","153944064","101425152","101425152","unavailable","101425152","101425152","175140864"
"yune","track-a-comparison","luna_pinyin","key_sequence_process_with_context","chuang","35","6","37.700","6.283","112795648","112795648","unavailable","153944064","101425152","101425152","unavailable","101425152","101425152","175140864"
"yune","track-a-comparison","luna_pinyin","key_sequence_process_with_context","chuang","36","6","37.900","6.317","112795648","112795648","unavailable","153944064","101425152","101425152","unavailable","101425152","101425152","175140864"
"yune","track-a-comparison","luna_pinyin","key_sequence_process_with_context","chuang","37","6","38.000","6.333","112795648","112795648","unavailable","153944064","101425152","101425152","unavailable","101425152","101425152","175140864"
"yune","track-a-comparison","luna_pinyin","key_sequence_process_with_context","chuang","38","6","38.500","6.417","112795648","112795648","unavailable","153944064","101425152","101425152","unavailable","101425152","101425152","175140864"
"yune","track-a-comparison","luna_pinyin","key_sequence_process_with_context","chuang","39","6","38.000","6.333","112795648","112795648","unavailable","153944064","101425152","101425152","unavailable","101425152","101425152","175140864"
"yune","track-a-comparison","luna_pinyin","key_sequence_process_with_context","chuang","40","6","37.900","6.317","112795648","112795648","unavailable","153944064","101425152","101425152","unavailable","101425152","101425152","175140864"
"yune","track-a-comparison","luna_pinyin","key_sequence_process_with_context","chuang","41","6","37.900","6.317","112795648","112795648","unavailable","153944064","101425152","101425152","unavailable","101425152","101425152","175140864"
"yune","track-a-comparison","luna_pinyin","key_sequence_process_with_context","chuang","42","6","37.800","6.300","112795648","112795648","unavailable","153944064","101425152","101425152","unavailable","101425152","101425152","175140864"
"yune","track-a-comparison","luna_pinyin","key_sequence_process_with_context","chuang","43","6","37.600","6.267","112795648","112795648","unavailable","153944064","101425152","101425152","unavailable","101425152","101425152","175140864"
"yune","track-a-comparison","luna_pinyin","key_sequence_process_with_context","chuang","44","6","38.300","6.383","112795648","112795648","unavailable","153944064","101425152","101425152","unavailable","101425152","101425152","175140864"
"yune","track-a-comparison","luna_pinyin","key_sequence_process_with_context","chuang","45","6","37.800","6.300","112795648","112795648","unavailable","153944064","101425152","101425152","unavailable","101425152","101425152","175140864"
"yune","track-a-comparison","luna_pinyin","key_sequence_process_with_context","chuang","46","6","38.200","6.367","112795648","112795648","unavailable","153944064","101425152","101425152","unavailable","101425152","101425152","175140864"
"yune","track-a-comparison","luna_pinyin","key_sequence_process_with_context","chuang","47","6","37.900","6.317","112795648","112795648","unavailable","153944064","101425152","101425152","unavailable","101425152","101425152","175140864"
"yune","track-a-comparison","luna_pinyin","key_sequence_process_with_context","chuang","48","6","38.000","6.333","112795648","112795648","unavailable","153944064","101425152","101425152","unavailable","101425152","101425152","175140864"
"yune","track-a-comparison","luna_pinyin","key_sequence_process_with_context","chuang","49","6","38.200","6.367","112795648","112795648","unavailable","153944064","101425152","101425152","unavailable","101425152","101425152","175140864"
"yune","track-a-comparison","luna_pinyin","key_sequence_process_with_context","chuang","50","6","38.000","6.333","112795648","112795648","unavailable","153944064","101425152","101425152","unavailable","101425152","101425152","175140864"
"yune","track-a-comparison","luna_pinyin","key_sequence_process_with_context","chuang","51","6","38.000","6.333","112795648","112795648","unavailable","153944064","101425152","101425152","unavailable","101425152","101425152","175140864"
"yune","track-a-comparison","luna_pinyin","key_sequence_process_with_context","chuang","52","6","43.300","7.217","112795648","112795648","unavailable","153944064","101425152","101425152","unavailable","101425152","101425152","175140864"
"yune","track-a-comparison","luna_pinyin","key_sequence_process_with_context","chuang","53","6","38.000","6.333","112795648","112791552","unavailable","153944064","101425152","101425152","unavailable","101425152","101425152","175140864"
"yune","track-a-comparison","luna_pinyin","key_sequence_process_with_context","chuang","54","6","38.300","6.383","112791552","112791552","unavailable","153944064","101425152","101425152","unavailable","101425152","101425152","175140864"
"yune","track-a-comparison","luna_pinyin","key_sequence_process_with_context","chuang","55","6","37.700","6.283","112791552","112791552","unavailable","153944064","101425152","101425152","unavailable","101425152","101425152","175140864"
"yune","track-a-comparison","luna_pinyin","key_sequence_process_with_context","chuang","56","6","38.000","6.333","112791552","112791552","unavailable","153944064","101425152","101425152","unavailable","101425152","101425152","175140864"
"yune","track-a-comparison","luna_pinyin","key_sequence_process_with_context","chuang","57","6","38.300","6.383","112791552","112791552","unavailable","153944064","101425152","101425152","unavailable","101425152","101425152","175140864"
"yune","track-a-comparison","luna_pinyin","key_sequence_process_with_context","chuang","58","6","38.000","6.333","112791552","112791552","unavailable","153944064","101425152","101425152","unavailable","101425152","101425152","175140864"
"yune","track-a-comparison","luna_pinyin","key_sequence_process_with_context","chuang","59","6","38.400","6.400","112791552","112807936","unavailable","153944064","101425152","101425152","unavailable","101425152","101425152","175140864"
"yune","track-a-comparison","luna_pinyin","key_sequence_process_with_context","chuang","60","6","38.800","6.467","112807936","112807936","unavailable","153944064","101425152","101425152","unavailable","101425152","101425152","175140864"
"yune","track-a-comparison","luna_pinyin","key_sequence_process_with_context","chuang","61","6","37.900","6.317","112807936","112807936","unavailable","153944064","101425152","101425152","unavailable","101425152","101425152","175140864"
"yune","track-a-comparison","luna_pinyin","key_sequence_process_with_context","chuang","62","6","38.000","6.333","112807936","112807936","unavailable","153944064","101425152","101425152","unavailable","101425152","101425152","175140864"
"yune","track-a-comparison","luna_pinyin","key_sequence_process_with_context","chuang","63","6","38.300","6.383","112807936","112807936","unavailable","153944064","101425152","101425152","unavailable","101425152","101425152","175140864"
"yune","track-a-comparison","luna_pinyin","key_sequence_process_with_context","chuang","64","6","38.200","6.367","112807936","112807936","unavailable","153944064","101425152","101425152","unavailable","101425152","101425152","175140864"
"yune","track-a-comparison","luna_pinyin","key_sequence_process_with_context","chuang","65","6","38.100","6.350","112807936","112807936","unavailable","153944064","101425152","101425152","unavailable","101425152","101425152","175140864"
"yune","track-a-comparison","luna_pinyin","key_sequence_process_with_context","chuang","66","6","38.400","6.400","112807936","112807936","unavailable","153944064","101425152","101425152","unavailable","101425152","101425152","175140864"
"yune","track-a-comparison","luna_pinyin","key_sequence_process_with_context","chuang","67","6","38.000","6.333","112807936","112807936","unavailable","153944064","101425152","101425152","unavailable","101425152","101425152","175140864"
"yune","track-a-comparison","luna_pinyin","key_sequence_process_with_context","chuang","68","6","38.300","6.383","112807936","112807936","unavailable","153944064","101425152","101425152","unavailable","101425152","101425152","175140864"
"yune","track-a-comparison","luna_pinyin","key_sequence_process_with_context","chuang","69","6","38.300","6.383","112807936","112807936","unavailable","153944064","101425152","101425152","unavailable","101425152","101425152","175140864"
"yune","track-a-comparison","luna_pinyin","key_sequence_process_with_context","chuang","70","6","38.300","6.383","112807936","112807936","unavailable","153944064","101425152","101425152","unavailable","101425152","101425152","175140864"
"yune","track-a-comparison","luna_pinyin","key_sequence_process_with_context","chuang","71","6","38.300","6.383","112807936","112807936","unavailable","153944064","101425152","101425152","unavailable","101425152","101425152","175140864"
"yune","track-a-comparison","luna_pinyin","key_sequence_process_with_context","chuang","72","6","38.200","6.367","112807936","112807936","unavailable","153944064","101425152","101425152","unavailable","101425152","101425152","175140864"
"yune","track-a-comparison","luna_pinyin","key_sequence_process_with_context","chuang","73","6","38.000","6.333","112807936","112807936","unavailable","153944064","101425152","101425152","unavailable","101425152","101425152","175140864"
"yune","track-a-comparison","luna_pinyin","key_sequence_process_with_context","chuang","74","6","38.100","6.350","112807936","112807936","unavailable","153944064","101425152","101425152","unavailable","101425152","101425152","175140864"
"yune","track-a-comparison","luna_pinyin","key_sequence_process_with_context","chuang","75","6","38.200","6.367","112807936","112807936","unavailable","153944064","101425152","101425152","unavailable","101425152","101425152","175140864"
"yune","track-a-comparison","luna_pinyin","key_sequence_process_with_context","chuang","76","6","37.800","6.300","112807936","112803840","unavailable","153944064","101425152","101425152","unavailable","101425152","101425152","175140864"
"yune","track-a-comparison","luna_pinyin","key_sequence_process_with_context","chuang","77","6","37.900","6.317","112803840","112803840","unavailable","153944064","101425152","101425152","unavailable","101425152","101425152","175140864"
"yune","track-a-comparison","luna_pinyin","key_sequence_process_with_context","chuang","78","6","38.100","6.350","112803840","112803840","unavailable","153944064","101425152","101425152","unavailable","101425152","101425152","175140864"
"yune","track-a-comparison","luna_pinyin","key_sequence_process_with_context","chuang","79","6","38.000","6.333","112803840","112803840","unavailable","153944064","101425152","101425152","unavailable","101425152","101425152","175140864"
"yune","track-a-comparison","luna_pinyin","key_sequence_process_with_context","b","0","1","7.000","7.000","114176000","114176000","unavailable","153944064","102842368","102842368","unavailable","102842368","102842368","175140864"
"yune","track-a-comparison","luna_pinyin","key_sequence_process_with_context","b","1","1","7.000","7.000","114176000","114176000","unavailable","153944064","102842368","102842368","unavailable","102842368","102842368","175140864"
"yune","track-a-comparison","luna_pinyin","key_sequence_process_with_context","b","2","1","6.900","6.900","114176000","114176000","unavailable","153944064","102842368","102842368","unavailable","102842368","102842368","175140864"
"yune","track-a-comparison","luna_pinyin","key_sequence_process_with_context","b","3","1","6.500","6.500","114176000","114176000","unavailable","153944064","102842368","102842368","unavailable","102842368","102842368","175140864"
"yune","track-a-comparison","luna_pinyin","key_sequence_process_with_context","b","4","1","6.500","6.500","114176000","114176000","unavailable","153944064","102842368","102842368","unavailable","102842368","102842368","175140864"
"yune","track-a-comparison","luna_pinyin","key_sequence_process_with_context","b","5","1","6.500","6.500","114176000","114176000","unavailable","153944064","102842368","102842368","unavailable","102842368","102842368","175140864"
"yune","track-a-comparison","luna_pinyin","key_sequence_process_with_context","b","6","1","6.300","6.300","114176000","114176000","unavailable","153944064","102842368","102842368","unavailable","102842368","102842368","175140864"
"yune","track-a-comparison","luna_pinyin","key_sequence_process_with_context","b","7","1","6.500","6.500","114176000","114176000","unavailable","153944064","102842368","102842368","unavailable","102842368","102842368","175140864"
"yune","track-a-comparison","luna_pinyin","key_sequence_process_with_context","b","8","1","6.300","6.300","114241536","114241536","unavailable","153944064","102842368","102842368","unavailable","102842368","102842368","175140864"
"yune","track-a-comparison","luna_pinyin","key_sequence_process_with_context","b","9","1","6.400","6.400","114241536","114241536","unavailable","153944064","102842368","102842368","unavailable","102842368","102842368","175140864"
"yune","track-a-comparison","luna_pinyin","key_sequence_process_with_context","b","10","1","6.500","6.500","114241536","114241536","unavailable","153944064","102842368","102842368","unavailable","102842368","102842368","175140864"
"yune","track-a-comparison","luna_pinyin","key_sequence_process_with_context","b","11","1","6.500","6.500","114241536","114241536","unavailable","153944064","102842368","102842368","unavailable","102842368","102842368","175140864"
"yune","track-a-comparison","luna_pinyin","key_sequence_process_with_context","b","12","1","6.400","6.400","114241536","114241536","unavailable","153944064","102842368","102842368","unavailable","102842368","102842368","175140864"
"yune","track-a-comparison","luna_pinyin","key_sequence_process_with_context","b","13","1","6.400","6.400","114241536","114241536","unavailable","153944064","102842368","102842368","unavailable","102842368","102842368","175140864"
"yune","track-a-comparison","luna_pinyin","key_sequence_process_with_context","b","14","1","6.400","6.400","114241536","114241536","unavailable","153944064","102842368","102842368","unavailable","102842368","102842368","175140864"
"yune","track-a-comparison","luna_pinyin","key_sequence_process_with_context","b","15","1","7.300","7.300","114241536","114241536","unavailable","153944064","102842368","102842368","unavailable","102842368","102842368","175140864"
"yune","track-a-comparison","luna_pinyin","key_sequence_process_with_context","b","16","1","6.500","6.500","114241536","114241536","unavailable","153944064","102842368","102842368","unavailable","102842368","102842368","175140864"
"yune","track-a-comparison","luna_pinyin","key_sequence_process_with_context","b","17","1","6.400","6.400","114241536","114241536","unavailable","153944064","102842368","102842368","unavailable","102842368","102842368","175140864"
"yune","track-a-comparison","luna_pinyin","key_sequence_process_with_context","b","18","1","6.300","6.300","114241536","114241536","unavailable","153944064","102842368","102842368","unavailable","102842368","102842368","175140864"
"yune","track-a-comparison","luna_pinyin","key_sequence_process_with_context","b","19","1","6.500","6.500","114241536","114241536","unavailable","153944064","102842368","102842368","unavailable","102842368","102842368","175140864"
"yune","track-a-comparison","luna_pinyin","key_sequence_process_with_context","b","20","1","6.500","6.500","114241536","114241536","unavailable","153944064","102842368","102842368","unavailable","102842368","102842368","175140864"
"yune","track-a-comparison","luna_pinyin","key_sequence_process_with_context","b","21","1","6.500","6.500","114241536","114241536","unavailable","153944064","102842368","102842368","unavailable","102842368","102842368","175140864"
"yune","track-a-comparison","luna_pinyin","key_sequence_process_with_context","b","22","1","6.400","6.400","114241536","114241536","unavailable","153944064","102842368","102842368","unavailable","102842368","102842368","175140864"
"yune","track-a-comparison","luna_pinyin","key_sequence_process_with_context","b","23","1","6.500","6.500","114241536","114241536","unavailable","153944064","102842368","102842368","unavailable","102842368","102842368","175140864"
"yune","track-a-comparison","luna_pinyin","key_sequence_process_with_context","b","24","1","6.500","6.500","114241536","114241536","unavailable","153944064","102842368","102842368","unavailable","102842368","102842368","175140864"
"yune","track-a-comparison","luna_pinyin","key_sequence_process_with_context","b","25","1","6.400","6.400","114241536","114241536","unavailable","153944064","102842368","102842368","unavailable","102842368","102842368","175140864"
"yune","track-a-comparison","luna_pinyin","key_sequence_process_with_context","b","26","1","6.600","6.600","114241536","114241536","unavailable","153944064","102842368","102842368","unavailable","102842368","102842368","175140864"
"yune","track-a-comparison","luna_pinyin","key_sequence_process_with_context","b","27","1","6.400","6.400","114241536","114241536","unavailable","153944064","102842368","102842368","unavailable","102842368","102842368","175140864"
"yune","track-a-comparison","luna_pinyin","key_sequence_process_with_context","b","28","1","6.400","6.400","114241536","114241536","unavailable","153944064","102842368","102842368","unavailable","102842368","102842368","175140864"
"yune","track-a-comparison","luna_pinyin","key_sequence_process_with_context","b","29","1","12.200","12.200","114241536","114241536","unavailable","153944064","102842368","102842368","unavailable","102842368","102842368","175140864"
"yune","track-a-comparison","luna_pinyin","key_sequence_process_with_context","b","30","1","6.300","6.300","114241536","114241536","unavailable","153944064","102842368","102842368","unavailable","102842368","102842368","175140864"
"yune","track-a-comparison","luna_pinyin","key_sequence_process_with_context","b","31","1","6.300","6.300","114241536","114241536","unavailable","153944064","102842368","102842368","unavailable","102842368","102842368","175140864"
"yune","track-a-comparison","luna_pinyin","key_sequence_process_with_context","b","32","1","6.200","6.200","114241536","114241536","unavailable","153944064","102842368","102842368","unavailable","102842368","102842368","175140864"
"yune","track-a-comparison","luna_pinyin","key_sequence_process_with_context","b","33","1","6.300","6.300","114241536","114241536","unavailable","153944064","102842368","102842368","unavailable","102842368","102842368","175140864"
"yune","track-a-comparison","luna_pinyin","key_sequence_process_with_context","b","34","1","6.300","6.300","114241536","114241536","unavailable","153944064","102842368","102842368","unavailable","102842368","102842368","175140864"
"yune","track-a-comparison","luna_pinyin","key_sequence_process_with_context","b","35","1","6.400","6.400","114241536","114241536","unavailable","153944064","102842368","102842368","unavailable","102842368","102842368","175140864"
"yune","track-a-comparison","luna_pinyin","key_sequence_process_with_context","b","36","1","6.300","6.300","114241536","114241536","unavailable","153944064","102842368","102842368","unavailable","102842368","102842368","175140864"
"yune","track-a-comparison","luna_pinyin","key_sequence_process_with_context","b","37","1","6.200","6.200","114241536","114241536","unavailable","153944064","102842368","102842368","unavailable","102842368","102842368","175140864"
"yune","track-a-comparison","luna_pinyin","key_sequence_process_with_context","b","38","1","6.500","6.500","114241536","114241536","unavailable","153944064","102842368","102842368","unavailable","102842368","102842368","175140864"
"yune","track-a-comparison","luna_pinyin","key_sequence_process_with_context","b","39","1","6.300","6.300","114241536","114241536","unavailable","153944064","102842368","102842368","unavailable","102842368","102842368","175140864"
"yune","track-a-comparison","luna_pinyin","key_sequence_process_with_context","b","40","1","6.300","6.300","114241536","114241536","unavailable","153944064","102842368","102842368","unavailable","102842368","102842368","175140864"
"yune","track-a-comparison","luna_pinyin","key_sequence_process_with_context","b","41","1","6.200","6.200","114241536","114241536","unavailable","153944064","102842368","102842368","unavailable","102842368","102842368","175140864"
"yune","track-a-comparison","luna_pinyin","key_sequence_process_with_context","b","42","1","6.200","6.200","114241536","114241536","unavailable","153944064","102842368","102842368","unavailable","102842368","102842368","175140864"
"yune","track-a-comparison","luna_pinyin","key_sequence_process_with_context","b","43","1","6.200","6.200","114241536","114241536","unavailable","153944064","102842368","102842368","unavailable","102842368","102842368","175140864"
"yune","track-a-comparison","luna_pinyin","key_sequence_process_with_context","b","44","1","6.200","6.200","114241536","114241536","unavailable","153944064","102842368","102842368","unavailable","102842368","102842368","175140864"
"yune","track-a-comparison","luna_pinyin","key_sequence_process_with_context","b","45","1","6.300","6.300","114241536","114241536","unavailable","153944064","102842368","102842368","unavailable","102842368","102842368","175140864"
"yune","track-a-comparison","luna_pinyin","key_sequence_process_with_context","b","46","1","6.200","6.200","114241536","114241536","unavailable","153944064","102842368","102842368","unavailable","102842368","102842368","175140864"
"yune","track-a-comparison","luna_pinyin","key_sequence_process_with_context","b","47","1","6.300","6.300","114241536","114241536","unavailable","153944064","102842368","102842368","unavailable","102842368","102842368","175140864"
"yune","track-a-comparison","luna_pinyin","key_sequence_process_with_context","b","48","1","6.300","6.300","114241536","114241536","unavailable","153944064","102842368","102842368","unavailable","102842368","102842368","175140864"
"yune","track-a-comparison","luna_pinyin","key_sequence_process_with_context","b","49","1","6.200","6.200","114241536","114241536","unavailable","153944064","102842368","102842368","unavailable","102842368","102842368","175140864"
"yune","track-a-comparison","luna_pinyin","key_sequence_process_with_context","b","50","1","6.200","6.200","114241536","114241536","unavailable","153944064","102842368","102842368","unavailable","102842368","102842368","175140864"
"yune","track-a-comparison","luna_pinyin","key_sequence_process_with_context","b","51","1","6.300","6.300","114241536","114241536","unavailable","153944064","102842368","102842368","unavailable","102842368","102842368","175140864"
"yune","track-a-comparison","luna_pinyin","key_sequence_process_with_context","b","52","1","6.300","6.300","114241536","114241536","unavailable","153944064","102842368","102842368","unavailable","102842368","102842368","175140864"
"yune","track-a-comparison","luna_pinyin","key_sequence_process_with_context","b","53","1","6.400","6.400","114241536","114241536","unavailable","153944064","102842368","102842368","unavailable","102842368","102842368","175140864"
"yune","track-a-comparison","luna_pinyin","key_sequence_process_with_context","b","54","1","6.400","6.400","114241536","114241536","unavailable","153944064","102842368","102842368","unavailable","102842368","102842368","175140864"
"yune","track-a-comparison","luna_pinyin","key_sequence_process_with_context","b","55","1","6.200","6.200","114241536","114241536","unavailable","153944064","102842368","102842368","unavailable","102842368","102842368","175140864"
"yune","track-a-comparison","luna_pinyin","key_sequence_process_with_context","b","56","1","6.800","6.800","114241536","114241536","unavailable","153944064","102842368","102842368","unavailable","102842368","102842368","175140864"
"yune","track-a-comparison","luna_pinyin","key_sequence_process_with_context","b","57","1","6.200","6.200","114241536","114241536","unavailable","153944064","102842368","102842368","unavailable","102842368","102842368","175140864"
"yune","track-a-comparison","luna_pinyin","key_sequence_process_with_context","b","58","1","6.200","6.200","114241536","114241536","unavailable","153944064","102842368","102842368","unavailable","102842368","102842368","175140864"
"yune","track-a-comparison","luna_pinyin","key_sequence_process_with_context","b","59","1","6.200","6.200","114241536","114237440","unavailable","153944064","102842368","102842368","unavailable","102842368","102842368","175140864"
"yune","track-a-comparison","luna_pinyin","key_sequence_process_with_context","b","60","1","6.400","6.400","114237440","114237440","unavailable","153944064","102842368","102842368","unavailable","102842368","102842368","175140864"
"yune","track-a-comparison","luna_pinyin","key_sequence_process_with_context","b","61","1","6.200","6.200","114237440","114237440","unavailable","153944064","102842368","102842368","unavailable","102842368","102842368","175140864"
"yune","track-a-comparison","luna_pinyin","key_sequence_process_with_context","b","62","1","6.300","6.300","114237440","114237440","unavailable","153944064","102842368","102842368","unavailable","102842368","102842368","175140864"
"yune","track-a-comparison","luna_pinyin","key_sequence_process_with_context","b","63","1","6.200","6.200","114237440","114237440","unavailable","153944064","102842368","102842368","unavailable","102842368","102842368","175140864"
"yune","track-a-comparison","luna_pinyin","key_sequence_process_with_context","b","64","1","6.300","6.300","114237440","114233344","unavailable","153944064","102842368","102842368","unavailable","102842368","102842368","175140864"
"yune","track-a-comparison","luna_pinyin","key_sequence_process_with_context","b","65","1","6.400","6.400","114233344","114233344","unavailable","153944064","102842368","102842368","unavailable","102842368","102842368","175140864"
"yune","track-a-comparison","luna_pinyin","key_sequence_process_with_context","b","66","1","6.300","6.300","114233344","114233344","unavailable","153944064","102842368","102842368","unavailable","102842368","102842368","175140864"
"yune","track-a-comparison","luna_pinyin","key_sequence_process_with_context","b","67","1","6.300","6.300","114233344","114233344","unavailable","153944064","102842368","102842368","unavailable","102842368","102842368","175140864"
"yune","track-a-comparison","luna_pinyin","key_sequence_process_with_context","b","68","1","6.300","6.300","114233344","114233344","unavailable","153944064","102842368","102842368","unavailable","102842368","102842368","175140864"
"yune","track-a-comparison","luna_pinyin","key_sequence_process_with_context","b","69","1","6.300","6.300","114233344","114233344","unavailable","153944064","102842368","102842368","unavailable","102842368","102842368","175140864"
"yune","track-a-comparison","luna_pinyin","key_sequence_process_with_context","b","70","1","7.100","7.100","114233344","114233344","unavailable","153944064","102842368","102842368","unavailable","102842368","102842368","175140864"
"yune","track-a-comparison","luna_pinyin","key_sequence_process_with_context","b","71","1","6.400","6.400","114233344","114229248","unavailable","153944064","102842368","102842368","unavailable","102842368","102842368","175140864"
"yune","track-a-comparison","luna_pinyin","key_sequence_process_with_context","b","72","1","6.300","6.300","114229248","114229248","unavailable","153944064","102842368","102842368","unavailable","102842368","102842368","175140864"
"yune","track-a-comparison","luna_pinyin","key_sequence_process_with_context","b","73","1","6.200","6.200","114229248","114229248","unavailable","153944064","102842368","102842368","unavailable","102842368","102842368","175140864"
"yune","track-a-comparison","luna_pinyin","key_sequence_process_with_context","b","74","1","6.400","6.400","114229248","114229248","unavailable","153944064","102842368","102842368","unavailable","102842368","102842368","175140864"
"yune","track-a-comparison","luna_pinyin","key_sequence_process_with_context","b","75","1","6.300","6.300","114229248","114229248","unavailable","153944064","102842368","102842368","unavailable","102842368","102842368","175140864"
"yune","track-a-comparison","luna_pinyin","key_sequence_process_with_context","b","76","1","6.300","6.300","114229248","114229248","unavailable","153944064","102842368","102842368","unavailable","102842368","102842368","175140864"
"yune","track-a-comparison","luna_pinyin","key_sequence_process_with_context","b","77","1","6.100","6.100","114229248","114229248","unavailable","153944064","102842368","102842368","unavailable","102842368","102842368","175140864"
"yune","track-a-comparison","luna_pinyin","key_sequence_process_with_context","b","78","1","6.400","6.400","114229248","114229248","unavailable","153944064","102842368","102842368","unavailable","102842368","102842368","175140864"
"yune","track-a-comparison","luna_pinyin","key_sequence_process_with_context","b","79","1","6.300","6.300","114229248","114229248","unavailable","153944064","102842368","102842368","unavailable","102842368","102842368","175140864"
"yune","track-a-comparison","luna_pinyin","key_sequence_process_with_context","ceshi","0","5","32.900","6.580","115019776","115019776","unavailable","153944064","103632896","103632896","unavailable","103632896","103632896","175140864"
"yune","track-a-comparison","luna_pinyin","key_sequence_process_with_context","ceshi","1","5","32.900","6.580","115019776","115019776","unavailable","153944064","103632896","103632896","unavailable","103632896","103632896","175140864"
"yune","track-a-comparison","luna_pinyin","key_sequence_process_with_context","ceshi","2","5","32.800","6.560","115019776","115019776","unavailable","153944064","103632896","103632896","unavailable","103632896","103632896","175140864"
"yune","track-a-comparison","luna_pinyin","key_sequence_process_with_context","ceshi","3","5","32.000","6.400","115019776","115019776","unavailable","153944064","103632896","103632896","unavailable","103632896","103632896","175140864"
"yune","track-a-comparison","luna_pinyin","key_sequence_process_with_context","ceshi","4","5","32.300","6.460","115019776","115019776","unavailable","153944064","103632896","103632896","unavailable","103632896","103632896","175140864"
"yune","track-a-comparison","luna_pinyin","key_sequence_process_with_context","ceshi","5","5","31.800","6.360","115019776","115019776","unavailable","153944064","103632896","103632896","unavailable","103632896","103632896","175140864"
"yune","track-a-comparison","luna_pinyin","key_sequence_process_with_context","ceshi","6","5","31.900","6.380","115019776","115019776","unavailable","153944064","103632896","103632896","unavailable","103632896","103632896","175140864"
"yune","track-a-comparison","luna_pinyin","key_sequence_process_with_context","ceshi","7","5","31.800","6.360","115019776","115019776","unavailable","153944064","103632896","103632896","unavailable","103632896","103632896","175140864"
"yune","track-a-comparison","luna_pinyin","key_sequence_process_with_context","ceshi","8","5","31.700","6.340","115019776","115019776","unavailable","153944064","103632896","103632896","unavailable","103632896","103632896","175140864"
"yune","track-a-comparison","luna_pinyin","key_sequence_process_with_context","ceshi","9","5","31.600","6.320","115019776","115019776","unavailable","153944064","103632896","103632896","unavailable","103632896","103632896","175140864"
"yune","track-a-comparison","luna_pinyin","key_sequence_process_with_context","ceshi","10","5","31.800","6.360","115019776","115019776","unavailable","153944064","103632896","103632896","unavailable","103632896","103632896","175140864"
"yune","track-a-comparison","luna_pinyin","key_sequence_process_with_context","ceshi","11","5","32.400","6.480","115019776","115019776","unavailable","153944064","103632896","103632896","unavailable","103632896","103632896","175140864"
"yune","track-a-comparison","luna_pinyin","key_sequence_process_with_context","ceshi","12","5","31.600","6.320","115019776","115019776","unavailable","153944064","103632896","103632896","unavailable","103632896","103632896","175140864"
"yune","track-a-comparison","luna_pinyin","key_sequence_process_with_context","ceshi","13","5","31.600","6.320","115019776","115019776","unavailable","153944064","103632896","103632896","unavailable","103632896","103632896","175140864"
"yune","track-a-comparison","luna_pinyin","key_sequence_process_with_context","ceshi","14","5","31.500","6.300","115019776","115019776","unavailable","153944064","103632896","103632896","unavailable","103632896","103632896","175140864"
"yune","track-a-comparison","luna_pinyin","key_sequence_process_with_context","ceshi","15","5","31.800","6.360","115019776","115019776","unavailable","153944064","103632896","103632896","unavailable","103632896","103632896","175140864"
"yune","track-a-comparison","luna_pinyin","key_sequence_process_with_context","ceshi","16","5","31.700","6.340","115019776","115019776","unavailable","153944064","103632896","103632896","unavailable","103632896","103632896","175140864"
"yune","track-a-comparison","luna_pinyin","key_sequence_process_with_context","ceshi","17","5","32.000","6.400","115019776","115019776","unavailable","153944064","103632896","103632896","unavailable","103632896","103632896","175140864"
"yune","track-a-comparison","luna_pinyin","key_sequence_process_with_context","ceshi","18","5","32.100","6.420","115019776","115019776","unavailable","153944064","103632896","103632896","unavailable","103632896","103632896","175140864"
"yune","track-a-comparison","luna_pinyin","key_sequence_process_with_context","ceshi","19","5","31.800","6.360","115019776","115019776","unavailable","153944064","103632896","103632896","unavailable","103632896","103632896","175140864"
"yune","track-a-comparison","luna_pinyin","key_sequence_process_with_context","ceshi","20","5","31.700","6.340","115019776","115019776","unavailable","153944064","103632896","103632896","unavailable","103632896","103632896","175140864"
"yune","track-a-comparison","luna_pinyin","key_sequence_process_with_context","ceshi","21","5","31.900","6.380","115019776","115019776","unavailable","153944064","103632896","103632896","unavailable","103632896","103632896","175140864"
"yune","track-a-comparison","luna_pinyin","key_sequence_process_with_context","ceshi","22","5","39.300","7.860","115019776","115019776","unavailable","153944064","103632896","103632896","unavailable","103632896","103632896","175140864"
"yune","track-a-comparison","luna_pinyin","key_sequence_process_with_context","ceshi","23","5","31.900","6.380","115019776","115019776","unavailable","153944064","103632896","103632896","unavailable","103632896","103632896","175140864"
"yune","track-a-comparison","luna_pinyin","key_sequence_process_with_context","ceshi","24","5","31.700","6.340","115019776","115019776","unavailable","153944064","103632896","103632896","unavailable","103632896","103632896","175140864"
"yune","track-a-comparison","luna_pinyin","key_sequence_process_with_context","ceshi","25","5","32.200","6.440","115019776","115019776","unavailable","153944064","103632896","103632896","unavailable","103632896","103632896","175140864"
"yune","track-a-comparison","luna_pinyin","key_sequence_process_with_context","ceshi","26","5","32.000","6.400","115019776","115019776","unavailable","153944064","103632896","103632896","unavailable","103632896","103632896","175140864"
"yune","track-a-comparison","luna_pinyin","key_sequence_process_with_context","ceshi","27","5","31.600","6.320","115019776","115019776","unavailable","153944064","103632896","103632896","unavailable","103632896","103632896","175140864"
"yune","track-a-comparison","luna_pinyin","key_sequence_process_with_context","ceshi","28","5","31.500","6.300","115019776","115019776","unavailable","153944064","103632896","103632896","unavailable","103632896","103632896","175140864"
"yune","track-a-comparison","luna_pinyin","key_sequence_process_with_context","ceshi","29","5","31.700","6.340","115019776","115019776","unavailable","153944064","103632896","103632896","unavailable","103632896","103632896","175140864"
"yune","track-a-comparison","luna_pinyin","key_sequence_process_with_context","ceshi","30","5","31.900","6.380","115019776","115019776","unavailable","153944064","103632896","103632896","unavailable","103632896","103632896","175140864"
"yune","track-a-comparison","luna_pinyin","key_sequence_process_with_context","ceshi","31","5","31.800","6.360","115019776","115019776","unavailable","153944064","103632896","103632896","unavailable","103632896","103632896","175140864"
"yune","track-a-comparison","luna_pinyin","key_sequence_process_with_context","ceshi","32","5","32.100","6.420","115019776","115019776","unavailable","153944064","103632896","103632896","unavailable","103632896","103632896","175140864"
"yune","track-a-comparison","luna_pinyin","key_sequence_process_with_context","ceshi","33","5","31.800","6.360","115019776","115019776","unavailable","153944064","103632896","103632896","unavailable","103632896","103632896","175140864"
"yune","track-a-comparison","luna_pinyin","key_sequence_process_with_context","ceshi","34","5","31.800","6.360","115019776","115019776","unavailable","153944064","103632896","103632896","unavailable","103632896","103632896","175140864"
"yune","track-a-comparison","luna_pinyin","key_sequence_process_with_context","ceshi","35","5","31.700","6.340","115019776","115019776","unavailable","153944064","103632896","103632896","unavailable","103632896","103632896","175140864"
"yune","track-a-comparison","luna_pinyin","key_sequence_process_with_context","ceshi","36","5","31.700","6.340","115019776","115019776","unavailable","153944064","103632896","103632896","unavailable","103632896","103632896","175140864"
"yune","track-a-comparison","luna_pinyin","key_sequence_process_with_context","ceshi","37","5","31.900","6.380","115019776","115019776","unavailable","153944064","103632896","103632896","unavailable","103632896","103632896","175140864"
"yune","track-a-comparison","luna_pinyin","key_sequence_process_with_context","ceshi","38","5","31.700","6.340","115019776","115019776","unavailable","153944064","103632896","103632896","unavailable","103632896","103632896","175140864"
"yune","track-a-comparison","luna_pinyin","key_sequence_process_with_context","ceshi","39","5","32.500","6.500","115019776","115019776","unavailable","153944064","103632896","103632896","unavailable","103632896","103632896","175140864"
"yune","track-a-comparison","luna_pinyin","key_sequence_process_with_context","ceshi","40","5","31.800","6.360","115019776","115019776","unavailable","153944064","103632896","103632896","unavailable","103632896","103632896","175140864"
"yune","track-a-comparison","luna_pinyin","key_sequence_process_with_context","ceshi","41","5","31.600","6.320","115019776","115019776","unavailable","153944064","103632896","103632896","unavailable","103632896","103632896","175140864"
"yune","track-a-comparison","luna_pinyin","key_sequence_process_with_context","ceshi","42","5","31.600","6.320","115019776","115019776","unavailable","153944064","103632896","103632896","unavailable","103632896","103632896","175140864"
"yune","track-a-comparison","luna_pinyin","key_sequence_process_with_context","ceshi","43","5","31.600","6.320","115019776","115019776","unavailable","153944064","103632896","103632896","unavailable","103632896","103632896","175140864"
"yune","track-a-comparison","luna_pinyin","key_sequence_process_with_context","ceshi","44","5","32.000","6.400","115019776","115019776","unavailable","153944064","103632896","103632896","unavailable","103632896","103632896","175140864"
"yune","track-a-comparison","luna_pinyin","key_sequence_process_with_context","ceshi","45","5","32.300","6.460","115019776","115019776","unavailable","153944064","103632896","103632896","unavailable","103632896","103632896","175140864"
"yune","track-a-comparison","luna_pinyin","key_sequence_process_with_context","ceshi","46","5","31.800","6.360","115019776","115019776","unavailable","153944064","103632896","103632896","unavailable","103632896","103632896","175140864"
"yune","track-a-comparison","luna_pinyin","key_sequence_process_with_context","ceshi","47","5","31.900","6.380","115019776","115019776","unavailable","153944064","103632896","103632896","unavailable","103632896","103632896","175140864"
"yune","track-a-comparison","luna_pinyin","key_sequence_process_with_context","ceshi","48","5","32.000","6.400","115019776","115019776","unavailable","153944064","103632896","103632896","unavailable","103632896","103632896","175140864"
"yune","track-a-comparison","luna_pinyin","key_sequence_process_with_context","ceshi","49","5","31.800","6.360","115019776","115019776","unavailable","153944064","103632896","103632896","unavailable","103632896","103632896","175140864"
"yune","track-a-comparison","luna_pinyin","key_sequence_process_with_context","ceshi","50","5","31.700","6.340","115019776","115019776","unavailable","153944064","103632896","103632896","unavailable","103632896","103632896","175140864"
"yune","track-a-comparison","luna_pinyin","key_sequence_process_with_context","ceshi","51","5","32.400","6.480","115019776","115019776","unavailable","153944064","103632896","103632896","unavailable","103632896","103632896","175140864"
"yune","track-a-comparison","luna_pinyin","key_sequence_process_with_context","ceshi","52","5","31.800","6.360","115019776","115019776","unavailable","153944064","103632896","103632896","unavailable","103632896","103632896","175140864"
"yune","track-a-comparison","luna_pinyin","key_sequence_process_with_context","ceshi","53","5","31.900","6.380","115019776","115019776","unavailable","153944064","103632896","103632896","unavailable","103632896","103632896","175140864"
"yune","track-a-comparison","luna_pinyin","key_sequence_process_with_context","ceshi","54","5","37.300","7.460","115019776","115019776","unavailable","153944064","103632896","103632896","unavailable","103632896","103632896","175140864"
"yune","track-a-comparison","luna_pinyin","key_sequence_process_with_context","ceshi","55","5","32.000","6.400","115019776","115019776","unavailable","153944064","103632896","103632896","unavailable","103632896","103632896","175140864"
"yune","track-a-comparison","luna_pinyin","key_sequence_process_with_context","ceshi","56","5","31.800","6.360","115019776","115019776","unavailable","153944064","103632896","103632896","unavailable","103632896","103632896","175140864"
"yune","track-a-comparison","luna_pinyin","key_sequence_process_with_context","ceshi","57","5","32.200","6.440","115019776","115019776","unavailable","153944064","103632896","103632896","unavailable","103632896","103632896","175140864"
"yune","track-a-comparison","luna_pinyin","key_sequence_process_with_context","ceshi","58","5","32.300","6.460","115019776","115019776","unavailable","153944064","103632896","103632896","unavailable","103632896","103632896","175140864"
"yune","track-a-comparison","luna_pinyin","key_sequence_process_with_context","ceshi","59","5","32.000","6.400","115019776","115019776","unavailable","153944064","103632896","103632896","unavailable","103632896","103632896","175140864"
"yune","track-a-comparison","luna_pinyin","key_sequence_process_with_context","ceshi","60","5","32.100","6.420","115019776","115019776","unavailable","153944064","103632896","103632896","unavailable","103632896","103632896","175140864"
"yune","track-a-comparison","luna_pinyin","key_sequence_process_with_context","ceshi","61","5","32.100","6.420","115019776","115019776","unavailable","153944064","103632896","103632896","unavailable","103632896","103632896","175140864"
"yune","track-a-comparison","luna_pinyin","key_sequence_process_with_context","ceshi","62","5","31.800","6.360","115019776","115019776","unavailable","153944064","103632896","103632896","unavailable","103632896","103632896","175140864"
"yune","track-a-comparison","luna_pinyin","key_sequence_process_with_context","ceshi","63","5","31.900","6.380","115019776","115019776","unavailable","153944064","103632896","103632896","unavailable","103632896","103632896","175140864"
"yune","track-a-comparison","luna_pinyin","key_sequence_process_with_context","ceshi","64","5","31.700","6.340","115019776","115019776","unavailable","153944064","103632896","103632896","unavailable","103632896","103632896","175140864"
"yune","track-a-comparison","luna_pinyin","key_sequence_process_with_context","ceshi","65","5","32.400","6.480","115019776","115019776","unavailable","153944064","103632896","103632896","unavailable","103632896","103632896","175140864"
"yune","track-a-comparison","luna_pinyin","key_sequence_process_with_context","ceshi","66","5","32.000","6.400","115019776","115019776","unavailable","153944064","103632896","103632896","unavailable","103632896","103632896","175140864"
"yune","track-a-comparison","luna_pinyin","key_sequence_process_with_context","ceshi","67","5","32.000","6.400","115019776","115019776","unavailable","153944064","103632896","103632896","unavailable","103632896","103632896","175140864"
"yune","track-a-comparison","luna_pinyin","key_sequence_process_with_context","ceshi","68","5","32.100","6.420","115019776","115019776","unavailable","153944064","103632896","103632896","unavailable","103632896","103632896","175140864"
"yune","track-a-comparison","luna_pinyin","key_sequence_process_with_context","ceshi","69","5","32.200","6.440","115019776","115019776","unavailable","153944064","103632896","103632896","unavailable","103632896","103632896","175140864"
"yune","track-a-comparison","luna_pinyin","key_sequence_process_with_context","ceshi","70","5","32.300","6.460","115019776","115019776","unavailable","153944064","103632896","103632896","unavailable","103632896","103632896","175140864"
"yune","track-a-comparison","luna_pinyin","key_sequence_process_with_context","ceshi","71","5","32.100","6.420","115019776","115019776","unavailable","153944064","103632896","103632896","unavailable","103632896","103632896","175140864"
"yune","track-a-comparison","luna_pinyin","key_sequence_process_with_context","ceshi","72","5","31.900","6.380","115085312","115085312","unavailable","153944064","103632896","103632896","unavailable","103632896","103632896","175140864"
"yune","track-a-comparison","luna_pinyin","key_sequence_process_with_context","ceshi","73","5","31.900","6.380","115085312","115085312","unavailable","153944064","103632896","103632896","unavailable","103632896","103632896","175140864"
"yune","track-a-comparison","luna_pinyin","key_sequence_process_with_context","ceshi","74","5","32.400","6.480","115085312","115085312","unavailable","153944064","103632896","103632896","unavailable","103632896","103632896","175140864"
"yune","track-a-comparison","luna_pinyin","key_sequence_process_with_context","ceshi","75","5","32.300","6.460","115085312","115085312","unavailable","153944064","103632896","103632896","unavailable","103632896","103632896","175140864"
"yune","track-a-comparison","luna_pinyin","key_sequence_process_with_context","ceshi","76","5","31.800","6.360","115085312","115085312","unavailable","153944064","103632896","103632896","unavailable","103632896","103632896","175140864"
"yune","track-a-comparison","luna_pinyin","key_sequence_process_with_context","ceshi","77","5","31.600","6.320","115085312","115085312","unavailable","153944064","103632896","103632896","unavailable","103632896","103632896","175140864"
"yune","track-a-comparison","luna_pinyin","key_sequence_process_with_context","ceshi","78","5","32.600","6.520","115085312","115085312","unavailable","153944064","103632896","103632896","unavailable","103632896","103632896","175140864"
"yune","track-a-comparison","luna_pinyin","key_sequence_process_with_context","ceshi","79","5","32.400","6.480","115085312","115085312","unavailable","153944064","103632896","103632896","unavailable","103632896","103632896","175140864"
"yune","track-a-comparison","luna_pinyin","key_sequence_process_with_context","zhongdengchangdu","0","16","104.900","6.556","116101120","116101120","unavailable","153944064","104497152","104497152","unavailable","104497152","104497152","175140864"
"yune","track-a-comparison","luna_pinyin","key_sequence_process_with_context","zhongdengchangdu","1","16","104.900","6.556","116101120","116101120","unavailable","153944064","104497152","104497152","unavailable","104497152","104497152","175140864"
"yune","track-a-comparison","luna_pinyin","key_sequence_process_with_context","zhongdengchangdu","2","16","103.800","6.487","116101120","116101120","unavailable","153944064","104497152","104497152","unavailable","104497152","104497152","175140864"
"yune","track-a-comparison","luna_pinyin","key_sequence_process_with_context","zhongdengchangdu","3","16","103.300","6.456","116101120","116101120","unavailable","153944064","104497152","104497152","unavailable","104497152","104497152","175140864"
"yune","track-a-comparison","luna_pinyin","key_sequence_process_with_context","zhongdengchangdu","4","16","102.800","6.425","116101120","116101120","unavailable","153944064","104497152","104497152","unavailable","104497152","104497152","175140864"
"yune","track-a-comparison","luna_pinyin","key_sequence_process_with_context","zhongdengchangdu","5","16","103.000","6.438","116101120","116101120","unavailable","153944064","104497152","104497152","unavailable","104497152","104497152","175140864"
"yune","track-a-comparison","luna_pinyin","key_sequence_process_with_context","zhongdengchangdu","6","16","102.800","6.425","116101120","116101120","unavailable","153944064","104497152","104497152","unavailable","104497152","104497152","175140864"
"yune","track-a-comparison","luna_pinyin","key_sequence_process_with_context","zhongdengchangdu","7","16","101.600","6.350","116101120","116101120","unavailable","153944064","104497152","104497152","unavailable","104497152","104497152","175140864"
"yune","track-a-comparison","luna_pinyin","key_sequence_process_with_context","zhongdengchangdu","8","16","101.300","6.331","116101120","116101120","unavailable","153944064","104497152","104497152","unavailable","104497152","104497152","175140864"
"yune","track-a-comparison","luna_pinyin","key_sequence_process_with_context","zhongdengchangdu","9","16","101.600","6.350","116101120","116101120","unavailable","153944064","104497152","104497152","unavailable","104497152","104497152","175140864"
"yune","track-a-comparison","luna_pinyin","key_sequence_process_with_context","zhongdengchangdu","10","16","111.100","6.944","116101120","116101120","unavailable","153944064","104497152","104497152","unavailable","104497152","104497152","175140864"
"yune","track-a-comparison","luna_pinyin","key_sequence_process_with_context","zhongdengchangdu","11","16","101.500","6.344","116101120","116097024","unavailable","153944064","104497152","104497152","unavailable","104497152","104497152","175140864"
"yune","track-a-comparison","luna_pinyin","key_sequence_process_with_context","zhongdengchangdu","12","16","101.100","6.319","116097024","116097024","unavailable","153944064","104497152","104497152","unavailable","104497152","104497152","175140864"
"yune","track-a-comparison","luna_pinyin","key_sequence_process_with_context","zhongdengchangdu","13","16","101.800","6.362","116097024","116097024","unavailable","153944064","104497152","104497152","unavailable","104497152","104497152","175140864"
"yune","track-a-comparison","luna_pinyin","key_sequence_process_with_context","zhongdengchangdu","14","16","109.400","6.838","116097024","116097024","unavailable","153944064","104497152","104497152","unavailable","104497152","104497152","175140864"
"yune","track-a-comparison","luna_pinyin","key_sequence_process_with_context","zhongdengchangdu","15","16","101.800","6.362","116097024","116097024","unavailable","153944064","104497152","104497152","unavailable","104497152","104497152","175140864"
"yune","track-a-comparison","luna_pinyin","key_sequence_process_with_context","zhongdengchangdu","16","16","102.200","6.388","116097024","116097024","unavailable","153944064","104497152","104497152","unavailable","104497152","104497152","175140864"
"yune","track-a-comparison","luna_pinyin","key_sequence_process_with_context","zhongdengchangdu","17","16","101.800","6.362","116097024","116097024","unavailable","153944064","104497152","104497152","unavailable","104497152","104497152","175140864"
"yune","track-a-comparison","luna_pinyin","key_sequence_process_with_context","zhongdengchangdu","18","16","101.900","6.369","116097024","116097024","unavailable","153944064","104497152","104497152","unavailable","104497152","104497152","175140864"
"yune","track-a-comparison","luna_pinyin","key_sequence_process_with_context","zhongdengchangdu","19","16","101.400","6.337","116097024","116097024","unavailable","153944064","104497152","104497152","unavailable","104497152","104497152","175140864"
"yune","track-a-comparison","luna_pinyin","key_sequence_process_with_context","zhongdengchangdu","20","16","101.800","6.362","116097024","116097024","unavailable","153944064","104497152","104497152","unavailable","104497152","104497152","175140864"
"yune","track-a-comparison","luna_pinyin","key_sequence_process_with_context","zhongdengchangdu","21","16","102.500","6.406","116097024","116097024","unavailable","153944064","104497152","104497152","unavailable","104497152","104497152","175140864"
"yune","track-a-comparison","luna_pinyin","key_sequence_process_with_context","zhongdengchangdu","22","16","102.200","6.388","116097024","116097024","unavailable","153944064","104497152","104497152","unavailable","104497152","104497152","175140864"
"yune","track-a-comparison","luna_pinyin","key_sequence_process_with_context","zhongdengchangdu","23","16","102.300","6.394","116097024","116097024","unavailable","153944064","104497152","104497152","unavailable","104497152","104497152","175140864"
"yune","track-a-comparison","luna_pinyin","key_sequence_process_with_context","zhongdengchangdu","24","16","102.400","6.400","116097024","116097024","unavailable","153944064","104497152","104497152","unavailable","104497152","104497152","175140864"
"yune","track-a-comparison","luna_pinyin","key_sequence_process_with_context","zhongdengchangdu","25","16","134.800","8.425","116097024","116097024","unavailable","153944064","104497152","104497152","unavailable","104497152","104497152","175140864"
"yune","track-a-comparison","luna_pinyin","key_sequence_process_with_context","zhongdengchangdu","26","16","109.100","6.819","116097024","116097024","unavailable","153944064","104497152","104497152","unavailable","104497152","104497152","175140864"
"yune","track-a-comparison","luna_pinyin","key_sequence_process_with_context","zhongdengchangdu","27","16","105.100","6.569","116097024","116097024","unavailable","153944064","104497152","104497152","unavailable","104497152","104497152","175140864"
"yune","track-a-comparison","luna_pinyin","key_sequence_process_with_context","zhongdengchangdu","28","16","104.100","6.506","116097024","116097024","unavailable","153944064","104497152","104497152","unavailable","104497152","104497152","175140864"
"yune","track-a-comparison","luna_pinyin","key_sequence_process_with_context","zhongdengchangdu","29","16","104.900","6.556","116097024","116097024","unavailable","153944064","104497152","104497152","unavailable","104497152","104497152","175140864"
"yune","track-a-comparison","luna_pinyin","key_sequence_process_with_context","zhongdengchangdu","30","16","104.100","6.506","116097024","116097024","unavailable","153944064","104497152","104497152","unavailable","104497152","104497152","175140864"
"yune","track-a-comparison","luna_pinyin","key_sequence_process_with_context","zhongdengchangdu","31","16","103.900","6.494","116097024","116097024","unavailable","153944064","104497152","104497152","unavailable","104497152","104497152","175140864"
"yune","track-a-comparison","luna_pinyin","key_sequence_process_with_context","zhongdengchangdu","32","16","104.600","6.537","116097024","116097024","unavailable","153944064","104497152","104497152","unavailable","104497152","104497152","175140864"
"yune","track-a-comparison","luna_pinyin","key_sequence_process_with_context","zhongdengchangdu","33","16","103.500","6.469","116097024","116097024","unavailable","153944064","104497152","104497152","unavailable","104497152","104497152","175140864"
"yune","track-a-comparison","luna_pinyin","key_sequence_process_with_context","zhongdengchangdu","34","16","103.700","6.481","116097024","116097024","unavailable","153944064","104497152","104497152","unavailable","104497152","104497152","175140864"
"yune","track-a-comparison","luna_pinyin","key_sequence_process_with_context","zhongdengchangdu","35","16","102.800","6.425","116097024","116097024","unavailable","153944064","104497152","104497152","unavailable","104497152","104497152","175140864"
"yune","track-a-comparison","luna_pinyin","key_sequence_process_with_context","zhongdengchangdu","36","16","101.400","6.337","116097024","116097024","unavailable","153944064","104497152","104497152","unavailable","104497152","104497152","175140864"
"yune","track-a-comparison","luna_pinyin","key_sequence_process_with_context","zhongdengchangdu","37","16","112.000","7.000","116097024","116097024","unavailable","153944064","104497152","104497152","unavailable","104497152","104497152","175140864"
"yune","track-a-comparison","luna_pinyin","key_sequence_process_with_context","zhongdengchangdu","38","16","102.000","6.375","116097024","116097024","unavailable","153944064","104497152","104497152","unavailable","104497152","104497152","175140864"
"yune","track-a-comparison","luna_pinyin","key_sequence_process_with_context","zhongdengchangdu","39","16","101.600","6.350","116097024","116097024","unavailable","153944064","104497152","104497152","unavailable","104497152","104497152","175140864"
"yune","track-a-comparison","luna_pinyin","key_sequence_process_with_context","zhongdengchangdu","40","16","101.100","6.319","116097024","116097024","unavailable","153944064","104497152","104497152","unavailable","104497152","104497152","175140864"
"yune","track-a-comparison","luna_pinyin","key_sequence_process_with_context","zhongdengchangdu","41","16","101.400","6.337","116097024","116097024","unavailable","153944064","104497152","104497152","unavailable","104497152","104497152","175140864"
"yune","track-a-comparison","luna_pinyin","key_sequence_process_with_context","zhongdengchangdu","42","16","100.700","6.294","116097024","116097024","unavailable","153944064","104497152","104497152","unavailable","104497152","104497152","175140864"
"yune","track-a-comparison","luna_pinyin","key_sequence_process_with_context","zhongdengchangdu","43","16","102.400","6.400","116097024","116097024","unavailable","153944064","104497152","104497152","unavailable","104497152","104497152","175140864"
"yune","track-a-comparison","luna_pinyin","key_sequence_process_with_context","zhongdengchangdu","44","16","102.700","6.419","116097024","116097024","unavailable","153944064","104497152","104497152","unavailable","104497152","104497152","175140864"
"yune","track-a-comparison","luna_pinyin","key_sequence_process_with_context","zhongdengchangdu","45","16","102.100","6.381","116097024","116097024","unavailable","153944064","104497152","104497152","unavailable","104497152","104497152","175140864"
"yune","track-a-comparison","luna_pinyin","key_sequence_process_with_context","zhongdengchangdu","46","16","102.100","6.381","116097024","116097024","unavailable","153944064","104497152","104497152","unavailable","104497152","104497152","175140864"
"yune","track-a-comparison","luna_pinyin","key_sequence_process_with_context","zhongdengchangdu","47","16","102.400","6.400","116097024","116097024","unavailable","153944064","104497152","104497152","unavailable","104497152","104497152","175140864"
"yune","track-a-comparison","luna_pinyin","key_sequence_process_with_context","zhongdengchangdu","48","16","102.400","6.400","116097024","116097024","unavailable","153944064","104497152","104497152","unavailable","104497152","104497152","175140864"
"yune","track-a-comparison","luna_pinyin","key_sequence_process_with_context","zhongdengchangdu","49","16","102.000","6.375","116097024","116097024","unavailable","153944064","104497152","104497152","unavailable","104497152","104497152","175140864"
"yune","track-a-comparison","luna_pinyin","key_sequence_process_with_context","zhongdengchangdu","50","16","103.400","6.463","116097024","116097024","unavailable","153944064","104497152","104497152","unavailable","104497152","104497152","175140864"
"yune","track-a-comparison","luna_pinyin","key_sequence_process_with_context","zhongdengchangdu","51","16","103.200","6.450","116097024","116097024","unavailable","153944064","104497152","104497152","unavailable","104497152","104497152","175140864"
"yune","track-a-comparison","luna_pinyin","key_sequence_process_with_context","zhongdengchangdu","52","16","110.300","6.894","116097024","116097024","unavailable","153944064","104497152","104497152","unavailable","104497152","104497152","175140864"
"yune","track-a-comparison","luna_pinyin","key_sequence_process_with_context","zhongdengchangdu","53","16","102.400","6.400","116097024","116097024","unavailable","153944064","104497152","104497152","unavailable","104497152","104497152","175140864"
"yune","track-a-comparison","luna_pinyin","key_sequence_process_with_context","zhongdengchangdu","54","16","102.300","6.394","116097024","116097024","unavailable","153944064","104497152","104497152","unavailable","104497152","104497152","175140864"
"yune","track-a-comparison","luna_pinyin","key_sequence_process_with_context","zhongdengchangdu","55","16","103.000","6.438","116097024","116097024","unavailable","153944064","104497152","104497152","unavailable","104497152","104497152","175140864"
"yune","track-a-comparison","luna_pinyin","key_sequence_process_with_context","zhongdengchangdu","56","16","103.900","6.494","116097024","116097024","unavailable","153944064","104497152","104497152","unavailable","104497152","104497152","175140864"
"yune","track-a-comparison","luna_pinyin","key_sequence_process_with_context","zhongdengchangdu","57","16","102.500","6.406","116097024","116097024","unavailable","153944064","104497152","104497152","unavailable","104497152","104497152","175140864"
"yune","track-a-comparison","luna_pinyin","key_sequence_process_with_context","zhongdengchangdu","58","16","103.400","6.463","116097024","116097024","unavailable","153944064","104497152","104497152","unavailable","104497152","104497152","175140864"
"yune","track-a-comparison","luna_pinyin","key_sequence_process_with_context","zhongdengchangdu","59","16","102.400","6.400","116097024","116097024","unavailable","153944064","104497152","104497152","unavailable","104497152","104497152","175140864"
"yune","track-a-comparison","luna_pinyin","key_sequence_process_with_context","zhongdengchangdu","60","16","102.600","6.412","116097024","116097024","unavailable","153944064","104497152","104497152","unavailable","104497152","104497152","175140864"
"yune","track-a-comparison","luna_pinyin","key_sequence_process_with_context","zhongdengchangdu","61","16","102.700","6.419","116097024","116097024","unavailable","153944064","104497152","104497152","unavailable","104497152","104497152","175140864"
"yune","track-a-comparison","luna_pinyin","key_sequence_process_with_context","zhongdengchangdu","62","16","102.400","6.400","116097024","116097024","unavailable","153944064","104497152","104497152","unavailable","104497152","104497152","175140864"
"yune","track-a-comparison","luna_pinyin","key_sequence_process_with_context","zhongdengchangdu","63","16","103.300","6.456","116097024","116097024","unavailable","153944064","104497152","104497152","unavailable","104497152","104497152","175140864"
"yune","track-a-comparison","luna_pinyin","key_sequence_process_with_context","zhongdengchangdu","64","16","103.300","6.456","116097024","116092928","unavailable","153944064","104497152","104497152","unavailable","104497152","104497152","175140864"
"yune","track-a-comparison","luna_pinyin","key_sequence_process_with_context","zhongdengchangdu","65","16","110.400","6.900","116092928","116092928","unavailable","153944064","104497152","104497152","unavailable","104497152","104497152","175140864"
"yune","track-a-comparison","luna_pinyin","key_sequence_process_with_context","zhongdengchangdu","66","16","103.400","6.463","116092928","116092928","unavailable","153944064","104497152","104497152","unavailable","104497152","104497152","175140864"
"yune","track-a-comparison","luna_pinyin","key_sequence_process_with_context","zhongdengchangdu","67","16","103.100","6.444","116092928","116092928","unavailable","153944064","104497152","104497152","unavailable","104497152","104497152","175140864"
"yune","track-a-comparison","luna_pinyin","key_sequence_process_with_context","zhongdengchangdu","68","16","103.300","6.456","116092928","116092928","unavailable","153944064","104497152","104497152","unavailable","104497152","104497152","175140864"
"yune","track-a-comparison","luna_pinyin","key_sequence_process_with_context","zhongdengchangdu","69","16","102.400","6.400","116092928","116092928","unavailable","153944064","104497152","104497152","unavailable","104497152","104497152","175140864"
"yune","track-a-comparison","luna_pinyin","key_sequence_process_with_context","zhongdengchangdu","70","16","102.700","6.419","116092928","116092928","unavailable","153944064","104497152","104497152","unavailable","104497152","104497152","175140864"
"yune","track-a-comparison","luna_pinyin","key_sequence_process_with_context","zhongdengchangdu","71","16","102.500","6.406","116092928","116092928","unavailable","153944064","104497152","104497152","unavailable","104497152","104497152","175140864"
"yune","track-a-comparison","luna_pinyin","key_sequence_process_with_context","zhongdengchangdu","72","16","103.200","6.450","116092928","116092928","unavailable","153944064","104497152","104497152","unavailable","104497152","104497152","175140864"
"yune","track-a-comparison","luna_pinyin","key_sequence_process_with_context","zhongdengchangdu","73","16","103.700","6.481","116092928","116092928","unavailable","153944064","104497152","104497152","unavailable","104497152","104497152","175140864"
"yune","track-a-comparison","luna_pinyin","key_sequence_process_with_context","zhongdengchangdu","74","16","103.800","6.487","116092928","116092928","unavailable","153944064","104497152","104497152","unavailable","104497152","104497152","175140864"
"yune","track-a-comparison","luna_pinyin","key_sequence_process_with_context","zhongdengchangdu","75","16","104.100","6.506","116092928","116092928","unavailable","153944064","104497152","104497152","unavailable","104497152","104497152","175140864"
"yune","track-a-comparison","luna_pinyin","key_sequence_process_with_context","zhongdengchangdu","76","16","104.100","6.506","116092928","116092928","unavailable","153944064","104497152","104497152","unavailable","104497152","104497152","175140864"
"yune","track-a-comparison","luna_pinyin","key_sequence_process_with_context","zhongdengchangdu","77","16","103.800","6.487","116092928","116092928","unavailable","153944064","104497152","104497152","unavailable","104497152","104497152","175140864"
"yune","track-a-comparison","luna_pinyin","key_sequence_process_with_context","zhongdengchangdu","78","16","104.800","6.550","116092928","116092928","unavailable","153944064","104497152","104497152","unavailable","104497152","104497152","175140864"
"yune","track-a-comparison","luna_pinyin","key_sequence_process_with_context","zhongdengchangdu","79","16","103.800","6.487","116092928","116092928","unavailable","153944064","104497152","104497152","unavailable","104497152","104497152","175140864"
"yune","track-a-comparison","luna_pinyin","key_sequence_process_with_context","dazisudu","0","8","52.200","6.525","116809728","116817920","unavailable","153944064","105844736","105852928","unavailable","105852928","105852928","175140864"
"yune","track-a-comparison","luna_pinyin","key_sequence_process_with_context","dazisudu","1","8","52.900","6.612","116817920","116817920","unavailable","153944064","105852928","105852928","unavailable","105852928","105852928","175140864"
"yune","track-a-comparison","luna_pinyin","key_sequence_process_with_context","dazisudu","2","8","52.200","6.525","116817920","116817920","unavailable","153944064","105852928","105852928","unavailable","105852928","105852928","175140864"
"yune","track-a-comparison","luna_pinyin","key_sequence_process_with_context","dazisudu","3","8","51.700","6.463","116817920","116817920","unavailable","153944064","105852928","105852928","unavailable","105852928","105852928","175140864"
"yune","track-a-comparison","luna_pinyin","key_sequence_process_with_context","dazisudu","4","8","51.600","6.450","116817920","116817920","unavailable","153944064","105852928","105852928","unavailable","105852928","105852928","175140864"
"yune","track-a-comparison","luna_pinyin","key_sequence_process_with_context","dazisudu","5","8","51.300","6.412","116817920","116817920","unavailable","153944064","105852928","105852928","unavailable","105852928","105852928","175140864"
"yune","track-a-comparison","luna_pinyin","key_sequence_process_with_context","dazisudu","6","8","51.000","6.375","116817920","116817920","unavailable","153944064","105852928","105852928","unavailable","105852928","105852928","175140864"
"yune","track-a-comparison","luna_pinyin","key_sequence_process_with_context","dazisudu","7","8","51.000","6.375","116817920","116817920","unavailable","153944064","105852928","105852928","unavailable","105852928","105852928","175140864"
"yune","track-a-comparison","luna_pinyin","key_sequence_process_with_context","dazisudu","8","8","50.700","6.337","116817920","116817920","unavailable","153944064","105852928","105852928","unavailable","105852928","105852928","175140864"
"yune","track-a-comparison","luna_pinyin","key_sequence_process_with_context","dazisudu","9","8","51.900","6.487","116817920","116817920","unavailable","153944064","105852928","105852928","unavailable","105852928","105852928","175140864"
"yune","track-a-comparison","luna_pinyin","key_sequence_process_with_context","dazisudu","10","8","51.600","6.450","116817920","116817920","unavailable","153944064","105852928","105852928","unavailable","105852928","105852928","175140864"
"yune","track-a-comparison","luna_pinyin","key_sequence_process_with_context","dazisudu","11","8","51.100","6.388","116817920","116817920","unavailable","153944064","105852928","105852928","unavailable","105852928","105852928","175140864"
"yune","track-a-comparison","luna_pinyin","key_sequence_process_with_context","dazisudu","12","8","51.000","6.375","116817920","116817920","unavailable","153944064","105852928","105852928","unavailable","105852928","105852928","175140864"
"yune","track-a-comparison","luna_pinyin","key_sequence_process_with_context","dazisudu","13","8","50.900","6.362","116817920","116817920","unavailable","153944064","105852928","105852928","unavailable","105852928","105852928","175140864"
"yune","track-a-comparison","luna_pinyin","key_sequence_process_with_context","dazisudu","14","8","51.200","6.400","116817920","116817920","unavailable","153944064","105852928","105852928","unavailable","105852928","105852928","175140864"
"yune","track-a-comparison","luna_pinyin","key_sequence_process_with_context","dazisudu","15","8","50.700","6.337","116817920","116817920","unavailable","153944064","105852928","105852928","unavailable","105852928","105852928","175140864"
"yune","track-a-comparison","luna_pinyin","key_sequence_process_with_context","dazisudu","16","8","51.400","6.425","116817920","116817920","unavailable","153944064","105852928","105852928","unavailable","105852928","105852928","175140864"
"yune","track-a-comparison","luna_pinyin","key_sequence_process_with_context","dazisudu","17","8","50.900","6.362","116817920","116817920","unavailable","153944064","105852928","105852928","unavailable","105852928","105852928","175140864"
"yune","track-a-comparison","luna_pinyin","key_sequence_process_with_context","dazisudu","18","8","51.300","6.412","116817920","116817920","unavailable","153944064","105852928","105852928","unavailable","105852928","105852928","175140864"
"yune","track-a-comparison","luna_pinyin","key_sequence_process_with_context","dazisudu","19","8","51.000","6.375","116817920","116817920","unavailable","153944064","105852928","105852928","unavailable","105852928","105852928","175140864"
"yune","track-a-comparison","luna_pinyin","key_sequence_process_with_context","dazisudu","20","8","52.600","6.575","116817920","116817920","unavailable","153944064","105852928","105852928","unavailable","105852928","105852928","175140864"
"yune","track-a-comparison","luna_pinyin","key_sequence_process_with_context","dazisudu","21","8","51.300","6.412","116817920","116817920","unavailable","153944064","105852928","105852928","unavailable","105852928","105852928","175140864"
"yune","track-a-comparison","luna_pinyin","key_sequence_process_with_context","dazisudu","22","8","51.200","6.400","116817920","116817920","unavailable","153944064","105852928","105852928","unavailable","105852928","105852928","175140864"
"yune","track-a-comparison","luna_pinyin","key_sequence_process_with_context","dazisudu","23","8","51.100","6.388","116817920","116817920","unavailable","153944064","105852928","105852928","unavailable","105852928","105852928","175140864"
"yune","track-a-comparison","luna_pinyin","key_sequence_process_with_context","dazisudu","24","8","51.300","6.412","116817920","116817920","unavailable","153944064","105852928","105852928","unavailable","105852928","105852928","175140864"
"yune","track-a-comparison","luna_pinyin","key_sequence_process_with_context","dazisudu","25","8","51.000","6.375","116817920","116817920","unavailable","153944064","105852928","105852928","unavailable","105852928","105852928","175140864"
"yune","track-a-comparison","luna_pinyin","key_sequence_process_with_context","dazisudu","26","8","51.200","6.400","116817920","116817920","unavailable","153944064","105852928","105852928","unavailable","105852928","105852928","175140864"
"yune","track-a-comparison","luna_pinyin","key_sequence_process_with_context","dazisudu","27","8","51.600","6.450","116817920","116817920","unavailable","153944064","105852928","105852928","unavailable","105852928","105852928","175140864"
"yune","track-a-comparison","luna_pinyin","key_sequence_process_with_context","dazisudu","28","8","51.100","6.388","116817920","116817920","unavailable","153944064","105852928","105852928","unavailable","105852928","105852928","175140864"
"yune","track-a-comparison","luna_pinyin","key_sequence_process_with_context","dazisudu","29","8","51.000","6.375","116817920","116817920","unavailable","153944064","105852928","105852928","unavailable","105852928","105852928","175140864"
"yune","track-a-comparison","luna_pinyin","key_sequence_process_with_context","dazisudu","30","8","51.600","6.450","116817920","116817920","unavailable","153944064","105852928","105852928","unavailable","105852928","105852928","175140864"
"yune","track-a-comparison","luna_pinyin","key_sequence_process_with_context","dazisudu","31","8","51.400","6.425","116817920","116817920","unavailable","153944064","105852928","105852928","unavailable","105852928","105852928","175140864"
"yune","track-a-comparison","luna_pinyin","key_sequence_process_with_context","dazisudu","32","8","51.300","6.412","116817920","116817920","unavailable","153944064","105852928","105852928","unavailable","105852928","105852928","175140864"
"yune","track-a-comparison","luna_pinyin","key_sequence_process_with_context","dazisudu","33","8","51.700","6.463","116817920","116817920","unavailable","153944064","105852928","105852928","unavailable","105852928","105852928","175140864"
"yune","track-a-comparison","luna_pinyin","key_sequence_process_with_context","dazisudu","34","8","51.500","6.438","116817920","116817920","unavailable","153944064","105852928","105852928","unavailable","105852928","105852928","175140864"
"yune","track-a-comparison","luna_pinyin","key_sequence_process_with_context","dazisudu","35","8","54.200","6.775","116817920","116817920","unavailable","153944064","105852928","105852928","unavailable","105852928","105852928","175140864"
"yune","track-a-comparison","luna_pinyin","key_sequence_process_with_context","dazisudu","36","8","51.000","6.375","116817920","116817920","unavailable","153944064","105852928","105852928","unavailable","105852928","105852928","175140864"
"yune","track-a-comparison","luna_pinyin","key_sequence_process_with_context","dazisudu","37","8","51.800","6.475","116817920","116817920","unavailable","153944064","105852928","105852928","unavailable","105852928","105852928","175140864"
"yune","track-a-comparison","luna_pinyin","key_sequence_process_with_context","dazisudu","38","8","50.900","6.362","116817920","116817920","unavailable","153944064","105852928","105852928","unavailable","105852928","105852928","175140864"
"yune","track-a-comparison","luna_pinyin","key_sequence_process_with_context","dazisudu","39","8","51.400","6.425","116817920","116817920","unavailable","153944064","105852928","105852928","unavailable","105852928","105852928","175140864"
"yune","track-a-comparison","luna_pinyin","key_sequence_process_with_context","dazisudu","40","8","52.200","6.525","116817920","116817920","unavailable","153944064","105852928","105852928","unavailable","105852928","105852928","175140864"
"yune","track-a-comparison","luna_pinyin","key_sequence_process_with_context","dazisudu","41","8","50.900","6.362","116817920","116817920","unavailable","153944064","105852928","105852928","unavailable","105852928","105852928","175140864"
"yune","track-a-comparison","luna_pinyin","key_sequence_process_with_context","dazisudu","42","8","51.000","6.375","116817920","116817920","unavailable","153944064","105852928","105852928","unavailable","105852928","105852928","175140864"
"yune","track-a-comparison","luna_pinyin","key_sequence_process_with_context","dazisudu","43","8","57.000","7.125","116817920","116817920","unavailable","153944064","105852928","105852928","unavailable","105852928","105852928","175140864"
"yune","track-a-comparison","luna_pinyin","key_sequence_process_with_context","dazisudu","44","8","51.500","6.438","116817920","116817920","unavailable","153944064","105852928","105852928","unavailable","105852928","105852928","175140864"
"yune","track-a-comparison","luna_pinyin","key_sequence_process_with_context","dazisudu","45","8","51.200","6.400","116817920","116817920","unavailable","153944064","105852928","105852928","unavailable","105852928","105852928","175140864"
"yune","track-a-comparison","luna_pinyin","key_sequence_process_with_context","dazisudu","46","8","51.000","6.375","116817920","116817920","unavailable","153944064","105852928","105852928","unavailable","105852928","105852928","175140864"
"yune","track-a-comparison","luna_pinyin","key_sequence_process_with_context","dazisudu","47","8","51.300","6.412","116817920","116817920","unavailable","153944064","105852928","105852928","unavailable","105852928","105852928","175140864"
"yune","track-a-comparison","luna_pinyin","key_sequence_process_with_context","dazisudu","48","8","51.400","6.425","116817920","116817920","unavailable","153944064","105852928","105852928","unavailable","105852928","105852928","175140864"
"yune","track-a-comparison","luna_pinyin","key_sequence_process_with_context","dazisudu","49","8","51.100","6.388","116817920","116817920","unavailable","153944064","105852928","105852928","unavailable","105852928","105852928","175140864"
"yune","track-a-comparison","luna_pinyin","key_sequence_process_with_context","dazisudu","50","8","51.300","6.412","116817920","116817920","unavailable","153944064","105852928","105852928","unavailable","105852928","105852928","175140864"
"yune","track-a-comparison","luna_pinyin","key_sequence_process_with_context","dazisudu","51","8","51.100","6.388","116817920","116817920","unavailable","153944064","105852928","105852928","unavailable","105852928","105852928","175140864"
"yune","track-a-comparison","luna_pinyin","key_sequence_process_with_context","dazisudu","52","8","50.900","6.362","116817920","116817920","unavailable","153944064","105852928","105852928","unavailable","105852928","105852928","175140864"
"yune","track-a-comparison","luna_pinyin","key_sequence_process_with_context","dazisudu","53","8","52.000","6.500","116817920","116817920","unavailable","153944064","105852928","105852928","unavailable","105852928","105852928","175140864"
"yune","track-a-comparison","luna_pinyin","key_sequence_process_with_context","dazisudu","54","8","51.300","6.412","116817920","116817920","unavailable","153944064","105852928","105852928","unavailable","105852928","105852928","175140864"
"yune","track-a-comparison","luna_pinyin","key_sequence_process_with_context","dazisudu","55","8","50.900","6.362","116883456","116883456","unavailable","153944064","105852928","105852928","unavailable","105852928","105852928","175140864"
"yune","track-a-comparison","luna_pinyin","key_sequence_process_with_context","dazisudu","56","8","50.600","6.325","116883456","116883456","unavailable","153944064","105852928","105852928","unavailable","105852928","105852928","175140864"
"yune","track-a-comparison","luna_pinyin","key_sequence_process_with_context","dazisudu","57","8","50.900","6.362","116883456","116883456","unavailable","153944064","105852928","105852928","unavailable","105852928","105852928","175140864"
"yune","track-a-comparison","luna_pinyin","key_sequence_process_with_context","dazisudu","58","8","51.000","6.375","116883456","116883456","unavailable","153944064","105852928","105852928","unavailable","105852928","105852928","175140864"
"yune","track-a-comparison","luna_pinyin","key_sequence_process_with_context","dazisudu","59","8","50.800","6.350","116883456","116883456","unavailable","153944064","105852928","105852928","unavailable","105852928","105852928","175140864"
"yune","track-a-comparison","luna_pinyin","key_sequence_process_with_context","dazisudu","60","8","51.000","6.375","116883456","116883456","unavailable","153944064","105852928","105852928","unavailable","105852928","105852928","175140864"
"yune","track-a-comparison","luna_pinyin","key_sequence_process_with_context","dazisudu","61","8","50.700","6.337","116883456","116883456","unavailable","153944064","105852928","105852928","unavailable","105852928","105852928","175140864"
"yune","track-a-comparison","luna_pinyin","key_sequence_process_with_context","dazisudu","62","8","50.700","6.337","116883456","116883456","unavailable","153944064","105852928","105852928","unavailable","105852928","105852928","175140864"
"yune","track-a-comparison","luna_pinyin","key_sequence_process_with_context","dazisudu","63","8","51.100","6.388","116883456","116883456","unavailable","153944064","105852928","105852928","unavailable","105852928","105852928","175140864"
"yune","track-a-comparison","luna_pinyin","key_sequence_process_with_context","dazisudu","64","8","56.400","7.050","116883456","116883456","unavailable","153944064","105852928","105852928","unavailable","105852928","105852928","175140864"
"yune","track-a-comparison","luna_pinyin","key_sequence_process_with_context","dazisudu","65","8","51.800","6.475","116883456","116883456","unavailable","153944064","105852928","105852928","unavailable","105852928","105852928","175140864"
"yune","track-a-comparison","luna_pinyin","key_sequence_process_with_context","dazisudu","66","8","51.100","6.388","116883456","116883456","unavailable","153944064","105852928","105852928","unavailable","105852928","105852928","175140864"
"yune","track-a-comparison","luna_pinyin","key_sequence_process_with_context","dazisudu","67","8","50.800","6.350","116883456","116883456","unavailable","153944064","105852928","105852928","unavailable","105852928","105852928","175140864"
"yune","track-a-comparison","luna_pinyin","key_sequence_process_with_context","dazisudu","68","8","50.700","6.337","116883456","116883456","unavailable","153944064","105852928","105852928","unavailable","105852928","105852928","175140864"
"yune","track-a-comparison","luna_pinyin","key_sequence_process_with_context","dazisudu","69","8","50.500","6.312","116883456","116883456","unavailable","153944064","105852928","105852928","unavailable","105852928","105852928","175140864"
"yune","track-a-comparison","luna_pinyin","key_sequence_process_with_context","dazisudu","70","8","50.800","6.350","116883456","116883456","unavailable","153944064","105852928","105852928","unavailable","105852928","105852928","175140864"
"yune","track-a-comparison","luna_pinyin","key_sequence_process_with_context","dazisudu","71","8","51.500","6.438","116883456","116883456","unavailable","153944064","105852928","105852928","unavailable","105852928","105852928","175140864"
"yune","track-a-comparison","luna_pinyin","key_sequence_process_with_context","dazisudu","72","8","50.700","6.337","116883456","116883456","unavailable","153944064","105852928","105852928","unavailable","105852928","105852928","175140864"
"yune","track-a-comparison","luna_pinyin","key_sequence_process_with_context","dazisudu","73","8","50.900","6.362","116883456","116883456","unavailable","153944064","105852928","105852928","unavailable","105852928","105852928","175140864"
"yune","track-a-comparison","luna_pinyin","key_sequence_process_with_context","dazisudu","74","8","50.800","6.350","116883456","116883456","unavailable","153944064","105852928","105852928","unavailable","105852928","105852928","175140864"
"yune","track-a-comparison","luna_pinyin","key_sequence_process_with_context","dazisudu","75","8","51.000","6.375","116883456","116883456","unavailable","153944064","105852928","105852928","unavailable","105852928","105852928","175140864"
"yune","track-a-comparison","luna_pinyin","key_sequence_process_with_context","dazisudu","76","8","51.000","6.375","116883456","116883456","unavailable","153944064","105852928","105852928","unavailable","105852928","105852928","175140864"
"yune","track-a-comparison","luna_pinyin","key_sequence_process_with_context","dazisudu","77","8","50.800","6.350","116883456","116883456","unavailable","153944064","105852928","105852928","unavailable","105852928","105852928","175140864"
"yune","track-a-comparison","luna_pinyin","key_sequence_process_with_context","dazisudu","78","8","50.700","6.337","116883456","116883456","unavailable","153944064","105852928","105852928","unavailable","105852928","105852928","175140864"
"yune","track-a-comparison","luna_pinyin","key_sequence_process_with_context","dazisudu","79","8","50.800","6.350","116883456","116883456","unavailable","153944064","105852928","105852928","unavailable","105852928","105852928","175140864"
"yune","track-b-product","jyut6ping3_mobile","startup_warm_shared_assets_runtime_ready","","0","1","208039.500","208039.500","9289728","63008768","63115264","253820928","4837376","28422144","28975104","28975104","28975104","301166592"
"yune","track-b-product","jyut6ping3_mobile","startup_warm_shared_assets_runtime_ready","","1","1","17524.400","17524.400","63135744","63463424","63463424","253820928","28975104","29020160","29814784","29814784","29814784","301166592"
"yune","track-b-product","jyut6ping3_mobile","startup_warm_shared_assets_runtime_ready","","2","1","17561.200","17561.200","63475712","63549440","63549440","253820928","29827072","29908992","29908992","29908992","29908992","301166592"
"yune","track-b-product","jyut6ping3_mobile","startup_warm_shared_assets_runtime_ready","","3","1","17439.600","17439.600","63569920","63651840","63651840","253820928","29908992","29958144","29958144","29958144","29958144","301166592"
"yune","track-b-product","jyut6ping3_mobile","startup_warm_shared_assets_runtime_ready","","4","1","17334.200","17334.200","63655936","63651840","63651840","253820928","29958144","29958144","29958144","29958144","29958144","301166592"
"yune","track-b-product","jyut6ping3_mobile","startup_warm_shared_assets_runtime_ready","","5","1","17356.700","17356.700","63655936","63655936","63655936","253820928","29958144","29958144","29958144","29958144","29958144","301166592"
"yune","track-b-product","jyut6ping3_mobile","startup_warm_shared_assets_runtime_ready","","6","1","17459.000","17459.000","63655936","63700992","63700992","253820928","29958144","29958144","29958144","29958144","29958144","301166592"
"yune","track-b-product","jyut6ping3_mobile","startup_warm_shared_assets_runtime_ready","","7","1","17868.000","17868.000","63705088","63705088","63705088","253820928","29958144","29958144","29958144","29958144","29958144","301166592"
"yune","track-b-product","jyut6ping3_mobile","startup_warm_shared_assets_runtime_ready","","8","1","18436.900","18436.900","63705088","63717376","63717376","253820928","29958144","29958144","29958144","29958144","29958144","301166592"
"yune","track-b-product","jyut6ping3_mobile","session_create_select_destroy","","0","1","18152.500","18152.500","63717376","63721472","unavailable","253820928","29958144","29958144","unavailable","29958144","29958144","301166592"
"yune","track-b-product","jyut6ping3_mobile","session_create_select_destroy","","1","1","19325.500","19325.500","63721472","63741952","unavailable","253820928","29958144","29982720","unavailable","29982720","29982720","301166592"
"yune","track-b-product","jyut6ping3_mobile","session_create_select_destroy","","2","1","18124.400","18124.400","63741952","63741952","unavailable","253820928","29982720","29982720","unavailable","29982720","29982720","301166592"
"yune","track-b-product","jyut6ping3_mobile","session_create_select_destroy","","3","1","17672.700","17672.700","63741952","63741952","unavailable","253820928","29982720","29982720","unavailable","29982720","29982720","301166592"
"yune","track-b-product","jyut6ping3_mobile","session_create_select_destroy","","4","1","18646.000","18646.000","63741952","63741952","unavailable","253820928","29982720","29982720","unavailable","29982720","29982720","301166592"
"yune","track-b-product","jyut6ping3_mobile","session_create_select_destroy","","5","1","17874.600","17874.600","63746048","63770624","unavailable","253820928","29982720","29982720","unavailable","29982720","29982720","301166592"
"yune","track-b-product","jyut6ping3_mobile","session_create_select_destroy","","6","1","17581.400","17581.400","63770624","63770624","unavailable","253820928","29982720","29982720","unavailable","29982720","29982720","301166592"
"yune","track-b-product","jyut6ping3_mobile","session_create_select_destroy","","7","1","17648.500","17648.500","63770624","63770624","unavailable","253820928","29982720","29982720","unavailable","29982720","29982720","301166592"
"yune","track-b-product","jyut6ping3_mobile","session_create_select_destroy","","8","1","17377.500","17377.500","63770624","63770624","unavailable","253820928","29982720","29982720","unavailable","29982720","29982720","301166592"
"yune","track-b-product","jyut6ping3_mobile","session_create_select_destroy","","9","1","17561.800","17561.800","63770624","63770624","unavailable","253820928","29982720","29982720","unavailable","29982720","29982720","301166592"
"yune","track-b-product","jyut6ping3_mobile","session_create_select_destroy","","10","1","17274.300","17274.300","63770624","63770624","unavailable","253820928","29982720","29982720","unavailable","29982720","29982720","301166592"
"yune","track-b-product","jyut6ping3_mobile","session_create_select_destroy","","11","1","17519.800","17519.800","63770624","63770624","unavailable","253820928","29982720","29982720","unavailable","29982720","29982720","301166592"
"yune","track-b-product","jyut6ping3_mobile","session_create_select_destroy","","12","1","17617.000","17617.000","63770624","63770624","unavailable","253820928","29982720","29982720","unavailable","29982720","29982720","301166592"
"yune","track-b-product","jyut6ping3_mobile","session_create_select_destroy","","13","1","17563.600","17563.600","63774720","63770624","unavailable","253820928","29982720","29982720","unavailable","29982720","29982720","301166592"
"yune","track-b-product","jyut6ping3_mobile","session_create_select_destroy","","14","1","17446.500","17446.500","63770624","63770624","unavailable","253820928","29982720","29982720","unavailable","29982720","29982720","301166592"
"yune","track-b-product","jyut6ping3_mobile","session_create_select_destroy","","15","1","17512.700","17512.700","63774720","63778816","unavailable","253820928","29982720","29982720","unavailable","29982720","29982720","301166592"
"yune","track-b-product","jyut6ping3_mobile","session_create_select_destroy","","16","1","17463.000","17463.000","63782912","63787008","unavailable","253820928","29982720","29982720","unavailable","29982720","29982720","301166592"
"yune","track-b-product","jyut6ping3_mobile","session_create_select_destroy","","17","1","17250.400","17250.400","63791104","63791104","unavailable","253820928","29982720","29982720","unavailable","29982720","29982720","301166592"
"yune","track-b-product","jyut6ping3_mobile","session_create_select_destroy","","18","1","17268.000","17268.000","63795200","63795200","unavailable","253820928","29982720","29982720","unavailable","29982720","29982720","301166592"
"yune","track-b-product","jyut6ping3_mobile","session_create_select_destroy","","19","1","17187.600","17187.600","63799296","63803392","unavailable","253820928","29982720","29982720","unavailable","29982720","29982720","301166592"
"yune","track-b-product","jyut6ping3_mobile","session_create_select_destroy","","20","1","17271.100","17271.100","63807488","63807488","unavailable","253820928","29982720","29982720","unavailable","29982720","29982720","301166592"
"yune","track-b-product","jyut6ping3_mobile","session_create_select_destroy","","21","1","17105.600","17105.600","63807488","63811584","unavailable","253820928","29982720","29982720","unavailable","29982720","29982720","301166592"
"yune","track-b-product","jyut6ping3_mobile","session_create_select_destroy","","22","1","17039.100","17039.100","63811584","63811584","unavailable","253820928","29982720","29982720","unavailable","29982720","29982720","301166592"
"yune","track-b-product","jyut6ping3_mobile","session_create_select_destroy","","23","1","17123.800","17123.800","63811584","63811584","unavailable","253820928","29982720","29982720","unavailable","29982720","29982720","301166592"
"yune","track-b-product","jyut6ping3_mobile","session_create_select_destroy","","24","1","17113.300","17113.300","63811584","63811584","unavailable","253820928","29982720","29982720","unavailable","29982720","29982720","301166592"
"yune","track-b-product","jyut6ping3_mobile","session_create_select_destroy","","25","1","17129.200","17129.200","63811584","63807488","unavailable","253820928","29982720","29982720","unavailable","29982720","29982720","301166592"
"yune","track-b-product","jyut6ping3_mobile","session_create_select_destroy","","26","1","17684.700","17684.700","63807488","63811584","unavailable","253820928","29982720","29982720","unavailable","29982720","29982720","301166592"
"yune","track-b-product","jyut6ping3_mobile","session_create_select_destroy","","27","1","17185.300","17185.300","63811584","63807488","unavailable","253820928","29982720","29982720","unavailable","29982720","29982720","301166592"
"yune","track-b-product","jyut6ping3_mobile","session_create_select_destroy","","28","1","17198.900","17198.900","63807488","63811584","unavailable","253820928","29982720","29982720","unavailable","29982720","29982720","301166592"
"yune","track-b-product","jyut6ping3_mobile","session_create_select_destroy","","29","1","17779.500","17779.500","63811584","63807488","unavailable","253820928","29982720","29982720","unavailable","29982720","29982720","301166592"
"yune","track-b-product","jyut6ping3_mobile","session_create_select_destroy","","30","1","17274.000","17274.000","63807488","63811584","unavailable","253820928","29982720","29982720","unavailable","29982720","29982720","301166592"
"yune","track-b-product","jyut6ping3_mobile","session_create_select_destroy","","31","1","17279.800","17279.800","63811584","63807488","unavailable","253820928","29982720","29982720","unavailable","29982720","29982720","301166592"
"yune","track-b-product","jyut6ping3_mobile","session_create_select_destroy","","32","1","17375.200","17375.200","63807488","63811584","unavailable","253820928","29982720","29982720","unavailable","29982720","29982720","301166592"
"yune","track-b-product","jyut6ping3_mobile","session_create_select_destroy","","33","1","17947.100","17947.100","63811584","63819776","unavailable","253820928","29982720","29982720","unavailable","29982720","29982720","301166592"
"yune","track-b-product","jyut6ping3_mobile","session_create_select_destroy","","34","1","17795.000","17795.000","63819776","63815680","unavailable","253820928","29982720","29982720","unavailable","29982720","29982720","301166592"
"yune","track-b-product","jyut6ping3_mobile","session_create_select_destroy","","35","1","17914.900","17914.900","63815680","63815680","unavailable","253820928","29982720","29982720","unavailable","29982720","29982720","301166592"
"yune","track-b-product","jyut6ping3_mobile","session_create_select_destroy","","36","1","17912.200","17912.200","63815680","63819776","unavailable","253820928","29982720","29982720","unavailable","29982720","29982720","301166592"
"yune","track-b-product","jyut6ping3_mobile","session_create_select_destroy","","37","1","18918.000","18918.000","63819776","63819776","unavailable","253820928","29982720","29982720","unavailable","29982720","29982720","301166592"
"yune","track-b-product","jyut6ping3_mobile","session_create_select_destroy","","38","1","18234.200","18234.200","63819776","63823872","unavailable","253820928","29982720","29982720","unavailable","29982720","29982720","301166592"
"yune","track-b-product","jyut6ping3_mobile","session_create_select_destroy","","39","1","18004.500","18004.500","63823872","63823872","unavailable","253820928","29982720","29982720","unavailable","29982720","29982720","301166592"
"yune","track-b-product","jyut6ping3_mobile","session_create_select_destroy","","40","1","18181.900","18181.900","63823872","63856640","unavailable","253820928","29982720","29982720","unavailable","29982720","29982720","301166592"
"yune","track-b-product","jyut6ping3_mobile","session_create_select_destroy","","41","1","17651.100","17651.100","63856640","63852544","unavailable","253820928","29982720","29982720","unavailable","29982720","29982720","301166592"
"yune","track-b-product","jyut6ping3_mobile","session_create_select_destroy","","42","1","17639.400","17639.400","63852544","63852544","unavailable","253820928","29982720","29982720","unavailable","29982720","29982720","301166592"
"yune","track-b-product","jyut6ping3_mobile","session_create_select_destroy","","43","1","17936.900","17936.900","63852544","63856640","unavailable","253820928","29982720","29982720","unavailable","29982720","29982720","301166592"
"yune","track-b-product","jyut6ping3_mobile","session_create_select_destroy","","44","1","17887.600","17887.600","63856640","63856640","unavailable","253820928","29982720","29982720","unavailable","29982720","29982720","301166592"
"yune","track-b-product","jyut6ping3_mobile","session_create_select_destroy","","45","1","18203.100","18203.100","63856640","63852544","unavailable","253820928","29982720","29982720","unavailable","29982720","29982720","301166592"
"yune","track-b-product","jyut6ping3_mobile","session_create_select_destroy","","46","1","17590.800","17590.800","63852544","63856640","unavailable","253820928","29982720","29982720","unavailable","29982720","29982720","301166592"
"yune","track-b-product","jyut6ping3_mobile","session_create_select_destroy","","47","1","17293.800","17293.800","63856640","63860736","unavailable","253820928","29982720","29982720","unavailable","29982720","29982720","301166592"
"yune","track-b-product","jyut6ping3_mobile","session_create_select_destroy","","48","1","17643.800","17643.800","63860736","63860736","unavailable","253820928","29982720","29982720","unavailable","29982720","29982720","301166592"
"yune","track-b-product","jyut6ping3_mobile","session_create_select_destroy","","49","1","18467.100","18467.100","63860736","63864832","unavailable","253820928","29982720","29982720","unavailable","29982720","29982720","301166592"
"yune","track-b-product","jyut6ping3_mobile","session_create_select_destroy","","50","1","17618.100","17618.100","63864832","63860736","unavailable","253820928","29982720","29982720","unavailable","29982720","29982720","301166592"
"yune","track-b-product","jyut6ping3_mobile","session_create_select_destroy","","51","1","17514.300","17514.300","63860736","63860736","unavailable","253820928","29982720","29982720","unavailable","29982720","29982720","301166592"
"yune","track-b-product","jyut6ping3_mobile","session_create_select_destroy","","52","1","17557.500","17557.500","63860736","63852544","unavailable","253820928","29982720","29982720","unavailable","29982720","29982720","301166592"
"yune","track-b-product","jyut6ping3_mobile","session_create_select_destroy","","53","1","17566.500","17566.500","63852544","63852544","unavailable","253820928","29982720","29982720","unavailable","29982720","29982720","301166592"
"yune","track-b-product","jyut6ping3_mobile","session_create_select_destroy","","54","1","18370.500","18370.500","64192512","64208896","unavailable","253820928","30564352","30564352","unavailable","30564352","30564352","301166592"
"yune","track-b-product","jyut6ping3_mobile","session_create_select_destroy","","55","1","17402.100","17402.100","64208896","64221184","unavailable","253820928","30564352","30564352","unavailable","30564352","30564352","301166592"
"yune","track-b-product","jyut6ping3_mobile","session_create_select_destroy","","56","1","18038.100","18038.100","64221184","64221184","unavailable","253820928","30564352","30564352","unavailable","30564352","30564352","301166592"
"yune","track-b-product","jyut6ping3_mobile","session_create_select_destroy","","57","1","17841.000","17841.000","64221184","64225280","unavailable","253820928","30564352","30564352","unavailable","30564352","30564352","301166592"
"yune","track-b-product","jyut6ping3_mobile","session_create_select_destroy","","58","1","17367.400","17367.400","64225280","64225280","unavailable","253820928","30564352","30564352","unavailable","30564352","30564352","301166592"
"yune","track-b-product","jyut6ping3_mobile","session_create_select_destroy","","59","1","17475.500","17475.500","64225280","64290816","unavailable","253820928","30564352","30564352","unavailable","30564352","30564352","301166592"
"yune","track-b-product","jyut6ping3_mobile","key_sequence_process_with_context","neigojangingkeisatjinggoiziwunciucoenggeoizisyujapsinhojijung","0","61","1047.700","17.175","64294912","64299008","unavailable","253820928","27295744","27295744","unavailable","27295744","27295744","301166592"
"yune","track-b-product","jyut6ping3_mobile","key_sequence_process_with_context","neigojangingkeisatjinggoiziwunciucoenggeoizisyujapsinhojijung","1","61","1054.100","17.280","64303104","64311296","unavailable","253820928","27295744","27303936","unavailable","27303936","27303936","301166592"
"yune","track-b-product","jyut6ping3_mobile","key_sequence_process_with_context","neigojangingkeisatjinggoiziwunciucoenggeoizisyujapsinhojijung","2","61","1060.200","17.380","64311296","64311296","unavailable","253820928","27303936","27303936","unavailable","27303936","27303936","301166592"
"yune","track-b-product","jyut6ping3_mobile","key_sequence_process_with_context","neigojangingkeisatjinggoiziwunciucoenggeoizisyujapsinhojijung","3","61","1060.100","17.379","64311296","64311296","unavailable","253820928","27303936","27303936","unavailable","27303936","27303936","301166592"
"yune","track-b-product","jyut6ping3_mobile","key_sequence_process_with_context","neigojangingkeisatjinggoiziwunciucoenggeoizisyujapsinhojijung","4","61","1064.400","17.449","64311296","64311296","unavailable","253820928","27303936","27303936","unavailable","27303936","27303936","301166592"
"yune","track-b-product","jyut6ping3_mobile","key_sequence_process_with_context","neigojangingkeisatjinggoiziwunciucoenggeoizisyujapsinhojijung","5","61","1059.800","17.374","64311296","64311296","unavailable","253820928","27303936","27303936","unavailable","27303936","27303936","301166592"
"yune","track-b-product","jyut6ping3_mobile","key_sequence_process_with_context","neigojangingkeisatjinggoiziwunciucoenggeoizisyujapsinhojijung","6","61","1033.500","16.943","64311296","64311296","unavailable","253820928","27303936","27303936","unavailable","27303936","27303936","301166592"
"yune","track-b-product","jyut6ping3_mobile","key_sequence_process_with_context","neigojangingkeisatjinggoiziwunciucoenggeoizisyujapsinhojijung","7","61","1054.600","17.289","64311296","64315392","unavailable","253820928","27303936","27303936","unavailable","27303936","27303936","301166592"
"yune","track-b-product","jyut6ping3_mobile","key_sequence_process_with_context","neigojangingkeisatjinggoiziwunciucoenggeoizisyujapsinhojijung","8","61","1039.900","17.048","64315392","64327680","unavailable","253820928","27303936","27316224","unavailable","27316224","27316224","301166592"
"yune","track-b-product","jyut6ping3_mobile","key_sequence_process_with_context","neigojangingkeisatjinggoiziwunciucoenggeoizisyujapsinhojijung","9","61","1048.700","17.192","64327680","64327680","unavailable","253820928","27316224","27316224","unavailable","27316224","27316224","301166592"
"yune","track-b-product","jyut6ping3_mobile","key_sequence_process_with_context","neigojangingkeisatjinggoiziwunciucoenggeoizisyujapsinhojijung","10","61","1040.500","17.057","64327680","64335872","unavailable","253820928","27316224","27324416","unavailable","27324416","27324416","301166592"
"yune","track-b-product","jyut6ping3_mobile","key_sequence_process_with_context","neigojangingkeisatjinggoiziwunciucoenggeoizisyujapsinhojijung","11","61","1062.100","17.411","64335872","64344064","unavailable","253820928","27324416","27332608","unavailable","27332608","27332608","301166592"
"yune","track-b-product","jyut6ping3_mobile","key_sequence_process_with_context","neigojangingkeisatjinggoiziwunciucoenggeoizisyujapsinhojijung","12","61","1059.600","17.370","64344064","64344064","unavailable","253820928","27332608","27332608","unavailable","27332608","27332608","301166592"
"yune","track-b-product","jyut6ping3_mobile","key_sequence_process_with_context","neigojangingkeisatjinggoiziwunciucoenggeoizisyujapsinhojijung","13","61","1080.400","17.711","64344064","64352256","unavailable","253820928","27332608","27340800","unavailable","27340800","27340800","301166592"
"yune","track-b-product","jyut6ping3_mobile","key_sequence_process_with_context","neigojangingkeisatjinggoiziwunciucoenggeoizisyujapsinhojijung","14","61","1061.300","17.398","64352256","64360448","unavailable","253820928","27340800","27353088","unavailable","27353088","27353088","301166592"
"yune","track-b-product","jyut6ping3_mobile","key_sequence_process_with_context","neigojangingkeisatjinggoiziwunciucoenggeoizisyujapsinhojijung","15","61","1031.900","16.916","64360448","64360448","unavailable","253820928","27353088","27353088","unavailable","27353088","27353088","301166592"
"yune","track-b-product","jyut6ping3_mobile","key_sequence_process_with_context","neigojangingkeisatjinggoiziwunciucoenggeoizisyujapsinhojijung","16","61","1054.300","17.284","64360448","64360448","unavailable","253820928","27353088","27353088","unavailable","27353088","27353088","301166592"
"yune","track-b-product","jyut6ping3_mobile","key_sequence_process_with_context","neigojangingkeisatjinggoiziwunciucoenggeoizisyujapsinhojijung","17","61","1028.800","16.866","64360448","64360448","unavailable","253820928","27353088","27353088","unavailable","27353088","27353088","301166592"
"yune","track-b-product","jyut6ping3_mobile","key_sequence_process_with_context","neigojangingkeisatjinggoiziwunciucoenggeoizisyujapsinhojijung","18","61","1053.400","17.269","64360448","64360448","unavailable","253820928","27353088","27353088","unavailable","27353088","27353088","301166592"
"yune","track-b-product","jyut6ping3_mobile","key_sequence_process_with_context","neigojangingkeisatjinggoiziwunciucoenggeoizisyujapsinhojijung","19","61","1032.700","16.930","64360448","64360448","unavailable","253820928","27353088","27353088","unavailable","27353088","27353088","301166592"
"yune","track-b-product","jyut6ping3_mobile","key_sequence_process_with_context","neigojangingkeisatjinggoiziwunciucoenggeoizisyujapsinhojijung","20","61","1559.600","25.567","64360448","64360448","unavailable","253820928","27353088","27353088","unavailable","27353088","27353088","301166592"
"yune","track-b-product","jyut6ping3_mobile","key_sequence_process_with_context","neigojangingkeisatjinggoiziwunciucoenggeoizisyujapsinhojijung","21","61","1074.900","17.621","64360448","64360448","unavailable","253820928","27353088","27353088","unavailable","27353088","27353088","301166592"
"yune","track-b-product","jyut6ping3_mobile","key_sequence_process_with_context","neigojangingkeisatjinggoiziwunciucoenggeoizisyujapsinhojijung","22","61","1028.700","16.864","64360448","64360448","unavailable","253820928","27353088","27353088","unavailable","27353088","27353088","301166592"
"yune","track-b-product","jyut6ping3_mobile","key_sequence_process_with_context","neigojangingkeisatjinggoiziwunciucoenggeoizisyujapsinhojijung","23","61","1075.100","17.625","64360448","64360448","unavailable","253820928","27353088","27353088","unavailable","27353088","27353088","301166592"
"yune","track-b-product","jyut6ping3_mobile","key_sequence_process_with_context","neigojangingkeisatjinggoiziwunciucoenggeoizisyujapsinhojijung","24","61","1031.400","16.908","64360448","64360448","unavailable","253820928","27353088","27353088","unavailable","27353088","27353088","301166592"
"yune","track-b-product","jyut6ping3_mobile","key_sequence_process_with_context","neigojangingkeisatjinggoiziwunciucoenggeoizisyujapsinhojijung","25","61","1042.700","17.093","64360448","64360448","unavailable","253820928","27353088","27353088","unavailable","27353088","27353088","301166592"
"yune","track-b-product","jyut6ping3_mobile","key_sequence_process_with_context","neigojangingkeisatjinggoiziwunciucoenggeoizisyujapsinhojijung","26","61","1037.700","17.011","64360448","64360448","unavailable","253820928","27353088","27353088","unavailable","27353088","27353088","301166592"
"yune","track-b-product","jyut6ping3_mobile","key_sequence_process_with_context","neigojangingkeisatjinggoiziwunciucoenggeoizisyujapsinhojijung","27","61","1036.500","16.992","64360448","64368640","unavailable","253820928","27353088","27365376","unavailable","27365376","27365376","301166592"
"yune","track-b-product","jyut6ping3_mobile","key_sequence_process_with_context","neigojangingkeisatjinggoiziwunciucoenggeoizisyujapsinhojijung","28","61","1038.200","17.020","64368640","64368640","unavailable","253820928","27365376","27365376","unavailable","27365376","27365376","301166592"
"yune","track-b-product","jyut6ping3_mobile","key_sequence_process_with_context","neigojangingkeisatjinggoiziwunciucoenggeoizisyujapsinhojijung","29","61","1038.200","17.020","64368640","64380928","unavailable","253820928","27365376","27377664","unavailable","27377664","27377664","301166592"
"yune","track-b-product","jyut6ping3_mobile","key_sequence_process_with_context","neigojangingkeisatjinggoiziwunciucoenggeoizisyujapsinhojijung","30","61","1044.300","17.120","64380928","64380928","unavailable","253820928","27377664","27377664","unavailable","27377664","27377664","301166592"
"yune","track-b-product","jyut6ping3_mobile","key_sequence_process_with_context","neigojangingkeisatjinggoiziwunciucoenggeoizisyujapsinhojijung","31","61","1047.800","17.177","64380928","64380928","unavailable","253820928","27377664","27377664","unavailable","27377664","27377664","301166592"
"yune","track-b-product","jyut6ping3_mobile","key_sequence_process_with_context","neigojangingkeisatjinggoiziwunciucoenggeoizisyujapsinhojijung","32","61","1031.600","16.911","64380928","64380928","unavailable","253820928","27377664","27377664","unavailable","27377664","27377664","301166592"
"yune","track-b-product","jyut6ping3_mobile","key_sequence_process_with_context","neigojangingkeisatjinggoiziwunciucoenggeoizisyujapsinhojijung","33","61","1039.400","17.039","64380928","64380928","unavailable","253820928","27377664","27377664","unavailable","27377664","27377664","301166592"
"yune","track-b-product","jyut6ping3_mobile","key_sequence_process_with_context","neigojangingkeisatjinggoiziwunciucoenggeoizisyujapsinhojijung","34","61","1034.000","16.951","64380928","64380928","unavailable","253820928","27377664","27377664","unavailable","27377664","27377664","301166592"
"yune","track-b-product","jyut6ping3_mobile","key_sequence_process_with_context","neigojangingkeisatjinggoiziwunciucoenggeoizisyujapsinhojijung","35","61","1039.900","17.048","64380928","64380928","unavailable","253820928","27377664","27377664","unavailable","27377664","27377664","301166592"
"yune","track-b-product","jyut6ping3_mobile","key_sequence_process_with_context","neigojangingkeisatjinggoiziwunciucoenggeoizisyujapsinhojijung","36","61","1040.400","17.056","64380928","64389120","unavailable","253820928","27377664","27394048","unavailable","27394048","27394048","301166592"
"yune","track-b-product","jyut6ping3_mobile","key_sequence_process_with_context","neigojangingkeisatjinggoiziwunciucoenggeoizisyujapsinhojijung","37","61","1075.500","17.631","64389120","64389120","unavailable","253820928","27394048","27394048","unavailable","27394048","27394048","301166592"
"yune","track-b-product","jyut6ping3_mobile","key_sequence_process_with_context","neigojangingkeisatjinggoiziwunciucoenggeoizisyujapsinhojijung","38","61","1066.900","17.490","64389120","64389120","unavailable","253820928","27394048","27394048","unavailable","27394048","27394048","301166592"
"yune","track-b-product","jyut6ping3_mobile","key_sequence_process_with_context","neigojangingkeisatjinggoiziwunciucoenggeoizisyujapsinhojijung","39","61","1033.400","16.941","64389120","64405504","unavailable","253820928","27394048","27410432","unavailable","27410432","27410432","301166592"
"yune","track-b-product","jyut6ping3_mobile","key_sequence_process_with_context","neigojangingkeisatjinggoiziwunciucoenggeoizisyujapsinhojijung","40","61","1044.300","17.120","64405504","64405504","unavailable","253820928","27410432","27410432","unavailable","27410432","27410432","301166592"
"yune","track-b-product","jyut6ping3_mobile","key_sequence_process_with_context","neigojangingkeisatjinggoiziwunciucoenggeoizisyujapsinhojijung","41","61","1025.100","16.805","64405504","64405504","unavailable","253820928","27410432","27410432","unavailable","27410432","27410432","301166592"
"yune","track-b-product","jyut6ping3_mobile","key_sequence_process_with_context","neigojangingkeisatjinggoiziwunciucoenggeoizisyujapsinhojijung","42","61","1039.200","17.036","64405504","64413696","unavailable","253820928","27410432","27410432","unavailable","27410432","27410432","301166592"
"yune","track-b-product","jyut6ping3_mobile","key_sequence_process_with_context","neigojangingkeisatjinggoiziwunciucoenggeoizisyujapsinhojijung","43","61","1033.000","16.934","64413696","64413696","unavailable","253820928","27410432","27410432","unavailable","27410432","27410432","301166592"
"yune","track-b-product","jyut6ping3_mobile","key_sequence_process_with_context","neigojangingkeisatjinggoiziwunciucoenggeoizisyujapsinhojijung","44","61","1030.900","16.900","64413696","64413696","unavailable","253820928","27410432","27410432","unavailable","27410432","27410432","301166592"
"yune","track-b-product","jyut6ping3_mobile","key_sequence_process_with_context","neigojangingkeisatjinggoiziwunciucoenggeoizisyujapsinhojijung","45","61","1029.300","16.874","64413696","64413696","unavailable","253820928","27410432","27410432","unavailable","27410432","27410432","301166592"
"yune","track-b-product","jyut6ping3_mobile","key_sequence_process_with_context","neigojangingkeisatjinggoiziwunciucoenggeoizisyujapsinhojijung","46","61","1054.200","17.282","64413696","64413696","unavailable","253820928","27410432","27410432","unavailable","27410432","27410432","301166592"
"yune","track-b-product","jyut6ping3_mobile","key_sequence_process_with_context","neigojangingkeisatjinggoiziwunciucoenggeoizisyujapsinhojijung","47","61","1039.000","17.033","64413696","64430080","unavailable","253820928","27410432","27430912","unavailable","27430912","27430912","301166592"
"yune","track-b-product","jyut6ping3_mobile","key_sequence_process_with_context","neigojangingkeisatjinggoiziwunciucoenggeoizisyujapsinhojijung","48","61","1031.600","16.911","64430080","64430080","unavailable","253820928","27430912","27430912","unavailable","27430912","27430912","301166592"
"yune","track-b-product","jyut6ping3_mobile","key_sequence_process_with_context","neigojangingkeisatjinggoiziwunciucoenggeoizisyujapsinhojijung","49","61","1026.000","16.820","64430080","64430080","unavailable","253820928","27430912","27430912","unavailable","27430912","27430912","301166592"
"yune","track-b-product","jyut6ping3_mobile","key_sequence_process_with_context","neigojangingkeisatjinggoiziwunciucoenggeoizisyujapsinhojijung","50","61","1041.600","17.075","64430080","64430080","unavailable","253820928","27430912","27430912","unavailable","27430912","27430912","301166592"
"yune","track-b-product","jyut6ping3_mobile","key_sequence_process_with_context","neigojangingkeisatjinggoiziwunciucoenggeoizisyujapsinhojijung","51","61","1067.400","17.498","64430080","64430080","unavailable","253820928","27430912","27430912","unavailable","27430912","27430912","301166592"
"yune","track-b-product","jyut6ping3_mobile","key_sequence_process_with_context","neigojangingkeisatjinggoiziwunciucoenggeoizisyujapsinhojijung","52","61","1032.100","16.920","64430080","64430080","unavailable","253820928","27430912","27430912","unavailable","27430912","27430912","301166592"
"yune","track-b-product","jyut6ping3_mobile","key_sequence_process_with_context","neigojangingkeisatjinggoiziwunciucoenggeoizisyujapsinhojijung","53","61","1048.000","17.180","64430080","64430080","unavailable","253820928","27430912","27430912","unavailable","27430912","27430912","301166592"
"yune","track-b-product","jyut6ping3_mobile","key_sequence_process_with_context","neigojangingkeisatjinggoiziwunciucoenggeoizisyujapsinhojijung","54","61","1040.000","17.049","64430080","64430080","unavailable","253820928","27430912","27430912","unavailable","27430912","27430912","301166592"
"yune","track-b-product","jyut6ping3_mobile","key_sequence_process_with_context","neigojangingkeisatjinggoiziwunciucoenggeoizisyujapsinhojijung","55","61","1039.000","17.033","64430080","64462848","unavailable","253820928","27430912","27627520","unavailable","27627520","27627520","301166592"
"yune","track-b-product","jyut6ping3_mobile","key_sequence_process_with_context","neigojangingkeisatjinggoiziwunciucoenggeoizisyujapsinhojijung","56","61","1031.900","16.916","64462848","64462848","unavailable","253820928","27627520","27627520","unavailable","27627520","27627520","301166592"
"yune","track-b-product","jyut6ping3_mobile","key_sequence_process_with_context","neigojangingkeisatjinggoiziwunciucoenggeoizisyujapsinhojijung","57","61","1040.900","17.064","64462848","64462848","unavailable","253820928","27627520","27627520","unavailable","27627520","27627520","301166592"
"yune","track-b-product","jyut6ping3_mobile","key_sequence_process_with_context","neigojangingkeisatjinggoiziwunciucoenggeoizisyujapsinhojijung","58","61","1038.800","17.030","64462848","64462848","unavailable","253820928","27627520","27627520","unavailable","27627520","27627520","301166592"
"yune","track-b-product","jyut6ping3_mobile","key_sequence_process_with_context","neigojangingkeisatjinggoiziwunciucoenggeoizisyujapsinhojijung","59","61","1038.200","17.020","64462848","64471040","unavailable","253820928","27627520","27652096","unavailable","27652096","27652096","301166592"
"yune","track-b-product","jyut6ping3_mobile","key_sequence_process_with_context","neigojangingkeisatjinggoiziwunciucoenggeoizisyujapsinhojijung","60","61","1059.600","17.370","64532480","64532480","unavailable","253820928","27652096","27652096","unavailable","27652096","27652096","301166592"
"yune","track-b-product","jyut6ping3_mobile","key_sequence_process_with_context","neigojangingkeisatjinggoiziwunciucoenggeoizisyujapsinhojijung","61","61","1038.600","17.026","64532480","64602112","unavailable","253820928","27652096","27930624","unavailable","27930624","27930624","301166592"
"yune","track-b-product","jyut6ping3_mobile","key_sequence_process_with_context","neigojangingkeisatjinggoiziwunciucoenggeoizisyujapsinhojijung","62","61","1046.500","17.156","64602112","64602112","unavailable","253820928","27930624","27930624","unavailable","27930624","27930624","301166592"
"yune","track-b-product","jyut6ping3_mobile","key_sequence_process_with_context","neigojangingkeisatjinggoiziwunciucoenggeoizisyujapsinhojijung","63","61","1044.200","17.118","64602112","64602112","unavailable","253820928","27930624","27930624","unavailable","27930624","27930624","301166592"
"yune","track-b-product","jyut6ping3_mobile","key_sequence_process_with_context","neigojangingkeisatjinggoiziwunciucoenggeoizisyujapsinhojijung","64","61","1041.300","17.070","64602112","64602112","unavailable","253820928","27930624","27930624","unavailable","27930624","27930624","301166592"
"yune","track-b-product","jyut6ping3_mobile","key_sequence_process_with_context","neigojangingkeisatjinggoiziwunciucoenggeoizisyujapsinhojijung","65","61","1032.800","16.931","64602112","64602112","unavailable","253820928","27930624","27930624","unavailable","27930624","27930624","301166592"
"yune","track-b-product","jyut6ping3_mobile","key_sequence_process_with_context","neigojangingkeisatjinggoiziwunciucoenggeoizisyujapsinhojijung","66","61","1025.800","16.816","64606208","64614400","unavailable","253820928","27930624","27930624","unavailable","27930624","27930624","301166592"
"yune","track-b-product","jyut6ping3_mobile","key_sequence_process_with_context","neigojangingkeisatjinggoiziwunciucoenggeoizisyujapsinhojijung","67","61","1034.700","16.962","64614400","64622592","unavailable","253820928","27930624","27930624","unavailable","27930624","27930624","301166592"
"yune","track-b-product","jyut6ping3_mobile","key_sequence_process_with_context","neigojangingkeisatjinggoiziwunciucoenggeoizisyujapsinhojijung","68","61","1031.400","16.908","64622592","64622592","unavailable","253820928","27930624","27930624","unavailable","27930624","27930624","301166592"
"yune","track-b-product","jyut6ping3_mobile","key_sequence_process_with_context","neigojangingkeisatjinggoiziwunciucoenggeoizisyujapsinhojijung","69","61","1025.000","16.803","64622592","64622592","unavailable","253820928","27930624","27930624","unavailable","27930624","27930624","301166592"
"yune","track-b-product","jyut6ping3_mobile","key_sequence_process_with_context","neigojangingkeisatjinggoiziwunciucoenggeoizisyujapsinhojijung","70","61","1028.400","16.859","64622592","64622592","unavailable","253820928","27930624","27930624","unavailable","27930624","27930624","301166592"
"yune","track-b-product","jyut6ping3_mobile","key_sequence_process_with_context","neigojangingkeisatjinggoiziwunciucoenggeoizisyujapsinhojijung","71","61","1020.800","16.734","64622592","64622592","unavailable","253820928","27930624","27930624","unavailable","27930624","27930624","301166592"
"yune","track-b-product","jyut6ping3_mobile","key_sequence_process_with_context","neigojangingkeisatjinggoiziwunciucoenggeoizisyujapsinhojijung","72","61","1043.800","17.111","64622592","64622592","unavailable","253820928","27930624","27930624","unavailable","27930624","27930624","301166592"
"yune","track-b-product","jyut6ping3_mobile","key_sequence_process_with_context","neigojangingkeisatjinggoiziwunciucoenggeoizisyujapsinhojijung","73","61","1023.900","16.785","64622592","64692224","unavailable","253820928","27930624","27930624","unavailable","27930624","27930624","301166592"
"yune","track-b-product","jyut6ping3_mobile","key_sequence_process_with_context","neigojangingkeisatjinggoiziwunciucoenggeoizisyujapsinhojijung","74","61","1036.700","16.995","64692224","64692224","unavailable","253820928","27930624","27930624","unavailable","27930624","27930624","301166592"
"yune","track-b-product","jyut6ping3_mobile","key_sequence_process_with_context","neigojangingkeisatjinggoiziwunciucoenggeoizisyujapsinhojijung","75","61","1023.600","16.780","64696320","64696320","unavailable","253820928","27930624","27930624","unavailable","27930624","27930624","301166592"
"yune","track-b-product","jyut6ping3_mobile","key_sequence_process_with_context","neigojangingkeisatjinggoiziwunciucoenggeoizisyujapsinhojijung","76","61","1039.000","17.033","64696320","64696320","unavailable","253820928","27930624","27930624","unavailable","27930624","27930624","301166592"
"yune","track-b-product","jyut6ping3_mobile","key_sequence_process_with_context","neigojangingkeisatjinggoiziwunciucoenggeoizisyujapsinhojijung","77","61","1026.900","16.834","64696320","64696320","unavailable","253820928","27930624","27930624","unavailable","27930624","27930624","301166592"
"yune","track-b-product","jyut6ping3_mobile","key_sequence_process_with_context","neigojangingkeisatjinggoiziwunciucoenggeoizisyujapsinhojijung","78","61","1030.200","16.889","64696320","64696320","unavailable","253820928","27930624","27930624","unavailable","27930624","27930624","301166592"
"yune","track-b-product","jyut6ping3_mobile","key_sequence_process_with_context","neigojangingkeisatjinggoiziwunciucoenggeoizisyujapsinhojijung","79","61","1033.700","16.946","64696320","64696320","unavailable","253820928","27930624","27930624","unavailable","27930624","27930624","301166592"
