"engine","track","schema_id","workload","input","sample_index","operation_count","process_key_calls","process_key_ns","translator_calls","translator_ns","lookup_views_visited","owned_candidates_materialized","owned_candidate_materialization_ns","candidates_sorted","candidate_sort_ns","userdb_merge_ns","filter_pipeline_ns","ranker_pipeline_ns","ai_merge_ns","candidates_stored","context_full_snapshot_candidates_cloned","context_page_snapshot_candidates_cloned","abi_get_context_calls","abi_get_context_ns","abi_candidates_exported","abi_free_context_calls","abi_free_context_ns","candidate_request_bounded_calls","candidate_request_unbounded_calls","candidate_request_page_limit_total","candidate_request_surplus_total","bounded_iterator_calls","bounded_iterator_limit_total","bounded_iterator_selected_total","bounded_iterator_full_count_total","full_list_translation_calls","full_list_fallback_count","exact_lookup_calls","exact_lookup_ns","exact_lookup_candidates","prefix_lookup_calls","prefix_lookup_ns","prefix_lookup_candidates","heap_exact_lookup_calls","heap_prefix_lookup_calls","no_marisa_compact_exact_lookup_calls","no_marisa_compact_prefix_lookup_calls","rsmarisa_exact_lookup_calls","rsmarisa_prefix_lookup_calls","prism_lookup_calls","prism_lookup_ns","prism_lookup_codes","abi_c_string_allocations","abi_c_string_bytes","abi_c_string_allocation_ns","sentence_candidate_calls","sentence_candidate_ns","sentence_substrings_considered","sentence_exact_lookup_calls","sentence_exact_lookup_ns","sentence_exact_lookup_candidates","sentence_prefix_lookup_calls","sentence_prefix_lookup_ns","sentence_prefix_lookup_candidates","sentence_entry_matches_collected","sentence_path_clones","sentence_path_replacements","sentence_paths_pruned","sentence_max_live_paths","sentence_result_candidates","upstream_sentence_model_calls","upstream_sentence_model_ns","upstream_sentence_model_candidates","upstream_sentence_model_code_prefix_checks","upstream_sentence_model_table_entries_considered","upstream_sentence_model_vocabulary_entries_considered","upstream_sentence_model_graph_edges","upstream_sentence_model_index_build_calls","upstream_sentence_model_index_build_ns","upstream_sentence_model_exact_range_index_hits","upstream_sentence_model_exact_range_index_misses","upstream_sentence_model_prefix_filter_hits","upstream_sentence_model_prefix_filter_misses","upstream_sentence_model_prefix_filter_early_breaks","upstream_sentence_model_reachable_starts_visited","upstream_sentence_model_unreachable_starts_skipped","upstream_sentence_model_phrase_index_walk_calls","upstream_sentence_model_phrase_index_nodes_visited","upstream_sentence_model_phrase_index_entry_ranges_emitted","upstream_sentence_model_partition_point_fallback_calls","upstream_sentence_model_graph_rebuild_calls","upstream_sentence_model_graph_rebuild_ns","upstream_sentence_model_incremental_reuse_hits","upstream_sentence_model_incremental_extend_ns","upstream_sentence_model_incremental_discarded_rebuild_chars","upstream_sentence_model_candidate_state_buckets","upstream_sentence_model_candidate_states_ranked","upstream_sentence_model_candidate_path_ns","upstream_sentence_model_candidate_merge_ns","prefix_fallback_calls","prefix_fallback_ns","prefix_fallback_views_visited","prefix_fallback_candidates","dynamic_correction_calls","dynamic_correction_ns","dynamic_correction_codes_considered","dynamic_correction_candidates","abbreviation_span_discovery_calls","abbreviation_span_discovery_ns","abbreviation_span_candidates_considered","abbreviation_span_codes_emitted","abbreviation_model_has_code_calls","abbreviation_model_has_code_ns","abbreviation_code_span_graph_build_ns","abbreviation_sentence_ranking_ns","abbreviation_preedit_format_ns","abbreviation_candidate_format_ns","short_key_candidate_rows_scanned","short_key_candidates_materialized","short_key_candidates_cloned","short_key_filter_ns","short_key_sort_rank_ns","short_key_comment_quality_ns","short_key_first_page_materialize_ns","track_b_spelling_expansions_considered","track_b_spelling_expansion_ns","track_b_exact_lookup_calls","track_b_exact_lookup_ns","track_b_prefix_lookup_calls","track_b_prefix_lookup_ns","track_b_candidates_materialized","track_b_first_page_materialize_ns"
"yune","track-a-comparison","luna_pinyin","startup_warm_shared_assets_runtime_ready","","0","1","0","0","22","47500","513353","0","0","0","400","13300","7700","300","500","0","0","0","0","0","0","0","0","0","15","0","0","0","0","0","0","15","0","6","4000","0","0","0","0","0","0","0","0","6","0","6","2500","0","0","0","0","6","200","0","0","0","0","0","0","0","0","0","0","0","0","0","12","6300","0","0","0","0","0","1","1682700","0","0","0","0","0","0","0","0","0","0","0","0","0","0","0","0","0","0","0","0","0","0","0","0","0","0","0","0","0","0","0","0","0","0","0","0","0","0","0","0","0","0","0","0","0","0","0","0","0","0","0","0","0"
"yune","track-a-comparison","luna_pinyin","startup_warm_shared_assets_runtime_ready","","1","1","0","0","22","7800","0","0","0","0","500","2400","1500","400","200","0","0","0","0","0","0","0","0","0","15","0","0","0","0","0","0","15","0","6","1200","0","0","0","0","0","0","0","0","6","0","6","400","0","0","0","0","6","400","0","0","0","0","0","0","0","0","0","0","0","0","0","12","900","0","0","0","0","0","0","0","0","0","0","0","0","0","0","0","0","0","0","0","0","0","0","0","0","0","0","0","0","0","0","0","0","0","0","0","0","0","0","0","0","0","0","0","0","0","0","0","0","0","0","0","0","0","0","0","0","0","0","0","0"
"yune","track-a-comparison","luna_pinyin","startup_warm_shared_assets_runtime_ready","","2","1","0","0","22","7500","0","0","0","0","200","1400","1500","300","500","0","0","0","0","0","0","0","0","0","15","0","0","0","0","0","0","15","0","6","1200","0","0","0","0","0","0","0","0","6","0","6","200","0","0","0","0","6","100","0","0","0","0","0","0","0","0","0","0","0","0","0","12","700","0","0","0","0","0","0","0","0","0","0","0","0","0","0","0","0","0","0","0","0","0","0","0","0","0","0","0","0","0","0","0","0","0","0","0","0","0","0","0","0","0","0","0","0","0","0","0","0","0","0","0","0","0","0","0","0","0","0","0","0"
"yune","track-a-comparison","luna_pinyin","startup_warm_shared_assets_runtime_ready","","3","1","0","0","22","6500","0","0","0","0","400","1500","2000","200","400","0","0","0","0","0","0","0","0","0","15","0","0","0","0","0","0","15","0","6","800","0","0","0","0","0","0","0","0","6","0","6","200","0","0","0","0","6","200","0","0","0","0","0","0","0","0","0","0","0","0","0","12","700","0","0","0","0","0","0","0","0","0","0","0","0","0","0","0","0","0","0","0","0","0","0","0","0","0","0","0","0","0","0","0","0","0","0","0","0","0","0","0","0","0","0","0","0","0","0","0","0","0","0","0","0","0","0","0","0","0","0","0","0"
"yune","track-a-comparison","luna_pinyin","startup_warm_shared_assets_runtime_ready","","4","1","0","0","22","8500","0","0","0","0","400","1600","1500","300","700","0","0","0","0","0","0","0","0","0","15","0","0","0","0","0","0","15","0","6","1200","0","0","0","0","0","0","0","0","6","0","6","400","0","0","0","0","6","100","0","0","0","0","0","0","0","0","0","0","0","0","0","12","1000","0","0","0","0","0","0","0","0","0","0","0","0","0","0","0","0","0","0","0","0","0","0","0","0","0","0","0","0","0","0","0","0","0","0","0","0","0","0","0","0","0","0","0","0","0","0","0","0","0","0","0","0","0","0","0","0","0","0","0","0"
"yune","track-a-comparison","luna_pinyin","startup_warm_shared_assets_runtime_ready","","5","1","0","0","22","9100","0","0","0","0","700","1400","1900","600","300","0","0","0","0","0","0","0","0","0","15","0","0","0","0","0","0","15","0","6","800","0","0","0","0","0","0","0","0","6","0","6","700","0","0","0","0","6","200","0","0","0","0","0","0","0","0","0","0","0","0","0","12","700","0","0","0","0","0","0","0","0","0","0","0","0","0","0","0","0","0","0","0","0","0","0","0","0","0","0","0","0","0","0","0","0","0","0","0","0","0","0","0","0","0","0","0","0","0","0","0","0","0","0","0","0","0","0","0","0","0","0","0","0"
"yune","track-a-comparison","luna_pinyin","startup_warm_shared_assets_runtime_ready","","6","1","0","0","22","6800","0","0","0","0","100","1800","1400","300","700","0","0","0","0","0","0","0","0","0","15","0","0","0","0","0","0","15","0","6","1200","0","0","0","0","0","0","0","0","6","0","6","300","0","0","0","0","6","200","0","0","0","0","0","0","0","0","0","0","0","0","0","12","1100","0","0","0","0","0","0","0","0","0","0","0","0","0","0","0","0","0","0","0","0","0","0","0","0","0","0","0","0","0","0","0","0","0","0","0","0","0","0","0","0","0","0","0","0","0","0","0","0","0","0","0","0","0","0","0","0","0","0","0","0"
"yune","track-a-comparison","luna_pinyin","startup_warm_shared_assets_runtime_ready","","7","1","0","0","22","6100","0","0","0","0","300","1600","1400","500","200","0","0","0","0","0","0","0","0","0","15","0","0","0","0","0","0","15","0","6","700","0","0","0","0","0","0","0","0","6","0","6","500","0","0","0","0","6","200","0","0","0","0","0","0","0","0","0","0","0","0","0","12","600","0","0","0","0","0","0","0","0","0","0","0","0","0","0","0","0","0","0","0","0","0","0","0","0","0","0","0","0","0","0","0","0","0","0","0","0","0","0","0","0","0","0","0","0","0","0","0","0","0","0","0","0","0","0","0","0","0","0","0","0"
"yune","track-a-comparison","luna_pinyin","startup_warm_shared_assets_runtime_ready","","8","1","0","0","22","7800","0","0","0","0","400","2200","1400","500","300","0","0","0","0","0","0","0","0","0","15","0","0","0","0","0","0","15","0","6","1300","0","0","0","0","0","0","0","0","6","0","6","500","0","0","0","0","6","100","0","0","0","0","0","0","0","0","0","0","0","0","0","12","800","0","0","0","0","0","0","0","0","0","0","0","0","0","0","0","0","0","0","0","0","0","0","0","0","0","0","0","0","0","0","0","0","0","0","0","0","0","0","0","0","0","0","0","0","0","0","0","0","0","0","0","0","0","0","0","0","0","0","0","0"
"yune","track-a-comparison","luna_pinyin","session_create_select_destroy","","0","1","0","0","22","6600","0","0","0","0","500","1200","1200","300","400","0","0","0","0","0","0","0","0","0","15","0","0","0","0","0","0","15","0","6","700","0","0","0","0","0","0","0","0","6","0","6","100","0","0","0","0","6","100","0","0","0","0","0","0","0","0","0","0","0","0","0","12","400","0","0","0","0","0","0","0","0","0","0","0","0","0","0","0","0","0","0","0","0","0","0","0","0","0","0","0","0","0","0","0","0","0","0","0","0","0","0","0","0","0","0","0","0","0","0","0","0","0","0","0","0","0","0","0","0","0","0","0","0"
"yune","track-a-comparison","luna_pinyin","session_create_select_destroy","","1","1","0","0","22","5400","0","0","0","0","600","1600","1400","200","300","0","0","0","0","0","0","0","0","0","15","0","0","0","0","0","0","15","0","6","800","0","0","0","0","0","0","0","0","6","0","6","300","0","0","0","0","6","100","0","0","0","0","0","0","0","0","0","0","0","0","0","12","500","0","0","0","0","0","0","0","0","0","0","0","0","0","0","0","0","0","0","0","0","0","0","0","0","0","0","0","0","0","0","0","0","0","0","0","0","0","0","0","0","0","0","0","0","0","0","0","0","0","0","0","0","0","0","0","0","0","0","0","0"
"yune","track-a-comparison","luna_pinyin","session_create_select_destroy","","2","1","0","0","22","6600","0","0","0","0","500","1500","1500","500","200","0","0","0","0","0","0","0","0","0","15","0","0","0","0","0","0","15","0","6","900","0","0","0","0","0","0","0","0","6","0","6","400","0","0","0","0","6","0","0","0","0","0","0","0","0","0","0","0","0","0","0","12","400","0","0","0","0","0","0","0","0","0","0","0","0","0","0","0","0","0","0","0","0","0","0","0","0","0","0","0","0","0","0","0","0","0","0","0","0","0","0","0","0","0","0","0","0","0","0","0","0","0","0","0","0","0","0","0","0","0","0","0","0"
"yune","track-a-comparison","luna_pinyin","session_create_select_destroy","","3","1","0","0","22","7100","0","0","0","0","200","1400","1500","400","300","0","0","0","0","0","0","0","0","0","15","0","0","0","0","0","0","15","0","6","800","0","0","0","0","0","0","0","0","6","0","6","400","0","0","0","0","6","100","0","0","0","0","0","0","0","0","0","0","0","0","0","12","600","0","0","0","0","0","0","0","0","0","0","0","0","0","0","0","0","0","0","0","0","0","0","0","0","0","0","0","0","0","0","0","0","0","0","0","0","0","0","0","0","0","0","0","0","0","0","0","0","0","0","0","0","0","0","0","0","0","0","0","0"
"yune","track-a-comparison","luna_pinyin","session_create_select_destroy","","4","1","0","0","22","6200","0","0","0","0","400","1800","1100","600","100","0","0","0","0","0","0","0","0","0","15","0","0","0","0","0","0","15","0","6","700","0","0","0","0","0","0","0","0","6","0","6","300","0","0","0","0","6","0","0","0","0","0","0","0","0","0","0","0","0","0","0","12","800","0","0","0","0","0","0","0","0","0","0","0","0","0","0","0","0","0","0","0","0","0","0","0","0","0","0","0","0","0","0","0","0","0","0","0","0","0","0","0","0","0","0","0","0","0","0","0","0","0","0","0","0","0","0","0","0","0","0","0","0"
"yune","track-a-comparison","luna_pinyin","session_create_select_destroy","","5","1","0","0","22","6400","0","0","0","0","400","1900","1300","300","600","0","0","0","0","0","0","0","0","0","15","0","0","0","0","0","0","15","0","6","900","0","0","0","0","0","0","0","0","6","0","6","200","0","0","0","0","6","100","0","0","0","0","0","0","0","0","0","0","0","0","0","12","400","0","0","0","0","0","0","0","0","0","0","0","0","0","0","0","0","0","0","0","0","0","0","0","0","0","0","0","0","0","0","0","0","0","0","0","0","0","0","0","0","0","0","0","0","0","0","0","0","0","0","0","0","0","0","0","0","0","0","0","0"
"yune","track-a-comparison","luna_pinyin","session_create_select_destroy","","6","1","0","0","22","6800","0","0","0","0","400","1700","1700","400","400","0","0","0","0","0","0","0","0","0","15","0","0","0","0","0","0","15","0","6","900","0","0","0","0","0","0","0","0","6","0","6","300","0","0","0","0","6","200","0","0","0","0","0","0","0","0","0","0","0","0","0","12","1100","0","0","0","0","0","0","0","0","0","0","0","0","0","0","0","0","0","0","0","0","0","0","0","0","0","0","0","0","0","0","0","0","0","0","0","0","0","0","0","0","0","0","0","0","0","0","0","0","0","0","0","0","0","0","0","0","0","0","0","0"
"yune","track-a-comparison","luna_pinyin","session_create_select_destroy","","7","1","0","0","22","8200","0","0","0","0","100","1300","1100","500","200","0","0","0","0","0","0","0","0","0","15","0","0","0","0","0","0","15","0","6","1300","0","0","0","0","0","0","0","0","6","0","6","300","0","0","0","0","6","300","0","0","0","0","0","0","0","0","0","0","0","0","0","12","900","0","0","0","0","0","0","0","0","0","0","0","0","0","0","0","0","0","0","0","0","0","0","0","0","0","0","0","0","0","0","0","0","0","0","0","0","0","0","0","0","0","0","0","0","0","0","0","0","0","0","0","0","0","0","0","0","0","0","0","0"
"yune","track-a-comparison","luna_pinyin","session_create_select_destroy","","8","1","0","0","22","5800","0","0","0","0","500","1400","1600","200","700","0","0","0","0","0","0","0","0","0","15","0","0","0","0","0","0","15","0","6","700","0","0","0","0","0","0","0","0","6","0","6","200","0","0","0","0","6","100","0","0","0","0","0","0","0","0","0","0","0","0","0","12","500","0","0","0","0","0","0","0","0","0","0","0","0","0","0","0","0","0","0","0","0","0","0","0","0","0","0","0","0","0","0","0","0","0","0","0","0","0","0","0","0","0","0","0","0","0","0","0","0","0","0","0","0","0","0","0","0","0","0","0","0"
"yune","track-a-comparison","luna_pinyin","session_create_select_destroy","","9","1","0","0","22","5900","0","0","0","0","600","1600","1400","200","400","0","0","0","0","0","0","0","0","0","15","0","0","0","0","0","0","15","0","6","1200","0","0","0","0","0","0","0","0","6","0","6","300","0","0","0","0","6","0","0","0","0","0","0","0","0","0","0","0","0","0","0","12","400","0","0","0","0","0","0","0","0","0","0","0","0","0","0","0","0","0","0","0","0","0","0","0","0","0","0","0","0","0","0","0","0","0","0","0","0","0","0","0","0","0","0","0","0","0","0","0","0","0","0","0","0","0","0","0","0","0","0","0","0"
"yune","track-a-comparison","luna_pinyin","session_create_select_destroy","","10","1","0","0","22","7600","0","0","0","0","300","1800","2000","300","500","0","0","0","0","0","0","0","0","0","15","0","0","0","0","0","0","15","0","6","900","0","0","0","0","0","0","0","0","6","0","6","300","0","0","0","0","6","400","0","0","0","0","0","0","0","0","0","0","0","0","0","12","500","0","0","0","0","0","0","0","0","0","0","0","0","0","0","0","0","0","0","0","0","0","0","0","0","0","0","0","0","0","0","0","0","0","0","0","0","0","0","0","0","0","0","0","0","0","0","0","0","0","0","0","0","0","0","0","0","0","0","0","0"
"yune","track-a-comparison","luna_pinyin","session_create_select_destroy","","11","1","0","0","22","5900","0","0","0","0","700","1800","1500","300","400","0","0","0","0","0","0","0","0","0","15","0","0","0","0","0","0","15","0","6","900","0","0","0","0","0","0","0","0","6","0","6","100","0","0","0","0","6","200","0","0","0","0","0","0","0","0","0","0","0","0","0","12","900","0","0","0","0","0","0","0","0","0","0","0","0","0","0","0","0","0","0","0","0","0","0","0","0","0","0","0","0","0","0","0","0","0","0","0","0","0","0","0","0","0","0","0","0","0","0","0","0","0","0","0","0","0","0","0","0","0","0","0","0"
"yune","track-a-comparison","luna_pinyin","session_create_select_destroy","","12","1","0","0","22","6000","0","0","0","0","200","1700","1500","500","200","0","0","0","0","0","0","0","0","0","15","0","0","0","0","0","0","15","0","6","1000","0","0","0","0","0","0","0","0","6","0","6","300","0","0","0","0","6","200","0","0","0","0","0","0","0","0","0","0","0","0","0","12","600","0","0","0","0","0","0","0","0","0","0","0","0","0","0","0","0","0","0","0","0","0","0","0","0","0","0","0","0","0","0","0","0","0","0","0","0","0","0","0","0","0","0","0","0","0","0","0","0","0","0","0","0","0","0","0","0","0","0","0","0"
"yune","track-a-comparison","luna_pinyin","session_create_select_destroy","","13","1","0","0","22","6400","0","0","0","0","200","1400","1300","300","600","0","0","0","0","0","0","0","0","0","15","0","0","0","0","0","0","15","0","6","900","0","0","0","0","0","0","0","0","6","0","6","300","0","0","0","0","6","0","0","0","0","0","0","0","0","0","0","0","0","0","0","12","500","0","0","0","0","0","0","0","0","0","0","0","0","0","0","0","0","0","0","0","0","0","0","0","0","0","0","0","0","0","0","0","0","0","0","0","0","0","0","0","0","0","0","0","0","0","0","0","0","0","0","0","0","0","0","0","0","0","0","0","0"
"yune","track-a-comparison","luna_pinyin","session_create_select_destroy","","14","1","0","0","22","8100","0","0","0","0","300","1300","1900","200","200","0","0","0","0","0","0","0","0","0","15","0","0","0","0","0","0","15","0","6","1400","0","0","0","0","0","0","0","0","6","0","6","400","0","0","0","0","6","200","0","0","0","0","0","0","0","0","0","0","0","0","0","12","600","0","0","0","0","0","0","0","0","0","0","0","0","0","0","0","0","0","0","0","0","0","0","0","0","0","0","0","0","0","0","0","0","0","0","0","0","0","0","0","0","0","0","0","0","0","0","0","0","0","0","0","0","0","0","0","0","0","0","0","0"
"yune","track-a-comparison","luna_pinyin","session_create_select_destroy","","15","1","0","0","22","6600","0","0","0","0","100","1600","1500","300","400","0","0","0","0","0","0","0","0","0","15","0","0","0","0","0","0","15","0","6","900","0","0","0","0","0","0","0","0","6","0","6","400","0","0","0","0","6","100","0","0","0","0","0","0","0","0","0","0","0","0","0","12","400","0","0","0","0","0","0","0","0","0","0","0","0","0","0","0","0","0","0","0","0","0","0","0","0","0","0","0","0","0","0","0","0","0","0","0","0","0","0","0","0","0","0","0","0","0","0","0","0","0","0","0","0","0","0","0","0","0","0","0","0"
"yune","track-a-comparison","luna_pinyin","session_create_select_destroy","","16","1","0","0","22","6900","0","0","0","0","0","1600","1400","500","400","0","0","0","0","0","0","0","0","0","15","0","0","0","0","0","0","15","0","6","1000","0","0","0","0","0","0","0","0","6","0","6","200","0","0","0","0","6","200","0","0","0","0","0","0","0","0","0","0","0","0","0","12","400","0","0","0","0","0","0","0","0","0","0","0","0","0","0","0","0","0","0","0","0","0","0","0","0","0","0","0","0","0","0","0","0","0","0","0","0","0","0","0","0","0","0","0","0","0","0","0","0","0","0","0","0","0","0","0","0","0","0","0","0"
"yune","track-a-comparison","luna_pinyin","session_create_select_destroy","","17","1","0","0","22","21400","0","0","0","0","400","4200","2700","100","500","0","0","0","0","0","0","0","0","0","15","0","0","0","0","0","0","15","0","6","3400","0","0","0","0","0","0","0","0","6","0","6","1100","0","0","0","0","6","200","0","0","0","0","0","0","0","0","0","0","0","0","0","12","2000","0","0","0","0","0","0","0","0","0","0","0","0","0","0","0","0","0","0","0","0","0","0","0","0","0","0","0","0","0","0","0","0","0","0","0","0","0","0","0","0","0","0","0","0","0","0","0","0","0","0","0","0","0","0","0","0","0","0","0","0"
"yune","track-a-comparison","luna_pinyin","session_create_select_destroy","","18","1","0","0","22","7300","0","0","0","0","400","1700","1600","200","700","0","0","0","0","0","0","0","0","0","15","0","0","0","0","0","0","15","0","6","800","0","0","0","0","0","0","0","0","6","0","6","400","0","0","0","0","6","200","0","0","0","0","0","0","0","0","0","0","0","0","0","12","400","0","0","0","0","0","0","0","0","0","0","0","0","0","0","0","0","0","0","0","0","0","0","0","0","0","0","0","0","0","0","0","0","0","0","0","0","0","0","0","0","0","0","0","0","0","0","0","0","0","0","0","0","0","0","0","0","0","0","0","0"
"yune","track-a-comparison","luna_pinyin","session_create_select_destroy","","19","1","0","0","22","5800","0","0","0","0","600","1800","1300","300","400","0","0","0","0","0","0","0","0","0","15","0","0","0","0","0","0","15","0","6","700","0","0","0","0","0","0","0","0","6","0","6","400","0","0","0","0","6","100","0","0","0","0","0","0","0","0","0","0","0","0","0","12","500","0","0","0","0","0","0","0","0","0","0","0","0","0","0","0","0","0","0","0","0","0","0","0","0","0","0","0","0","0","0","0","0","0","0","0","0","0","0","0","0","0","0","0","0","0","0","0","0","0","0","0","0","0","0","0","0","0","0","0","0"
"yune","track-a-comparison","luna_pinyin","session_create_select_destroy","","20","1","0","0","22","17700","0","0","0","0","200","2600","2600","600","300","0","0","0","0","0","0","0","0","0","15","0","0","0","0","0","0","15","0","6","2200","0","0","0","0","0","0","0","0","6","0","6","1400","0","0","0","0","6","200","0","0","0","0","0","0","0","0","0","0","0","0","0","12","1900","0","0","0","0","0","0","0","0","0","0","0","0","0","0","0","0","0","0","0","0","0","0","0","0","0","0","0","0","0","0","0","0","0","0","0","0","0","0","0","0","0","0","0","0","0","0","0","0","0","0","0","0","0","0","0","0","0","0","0","0"
"yune","track-a-comparison","luna_pinyin","session_create_select_destroy","","21","1","0","0","22","13400","0","0","0","0","600","11400","2100","400","800","0","0","0","0","0","0","0","0","0","15","0","0","0","0","0","0","15","0","6","1700","0","0","0","0","0","0","0","0","6","0","6","1400","0","0","0","0","6","200","0","0","0","0","0","0","0","0","0","0","0","0","0","12","1400","0","0","0","0","0","0","0","0","0","0","0","0","0","0","0","0","0","0","0","0","0","0","0","0","0","0","0","0","0","0","0","0","0","0","0","0","0","0","0","0","0","0","0","0","0","0","0","0","0","0","0","0","0","0","0","0","0","0","0","0"
"yune","track-a-comparison","luna_pinyin","session_create_select_destroy","","22","1","0","0","22","7500","0","0","0","0","300","1700","1500","400","800","0","0","0","0","0","0","0","0","0","15","0","0","0","0","0","0","15","0","6","800","0","0","0","0","0","0","0","0","6","0","6","500","0","0","0","0","6","100","0","0","0","0","0","0","0","0","0","0","0","0","0","12","1000","0","0","0","0","0","0","0","0","0","0","0","0","0","0","0","0","0","0","0","0","0","0","0","0","0","0","0","0","0","0","0","0","0","0","0","0","0","0","0","0","0","0","0","0","0","0","0","0","0","0","0","0","0","0","0","0","0","0","0","0"
"yune","track-a-comparison","luna_pinyin","session_create_select_destroy","","23","1","0","0","22","6000","0","0","0","0","300","1500","1600","200","400","0","0","0","0","0","0","0","0","0","15","0","0","0","0","0","0","15","0","6","1000","0","0","0","0","0","0","0","0","6","0","6","300","0","0","0","0","6","100","0","0","0","0","0","0","0","0","0","0","0","0","0","12","700","0","0","0","0","0","0","0","0","0","0","0","0","0","0","0","0","0","0","0","0","0","0","0","0","0","0","0","0","0","0","0","0","0","0","0","0","0","0","0","0","0","0","0","0","0","0","0","0","0","0","0","0","0","0","0","0","0","0","0","0"
"yune","track-a-comparison","luna_pinyin","session_create_select_destroy","","24","1","0","0","22","5500","0","0","0","0","400","1500","1300","300","500","0","0","0","0","0","0","0","0","0","15","0","0","0","0","0","0","15","0","6","500","0","0","0","0","0","0","0","0","6","0","6","200","0","0","0","0","6","0","0","0","0","0","0","0","0","0","0","0","0","0","0","12","600","0","0","0","0","0","0","0","0","0","0","0","0","0","0","0","0","0","0","0","0","0","0","0","0","0","0","0","0","0","0","0","0","0","0","0","0","0","0","0","0","0","0","0","0","0","0","0","0","0","0","0","0","0","0","0","0","0","0","0","0"
"yune","track-a-comparison","luna_pinyin","session_create_select_destroy","","25","1","0","0","22","6800","0","0","0","0","300","1600","1200","300","400","0","0","0","0","0","0","0","0","0","15","0","0","0","0","0","0","15","0","6","800","0","0","0","0","0","0","0","0","6","0","6","300","0","0","0","0","6","100","0","0","0","0","0","0","0","0","0","0","0","0","0","12","700","0","0","0","0","0","0","0","0","0","0","0","0","0","0","0","0","0","0","0","0","0","0","0","0","0","0","0","0","0","0","0","0","0","0","0","0","0","0","0","0","0","0","0","0","0","0","0","0","0","0","0","0","0","0","0","0","0","0","0","0"
"yune","track-a-comparison","luna_pinyin","session_create_select_destroy","","26","1","0","0","22","5900","0","0","0","0","100","1400","1200","500","400","0","0","0","0","0","0","0","0","0","15","0","0","0","0","0","0","15","0","6","800","0","0","0","0","0","0","0","0","6","0","6","300","0","0","0","0","6","100","0","0","0","0","0","0","0","0","0","0","0","0","0","12","700","0","0","0","0","0","0","0","0","0","0","0","0","0","0","0","0","0","0","0","0","0","0","0","0","0","0","0","0","0","0","0","0","0","0","0","0","0","0","0","0","0","0","0","0","0","0","0","0","0","0","0","0","0","0","0","0","0","0","0","0"
"yune","track-a-comparison","luna_pinyin","session_create_select_destroy","","27","1","0","0","22","6000","0","0","0","0","200","1600","1500","200","700","0","0","0","0","0","0","0","0","0","15","0","0","0","0","0","0","15","0","6","700","0","0","0","0","0","0","0","0","6","0","6","300","0","0","0","0","6","200","0","0","0","0","0","0","0","0","0","0","0","0","0","12","400","0","0","0","0","0","0","0","0","0","0","0","0","0","0","0","0","0","0","0","0","0","0","0","0","0","0","0","0","0","0","0","0","0","0","0","0","0","0","0","0","0","0","0","0","0","0","0","0","0","0","0","0","0","0","0","0","0","0","0","0"
"yune","track-a-comparison","luna_pinyin","session_create_select_destroy","","28","1","0","0","22","6800","0","0","0","0","200","1600","1800","100","300","0","0","0","0","0","0","0","0","0","15","0","0","0","0","0","0","15","0","6","1000","0","0","0","0","0","0","0","0","6","0","6","200","0","0","0","0","6","100","0","0","0","0","0","0","0","0","0","0","0","0","0","12","900","0","0","0","0","0","0","0","0","0","0","0","0","0","0","0","0","0","0","0","0","0","0","0","0","0","0","0","0","0","0","0","0","0","0","0","0","0","0","0","0","0","0","0","0","0","0","0","0","0","0","0","0","0","0","0","0","0","0","0","0"
"yune","track-a-comparison","luna_pinyin","session_create_select_destroy","","29","1","0","0","22","12100","0","0","0","0","400","2900","2200","600","500","0","0","0","0","0","0","0","0","0","15","0","0","0","0","0","0","15","0","6","1700","0","0","0","0","0","0","0","0","6","0","6","900","0","0","0","0","6","0","0","0","0","0","0","0","0","0","0","0","0","0","0","12","1200","0","0","0","0","0","0","0","0","0","0","0","0","0","0","0","0","0","0","0","0","0","0","0","0","0","0","0","0","0","0","0","0","0","0","0","0","0","0","0","0","0","0","0","0","0","0","0","0","0","0","0","0","0","0","0","0","0","0","0","0"
"yune","track-a-comparison","luna_pinyin","session_create_select_destroy","","30","1","0","0","22","13300","0","0","0","0","300","4600","2900","600","300","0","0","0","0","0","0","0","0","0","15","0","0","0","0","0","0","15","0","6","2400","0","0","0","0","0","0","0","0","6","0","6","800","0","0","0","0","6","200","0","0","0","0","0","0","0","0","0","0","0","0","0","12","1200","0","0","0","0","0","0","0","0","0","0","0","0","0","0","0","0","0","0","0","0","0","0","0","0","0","0","0","0","0","0","0","0","0","0","0","0","0","0","0","0","0","0","0","0","0","0","0","0","0","0","0","0","0","0","0","0","0","0","0","0"
"yune","track-a-comparison","luna_pinyin","session_create_select_destroy","","31","1","0","0","22","14800","0","0","0","0","500","3200","2800","400","700","0","0","0","0","0","0","0","0","0","15","0","0","0","0","0","0","15","0","6","2100","0","0","0","0","0","0","0","0","6","0","6","700","0","0","0","0","6","300","0","0","0","0","0","0","0","0","0","0","0","0","0","12","1700","0","0","0","0","0","0","0","0","0","0","0","0","0","0","0","0","0","0","0","0","0","0","0","0","0","0","0","0","0","0","0","0","0","0","0","0","0","0","0","0","0","0","0","0","0","0","0","0","0","0","0","0","0","0","0","0","0","0","0","0"
"yune","track-a-comparison","luna_pinyin","session_create_select_destroy","","32","1","0","0","22","13700","0","0","0","0","900","4200","2400","300","500","0","0","0","0","0","0","0","0","0","15","0","0","0","0","0","0","15","0","6","1900","0","0","0","0","0","0","0","0","6","0","6","800","0","0","0","0","6","400","0","0","0","0","0","0","0","0","0","0","0","0","0","12","1000","0","0","0","0","0","0","0","0","0","0","0","0","0","0","0","0","0","0","0","0","0","0","0","0","0","0","0","0","0","0","0","0","0","0","0","0","0","0","0","0","0","0","0","0","0","0","0","0","0","0","0","0","0","0","0","0","0","0","0","0"
"yune","track-a-comparison","luna_pinyin","session_create_select_destroy","","33","1","0","0","22","14800","0","0","0","0","600","4700","2000","400","500","0","0","0","0","0","0","0","0","0","15","0","0","0","0","0","0","15","0","6","1900","0","0","0","0","0","0","0","0","6","0","6","700","0","0","0","0","6","300","0","0","0","0","0","0","0","0","0","0","0","0","0","12","1600","0","0","0","0","0","0","0","0","0","0","0","0","0","0","0","0","0","0","0","0","0","0","0","0","0","0","0","0","0","0","0","0","0","0","0","0","0","0","0","0","0","0","0","0","0","0","0","0","0","0","0","0","0","0","0","0","0","0","0","0"
"yune","track-a-comparison","luna_pinyin","session_create_select_destroy","","34","1","0","0","22","16000","0","0","0","0","300","3600","2700","200","900","0","0","0","0","0","0","0","0","0","15","0","0","0","0","0","0","15","0","6","1900","0","0","0","0","0","0","0","0","6","0","6","1000","0","0","0","0","6","200","0","0","0","0","0","0","0","0","0","0","0","0","0","12","1900","0","0","0","0","0","0","0","0","0","0","0","0","0","0","0","0","0","0","0","0","0","0","0","0","0","0","0","0","0","0","0","0","0","0","0","0","0","0","0","0","0","0","0","0","0","0","0","0","0","0","0","0","0","0","0","0","0","0","0","0"
"yune","track-a-comparison","luna_pinyin","session_create_select_destroy","","35","1","0","0","22","14100","0","0","0","0","200","2900","2600","200","500","0","0","0","0","0","0","0","0","0","15","0","0","0","0","0","0","15","0","6","1800","0","0","0","0","0","0","0","0","6","0","6","1100","0","0","0","0","6","100","0","0","0","0","0","0","0","0","0","0","0","0","0","12","1300","0","0","0","0","0","0","0","0","0","0","0","0","0","0","0","0","0","0","0","0","0","0","0","0","0","0","0","0","0","0","0","0","0","0","0","0","0","0","0","0","0","0","0","0","0","0","0","0","0","0","0","0","0","0","0","0","0","0","0","0"
"yune","track-a-comparison","luna_pinyin","session_create_select_destroy","","36","1","0","0","22","13700","0","0","0","0","400","2800","2100","600","400","0","0","0","0","0","0","0","0","0","15","0","0","0","0","0","0","15","0","6","1800","0","0","0","0","0","0","0","0","6","0","6","800","0","0","0","0","6","200","0","0","0","0","0","0","0","0","0","0","0","0","0","12","1200","0","0","0","0","0","0","0","0","0","0","0","0","0","0","0","0","0","0","0","0","0","0","0","0","0","0","0","0","0","0","0","0","0","0","0","0","0","0","0","0","0","0","0","0","0","0","0","0","0","0","0","0","0","0","0","0","0","0","0","0"
"yune","track-a-comparison","luna_pinyin","session_create_select_destroy","","37","1","0","0","22","13300","0","0","0","0","200","1700","2400","400","300","0","0","0","0","0","0","0","0","0","15","0","0","0","0","0","0","15","0","6","2200","0","0","0","0","0","0","0","0","6","0","6","900","0","0","0","0","6","300","0","0","0","0","0","0","0","0","0","0","0","0","0","12","1100","0","0","0","0","0","0","0","0","0","0","0","0","0","0","0","0","0","0","0","0","0","0","0","0","0","0","0","0","0","0","0","0","0","0","0","0","0","0","0","0","0","0","0","0","0","0","0","0","0","0","0","0","0","0","0","0","0","0","0","0"
"yune","track-a-comparison","luna_pinyin","session_create_select_destroy","","38","1","0","0","22","12400","0","0","0","0","300","2900","2000","700","500","0","0","0","0","0","0","0","0","0","15","0","0","0","0","0","0","15","0","6","1600","0","0","0","0","0","0","0","0","6","0","6","1000","0","0","0","0","6","100","0","0","0","0","0","0","0","0","0","0","0","0","0","12","1200","0","0","0","0","0","0","0","0","0","0","0","0","0","0","0","0","0","0","0","0","0","0","0","0","0","0","0","0","0","0","0","0","0","0","0","0","0","0","0","0","0","0","0","0","0","0","0","0","0","0","0","0","0","0","0","0","0","0","0","0"
"yune","track-a-comparison","luna_pinyin","session_create_select_destroy","","39","1","0","0","22","12900","0","0","0","0","300","1600","2300","600","200","0","0","0","0","0","0","0","0","0","15","0","0","0","0","0","0","15","0","6","1500","0","0","0","0","0","0","0","0","6","0","6","900","0","0","0","0","6","0","0","0","0","0","0","0","0","0","0","0","0","0","0","12","1300","0","0","0","0","0","0","0","0","0","0","0","0","0","0","0","0","0","0","0","0","0","0","0","0","0","0","0","0","0","0","0","0","0","0","0","0","0","0","0","0","0","0","0","0","0","0","0","0","0","0","0","0","0","0","0","0","0","0","0","0"
"yune","track-a-comparison","luna_pinyin","session_create_select_destroy","","40","1","0","0","22","12500","0","0","0","0","300","2300","1700","400","300","0","0","0","0","0","0","0","0","0","15","0","0","0","0","0","0","15","0","6","1400","0","0","0","0","0","0","0","0","6","0","6","1000","0","0","0","0","6","200","0","0","0","0","0","0","0","0","0","0","0","0","0","12","1100","0","0","0","0","0","0","0","0","0","0","0","0","0","0","0","0","0","0","0","0","0","0","0","0","0","0","0","0","0","0","0","0","0","0","0","0","0","0","0","0","0","0","0","0","0","0","0","0","0","0","0","0","0","0","0","0","0","0","0","0"
"yune","track-a-comparison","luna_pinyin","session_create_select_destroy","","41","1","0","0","22","10800","0","0","0","0","500","1700","2200","300","300","0","0","0","0","0","0","0","0","0","15","0","0","0","0","0","0","15","0","6","1400","0","0","0","0","0","0","0","0","6","0","6","400","0","0","0","0","6","100","0","0","0","0","0","0","0","0","0","0","0","0","0","12","1300","0","0","0","0","0","0","0","0","0","0","0","0","0","0","0","0","0","0","0","0","0","0","0","0","0","0","0","0","0","0","0","0","0","0","0","0","0","0","0","0","0","0","0","0","0","0","0","0","0","0","0","0","0","0","0","0","0","0","0","0"
"yune","track-a-comparison","luna_pinyin","session_create_select_destroy","","42","1","0","0","22","9100","0","0","0","0","700","1400","1600","500","500","0","0","0","0","0","0","0","0","0","15","0","0","0","0","0","0","15","0","6","1600","0","0","0","0","0","0","0","0","6","0","6","500","0","0","0","0","6","300","0","0","0","0","0","0","0","0","0","0","0","0","0","12","600","0","0","0","0","0","0","0","0","0","0","0","0","0","0","0","0","0","0","0","0","0","0","0","0","0","0","0","0","0","0","0","0","0","0","0","0","0","0","0","0","0","0","0","0","0","0","0","0","0","0","0","0","0","0","0","0","0","0","0","0"
"yune","track-a-comparison","luna_pinyin","session_create_select_destroy","","43","1","0","0","22","7000","0","0","0","0","300","1600","1300","500","300","0","0","0","0","0","0","0","0","0","15","0","0","0","0","0","0","15","0","6","1000","0","0","0","0","0","0","0","0","6","0","6","700","0","0","0","0","6","100","0","0","0","0","0","0","0","0","0","0","0","0","0","12","400","0","0","0","0","0","0","0","0","0","0","0","0","0","0","0","0","0","0","0","0","0","0","0","0","0","0","0","0","0","0","0","0","0","0","0","0","0","0","0","0","0","0","0","0","0","0","0","0","0","0","0","0","0","0","0","0","0","0","0","0"
"yune","track-a-comparison","luna_pinyin","session_create_select_destroy","","44","1","0","0","22","6500","0","0","0","0","400","1400","1300","300","300","0","0","0","0","0","0","0","0","0","15","0","0","0","0","0","0","15","0","6","800","0","0","0","0","0","0","0","0","6","0","6","300","0","0","0","0","6","300","0","0","0","0","0","0","0","0","0","0","0","0","0","12","500","0","0","0","0","0","0","0","0","0","0","0","0","0","0","0","0","0","0","0","0","0","0","0","0","0","0","0","0","0","0","0","0","0","0","0","0","0","0","0","0","0","0","0","0","0","0","0","0","0","0","0","0","0","0","0","0","0","0","0","0"
"yune","track-a-comparison","luna_pinyin","session_create_select_destroy","","45","1","0","0","22","8200","0","0","0","0","300","1600","1100","600","300","0","0","0","0","0","0","0","0","0","15","0","0","0","0","0","0","15","0","6","1000","0","0","0","0","0","0","0","0","6","0","6","400","0","0","0","0","6","300","0","0","0","0","0","0","0","0","0","0","0","0","0","12","500","0","0","0","0","0","0","0","0","0","0","0","0","0","0","0","0","0","0","0","0","0","0","0","0","0","0","0","0","0","0","0","0","0","0","0","0","0","0","0","0","0","0","0","0","0","0","0","0","0","0","0","0","0","0","0","0","0","0","0","0"
"yune","track-a-comparison","luna_pinyin","session_create_select_destroy","","46","1","0","0","22","6700","0","0","0","0","100","1300","1600","0","400","0","0","0","0","0","0","0","0","0","15","0","0","0","0","0","0","15","0","6","1000","0","0","0","0","0","0","0","0","6","0","6","300","0","0","0","0","6","100","0","0","0","0","0","0","0","0","0","0","0","0","0","12","700","0","0","0","0","0","0","0","0","0","0","0","0","0","0","0","0","0","0","0","0","0","0","0","0","0","0","0","0","0","0","0","0","0","0","0","0","0","0","0","0","0","0","0","0","0","0","0","0","0","0","0","0","0","0","0","0","0","0","0","0"
"yune","track-a-comparison","luna_pinyin","session_create_select_destroy","","47","1","0","0","22","6600","0","0","0","0","300","1600","1400","0","600","0","0","0","0","0","0","0","0","0","15","0","0","0","0","0","0","15","0","6","1300","0","0","0","0","0","0","0","0","6","0","6","200","0","0","0","0","6","200","0","0","0","0","0","0","0","0","0","0","0","0","0","12","600","0","0","0","0","0","0","0","0","0","0","0","0","0","0","0","0","0","0","0","0","0","0","0","0","0","0","0","0","0","0","0","0","0","0","0","0","0","0","0","0","0","0","0","0","0","0","0","0","0","0","0","0","0","0","0","0","0","0","0","0"
"yune","track-a-comparison","luna_pinyin","session_create_select_destroy","","48","1","0","0","22","7500","0","0","0","0","300","1600","1500","300","400","0","0","0","0","0","0","0","0","0","15","0","0","0","0","0","0","15","0","6","1000","0","0","0","0","0","0","0","0","6","0","6","200","0","0","0","0","6","100","0","0","0","0","0","0","0","0","0","0","0","0","0","12","800","0","0","0","0","0","0","0","0","0","0","0","0","0","0","0","0","0","0","0","0","0","0","0","0","0","0","0","0","0","0","0","0","0","0","0","0","0","0","0","0","0","0","0","0","0","0","0","0","0","0","0","0","0","0","0","0","0","0","0","0"
"yune","track-a-comparison","luna_pinyin","session_create_select_destroy","","49","1","0","0","22","7700","0","0","0","0","100","1500","2100","300","700","0","0","0","0","0","0","0","0","0","15","0","0","0","0","0","0","15","0","6","900","0","0","0","0","0","0","0","0","6","0","6","400","0","0","0","0","6","300","0","0","0","0","0","0","0","0","0","0","0","0","0","12","700","0","0","0","0","0","0","0","0","0","0","0","0","0","0","0","0","0","0","0","0","0","0","0","0","0","0","0","0","0","0","0","0","0","0","0","0","0","0","0","0","0","0","0","0","0","0","0","0","0","0","0","0","0","0","0","0","0","0","0","0"
"yune","track-a-comparison","luna_pinyin","session_create_select_destroy","","50","1","0","0","22","5900","0","0","0","0","300","1400","1400","300","600","0","0","0","0","0","0","0","0","0","15","0","0","0","0","0","0","15","0","6","800","0","0","0","0","0","0","0","0","6","0","6","500","0","0","0","0","6","200","0","0","0","0","0","0","0","0","0","0","0","0","0","12","300","0","0","0","0","0","0","0","0","0","0","0","0","0","0","0","0","0","0","0","0","0","0","0","0","0","0","0","0","0","0","0","0","0","0","0","0","0","0","0","0","0","0","0","0","0","0","0","0","0","0","0","0","0","0","0","0","0","0","0","0"
"yune","track-a-comparison","luna_pinyin","session_create_select_destroy","","51","1","0","0","22","6900","0","0","0","0","100","1700","1700","400","300","0","0","0","0","0","0","0","0","0","15","0","0","0","0","0","0","15","0","6","1000","0","0","0","0","0","0","0","0","6","0","6","200","0","0","0","0","6","100","0","0","0","0","0","0","0","0","0","0","0","0","0","12","800","0","0","0","0","0","0","0","0","0","0","0","0","0","0","0","0","0","0","0","0","0","0","0","0","0","0","0","0","0","0","0","0","0","0","0","0","0","0","0","0","0","0","0","0","0","0","0","0","0","0","0","0","0","0","0","0","0","0","0","0"
"yune","track-a-comparison","luna_pinyin","session_create_select_destroy","","52","1","0","0","22","8200","0","0","0","0","400","1600","1200","600","0","0","0","0","0","0","0","0","0","0","15","0","0","0","0","0","0","15","0","6","1300","0","0","0","0","0","0","0","0","6","0","6","200","0","0","0","0","6","100","0","0","0","0","0","0","0","0","0","0","0","0","0","12","1100","0","0","0","0","0","0","0","0","0","0","0","0","0","0","0","0","0","0","0","0","0","0","0","0","0","0","0","0","0","0","0","0","0","0","0","0","0","0","0","0","0","0","0","0","0","0","0","0","0","0","0","0","0","0","0","0","0","0","0","0"
"yune","track-a-comparison","luna_pinyin","session_create_select_destroy","","53","1","0","0","22","7100","0","0","0","0","400","1800","1400","200","200","0","0","0","0","0","0","0","0","0","15","0","0","0","0","0","0","15","0","6","900","0","0","0","0","0","0","0","0","6","0","6","200","0","0","0","0","6","100","0","0","0","0","0","0","0","0","0","0","0","0","0","12","800","0","0","0","0","0","0","0","0","0","0","0","0","0","0","0","0","0","0","0","0","0","0","0","0","0","0","0","0","0","0","0","0","0","0","0","0","0","0","0","0","0","0","0","0","0","0","0","0","0","0","0","0","0","0","0","0","0","0","0","0"
"yune","track-a-comparison","luna_pinyin","session_create_select_destroy","","54","1","0","0","22","8200","0","0","0","0","300","2000","1900","200","500","0","0","0","0","0","0","0","0","0","15","0","0","0","0","0","0","15","0","6","1100","0","0","0","0","0","0","0","0","6","0","6","400","0","0","0","0","6","200","0","0","0","0","0","0","0","0","0","0","0","0","0","12","800","0","0","0","0","0","0","0","0","0","0","0","0","0","0","0","0","0","0","0","0","0","0","0","0","0","0","0","0","0","0","0","0","0","0","0","0","0","0","0","0","0","0","0","0","0","0","0","0","0","0","0","0","0","0","0","0","0","0","0","0"
"yune","track-a-comparison","luna_pinyin","session_create_select_destroy","","55","1","0","0","22","7300","0","0","0","0","300","1700","1300","500","300","0","0","0","0","0","0","0","0","0","15","0","0","0","0","0","0","15","0","6","1000","0","0","0","0","0","0","0","0","6","0","6","100","0","0","0","0","6","100","0","0","0","0","0","0","0","0","0","0","0","0","0","12","500","0","0","0","0","0","0","0","0","0","0","0","0","0","0","0","0","0","0","0","0","0","0","0","0","0","0","0","0","0","0","0","0","0","0","0","0","0","0","0","0","0","0","0","0","0","0","0","0","0","0","0","0","0","0","0","0","0","0","0","0"
"yune","track-a-comparison","luna_pinyin","session_create_select_destroy","","56","1","0","0","22","6700","0","0","0","0","400","1500","1400","400","500","0","0","0","0","0","0","0","0","0","15","0","0","0","0","0","0","15","0","6","800","0","0","0","0","0","0","0","0","6","0","6","300","0","0","0","0","6","100","0","0","0","0","0","0","0","0","0","0","0","0","0","12","800","0","0","0","0","0","0","0","0","0","0","0","0","0","0","0","0","0","0","0","0","0","0","0","0","0","0","0","0","0","0","0","0","0","0","0","0","0","0","0","0","0","0","0","0","0","0","0","0","0","0","0","0","0","0","0","0","0","0","0","0"
"yune","track-a-comparison","luna_pinyin","session_create_select_destroy","","57","1","0","0","22","6100","0","0","0","0","500","1500","1300","200","400","0","0","0","0","0","0","0","0","0","15","0","0","0","0","0","0","15","0","6","800","0","0","0","0","0","0","0","0","6","0","6","300","0","0","0","0","6","100","0","0","0","0","0","0","0","0","0","0","0","0","0","12","900","0","0","0","0","0","0","0","0","0","0","0","0","0","0","0","0","0","0","0","0","0","0","0","0","0","0","0","0","0","0","0","0","0","0","0","0","0","0","0","0","0","0","0","0","0","0","0","0","0","0","0","0","0","0","0","0","0","0","0","0"
"yune","track-a-comparison","luna_pinyin","session_create_select_destroy","","58","1","0","0","22","7000","0","0","0","0","300","1700","1700","200","500","0","0","0","0","0","0","0","0","0","15","0","0","0","0","0","0","15","0","6","900","0","0","0","0","0","0","0","0","6","0","6","400","0","0","0","0","6","100","0","0","0","0","0","0","0","0","0","0","0","0","0","12","500","0","0","0","0","0","0","0","0","0","0","0","0","0","0","0","0","0","0","0","0","0","0","0","0","0","0","0","0","0","0","0","0","0","0","0","0","0","0","0","0","0","0","0","0","0","0","0","0","0","0","0","0","0","0","0","0","0","0","0","0"
"yune","track-a-comparison","luna_pinyin","session_create_select_destroy","","59","1","0","0","22","7700","0","0","0","0","500","2100","1200","100","600","0","0","0","0","0","0","0","0","0","15","0","0","0","0","0","0","15","0","6","1200","0","0","0","0","0","0","0","0","6","0","6","400","0","0","0","0","6","200","0","0","0","0","0","0","0","0","0","0","0","0","0","12","900","0","0","0","0","0","0","0","0","0","0","0","0","0","0","0","0","0","0","0","0","0","0","0","0","0","0","0","0","0","0","0","0","0","0","0","0","0","0","0","0","0","0","0","0","0","0","0","0","0","0","0","0","0","0","0","0","0","0","0","0"
"yune","track-a-comparison","luna_pinyin","key_sequence_process_with_context","n","0","1","1","56000","3","53600","7","7","200","7","0","200","500","0","0","7","0","5","1","1800","5","1","100","1","0","5","2","1","7","7","7","0","0","1","300","0","1","24200","7","0","0","0","0","1","1","1","300","26","12","41","400","0","0","0","0","0","0","0","0","0","0","0","0","0","0","0","0","0","0","0","0","0","0","0","0","0","0","0","0","0","0","0","0","0","0","0","0","0","0","0","0","0","0","0","0","0","0","0","0","0","0","0","0","0","0","0","0","0","0","0","0","0","0","7","7","7","24900","100","1000","1600","0","0","0","0","0","0","0","0"
"yune","track-a-comparison","luna_pinyin","key_sequence_process_with_context","n","1","1","1","58100","3","55800","7","7","300","7","0","100","600","0","0","7","0","5","1","1500","5","1","200","1","0","5","2","1","7","7","7","0","0","1","200","0","1","24600","7","0","0","0","0","1","1","1","400","26","12","41","300","0","0","0","0","0","0","0","0","0","0","0","0","0","0","0","0","0","0","0","0","0","0","0","0","0","0","0","0","0","0","0","0","0","0","0","0","0","0","0","0","0","0","0","0","0","0","0","0","0","0","0","0","0","0","0","0","0","0","0","0","0","0","7","7","7","25200","100","1000","1700","0","0","0","0","0","0","0","0"
"yune","track-a-comparison","luna_pinyin","key_sequence_process_with_context","n","2","1","1","57100","3","54900","7","7","100","7","100","200","500","100","0","7","0","5","1","1500","5","1","100","1","0","5","2","1","7","7","7","0","0","1","300","0","1","22800","7","0","0","0","0","1","1","1","400","26","12","41","500","0","0","0","0","0","0","0","0","0","0","0","0","0","0","0","0","0","0","0","0","0","0","0","0","0","0","0","0","0","0","0","0","0","0","0","0","0","0","0","0","0","0","0","0","0","0","0","0","0","0","0","0","0","0","0","0","0","0","0","0","0","0","7","7","7","23300","100","900","1600","0","0","0","0","0","0","0","0"
"yune","track-a-comparison","luna_pinyin","key_sequence_process_with_context","n","3","1","1","54600","3","52400","7","7","200","7","100","100","400","0","0","7","0","5","1","1500","5","1","100","1","0","5","2","1","7","7","7","0","0","1","200","0","1","22900","7","0","0","0","0","1","1","1","300","26","12","41","300","0","0","0","0","0","0","0","0","0","0","0","0","0","0","0","0","0","0","0","0","0","0","0","0","0","0","0","0","0","0","0","0","0","0","0","0","0","0","0","0","0","0","0","0","0","0","0","0","0","0","0","0","0","0","0","0","0","0","0","0","0","0","7","7","7","23400","100","900","1500","0","0","0","0","0","0","0","0"
"yune","track-a-comparison","luna_pinyin","key_sequence_process_with_context","n","4","1","1","53600","3","51600","7","7","200","7","100","100","500","0","100","7","0","5","1","1400","5","1","100","1","0","5","2","1","7","7","7","0","0","1","300","0","1","22600","7","0","0","0","0","1","1","1","200","26","12","41","400","0","0","0","0","0","0","0","0","0","0","0","0","0","0","0","0","0","0","0","0","0","0","0","0","0","0","0","0","0","0","0","0","0","0","0","0","0","0","0","0","0","0","0","0","0","0","0","0","0","0","0","0","0","0","0","0","0","0","0","0","0","0","7","7","7","23100","100","1000","1600","0","0","0","0","0","0","0","0"
"yune","track-a-comparison","luna_pinyin","key_sequence_process_with_context","n","5","1","1","53000","3","51000","7","7","100","7","0","200","500","0","100","7","0","5","1","1400","5","1","200","1","0","5","2","1","7","7","7","0","0","1","200","0","1","22400","7","0","0","0","0","1","1","1","200","26","12","41","600","0","0","0","0","0","0","0","0","0","0","0","0","0","0","0","0","0","0","0","0","0","0","0","0","0","0","0","0","0","0","0","0","0","0","0","0","0","0","0","0","0","0","0","0","0","0","0","0","0","0","0","0","0","0","0","0","0","0","0","0","0","0","7","7","7","23000","0","900","1500","0","0","0","0","0","0","0","0"
"yune","track-a-comparison","luna_pinyin","key_sequence_process_with_context","n","6","1","1","53100","3","51100","7","7","100","7","0","100","400","0","0","7","0","5","1","1400","5","1","100","1","0","5","2","1","7","7","7","0","0","1","200","0","1","22500","7","0","0","0","0","1","1","1","300","26","12","41","400","0","0","0","0","0","0","0","0","0","0","0","0","0","0","0","0","0","0","0","0","0","0","0","0","0","0","0","0","0","0","0","0","0","0","0","0","0","0","0","0","0","0","0","0","0","0","0","0","0","0","0","0","0","0","0","0","0","0","0","0","0","0","7","7","7","23000","100","900","1500","0","0","0","0","0","0","0","0"
"yune","track-a-comparison","luna_pinyin","key_sequence_process_with_context","n","7","1","1","53300","3","51400","7","7","300","7","0","100","500","0","0","7","0","5","1","1400","5","1","100","1","0","5","2","1","7","7","7","0","0","1","200","0","1","22600","7","0","0","0","0","1","1","1","200","26","12","41","300","0","0","0","0","0","0","0","0","0","0","0","0","0","0","0","0","0","0","0","0","0","0","0","0","0","0","0","0","0","0","0","0","0","0","0","0","0","0","0","0","0","0","0","0","0","0","0","0","0","0","0","0","0","0","0","0","0","0","0","0","0","0","7","7","7","23200","0","900","1500","0","0","0","0","0","0","0","0"
"yune","track-a-comparison","luna_pinyin","key_sequence_process_with_context","n","8","1","1","52900","3","50800","7","7","200","7","0","200","500","0","100","7","0","5","1","1400","5","1","100","1","0","5","2","1","7","7","7","0","0","1","200","0","1","22400","7","0","0","0","0","1","1","1","200","26","12","41","400","0","0","0","0","0","0","0","0","0","0","0","0","0","0","0","0","0","0","0","0","0","0","0","0","0","0","0","0","0","0","0","0","0","0","0","0","0","0","0","0","0","0","0","0","0","0","0","0","0","0","0","0","0","0","0","0","0","0","0","0","0","0","7","7","7","22900","0","900","1500","0","0","0","0","0","0","0","0"
"yune","track-a-comparison","luna_pinyin","key_sequence_process_with_context","n","9","1","1","52900","3","50900","7","7","200","7","0","200","500","0","0","7","0","5","1","1400","5","1","100","1","0","5","2","1","7","7","7","0","0","1","200","0","1","22300","7","0","0","0","0","1","1","1","300","26","12","41","300","0","0","0","0","0","0","0","0","0","0","0","0","0","0","0","0","0","0","0","0","0","0","0","0","0","0","0","0","0","0","0","0","0","0","0","0","0","0","0","0","0","0","0","0","0","0","0","0","0","0","0","0","0","0","0","0","0","0","0","0","0","0","7","7","7","22800","100","900","1500","0","0","0","0","0","0","0","0"
"yune","track-a-comparison","luna_pinyin","key_sequence_process_with_context","n","10","1","1","53000","3","51100","7","7","200","7","0","100","500","0","0","7","0","5","1","1500","5","1","100","1","0","5","2","1","7","7","7","0","0","1","300","0","1","22600","7","0","0","0","0","1","1","1","300","26","12","41","600","0","0","0","0","0","0","0","0","0","0","0","0","0","0","0","0","0","0","0","0","0","0","0","0","0","0","0","0","0","0","0","0","0","0","0","0","0","0","0","0","0","0","0","0","0","0","0","0","0","0","0","0","0","0","0","0","0","0","0","0","0","0","7","7","7","23100","100","1000","1500","0","0","0","0","0","0","0","0"
"yune","track-a-comparison","luna_pinyin","key_sequence_process_with_context","n","11","1","1","52400","3","50400","7","7","200","7","0","100","500","0","0","7","0","5","1","1400","5","1","200","1","0","5","2","1","7","7","7","0","0","1","200","0","1","22200","7","0","0","0","0","1","1","1","200","26","12","41","600","0","0","0","0","0","0","0","0","0","0","0","0","0","0","0","0","0","0","0","0","0","0","0","0","0","0","0","0","0","0","0","0","0","0","0","0","0","0","0","0","0","0","0","0","0","0","0","0","0","0","0","0","0","0","0","0","0","0","0","0","0","0","7","7","7","22700","0","900","1500","0","0","0","0","0","0","0","0"
"yune","track-a-comparison","luna_pinyin","key_sequence_process_with_context","n","12","1","1","57300","3","55100","7","7","200","7","0","100","600","0","0","7","0","5","1","1500","5","1","100","1","0","5","2","1","7","7","7","0","0","1","200","0","1","22400","7","0","0","0","0","1","1","1","200","26","12","41","400","0","0","0","0","0","0","0","0","0","0","0","0","0","0","0","0","0","0","0","0","0","0","0","0","0","0","0","0","0","0","0","0","0","0","0","0","0","0","0","0","0","0","0","0","0","0","0","0","0","0","0","0","0","0","0","0","0","0","0","0","0","0","7","7","7","22900","0","900","1500","0","0","0","0","0","0","0","0"
"yune","track-a-comparison","luna_pinyin","key_sequence_process_with_context","n","13","1","1","53200","3","51300","7","7","200","7","100","200","400","0","0","7","0","5","1","1400","5","1","100","1","0","5","2","1","7","7","7","0","0","1","200","0","1","22800","7","0","0","0","0","1","1","1","300","26","12","41","300","0","0","0","0","0","0","0","0","0","0","0","0","0","0","0","0","0","0","0","0","0","0","0","0","0","0","0","0","0","0","0","0","0","0","0","0","0","0","0","0","0","0","0","0","0","0","0","0","0","0","0","0","0","0","0","0","0","0","0","0","0","0","7","7","7","23300","0","1000","1500","0","0","0","0","0","0","0","0"
"yune","track-a-comparison","luna_pinyin","key_sequence_process_with_context","n","14","1","1","52700","3","50700","7","7","100","7","0","200","500","100","0","7","0","5","1","1400","5","1","100","1","0","5","2","1","7","7","7","0","0","1","200","0","1","22200","7","0","0","0","0","1","1","1","300","26","12","41","400","0","0","0","0","0","0","0","0","0","0","0","0","0","0","0","0","0","0","0","0","0","0","0","0","0","0","0","0","0","0","0","0","0","0","0","0","0","0","0","0","0","0","0","0","0","0","0","0","0","0","0","0","0","0","0","0","0","0","0","0","0","0","7","7","7","22700","0","900","1500","0","0","0","0","0","0","0","0"
"yune","track-a-comparison","luna_pinyin","key_sequence_process_with_context","n","15","1","1","53000","3","51000","7","7","200","7","0","200","500","100","0","7","0","5","1","1400","5","1","100","1","0","5","2","1","7","7","7","0","0","1","200","0","1","22400","7","0","0","0","0","1","1","1","200","26","12","41","400","0","0","0","0","0","0","0","0","0","0","0","0","0","0","0","0","0","0","0","0","0","0","0","0","0","0","0","0","0","0","0","0","0","0","0","0","0","0","0","0","0","0","0","0","0","0","0","0","0","0","0","0","0","0","0","0","0","0","0","0","0","0","7","7","7","23000","0","900","1400","0","0","0","0","0","0","0","0"
"yune","track-a-comparison","luna_pinyin","key_sequence_process_with_context","n","16","1","1","53200","3","51200","7","7","100","7","0","100","500","0","0","7","0","5","1","1400","5","1","100","1","0","5","2","1","7","7","7","0","0","1","300","0","1","22600","7","0","0","0","0","1","1","1","300","26","12","41","300","0","0","0","0","0","0","0","0","0","0","0","0","0","0","0","0","0","0","0","0","0","0","0","0","0","0","0","0","0","0","0","0","0","0","0","0","0","0","0","0","0","0","0","0","0","0","0","0","0","0","0","0","0","0","0","0","0","0","0","0","0","0","7","7","7","23100","100","800","1500","0","0","0","0","0","0","0","0"
"yune","track-a-comparison","luna_pinyin","key_sequence_process_with_context","n","17","1","1","52800","3","50700","7","7","100","7","100","100","400","0","0","7","0","5","1","1400","5","1","200","1","0","5","2","1","7","7","7","0","0","1","200","0","1","22400","7","0","0","0","0","1","1","1","200","26","12","41","500","0","0","0","0","0","0","0","0","0","0","0","0","0","0","0","0","0","0","0","0","0","0","0","0","0","0","0","0","0","0","0","0","0","0","0","0","0","0","0","0","0","0","0","0","0","0","0","0","0","0","0","0","0","0","0","0","0","0","0","0","0","0","7","7","7","22900","0","900","1500","0","0","0","0","0","0","0","0"
"yune","track-a-comparison","luna_pinyin","key_sequence_process_with_context","n","18","1","1","53000","3","51100","7","7","100","7","0","200","500","0","0","7","0","5","1","1400","5","1","100","1","0","5","2","1","7","7","7","0","0","1","200","0","1","22500","7","0","0","0","0","1","1","1","200","26","12","41","300","0","0","0","0","0","0","0","0","0","0","0","0","0","0","0","0","0","0","0","0","0","0","0","0","0","0","0","0","0","0","0","0","0","0","0","0","0","0","0","0","0","0","0","0","0","0","0","0","0","0","0","0","0","0","0","0","0","0","0","0","0","0","7","7","7","23000","0","900","1500","0","0","0","0","0","0","0","0"
"yune","track-a-comparison","luna_pinyin","key_sequence_process_with_context","n","19","1","1","53200","3","51200","7","7","100","7","0","200","500","100","0","7","0","5","1","1500","5","1","100","1","0","5","2","1","7","7","7","0","0","1","200","0","1","22700","7","0","0","0","0","1","1","1","300","26","12","41","300","0","0","0","0","0","0","0","0","0","0","0","0","0","0","0","0","0","0","0","0","0","0","0","0","0","0","0","0","0","0","0","0","0","0","0","0","0","0","0","0","0","0","0","0","0","0","0","0","0","0","0","0","0","0","0","0","0","0","0","0","0","0","7","7","7","23300","0","900","1400","0","0","0","0","0","0","0","0"
"yune","track-a-comparison","luna_pinyin","key_sequence_process_with_context","n","20","1","1","53100","3","51200","7","7","200","7","0","100","500","0","0","7","0","5","1","1400","5","1","100","1","0","5","2","1","7","7","7","0","0","1","300","0","1","22500","7","0","0","0","0","1","1","1","200","26","12","41","600","0","0","0","0","0","0","0","0","0","0","0","0","0","0","0","0","0","0","0","0","0","0","0","0","0","0","0","0","0","0","0","0","0","0","0","0","0","0","0","0","0","0","0","0","0","0","0","0","0","0","0","0","0","0","0","0","0","0","0","0","0","0","7","7","7","23100","100","900","1500","0","0","0","0","0","0","0","0"
"yune","track-a-comparison","luna_pinyin","key_sequence_process_with_context","n","21","1","1","53300","3","51300","7","7","100","7","0","100","500","0","100","7","0","5","1","1400","5","1","100","1","0","5","2","1","7","7","7","0","0","1","200","0","1","22700","7","0","0","0","0","1","1","1","200","26","12","41","600","0","0","0","0","0","0","0","0","0","0","0","0","0","0","0","0","0","0","0","0","0","0","0","0","0","0","0","0","0","0","0","0","0","0","0","0","0","0","0","0","0","0","0","0","0","0","0","0","0","0","0","0","0","0","0","0","0","0","0","0","0","0","7","7","7","23200","0","900","1500","0","0","0","0","0","0","0","0"
"yune","track-a-comparison","luna_pinyin","key_sequence_process_with_context","n","22","1","1","54200","3","52200","7","7","300","7","0","200","500","100","0","7","0","5","1","1500","5","1","100","1","0","5","2","1","7","7","7","0","0","1","300","0","1","23600","7","0","0","0","0","1","1","1","200","26","12","41","300","0","0","0","0","0","0","0","0","0","0","0","0","0","0","0","0","0","0","0","0","0","0","0","0","0","0","0","0","0","0","0","0","0","0","0","0","0","0","0","0","0","0","0","0","0","0","0","0","0","0","0","0","0","0","0","0","0","0","0","0","0","0","7","7","7","24200","0","900","1500","0","0","0","0","0","0","0","0"
"yune","track-a-comparison","luna_pinyin","key_sequence_process_with_context","n","23","1","1","54000","3","52000","7","7","200","7","0","100","500","0","100","7","0","5","1","1400","5","1","100","1","0","5","2","1","7","7","7","0","0","1","300","0","1","23500","7","0","0","0","0","1","1","1","200","26","12","41","600","0","0","0","0","0","0","0","0","0","0","0","0","0","0","0","0","0","0","0","0","0","0","0","0","0","0","0","0","0","0","0","0","0","0","0","0","0","0","0","0","0","0","0","0","0","0","0","0","0","0","0","0","0","0","0","0","0","0","0","0","0","0","7","7","7","24000","0","900","1400","0","0","0","0","0","0","0","0"
"yune","track-a-comparison","luna_pinyin","key_sequence_process_with_context","n","24","1","1","54100","3","52100","7","7","300","7","100","100","400","0","0","7","0","5","1","1400","5","1","100","1","0","5","2","1","7","7","7","0","0","1","200","0","1","23500","7","0","0","0","0","1","1","1","300","26","12","41","300","0","0","0","0","0","0","0","0","0","0","0","0","0","0","0","0","0","0","0","0","0","0","0","0","0","0","0","0","0","0","0","0","0","0","0","0","0","0","0","0","0","0","0","0","0","0","0","0","0","0","0","0","0","0","0","0","0","0","0","0","0","0","7","7","7","24100","0","900","1500","0","0","0","0","0","0","0","0"
"yune","track-a-comparison","luna_pinyin","key_sequence_process_with_context","n","25","1","1","53900","3","51800","7","7","200","7","0","200","500","0","100","7","0","5","1","1400","5","1","200","1","0","5","2","1","7","7","7","0","0","1","300","0","1","23400","7","0","0","0","0","1","1","1","300","26","12","41","500","0","0","0","0","0","0","0","0","0","0","0","0","0","0","0","0","0","0","0","0","0","0","0","0","0","0","0","0","0","0","0","0","0","0","0","0","0","0","0","0","0","0","0","0","0","0","0","0","0","0","0","0","0","0","0","0","0","0","0","0","0","0","7","7","7","23900","0","900","1500","0","0","0","0","0","0","0","0"
"yune","track-a-comparison","luna_pinyin","key_sequence_process_with_context","n","26","1","1","53300","3","51300","7","7","100","7","100","200","500","100","0","7","0","5","1","1400","5","1","100","1","0","5","2","1","7","7","7","0","0","1","300","0","1","22600","7","0","0","0","0","1","1","1","300","26","12","41","300","0","0","0","0","0","0","0","0","0","0","0","0","0","0","0","0","0","0","0","0","0","0","0","0","0","0","0","0","0","0","0","0","0","0","0","0","0","0","0","0","0","0","0","0","0","0","0","0","0","0","0","0","0","0","0","0","0","0","0","0","0","0","7","7","7","23200","100","900","1500","0","0","0","0","0","0","0","0"
"yune","track-a-comparison","luna_pinyin","key_sequence_process_with_context","n","27","1","1","53300","3","51300","7","7","100","7","0","200","500","100","0","7","0","5","1","1400","5","1","100","1","0","5","2","1","7","7","7","0","0","1","200","0","1","22600","7","0","0","0","0","1","1","1","200","26","12","41","400","0","0","0","0","0","0","0","0","0","0","0","0","0","0","0","0","0","0","0","0","0","0","0","0","0","0","0","0","0","0","0","0","0","0","0","0","0","0","0","0","0","0","0","0","0","0","0","0","0","0","0","0","0","0","0","0","0","0","0","0","0","0","7","7","7","23100","0","900","1500","0","0","0","0","0","0","0","0"
"yune","track-a-comparison","luna_pinyin","key_sequence_process_with_context","n","28","1","1","53300","3","51300","7","7","300","7","0","100","500","0","100","7","0","5","1","1400","5","1","100","1","0","5","2","1","7","7","7","0","0","1","200","0","1","22400","7","0","0","0","0","1","1","1","300","26","12","41","300","0","0","0","0","0","0","0","0","0","0","0","0","0","0","0","0","0","0","0","0","0","0","0","0","0","0","0","0","0","0","0","0","0","0","0","0","0","0","0","0","0","0","0","0","0","0","0","0","0","0","0","0","0","0","0","0","0","0","0","0","0","0","7","7","7","23000","0","900","1500","0","0","0","0","0","0","0","0"
"yune","track-a-comparison","luna_pinyin","key_sequence_process_with_context","n","29","1","1","53300","3","51400","7","7","200","7","0","200","500","0","0","7","0","5","1","1400","5","1","200","1","0","5","2","1","7","7","7","0","0","1","300","0","1","22600","7","0","0","0","0","1","1","1","200","26","12","41","500","0","0","0","0","0","0","0","0","0","0","0","0","0","0","0","0","0","0","0","0","0","0","0","0","0","0","0","0","0","0","0","0","0","0","0","0","0","0","0","0","0","0","0","0","0","0","0","0","0","0","0","0","0","0","0","0","0","0","0","0","0","0","7","7","7","23200","100","1000","1600","0","0","0","0","0","0","0","0"
"yune","track-a-comparison","luna_pinyin","key_sequence_process_with_context","n","30","1","1","53900","3","51900","7","7","200","7","0","200","500","100","0","7","0","5","1","1500","5","1","100","1","0","5","2","1","7","7","7","0","0","1","200","0","1","22500","7","0","0","0","0","1","1","1","300","26","12","41","400","0","0","0","0","0","0","0","0","0","0","0","0","0","0","0","0","0","0","0","0","0","0","0","0","0","0","0","0","0","0","0","0","0","0","0","0","0","0","0","0","0","0","0","0","0","0","0","0","0","0","0","0","0","0","0","0","0","0","0","0","0","0","7","7","7","23100","0","1000","1500","0","0","0","0","0","0","0","0"
"yune","track-a-comparison","luna_pinyin","key_sequence_process_with_context","n","31","1","1","53500","3","51500","7","7","100","7","100","100","400","0","0","7","0","5","1","1500","5","1","100","1","0","5","2","1","7","7","7","0","0","1","300","0","1","22600","7","0","0","0","0","1","1","1","200","26","12","41","300","0","0","0","0","0","0","0","0","0","0","0","0","0","0","0","0","0","0","0","0","0","0","0","0","0","0","0","0","0","0","0","0","0","0","0","0","0","0","0","0","0","0","0","0","0","0","0","0","0","0","0","0","0","0","0","0","0","0","0","0","0","0","7","7","7","23200","100","1000","1500","0","0","0","0","0","0","0","0"
"yune","track-a-comparison","luna_pinyin","key_sequence_process_with_context","n","32","1","1","53200","3","51200","7","7","200","7","100","100","500","0","0","7","0","5","1","1400","5","1","100","1","0","5","2","1","7","7","7","0","0","1","200","0","1","22500","7","0","0","0","0","1","1","1","200","26","12","41","600","0","0","0","0","0","0","0","0","0","0","0","0","0","0","0","0","0","0","0","0","0","0","0","0","0","0","0","0","0","0","0","0","0","0","0","0","0","0","0","0","0","0","0","0","0","0","0","0","0","0","0","0","0","0","0","0","0","0","0","0","0","0","7","7","7","23000","0","900","1600","0","0","0","0","0","0","0","0"
"yune","track-a-comparison","luna_pinyin","key_sequence_process_with_context","n","33","1","1","53400","3","51400","7","7","100","7","0","200","500","0","0","7","0","5","1","1500","5","1","100","1","0","5","2","1","7","7","7","0","0","1","200","0","1","22800","7","0","0","0","0","1","1","1","200","26","12","41","400","0","0","0","0","0","0","0","0","0","0","0","0","0","0","0","0","0","0","0","0","0","0","0","0","0","0","0","0","0","0","0","0","0","0","0","0","0","0","0","0","0","0","0","0","0","0","0","0","0","0","0","0","0","0","0","0","0","0","0","0","0","0","7","7","7","23400","100","1000","1500","0","0","0","0","0","0","0","0"
"yune","track-a-comparison","luna_pinyin","key_sequence_process_with_context","n","34","1","1","54800","3","52800","7","7","100","7","100","100","500","100","0","7","0","5","1","1500","5","1","100","1","0","5","2","1","7","7","7","0","0","1","300","0","1","24100","7","0","0","0","0","1","1","1","300","26","12","41","300","0","0","0","0","0","0","0","0","0","0","0","0","0","0","0","0","0","0","0","0","0","0","0","0","0","0","0","0","0","0","0","0","0","0","0","0","0","0","0","0","0","0","0","0","0","0","0","0","0","0","0","0","0","0","0","0","0","0","0","0","0","0","7","7","7","24600","0","900","1500","0","0","0","0","0","0","0","0"
"yune","track-a-comparison","luna_pinyin","key_sequence_process_with_context","n","35","1","1","54200","3","52200","7","7","200","7","0","200","500","100","0","7","0","5","1","1400","5","1","100","1","0","5","2","1","7","7","7","0","0","1","300","0","1","23500","7","0","0","0","0","1","1","1","300","26","12","41","300","0","0","0","0","0","0","0","0","0","0","0","0","0","0","0","0","0","0","0","0","0","0","0","0","0","0","0","0","0","0","0","0","0","0","0","0","0","0","0","0","0","0","0","0","0","0","0","0","0","0","0","0","0","0","0","0","0","0","0","0","0","0","7","7","7","24000","100","1000","1600","0","0","0","0","0","0","0","0"
"yune","track-a-comparison","luna_pinyin","key_sequence_process_with_context","n","36","1","1","54400","3","52300","7","7","300","7","100","200","500","0","0","7","0","5","1","1400","5","1","100","1","0","5","2","1","7","7","7","0","0","1","300","0","1","23500","7","0","0","0","0","1","1","1","200","26","12","41","300","0","0","0","0","0","0","0","0","0","0","0","0","0","0","0","0","0","0","0","0","0","0","0","0","0","0","0","0","0","0","0","0","0","0","0","0","0","0","0","0","0","0","0","0","0","0","0","0","0","0","0","0","0","0","0","0","0","0","0","0","0","0","7","7","7","24100","100","1000","1500","0","0","0","0","0","0","0","0"
"yune","track-a-comparison","luna_pinyin","key_sequence_process_with_context","n","37","1","1","54300","3","52100","7","7","200","7","0","100","500","0","100","7","0","5","1","1400","5","1","200","1","0","5","2","1","7","7","7","0","0","1","300","0","1","23500","7","0","0","0","0","1","1","1","200","26","12","41","500","0","0","0","0","0","0","0","0","0","0","0","0","0","0","0","0","0","0","0","0","0","0","0","0","0","0","0","0","0","0","0","0","0","0","0","0","0","0","0","0","0","0","0","0","0","0","0","0","0","0","0","0","0","0","0","0","0","0","0","0","0","0","7","7","7","24000","100","1000","1500","0","0","0","0","0","0","0","0"
"yune","track-a-comparison","luna_pinyin","key_sequence_process_with_context","n","38","1","1","53300","3","51400","7","7","200","7","100","100","500","0","0","7","0","5","1","1500","5","1","100","1","0","5","2","1","7","7","7","0","0","1","200","0","1","22700","7","0","0","0","0","1","1","1","200","26","12","41","300","0","0","0","0","0","0","0","0","0","0","0","0","0","0","0","0","0","0","0","0","0","0","0","0","0","0","0","0","0","0","0","0","0","0","0","0","0","0","0","0","0","0","0","0","0","0","0","0","0","0","0","0","0","0","0","0","0","0","0","0","0","0","7","7","7","23100","0","900","1600","0","0","0","0","0","0","0","0"
"yune","track-a-comparison","luna_pinyin","key_sequence_process_with_context","n","39","1","1","53600","3","51700","7","7","200","7","100","100","400","0","100","7","0","5","1","1400","5","1","100","1","0","5","2","1","7","7","7","0","0","1","200","0","1","22900","7","0","0","0","0","1","1","1","300","26","12","41","600","0","0","0","0","0","0","0","0","0","0","0","0","0","0","0","0","0","0","0","0","0","0","0","0","0","0","0","0","0","0","0","0","0","0","0","0","0","0","0","0","0","0","0","0","0","0","0","0","0","0","0","0","0","0","0","0","0","0","0","0","0","0","7","7","7","23400","0","900","1500","0","0","0","0","0","0","0","0"
"yune","track-a-comparison","luna_pinyin","key_sequence_process_with_context","n","40","1","1","53100","3","51200","7","7","200","7","0","200","500","100","0","7","0","5","1","1500","5","1","100","1","0","5","2","1","7","7","7","0","0","1","300","0","1","22500","7","0","0","0","0","1","1","1","300","26","12","41","300","0","0","0","0","0","0","0","0","0","0","0","0","0","0","0","0","0","0","0","0","0","0","0","0","0","0","0","0","0","0","0","0","0","0","0","0","0","0","0","0","0","0","0","0","0","0","0","0","0","0","0","0","0","0","0","0","0","0","0","0","0","0","7","7","7","23100","0","900","1400","0","0","0","0","0","0","0","0"
"yune","track-a-comparison","luna_pinyin","key_sequence_process_with_context","n","41","1","1","53400","3","51400","7","7","300","7","0","200","500","100","0","7","0","5","1","1400","5","1","100","1","0","5","2","1","7","7","7","0","0","1","200","0","1","22700","7","0","0","0","0","1","1","1","300","26","12","41","300","0","0","0","0","0","0","0","0","0","0","0","0","0","0","0","0","0","0","0","0","0","0","0","0","0","0","0","0","0","0","0","0","0","0","0","0","0","0","0","0","0","0","0","0","0","0","0","0","0","0","0","0","0","0","0","0","0","0","0","0","0","0","7","7","7","23300","100","1000","1500","0","0","0","0","0","0","0","0"
"yune","track-a-comparison","luna_pinyin","key_sequence_process_with_context","n","42","1","1","53200","3","51200","7","7","100","7","0","200","500","0","0","7","0","5","1","1400","5","1","100","1","0","5","2","1","7","7","7","0","0","1","300","0","1","22600","7","0","0","0","0","1","1","1","300","26","12","41","300","0","0","0","0","0","0","0","0","0","0","0","0","0","0","0","0","0","0","0","0","0","0","0","0","0","0","0","0","0","0","0","0","0","0","0","0","0","0","0","0","0","0","0","0","0","0","0","0","0","0","0","0","0","0","0","0","0","0","0","0","0","0","7","7","7","23100","100","900","1500","0","0","0","0","0","0","0","0"
"yune","track-a-comparison","luna_pinyin","key_sequence_process_with_context","n","43","1","1","53000","3","51000","7","7","100","7","100","200","500","100","0","7","0","5","1","1300","5","1","100","1","0","5","2","1","7","7","7","0","0","1","200","0","1","22500","7","0","0","0","0","1","1","1","300","26","12","41","300","0","0","0","0","0","0","0","0","0","0","0","0","0","0","0","0","0","0","0","0","0","0","0","0","0","0","0","0","0","0","0","0","0","0","0","0","0","0","0","0","0","0","0","0","0","0","0","0","0","0","0","0","0","0","0","0","0","0","0","0","0","0","7","7","7","22900","100","1000","1500","0","0","0","0","0","0","0","0"
"yune","track-a-comparison","luna_pinyin","key_sequence_process_with_context","n","44","1","1","53200","3","51200","7","7","100","7","0","100","400","0","0","7","0","5","1","1400","5","1","100","1","0","5","2","1","7","7","7","0","0","1","200","0","1","22600","7","0","0","0","0","1","1","1","200","26","12","41","600","0","0","0","0","0","0","0","0","0","0","0","0","0","0","0","0","0","0","0","0","0","0","0","0","0","0","0","0","0","0","0","0","0","0","0","0","0","0","0","0","0","0","0","0","0","0","0","0","0","0","0","0","0","0","0","0","0","0","0","0","0","0","7","7","7","23100","100","1000","1500","0","0","0","0","0","0","0","0"
"yune","track-a-comparison","luna_pinyin","key_sequence_process_with_context","n","45","1","1","53800","3","51800","7","7","200","7","0","200","500","0","0","7","0","5","1","1500","5","1","200","1","0","5","2","1","7","7","7","0","0","1","300","0","1","22900","7","0","0","0","0","1","1","1","300","26","12","41","500","0","0","0","0","0","0","0","0","0","0","0","0","0","0","0","0","0","0","0","0","0","0","0","0","0","0","0","0","0","0","0","0","0","0","0","0","0","0","0","0","0","0","0","0","0","0","0","0","0","0","0","0","0","0","0","0","0","0","0","0","0","0","7","7","7","23400","100","1000","1600","0","0","0","0","0","0","0","0"
"yune","track-a-comparison","luna_pinyin","key_sequence_process_with_context","n","46","1","1","54500","3","52500","7","7","300","7","0","200","500","0","0","7","0","5","1","1500","5","1","100","1","0","5","2","1","7","7","7","0","0","1","200","0","1","23600","7","0","0","0","0","1","1","1","200","26","12","41","600","0","0","0","0","0","0","0","0","0","0","0","0","0","0","0","0","0","0","0","0","0","0","0","0","0","0","0","0","0","0","0","0","0","0","0","0","0","0","0","0","0","0","0","0","0","0","0","0","0","0","0","0","0","0","0","0","0","0","0","0","0","0","7","7","7","24200","100","900","1500","0","0","0","0","0","0","0","0"
"yune","track-a-comparison","luna_pinyin","key_sequence_process_with_context","n","47","1","1","54400","3","52300","7","7","300","7","0","100","500","0","100","7","0","5","1","1600","5","1","100","1","0","5","2","1","7","7","7","0","0","1","200","0","1","23500","7","0","0","0","0","1","1","1","300","26","12","41","300","0","0","0","0","0","0","0","0","0","0","0","0","0","0","0","0","0","0","0","0","0","0","0","0","0","0","0","0","0","0","0","0","0","0","0","0","0","0","0","0","0","0","0","0","0","0","0","0","0","0","0","0","0","0","0","0","0","0","0","0","0","0","7","7","7","24100","0","900","1400","0","0","0","0","0","0","0","0"
"yune","track-a-comparison","luna_pinyin","key_sequence_process_with_context","n","48","1","1","54000","3","52000","7","7","200","7","100","100","500","100","0","7","0","5","1","1500","5","1","100","1","0","5","2","1","7","7","7","0","0","1","300","0","1","23400","7","0","0","0","0","1","1","1","200","26","12","41","300","0","0","0","0","0","0","0","0","0","0","0","0","0","0","0","0","0","0","0","0","0","0","0","0","0","0","0","0","0","0","0","0","0","0","0","0","0","0","0","0","0","0","0","0","0","0","0","0","0","0","0","0","0","0","0","0","0","0","0","0","0","0","7","7","7","23900","0","900","1500","0","0","0","0","0","0","0","0"
"yune","track-a-comparison","luna_pinyin","key_sequence_process_with_context","n","49","1","1","54900","3","52900","7","7","100","7","100","100","400","0","100","7","0","5","1","1400","5","1","200","1","0","5","2","1","7","7","7","0","0","1","200","0","1","23200","7","0","0","0","0","1","1","1","200","26","12","41","600","0","0","0","0","0","0","0","0","0","0","0","0","0","0","0","0","0","0","0","0","0","0","0","0","0","0","0","0","0","0","0","0","0","0","0","0","0","0","0","0","0","0","0","0","0","0","0","0","0","0","0","0","0","0","0","0","0","0","0","0","0","0","7","7","7","23800","100","1000","1500","0","0","0","0","0","0","0","0"
"yune","track-a-comparison","luna_pinyin","key_sequence_process_with_context","n","50","1","1","53100","3","51200","7","7","100","7","0","100","500","0","0","7","0","5","1","1300","5","1","100","1","0","5","2","1","7","7","7","0","0","1","200","0","1","22500","7","0","0","0","0","1","1","1","200","26","12","41","400","0","0","0","0","0","0","0","0","0","0","0","0","0","0","0","0","0","0","0","0","0","0","0","0","0","0","0","0","0","0","0","0","0","0","0","0","0","0","0","0","0","0","0","0","0","0","0","0","0","0","0","0","0","0","0","0","0","0","0","0","0","0","7","7","7","23000","100","900","1500","0","0","0","0","0","0","0","0"
"yune","track-a-comparison","luna_pinyin","key_sequence_process_with_context","n","51","1","1","54000","3","51800","7","7","300","7","100","100","500","0","100","7","0","5","1","1400","5","1","200","1","0","5","2","1","7","7","7","0","0","1","200","0","1","22800","7","0","0","0","0","1","1","1","300","26","12","41","600","0","0","0","0","0","0","0","0","0","0","0","0","0","0","0","0","0","0","0","0","0","0","0","0","0","0","0","0","0","0","0","0","0","0","0","0","0","0","0","0","0","0","0","0","0","0","0","0","0","0","0","0","0","0","0","0","0","0","0","0","0","0","7","7","7","23300","100","1000","1500","0","0","0","0","0","0","0","0"
"yune","track-a-comparison","luna_pinyin","key_sequence_process_with_context","n","52","1","1","53700","3","51600","7","7","300","7","0","100","500","0","0","7","0","5","1","1500","5","1","100","1","0","5","2","1","7","7","7","0","0","1","200","0","1","22800","7","0","0","0","0","1","1","1","200","26","12","41","300","0","0","0","0","0","0","0","0","0","0","0","0","0","0","0","0","0","0","0","0","0","0","0","0","0","0","0","0","0","0","0","0","0","0","0","0","0","0","0","0","0","0","0","0","0","0","0","0","0","0","0","0","0","0","0","0","0","0","0","0","0","0","7","7","7","23300","0","900","1400","0","0","0","0","0","0","0","0"
"yune","track-a-comparison","luna_pinyin","key_sequence_process_with_context","n","53","1","1","53100","3","51100","7","7","200","7","0","100","400","0","0","7","0","5","1","1500","5","1","100","1","0","5","2","1","7","7","7","0","0","1","200","0","1","22500","7","0","0","0","0","1","1","1","300","26","12","41","400","0","0","0","0","0","0","0","0","0","0","0","0","0","0","0","0","0","0","0","0","0","0","0","0","0","0","0","0","0","0","0","0","0","0","0","0","0","0","0","0","0","0","0","0","0","0","0","0","0","0","0","0","0","0","0","0","0","0","0","0","0","0","7","7","7","23000","100","1000","1500","0","0","0","0","0","0","0","0"
"yune","track-a-comparison","luna_pinyin","key_sequence_process_with_context","n","54","1","1","53300","3","51300","7","7","100","7","0","200","500","100","0","7","0","5","1","1400","5","1","200","1","0","5","2","1","7","7","7","0","0","1","200","0","1","22600","7","0","0","0","0","1","1","1","200","26","12","41","500","0","0","0","0","0","0","0","0","0","0","0","0","0","0","0","0","0","0","0","0","0","0","0","0","0","0","0","0","0","0","0","0","0","0","0","0","0","0","0","0","0","0","0","0","0","0","0","0","0","0","0","0","0","0","0","0","0","0","0","0","0","0","7","7","7","23100","0","900","1500","0","0","0","0","0","0","0","0"
"yune","track-a-comparison","luna_pinyin","key_sequence_process_with_context","n","55","1","1","53000","3","51000","7","7","300","7","100","200","500","100","0","7","0","5","1","1500","5","1","100","1","0","5","2","1","7","7","7","0","0","1","300","0","1","22400","7","0","0","0","0","1","1","1","300","26","12","41","400","0","0","0","0","0","0","0","0","0","0","0","0","0","0","0","0","0","0","0","0","0","0","0","0","0","0","0","0","0","0","0","0","0","0","0","0","0","0","0","0","0","0","0","0","0","0","0","0","0","0","0","0","0","0","0","0","0","0","0","0","0","0","7","7","7","23000","100","1000","1500","0","0","0","0","0","0","0","0"
"yune","track-a-comparison","luna_pinyin","key_sequence_process_with_context","n","56","1","1","53300","3","51300","7","7","100","7","100","200","500","0","0","7","0","5","1","1500","5","1","100","1","0","5","2","1","7","7","7","0","0","1","300","0","1","22700","7","0","0","0","0","1","1","1","300","26","12","41","300","0","0","0","0","0","0","0","0","0","0","0","0","0","0","0","0","0","0","0","0","0","0","0","0","0","0","0","0","0","0","0","0","0","0","0","0","0","0","0","0","0","0","0","0","0","0","0","0","0","0","0","0","0","0","0","0","0","0","0","0","0","0","7","7","7","23200","0","900","1500","0","0","0","0","0","0","0","0"
"yune","track-a-comparison","luna_pinyin","key_sequence_process_with_context","n","57","1","1","53500","3","51500","7","7","100","7","100","100","500","100","0","7","0","5","1","1500","5","1","100","1","0","5","2","1","7","7","7","0","0","1","200","0","1","22700","7","0","0","0","0","1","1","1","200","26","12","41","300","0","0","0","0","0","0","0","0","0","0","0","0","0","0","0","0","0","0","0","0","0","0","0","0","0","0","0","0","0","0","0","0","0","0","0","0","0","0","0","0","0","0","0","0","0","0","0","0","0","0","0","0","0","0","0","0","0","0","0","0","0","0","7","7","7","23200","100","900","1500","0","0","0","0","0","0","0","0"
"yune","track-a-comparison","luna_pinyin","key_sequence_process_with_context","n","58","1","1","53300","3","51400","7","7","200","7","100","100","400","0","0","7","0","5","1","1400","5","1","200","1","0","5","2","1","7","7","7","0","0","1","200","0","1","22600","7","0","0","0","0","1","1","1","200","26","12","41","500","0","0","0","0","0","0","0","0","0","0","0","0","0","0","0","0","0","0","0","0","0","0","0","0","0","0","0","0","0","0","0","0","0","0","0","0","0","0","0","0","0","0","0","0","0","0","0","0","0","0","0","0","0","0","0","0","0","0","0","0","0","0","7","7","7","23100","0","900","1400","0","0","0","0","0","0","0","0"
"yune","track-a-comparison","luna_pinyin","key_sequence_process_with_context","n","59","1","1","56700","3","54700","7","7","200","7","100","200","500","0","0","7","0","5","1","1500","5","1","100","1","0","5","2","1","7","7","7","0","0","1","200","0","1","22800","7","0","0","0","0","1","1","1","300","26","12","41","400","0","0","0","0","0","0","0","0","0","0","0","0","0","0","0","0","0","0","0","0","0","0","0","0","0","0","0","0","0","0","0","0","0","0","0","0","0","0","0","0","0","0","0","0","0","0","0","0","0","0","0","0","0","0","0","0","0","0","0","0","0","0","7","7","7","23400","100","900","1500","0","0","0","0","0","0","0","0"
"yune","track-a-comparison","luna_pinyin","key_sequence_process_with_context","n","60","1","1","58000","3","55900","7","7","300","7","0","100","600","0","0","7","0","5","1","1500","5","1","100","1","0","5","2","1","7","7","7","0","0","1","300","0","1","27000","7","0","0","0","0","1","1","1","400","26","12","41","400","0","0","0","0","0","0","0","0","0","0","0","0","0","0","0","0","0","0","0","0","0","0","0","0","0","0","0","0","0","0","0","0","0","0","0","0","0","0","0","0","0","0","0","0","0","0","0","0","0","0","0","0","0","0","0","0","0","0","0","0","0","0","7","7","7","27600","100","1000","1500","0","0","0","0","0","0","0","0"
"yune","track-a-comparison","luna_pinyin","key_sequence_process_with_context","n","61","1","1","55300","3","53300","7","7","200","7","0","200","500","0","100","7","0","5","1","1400","5","1","100","1","0","5","2","1","7","7","7","0","0","1","200","0","1","24200","7","0","0","0","0","1","1","1","300","26","12","41","600","0","0","0","0","0","0","0","0","0","0","0","0","0","0","0","0","0","0","0","0","0","0","0","0","0","0","0","0","0","0","0","0","0","0","0","0","0","0","0","0","0","0","0","0","0","0","0","0","0","0","0","0","0","0","0","0","0","0","0","0","0","0","7","7","7","24800","100","1000","1500","0","0","0","0","0","0","0","0"
"yune","track-a-comparison","luna_pinyin","key_sequence_process_with_context","n","62","1","1","56700","3","54700","7","7","400","7","0","200","500","100","0","7","0","5","1","1400","5","1","100","1","0","5","2","1","7","7","7","0","0","1","300","0","1","25900","7","0","0","0","0","1","1","1","200","26","12","41","300","0","0","0","0","0","0","0","0","0","0","0","0","0","0","0","0","0","0","0","0","0","0","0","0","0","0","0","0","0","0","0","0","0","0","0","0","0","0","0","0","0","0","0","0","0","0","0","0","0","0","0","0","0","0","0","0","0","0","0","0","0","0","7","7","7","26400","0","900","1500","0","0","0","0","0","0","0","0"
"yune","track-a-comparison","luna_pinyin","key_sequence_process_with_context","n","63","1","1","53400","3","51300","7","7","200","7","0","100","600","100","0","7","0","5","1","1400","5","1","100","1","0","5","2","1","7","7","7","0","0","1","300","0","1","22600","7","0","0","0","0","1","1","1","200","26","12","41","600","0","0","0","0","0","0","0","0","0","0","0","0","0","0","0","0","0","0","0","0","0","0","0","0","0","0","0","0","0","0","0","0","0","0","0","0","0","0","0","0","0","0","0","0","0","0","0","0","0","0","0","0","0","0","0","0","0","0","0","0","0","0","7","7","7","23200","0","900","1400","0","0","0","0","0","0","0","0"
"yune","track-a-comparison","luna_pinyin","key_sequence_process_with_context","n","64","1","1","53300","3","51400","7","7","300","7","100","200","500","100","0","7","0","5","1","1400","5","1","100","1","0","5","2","1","7","7","7","0","0","1","200","0","1","22500","7","0","0","0","0","1","1","1","300","26","12","41","300","0","0","0","0","0","0","0","0","0","0","0","0","0","0","0","0","0","0","0","0","0","0","0","0","0","0","0","0","0","0","0","0","0","0","0","0","0","0","0","0","0","0","0","0","0","0","0","0","0","0","0","0","0","0","0","0","0","0","0","0","0","0","7","7","7","23000","0","900","1500","0","0","0","0","0","0","0","0"
"yune","track-a-comparison","luna_pinyin","key_sequence_process_with_context","n","65","1","1","53100","3","51100","7","7","100","7","0","200","500","0","0","7","0","5","1","1400","5","1","100","1","0","5","2","1","7","7","7","0","0","1","300","0","1","22500","7","0","0","0","0","1","1","1","300","26","12","41","300","0","0","0","0","0","0","0","0","0","0","0","0","0","0","0","0","0","0","0","0","0","0","0","0","0","0","0","0","0","0","0","0","0","0","0","0","0","0","0","0","0","0","0","0","0","0","0","0","0","0","0","0","0","0","0","0","0","0","0","0","0","0","7","7","7","23000","0","900","1400","0","0","0","0","0","0","0","0"
"yune","track-a-comparison","luna_pinyin","key_sequence_process_with_context","n","66","1","1","53000","3","51100","7","7","200","7","0","200","500","0","0","7","0","5","1","1400","5","1","100","1","0","5","2","1","7","7","7","0","0","1","300","0","1","22400","7","0","0","0","0","1","1","1","200","26","12","41","400","0","0","0","0","0","0","0","0","0","0","0","0","0","0","0","0","0","0","0","0","0","0","0","0","0","0","0","0","0","0","0","0","0","0","0","0","0","0","0","0","0","0","0","0","0","0","0","0","0","0","0","0","0","0","0","0","0","0","0","0","0","0","7","7","7","22900","100","900","1600","0","0","0","0","0","0","0","0"
"yune","track-a-comparison","luna_pinyin","key_sequence_process_with_context","n","67","1","1","53700","3","51700","7","7","300","7","100","200","500","0","0","7","0","5","1","1400","5","1","200","1","0","5","2","1","7","7","7","0","0","1","200","0","1","22900","7","0","0","0","0","1","1","1","300","26","12","41","600","0","0","0","0","0","0","0","0","0","0","0","0","0","0","0","0","0","0","0","0","0","0","0","0","0","0","0","0","0","0","0","0","0","0","0","0","0","0","0","0","0","0","0","0","0","0","0","0","0","0","0","0","0","0","0","0","0","0","0","0","0","0","7","7","7","23500","100","900","1500","0","0","0","0","0","0","0","0"
"yune","track-a-comparison","luna_pinyin","key_sequence_process_with_context","n","68","1","1","53200","3","51200","7","7","100","7","0","200","500","0","0","7","0","5","1","1600","5","1","100","1","0","5","2","1","7","7","7","0","0","1","200","0","1","22700","7","0","0","0","0","1","1","1","300","26","12","41","400","0","0","0","0","0","0","0","0","0","0","0","0","0","0","0","0","0","0","0","0","0","0","0","0","0","0","0","0","0","0","0","0","0","0","0","0","0","0","0","0","0","0","0","0","0","0","0","0","0","0","0","0","0","0","0","0","0","0","0","0","0","0","7","7","7","23200","0","900","1400","0","0","0","0","0","0","0","0"
"yune","track-a-comparison","luna_pinyin","key_sequence_process_with_context","n","69","1","1","53100","3","51200","7","7","300","7","0","200","500","0","0","7","0","5","1","1500","5","1","100","1","0","5","2","1","7","7","7","0","0","1","300","0","1","22500","7","0","0","0","0","1","1","1","200","26","12","41","300","0","0","0","0","0","0","0","0","0","0","0","0","0","0","0","0","0","0","0","0","0","0","0","0","0","0","0","0","0","0","0","0","0","0","0","0","0","0","0","0","0","0","0","0","0","0","0","0","0","0","0","0","0","0","0","0","0","0","0","0","0","0","7","7","7","23000","0","900","1500","0","0","0","0","0","0","0","0"
"yune","track-a-comparison","luna_pinyin","key_sequence_process_with_context","n","70","1","1","53000","3","50900","7","7","100","7","0","200","500","100","0","7","0","5","1","1500","5","1","100","1","0","5","2","1","7","7","7","0","0","1","200","0","1","22400","7","0","0","0","0","1","1","1","200","26","12","41","300","0","0","0","0","0","0","0","0","0","0","0","0","0","0","0","0","0","0","0","0","0","0","0","0","0","0","0","0","0","0","0","0","0","0","0","0","0","0","0","0","0","0","0","0","0","0","0","0","0","0","0","0","0","0","0","0","0","0","0","0","0","0","7","7","7","22900","0","900","1500","0","0","0","0","0","0","0","0"
"yune","track-a-comparison","luna_pinyin","key_sequence_process_with_context","n","71","1","1","53100","3","51100","7","7","100","7","0","100","500","0","0","7","0","5","1","1500","5","1","100","1","0","5","2","1","7","7","7","0","0","1","300","0","1","22600","7","0","0","0","0","1","1","1","300","26","12","41","300","0","0","0","0","0","0","0","0","0","0","0","0","0","0","0","0","0","0","0","0","0","0","0","0","0","0","0","0","0","0","0","0","0","0","0","0","0","0","0","0","0","0","0","0","0","0","0","0","0","0","0","0","0","0","0","0","0","0","0","0","0","0","7","7","7","23100","0","900","1500","0","0","0","0","0","0","0","0"
"yune","track-a-comparison","luna_pinyin","key_sequence_process_with_context","n","72","1","1","53200","3","51200","7","7","200","7","0","200","500","100","0","7","0","5","1","1400","5","1","200","1","0","5","2","1","7","7","7","0","0","1","300","0","1","22600","7","0","0","0","0","1","1","1","200","26","12","41","600","0","0","0","0","0","0","0","0","0","0","0","0","0","0","0","0","0","0","0","0","0","0","0","0","0","0","0","0","0","0","0","0","0","0","0","0","0","0","0","0","0","0","0","0","0","0","0","0","0","0","0","0","0","0","0","0","0","0","0","0","0","0","7","7","7","23200","100","900","1500","0","0","0","0","0","0","0","0"
"yune","track-a-comparison","luna_pinyin","key_sequence_process_with_context","n","73","1","1","53200","3","51200","7","7","200","7","0","200","500","0","0","7","0","5","1","1400","5","1","200","1","0","5","2","1","7","7","7","0","0","1","200","0","1","22400","7","0","0","0","0","1","1","1","200","26","12","41","600","0","0","0","0","0","0","0","0","0","0","0","0","0","0","0","0","0","0","0","0","0","0","0","0","0","0","0","0","0","0","0","0","0","0","0","0","0","0","0","0","0","0","0","0","0","0","0","0","0","0","0","0","0","0","0","0","0","0","0","0","0","0","7","7","7","23000","0","900","1500","0","0","0","0","0","0","0","0"
"yune","track-a-comparison","luna_pinyin","key_sequence_process_with_context","n","74","1","1","53200","3","51300","7","7","200","7","100","100","400","0","100","7","0","5","1","1400","5","1","200","1","0","5","2","1","7","7","7","0","0","1","200","0","1","22600","7","0","0","0","0","1","1","1","300","26","12","41","400","0","0","0","0","0","0","0","0","0","0","0","0","0","0","0","0","0","0","0","0","0","0","0","0","0","0","0","0","0","0","0","0","0","0","0","0","0","0","0","0","0","0","0","0","0","0","0","0","0","0","0","0","0","0","0","0","0","0","0","0","0","0","7","7","7","23200","100","900","1400","0","0","0","0","0","0","0","0"
"yune","track-a-comparison","luna_pinyin","key_sequence_process_with_context","n","75","1","1","53100","3","51100","7","7","100","7","0","200","500","0","100","7","0","5","1","1400","5","1","100","1","0","5","2","1","7","7","7","0","0","1","200","0","1","22400","7","0","0","0","0","1","1","1","300","26","12","41","300","0","0","0","0","0","0","0","0","0","0","0","0","0","0","0","0","0","0","0","0","0","0","0","0","0","0","0","0","0","0","0","0","0","0","0","0","0","0","0","0","0","0","0","0","0","0","0","0","0","0","0","0","0","0","0","0","0","0","0","0","0","0","7","7","7","22900","100","1000","1500","0","0","0","0","0","0","0","0"
"yune","track-a-comparison","luna_pinyin","key_sequence_process_with_context","n","76","1","1","53200","3","51200","7","7","300","7","100","200","500","0","100","7","0","5","1","1400","5","1","100","1","0","5","2","1","7","7","7","0","0","1","200","0","1","22400","7","0","0","0","0","1","1","1","300","26","12","41","300","0","0","0","0","0","0","0","0","0","0","0","0","0","0","0","0","0","0","0","0","0","0","0","0","0","0","0","0","0","0","0","0","0","0","0","0","0","0","0","0","0","0","0","0","0","0","0","0","0","0","0","0","0","0","0","0","0","0","0","0","0","0","7","7","7","23000","100","900","1400","0","0","0","0","0","0","0","0"
"yune","track-a-comparison","luna_pinyin","key_sequence_process_with_context","n","77","1","1","53600","3","51500","7","7","100","7","0","200","500","0","100","7","0","5","1","1400","5","1","200","1","0","5","2","1","7","7","7","0","0","1","300","0","1","22800","7","0","0","0","0","1","1","1","300","26","12","41","600","0","0","0","0","0","0","0","0","0","0","0","0","0","0","0","0","0","0","0","0","0","0","0","0","0","0","0","0","0","0","0","0","0","0","0","0","0","0","0","0","0","0","0","0","0","0","0","0","0","0","0","0","0","0","0","0","0","0","0","0","0","0","7","7","7","23300","0","900","1500","0","0","0","0","0","0","0","0"
"yune","track-a-comparison","luna_pinyin","key_sequence_process_with_context","n","78","1","1","53300","3","51300","7","7","300","7","100","100","400","0","0","7","0","5","1","1500","5","1","100","1","0","5","2","1","7","7","7","0","0","1","200","0","1","22700","7","0","0","0","0","1","1","1","300","26","12","41","400","0","0","0","0","0","0","0","0","0","0","0","0","0","0","0","0","0","0","0","0","0","0","0","0","0","0","0","0","0","0","0","0","0","0","0","0","0","0","0","0","0","0","0","0","0","0","0","0","0","0","0","0","0","0","0","0","0","0","0","0","0","0","7","7","7","23100","100","900","1500","0","0","0","0","0","0","0","0"
"yune","track-a-comparison","luna_pinyin","key_sequence_process_with_context","n","79","1","1","55700","3","53500","7","7","100","7","0","100","400","0","100","7","0","5","1","1400","5","1","100","1","0","5","2","1","7","7","7","0","0","1","300","0","1","24900","7","0","0","0","0","1","1","1","300","26","12","41","400","0","0","0","0","0","0","0","0","0","0","0","0","0","0","0","0","0","0","0","0","0","0","0","0","0","0","0","0","0","0","0","0","0","0","0","0","0","0","0","0","0","0","0","0","0","0","0","0","0","0","0","0","0","0","0","0","0","0","0","0","0","0","7","7","7","25400","100","1000","1500","0","0","0","0","0","0","0","0"
"yune","track-a-comparison","luna_pinyin","key_sequence_process_with_context","ni","0","2","2","81700","6","77300","196","14","600","14","0","400","1000","100","200","14","0","10","2","3100","10","2","200","2","0","10","4","2","14","14","14","0","0","2","1400","7","1","22500","7","0","0","0","0","2","1","2","400","27","24","83","1200","0","0","0","0","0","0","0","0","0","0","0","0","0","0","0","0","0","0","0","0","0","0","0","0","0","0","0","0","0","0","0","0","0","0","0","0","0","0","0","0","0","0","0","0","0","0","0","0","0","0","0","0","0","0","0","0","0","0","0","0","0","0","14","14","14","24900","100","3600","4700","0","0","0","0","0","0","0","0"
"yune","track-a-comparison","luna_pinyin","key_sequence_process_with_context","ni","1","2","2","86400","6","81600","196","14","300","14","0","300","900","0","200","14","0","10","2","3000","10","2","300","2","0","10","4","2","14","14","14","0","0","2","1700","7","1","23000","7","0","0","0","0","2","1","2","400","27","24","83","700","0","0","0","0","0","0","0","0","0","0","0","0","0","0","0","0","0","0","0","0","0","0","0","0","0","0","0","0","0","0","0","0","0","0","0","0","0","0","0","0","0","0","0","0","0","0","0","0","0","0","0","0","0","0","0","0","0","0","0","0","0","0","14","14","14","25500","100","3600","4800","0","0","0","0","0","0","0","0"
"yune","track-a-comparison","luna_pinyin","key_sequence_process_with_context","ni","2","2","2","83400","6","79100","196","14","700","14","0","400","1000","200","100","14","0","10","2","2800","10","2","200","2","0","10","4","2","14","14","14","0","0","2","1500","7","1","22700","7","0","0","0","0","2","1","2","400","27","24","83","800","0","0","0","0","0","0","0","0","0","0","0","0","0","0","0","0","0","0","0","0","0","0","0","0","0","0","0","0","0","0","0","0","0","0","0","0","0","0","0","0","0","0","0","0","0","0","0","0","0","0","0","0","0","0","0","0","0","0","0","0","0","0","14","14","14","25000","100","3700","4800","0","0","0","0","0","0","0","0"
"yune","track-a-comparison","luna_pinyin","key_sequence_process_with_context","ni","3","2","2","83600","6","79200","196","14","400","14","100","400","1000","200","100","14","0","10","2","2800","10","2","300","2","0","10","4","2","14","14","14","0","0","2","1600","7","1","23200","7","0","0","0","0","2","1","2","300","27","24","83","1200","0","0","0","0","0","0","0","0","0","0","0","0","0","0","0","0","0","0","0","0","0","0","0","0","0","0","0","0","0","0","0","0","0","0","0","0","0","0","0","0","0","0","0","0","0","0","0","0","0","0","0","0","0","0","0","0","0","0","0","0","0","0","14","14","14","25500","100","3600","4600","0","0","0","0","0","0","0","0"
"yune","track-a-comparison","luna_pinyin","key_sequence_process_with_context","ni","4","2","2","83900","6","79400","196","14","400","14","0","400","1000","0","200","14","0","10","2","2800","10","2","300","2","0","10","4","2","14","14","14","0","0","2","1500","7","1","24900","7","0","0","0","0","2","1","2","300","27","24","83","900","0","0","0","0","0","0","0","0","0","0","0","0","0","0","0","0","0","0","0","0","0","0","0","0","0","0","0","0","0","0","0","0","0","0","0","0","0","0","0","0","0","0","0","0","0","0","0","0","0","0","0","0","0","0","0","0","0","0","0","0","0","0","14","14","14","27100","200","3600","4700","0","0","0","0","0","0","0","0"
"yune","track-a-comparison","luna_pinyin","key_sequence_process_with_context","ni","5","2","2","83000","6","78500","196","14","400","14","0","200","1000","0","300","14","0","10","2","2800","10","2","300","2","0","10","4","2","14","14","14","0","0","2","1600","7","1","23900","7","0","0","0","0","2","1","2","400","27","24","83","900","0","0","0","0","0","0","0","0","0","0","0","0","0","0","0","0","0","0","0","0","0","0","0","0","0","0","0","0","0","0","0","0","0","0","0","0","0","0","0","0","0","0","0","0","0","0","0","0","0","0","0","0","0","0","0","0","0","0","0","0","0","0","14","14","14","26100","100","3600","4600","0","0","0","0","0","0","0","0"
"yune","track-a-comparison","luna_pinyin","key_sequence_process_with_context","ni","6","2","2","82800","6","78400","196","14","500","14","200","300","1000","0","100","14","0","10","2","2900","10","2","300","2","0","10","4","2","14","14","14","0","0","2","1500","7","1","23800","7","0","0","0","0","2","1","2","400","27","24","83","1000","0","0","0","0","0","0","0","0","0","0","0","0","0","0","0","0","0","0","0","0","0","0","0","0","0","0","0","0","0","0","0","0","0","0","0","0","0","0","0","0","0","0","0","0","0","0","0","0","0","0","0","0","0","0","0","0","0","0","0","0","0","0","14","14","14","26000","0","3500","4700","0","0","0","0","0","0","0","0"
"yune","track-a-comparison","luna_pinyin","key_sequence_process_with_context","ni","7","2","2","80400","6","76100","196","14","400","14","100","400","900","100","200","14","0","10","2","2800","10","2","400","2","0","10","4","2","14","14","14","0","0","2","1500","7","1","22100","7","0","0","0","0","2","1","2","300","27","24","83","1100","0","0","0","0","0","0","0","0","0","0","0","0","0","0","0","0","0","0","0","0","0","0","0","0","0","0","0","0","0","0","0","0","0","0","0","0","0","0","0","0","0","0","0","0","0","0","0","0","0","0","0","0","0","0","0","0","0","0","0","0","0","0","14","14","14","24300","200","3400","4600","0","0","0","0","0","0","0","0"
"yune","track-a-comparison","luna_pinyin","key_sequence_process_with_context","ni","8","2","2","80400","6","76100","196","14","500","14","200","200","800","0","200","14","0","10","2","2900","10","2","300","2","0","10","4","2","14","14","14","0","0","2","1500","7","1","22100","7","0","0","0","0","2","1","2","400","27","24","83","900","0","0","0","0","0","0","0","0","0","0","0","0","0","0","0","0","0","0","0","0","0","0","0","0","0","0","0","0","0","0","0","0","0","0","0","0","0","0","0","0","0","0","0","0","0","0","0","0","0","0","0","0","0","0","0","0","0","0","0","0","0","0","14","14","14","24300","100","3500","4600","0","0","0","0","0","0","0","0"
"yune","track-a-comparison","luna_pinyin","key_sequence_process_with_context","ni","9","2","2","80600","6","76300","196","14","400","14","0","300","1000","0","200","14","0","10","2","2800","10","2","300","2","0","10","4","2","14","14","14","0","0","2","1600","7","1","22100","7","0","0","0","0","2","1","2","300","27","24","83","1100","0","0","0","0","0","0","0","0","0","0","0","0","0","0","0","0","0","0","0","0","0","0","0","0","0","0","0","0","0","0","0","0","0","0","0","0","0","0","0","0","0","0","0","0","0","0","0","0","0","0","0","0","0","0","0","0","0","0","0","0","0","0","14","14","14","24300","100","3500","4700","0","0","0","0","0","0","0","0"
"yune","track-a-comparison","luna_pinyin","key_sequence_process_with_context","ni","10","2","2","80500","6","76200","196","14","300","14","0","200","900","0","200","14","0","10","2","2800","10","2","200","2","0","10","4","2","14","14","14","0","0","2","1500","7","1","22100","7","0","0","0","0","2","1","2","400","27","24","83","1000","0","0","0","0","0","0","0","0","0","0","0","0","0","0","0","0","0","0","0","0","0","0","0","0","0","0","0","0","0","0","0","0","0","0","0","0","0","0","0","0","0","0","0","0","0","0","0","0","0","0","0","0","0","0","0","0","0","0","0","0","0","0","14","14","14","24200","100","3500","4700","0","0","0","0","0","0","0","0"
"yune","track-a-comparison","luna_pinyin","key_sequence_process_with_context","ni","11","2","2","80400","6","76300","196","14","500","14","200","200","800","0","200","14","0","10","2","2900","10","2","300","2","0","10","4","2","14","14","14","0","0","2","1500","7","1","22100","7","0","0","0","0","2","1","2","400","27","24","83","900","0","0","0","0","0","0","0","0","0","0","0","0","0","0","0","0","0","0","0","0","0","0","0","0","0","0","0","0","0","0","0","0","0","0","0","0","0","0","0","0","0","0","0","0","0","0","0","0","0","0","0","0","0","0","0","0","0","0","0","0","0","0","14","14","14","24500","100","3600","4600","0","0","0","0","0","0","0","0"
"yune","track-a-comparison","luna_pinyin","key_sequence_process_with_context","ni","12","2","2","80600","6","76400","196","14","400","14","0","400","1000","0","100","14","0","10","2","2900","10","2","300","2","0","10","4","2","14","14","14","0","0","2","1400","7","1","22400","7","0","0","0","0","2","1","2","300","27","24","83","800","0","0","0","0","0","0","0","0","0","0","0","0","0","0","0","0","0","0","0","0","0","0","0","0","0","0","0","0","0","0","0","0","0","0","0","0","0","0","0","0","0","0","0","0","0","0","0","0","0","0","0","0","0","0","0","0","0","0","0","0","0","0","14","14","14","24600","100","3500","4600","0","0","0","0","0","0","0","0"
"yune","track-a-comparison","luna_pinyin","key_sequence_process_with_context","ni","13","2","2","83000","6","78500","196","14","200","14","200","300","900","0","100","14","0","10","2","2800","10","2","200","2","0","10","4","2","14","14","14","0","0","2","1500","7","1","22100","7","0","0","0","0","2","1","2","2600","27","24","83","700","0","0","0","0","0","0","0","0","0","0","0","0","0","0","0","0","0","0","0","0","0","0","0","0","0","0","0","0","0","0","0","0","0","0","0","0","0","0","0","0","0","0","0","0","0","0","0","0","0","0","0","0","0","0","0","0","0","0","0","0","0","0","14","14","14","24400","200","3600","4600","0","0","0","0","0","0","0","0"
"yune","track-a-comparison","luna_pinyin","key_sequence_process_with_context","ni","14","2","2","80600","6","76300","196","14","200","14","100","200","900","0","200","14","0","10","2","2800","10","2","200","2","0","10","4","2","14","14","14","0","0","2","1400","7","1","22200","7","0","0","0","0","2","1","2","300","27","24","83","700","0","0","0","0","0","0","0","0","0","0","0","0","0","0","0","0","0","0","0","0","0","0","0","0","0","0","0","0","0","0","0","0","0","0","0","0","0","0","0","0","0","0","0","0","0","0","0","0","0","0","0","0","0","0","0","0","0","0","0","0","0","0","14","14","14","24300","0","3500","4600","0","0","0","0","0","0","0","0"
"yune","track-a-comparison","luna_pinyin","key_sequence_process_with_context","ni","15","2","2","80800","6","76400","196","14","400","14","100","300","1000","100","100","14","0","10","2","2800","10","2","200","2","0","10","4","2","14","14","14","0","0","2","1400","7","1","22300","7","0","0","0","0","2","1","2","300","27","24","83","1000","0","0","0","0","0","0","0","0","0","0","0","0","0","0","0","0","0","0","0","0","0","0","0","0","0","0","0","0","0","0","0","0","0","0","0","0","0","0","0","0","0","0","0","0","0","0","0","0","0","0","0","0","0","0","0","0","0","0","0","0","0","0","14","14","14","24500","100","3500","4700","0","0","0","0","0","0","0","0"
"yune","track-a-comparison","luna_pinyin","key_sequence_process_with_context","ni","16","2","2","80900","6","76600","196","14","500","14","0","300","900","0","200","14","0","10","2","2800","10","2","300","2","0","10","4","2","14","14","14","0","0","2","1600","7","1","22500","7","0","0","0","0","2","1","2","300","27","24","83","900","0","0","0","0","0","0","0","0","0","0","0","0","0","0","0","0","0","0","0","0","0","0","0","0","0","0","0","0","0","0","0","0","0","0","0","0","0","0","0","0","0","0","0","0","0","0","0","0","0","0","0","0","0","0","0","0","0","0","0","0","0","0","14","14","14","24700","100","3600","4600","0","0","0","0","0","0","0","0"
"yune","track-a-comparison","luna_pinyin","key_sequence_process_with_context","ni","17","2","2","80300","6","76200","196","14","300","14","100","300","900","0","200","14","0","10","2","2800","10","2","300","2","0","10","4","2","14","14","14","0","0","2","1500","7","1","22200","7","0","0","0","0","2","1","2","400","27","24","83","900","0","0","0","0","0","0","0","0","0","0","0","0","0","0","0","0","0","0","0","0","0","0","0","0","0","0","0","0","0","0","0","0","0","0","0","0","0","0","0","0","0","0","0","0","0","0","0","0","0","0","0","0","0","0","0","0","0","0","0","0","0","0","14","14","14","24600","100","3500","4600","0","0","0","0","0","0","0","0"
"yune","track-a-comparison","luna_pinyin","key_sequence_process_with_context","ni","18","2","2","81400","6","77100","196","14","400","14","100","300","900","0","200","14","0","10","2","2800","10","2","200","2","0","10","4","2","14","14","14","0","0","2","1400","7","1","22300","7","0","0","0","0","2","1","2","400","27","24","83","800","0","0","0","0","0","0","0","0","0","0","0","0","0","0","0","0","0","0","0","0","0","0","0","0","0","0","0","0","0","0","0","0","0","0","0","0","0","0","0","0","0","0","0","0","0","0","0","0","0","0","0","0","0","0","0","0","0","0","0","0","0","0","14","14","14","24500","100","3500","4600","0","0","0","0","0","0","0","0"
"yune","track-a-comparison","luna_pinyin","key_sequence_process_with_context","ni","19","2","2","82700","6","78300","196","14","400","14","100","200","800","0","200","14","0","10","2","2800","10","2","200","2","0","10","4","2","14","14","14","0","0","2","1600","7","1","22700","7","0","0","0","0","2","1","2","300","27","24","83","800","0","0","0","0","0","0","0","0","0","0","0","0","0","0","0","0","0","0","0","0","0","0","0","0","0","0","0","0","0","0","0","0","0","0","0","0","0","0","0","0","0","0","0","0","0","0","0","0","0","0","0","0","0","0","0","0","0","0","0","0","0","0","14","14","14","25100","200","3500","4800","0","0","0","0","0","0","0","0"
"yune","track-a-comparison","luna_pinyin","key_sequence_process_with_context","ni","20","2","2","81400","6","77000","196","14","600","14","0","400","900","100","100","14","0","10","2","2800","10","2","200","2","0","10","4","2","14","14","14","0","0","2","1500","7","1","22300","7","0","0","0","0","2","1","2","300","27","24","83","800","0","0","0","0","0","0","0","0","0","0","0","0","0","0","0","0","0","0","0","0","0","0","0","0","0","0","0","0","0","0","0","0","0","0","0","0","0","0","0","0","0","0","0","0","0","0","0","0","0","0","0","0","0","0","0","0","0","0","0","0","0","0","14","14","14","24600","0","3600","4700","0","0","0","0","0","0","0","0"
"yune","track-a-comparison","luna_pinyin","key_sequence_process_with_context","ni","21","2","2","81000","6","76800","196","14","400","14","100","300","1000","100","100","14","0","10","2","2800","10","2","200","2","0","10","4","2","14","14","14","0","0","2","1600","7","1","22300","7","0","0","0","0","2","1","2","400","27","24","83","700","0","0","0","0","0","0","0","0","0","0","0","0","0","0","0","0","0","0","0","0","0","0","0","0","0","0","0","0","0","0","0","0","0","0","0","0","0","0","0","0","0","0","0","0","0","0","0","0","0","0","0","0","0","0","0","0","0","0","0","0","0","0","14","14","14","24600","100","3600","4700","0","0","0","0","0","0","0","0"
"yune","track-a-comparison","luna_pinyin","key_sequence_process_with_context","ni","22","2","2","83400","6","79000","196","14","300","14","0","400","900","100","200","14","0","10","2","2800","10","2","200","2","0","10","4","2","14","14","14","0","0","2","1600","7","1","22600","7","0","0","0","0","2","1","2","300","27","24","83","900","0","0","0","0","0","0","0","0","0","0","0","0","0","0","0","0","0","0","0","0","0","0","0","0","0","0","0","0","0","0","0","0","0","0","0","0","0","0","0","0","0","0","0","0","0","0","0","0","0","0","0","0","0","0","0","0","0","0","0","0","0","0","14","14","14","24900","100","3600","4700","0","0","0","0","0","0","0","0"
"yune","track-a-comparison","luna_pinyin","key_sequence_process_with_context","ni","23","2","2","81200","6","76800","196","14","300","14","0","400","1000","100","100","14","0","10","2","2800","10","2","300","2","0","10","4","2","14","14","14","0","0","2","1400","7","1","22400","7","0","0","0","0","2","1","2","400","27","24","83","1200","0","0","0","0","0","0","0","0","0","0","0","0","0","0","0","0","0","0","0","0","0","0","0","0","0","0","0","0","0","0","0","0","0","0","0","0","0","0","0","0","0","0","0","0","0","0","0","0","0","0","0","0","0","0","0","0","0","0","0","0","0","0","14","14","14","24600","200","3600","4600","0","0","0","0","0","0","0","0"
"yune","track-a-comparison","luna_pinyin","key_sequence_process_with_context","ni","24","2","2","81500","6","77000","196","14","500","14","0","300","1000","0","300","14","0","10","2","2900","10","2","300","2","0","10","4","2","14","14","14","0","0","2","1500","7","1","22600","7","0","0","0","0","2","1","2","200","27","24","83","1100","0","0","0","0","0","0","0","0","0","0","0","0","0","0","0","0","0","0","0","0","0","0","0","0","0","0","0","0","0","0","0","0","0","0","0","0","0","0","0","0","0","0","0","0","0","0","0","0","0","0","0","0","0","0","0","0","0","0","0","0","0","0","14","14","14","24800","0","3500","4700","0","0","0","0","0","0","0","0"
"yune","track-a-comparison","luna_pinyin","key_sequence_process_with_context","ni","25","2","2","81700","6","77500","196","14","500","14","0","200","1000","0","200","14","0","10","2","2800","10","2","300","2","0","10","4","2","14","14","14","0","0","2","1400","7","1","22200","7","0","0","0","0","2","1","2","400","27","24","83","1300","0","0","0","0","0","0","0","0","0","0","0","0","0","0","0","0","0","0","0","0","0","0","0","0","0","0","0","0","0","0","0","0","0","0","0","0","0","0","0","0","0","0","0","0","0","0","0","0","0","0","0","0","0","0","0","0","0","0","0","0","0","0","14","14","14","24500","100","3500","4700","0","0","0","0","0","0","0","0"
"yune","track-a-comparison","luna_pinyin","key_sequence_process_with_context","ni","26","2","2","81600","6","77100","196","14","500","14","0","400","1000","0","300","14","0","10","2","2800","10","2","400","2","0","10","4","2","14","14","14","0","0","2","1500","7","1","22600","7","0","0","0","0","2","1","2","400","27","24","83","1200","0","0","0","0","0","0","0","0","0","0","0","0","0","0","0","0","0","0","0","0","0","0","0","0","0","0","0","0","0","0","0","0","0","0","0","0","0","0","0","0","0","0","0","0","0","0","0","0","0","0","0","0","0","0","0","0","0","0","0","0","0","0","14","14","14","24900","100","3600","4600","0","0","0","0","0","0","0","0"
"yune","track-a-comparison","luna_pinyin","key_sequence_process_with_context","ni","27","2","2","81400","6","77200","196","14","500","14","200","300","900","100","200","14","0","10","2","2900","10","2","200","2","0","10","4","2","14","14","14","0","0","2","1600","7","1","22700","7","0","0","0","0","2","1","2","400","27","24","83","900","0","0","0","0","0","0","0","0","0","0","0","0","0","0","0","0","0","0","0","0","0","0","0","0","0","0","0","0","0","0","0","0","0","0","0","0","0","0","0","0","0","0","0","0","0","0","0","0","0","0","0","0","0","0","0","0","0","0","0","0","0","0","14","14","14","25000","100","3500","4700","0","0","0","0","0","0","0","0"
"yune","track-a-comparison","luna_pinyin","key_sequence_process_with_context","ni","28","2","2","81700","6","77300","196","14","500","14","100","400","900","100","200","14","0","10","2","2900","10","2","300","2","0","10","4","2","14","14","14","0","0","2","1500","7","1","22800","7","0","0","0","0","2","1","2","300","27","24","83","1000","0","0","0","0","0","0","0","0","0","0","0","0","0","0","0","0","0","0","0","0","0","0","0","0","0","0","0","0","0","0","0","0","0","0","0","0","0","0","0","0","0","0","0","0","0","0","0","0","0","0","0","0","0","0","0","0","0","0","0","0","0","0","14","14","14","25000","0","3500","4700","0","0","0","0","0","0","0","0"
"yune","track-a-comparison","luna_pinyin","key_sequence_process_with_context","ni","29","2","2","82400","6","78000","196","14","300","14","100","300","1000","0","100","14","0","10","2","2800","10","2","200","2","0","10","4","2","14","14","14","0","0","2","1600","7","1","23700","7","0","0","0","0","2","1","2","400","27","24","83","600","0","0","0","0","0","0","0","0","0","0","0","0","0","0","0","0","0","0","0","0","0","0","0","0","0","0","0","0","0","0","0","0","0","0","0","0","0","0","0","0","0","0","0","0","0","0","0","0","0","0","0","0","0","0","0","0","0","0","0","0","0","0","14","14","14","25900","100","3400","4700","0","0","0","0","0","0","0","0"
"yune","track-a-comparison","luna_pinyin","key_sequence_process_with_context","ni","30","2","2","82700","6","78200","196","14","200","14","0","300","900","0","300","14","0","10","2","2800","10","2","200","2","0","10","4","2","14","14","14","0","0","2","1400","7","1","23400","7","0","0","0","0","2","1","2","400","27","24","83","1200","0","0","0","0","0","0","0","0","0","0","0","0","0","0","0","0","0","0","0","0","0","0","0","0","0","0","0","0","0","0","0","0","0","0","0","0","0","0","0","0","0","0","0","0","0","0","0","0","0","0","0","0","0","0","0","0","0","0","0","0","0","0","14","14","14","25600","100","3600","4700","0","0","0","0","0","0","0","0"
"yune","track-a-comparison","luna_pinyin","key_sequence_process_with_context","ni","31","2","2","82700","6","78300","196","14","200","14","0","400","1000","0","200","14","0","10","2","2800","10","2","200","2","0","10","4","2","14","14","14","0","0","2","1500","7","1","23500","7","0","0","0","0","2","1","2","300","27","24","83","900","0","0","0","0","0","0","0","0","0","0","0","0","0","0","0","0","0","0","0","0","0","0","0","0","0","0","0","0","0","0","0","0","0","0","0","0","0","0","0","0","0","0","0","0","0","0","0","0","0","0","0","0","0","0","0","0","0","0","0","0","0","0","14","14","14","25800","100","3600","4600","0","0","0","0","0","0","0","0"
"yune","track-a-comparison","luna_pinyin","key_sequence_process_with_context","ni","32","2","2","82300","6","78000","196","14","300","14","100","400","900","100","100","14","0","10","2","2900","10","2","200","2","0","10","4","2","14","14","14","0","0","2","1500","7","1","23200","7","0","0","0","0","2","1","2","300","27","24","83","700","0","0","0","0","0","0","0","0","0","0","0","0","0","0","0","0","0","0","0","0","0","0","0","0","0","0","0","0","0","0","0","0","0","0","0","0","0","0","0","0","0","0","0","0","0","0","0","0","0","0","0","0","0","0","0","0","0","0","0","0","0","0","14","14","14","25500","100","3600","4600","0","0","0","0","0","0","0","0"
"yune","track-a-comparison","luna_pinyin","key_sequence_process_with_context","ni","33","2","2","81100","6","76900","196","14","400","14","0","200","900","0","200","14","0","10","2","2800","10","2","400","2","0","10","4","2","14","14","14","0","0","2","1600","7","1","22300","7","0","0","0","0","2","1","2","400","27","24","83","1100","0","0","0","0","0","0","0","0","0","0","0","0","0","0","0","0","0","0","0","0","0","0","0","0","0","0","0","0","0","0","0","0","0","0","0","0","0","0","0","0","0","0","0","0","0","0","0","0","0","0","0","0","0","0","0","0","0","0","0","0","0","0","14","14","14","24500","200","3600","4700","0","0","0","0","0","0","0","0"
"yune","track-a-comparison","luna_pinyin","key_sequence_process_with_context","ni","34","2","2","81600","6","77200","196","14","300","14","100","300","900","0","100","14","0","10","2","2800","10","2","200","2","0","10","4","2","14","14","14","0","0","2","1400","7","1","22600","7","0","0","0","0","2","1","2","300","27","24","83","1000","0","0","0","0","0","0","0","0","0","0","0","0","0","0","0","0","0","0","0","0","0","0","0","0","0","0","0","0","0","0","0","0","0","0","0","0","0","0","0","0","0","0","0","0","0","0","0","0","0","0","0","0","0","0","0","0","0","0","0","0","0","0","14","14","14","24800","0","3500","4700","0","0","0","0","0","0","0","0"
"yune","track-a-comparison","luna_pinyin","key_sequence_process_with_context","ni","35","2","2","81400","6","77000","196","14","300","14","0","200","900","0","200","14","0","10","2","2900","10","2","200","2","0","10","4","2","14","14","14","0","0","2","1400","7","1","22400","7","0","0","0","0","2","1","2","300","27","24","83","1000","0","0","0","0","0","0","0","0","0","0","0","0","0","0","0","0","0","0","0","0","0","0","0","0","0","0","0","0","0","0","0","0","0","0","0","0","0","0","0","0","0","0","0","0","0","0","0","0","0","0","0","0","0","0","0","0","0","0","0","0","0","0","14","14","14","24700","200","3700","4700","0","0","0","0","0","0","0","0"
"yune","track-a-comparison","luna_pinyin","key_sequence_process_with_context","ni","36","2","2","81300","6","76900","196","14","500","14","0","300","1000","0","300","14","0","10","2","2800","10","2","200","2","0","10","4","2","14","14","14","0","0","2","1400","7","1","22500","7","0","0","0","0","2","1","2","300","27","24","83","1200","0","0","0","0","0","0","0","0","0","0","0","0","0","0","0","0","0","0","0","0","0","0","0","0","0","0","0","0","0","0","0","0","0","0","0","0","0","0","0","0","0","0","0","0","0","0","0","0","0","0","0","0","0","0","0","0","0","0","0","0","0","0","14","14","14","24700","100","3500","4800","0","0","0","0","0","0","0","0"
"yune","track-a-comparison","luna_pinyin","key_sequence_process_with_context","ni","37","2","2","81400","6","77000","196","14","200","14","200","400","900","0","200","14","0","10","2","2900","10","2","300","2","0","10","4","2","14","14","14","0","0","2","1400","7","1","22600","7","0","0","0","0","2","1","2","300","27","24","83","700","0","0","0","0","0","0","0","0","0","0","0","0","0","0","0","0","0","0","0","0","0","0","0","0","0","0","0","0","0","0","0","0","0","0","0","0","0","0","0","0","0","0","0","0","0","0","0","0","0","0","0","0","0","0","0","0","0","0","0","0","0","0","14","14","14","24900","100","3500","4500","0","0","0","0","0","0","0","0"
"yune","track-a-comparison","luna_pinyin","key_sequence_process_with_context","ni","38","2","2","81400","6","77100","196","14","600","14","0","400","1000","0","200","14","0","10","2","2800","10","2","200","2","0","10","4","2","14","14","14","0","0","2","1400","7","1","22500","7","0","0","0","0","2","1","2","400","27","24","83","600","0","0","0","0","0","0","0","0","0","0","0","0","0","0","0","0","0","0","0","0","0","0","0","0","0","0","0","0","0","0","0","0","0","0","0","0","0","0","0","0","0","0","0","0","0","0","0","0","0","0","0","0","0","0","0","0","0","0","0","0","0","0","14","14","14","24900","200","3600","4600","0","0","0","0","0","0","0","0"
"yune","track-a-comparison","luna_pinyin","key_sequence_process_with_context","ni","39","2","2","85300","6","81000","196","14","200","14","0","400","1000","200","100","14","0","10","2","2800","10","2","200","2","0","10","4","2","14","14","14","0","0","2","1400","7","1","22600","7","0","0","0","0","2","1","2","400","27","24","83","700","0","0","0","0","0","0","0","0","0","0","0","0","0","0","0","0","0","0","0","0","0","0","0","0","0","0","0","0","0","0","0","0","0","0","0","0","0","0","0","0","0","0","0","0","0","0","0","0","0","0","0","0","0","0","0","0","0","0","0","0","0","0","14","14","14","24900","200","3600","4700","0","0","0","0","0","0","0","0"
"yune","track-a-comparison","luna_pinyin","key_sequence_process_with_context","ni","40","2","2","81900","6","77600","196","14","300","14","0","300","1000","100","100","14","0","10","2","2900","10","2","200","2","0","10","4","2","14","14","14","0","0","2","1500","7","1","22700","7","0","0","0","0","2","1","2","300","27","24","83","1100","0","0","0","0","0","0","0","0","0","0","0","0","0","0","0","0","0","0","0","0","0","0","0","0","0","0","0","0","0","0","0","0","0","0","0","0","0","0","0","0","0","0","0","0","0","0","0","0","0","0","0","0","0","0","0","0","0","0","0","0","0","0","14","14","14","25000","0","3500","4800","0","0","0","0","0","0","0","0"
"yune","track-a-comparison","luna_pinyin","key_sequence_process_with_context","ni","41","2","2","83400","6","79200","196","14","400","14","0","200","1000","200","100","14","0","10","2","2900","10","2","200","2","0","10","4","2","14","14","14","0","0","2","1500","7","1","23700","7","0","0","0","0","2","1","2","300","27","24","83","1000","0","0","0","0","0","0","0","0","0","0","0","0","0","0","0","0","0","0","0","0","0","0","0","0","0","0","0","0","0","0","0","0","0","0","0","0","0","0","0","0","0","0","0","0","0","0","0","0","0","0","0","0","0","0","0","0","0","0","0","0","0","0","14","14","14","26000","100","3700","4800","0","0","0","0","0","0","0","0"
"yune","track-a-comparison","luna_pinyin","key_sequence_process_with_context","ni","42","2","2","83300","6","78700","196","14","400","14","0","200","900","0","200","14","0","10","2","2800","10","2","300","2","0","10","4","2","14","14","14","0","0","2","1600","7","1","23600","7","0","0","0","0","2","1","2","300","27","24","83","900","0","0","0","0","0","0","0","0","0","0","0","0","0","0","0","0","0","0","0","0","0","0","0","0","0","0","0","0","0","0","0","0","0","0","0","0","0","0","0","0","0","0","0","0","0","0","0","0","0","0","0","0","0","0","0","0","0","0","0","0","0","0","14","14","14","25900","0","3600","4800","0","0","0","0","0","0","0","0"
"yune","track-a-comparison","luna_pinyin","key_sequence_process_with_context","ni","43","2","2","83200","6","79000","196","14","500","14","0","300","1000","100","100","14","0","10","2","2800","10","2","200","2","0","10","4","2","14","14","14","0","0","2","1600","7","1","24000","7","0","0","0","0","2","1","2","200","27","24","83","900","0","0","0","0","0","0","0","0","0","0","0","0","0","0","0","0","0","0","0","0","0","0","0","0","0","0","0","0","0","0","0","0","0","0","0","0","0","0","0","0","0","0","0","0","0","0","0","0","0","0","0","0","0","0","0","0","0","0","0","0","0","0","14","14","14","26300","100","3600","4600","0","0","0","0","0","0","0","0"
"yune","track-a-comparison","luna_pinyin","key_sequence_process_with_context","ni","44","2","2","82900","6","78700","196","14","400","14","100","300","900","0","100","14","0","10","2","2900","10","2","200","2","0","10","4","2","14","14","14","0","0","2","1600","7","1","23900","7","0","0","0","0","2","1","2","400","27","24","83","900","0","0","0","0","0","0","0","0","0","0","0","0","0","0","0","0","0","0","0","0","0","0","0","0","0","0","0","0","0","0","0","0","0","0","0","0","0","0","0","0","0","0","0","0","0","0","0","0","0","0","0","0","0","0","0","0","0","0","0","0","0","0","14","14","14","26100","0","3600","4700","0","0","0","0","0","0","0","0"
"yune","track-a-comparison","luna_pinyin","key_sequence_process_with_context","ni","45","2","2","81500","6","77300","196","14","500","14","0","300","1000","200","100","14","0","10","2","2900","10","2","300","2","0","10","4","2","14","14","14","0","0","2","1500","7","1","22700","7","0","0","0","0","2","1","2","300","27","24","83","700","0","0","0","0","0","0","0","0","0","0","0","0","0","0","0","0","0","0","0","0","0","0","0","0","0","0","0","0","0","0","0","0","0","0","0","0","0","0","0","0","0","0","0","0","0","0","0","0","0","0","0","0","0","0","0","0","0","0","0","0","0","0","14","14","14","25000","100","3600","4700","0","0","0","0","0","0","0","0"
"yune","track-a-comparison","luna_pinyin","key_sequence_process_with_context","ni","46","2","2","81900","6","77500","196","14","400","14","0","200","1000","0","200","14","0","10","2","2800","10","2","400","2","0","10","4","2","14","14","14","0","0","2","1400","7","1","22800","7","0","0","0","0","2","1","2","300","27","24","83","1200","0","0","0","0","0","0","0","0","0","0","0","0","0","0","0","0","0","0","0","0","0","0","0","0","0","0","0","0","0","0","0","0","0","0","0","0","0","0","0","0","0","0","0","0","0","0","0","0","0","0","0","0","0","0","0","0","0","0","0","0","0","0","14","14","14","25100","100","3500","4700","0","0","0","0","0","0","0","0"
"yune","track-a-comparison","luna_pinyin","key_sequence_process_with_context","ni","47","2","2","81400","6","77200","196","14","400","14","100","400","900","0","100","14","0","10","2","3000","10","2","200","2","0","10","4","2","14","14","14","0","0","2","1500","7","1","22500","7","0","0","0","0","2","1","2","400","27","24","83","700","0","0","0","0","0","0","0","0","0","0","0","0","0","0","0","0","0","0","0","0","0","0","0","0","0","0","0","0","0","0","0","0","0","0","0","0","0","0","0","0","0","0","0","0","0","0","0","0","0","0","0","0","0","0","0","0","0","0","0","0","0","0","14","14","14","24900","100","3500","4600","0","0","0","0","0","0","0","0"
"yune","track-a-comparison","luna_pinyin","key_sequence_process_with_context","ni","48","2","2","86100","6","81700","196","14","600","14","200","200","1000","200","100","14","0","10","2","2800","10","2","300","2","0","10","4","2","14","14","14","0","0","2","1400","7","1","22900","7","0","0","0","0","2","1","2","400","27","24","83","900","0","0","0","0","0","0","0","0","0","0","0","0","0","0","0","0","0","0","0","0","0","0","0","0","0","0","0","0","0","0","0","0","0","0","0","0","0","0","0","0","0","0","0","0","0","0","0","0","0","0","0","0","0","0","0","0","0","0","0","0","0","0","14","14","14","25000","0","3500","4600","0","0","0","0","0","0","0","0"
"yune","track-a-comparison","luna_pinyin","key_sequence_process_with_context","ni","49","2","2","81900","6","77500","196","14","600","14","200","400","1000","200","100","14","0","10","2","2900","10","2","200","2","0","10","4","2","14","14","14","0","0","2","1600","7","1","22600","7","0","0","0","0","2","1","2","400","27","24","83","600","0","0","0","0","0","0","0","0","0","0","0","0","0","0","0","0","0","0","0","0","0","0","0","0","0","0","0","0","0","0","0","0","0","0","0","0","0","0","0","0","0","0","0","0","0","0","0","0","0","0","0","0","0","0","0","0","0","0","0","0","0","0","14","14","14","24900","0","3500","4700","0","0","0","0","0","0","0","0"
"yune","track-a-comparison","luna_pinyin","key_sequence_process_with_context","ni","50","2","2","82200","6","77700","196","14","500","14","100","400","1000","0","200","14","0","10","2","2900","10","2","300","2","0","10","4","2","14","14","14","0","0","2","1400","7","1","23000","7","0","0","0","0","2","1","2","400","27","24","83","1200","0","0","0","0","0","0","0","0","0","0","0","0","0","0","0","0","0","0","0","0","0","0","0","0","0","0","0","0","0","0","0","0","0","0","0","0","0","0","0","0","0","0","0","0","0","0","0","0","0","0","0","0","0","0","0","0","0","0","0","0","0","0","14","14","14","25200","0","3500","4600","0","0","0","0","0","0","0","0"
"yune","track-a-comparison","luna_pinyin","key_sequence_process_with_context","ni","51","2","2","81600","6","77400","196","14","400","14","100","300","900","100","200","14","0","10","2","2900","10","2","200","2","0","10","4","2","14","14","14","0","0","2","1500","7","1","22500","7","0","0","0","0","2","1","2","300","27","24","83","600","0","0","0","0","0","0","0","0","0","0","0","0","0","0","0","0","0","0","0","0","0","0","0","0","0","0","0","0","0","0","0","0","0","0","0","0","0","0","0","0","0","0","0","0","0","0","0","0","0","0","0","0","0","0","0","0","0","0","0","0","0","0","14","14","14","24700","100","3400","4700","0","0","0","0","0","0","0","0"
"yune","track-a-comparison","luna_pinyin","key_sequence_process_with_context","ni","52","2","2","82100","6","77800","196","14","300","14","100","300","900","0","200","14","0","10","2","2800","10","2","300","2","0","10","4","2","14","14","14","0","0","2","1400","7","1","22600","7","0","0","0","0","2","1","2","400","27","24","83","1200","0","0","0","0","0","0","0","0","0","0","0","0","0","0","0","0","0","0","0","0","0","0","0","0","0","0","0","0","0","0","0","0","0","0","0","0","0","0","0","0","0","0","0","0","0","0","0","0","0","0","0","0","0","0","0","0","0","0","0","0","0","0","14","14","14","24800","0","3600","4700","0","0","0","0","0","0","0","0"
"yune","track-a-comparison","luna_pinyin","key_sequence_process_with_context","ni","53","2","2","84000","6","79700","196","14","500","14","0","300","1000","100","200","14","0","10","2","3000","10","2","200","2","0","10","4","2","14","14","14","0","0","2","1400","7","1","22900","7","0","0","0","0","2","1","2","200","27","24","83","600","0","0","0","0","0","0","0","0","0","0","0","0","0","0","0","0","0","0","0","0","0","0","0","0","0","0","0","0","0","0","0","0","0","0","0","0","0","0","0","0","0","0","0","0","0","0","0","0","0","0","0","0","0","0","0","0","0","0","0","0","0","0","14","14","14","25100","0","3600","4800","0","0","0","0","0","0","0","0"
"yune","track-a-comparison","luna_pinyin","key_sequence_process_with_context","ni","54","2","2","83800","6","79400","196","14","400","14","0","300","1000","100","100","14","0","10","2","3000","10","2","200","2","0","10","4","2","14","14","14","0","0","2","1600","7","1","23100","7","0","0","0","0","2","1","2","400","27","24","83","900","0","0","0","0","0","0","0","0","0","0","0","0","0","0","0","0","0","0","0","0","0","0","0","0","0","0","0","0","0","0","0","0","0","0","0","0","0","0","0","0","0","0","0","0","0","0","0","0","0","0","0","0","0","0","0","0","0","0","0","0","0","0","14","14","14","25500","0","3500","4800","0","0","0","0","0","0","0","0"
"yune","track-a-comparison","luna_pinyin","key_sequence_process_with_context","ni","55","2","2","83500","6","79100","196","14","300","14","0","200","1000","100","200","14","0","10","2","2800","10","2","300","2","0","10","4","2","14","14","14","0","0","2","1500","7","1","23800","7","0","0","0","0","2","1","2","400","27","24","83","1200","0","0","0","0","0","0","0","0","0","0","0","0","0","0","0","0","0","0","0","0","0","0","0","0","0","0","0","0","0","0","0","0","0","0","0","0","0","0","0","0","0","0","0","0","0","0","0","0","0","0","0","0","0","0","0","0","0","0","0","0","0","0","14","14","14","26000","100","3600","4800","0","0","0","0","0","0","0","0"
"yune","track-a-comparison","luna_pinyin","key_sequence_process_with_context","ni","56","2","2","85500","6","81200","196","14","500","14","200","300","800","0","200","14","0","10","2","2800","10","2","200","2","0","10","4","2","14","14","14","0","0","2","1500","7","1","23600","7","0","0","0","0","2","1","2","300","27","24","83","800","0","0","0","0","0","0","0","0","0","0","0","0","0","0","0","0","0","0","0","0","0","0","0","0","0","0","0","0","0","0","0","0","0","0","0","0","0","0","0","0","0","0","0","0","0","0","0","0","0","0","0","0","0","0","0","0","0","0","0","0","0","0","14","14","14","25900","200","3600","4700","0","0","0","0","0","0","0","0"
"yune","track-a-comparison","luna_pinyin","key_sequence_process_with_context","ni","57","2","2","82500","6","78200","196","14","400","14","100","200","900","100","200","14","0","10","2","2800","10","2","200","2","0","10","4","2","14","14","14","0","0","2","1500","7","1","23600","7","0","0","0","0","2","1","2","300","27","24","83","900","0","0","0","0","0","0","0","0","0","0","0","0","0","0","0","0","0","0","0","0","0","0","0","0","0","0","0","0","0","0","0","0","0","0","0","0","0","0","0","0","0","0","0","0","0","0","0","0","0","0","0","0","0","0","0","0","0","0","0","0","0","0","14","14","14","25900","100","3600","4700","0","0","0","0","0","0","0","0"
"yune","track-a-comparison","luna_pinyin","key_sequence_process_with_context","ni","58","2","2","80900","6","76600","196","14","500","14","0","400","900","100","100","14","0","10","2","2900","10","2","200","2","0","10","4","2","14","14","14","0","0","2","1600","7","1","22300","7","0","0","0","0","2","1","2","300","27","24","83","800","0","0","0","0","0","0","0","0","0","0","0","0","0","0","0","0","0","0","0","0","0","0","0","0","0","0","0","0","0","0","0","0","0","0","0","0","0","0","0","0","0","0","0","0","0","0","0","0","0","0","0","0","0","0","0","0","0","0","0","0","0","0","14","14","14","24500","0","3600","4800","0","0","0","0","0","0","0","0"
"yune","track-a-comparison","luna_pinyin","key_sequence_process_with_context","ni","59","2","2","80900","6","76700","196","14","500","14","200","300","800","0","300","14","0","10","2","2900","10","2","300","2","0","10","4","2","14","14","14","0","0","2","1500","7","1","22300","7","0","0","0","0","2","1","2","300","27","24","83","900","0","0","0","0","0","0","0","0","0","0","0","0","0","0","0","0","0","0","0","0","0","0","0","0","0","0","0","0","0","0","0","0","0","0","0","0","0","0","0","0","0","0","0","0","0","0","0","0","0","0","0","0","0","0","0","0","0","0","0","0","0","0","14","14","14","24600","0","3600","4700","0","0","0","0","0","0","0","0"
"yune","track-a-comparison","luna_pinyin","key_sequence_process_with_context","ni","60","2","2","81100","6","76600","196","14","400","14","100","400","1000","100","100","14","0","10","2","2900","10","2","200","2","0","10","4","2","14","14","14","0","0","2","1400","7","1","22300","7","0","0","0","0","2","1","2","300","27","24","83","1000","0","0","0","0","0","0","0","0","0","0","0","0","0","0","0","0","0","0","0","0","0","0","0","0","0","0","0","0","0","0","0","0","0","0","0","0","0","0","0","0","0","0","0","0","0","0","0","0","0","0","0","0","0","0","0","0","0","0","0","0","0","0","14","14","14","24600","200","3600","4700","0","0","0","0","0","0","0","0"
"yune","track-a-comparison","luna_pinyin","key_sequence_process_with_context","ni","61","2","2","80700","6","76300","196","14","300","14","100","200","800","0","200","14","0","10","2","2900","10","2","200","2","0","10","4","2","14","14","14","0","0","2","1500","7","1","22400","7","0","0","0","0","2","1","2","300","27","24","83","700","0","0","0","0","0","0","0","0","0","0","0","0","0","0","0","0","0","0","0","0","0","0","0","0","0","0","0","0","0","0","0","0","0","0","0","0","0","0","0","0","0","0","0","0","0","0","0","0","0","0","0","0","0","0","0","0","0","0","0","0","0","0","14","14","14","24500","100","3500","4700","0","0","0","0","0","0","0","0"
"yune","track-a-comparison","luna_pinyin","key_sequence_process_with_context","ni","62","2","2","80800","6","76500","196","14","400","14","100","200","900","0","300","14","0","10","2","2800","10","2","200","2","0","10","4","2","14","14","14","0","0","2","1400","7","1","22400","7","0","0","0","0","2","1","2","400","27","24","83","1300","0","0","0","0","0","0","0","0","0","0","0","0","0","0","0","0","0","0","0","0","0","0","0","0","0","0","0","0","0","0","0","0","0","0","0","0","0","0","0","0","0","0","0","0","0","0","0","0","0","0","0","0","0","0","0","0","0","0","0","0","0","0","14","14","14","24600","0","3500","4700","0","0","0","0","0","0","0","0"
"yune","track-a-comparison","luna_pinyin","key_sequence_process_with_context","ni","63","2","2","80900","6","76500","196","14","400","14","100","300","800","0","200","14","0","10","2","2900","10","2","300","2","0","10","4","2","14","14","14","0","0","2","1400","7","1","22400","7","0","0","0","0","2","1","2","200","27","24","83","1000","0","0","0","0","0","0","0","0","0","0","0","0","0","0","0","0","0","0","0","0","0","0","0","0","0","0","0","0","0","0","0","0","0","0","0","0","0","0","0","0","0","0","0","0","0","0","0","0","0","0","0","0","0","0","0","0","0","0","0","0","0","0","14","14","14","24500","100","3600","4700","0","0","0","0","0","0","0","0"
"yune","track-a-comparison","luna_pinyin","key_sequence_process_with_context","ni","64","2","2","81100","6","76700","196","14","400","14","100","300","800","0","200","14","0","10","2","2800","10","2","200","2","0","10","4","2","14","14","14","0","0","2","1500","7","1","22400","7","0","0","0","0","2","1","2","400","27","24","83","800","0","0","0","0","0","0","0","0","0","0","0","0","0","0","0","0","0","0","0","0","0","0","0","0","0","0","0","0","0","0","0","0","0","0","0","0","0","0","0","0","0","0","0","0","0","0","0","0","0","0","0","0","0","0","0","0","0","0","0","0","0","0","14","14","14","24800","100","3500","4700","0","0","0","0","0","0","0","0"
"yune","track-a-comparison","luna_pinyin","key_sequence_process_with_context","ni","65","2","2","82700","6","78300","196","14","200","14","200","300","800","0","100","14","0","10","2","2800","10","2","300","2","0","10","4","2","14","14","14","0","0","2","1400","7","1","22400","7","0","0","0","0","2","1","2","300","27","24","83","1000","0","0","0","0","0","0","0","0","0","0","0","0","0","0","0","0","0","0","0","0","0","0","0","0","0","0","0","0","0","0","0","0","0","0","0","0","0","0","0","0","0","0","0","0","0","0","0","0","0","0","0","0","0","0","0","0","0","0","0","0","0","0","14","14","14","24700","100","3500","4700","0","0","0","0","0","0","0","0"
"yune","track-a-comparison","luna_pinyin","key_sequence_process_with_context","ni","66","2","2","80800","6","76400","196","14","300","14","200","300","900","100","200","14","0","10","2","2800","10","2","300","2","0","10","4","2","14","14","14","0","0","2","1400","7","1","22400","7","0","0","0","0","2","1","2","200","27","24","83","1200","0","0","0","0","0","0","0","0","0","0","0","0","0","0","0","0","0","0","0","0","0","0","0","0","0","0","0","0","0","0","0","0","0","0","0","0","0","0","0","0","0","0","0","0","0","0","0","0","0","0","0","0","0","0","0","0","0","0","0","0","0","0","14","14","14","24600","100","3500","4700","0","0","0","0","0","0","0","0"
"yune","track-a-comparison","luna_pinyin","key_sequence_process_with_context","ni","67","2","2","80700","6","76400","196","14","300","14","0","300","1000","100","100","14","0","10","2","2900","10","2","300","2","0","10","4","2","14","14","14","0","0","2","1500","7","1","22400","7","0","0","0","0","2","1","2","400","27","24","83","1100","0","0","0","0","0","0","0","0","0","0","0","0","0","0","0","0","0","0","0","0","0","0","0","0","0","0","0","0","0","0","0","0","0","0","0","0","0","0","0","0","0","0","0","0","0","0","0","0","0","0","0","0","0","0","0","0","0","0","0","0","0","0","14","14","14","24600","200","3500","4600","0","0","0","0","0","0","0","0"
"yune","track-a-comparison","luna_pinyin","key_sequence_process_with_context","ni","68","2","2","83900","6","79600","196","14","400","14","100","400","1000","200","200","14","0","10","2","3000","10","2","200","2","0","10","4","2","14","14","14","0","0","2","1600","7","1","23700","7","0","0","0","0","2","1","2","400","27","24","83","600","0","0","0","0","0","0","0","0","0","0","0","0","0","0","0","0","0","0","0","0","0","0","0","0","0","0","0","0","0","0","0","0","0","0","0","0","0","0","0","0","0","0","0","0","0","0","0","0","0","0","0","0","0","0","0","0","0","0","0","0","0","0","14","14","14","26000","200","3700","4800","0","0","0","0","0","0","0","0"
"yune","track-a-comparison","luna_pinyin","key_sequence_process_with_context","ni","69","2","2","82400","6","78100","196","14","600","14","100","200","900","0","100","14","0","10","2","2800","10","2","300","2","0","10","4","2","14","14","14","0","0","2","1500","7","1","23500","7","0","0","0","0","2","1","2","400","27","24","83","1300","0","0","0","0","0","0","0","0","0","0","0","0","0","0","0","0","0","0","0","0","0","0","0","0","0","0","0","0","0","0","0","0","0","0","0","0","0","0","0","0","0","0","0","0","0","0","0","0","0","0","0","0","0","0","0","0","0","0","0","0","0","0","14","14","14","25600","100","3600","4600","0","0","0","0","0","0","0","0"
"yune","track-a-comparison","luna_pinyin","key_sequence_process_with_context","ni","70","2","2","82700","6","78400","196","14","300","14","0","300","1000","0","100","14","0","10","2","3000","10","2","200","2","0","10","4","2","14","14","14","0","0","2","1500","7","1","23300","7","0","0","0","0","2","1","2","300","27","24","83","700","0","0","0","0","0","0","0","0","0","0","0","0","0","0","0","0","0","0","0","0","0","0","0","0","0","0","0","0","0","0","0","0","0","0","0","0","0","0","0","0","0","0","0","0","0","0","0","0","0","0","0","0","0","0","0","0","0","0","0","0","0","0","14","14","14","25700","200","3500","4800","0","0","0","0","0","0","0","0"
"yune","track-a-comparison","luna_pinyin","key_sequence_process_with_context","ni","71","2","2","80600","6","76200","196","14","500","14","100","300","1000","100","200","14","0","10","2","2800","10","2","200","2","0","10","4","2","14","14","14","0","0","2","1500","7","1","22100","7","0","0","0","0","2","1","2","300","27","24","83","900","0","0","0","0","0","0","0","0","0","0","0","0","0","0","0","0","0","0","0","0","0","0","0","0","0","0","0","0","0","0","0","0","0","0","0","0","0","0","0","0","0","0","0","0","0","0","0","0","0","0","0","0","0","0","0","0","0","0","0","0","0","0","14","14","14","24300","0","3500","4600","0","0","0","0","0","0","0","0"
"yune","track-a-comparison","luna_pinyin","key_sequence_process_with_context","ni","72","2","2","81200","6","76900","196","14","500","14","0","400","900","0","200","14","0","10","2","2800","10","2","300","2","0","10","4","2","14","14","14","0","0","2","1500","7","1","22500","7","0","0","0","0","2","1","2","400","27","24","83","1200","0","0","0","0","0","0","0","0","0","0","0","0","0","0","0","0","0","0","0","0","0","0","0","0","0","0","0","0","0","0","0","0","0","0","0","0","0","0","0","0","0","0","0","0","0","0","0","0","0","0","0","0","0","0","0","0","0","0","0","0","0","0","14","14","14","24800","100","3500","4600","0","0","0","0","0","0","0","0"
"yune","track-a-comparison","luna_pinyin","key_sequence_process_with_context","ni","73","2","2","80700","6","76400","196","14","400","14","100","300","900","0","100","14","0","10","2","2900","10","2","200","2","0","10","4","2","14","14","14","0","0","2","1400","7","1","22200","7","0","0","0","0","2","1","2","400","27","24","83","800","0","0","0","0","0","0","0","0","0","0","0","0","0","0","0","0","0","0","0","0","0","0","0","0","0","0","0","0","0","0","0","0","0","0","0","0","0","0","0","0","0","0","0","0","0","0","0","0","0","0","0","0","0","0","0","0","0","0","0","0","0","0","14","14","14","24400","200","3600","4700","0","0","0","0","0","0","0","0"
"yune","track-a-comparison","luna_pinyin","key_sequence_process_with_context","ni","74","2","2","80500","6","76400","196","14","300","14","100","300","800","0","100","14","0","10","2","2800","10","2","300","2","0","10","4","2","14","14","14","0","0","2","1400","7","1","22200","7","0","0","0","0","2","1","2","400","27","24","83","1000","0","0","0","0","0","0","0","0","0","0","0","0","0","0","0","0","0","0","0","0","0","0","0","0","0","0","0","0","0","0","0","0","0","0","0","0","0","0","0","0","0","0","0","0","0","0","0","0","0","0","0","0","0","0","0","0","0","0","0","0","0","0","14","14","14","24400","200","3600","4600","0","0","0","0","0","0","0","0"
"yune","track-a-comparison","luna_pinyin","key_sequence_process_with_context","ni","75","2","2","80900","6","76600","196","14","500","14","100","300","1000","100","100","14","0","10","2","2800","10","2","200","2","0","10","4","2","14","14","14","0","0","2","1500","7","1","22200","7","0","0","0","0","2","1","2","400","27","24","83","900","0","0","0","0","0","0","0","0","0","0","0","0","0","0","0","0","0","0","0","0","0","0","0","0","0","0","0","0","0","0","0","0","0","0","0","0","0","0","0","0","0","0","0","0","0","0","0","0","0","0","0","0","0","0","0","0","0","0","0","0","0","0","14","14","14","24500","100","3600","4700","0","0","0","0","0","0","0","0"
"yune","track-a-comparison","luna_pinyin","key_sequence_process_with_context","ni","76","2","2","80800","6","76400","196","14","300","14","0","200","900","0","200","14","0","10","2","2900","10","2","300","2","0","10","4","2","14","14","14","0","0","2","1400","7","1","22200","7","0","0","0","0","2","1","2","400","27","24","83","800","0","0","0","0","0","0","0","0","0","0","0","0","0","0","0","0","0","0","0","0","0","0","0","0","0","0","0","0","0","0","0","0","0","0","0","0","0","0","0","0","0","0","0","0","0","0","0","0","0","0","0","0","0","0","0","0","0","0","0","0","0","0","14","14","14","24400","200","3400","4700","0","0","0","0","0","0","0","0"
"yune","track-a-comparison","luna_pinyin","key_sequence_process_with_context","ni","77","2","2","80700","6","76300","196","14","500","14","0","400","1000","100","100","14","0","10","2","2800","10","2","300","2","0","10","4","2","14","14","14","0","0","2","1400","7","1","22100","7","0","0","0","0","2","1","2","300","27","24","83","1000","0","0","0","0","0","0","0","0","0","0","0","0","0","0","0","0","0","0","0","0","0","0","0","0","0","0","0","0","0","0","0","0","0","0","0","0","0","0","0","0","0","0","0","0","0","0","0","0","0","0","0","0","0","0","0","0","0","0","0","0","0","0","14","14","14","24500","200","3500","4600","0","0","0","0","0","0","0","0"
"yune","track-a-comparison","luna_pinyin","key_sequence_process_with_context","ni","78","2","2","80600","6","76400","196","14","500","14","100","400","800","0","200","14","0","10","2","2900","10","2","300","2","0","10","4","2","14","14","14","0","0","2","1500","7","1","22200","7","0","0","0","0","2","1","2","300","27","24","83","1100","0","0","0","0","0","0","0","0","0","0","0","0","0","0","0","0","0","0","0","0","0","0","0","0","0","0","0","0","0","0","0","0","0","0","0","0","0","0","0","0","0","0","0","0","0","0","0","0","0","0","0","0","0","0","0","0","0","0","0","0","0","0","14","14","14","24500","100","3600","4600","0","0","0","0","0","0","0","0"
"yune","track-a-comparison","luna_pinyin","key_sequence_process_with_context","ni","79","2","2","80700","6","76500","196","14","500","14","0","300","1000","0","100","14","0","10","2","2900","10","2","200","2","0","10","4","2","14","14","14","0","0","2","1500","7","1","22400","7","0","0","0","0","2","1","2","400","27","24","83","700","0","0","0","0","0","0","0","0","0","0","0","0","0","0","0","0","0","0","0","0","0","0","0","0","0","0","0","0","0","0","0","0","0","0","0","0","0","0","0","0","0","0","0","0","0","0","0","0","0","0","0","0","0","0","0","0","0","0","0","0","0","0","14","14","14","24600","0","3500","4500","0","0","0","0","0","0","0","0"
"yune","track-a-comparison","luna_pinyin","key_sequence_process_with_context","hao","0","3","3","68400","9","61500","169","21","700","21","100","300","1300","0","300","21","0","15","3","4600","15","3","500","3","0","15","6","3","21","21","21","0","0","3","3300","14","1","8400","7","0","0","0","0","3","1","3","400","21","36","131","1600","0","0","0","0","0","0","0","0","0","0","0","0","0","0","0","0","0","0","0","0","0","0","0","0","0","0","0","0","0","0","0","0","0","0","0","0","0","0","0","0","0","0","0","0","0","0","0","0","0","0","0","0","0","0","0","0","0","0","0","0","0","0","21","21","21","13600","200","6500","8200","0","0","0","0","0","0","0","0"
"yune","track-a-comparison","luna_pinyin","key_sequence_process_with_context","hao","1","3","3","70700","9","63300","169","21","600","21","0","600","1500","100","300","21","0","15","3","4500","15","3","400","3","0","15","6","3","21","21","21","0","0","3","3100","14","1","9100","7","0","0","0","0","3","1","3","500","21","36","131","1600","0","0","0","0","0","0","0","0","0","0","0","0","0","0","0","0","0","0","0","0","0","0","0","0","0","0","0","0","0","0","0","0","0","0","0","0","0","0","0","0","0","0","0","0","0","0","0","0","0","0","0","0","0","0","0","0","0","0","0","0","0","0","21","21","21","14100","300","6300","7900","0","0","0","0","0","0","0","0"
"yune","track-a-comparison","luna_pinyin","key_sequence_process_with_context","hao","2","3","3","68700","9","61900","169","21","600","21","100","500","1600","0","300","21","0","15","3","4400","15","3","400","3","0","15","6","3","21","21","21","0","0","3","3000","14","1","8900","7","0","0","0","0","3","1","3","300","21","36","131","1200","0","0","0","0","0","0","0","0","0","0","0","0","0","0","0","0","0","0","0","0","0","0","0","0","0","0","0","0","0","0","0","0","0","0","0","0","0","0","0","0","0","0","0","0","0","0","0","0","0","0","0","0","0","0","0","0","0","0","0","0","0","0","21","21","21","13800","300","6300","7900","0","0","0","0","0","0","0","0"
"yune","track-a-comparison","luna_pinyin","key_sequence_process_with_context","hao","3","3","3","75000","9","68000","169","21","500","21","100","500","1500","100","300","21","0","15","3","4400","15","3","300","3","0","15","6","3","21","21","21","0","0","3","3100","14","1","8700","7","0","0","0","0","3","1","3","300","21","36","131","1300","0","0","0","0","0","0","0","0","0","0","0","0","0","0","0","0","0","0","0","0","0","0","0","0","0","0","0","0","0","0","0","0","0","0","0","0","0","0","0","0","0","0","0","0","0","0","0","0","0","0","0","0","0","0","0","0","0","0","0","0","0","0","21","21","21","13500","300","6300","8100","0","0","0","0","0","0","0","0"
"yune","track-a-comparison","luna_pinyin","key_sequence_process_with_context","hao","4","3","3","67800","9","60900","169","21","600","21","200","500","1500","200","300","21","0","15","3","4300","15","3","400","3","0","15","6","3","21","21","21","0","0","3","3100","14","1","8500","7","0","0","0","0","3","1","3","400","21","36","131","1600","0","0","0","0","0","0","0","0","0","0","0","0","0","0","0","0","0","0","0","0","0","0","0","0","0","0","0","0","0","0","0","0","0","0","0","0","0","0","0","0","0","0","0","0","0","0","0","0","0","0","0","0","0","0","0","0","0","0","0","0","0","0","21","21","21","13200","100","6200","7700","0","0","0","0","0","0","0","0"
"yune","track-a-comparison","luna_pinyin","key_sequence_process_with_context","hao","5","3","3","67200","9","60600","169","21","700","21","100","500","1400","0","300","21","0","15","3","4200","15","3","500","3","0","15","6","3","21","21","21","0","0","3","3100","14","1","8400","7","0","0","0","0","3","1","3","500","21","36","131","1600","0","0","0","0","0","0","0","0","0","0","0","0","0","0","0","0","0","0","0","0","0","0","0","0","0","0","0","0","0","0","0","0","0","0","0","0","0","0","0","0","0","0","0","0","0","0","0","0","0","0","0","0","0","0","0","0","0","0","0","0","0","0","21","21","21","13200","100","6200","7700","0","0","0","0","0","0","0","0"
"yune","track-a-comparison","luna_pinyin","key_sequence_process_with_context","hao","6","3","3","67000","9","60500","169","21","600","21","0","500","1500","0","300","21","0","15","3","4300","15","3","500","3","0","15","6","3","21","21","21","0","0","3","3100","14","1","8400","7","0","0","0","0","3","1","3","300","21","36","131","1500","0","0","0","0","0","0","0","0","0","0","0","0","0","0","0","0","0","0","0","0","0","0","0","0","0","0","0","0","0","0","0","0","0","0","0","0","0","0","0","0","0","0","0","0","0","0","0","0","0","0","0","0","0","0","0","0","0","0","0","0","0","0","21","21","21","13200","100","6100","7900","0","0","0","0","0","0","0","0"
"yune","track-a-comparison","luna_pinyin","key_sequence_process_with_context","hao","7","3","3","67500","9","60700","169","21","900","21","200","500","1500","100","300","21","0","15","3","4200","15","3","600","3","0","15","6","3","21","21","21","0","0","3","3200","14","1","8400","7","0","0","0","0","3","1","3","300","21","36","131","1800","0","0","0","0","0","0","0","0","0","0","0","0","0","0","0","0","0","0","0","0","0","0","0","0","0","0","0","0","0","0","0","0","0","0","0","0","0","0","0","0","0","0","0","0","0","0","0","0","0","0","0","0","0","0","0","0","0","0","0","0","0","0","21","21","21","13300","0","6200","7800","0","0","0","0","0","0","0","0"
"yune","track-a-comparison","luna_pinyin","key_sequence_process_with_context","hao","8","3","3","67100","9","60400","169","21","700","21","200","600","1500","100","200","21","0","15","3","4200","15","3","300","3","0","15","6","3","21","21","21","0","0","3","3100","14","1","8400","7","0","0","0","0","3","1","3","300","21","36","131","1500","0","0","0","0","0","0","0","0","0","0","0","0","0","0","0","0","0","0","0","0","0","0","0","0","0","0","0","0","0","0","0","0","0","0","0","0","0","0","0","0","0","0","0","0","0","0","0","0","0","0","0","0","0","0","0","0","0","0","0","0","0","0","21","21","21","13400","200","6100","7900","0","0","0","0","0","0","0","0"
"yune","track-a-comparison","luna_pinyin","key_sequence_process_with_context","hao","9","3","3","66400","9","59800","169","21","600","21","0","500","1500","200","200","21","0","15","3","4200","15","3","500","3","0","15","6","3","21","21","21","0","0","3","3000","14","1","8400","7","0","0","0","0","3","1","3","300","21","36","131","1500","0","0","0","0","0","0","0","0","0","0","0","0","0","0","0","0","0","0","0","0","0","0","0","0","0","0","0","0","0","0","0","0","0","0","0","0","0","0","0","0","0","0","0","0","0","0","0","0","0","0","0","0","0","0","0","0","0","0","0","0","0","0","21","21","21","13200","200","6200","7900","0","0","0","0","0","0","0","0"
"yune","track-a-comparison","luna_pinyin","key_sequence_process_with_context","hao","10","3","3","66600","9","59900","169","21","900","21","100","400","1400","100","200","21","0","15","3","4300","15","3","400","3","0","15","6","3","21","21","21","0","0","3","3100","14","1","8300","7","0","0","0","0","3","1","3","200","21","36","131","1200","0","0","0","0","0","0","0","0","0","0","0","0","0","0","0","0","0","0","0","0","0","0","0","0","0","0","0","0","0","0","0","0","0","0","0","0","0","0","0","0","0","0","0","0","0","0","0","0","0","0","0","0","0","0","0","0","0","0","0","0","0","0","21","21","21","13100","0","6100","7700","0","0","0","0","0","0","0","0"
"yune","track-a-comparison","luna_pinyin","key_sequence_process_with_context","hao","11","3","3","66500","9","59900","169","21","700","21","200","600","1500","100","200","21","0","15","3","4300","15","3","400","3","0","15","6","3","21","21","21","0","0","3","3100","14","1","8300","7","0","0","0","0","3","1","3","500","21","36","131","1700","0","0","0","0","0","0","0","0","0","0","0","0","0","0","0","0","0","0","0","0","0","0","0","0","0","0","0","0","0","0","0","0","0","0","0","0","0","0","0","0","0","0","0","0","0","0","0","0","0","0","0","0","0","0","0","0","0","0","0","0","0","0","21","21","21","13200","200","6100","7600","0","0","0","0","0","0","0","0"
"yune","track-a-comparison","luna_pinyin","key_sequence_process_with_context","hao","12","3","3","66600","9","59900","169","21","500","21","200","400","1300","0","400","21","0","15","3","4300","15","3","300","3","0","15","6","3","21","21","21","0","0","3","3000","14","1","8400","7","0","0","0","0","3","1","3","400","21","36","131","1000","0","0","0","0","0","0","0","0","0","0","0","0","0","0","0","0","0","0","0","0","0","0","0","0","0","0","0","0","0","0","0","0","0","0","0","0","0","0","0","0","0","0","0","0","0","0","0","0","0","0","0","0","0","0","0","0","0","0","0","0","0","0","21","21","21","13100","200","6200","8000","0","0","0","0","0","0","0","0"
"yune","track-a-comparison","luna_pinyin","key_sequence_process_with_context","hao","13","3","3","66700","9","60200","169","21","600","21","200","500","1300","100","300","21","0","15","3","4200","15","3","300","3","0","15","6","3","21","21","21","0","0","3","3100","14","1","8400","7","0","0","0","0","3","1","3","400","21","36","131","1000","0","0","0","0","0","0","0","0","0","0","0","0","0","0","0","0","0","0","0","0","0","0","0","0","0","0","0","0","0","0","0","0","0","0","0","0","0","0","0","0","0","0","0","0","0","0","0","0","0","0","0","0","0","0","0","0","0","0","0","0","0","0","21","21","21","13200","100","6200","7900","0","0","0","0","0","0","0","0"
"yune","track-a-comparison","luna_pinyin","key_sequence_process_with_context","hao","14","3","3","66500","9","59900","169","21","800","21","0","500","1300","0","200","21","0","15","3","4200","15","3","500","3","0","15","6","3","21","21","21","0","0","3","3000","14","1","8400","7","0","0","0","0","3","1","3","300","21","36","131","1500","0","0","0","0","0","0","0","0","0","0","0","0","0","0","0","0","0","0","0","0","0","0","0","0","0","0","0","0","0","0","0","0","0","0","0","0","0","0","0","0","0","0","0","0","0","0","0","0","0","0","0","0","0","0","0","0","0","0","0","0","0","0","21","21","21","12900","0","6100","7800","0","0","0","0","0","0","0","0"
"yune","track-a-comparison","luna_pinyin","key_sequence_process_with_context","hao","15","3","3","66900","9","60100","169","21","800","21","200","400","1600","100","200","21","0","15","3","4300","15","3","300","3","0","15","6","3","21","21","21","0","0","3","3100","14","1","8300","7","0","0","0","0","3","1","3","400","21","36","131","1200","0","0","0","0","0","0","0","0","0","0","0","0","0","0","0","0","0","0","0","0","0","0","0","0","0","0","0","0","0","0","0","0","0","0","0","0","0","0","0","0","0","0","0","0","0","0","0","0","0","0","0","0","0","0","0","0","0","0","0","0","0","0","21","21","21","13200","200","6200","7900","0","0","0","0","0","0","0","0"
"yune","track-a-comparison","luna_pinyin","key_sequence_process_with_context","hao","16","3","3","66500","9","60000","169","21","600","21","100","400","1400","200","300","21","0","15","3","4300","15","3","400","3","0","15","6","3","21","21","21","0","0","3","3200","14","1","8400","7","0","0","0","0","3","1","3","300","21","36","131","1000","0","0","0","0","0","0","0","0","0","0","0","0","0","0","0","0","0","0","0","0","0","0","0","0","0","0","0","0","0","0","0","0","0","0","0","0","0","0","0","0","0","0","0","0","0","0","0","0","0","0","0","0","0","0","0","0","0","0","0","0","0","0","21","21","21","13200","300","6400","8000","0","0","0","0","0","0","0","0"
"yune","track-a-comparison","luna_pinyin","key_sequence_process_with_context","hao","17","3","3","66700","9","60200","169","21","500","21","100","500","1400","200","300","21","0","15","3","4200","15","3","400","3","0","15","6","3","21","21","21","0","0","3","3200","14","1","8400","7","0","0","0","0","3","1","3","300","21","36","131","1500","0","0","0","0","0","0","0","0","0","0","0","0","0","0","0","0","0","0","0","0","0","0","0","0","0","0","0","0","0","0","0","0","0","0","0","0","0","0","0","0","0","0","0","0","0","0","0","0","0","0","0","0","0","0","0","0","0","0","0","0","0","0","21","21","21","13300","300","6300","7900","0","0","0","0","0","0","0","0"
"yune","track-a-comparison","luna_pinyin","key_sequence_process_with_context","hao","18","3","3","67100","9","60400","169","21","700","21","100","500","1300","0","300","21","0","15","3","4200","15","3","300","3","0","15","6","3","21","21","21","0","0","3","3100","14","1","8400","7","0","0","0","0","3","1","3","500","21","36","131","1000","0","0","0","0","0","0","0","0","0","0","0","0","0","0","0","0","0","0","0","0","0","0","0","0","0","0","0","0","0","0","0","0","0","0","0","0","0","0","0","0","0","0","0","0","0","0","0","0","0","0","0","0","0","0","0","0","0","0","0","0","0","0","21","21","21","13300","200","6100","7900","0","0","0","0","0","0","0","0"
"yune","track-a-comparison","luna_pinyin","key_sequence_process_with_context","hao","19","3","3","67100","9","60200","169","21","600","21","0","400","1500","0","400","21","0","15","3","4300","15","3","300","3","0","15","6","3","21","21","21","0","0","3","3100","14","1","8600","7","0","0","0","0","3","1","3","500","21","36","131","1100","0","0","0","0","0","0","0","0","0","0","0","0","0","0","0","0","0","0","0","0","0","0","0","0","0","0","0","0","0","0","0","0","0","0","0","0","0","0","0","0","0","0","0","0","0","0","0","0","0","0","0","0","0","0","0","0","0","0","0","0","0","0","21","21","21","13400","300","6200","7900","0","0","0","0","0","0","0","0"
"yune","track-a-comparison","luna_pinyin","key_sequence_process_with_context","hao","20","3","3","66900","9","59900","169","21","500","21","0","400","1400","0","500","21","0","15","3","4200","15","3","300","3","0","15","6","3","21","21","21","0","0","3","3100","14","1","8400","7","0","0","0","0","3","1","3","400","21","36","131","1200","0","0","0","0","0","0","0","0","0","0","0","0","0","0","0","0","0","0","0","0","0","0","0","0","0","0","0","0","0","0","0","0","0","0","0","0","0","0","0","0","0","0","0","0","0","0","0","0","0","0","0","0","0","0","0","0","0","0","0","0","0","0","21","21","21","13200","200","6100","7900","0","0","0","0","0","0","0","0"
"yune","track-a-comparison","luna_pinyin","key_sequence_process_with_context","hao","21","3","3","66800","9","60200","169","21","400","21","100","500","1300","0","300","21","0","15","3","4300","15","3","300","3","0","15","6","3","21","21","21","0","0","3","3100","14","1","8400","7","0","0","0","0","3","1","3","500","21","36","131","1100","0","0","0","0","0","0","0","0","0","0","0","0","0","0","0","0","0","0","0","0","0","0","0","0","0","0","0","0","0","0","0","0","0","0","0","0","0","0","0","0","0","0","0","0","0","0","0","0","0","0","0","0","0","0","0","0","0","0","0","0","0","0","21","21","21","13300","300","6300","7900","0","0","0","0","0","0","0","0"
"yune","track-a-comparison","luna_pinyin","key_sequence_process_with_context","hao","22","3","3","68900","9","62100","169","21","800","21","100","500","1400","100","400","21","0","15","3","4300","15","3","400","3","0","15","6","3","21","21","21","0","0","3","3100","14","1","8400","7","0","0","0","0","3","1","3","500","21","36","131","1200","0","0","0","0","0","0","0","0","0","0","0","0","0","0","0","0","0","0","0","0","0","0","0","0","0","0","0","0","0","0","0","0","0","0","0","0","0","0","0","0","0","0","0","0","0","0","0","0","0","0","0","0","0","0","0","0","0","0","0","0","0","0","21","21","21","13000","100","6200","7900","0","0","0","0","0","0","0","0"
"yune","track-a-comparison","luna_pinyin","key_sequence_process_with_context","hao","23","3","3","67300","9","60500","169","21","800","21","0","500","1500","0","400","21","0","15","3","4300","15","3","300","3","0","15","6","3","21","21","21","0","0","3","3100","14","1","8500","7","0","0","0","0","3","1","3","400","21","36","131","1300","0","0","0","0","0","0","0","0","0","0","0","0","0","0","0","0","0","0","0","0","0","0","0","0","0","0","0","0","0","0","0","0","0","0","0","0","0","0","0","0","0","0","0","0","0","0","0","0","0","0","0","0","0","0","0","0","0","0","0","0","0","0","21","21","21","13200","100","6400","8000","0","0","0","0","0","0","0","0"
"yune","track-a-comparison","luna_pinyin","key_sequence_process_with_context","hao","24","3","3","68400","9","61800","169","21","500","21","0","500","1500","200","200","21","0","15","3","4200","15","3","300","3","0","15","6","3","21","21","21","0","0","3","3000","14","1","8600","7","0","0","0","0","3","1","3","400","21","36","131","1200","0","0","0","0","0","0","0","0","0","0","0","0","0","0","0","0","0","0","0","0","0","0","0","0","0","0","0","0","0","0","0","0","0","0","0","0","0","0","0","0","0","0","0","0","0","0","0","0","0","0","0","0","0","0","0","0","0","0","0","0","0","0","21","21","21","13500","200","6200","7700","0","0","0","0","0","0","0","0"
"yune","track-a-comparison","luna_pinyin","key_sequence_process_with_context","hao","25","3","3","67000","9","60500","169","21","600","21","0","500","1400","100","200","21","0","15","3","4200","15","3","300","3","0","15","6","3","21","21","21","0","0","3","3200","14","1","8400","7","0","0","0","0","3","1","3","400","21","36","131","1200","0","0","0","0","0","0","0","0","0","0","0","0","0","0","0","0","0","0","0","0","0","0","0","0","0","0","0","0","0","0","0","0","0","0","0","0","0","0","0","0","0","0","0","0","0","0","0","0","0","0","0","0","0","0","0","0","0","0","0","0","0","0","21","21","21","13200","200","6200","7900","0","0","0","0","0","0","0","0"
"yune","track-a-comparison","luna_pinyin","key_sequence_process_with_context","hao","26","3","3","67500","9","61000","169","21","1000","21","100","400","1400","0","200","21","0","15","3","4400","15","3","300","3","0","15","6","3","21","21","21","0","0","3","3000","14","1","8600","7","0","0","0","0","3","1","3","300","21","36","131","1000","0","0","0","0","0","0","0","0","0","0","0","0","0","0","0","0","0","0","0","0","0","0","0","0","0","0","0","0","0","0","0","0","0","0","0","0","0","0","0","0","0","0","0","0","0","0","0","0","0","0","0","0","0","0","0","0","0","0","0","0","0","0","21","21","21","13500","100","6200","8000","0","0","0","0","0","0","0","0"
"yune","track-a-comparison","luna_pinyin","key_sequence_process_with_context","hao","27","3","3","67400","9","60600","169","21","800","21","100","400","1400","0","300","21","0","15","3","4200","15","3","400","3","0","15","6","3","21","21","21","0","0","3","3000","14","1","8300","7","0","0","0","0","3","1","3","300","21","36","131","1200","0","0","0","0","0","0","0","0","0","0","0","0","0","0","0","0","0","0","0","0","0","0","0","0","0","0","0","0","0","0","0","0","0","0","0","0","0","0","0","0","0","0","0","0","0","0","0","0","0","0","0","0","0","0","0","0","0","0","0","0","0","0","21","21","21","13100","100","6300","7800","0","0","0","0","0","0","0","0"
"yune","track-a-comparison","luna_pinyin","key_sequence_process_with_context","hao","28","3","3","67500","9","61000","169","21","700","21","0","500","1400","100","300","21","0","15","3","4200","15","3","300","3","0","15","6","3","21","21","21","0","0","3","3100","14","1","8400","7","0","0","0","0","3","1","3","300","21","36","131","1000","0","0","0","0","0","0","0","0","0","0","0","0","0","0","0","0","0","0","0","0","0","0","0","0","0","0","0","0","0","0","0","0","0","0","0","0","0","0","0","0","0","0","0","0","0","0","0","0","0","0","0","0","0","0","0","0","0","0","0","0","0","0","21","21","21","13000","200","6300","8100","0","0","0","0","0","0","0","0"
"yune","track-a-comparison","luna_pinyin","key_sequence_process_with_context","hao","29","3","3","67800","9","61000","169","21","600","21","100","400","1500","0","300","21","0","15","3","4200","15","3","500","3","0","15","6","3","21","21","21","0","0","3","3200","14","1","8600","7","0","0","0","0","3","1","3","300","21","36","131","1400","0","0","0","0","0","0","0","0","0","0","0","0","0","0","0","0","0","0","0","0","0","0","0","0","0","0","0","0","0","0","0","0","0","0","0","0","0","0","0","0","0","0","0","0","0","0","0","0","0","0","0","0","0","0","0","0","0","0","0","0","0","0","21","21","21","13500","100","6200","7800","0","0","0","0","0","0","0","0"
"yune","track-a-comparison","luna_pinyin","key_sequence_process_with_context","hao","30","3","3","67700","9","60700","169","21","800","21","0","400","1400","0","300","21","0","15","3","4300","15","3","300","3","0","15","6","3","21","21","21","0","0","3","3300","14","1","8500","7","0","0","0","0","3","1","3","400","21","36","131","1000","0","0","0","0","0","0","0","0","0","0","0","0","0","0","0","0","0","0","0","0","0","0","0","0","0","0","0","0","0","0","0","0","0","0","0","0","0","0","0","0","0","0","0","0","0","0","0","0","0","0","0","0","0","0","0","0","0","0","0","0","0","0","21","21","21","13400","100","6100","7700","0","0","0","0","0","0","0","0"
"yune","track-a-comparison","luna_pinyin","key_sequence_process_with_context","hao","31","3","3","67700","9","60600","169","21","700","21","0","400","1600","100","300","21","0","15","3","4300","15","3","300","3","0","15","6","3","21","21","21","0","0","3","3200","14","1","8400","7","0","0","0","0","3","1","3","500","21","36","131","1200","0","0","0","0","0","0","0","0","0","0","0","0","0","0","0","0","0","0","0","0","0","0","0","0","0","0","0","0","0","0","0","0","0","0","0","0","0","0","0","0","0","0","0","0","0","0","0","0","0","0","0","0","0","0","0","0","0","0","0","0","0","0","21","21","21","13200","100","6100","8000","0","0","0","0","0","0","0","0"
"yune","track-a-comparison","luna_pinyin","key_sequence_process_with_context","hao","32","3","3","70100","9","63100","169","21","600","21","0","500","1400","100","200","21","0","15","3","4400","15","3","300","3","0","15","6","3","21","21","21","0","0","3","3000","14","1","8400","7","0","0","0","0","3","1","3","400","21","36","131","1500","0","0","0","0","0","0","0","0","0","0","0","0","0","0","0","0","0","0","0","0","0","0","0","0","0","0","0","0","0","0","0","0","0","0","0","0","0","0","0","0","0","0","0","0","0","0","0","0","0","0","0","0","0","0","0","0","0","0","0","0","0","0","21","21","21","13300","0","6100","7700","0","0","0","0","0","0","0","0"
"yune","track-a-comparison","luna_pinyin","key_sequence_process_with_context","hao","33","3","3","67400","9","60700","169","21","700","21","100","500","1400","0","300","21","0","15","3","4300","15","3","400","3","0","15","6","3","21","21","21","0","0","3","3100","14","1","8300","7","0","0","0","0","3","1","3","300","21","36","131","1100","0","0","0","0","0","0","0","0","0","0","0","0","0","0","0","0","0","0","0","0","0","0","0","0","0","0","0","0","0","0","0","0","0","0","0","0","0","0","0","0","0","0","0","0","0","0","0","0","0","0","0","0","0","0","0","0","0","0","0","0","0","0","21","21","21","13300","300","6200","7700","0","0","0","0","0","0","0","0"
"yune","track-a-comparison","luna_pinyin","key_sequence_process_with_context","hao","34","3","3","67200","9","60300","169","21","700","21","100","600","1500","200","200","21","0","15","3","4300","15","3","300","3","0","15","6","3","21","21","21","0","0","3","3000","14","1","8400","7","0","0","0","0","3","1","3","400","21","36","131","1500","0","0","0","0","0","0","0","0","0","0","0","0","0","0","0","0","0","0","0","0","0","0","0","0","0","0","0","0","0","0","0","0","0","0","0","0","0","0","0","0","0","0","0","0","0","0","0","0","0","0","0","0","0","0","0","0","0","0","0","0","0","0","21","21","21","13200","200","6100","7800","0","0","0","0","0","0","0","0"
"yune","track-a-comparison","luna_pinyin","key_sequence_process_with_context","hao","35","3","3","69100","9","62200","169","21","1000","21","100","500","1600","0","300","21","0","15","3","4200","15","3","500","3","0","15","6","3","21","21","21","0","0","3","3300","14","1","8500","7","0","0","0","0","3","1","3","300","21","36","131","1600","0","0","0","0","0","0","0","0","0","0","0","0","0","0","0","0","0","0","0","0","0","0","0","0","0","0","0","0","0","0","0","0","0","0","0","0","0","0","0","0","0","0","0","0","0","0","0","0","0","0","0","0","0","0","0","0","0","0","0","0","0","0","21","21","21","13600","200","6300","8100","0","0","0","0","0","0","0","0"
"yune","track-a-comparison","luna_pinyin","key_sequence_process_with_context","hao","36","3","3","67600","9","60700","169","21","900","21","100","500","1500","0","300","21","0","15","3","4300","15","3","300","3","0","15","6","3","21","21","21","0","0","3","3200","14","1","8400","7","0","0","0","0","3","1","3","400","21","36","131","1300","0","0","0","0","0","0","0","0","0","0","0","0","0","0","0","0","0","0","0","0","0","0","0","0","0","0","0","0","0","0","0","0","0","0","0","0","0","0","0","0","0","0","0","0","0","0","0","0","0","0","0","0","0","0","0","0","0","0","0","0","0","0","21","21","21","13200","200","6100","7900","0","0","0","0","0","0","0","0"
"yune","track-a-comparison","luna_pinyin","key_sequence_process_with_context","hao","37","3","3","67200","9","60600","169","21","600","21","100","600","1500","200","200","21","0","15","3","4300","15","3","400","3","0","15","6","3","21","21","21","0","0","3","3200","14","1","8500","7","0","0","0","0","3","1","3","300","21","36","131","1300","0","0","0","0","0","0","0","0","0","0","0","0","0","0","0","0","0","0","0","0","0","0","0","0","0","0","0","0","0","0","0","0","0","0","0","0","0","0","0","0","0","0","0","0","0","0","0","0","0","0","0","0","0","0","0","0","0","0","0","0","0","0","21","21","21","13300","100","6100","7800","0","0","0","0","0","0","0","0"
"yune","track-a-comparison","luna_pinyin","key_sequence_process_with_context","hao","38","3","3","66800","9","60100","169","21","600","21","0","500","1500","200","200","21","0","15","3","4200","15","3","400","3","0","15","6","3","21","21","21","0","0","3","3200","14","1","8400","7","0","0","0","0","3","1","3","400","21","36","131","1600","0","0","0","0","0","0","0","0","0","0","0","0","0","0","0","0","0","0","0","0","0","0","0","0","0","0","0","0","0","0","0","0","0","0","0","0","0","0","0","0","0","0","0","0","0","0","0","0","0","0","0","0","0","0","0","0","0","0","0","0","0","0","21","21","21","13200","300","6100","7800","0","0","0","0","0","0","0","0"
"yune","track-a-comparison","luna_pinyin","key_sequence_process_with_context","hao","39","3","3","67800","9","61400","169","21","800","21","200","400","1400","0","300","21","0","15","3","4300","15","3","400","3","0","15","6","3","21","21","21","0","0","3","3100","14","1","8600","7","0","0","0","0","3","1","3","500","21","36","131","1300","0","0","0","0","0","0","0","0","0","0","0","0","0","0","0","0","0","0","0","0","0","0","0","0","0","0","0","0","0","0","0","0","0","0","0","0","0","0","0","0","0","0","0","0","0","0","0","0","0","0","0","0","0","0","0","0","0","0","0","0","0","0","21","21","21","13600","200","6200","7900","0","0","0","0","0","0","0","0"
"yune","track-a-comparison","luna_pinyin","key_sequence_process_with_context","hao","40","3","3","67400","9","60800","169","21","900","21","100","500","1400","100","300","21","0","15","3","4200","15","3","600","3","0","15","6","3","21","21","21","0","0","3","3300","14","1","8400","7","0","0","0","0","3","1","3","400","21","36","131","1500","0","0","0","0","0","0","0","0","0","0","0","0","0","0","0","0","0","0","0","0","0","0","0","0","0","0","0","0","0","0","0","0","0","0","0","0","0","0","0","0","0","0","0","0","0","0","0","0","0","0","0","0","0","0","0","0","0","0","0","0","0","0","21","21","21","13300","100","6300","7900","0","0","0","0","0","0","0","0"
"yune","track-a-comparison","luna_pinyin","key_sequence_process_with_context","hao","41","3","3","67100","9","60600","169","21","700","21","100","400","1300","100","200","21","0","15","3","4300","15","3","300","3","0","15","6","3","21","21","21","0","0","3","3200","14","1","8200","7","0","0","0","0","3","1","3","400","21","36","131","1500","0","0","0","0","0","0","0","0","0","0","0","0","0","0","0","0","0","0","0","0","0","0","0","0","0","0","0","0","0","0","0","0","0","0","0","0","0","0","0","0","0","0","0","0","0","0","0","0","0","0","0","0","0","0","0","0","0","0","0","0","0","0","21","21","21","13100","300","6100","8000","0","0","0","0","0","0","0","0"
"yune","track-a-comparison","luna_pinyin","key_sequence_process_with_context","hao","42","3","3","67100","9","60600","169","21","600","21","200","500","1400","200","300","21","0","15","3","4300","15","3","300","3","0","15","6","3","21","21","21","0","0","3","3100","14","1","8300","7","0","0","0","0","3","1","3","300","21","36","131","1300","0","0","0","0","0","0","0","0","0","0","0","0","0","0","0","0","0","0","0","0","0","0","0","0","0","0","0","0","0","0","0","0","0","0","0","0","0","0","0","0","0","0","0","0","0","0","0","0","0","0","0","0","0","0","0","0","0","0","0","0","0","0","21","21","21","13100","200","6100","7800","0","0","0","0","0","0","0","0"
"yune","track-a-comparison","luna_pinyin","key_sequence_process_with_context","hao","43","3","3","66800","9","60000","169","21","600","21","0","400","1400","0","300","21","0","15","3","4200","15","3","500","3","0","15","6","3","21","21","21","0","0","3","3000","14","1","8300","7","0","0","0","0","3","1","3","300","21","36","131","1400","0","0","0","0","0","0","0","0","0","0","0","0","0","0","0","0","0","0","0","0","0","0","0","0","0","0","0","0","0","0","0","0","0","0","0","0","0","0","0","0","0","0","0","0","0","0","0","0","0","0","0","0","0","0","0","0","0","0","0","0","0","0","21","21","21","13100","300","6200","7800","0","0","0","0","0","0","0","0"
"yune","track-a-comparison","luna_pinyin","key_sequence_process_with_context","hao","44","3","3","66800","9","60300","169","21","400","21","100","400","1500","100","400","21","0","15","3","4300","15","3","400","3","0","15","6","3","21","21","21","0","0","3","3000","14","1","8300","7","0","0","0","0","3","1","3","400","21","36","131","1200","0","0","0","0","0","0","0","0","0","0","0","0","0","0","0","0","0","0","0","0","0","0","0","0","0","0","0","0","0","0","0","0","0","0","0","0","0","0","0","0","0","0","0","0","0","0","0","0","0","0","0","0","0","0","0","0","0","0","0","0","0","0","21","21","21","13100","100","6100","7700","0","0","0","0","0","0","0","0"
"yune","track-a-comparison","luna_pinyin","key_sequence_process_with_context","hao","45","3","3","67200","9","60800","169","21","700","21","200","500","1500","100","200","21","0","15","3","4300","15","3","400","3","0","15","6","3","21","21","21","0","0","3","3200","14","1","8400","7","0","0","0","0","3","1","3","400","21","36","131","1200","0","0","0","0","0","0","0","0","0","0","0","0","0","0","0","0","0","0","0","0","0","0","0","0","0","0","0","0","0","0","0","0","0","0","0","0","0","0","0","0","0","0","0","0","0","0","0","0","0","0","0","0","0","0","0","0","0","0","0","0","0","0","21","21","21","13200","100","6200","7700","0","0","0","0","0","0","0","0"
"yune","track-a-comparison","luna_pinyin","key_sequence_process_with_context","hao","46","3","3","67000","9","60400","169","21","700","21","100","300","1400","100","300","21","0","15","3","4300","15","3","400","3","0","15","6","3","21","21","21","0","0","3","3200","14","1","8400","7","0","0","0","0","3","1","3","300","21","36","131","1200","0","0","0","0","0","0","0","0","0","0","0","0","0","0","0","0","0","0","0","0","0","0","0","0","0","0","0","0","0","0","0","0","0","0","0","0","0","0","0","0","0","0","0","0","0","0","0","0","0","0","0","0","0","0","0","0","0","0","0","0","0","0","21","21","21","13300","100","6000","7800","0","0","0","0","0","0","0","0"
"yune","track-a-comparison","luna_pinyin","key_sequence_process_with_context","hao","47","3","3","66900","9","60200","169","21","400","21","200","400","1400","100","200","21","0","15","3","4300","15","3","300","3","0","15","6","3","21","21","21","0","0","3","3100","14","1","8300","7","0","0","0","0","3","1","3","400","21","36","131","1400","0","0","0","0","0","0","0","0","0","0","0","0","0","0","0","0","0","0","0","0","0","0","0","0","0","0","0","0","0","0","0","0","0","0","0","0","0","0","0","0","0","0","0","0","0","0","0","0","0","0","0","0","0","0","0","0","0","0","0","0","0","0","21","21","21","13100","300","6200","7800","0","0","0","0","0","0","0","0"
"yune","track-a-comparison","luna_pinyin","key_sequence_process_with_context","hao","48","3","3","66900","9","59900","169","21","800","21","0","400","1400","100","300","21","0","15","3","4200","15","3","400","3","0","15","6","3","21","21","21","0","0","3","3000","14","1","8400","7","0","0","0","0","3","1","3","400","21","36","131","1200","0","0","0","0","0","0","0","0","0","0","0","0","0","0","0","0","0","0","0","0","0","0","0","0","0","0","0","0","0","0","0","0","0","0","0","0","0","0","0","0","0","0","0","0","0","0","0","0","0","0","0","0","0","0","0","0","0","0","0","0","0","0","21","21","21","13000","100","6200","7800","0","0","0","0","0","0","0","0"
"yune","track-a-comparison","luna_pinyin","key_sequence_process_with_context","hao","49","3","3","66900","9","60300","169","21","500","21","100","600","1500","100","200","21","0","15","3","4100","15","3","500","3","0","15","6","3","21","21","21","0","0","3","3100","14","1","8300","7","0","0","0","0","3","1","3","500","21","36","131","1300","0","0","0","0","0","0","0","0","0","0","0","0","0","0","0","0","0","0","0","0","0","0","0","0","0","0","0","0","0","0","0","0","0","0","0","0","0","0","0","0","0","0","0","0","0","0","0","0","0","0","0","0","0","0","0","0","0","0","0","0","0","0","21","21","21","13100","300","6100","7800","0","0","0","0","0","0","0","0"
"yune","track-a-comparison","luna_pinyin","key_sequence_process_with_context","hao","50","3","3","66900","9","60200","169","21","700","21","0","500","1400","100","200","21","0","15","3","4200","15","3","300","3","0","15","6","3","21","21","21","0","0","3","3200","14","1","8400","7","0","0","0","0","3","1","3","400","21","36","131","1000","0","0","0","0","0","0","0","0","0","0","0","0","0","0","0","0","0","0","0","0","0","0","0","0","0","0","0","0","0","0","0","0","0","0","0","0","0","0","0","0","0","0","0","0","0","0","0","0","0","0","0","0","0","0","0","0","0","0","0","0","0","0","21","21","21","13200","300","6200","7900","0","0","0","0","0","0","0","0"
"yune","track-a-comparison","luna_pinyin","key_sequence_process_with_context","hao","51","3","3","70300","9","63500","169","21","700","21","200","500","1300","100","200","21","0","15","3","4200","15","3","400","3","0","15","6","3","21","21","21","0","0","3","3200","14","1","8500","7","0","0","0","0","3","1","3","200","21","36","131","1600","0","0","0","0","0","0","0","0","0","0","0","0","0","0","0","0","0","0","0","0","0","0","0","0","0","0","0","0","0","0","0","0","0","0","0","0","0","0","0","0","0","0","0","0","0","0","0","0","0","0","0","0","0","0","0","0","0","0","0","0","0","0","21","21","21","13500","100","6100","7600","0","0","0","0","0","0","0","0"
"yune","track-a-comparison","luna_pinyin","key_sequence_process_with_context","hao","52","3","3","68000","9","61400","169","21","800","21","100","500","1400","200","300","21","0","15","3","4200","15","3","300","3","0","15","6","3","21","21","21","0","0","3","3200","14","1","8500","7","0","0","0","0","3","1","3","400","21","36","131","900","0","0","0","0","0","0","0","0","0","0","0","0","0","0","0","0","0","0","0","0","0","0","0","0","0","0","0","0","0","0","0","0","0","0","0","0","0","0","0","0","0","0","0","0","0","0","0","0","0","0","0","0","0","0","0","0","0","0","0","0","0","0","21","21","21","13500","200","6000","7900","0","0","0","0","0","0","0","0"
"yune","track-a-comparison","luna_pinyin","key_sequence_process_with_context","hao","53","3","3","67700","9","61100","169","21","800","21","0","600","1500","200","200","21","0","15","3","4200","15","3","500","3","0","15","6","3","21","21","21","0","0","3","3200","14","1","8600","7","0","0","0","0","3","1","3","400","21","36","131","1400","0","0","0","0","0","0","0","0","0","0","0","0","0","0","0","0","0","0","0","0","0","0","0","0","0","0","0","0","0","0","0","0","0","0","0","0","0","0","0","0","0","0","0","0","0","0","0","0","0","0","0","0","0","0","0","0","0","0","0","0","0","0","21","21","21","13600","200","6300","7800","0","0","0","0","0","0","0","0"
"yune","track-a-comparison","luna_pinyin","key_sequence_process_with_context","hao","54","3","3","67300","9","60700","169","21","500","21","100","400","1400","100","200","21","0","15","3","4200","15","3","300","3","0","15","6","3","21","21","21","0","0","3","3100","14","1","8500","7","0","0","0","0","3","1","3","200","21","36","131","1300","0","0","0","0","0","0","0","0","0","0","0","0","0","0","0","0","0","0","0","0","0","0","0","0","0","0","0","0","0","0","0","0","0","0","0","0","0","0","0","0","0","0","0","0","0","0","0","0","0","0","0","0","0","0","0","0","0","0","0","0","0","0","21","21","21","13400","100","6400","7900","0","0","0","0","0","0","0","0"
"yune","track-a-comparison","luna_pinyin","key_sequence_process_with_context","hao","55","3","3","67200","9","60400","169","21","700","21","0","500","1400","100","300","21","0","15","3","4200","15","3","400","3","0","15","6","3","21","21","21","0","0","3","3200","14","1","8400","7","0","0","0","0","3","1","3","500","21","36","131","1800","0","0","0","0","0","0","0","0","0","0","0","0","0","0","0","0","0","0","0","0","0","0","0","0","0","0","0","0","0","0","0","0","0","0","0","0","0","0","0","0","0","0","0","0","0","0","0","0","0","0","0","0","0","0","0","0","0","0","0","0","0","0","21","21","21","13200","200","6100","7800","0","0","0","0","0","0","0","0"
"yune","track-a-comparison","luna_pinyin","key_sequence_process_with_context","hao","56","3","3","67200","9","60400","169","21","600","21","0","500","1300","0","200","21","0","15","3","4200","15","3","400","3","0","15","6","3","21","21","21","0","0","3","3000","14","1","8400","7","0","0","0","0","3","1","3","300","21","36","131","1400","0","0","0","0","0","0","0","0","0","0","0","0","0","0","0","0","0","0","0","0","0","0","0","0","0","0","0","0","0","0","0","0","0","0","0","0","0","0","0","0","0","0","0","0","0","0","0","0","0","0","0","0","0","0","0","0","0","0","0","0","0","0","21","21","21","13300","300","6200","7900","0","0","0","0","0","0","0","0"
"yune","track-a-comparison","luna_pinyin","key_sequence_process_with_context","hao","57","3","3","67300","9","60600","169","21","800","21","0","500","1500","300","200","21","0","15","3","4300","15","3","400","3","0","15","6","3","21","21","21","0","0","3","3200","14","1","8300","7","0","0","0","0","3","1","3","500","21","36","131","1500","0","0","0","0","0","0","0","0","0","0","0","0","0","0","0","0","0","0","0","0","0","0","0","0","0","0","0","0","0","0","0","0","0","0","0","0","0","0","0","0","0","0","0","0","0","0","0","0","0","0","0","0","0","0","0","0","0","0","0","0","0","0","21","21","21","13200","0","6200","7700","0","0","0","0","0","0","0","0"
"yune","track-a-comparison","luna_pinyin","key_sequence_process_with_context","hao","58","3","3","66900","9","60400","169","21","600","21","0","600","1400","0","200","21","0","15","3","4400","15","3","300","3","0","15","6","3","21","21","21","0","0","3","3100","14","1","8400","7","0","0","0","0","3","1","3","200","21","36","131","900","0","0","0","0","0","0","0","0","0","0","0","0","0","0","0","0","0","0","0","0","0","0","0","0","0","0","0","0","0","0","0","0","0","0","0","0","0","0","0","0","0","0","0","0","0","0","0","0","0","0","0","0","0","0","0","0","0","0","0","0","0","0","21","21","21","13200","200","6100","7900","0","0","0","0","0","0","0","0"
"yune","track-a-comparison","luna_pinyin","key_sequence_process_with_context","hao","59","3","3","67200","9","60400","169","21","500","21","200","500","1400","100","300","21","0","15","3","4300","15","3","300","3","0","15","6","3","21","21","21","0","0","3","3000","14","1","8300","7","0","0","0","0","3","1","3","200","21","36","131","1300","0","0","0","0","0","0","0","0","0","0","0","0","0","0","0","0","0","0","0","0","0","0","0","0","0","0","0","0","0","0","0","0","0","0","0","0","0","0","0","0","0","0","0","0","0","0","0","0","0","0","0","0","0","0","0","0","0","0","0","0","0","0","21","21","21","13300","200","6200","7700","0","0","0","0","0","0","0","0"
"yune","track-a-comparison","luna_pinyin","key_sequence_process_with_context","hao","60","3","3","67500","9","60900","169","21","600","21","100","300","1300","0","300","21","0","15","3","4200","15","3","300","3","0","15","6","3","21","21","21","0","0","3","3000","14","1","8400","7","0","0","0","0","3","1","3","400","21","36","131","1500","0","0","0","0","0","0","0","0","0","0","0","0","0","0","0","0","0","0","0","0","0","0","0","0","0","0","0","0","0","0","0","0","0","0","0","0","0","0","0","0","0","0","0","0","0","0","0","0","0","0","0","0","0","0","0","0","0","0","0","0","0","0","21","21","21","13200","200","6300","7900","0","0","0","0","0","0","0","0"
"yune","track-a-comparison","luna_pinyin","key_sequence_process_with_context","hao","61","3","3","69100","9","60600","169","21","300","21","0","500","1500","0","400","21","0","15","3","4200","15","3","400","3","0","15","6","3","21","21","21","0","0","3","3200","14","1","8600","7","0","0","0","0","3","1","3","400","21","36","131","1500","0","0","0","0","0","0","0","0","0","0","0","0","0","0","0","0","0","0","0","0","0","0","0","0","0","0","0","0","0","0","0","0","0","0","0","0","0","0","0","0","0","0","0","0","0","0","0","0","0","0","0","0","0","0","0","0","0","0","0","0","0","0","21","21","21","13400","300","6200","7900","0","0","0","0","0","0","0","0"
"yune","track-a-comparison","luna_pinyin","key_sequence_process_with_context","hao","62","3","3","67100","9","60400","169","21","1000","21","100","500","1500","100","300","21","0","15","3","4400","15","3","400","3","0","15","6","3","21","21","21","0","0","3","3200","14","1","8400","7","0","0","0","0","3","1","3","500","21","36","131","1300","0","0","0","0","0","0","0","0","0","0","0","0","0","0","0","0","0","0","0","0","0","0","0","0","0","0","0","0","0","0","0","0","0","0","0","0","0","0","0","0","0","0","0","0","0","0","0","0","0","0","0","0","0","0","0","0","0","0","0","0","0","0","21","21","21","13200","100","6200","7900","0","0","0","0","0","0","0","0"
"yune","track-a-comparison","luna_pinyin","key_sequence_process_with_context","hao","63","3","3","68000","9","61000","169","21","700","21","200","500","1600","0","400","21","0","15","3","4400","15","3","300","3","0","15","6","3","21","21","21","0","0","3","3200","14","1","8500","7","0","0","0","0","3","1","3","400","21","36","131","1200","0","0","0","0","0","0","0","0","0","0","0","0","0","0","0","0","0","0","0","0","0","0","0","0","0","0","0","0","0","0","0","0","0","0","0","0","0","0","0","0","0","0","0","0","0","0","0","0","0","0","0","0","0","0","0","0","0","0","0","0","0","0","21","21","21","13300","200","6300","7800","0","0","0","0","0","0","0","0"
"yune","track-a-comparison","luna_pinyin","key_sequence_process_with_context","hao","64","3","3","67300","9","60500","169","21","900","21","100","400","1500","100","300","21","0","15","3","4300","15","3","300","3","0","15","6","3","21","21","21","0","0","3","3000","14","1","8400","7","0","0","0","0","3","1","3","400","21","36","131","1200","0","0","0","0","0","0","0","0","0","0","0","0","0","0","0","0","0","0","0","0","0","0","0","0","0","0","0","0","0","0","0","0","0","0","0","0","0","0","0","0","0","0","0","0","0","0","0","0","0","0","0","0","0","0","0","0","0","0","0","0","0","0","21","21","21","13200","200","6300","7800","0","0","0","0","0","0","0","0"
"yune","track-a-comparison","luna_pinyin","key_sequence_process_with_context","hao","65","3","3","67300","9","60700","169","21","500","21","300","400","1400","100","300","21","0","15","3","4300","15","3","300","3","0","15","6","3","21","21","21","0","0","3","3200","14","1","8400","7","0","0","0","0","3","1","3","300","21","36","131","1700","0","0","0","0","0","0","0","0","0","0","0","0","0","0","0","0","0","0","0","0","0","0","0","0","0","0","0","0","0","0","0","0","0","0","0","0","0","0","0","0","0","0","0","0","0","0","0","0","0","0","0","0","0","0","0","0","0","0","0","0","0","0","21","21","21","13100","200","6200","7900","0","0","0","0","0","0","0","0"
"yune","track-a-comparison","luna_pinyin","key_sequence_process_with_context","hao","66","3","3","67300","9","60400","169","21","800","21","100","400","1400","100","300","21","0","15","3","4300","15","3","300","3","0","15","6","3","21","21","21","0","0","3","3100","14","1","8300","7","0","0","0","0","3","1","3","400","21","36","131","1000","0","0","0","0","0","0","0","0","0","0","0","0","0","0","0","0","0","0","0","0","0","0","0","0","0","0","0","0","0","0","0","0","0","0","0","0","0","0","0","0","0","0","0","0","0","0","0","0","0","0","0","0","0","0","0","0","0","0","0","0","0","0","21","21","21","13300","200","6300","7900","0","0","0","0","0","0","0","0"
"yune","track-a-comparison","luna_pinyin","key_sequence_process_with_context","hao","67","3","3","67300","9","60700","169","21","700","21","200","500","1400","0","300","21","0","15","3","4300","15","3","400","3","0","15","6","3","21","21","21","0","0","3","3200","14","1","8400","7","0","0","0","0","3","1","3","300","21","36","131","1300","0","0","0","0","0","0","0","0","0","0","0","0","0","0","0","0","0","0","0","0","0","0","0","0","0","0","0","0","0","0","0","0","0","0","0","0","0","0","0","0","0","0","0","0","0","0","0","0","0","0","0","0","0","0","0","0","0","0","0","0","0","0","21","21","21","13300","100","6300","7900","0","0","0","0","0","0","0","0"
"yune","track-a-comparison","luna_pinyin","key_sequence_process_with_context","hao","68","3","3","68400","9","61800","169","21","900","21","200","400","1300","0","500","21","0","15","3","4300","15","3","300","3","0","15","6","3","21","21","21","0","0","3","3200","14","1","8500","7","0","0","0","0","3","1","3","400","21","36","131","1200","0","0","0","0","0","0","0","0","0","0","0","0","0","0","0","0","0","0","0","0","0","0","0","0","0","0","0","0","0","0","0","0","0","0","0","0","0","0","0","0","0","0","0","0","0","0","0","0","0","0","0","0","0","0","0","0","0","0","0","0","0","0","21","21","21","13400","100","6400","8000","0","0","0","0","0","0","0","0"
"yune","track-a-comparison","luna_pinyin","key_sequence_process_with_context","hao","69","3","3","67600","9","61000","169","21","800","21","100","500","1200","0","300","21","0","15","3","4300","15","3","300","3","0","15","6","3","21","21","21","0","0","3","3100","14","1","8500","7","0","0","0","0","3","1","3","400","21","36","131","1300","0","0","0","0","0","0","0","0","0","0","0","0","0","0","0","0","0","0","0","0","0","0","0","0","0","0","0","0","0","0","0","0","0","0","0","0","0","0","0","0","0","0","0","0","0","0","0","0","0","0","0","0","0","0","0","0","0","0","0","0","0","0","21","21","21","13200","100","6400","8000","0","0","0","0","0","0","0","0"
"yune","track-a-comparison","luna_pinyin","key_sequence_process_with_context","hao","70","3","3","68100","9","61300","169","21","600","21","200","400","1500","100","300","21","0","15","3","4300","15","3","300","3","0","15","6","3","21","21","21","0","0","3","3200","14","1","8500","7","0","0","0","0","3","1","3","400","21","36","131","1000","0","0","0","0","0","0","0","0","0","0","0","0","0","0","0","0","0","0","0","0","0","0","0","0","0","0","0","0","0","0","0","0","0","0","0","0","0","0","0","0","0","0","0","0","0","0","0","0","0","0","0","0","0","0","0","0","0","0","0","0","0","0","21","21","21","13400","100","6300","8100","0","0","0","0","0","0","0","0"
"yune","track-a-comparison","luna_pinyin","key_sequence_process_with_context","hao","71","3","3","69500","9","62600","169","21","800","21","0","400","1500","100","400","21","0","15","3","4400","15","3","300","3","0","15","6","3","21","21","21","0","0","3","3300","14","1","8600","7","0","0","0","0","3","1","3","400","21","36","131","1000","0","0","0","0","0","0","0","0","0","0","0","0","0","0","0","0","0","0","0","0","0","0","0","0","0","0","0","0","0","0","0","0","0","0","0","0","0","0","0","0","0","0","0","0","0","0","0","0","0","0","0","0","0","0","0","0","0","0","0","0","0","0","21","21","21","13800","200","6400","8100","0","0","0","0","0","0","0","0"
"yune","track-a-comparison","luna_pinyin","key_sequence_process_with_context","hao","72","3","3","68300","9","61600","169","21","500","21","200","400","1400","0","400","21","0","15","3","4300","15","3","300","3","0","15","6","3","21","21","21","0","0","3","3300","14","1","8600","7","0","0","0","0","3","1","3","400","21","36","131","1000","0","0","0","0","0","0","0","0","0","0","0","0","0","0","0","0","0","0","0","0","0","0","0","0","0","0","0","0","0","0","0","0","0","0","0","0","0","0","0","0","0","0","0","0","0","0","0","0","0","0","0","0","0","0","0","0","0","0","0","0","0","0","21","21","21","13400","300","6400","8100","0","0","0","0","0","0","0","0"
"yune","track-a-comparison","luna_pinyin","key_sequence_process_with_context","hao","73","3","3","67300","9","60800","169","21","800","21","0","500","1500","0","300","21","0","15","3","4300","15","3","500","3","0","15","6","3","21","21","21","0","0","3","3100","14","1","8500","7","0","0","0","0","3","1","3","300","21","36","131","1400","0","0","0","0","0","0","0","0","0","0","0","0","0","0","0","0","0","0","0","0","0","0","0","0","0","0","0","0","0","0","0","0","0","0","0","0","0","0","0","0","0","0","0","0","0","0","0","0","0","0","0","0","0","0","0","0","0","0","0","0","0","0","21","21","21","13300","300","6300","8100","0","0","0","0","0","0","0","0"
"yune","track-a-comparison","luna_pinyin","key_sequence_process_with_context","hao","74","3","3","67400","9","60800","169","21","600","21","0","500","1400","200","200","21","0","15","3","4200","15","3","300","3","0","15","6","3","21","21","21","0","0","3","3100","14","1","8400","7","0","0","0","0","3","1","3","500","21","36","131","1200","0","0","0","0","0","0","0","0","0","0","0","0","0","0","0","0","0","0","0","0","0","0","0","0","0","0","0","0","0","0","0","0","0","0","0","0","0","0","0","0","0","0","0","0","0","0","0","0","0","0","0","0","0","0","0","0","0","0","0","0","0","0","21","21","21","13300","200","6500","8100","0","0","0","0","0","0","0","0"
"yune","track-a-comparison","luna_pinyin","key_sequence_process_with_context","hao","75","3","3","67500","9","60700","169","21","1000","21","100","500","1500","100","300","21","0","15","3","4200","15","3","300","3","0","15","6","3","21","21","21","0","0","3","3000","14","1","8600","7","0","0","0","0","3","1","3","400","21","36","131","1600","0","0","0","0","0","0","0","0","0","0","0","0","0","0","0","0","0","0","0","0","0","0","0","0","0","0","0","0","0","0","0","0","0","0","0","0","0","0","0","0","0","0","0","0","0","0","0","0","0","0","0","0","0","0","0","0","0","0","0","0","0","0","21","21","21","13300","0","6100","7800","0","0","0","0","0","0","0","0"
"yune","track-a-comparison","luna_pinyin","key_sequence_process_with_context","hao","76","3","3","70700","9","64000","169","21","400","21","100","600","1300","0","300","21","0","15","3","4400","15","3","400","3","0","15","6","3","21","21","21","0","0","3","3000","14","1","11800","7","0","0","0","0","3","1","3","500","21","36","131","1200","0","0","0","0","0","0","0","0","0","0","0","0","0","0","0","0","0","0","0","0","0","0","0","0","0","0","0","0","0","0","0","0","0","0","0","0","0","0","0","0","0","0","0","0","0","0","0","0","0","0","0","0","0","0","0","0","0","0","0","0","0","0","21","21","21","16400","300","6500","8000","0","0","0","0","0","0","0","0"
"yune","track-a-comparison","luna_pinyin","key_sequence_process_with_context","hao","77","3","3","67000","9","60400","169","21","800","21","100","300","1300","0","400","21","0","15","3","4200","15","3","500","3","0","15","6","3","21","21","21","0","0","3","3100","14","1","8500","7","0","0","0","0","3","1","3","200","21","36","131","1500","0","0","0","0","0","0","0","0","0","0","0","0","0","0","0","0","0","0","0","0","0","0","0","0","0","0","0","0","0","0","0","0","0","0","0","0","0","0","0","0","0","0","0","0","0","0","0","0","0","0","0","0","0","0","0","0","0","0","0","0","0","0","21","21","21","13200","200","6300","8000","0","0","0","0","0","0","0","0"
"yune","track-a-comparison","luna_pinyin","key_sequence_process_with_context","hao","78","3","3","67600","9","60900","169","21","500","21","0","600","1400","200","200","21","0","15","3","4200","15","3","300","3","0","15","6","3","21","21","21","0","0","3","3200","14","1","8600","7","0","0","0","0","3","1","3","400","21","36","131","1600","0","0","0","0","0","0","0","0","0","0","0","0","0","0","0","0","0","0","0","0","0","0","0","0","0","0","0","0","0","0","0","0","0","0","0","0","0","0","0","0","0","0","0","0","0","0","0","0","0","0","0","0","0","0","0","0","0","0","0","0","0","0","21","21","21","13500","300","6200","8100","0","0","0","0","0","0","0","0"
"yune","track-a-comparison","luna_pinyin","key_sequence_process_with_context","hao","79","3","3","67600","9","60700","169","21","300","21","100","500","1500","200","300","21","0","15","3","4300","15","3","300","3","0","15","6","3","21","21","21","0","0","3","3200","14","1","8600","7","0","0","0","0","3","1","3","400","21","36","131","1600","0","0","0","0","0","0","0","0","0","0","0","0","0","0","0","0","0","0","0","0","0","0","0","0","0","0","0","0","0","0","0","0","0","0","0","0","0","0","0","0","0","0","0","0","0","0","0","0","0","0","0","0","0","0","0","0","0","0","0","0","0","0","21","21","21","13400","200","6200","7900","0","0","0","0","0","0","0","0"
"yune","track-a-comparison","luna_pinyin","key_sequence_process_with_context","zhongguo","0","8","8","338500","24","311800","296","160","5200","159","400","1300","9900","0","2300","159","0","40","8","11900","40","8","1100","8","0","40","120","8","160","159","160","0","0","8","10900","31","7","157100","129","0","0","0","0","8","7","8","1500","61","96","605","3800","0","0","0","0","0","0","0","0","0","0","0","0","0","0","0","0","0","0","0","0","0","0","0","0","0","0","0","0","0","0","0","0","0","0","0","0","0","0","0","0","0","0","0","0","0","0","0","0","0","0","0","0","0","0","0","0","0","0","0","0","0","0","0","0","0","0","0","0","0","0","0","0","0","0","0","0","0"
"yune","track-a-comparison","luna_pinyin","key_sequence_process_with_context","zhongguo","1","8","8","346900","24","319100","296","160","4000","159","100","1500","10100","0","2500","159","0","40","8","11700","40","8","1200","8","0","40","120","8","160","159","160","0","0","8","11100","31","7","160000","129","0","0","0","0","8","7","8","1200","61","96","605","3700","0","0","0","0","0","0","0","0","0","0","0","0","0","0","0","0","0","0","0","0","0","0","0","0","0","0","0","0","0","0","0","0","0","0","0","0","0","0","0","0","0","0","0","0","0","0","0","0","0","0","0","0","0","0","0","0","0","0","0","0","0","0","0","0","0","0","0","0","0","0","0","0","0","0","0","0","0"
"yune","track-a-comparison","luna_pinyin","key_sequence_process_with_context","zhongguo","2","8","8","344700","24","317300","296","160","5200","159","0","1300","9900","400","2300","159","0","40","8","11800","40","8","1300","8","0","40","120","8","160","159","160","0","0","8","11100","31","7","160400","129","0","0","0","0","8","7","8","1600","61","96","605","3900","0","0","0","0","0","0","0","0","0","0","0","0","0","0","0","0","0","0","0","0","0","0","0","0","0","0","0","0","0","0","0","0","0","0","0","0","0","0","0","0","0","0","0","0","0","0","0","0","0","0","0","0","0","0","0","0","0","0","0","0","0","0","0","0","0","0","0","0","0","0","0","0","0","0","0","0","0"
"yune","track-a-comparison","luna_pinyin","key_sequence_process_with_context","zhongguo","3","8","8","344300","24","317100","296","160","5100","159","200","1500","10200","0","2200","159","0","40","8","11800","40","8","1100","8","0","40","120","8","160","159","160","0","0","8","11000","31","7","162200","129","0","0","0","0","8","7","8","1200","61","96","605","3800","0","0","0","0","0","0","0","0","0","0","0","0","0","0","0","0","0","0","0","0","0","0","0","0","0","0","0","0","0","0","0","0","0","0","0","0","0","0","0","0","0","0","0","0","0","0","0","0","0","0","0","0","0","0","0","0","0","0","0","0","0","0","0","0","0","0","0","0","0","0","0","0","0","0","0","0","0"
"yune","track-a-comparison","luna_pinyin","key_sequence_process_with_context","zhongguo","4","8","8","341300","24","314600","296","160","5400","159","400","1500","9800","200","2400","159","0","40","8","11900","40","8","1000","8","0","40","120","8","160","159","160","0","0","8","10900","31","7","158800","129","0","0","0","0","8","7","8","1400","61","96","605","3300","0","0","0","0","0","0","0","0","0","0","0","0","0","0","0","0","0","0","0","0","0","0","0","0","0","0","0","0","0","0","0","0","0","0","0","0","0","0","0","0","0","0","0","0","0","0","0","0","0","0","0","0","0","0","0","0","0","0","0","0","0","0","0","0","0","0","0","0","0","0","0","0","0","0","0","0","0"
"yune","track-a-comparison","luna_pinyin","key_sequence_process_with_context","zhongguo","5","8","8","344100","24","317200","296","160","5400","159","0","1300","10100","300","2300","159","0","40","8","11600","40","8","1000","8","0","40","120","8","160","159","160","0","0","8","11200","31","7","160500","129","0","0","0","0","8","7","8","1800","61","96","605","3800","0","0","0","0","0","0","0","0","0","0","0","0","0","0","0","0","0","0","0","0","0","0","0","0","0","0","0","0","0","0","0","0","0","0","0","0","0","0","0","0","0","0","0","0","0","0","0","0","0","0","0","0","0","0","0","0","0","0","0","0","0","0","0","0","0","0","0","0","0","0","0","0","0","0","0","0","0"
"yune","track-a-comparison","luna_pinyin","key_sequence_process_with_context","zhongguo","6","8","8","341700","24","315000","296","160","4800","159","200","1400","9700","200","2200","159","0","40","8","11800","40","8","1000","8","0","40","120","8","160","159","160","0","0","8","10700","31","7","160300","129","0","0","0","0","8","7","8","1400","61","96","605","3400","0","0","0","0","0","0","0","0","0","0","0","0","0","0","0","0","0","0","0","0","0","0","0","0","0","0","0","0","0","0","0","0","0","0","0","0","0","0","0","0","0","0","0","0","0","0","0","0","0","0","0","0","0","0","0","0","0","0","0","0","0","0","0","0","0","0","0","0","0","0","0","0","0","0","0","0","0"
"yune","track-a-comparison","luna_pinyin","key_sequence_process_with_context","zhongguo","7","8","8","339300","24","312800","296","160","5000","159","200","1400","9900","100","2400","159","0","40","8","11900","40","8","1000","8","0","40","120","8","160","159","160","0","0","8","10900","31","7","158500","129","0","0","0","0","8","7","8","1200","61","96","605","3500","0","0","0","0","0","0","0","0","0","0","0","0","0","0","0","0","0","0","0","0","0","0","0","0","0","0","0","0","0","0","0","0","0","0","0","0","0","0","0","0","0","0","0","0","0","0","0","0","0","0","0","0","0","0","0","0","0","0","0","0","0","0","0","0","0","0","0","0","0","0","0","0","0","0","0","0","0"
"yune","track-a-comparison","luna_pinyin","key_sequence_process_with_context","zhongguo","8","8","8","341100","24","314300","296","160","4300","159","200","1600","9900","200","2400","159","0","40","8","11800","40","8","1000","8","0","40","120","8","160","159","160","0","0","8","11000","31","7","160200","129","0","0","0","0","8","7","8","1000","61","96","605","3600","0","0","0","0","0","0","0","0","0","0","0","0","0","0","0","0","0","0","0","0","0","0","0","0","0","0","0","0","0","0","0","0","0","0","0","0","0","0","0","0","0","0","0","0","0","0","0","0","0","0","0","0","0","0","0","0","0","0","0","0","0","0","0","0","0","0","0","0","0","0","0","0","0","0","0","0","0"
"yune","track-a-comparison","luna_pinyin","key_sequence_process_with_context","zhongguo","9","8","8","339700","24","313100","296","160","4500","159","200","1400","9700","200","2500","159","0","40","8","11800","40","8","900","8","0","40","120","8","160","159","160","0","0","8","11100","31","7","159000","129","0","0","0","0","8","7","8","1200","61","96","605","4100","0","0","0","0","0","0","0","0","0","0","0","0","0","0","0","0","0","0","0","0","0","0","0","0","0","0","0","0","0","0","0","0","0","0","0","0","0","0","0","0","0","0","0","0","0","0","0","0","0","0","0","0","0","0","0","0","0","0","0","0","0","0","0","0","0","0","0","0","0","0","0","0","0","0","0","0","0"
"yune","track-a-comparison","luna_pinyin","key_sequence_process_with_context","zhongguo","10","8","8","340100","24","313000","296","160","5400","159","400","1600","9800","100","2300","159","0","40","8","11800","40","8","800","8","0","40","120","8","160","159","160","0","0","8","11100","31","7","158600","129","0","0","0","0","8","7","8","1100","61","96","605","3900","0","0","0","0","0","0","0","0","0","0","0","0","0","0","0","0","0","0","0","0","0","0","0","0","0","0","0","0","0","0","0","0","0","0","0","0","0","0","0","0","0","0","0","0","0","0","0","0","0","0","0","0","0","0","0","0","0","0","0","0","0","0","0","0","0","0","0","0","0","0","0","0","0","0","0","0","0"
"yune","track-a-comparison","luna_pinyin","key_sequence_process_with_context","zhongguo","11","8","8","346200","24","314000","296","160","5100","159","200","1200","10000","300","2300","159","0","40","8","11800","40","8","900","8","0","40","120","8","160","159","160","0","0","8","11000","31","7","159700","129","0","0","0","0","8","7","8","1100","61","96","605","3800","0","0","0","0","0","0","0","0","0","0","0","0","0","0","0","0","0","0","0","0","0","0","0","0","0","0","0","0","0","0","0","0","0","0","0","0","0","0","0","0","0","0","0","0","0","0","0","0","0","0","0","0","0","0","0","0","0","0","0","0","0","0","0","0","0","0","0","0","0","0","0","0","0","0","0","0","0"
"yune","track-a-comparison","luna_pinyin","key_sequence_process_with_context","zhongguo","12","8","8","342300","24","315600","296","160","4900","159","300","1400","10100","200","2500","159","0","40","8","11900","40","8","900","8","0","40","120","8","160","159","160","0","0","8","11000","31","7","160900","129","0","0","0","0","8","7","8","1100","61","96","605","3300","0","0","0","0","0","0","0","0","0","0","0","0","0","0","0","0","0","0","0","0","0","0","0","0","0","0","0","0","0","0","0","0","0","0","0","0","0","0","0","0","0","0","0","0","0","0","0","0","0","0","0","0","0","0","0","0","0","0","0","0","0","0","0","0","0","0","0","0","0","0","0","0","0","0","0","0","0"
"yune","track-a-comparison","luna_pinyin","key_sequence_process_with_context","zhongguo","13","8","8","349800","24","321700","296","160","5600","159","400","1600","10400","100","2500","159","0","40","8","12100","40","8","1300","8","0","40","120","8","160","159","160","0","0","8","11000","31","7","165500","129","0","0","0","0","8","7","8","1100","61","96","605","4000","0","0","0","0","0","0","0","0","0","0","0","0","0","0","0","0","0","0","0","0","0","0","0","0","0","0","0","0","0","0","0","0","0","0","0","0","0","0","0","0","0","0","0","0","0","0","0","0","0","0","0","0","0","0","0","0","0","0","0","0","0","0","0","0","0","0","0","0","0","0","0","0","0","0","0","0","0"
"yune","track-a-comparison","luna_pinyin","key_sequence_process_with_context","zhongguo","14","8","8","352100","24","323800","296","160","4700","159","300","1500","10200","200","2600","159","0","40","8","12100","40","8","900","8","0","40","120","8","160","159","160","0","0","8","11300","31","7","167900","129","0","0","0","0","8","7","8","1200","61","96","605","3700","0","0","0","0","0","0","0","0","0","0","0","0","0","0","0","0","0","0","0","0","0","0","0","0","0","0","0","0","0","0","0","0","0","0","0","0","0","0","0","0","0","0","0","0","0","0","0","0","0","0","0","0","0","0","0","0","0","0","0","0","0","0","0","0","0","0","0","0","0","0","0","0","0","0","0","0","0"
"yune","track-a-comparison","luna_pinyin","key_sequence_process_with_context","zhongguo","15","8","8","341400","24","314300","296","160","4600","159","200","1500","9800","100","2500","159","0","40","8","11900","40","8","1000","8","0","40","120","8","160","159","160","0","0","8","11000","31","7","159800","129","0","0","0","0","8","7","8","1100","61","96","605","3900","0","0","0","0","0","0","0","0","0","0","0","0","0","0","0","0","0","0","0","0","0","0","0","0","0","0","0","0","0","0","0","0","0","0","0","0","0","0","0","0","0","0","0","0","0","0","0","0","0","0","0","0","0","0","0","0","0","0","0","0","0","0","0","0","0","0","0","0","0","0","0","0","0","0","0","0","0"
"yune","track-a-comparison","luna_pinyin","key_sequence_process_with_context","zhongguo","16","8","8","346900","24","319500","296","160","5100","159","0","1400","9900","200","2300","159","0","40","8","11900","40","8","2800","8","0","40","120","8","160","159","160","0","0","8","10900","31","7","164100","129","0","0","0","0","8","7","8","1200","61","96","605","4000","0","0","0","0","0","0","0","0","0","0","0","0","0","0","0","0","0","0","0","0","0","0","0","0","0","0","0","0","0","0","0","0","0","0","0","0","0","0","0","0","0","0","0","0","0","0","0","0","0","0","0","0","0","0","0","0","0","0","0","0","0","0","0","0","0","0","0","0","0","0","0","0","0","0","0","0","0"
"yune","track-a-comparison","luna_pinyin","key_sequence_process_with_context","zhongguo","17","8","8","347600","24","319900","296","160","4900","159","500","1600","10100","400","2300","159","0","40","8","12000","40","8","1000","8","0","40","120","8","160","159","160","0","0","8","11100","31","7","165900","129","0","0","0","0","8","7","8","1200","61","96","605","3600","0","0","0","0","0","0","0","0","0","0","0","0","0","0","0","0","0","0","0","0","0","0","0","0","0","0","0","0","0","0","0","0","0","0","0","0","0","0","0","0","0","0","0","0","0","0","0","0","0","0","0","0","0","0","0","0","0","0","0","0","0","0","0","0","0","0","0","0","0","0","0","0","0","0","0","0","0"
"yune","track-a-comparison","luna_pinyin","key_sequence_process_with_context","zhongguo","18","8","8","344800","24","318000","296","160","4600","159","200","1400","9800","100","2400","159","0","40","8","11800","40","8","1000","8","0","40","120","8","160","159","160","0","0","8","10900","31","7","163100","129","0","0","0","0","8","7","8","1100","61","96","605","3500","0","0","0","0","0","0","0","0","0","0","0","0","0","0","0","0","0","0","0","0","0","0","0","0","0","0","0","0","0","0","0","0","0","0","0","0","0","0","0","0","0","0","0","0","0","0","0","0","0","0","0","0","0","0","0","0","0","0","0","0","0","0","0","0","0","0","0","0","0","0","0","0","0","0","0","0","0"
"yune","track-a-comparison","luna_pinyin","key_sequence_process_with_context","zhongguo","19","8","8","344700","24","317800","296","160","4700","159","100","1400","9700","0","2500","159","0","40","8","11600","40","8","1000","8","0","40","120","8","160","159","160","0","0","8","10800","31","7","163400","129","0","0","0","0","8","7","8","1000","61","96","605","4000","0","0","0","0","0","0","0","0","0","0","0","0","0","0","0","0","0","0","0","0","0","0","0","0","0","0","0","0","0","0","0","0","0","0","0","0","0","0","0","0","0","0","0","0","0","0","0","0","0","0","0","0","0","0","0","0","0","0","0","0","0","0","0","0","0","0","0","0","0","0","0","0","0","0","0","0","0"
"yune","track-a-comparison","luna_pinyin","key_sequence_process_with_context","zhongguo","20","8","8","347500","24","320700","296","160","4600","159","200","1500","10000","0","2400","159","0","40","8","11500","40","8","1000","8","0","40","120","8","160","159","160","0","0","8","11200","31","7","166500","129","0","0","0","0","8","7","8","1100","61","96","605","3400","0","0","0","0","0","0","0","0","0","0","0","0","0","0","0","0","0","0","0","0","0","0","0","0","0","0","0","0","0","0","0","0","0","0","0","0","0","0","0","0","0","0","0","0","0","0","0","0","0","0","0","0","0","0","0","0","0","0","0","0","0","0","0","0","0","0","0","0","0","0","0","0","0","0","0","0","0"
"yune","track-a-comparison","luna_pinyin","key_sequence_process_with_context","zhongguo","21","8","8","352400","24","325300","296","160","5200","159","200","1300","9900","200","2300","159","0","40","8","11700","40","8","1000","8","0","40","120","8","160","159","160","0","0","8","11000","31","7","169700","129","0","0","0","0","8","7","8","1100","61","96","605","3300","0","0","0","0","0","0","0","0","0","0","0","0","0","0","0","0","0","0","0","0","0","0","0","0","0","0","0","0","0","0","0","0","0","0","0","0","0","0","0","0","0","0","0","0","0","0","0","0","0","0","0","0","0","0","0","0","0","0","0","0","0","0","0","0","0","0","0","0","0","0","0","0","0","0","0","0","0"
"yune","track-a-comparison","luna_pinyin","key_sequence_process_with_context","zhongguo","22","8","8","343700","24","316900","296","160","4600","159","300","1500","9900","200","2400","159","0","40","8","11700","40","8","900","8","0","40","120","8","160","159","160","0","0","8","11100","31","7","162300","129","0","0","0","0","8","7","8","1100","61","96","605","3100","0","0","0","0","0","0","0","0","0","0","0","0","0","0","0","0","0","0","0","0","0","0","0","0","0","0","0","0","0","0","0","0","0","0","0","0","0","0","0","0","0","0","0","0","0","0","0","0","0","0","0","0","0","0","0","0","0","0","0","0","0","0","0","0","0","0","0","0","0","0","0","0","0","0","0","0","0"
"yune","track-a-comparison","luna_pinyin","key_sequence_process_with_context","zhongguo","23","8","8","341000","24","313900","296","160","4500","159","400","1400","10000","0","2600","159","0","40","8","11600","40","8","1300","8","0","40","120","8","160","159","160","0","0","8","10700","31","7","159100","129","0","0","0","0","8","7","8","900","61","96","605","4000","0","0","0","0","0","0","0","0","0","0","0","0","0","0","0","0","0","0","0","0","0","0","0","0","0","0","0","0","0","0","0","0","0","0","0","0","0","0","0","0","0","0","0","0","0","0","0","0","0","0","0","0","0","0","0","0","0","0","0","0","0","0","0","0","0","0","0","0","0","0","0","0","0","0","0","0","0"
"yune","track-a-comparison","luna_pinyin","key_sequence_process_with_context","zhongguo","24","8","8","346100","24","319000","296","160","4500","159","200","1400","9800","400","2300","159","0","40","8","11800","40","8","900","8","0","40","120","8","160","159","160","0","0","8","10900","31","7","159200","129","0","0","0","0","8","7","8","1000","61","96","605","3900","0","0","0","0","0","0","0","0","0","0","0","0","0","0","0","0","0","0","0","0","0","0","0","0","0","0","0","0","0","0","0","0","0","0","0","0","0","0","0","0","0","0","0","0","0","0","0","0","0","0","0","0","0","0","0","0","0","0","0","0","0","0","0","0","0","0","0","0","0","0","0","0","0","0","0","0","0"
"yune","track-a-comparison","luna_pinyin","key_sequence_process_with_context","zhongguo","25","8","8","338500","24","311700","296","160","4600","159","100","1500","9700","200","2500","159","0","40","8","11700","40","8","1000","8","0","40","120","8","160","159","160","0","0","8","11100","31","7","158700","129","0","0","0","0","8","7","8","1000","61","96","605","3400","0","0","0","0","0","0","0","0","0","0","0","0","0","0","0","0","0","0","0","0","0","0","0","0","0","0","0","0","0","0","0","0","0","0","0","0","0","0","0","0","0","0","0","0","0","0","0","0","0","0","0","0","0","0","0","0","0","0","0","0","0","0","0","0","0","0","0","0","0","0","0","0","0","0","0","0","0"
"yune","track-a-comparison","luna_pinyin","key_sequence_process_with_context","zhongguo","26","8","8","343800","24","317000","296","160","5300","159","200","1500","9900","100","2400","159","0","40","8","11700","40","8","900","8","0","40","120","8","160","159","160","0","0","8","11100","31","7","161000","129","0","0","0","0","8","7","8","1000","61","96","605","3200","0","0","0","0","0","0","0","0","0","0","0","0","0","0","0","0","0","0","0","0","0","0","0","0","0","0","0","0","0","0","0","0","0","0","0","0","0","0","0","0","0","0","0","0","0","0","0","0","0","0","0","0","0","0","0","0","0","0","0","0","0","0","0","0","0","0","0","0","0","0","0","0","0","0","0","0","0"
"yune","track-a-comparison","luna_pinyin","key_sequence_process_with_context","zhongguo","27","8","8","342300","24","315900","296","160","4200","159","200","1300","9800","100","2400","159","0","40","8","11800","40","8","1400","8","0","40","120","8","160","159","160","0","0","8","10900","31","7","161900","129","0","0","0","0","8","7","8","900","61","96","605","3800","0","0","0","0","0","0","0","0","0","0","0","0","0","0","0","0","0","0","0","0","0","0","0","0","0","0","0","0","0","0","0","0","0","0","0","0","0","0","0","0","0","0","0","0","0","0","0","0","0","0","0","0","0","0","0","0","0","0","0","0","0","0","0","0","0","0","0","0","0","0","0","0","0","0","0","0","0"
"yune","track-a-comparison","luna_pinyin","key_sequence_process_with_context","zhongguo","28","8","8","343500","24","316400","296","160","5200","159","0","1000","9700","0","2400","159","0","40","8","12000","40","8","1000","8","0","40","120","8","160","159","160","0","0","8","10900","31","7","161400","129","0","0","0","0","8","7","8","1200","61","96","605","3500","0","0","0","0","0","0","0","0","0","0","0","0","0","0","0","0","0","0","0","0","0","0","0","0","0","0","0","0","0","0","0","0","0","0","0","0","0","0","0","0","0","0","0","0","0","0","0","0","0","0","0","0","0","0","0","0","0","0","0","0","0","0","0","0","0","0","0","0","0","0","0","0","0","0","0","0","0"
"yune","track-a-comparison","luna_pinyin","key_sequence_process_with_context","zhongguo","29","8","8","350600","24","323300","296","160","5200","159","200","1300","10200","200","2500","159","0","40","8","12000","40","8","1200","8","0","40","120","8","160","159","160","0","0","8","11000","31","7","166100","129","0","0","0","0","8","7","8","1000","61","96","605","4100","0","0","0","0","0","0","0","0","0","0","0","0","0","0","0","0","0","0","0","0","0","0","0","0","0","0","0","0","0","0","0","0","0","0","0","0","0","0","0","0","0","0","0","0","0","0","0","0","0","0","0","0","0","0","0","0","0","0","0","0","0","0","0","0","0","0","0","0","0","0","0","0","0","0","0","0","0"
"yune","track-a-comparison","luna_pinyin","key_sequence_process_with_context","zhongguo","30","8","8","339000","24","312400","296","160","4500","159","100","1400","9800","300","2400","159","0","40","8","11800","40","8","900","8","0","40","120","8","160","159","160","0","0","8","10900","31","7","158100","129","0","0","0","0","8","7","8","1100","61","96","605","4100","0","0","0","0","0","0","0","0","0","0","0","0","0","0","0","0","0","0","0","0","0","0","0","0","0","0","0","0","0","0","0","0","0","0","0","0","0","0","0","0","0","0","0","0","0","0","0","0","0","0","0","0","0","0","0","0","0","0","0","0","0","0","0","0","0","0","0","0","0","0","0","0","0","0","0","0","0"
"yune","track-a-comparison","luna_pinyin","key_sequence_process_with_context","zhongguo","31","8","8","341600","24","314600","296","160","4200","159","200","1500","9900","200","2200","159","0","40","8","11700","40","8","1000","8","0","40","120","8","160","159","160","0","0","8","11000","31","7","161100","129","0","0","0","0","8","7","8","1100","61","96","605","3500","0","0","0","0","0","0","0","0","0","0","0","0","0","0","0","0","0","0","0","0","0","0","0","0","0","0","0","0","0","0","0","0","0","0","0","0","0","0","0","0","0","0","0","0","0","0","0","0","0","0","0","0","0","0","0","0","0","0","0","0","0","0","0","0","0","0","0","0","0","0","0","0","0","0","0","0","0"
"yune","track-a-comparison","luna_pinyin","key_sequence_process_with_context","zhongguo","32","8","8","338400","24","311800","296","160","3900","159","100","1300","9900","200","2500","159","0","40","8","11800","40","8","800","8","0","40","120","8","160","159","160","0","0","8","11000","31","7","158100","129","0","0","0","0","8","7","8","900","61","96","605","3500","0","0","0","0","0","0","0","0","0","0","0","0","0","0","0","0","0","0","0","0","0","0","0","0","0","0","0","0","0","0","0","0","0","0","0","0","0","0","0","0","0","0","0","0","0","0","0","0","0","0","0","0","0","0","0","0","0","0","0","0","0","0","0","0","0","0","0","0","0","0","0","0","0","0","0","0","0"
"yune","track-a-comparison","luna_pinyin","key_sequence_process_with_context","zhongguo","33","8","8","338200","24","311400","296","160","4900","159","300","1400","9800","300","2300","159","0","40","8","11700","40","8","900","8","0","40","120","8","160","159","160","0","0","8","10900","31","7","157700","129","0","0","0","0","8","7","8","1000","61","96","605","3600","0","0","0","0","0","0","0","0","0","0","0","0","0","0","0","0","0","0","0","0","0","0","0","0","0","0","0","0","0","0","0","0","0","0","0","0","0","0","0","0","0","0","0","0","0","0","0","0","0","0","0","0","0","0","0","0","0","0","0","0","0","0","0","0","0","0","0","0","0","0","0","0","0","0","0","0","0"
"yune","track-a-comparison","luna_pinyin","key_sequence_process_with_context","zhongguo","34","8","8","340500","24","313800","296","160","4900","159","200","1300","9600","200","2400","159","0","40","8","11900","40","8","900","8","0","40","120","8","160","159","160","0","0","8","10800","31","7","157200","129","0","0","0","0","8","7","8","1200","61","96","605","3400","0","0","0","0","0","0","0","0","0","0","0","0","0","0","0","0","0","0","0","0","0","0","0","0","0","0","0","0","0","0","0","0","0","0","0","0","0","0","0","0","0","0","0","0","0","0","0","0","0","0","0","0","0","0","0","0","0","0","0","0","0","0","0","0","0","0","0","0","0","0","0","0","0","0","0","0","0"
"yune","track-a-comparison","luna_pinyin","key_sequence_process_with_context","zhongguo","35","8","8","337500","24","311000","296","160","4700","159","100","1400","9800","400","2400","159","0","40","8","11800","40","8","1100","8","0","40","120","8","160","159","160","0","0","8","10900","31","7","157000","129","0","0","0","0","8","7","8","1100","61","96","605","3400","0","0","0","0","0","0","0","0","0","0","0","0","0","0","0","0","0","0","0","0","0","0","0","0","0","0","0","0","0","0","0","0","0","0","0","0","0","0","0","0","0","0","0","0","0","0","0","0","0","0","0","0","0","0","0","0","0","0","0","0","0","0","0","0","0","0","0","0","0","0","0","0","0","0","0","0","0"
"yune","track-a-comparison","luna_pinyin","key_sequence_process_with_context","zhongguo","36","8","8","337900","24","310900","296","160","4800","159","0","1100","9600","200","2300","159","0","40","8","11800","40","8","1000","8","0","40","120","8","160","159","160","0","0","8","11100","31","7","157500","129","0","0","0","0","8","7","8","1000","61","96","605","4100","0","0","0","0","0","0","0","0","0","0","0","0","0","0","0","0","0","0","0","0","0","0","0","0","0","0","0","0","0","0","0","0","0","0","0","0","0","0","0","0","0","0","0","0","0","0","0","0","0","0","0","0","0","0","0","0","0","0","0","0","0","0","0","0","0","0","0","0","0","0","0","0","0","0","0","0","0"
"yune","track-a-comparison","luna_pinyin","key_sequence_process_with_context","zhongguo","37","8","8","339600","24","312800","296","160","4800","159","300","1400","9600","100","2300","159","0","40","8","11700","40","8","1100","8","0","40","120","8","160","159","160","0","0","8","10800","31","7","158500","129","0","0","0","0","8","7","8","1100","61","96","605","4000","0","0","0","0","0","0","0","0","0","0","0","0","0","0","0","0","0","0","0","0","0","0","0","0","0","0","0","0","0","0","0","0","0","0","0","0","0","0","0","0","0","0","0","0","0","0","0","0","0","0","0","0","0","0","0","0","0","0","0","0","0","0","0","0","0","0","0","0","0","0","0","0","0","0","0","0","0"
"yune","track-a-comparison","luna_pinyin","key_sequence_process_with_context","zhongguo","38","8","8","338500","24","311800","296","160","4500","159","100","1500","9800","300","2400","159","0","40","8","11800","40","8","1000","8","0","40","120","8","160","159","160","0","0","8","10900","31","7","157800","129","0","0","0","0","8","7","8","900","61","96","605","2900","0","0","0","0","0","0","0","0","0","0","0","0","0","0","0","0","0","0","0","0","0","0","0","0","0","0","0","0","0","0","0","0","0","0","0","0","0","0","0","0","0","0","0","0","0","0","0","0","0","0","0","0","0","0","0","0","0","0","0","0","0","0","0","0","0","0","0","0","0","0","0","0","0","0","0","0","0"
"yune","track-a-comparison","luna_pinyin","key_sequence_process_with_context","zhongguo","39","8","8","341400","24","314500","296","160","4600","159","300","1500","9500","100","2400","159","0","40","8","11600","40","8","900","8","0","40","120","8","160","159","160","0","0","8","10900","31","7","158900","129","0","0","0","0","8","7","8","1000","61","96","605","3300","0","0","0","0","0","0","0","0","0","0","0","0","0","0","0","0","0","0","0","0","0","0","0","0","0","0","0","0","0","0","0","0","0","0","0","0","0","0","0","0","0","0","0","0","0","0","0","0","0","0","0","0","0","0","0","0","0","0","0","0","0","0","0","0","0","0","0","0","0","0","0","0","0","0","0","0","0"
"yune","track-a-comparison","luna_pinyin","key_sequence_process_with_context","zhongguo","40","8","8","339900","24","313300","296","160","4100","159","500","1300","9500","200","2400","159","0","40","8","11700","40","8","900","8","0","40","120","8","160","159","160","0","0","8","10800","31","7","159700","129","0","0","0","0","8","7","8","1100","61","96","605","3300","0","0","0","0","0","0","0","0","0","0","0","0","0","0","0","0","0","0","0","0","0","0","0","0","0","0","0","0","0","0","0","0","0","0","0","0","0","0","0","0","0","0","0","0","0","0","0","0","0","0","0","0","0","0","0","0","0","0","0","0","0","0","0","0","0","0","0","0","0","0","0","0","0","0","0","0","0"
"yune","track-a-comparison","luna_pinyin","key_sequence_process_with_context","zhongguo","41","8","8","344600","24","317900","296","160","4500","159","400","1300","9600","200","2300","159","0","40","8","11800","40","8","800","8","0","40","120","8","160","159","160","0","0","8","11000","31","7","163800","129","0","0","0","0","8","7","8","900","61","96","605","3400","0","0","0","0","0","0","0","0","0","0","0","0","0","0","0","0","0","0","0","0","0","0","0","0","0","0","0","0","0","0","0","0","0","0","0","0","0","0","0","0","0","0","0","0","0","0","0","0","0","0","0","0","0","0","0","0","0","0","0","0","0","0","0","0","0","0","0","0","0","0","0","0","0","0","0","0","0"
"yune","track-a-comparison","luna_pinyin","key_sequence_process_with_context","zhongguo","42","8","8","348100","24","321700","296","160","4400","159","400","1500","9600","200","2400","159","0","40","8","11700","40","8","900","8","0","40","120","8","160","159","160","0","0","8","11500","31","7","163400","129","0","0","0","0","8","7","8","900","61","96","605","3900","0","0","0","0","0","0","0","0","0","0","0","0","0","0","0","0","0","0","0","0","0","0","0","0","0","0","0","0","0","0","0","0","0","0","0","0","0","0","0","0","0","0","0","0","0","0","0","0","0","0","0","0","0","0","0","0","0","0","0","0","0","0","0","0","0","0","0","0","0","0","0","0","0","0","0","0","0"
"yune","track-a-comparison","luna_pinyin","key_sequence_process_with_context","zhongguo","43","8","8","346600","24","319400","296","160","4700","159","300","1500","10100","0","2400","159","0","40","8","12000","40","8","1000","8","0","40","120","8","160","159","160","0","0","8","10900","31","7","164500","129","0","0","0","0","8","7","8","1100","61","96","605","3500","0","0","0","0","0","0","0","0","0","0","0","0","0","0","0","0","0","0","0","0","0","0","0","0","0","0","0","0","0","0","0","0","0","0","0","0","0","0","0","0","0","0","0","0","0","0","0","0","0","0","0","0","0","0","0","0","0","0","0","0","0","0","0","0","0","0","0","0","0","0","0","0","0","0","0","0","0"
"yune","track-a-comparison","luna_pinyin","key_sequence_process_with_context","zhongguo","44","8","8","349500","24","322300","296","160","4800","159","400","1500","10000","400","2400","159","0","40","8","13900","40","8","1100","8","0","40","120","8","160","159","160","0","0","8","10900","31","7","166900","129","0","0","0","0","8","7","8","1100","61","96","605","5600","0","0","0","0","0","0","0","0","0","0","0","0","0","0","0","0","0","0","0","0","0","0","0","0","0","0","0","0","0","0","0","0","0","0","0","0","0","0","0","0","0","0","0","0","0","0","0","0","0","0","0","0","0","0","0","0","0","0","0","0","0","0","0","0","0","0","0","0","0","0","0","0","0","0","0","0","0"
"yune","track-a-comparison","luna_pinyin","key_sequence_process_with_context","zhongguo","45","8","8","339100","24","311900","296","160","4800","159","400","1600","10300","300","2500","159","0","40","8","11800","40","8","1000","8","0","40","120","8","160","159","160","0","0","8","10900","31","7","157800","129","0","0","0","0","8","7","8","1100","61","96","605","3500","0","0","0","0","0","0","0","0","0","0","0","0","0","0","0","0","0","0","0","0","0","0","0","0","0","0","0","0","0","0","0","0","0","0","0","0","0","0","0","0","0","0","0","0","0","0","0","0","0","0","0","0","0","0","0","0","0","0","0","0","0","0","0","0","0","0","0","0","0","0","0","0","0","0","0","0","0"
"yune","track-a-comparison","luna_pinyin","key_sequence_process_with_context","zhongguo","46","8","8","338300","24","311800","296","160","5000","159","200","1400","9700","0","2400","159","0","40","8","11500","40","8","900","8","0","40","120","8","160","159","160","0","0","8","11000","31","7","157300","129","0","0","0","0","8","7","8","1100","61","96","605","4300","0","0","0","0","0","0","0","0","0","0","0","0","0","0","0","0","0","0","0","0","0","0","0","0","0","0","0","0","0","0","0","0","0","0","0","0","0","0","0","0","0","0","0","0","0","0","0","0","0","0","0","0","0","0","0","0","0","0","0","0","0","0","0","0","0","0","0","0","0","0","0","0","0","0","0","0","0"
"yune","track-a-comparison","luna_pinyin","key_sequence_process_with_context","zhongguo","47","8","8","342200","24","315700","296","160","4700","159","200","1400","9600","300","2400","159","0","40","8","11600","40","8","1100","8","0","40","120","8","160","159","160","0","0","8","11000","31","7","158700","129","0","0","0","0","8","7","8","900","61","96","605","4200","0","0","0","0","0","0","0","0","0","0","0","0","0","0","0","0","0","0","0","0","0","0","0","0","0","0","0","0","0","0","0","0","0","0","0","0","0","0","0","0","0","0","0","0","0","0","0","0","0","0","0","0","0","0","0","0","0","0","0","0","0","0","0","0","0","0","0","0","0","0","0","0","0","0","0","0","0"
"yune","track-a-comparison","luna_pinyin","key_sequence_process_with_context","zhongguo","48","8","8","340200","24","313700","296","160","4700","159","400","1300","9500","300","2400","159","0","40","8","11700","40","8","1300","8","0","40","120","8","160","159","160","0","0","8","11100","31","7","160000","129","0","0","0","0","8","7","8","1000","61","96","605","3500","0","0","0","0","0","0","0","0","0","0","0","0","0","0","0","0","0","0","0","0","0","0","0","0","0","0","0","0","0","0","0","0","0","0","0","0","0","0","0","0","0","0","0","0","0","0","0","0","0","0","0","0","0","0","0","0","0","0","0","0","0","0","0","0","0","0","0","0","0","0","0","0","0","0","0","0","0"
"yune","track-a-comparison","luna_pinyin","key_sequence_process_with_context","zhongguo","49","8","8","338300","24","309700","296","160","4400","159","100","1300","11400","0","2500","159","0","40","8","11600","40","8","900","8","0","40","120","8","160","159","160","0","0","8","11000","31","7","156800","129","0","0","0","0","8","7","8","1100","61","96","605","3500","0","0","0","0","0","0","0","0","0","0","0","0","0","0","0","0","0","0","0","0","0","0","0","0","0","0","0","0","0","0","0","0","0","0","0","0","0","0","0","0","0","0","0","0","0","0","0","0","0","0","0","0","0","0","0","0","0","0","0","0","0","0","0","0","0","0","0","0","0","0","0","0","0","0","0","0","0"
"yune","track-a-comparison","luna_pinyin","key_sequence_process_with_context","zhongguo","50","8","8","337200","24","310100","296","160","4500","159","300","1300","9800","300","2200","159","0","40","8","11700","40","8","900","8","0","40","120","8","160","159","160","0","0","8","11000","31","7","157200","129","0","0","0","0","8","7","8","1100","61","96","605","3500","0","0","0","0","0","0","0","0","0","0","0","0","0","0","0","0","0","0","0","0","0","0","0","0","0","0","0","0","0","0","0","0","0","0","0","0","0","0","0","0","0","0","0","0","0","0","0","0","0","0","0","0","0","0","0","0","0","0","0","0","0","0","0","0","0","0","0","0","0","0","0","0","0","0","0","0","0"
"yune","track-a-comparison","luna_pinyin","key_sequence_process_with_context","zhongguo","51","8","8","336000","24","309500","296","160","4800","159","400","1400","9800","300","2400","159","0","40","8","11600","40","8","1300","8","0","40","120","8","160","159","160","0","0","8","10600","31","7","156700","129","0","0","0","0","8","7","8","800","61","96","605","4100","0","0","0","0","0","0","0","0","0","0","0","0","0","0","0","0","0","0","0","0","0","0","0","0","0","0","0","0","0","0","0","0","0","0","0","0","0","0","0","0","0","0","0","0","0","0","0","0","0","0","0","0","0","0","0","0","0","0","0","0","0","0","0","0","0","0","0","0","0","0","0","0","0","0","0","0","0"
"yune","track-a-comparison","luna_pinyin","key_sequence_process_with_context","zhongguo","52","8","8","361400","24","334500","296","160","4500","159","100","1500","9600","100","2500","159","0","40","8","11700","40","8","1000","8","0","40","120","8","160","159","160","0","0","8","11100","31","7","181500","129","0","0","0","0","8","7","8","900","61","96","605","3400","0","0","0","0","0","0","0","0","0","0","0","0","0","0","0","0","0","0","0","0","0","0","0","0","0","0","0","0","0","0","0","0","0","0","0","0","0","0","0","0","0","0","0","0","0","0","0","0","0","0","0","0","0","0","0","0","0","0","0","0","0","0","0","0","0","0","0","0","0","0","0","0","0","0","0","0","0"
"yune","track-a-comparison","luna_pinyin","key_sequence_process_with_context","zhongguo","53","8","8","337300","24","310800","296","160","4500","159","200","1400","9500","100","2400","159","0","40","8","11900","40","8","1000","8","0","40","120","8","160","159","160","0","0","8","11100","31","7","157500","129","0","0","0","0","8","7","8","1000","61","96","605","3200","0","0","0","0","0","0","0","0","0","0","0","0","0","0","0","0","0","0","0","0","0","0","0","0","0","0","0","0","0","0","0","0","0","0","0","0","0","0","0","0","0","0","0","0","0","0","0","0","0","0","0","0","0","0","0","0","0","0","0","0","0","0","0","0","0","0","0","0","0","0","0","0","0","0","0","0","0"
"yune","track-a-comparison","luna_pinyin","key_sequence_process_with_context","zhongguo","54","8","8","336900","24","310300","296","160","4800","159","400","1500","10200","200","2100","159","0","40","8","12000","40","8","900","8","0","40","120","8","160","159","160","0","0","8","11000","31","7","156600","129","0","0","0","0","8","7","8","1100","61","96","605","3200","0","0","0","0","0","0","0","0","0","0","0","0","0","0","0","0","0","0","0","0","0","0","0","0","0","0","0","0","0","0","0","0","0","0","0","0","0","0","0","0","0","0","0","0","0","0","0","0","0","0","0","0","0","0","0","0","0","0","0","0","0","0","0","0","0","0","0","0","0","0","0","0","0","0","0","0","0"
"yune","track-a-comparison","luna_pinyin","key_sequence_process_with_context","zhongguo","55","8","8","337600","24","310900","296","160","4800","159","100","1400","9700","100","2400","159","0","40","8","11500","40","8","800","8","0","40","120","8","160","159","160","0","0","8","11000","31","7","157700","129","0","0","0","0","8","7","8","1100","61","96","605","3600","0","0","0","0","0","0","0","0","0","0","0","0","0","0","0","0","0","0","0","0","0","0","0","0","0","0","0","0","0","0","0","0","0","0","0","0","0","0","0","0","0","0","0","0","0","0","0","0","0","0","0","0","0","0","0","0","0","0","0","0","0","0","0","0","0","0","0","0","0","0","0","0","0","0","0","0","0"
"yune","track-a-comparison","luna_pinyin","key_sequence_process_with_context","zhongguo","56","8","8","337700","24","310900","296","160","3900","159","200","1400","9600","0","2200","159","0","40","8","11500","40","8","900","8","0","40","120","8","160","159","160","0","0","8","10900","31","7","157700","129","0","0","0","0","8","7","8","1000","61","96","605","3900","0","0","0","0","0","0","0","0","0","0","0","0","0","0","0","0","0","0","0","0","0","0","0","0","0","0","0","0","0","0","0","0","0","0","0","0","0","0","0","0","0","0","0","0","0","0","0","0","0","0","0","0","0","0","0","0","0","0","0","0","0","0","0","0","0","0","0","0","0","0","0","0","0","0","0","0","0"
"yune","track-a-comparison","luna_pinyin","key_sequence_process_with_context","zhongguo","57","8","8","343300","24","316100","296","160","4500","159","300","1400","9900","100","2500","159","0","40","8","11800","40","8","900","8","0","40","120","8","160","159","160","0","0","8","11000","31","7","158400","129","0","0","0","0","8","7","8","1000","61","96","605","3300","0","0","0","0","0","0","0","0","0","0","0","0","0","0","0","0","0","0","0","0","0","0","0","0","0","0","0","0","0","0","0","0","0","0","0","0","0","0","0","0","0","0","0","0","0","0","0","0","0","0","0","0","0","0","0","0","0","0","0","0","0","0","0","0","0","0","0","0","0","0","0","0","0","0","0","0","0"
"yune","track-a-comparison","luna_pinyin","key_sequence_process_with_context","zhongguo","58","8","8","338500","24","311900","296","160","4500","159","500","1500","9500","0","2200","159","0","40","8","11800","40","8","1200","8","0","40","120","8","160","159","160","0","0","8","11100","31","7","158200","129","0","0","0","0","8","7","8","900","61","96","605","3500","0","0","0","0","0","0","0","0","0","0","0","0","0","0","0","0","0","0","0","0","0","0","0","0","0","0","0","0","0","0","0","0","0","0","0","0","0","0","0","0","0","0","0","0","0","0","0","0","0","0","0","0","0","0","0","0","0","0","0","0","0","0","0","0","0","0","0","0","0","0","0","0","0","0","0","0","0"
"yune","track-a-comparison","luna_pinyin","key_sequence_process_with_context","zhongguo","59","8","8","337500","24","311000","296","160","4200","159","100","1200","9600","200","2500","159","0","40","8","12000","40","8","900","8","0","40","120","8","160","159","160","0","0","8","11000","31","7","158100","129","0","0","0","0","8","7","8","900","61","96","605","2900","0","0","0","0","0","0","0","0","0","0","0","0","0","0","0","0","0","0","0","0","0","0","0","0","0","0","0","0","0","0","0","0","0","0","0","0","0","0","0","0","0","0","0","0","0","0","0","0","0","0","0","0","0","0","0","0","0","0","0","0","0","0","0","0","0","0","0","0","0","0","0","0","0","0","0","0","0"
"yune","track-a-comparison","luna_pinyin","key_sequence_process_with_context","zhongguo","60","8","8","339800","24","313100","296","160","4600","159","300","1400","9800","100","2300","159","0","40","8","11500","40","8","1200","8","0","40","120","8","160","159","160","0","0","8","11000","31","7","159600","129","0","0","0","0","8","7","8","1000","61","96","605","4400","0","0","0","0","0","0","0","0","0","0","0","0","0","0","0","0","0","0","0","0","0","0","0","0","0","0","0","0","0","0","0","0","0","0","0","0","0","0","0","0","0","0","0","0","0","0","0","0","0","0","0","0","0","0","0","0","0","0","0","0","0","0","0","0","0","0","0","0","0","0","0","0","0","0","0","0","0"
"yune","track-a-comparison","luna_pinyin","key_sequence_process_with_context","zhongguo","61","8","8","339700","24","313300","296","160","4400","159","0","1400","9600","200","2300","159","0","40","8","11600","40","8","1000","8","0","40","120","8","160","159","160","0","0","8","11000","31","7","159100","129","0","0","0","0","8","7","8","1000","61","96","605","3600","0","0","0","0","0","0","0","0","0","0","0","0","0","0","0","0","0","0","0","0","0","0","0","0","0","0","0","0","0","0","0","0","0","0","0","0","0","0","0","0","0","0","0","0","0","0","0","0","0","0","0","0","0","0","0","0","0","0","0","0","0","0","0","0","0","0","0","0","0","0","0","0","0","0","0","0","0"
"yune","track-a-comparison","luna_pinyin","key_sequence_process_with_context","zhongguo","62","8","8","356100","24","329500","296","160","5100","159","100","1300","9600","0","2700","159","0","40","8","11700","40","8","1200","8","0","40","120","8","160","159","160","0","0","8","10700","31","7","175800","129","0","0","0","0","8","7","8","1000","61","96","605","3400","0","0","0","0","0","0","0","0","0","0","0","0","0","0","0","0","0","0","0","0","0","0","0","0","0","0","0","0","0","0","0","0","0","0","0","0","0","0","0","0","0","0","0","0","0","0","0","0","0","0","0","0","0","0","0","0","0","0","0","0","0","0","0","0","0","0","0","0","0","0","0","0","0","0","0","0","0"
"yune","track-a-comparison","luna_pinyin","key_sequence_process_with_context","zhongguo","63","8","8","342400","24","315400","296","160","5100","159","100","1300","10100","300","2200","159","0","40","8","12200","40","8","1000","8","0","40","120","8","160","159","160","0","0","8","11100","31","7","160800","129","0","0","0","0","8","7","8","1100","61","96","605","3400","0","0","0","0","0","0","0","0","0","0","0","0","0","0","0","0","0","0","0","0","0","0","0","0","0","0","0","0","0","0","0","0","0","0","0","0","0","0","0","0","0","0","0","0","0","0","0","0","0","0","0","0","0","0","0","0","0","0","0","0","0","0","0","0","0","0","0","0","0","0","0","0","0","0","0","0","0"
"yune","track-a-comparison","luna_pinyin","key_sequence_process_with_context","zhongguo","64","8","8","340000","24","313100","296","160","5100","159","700","1600","9700","300","2500","159","0","40","8","11500","40","8","900","8","0","40","120","8","160","159","160","0","0","8","11000","31","7","159100","129","0","0","0","0","8","7","8","1000","61","96","605","4200","0","0","0","0","0","0","0","0","0","0","0","0","0","0","0","0","0","0","0","0","0","0","0","0","0","0","0","0","0","0","0","0","0","0","0","0","0","0","0","0","0","0","0","0","0","0","0","0","0","0","0","0","0","0","0","0","0","0","0","0","0","0","0","0","0","0","0","0","0","0","0","0","0","0","0","0","0"
"yune","track-a-comparison","luna_pinyin","key_sequence_process_with_context","zhongguo","65","8","8","351800","24","325100","296","160","5000","159","200","1400","10000","500","2300","159","0","40","8","11700","40","8","1000","8","0","40","120","8","160","159","160","0","0","8","10900","31","7","171000","129","0","0","0","0","8","7","8","900","61","96","605","3300","0","0","0","0","0","0","0","0","0","0","0","0","0","0","0","0","0","0","0","0","0","0","0","0","0","0","0","0","0","0","0","0","0","0","0","0","0","0","0","0","0","0","0","0","0","0","0","0","0","0","0","0","0","0","0","0","0","0","0","0","0","0","0","0","0","0","0","0","0","0","0","0","0","0","0","0","0"
"yune","track-a-comparison","luna_pinyin","key_sequence_process_with_context","zhongguo","66","8","8","349300","24","322400","296","160","5300","159","100","1300","10100","300","2300","159","0","40","8","12000","40","8","1000","8","0","40","120","8","160","159","160","0","0","8","11100","31","7","166800","129","0","0","0","0","8","7","8","1000","61","96","605","3000","0","0","0","0","0","0","0","0","0","0","0","0","0","0","0","0","0","0","0","0","0","0","0","0","0","0","0","0","0","0","0","0","0","0","0","0","0","0","0","0","0","0","0","0","0","0","0","0","0","0","0","0","0","0","0","0","0","0","0","0","0","0","0","0","0","0","0","0","0","0","0","0","0","0","0","0","0"
"yune","track-a-comparison","luna_pinyin","key_sequence_process_with_context","zhongguo","67","8","8","341800","24","315400","296","160","4500","159","400","1500","9900","300","2200","159","0","40","8","11700","40","8","1100","8","0","40","120","8","160","159","160","0","0","8","11000","31","7","161800","129","0","0","0","0","8","7","8","1100","61","96","605","3900","0","0","0","0","0","0","0","0","0","0","0","0","0","0","0","0","0","0","0","0","0","0","0","0","0","0","0","0","0","0","0","0","0","0","0","0","0","0","0","0","0","0","0","0","0","0","0","0","0","0","0","0","0","0","0","0","0","0","0","0","0","0","0","0","0","0","0","0","0","0","0","0","0","0","0","0","0"
"yune","track-a-comparison","luna_pinyin","key_sequence_process_with_context","zhongguo","68","8","8","344800","24","318300","296","160","4600","159","100","1300","9800","200","2400","159","0","40","8","11800","40","8","1000","8","0","40","120","8","160","159","160","0","0","8","11000","31","7","164000","129","0","0","0","0","8","7","8","1000","61","96","605","3000","0","0","0","0","0","0","0","0","0","0","0","0","0","0","0","0","0","0","0","0","0","0","0","0","0","0","0","0","0","0","0","0","0","0","0","0","0","0","0","0","0","0","0","0","0","0","0","0","0","0","0","0","0","0","0","0","0","0","0","0","0","0","0","0","0","0","0","0","0","0","0","0","0","0","0","0","0"
"yune","track-a-comparison","luna_pinyin","key_sequence_process_with_context","zhongguo","69","8","8","345600","24","318700","296","160","4800","159","400","1300","9700","100","2100","159","0","40","8","11600","40","8","1000","8","0","40","120","8","160","159","160","0","0","8","10900","31","7","160300","129","0","0","0","0","8","7","8","1100","61","96","605","4100","0","0","0","0","0","0","0","0","0","0","0","0","0","0","0","0","0","0","0","0","0","0","0","0","0","0","0","0","0","0","0","0","0","0","0","0","0","0","0","0","0","0","0","0","0","0","0","0","0","0","0","0","0","0","0","0","0","0","0","0","0","0","0","0","0","0","0","0","0","0","0","0","0","0","0","0","0"
"yune","track-a-comparison","luna_pinyin","key_sequence_process_with_context","zhongguo","70","8","8","342900","24","315900","296","160","4600","159","200","1500","9900","100","2200","159","0","40","8","12000","40","8","1100","8","0","40","120","8","160","159","160","0","0","8","11000","31","7","162100","129","0","0","0","0","8","7","8","800","61","96","605","3100","0","0","0","0","0","0","0","0","0","0","0","0","0","0","0","0","0","0","0","0","0","0","0","0","0","0","0","0","0","0","0","0","0","0","0","0","0","0","0","0","0","0","0","0","0","0","0","0","0","0","0","0","0","0","0","0","0","0","0","0","0","0","0","0","0","0","0","0","0","0","0","0","0","0","0","0","0"
"yune","track-a-comparison","luna_pinyin","key_sequence_process_with_context","zhongguo","71","8","8","340400","24","313500","296","160","4500","159","400","1400","9500","100","2100","159","0","40","8","11500","40","8","1000","8","0","40","120","8","160","159","160","0","0","8","10800","31","7","158700","129","0","0","0","0","8","7","8","1000","61","96","605","3600","0","0","0","0","0","0","0","0","0","0","0","0","0","0","0","0","0","0","0","0","0","0","0","0","0","0","0","0","0","0","0","0","0","0","0","0","0","0","0","0","0","0","0","0","0","0","0","0","0","0","0","0","0","0","0","0","0","0","0","0","0","0","0","0","0","0","0","0","0","0","0","0","0","0","0","0","0"
"yune","track-a-comparison","luna_pinyin","key_sequence_process_with_context","zhongguo","72","8","8","338600","24","312500","296","160","4800","159","300","1300","9500","100","2700","159","0","40","8","11700","40","8","800","8","0","40","120","8","160","159","160","0","0","8","11100","31","7","158700","129","0","0","0","0","8","7","8","1000","61","96","605","3400","0","0","0","0","0","0","0","0","0","0","0","0","0","0","0","0","0","0","0","0","0","0","0","0","0","0","0","0","0","0","0","0","0","0","0","0","0","0","0","0","0","0","0","0","0","0","0","0","0","0","0","0","0","0","0","0","0","0","0","0","0","0","0","0","0","0","0","0","0","0","0","0","0","0","0","0","0"
"yune","track-a-comparison","luna_pinyin","key_sequence_process_with_context","zhongguo","73","8","8","342100","24","315600","296","160","4900","159","400","1400","9700","100","2600","159","0","40","8","11500","40","8","900","8","0","40","120","8","160","159","160","0","0","8","11200","31","7","159800","129","0","0","0","0","8","7","8","1000","61","96","605","3300","0","0","0","0","0","0","0","0","0","0","0","0","0","0","0","0","0","0","0","0","0","0","0","0","0","0","0","0","0","0","0","0","0","0","0","0","0","0","0","0","0","0","0","0","0","0","0","0","0","0","0","0","0","0","0","0","0","0","0","0","0","0","0","0","0","0","0","0","0","0","0","0","0","0","0","0","0"
"yune","track-a-comparison","luna_pinyin","key_sequence_process_with_context","zhongguo","74","8","8","345800","24","319400","296","160","4600","159","100","1500","9700","300","2500","159","0","40","8","11700","40","8","1000","8","0","40","120","8","160","159","160","0","0","8","11000","31","7","161300","129","0","0","0","0","8","7","8","1100","61","96","605","4000","0","0","0","0","0","0","0","0","0","0","0","0","0","0","0","0","0","0","0","0","0","0","0","0","0","0","0","0","0","0","0","0","0","0","0","0","0","0","0","0","0","0","0","0","0","0","0","0","0","0","0","0","0","0","0","0","0","0","0","0","0","0","0","0","0","0","0","0","0","0","0","0","0","0","0","0","0"
"yune","track-a-comparison","luna_pinyin","key_sequence_process_with_context","zhongguo","75","8","8","340500","24","314100","296","160","4700","159","200","1200","9700","100","2300","159","0","40","8","11800","40","8","800","8","0","40","120","8","160","159","160","0","0","8","11100","31","7","159600","129","0","0","0","0","8","7","8","1000","61","96","605","3100","0","0","0","0","0","0","0","0","0","0","0","0","0","0","0","0","0","0","0","0","0","0","0","0","0","0","0","0","0","0","0","0","0","0","0","0","0","0","0","0","0","0","0","0","0","0","0","0","0","0","0","0","0","0","0","0","0","0","0","0","0","0","0","0","0","0","0","0","0","0","0","0","0","0","0","0","0"
"yune","track-a-comparison","luna_pinyin","key_sequence_process_with_context","zhongguo","76","8","8","343600","24","316900","296","160","4800","159","200","1400","9700","100","2400","159","0","40","8","11900","40","8","900","8","0","40","120","8","160","159","160","0","0","8","10900","31","7","160900","129","0","0","0","0","8","7","8","1000","61","96","605","3600","0","0","0","0","0","0","0","0","0","0","0","0","0","0","0","0","0","0","0","0","0","0","0","0","0","0","0","0","0","0","0","0","0","0","0","0","0","0","0","0","0","0","0","0","0","0","0","0","0","0","0","0","0","0","0","0","0","0","0","0","0","0","0","0","0","0","0","0","0","0","0","0","0","0","0","0","0"
"yune","track-a-comparison","luna_pinyin","key_sequence_process_with_context","zhongguo","77","8","8","345700","24","319200","296","160","4600","159","0","1300","9700","200","2400","159","0","40","8","11900","40","8","1000","8","0","40","120","8","160","159","160","0","0","8","11000","31","7","164100","129","0","0","0","0","8","7","8","1100","61","96","605","3600","0","0","0","0","0","0","0","0","0","0","0","0","0","0","0","0","0","0","0","0","0","0","0","0","0","0","0","0","0","0","0","0","0","0","0","0","0","0","0","0","0","0","0","0","0","0","0","0","0","0","0","0","0","0","0","0","0","0","0","0","0","0","0","0","0","0","0","0","0","0","0","0","0","0","0","0","0"
"yune","track-a-comparison","luna_pinyin","key_sequence_process_with_context","zhongguo","78","8","8","343700","24","316500","296","160","4700","159","500","1300","9700","300","2300","159","0","40","8","11800","40","8","1000","8","0","40","120","8","160","159","160","0","0","8","11200","31","7","161900","129","0","0","0","0","8","7","8","1000","61","96","605","3600","0","0","0","0","0","0","0","0","0","0","0","0","0","0","0","0","0","0","0","0","0","0","0","0","0","0","0","0","0","0","0","0","0","0","0","0","0","0","0","0","0","0","0","0","0","0","0","0","0","0","0","0","0","0","0","0","0","0","0","0","0","0","0","0","0","0","0","0","0","0","0","0","0","0","0","0","0"
"yune","track-a-comparison","luna_pinyin","key_sequence_process_with_context","zhongguo","79","8","8","345200","24","316100","296","160","4700","159","500","1400","12000","0","2500","159","0","40","8","11700","40","8","900","8","0","40","120","8","160","159","160","0","0","8","11100","31","7","161700","129","0","0","0","0","8","7","8","1000","61","96","605","3800","0","0","0","0","0","0","0","0","0","0","0","0","0","0","0","0","0","0","0","0","0","0","0","0","0","0","0","0","0","0","0","0","0","0","0","0","0","0","0","0","0","0","0","0","0","0","0","0","0","0","0","0","0","0","0","0","0","0","0","0","0","0","0","0","0","0","0","0","0","0","0","0","0","0","0","0","0"
"yune","track-a-comparison","luna_pinyin","key_sequence_process_with_context","ceshiyixiachangjushuruxingnengzenyang","0","37","37","20964300","111","20834300","184","115","4200","249","900","10600","27000","300","5200","249","0","171","37","44200","171","37","5200","37","0","185","555","37","740","249","250","0","0","37","452800","28","36","299900","87","0","0","0","0","37","36","37","3500","37","281","5535","9900","0","0","0","0","0","0","0","0","0","0","0","0","0","0","0","27","18982500","135","382","233","168","401","0","0","821","59","105","277","277","355","293","355","105","821","0","27","18624600","26","18105800","11","0","0","0","0","0","0","0","0","0","0","0","0","0","0","0","0","0","0","0","0","0","0","0","0","0","0","0","0","0","0","0","0","0","0","0","0","0"
"yune","track-a-comparison","luna_pinyin","key_sequence_process_with_context","ceshiyixiachangjushuruxingnengzenyang","1","37","37","21025200","111","20892200","184","115","3500","249","700","11200","29200","900","5200","249","0","171","37","44400","171","37","5100","37","0","185","555","37","740","249","250","0","0","37","454000","28","36","294800","87","0","0","0","0","37","36","37","3100","37","281","5535","12200","0","0","0","0","0","0","0","0","0","0","0","0","0","0","0","27","19040800","135","382","233","168","401","0","0","821","59","105","277","277","355","293","355","105","821","0","27","18682800","26","18156500","11","0","0","0","0","0","0","0","0","0","0","0","0","0","0","0","0","0","0","0","0","0","0","0","0","0","0","0","0","0","0","0","0","0","0","0","0","0"
"yune","track-a-comparison","luna_pinyin","key_sequence_process_with_context","ceshiyixiachangjushuruxingnengzenyang","2","37","37","21059500","111","20928600","184","115","3900","249","700","10800","28200","900","4700","249","0","171","37","46100","171","37","5300","37","0","185","555","37","740","249","250","0","0","37","453900","28","36","298600","87","0","0","0","0","37","36","37","2800","37","281","5535","12300","0","0","0","0","0","0","0","0","0","0","0","0","0","0","0","27","19072500","135","382","233","168","401","0","0","821","59","105","277","277","355","293","355","105","821","0","27","18713000","26","18165300","11","0","0","0","0","0","0","0","0","0","0","0","0","0","0","0","0","0","0","0","0","0","0","0","0","0","0","0","0","0","0","0","0","0","0","0","0","0"
"yune","track-a-comparison","luna_pinyin","key_sequence_process_with_context","ceshiyixiachangjushuruxingnengzenyang","3","37","37","21133200","111","21001000","184","115","3800","249","1100","10700","28600","1100","4800","249","0","171","37","45100","171","37","5100","37","0","185","555","37","740","249","250","0","0","37","479100","28","36","298800","87","0","0","0","0","37","36","37","3600","37","281","5535","13000","0","0","0","0","0","0","0","0","0","0","0","0","0","0","0","27","19107800","135","382","233","168","401","0","0","821","59","105","277","277","355","293","355","105","821","0","27","18741000","26","18210200","11","0","0","0","0","0","0","0","0","0","0","0","0","0","0","0","0","0","0","0","0","0","0","0","0","0","0","0","0","0","0","0","0","0","0","0","0","0"
"yune","track-a-comparison","luna_pinyin","key_sequence_process_with_context","ceshiyixiachangjushuruxingnengzenyang","4","37","37","20974500","111","20842700","184","115","3800","249","700","10600","28400","800","4600","249","0","171","37","44700","171","37","5500","37","0","185","555","37","740","249","250","0","0","37","453800","28","36","303700","87","0","0","0","0","37","36","37","2900","37","281","5535","10900","0","0","0","0","0","0","0","0","0","0","0","0","0","0","0","27","18980500","135","382","233","168","401","0","0","821","59","105","277","277","355","293","355","105","821","0","27","18619300","26","18063000","11","0","0","0","0","0","0","0","0","0","0","0","0","0","0","0","0","0","0","0","0","0","0","0","0","0","0","0","0","0","0","0","0","0","0","0","0","0"
"yune","track-a-comparison","luna_pinyin","key_sequence_process_with_context","ceshiyixiachangjushuruxingnengzenyang","5","37","37","21071500","111","20938400","184","115","3700","249","1400","11100","28400","1000","5100","249","0","171","37","45200","171","37","5200","37","0","185","555","37","740","249","250","0","0","37","453000","28","36","297900","87","0","0","0","0","37","36","37","2600","37","281","5535","12900","0","0","0","0","0","0","0","0","0","0","0","0","0","0","0","27","19088000","135","382","233","168","401","0","0","821","59","105","277","277","355","293","355","105","821","0","27","18717500","26","18197700","11","0","0","0","0","0","0","0","0","0","0","0","0","0","0","0","0","0","0","0","0","0","0","0","0","0","0","0","0","0","0","0","0","0","0","0","0","0"
"yune","track-a-comparison","luna_pinyin","key_sequence_process_with_context","ceshiyixiachangjushuruxingnengzenyang","6","37","37","21416700","111","21273400","184","115","3600","249","1000","11600","29800","600","4800","249","0","171","37","48300","171","37","5200","37","0","185","555","37","740","249","250","0","0","37","444700","28","36","308100","87","0","0","0","0","37","36","37","3600","37","281","5535","12100","0","0","0","0","0","0","0","0","0","0","0","0","0","0","0","27","19402500","135","382","233","168","401","0","0","821","59","105","277","277","355","293","355","105","821","0","27","19008500","26","18441000","11","0","0","0","0","0","0","0","0","0","0","0","0","0","0","0","0","0","0","0","0","0","0","0","0","0","0","0","0","0","0","0","0","0","0","0","0","0"
"yune","track-a-comparison","luna_pinyin","key_sequence_process_with_context","ceshiyixiachangjushuruxingnengzenyang","7","37","37","21613800","111","21476900","184","115","3800","249","1200","11500","28700","400","4700","249","0","171","37","46800","171","37","5600","37","0","185","555","37","740","249","250","0","0","37","437800","28","36","303800","87","0","0","0","0","37","36","37","3300","37","281","5535","12500","0","0","0","0","0","0","0","0","0","0","0","0","0","0","0","27","19652300","135","382","233","168","401","0","0","821","59","105","277","277","355","293","355","105","821","0","27","19262900","26","18720200","11","0","0","0","0","0","0","0","0","0","0","0","0","0","0","0","0","0","0","0","0","0","0","0","0","0","0","0","0","0","0","0","0","0","0","0","0","0"
"yune","track-a-comparison","luna_pinyin","key_sequence_process_with_context","ceshiyixiachangjushuruxingnengzenyang","8","37","37","21365400","111","21224000","184","115","4200","249","1800","11200","35000","700","5100","249","0","171","37","47000","171","37","5400","37","0","185","555","37","740","249","250","0","0","37","441900","28","36","316200","87","0","0","0","0","37","36","37","3700","37","281","5535","12000","0","0","0","0","0","0","0","0","0","0","0","0","0","0","0","27","19360500","135","382","233","168","401","0","0","821","59","105","277","277","355","293","355","105","821","0","27","18974000","26","18428900","11","0","0","0","0","0","0","0","0","0","0","0","0","0","0","0","0","0","0","0","0","0","0","0","0","0","0","0","0","0","0","0","0","0","0","0","0","0"
"yune","track-a-comparison","luna_pinyin","key_sequence_process_with_context","ceshiyixiachangjushuruxingnengzenyang","9","37","37","21145500","111","21011900","184","115","4000","249","900","11000","28700","1100","4400","249","0","171","37","45500","171","37","5500","37","0","185","555","37","740","249","250","0","0","37","445200","28","36","298200","87","0","0","0","0","37","36","37","3500","37","281","5535","10500","0","0","0","0","0","0","0","0","0","0","0","0","0","0","0","27","19173700","135","382","233","168","401","0","0","821","59","105","277","277","355","293","355","105","821","0","27","18804900","26","18270500","11","0","0","0","0","0","0","0","0","0","0","0","0","0","0","0","0","0","0","0","0","0","0","0","0","0","0","0","0","0","0","0","0","0","0","0","0","0"
"yune","track-a-comparison","luna_pinyin","key_sequence_process_with_context","ceshiyixiachangjushuruxingnengzenyang","10","37","37","21292900","111","21148700","184","115","3900","249","1500","11900","28700","700","5100","249","0","171","37","48800","171","37","5700","37","0","185","555","37","740","249","250","0","0","37","479100","28","36","298700","87","0","0","0","0","37","36","37","3400","37","281","5535","12500","0","0","0","0","0","0","0","0","0","0","0","0","0","0","0","27","19239500","135","382","233","168","401","0","0","821","59","105","277","277","355","293","355","105","821","0","27","18866300","26","18333600","11","0","0","0","0","0","0","0","0","0","0","0","0","0","0","0","0","0","0","0","0","0","0","0","0","0","0","0","0","0","0","0","0","0","0","0","0","0"
"yune","track-a-comparison","luna_pinyin","key_sequence_process_with_context","ceshiyixiachangjushuruxingnengzenyang","11","37","37","21129500","111","20993000","184","115","3100","249","800","10400","30800","800","5100","249","0","171","37","46000","171","37","5500","37","0","185","555","37","740","249","250","0","0","37","467100","28","36","292500","87","0","0","0","0","37","36","37","3000","37","281","5535","12800","0","0","0","0","0","0","0","0","0","0","0","0","0","0","0","27","19101500","135","382","233","168","401","0","0","821","59","105","277","277","355","293","355","105","821","0","27","18740100","26","18217300","11","0","0","0","0","0","0","0","0","0","0","0","0","0","0","0","0","0","0","0","0","0","0","0","0","0","0","0","0","0","0","0","0","0","0","0","0","0"
"yune","track-a-comparison","luna_pinyin","key_sequence_process_with_context","ceshiyixiachangjushuruxingnengzenyang","12","37","37","21225400","111","21094000","184","115","4000","249","1300","10900","26700","300","4800","249","0","171","37","45600","171","37","5600","37","0","185","555","37","740","249","250","0","0","37","458100","28","36","288200","87","0","0","0","0","37","36","37","2600","37","281","5535","12800","0","0","0","0","0","0","0","0","0","0","0","0","0","0","0","27","19230100","135","382","233","168","401","0","0","821","59","105","277","277","355","293","355","105","821","0","27","18870000","26","18343300","11","0","0","0","0","0","0","0","0","0","0","0","0","0","0","0","0","0","0","0","0","0","0","0","0","0","0","0","0","0","0","0","0","0","0","0","0","0"
"yune","track-a-comparison","luna_pinyin","key_sequence_process_with_context","ceshiyixiachangjushuruxingnengzenyang","13","37","37","21248900","111","21118200","184","115","4000","249","1200","10900","27600","1000","4900","249","0","171","37","45400","171","37","4800","37","0","185","555","37","740","249","250","0","0","37","452100","28","36","298300","87","0","0","0","0","37","36","37","3100","37","281","5535","10900","0","0","0","0","0","0","0","0","0","0","0","0","0","0","0","27","19267100","135","382","233","168","401","0","0","821","59","105","277","277","355","293","355","105","821","0","27","18908800","26","18268100","11","0","0","0","0","0","0","0","0","0","0","0","0","0","0","0","0","0","0","0","0","0","0","0","0","0","0","0","0","0","0","0","0","0","0","0","0","0"
"yune","track-a-comparison","luna_pinyin","key_sequence_process_with_context","ceshiyixiachangjushuruxingnengzenyang","14","37","37","21021600","111","20889000","184","115","3200","249","1200","10800","27700","500","4400","249","0","171","37","44100","171","37","5100","37","0","185","555","37","740","249","250","0","0","37","452200","28","36","292400","87","0","0","0","0","37","36","37","3100","37","281","5535","11000","0","0","0","0","0","0","0","0","0","0","0","0","0","0","0","27","19039900","135","382","233","168","401","0","0","821","59","105","277","277","355","293","355","105","821","0","27","18690400","26","18167300","11","0","0","0","0","0","0","0","0","0","0","0","0","0","0","0","0","0","0","0","0","0","0","0","0","0","0","0","0","0","0","0","0","0","0","0","0","0"
"yune","track-a-comparison","luna_pinyin","key_sequence_process_with_context","ceshiyixiachangjushuruxingnengzenyang","15","37","37","21270400","111","21139100","184","115","3500","249","1100","10600","28400","1300","5100","249","0","171","37","44400","171","37","5500","37","0","185","555","37","740","249","250","0","0","37","454800","28","36","303700","87","0","0","0","0","37","36","37","3600","37","281","5535","13000","0","0","0","0","0","0","0","0","0","0","0","0","0","0","0","27","19270700","135","382","233","168","401","0","0","821","59","105","277","277","355","293","355","105","821","0","27","18911100","26","18390600","11","0","0","0","0","0","0","0","0","0","0","0","0","0","0","0","0","0","0","0","0","0","0","0","0","0","0","0","0","0","0","0","0","0","0","0","0","0"
"yune","track-a-comparison","luna_pinyin","key_sequence_process_with_context","ceshiyixiachangjushuruxingnengzenyang","16","37","37","21091700","111","20957700","184","115","3800","249","1000","11500","28600","600","4700","249","0","171","37","46500","171","37","5800","37","0","185","555","37","740","249","250","0","0","37","455600","28","36","294900","87","0","0","0","0","37","36","37","3500","37","281","5535","12300","0","0","0","0","0","0","0","0","0","0","0","0","0","0","0","27","19096200","135","382","233","168","401","0","0","821","59","105","277","277","355","293","355","105","821","0","27","18729100","26","18197100","11","0","0","0","0","0","0","0","0","0","0","0","0","0","0","0","0","0","0","0","0","0","0","0","0","0","0","0","0","0","0","0","0","0","0","0","0","0"
"yune","track-a-comparison","luna_pinyin","key_sequence_process_with_context","ceshiyixiachangjushuruxingnengzenyang","17","37","37","21351000","111","21219000","184","115","4200","249","700","11300","28100","1200","4700","249","0","171","37","46200","171","37","4900","37","0","185","555","37","740","249","250","0","0","37","453000","28","36","297300","87","0","0","0","0","37","36","37","3500","37","281","5535","11100","0","0","0","0","0","0","0","0","0","0","0","0","0","0","0","27","19365200","135","382","233","168","401","0","0","821","59","105","277","277","355","293","355","105","821","0","27","18997700","26","18471300","11","0","0","0","0","0","0","0","0","0","0","0","0","0","0","0","0","0","0","0","0","0","0","0","0","0","0","0","0","0","0","0","0","0","0","0","0","0"
"yune","track-a-comparison","luna_pinyin","key_sequence_process_with_context","ceshiyixiachangjushuruxingnengzenyang","18","37","37","21182400","111","21048600","184","115","3500","249","800","10700","27900","800","4400","249","0","171","37","46100","171","37","4900","37","0","185","555","37","740","249","250","0","0","37","457300","28","36","303400","87","0","0","0","0","37","36","37","3200","37","281","5535","12400","0","0","0","0","0","0","0","0","0","0","0","0","0","0","0","27","19178200","135","382","233","168","401","0","0","821","59","105","277","277","355","293","355","105","821","0","27","18810400","26","18238900","11","0","0","0","0","0","0","0","0","0","0","0","0","0","0","0","0","0","0","0","0","0","0","0","0","0","0","0","0","0","0","0","0","0","0","0","0","0"
"yune","track-a-comparison","luna_pinyin","key_sequence_process_with_context","ceshiyixiachangjushuruxingnengzenyang","19","37","37","21095100","111","20963700","184","115","3100","249","900","10600","27700","600","5000","249","0","171","37","45000","171","37","5100","37","0","185","555","37","740","249","250","0","0","37","452500","28","36","294800","87","0","0","0","0","37","36","37","3400","37","281","5535","11200","0","0","0","0","0","0","0","0","0","0","0","0","0","0","0","27","19112800","135","382","233","168","401","0","0","821","59","105","277","277","355","293","355","105","821","0","27","18751100","26","18230100","11","0","0","0","0","0","0","0","0","0","0","0","0","0","0","0","0","0","0","0","0","0","0","0","0","0","0","0","0","0","0","0","0","0","0","0","0","0"
"yune","track-a-comparison","luna_pinyin","key_sequence_process_with_context","ceshiyixiachangjushuruxingnengzenyang","20","37","37","21187500","111","21055800","184","115","3500","249","1200","10600","27200","1000","4800","249","0","171","37","44400","171","37","4900","37","0","185","555","37","740","249","250","0","0","37","452800","28","36","291300","87","0","0","0","0","37","36","37","2800","37","281","5535","10700","0","0","0","0","0","0","0","0","0","0","0","0","0","0","0","27","19209800","135","382","233","168","401","0","0","821","59","105","277","277","355","293","355","105","821","0","27","18851800","26","18331400","11","0","0","0","0","0","0","0","0","0","0","0","0","0","0","0","0","0","0","0","0","0","0","0","0","0","0","0","0","0","0","0","0","0","0","0","0","0"
"yune","track-a-comparison","luna_pinyin","key_sequence_process_with_context","ceshiyixiachangjushuruxingnengzenyang","21","37","37","21167200","111","21035300","184","115","4000","249","1300","10800","27600","1300","4500","249","0","171","37","46300","171","37","4500","37","0","185","555","37","740","249","250","0","0","37","452100","28","36","299900","87","0","0","0","0","37","36","37","2600","37","281","5535","12000","0","0","0","0","0","0","0","0","0","0","0","0","0","0","0","27","19184300","135","382","233","168","401","0","0","821","59","105","277","277","355","293","355","105","821","0","27","18822900","26","18294400","11","0","0","0","0","0","0","0","0","0","0","0","0","0","0","0","0","0","0","0","0","0","0","0","0","0","0","0","0","0","0","0","0","0","0","0","0","0"
"yune","track-a-comparison","luna_pinyin","key_sequence_process_with_context","ceshiyixiachangjushuruxingnengzenyang","22","37","37","21381500","111","21250700","184","115","3700","249","1200","10900","27800","900","4600","249","0","171","37","45100","171","37","4900","37","0","185","555","37","740","249","250","0","0","37","456700","28","36","294000","87","0","0","0","0","37","36","37","2400","37","281","5535","12200","0","0","0","0","0","0","0","0","0","0","0","0","0","0","0","27","19401500","135","382","233","168","401","0","0","821","59","105","277","277","355","293","355","105","821","0","27","19030400","26","18478400","11","0","0","0","0","0","0","0","0","0","0","0","0","0","0","0","0","0","0","0","0","0","0","0","0","0","0","0","0","0","0","0","0","0","0","0","0","0"
"yune","track-a-comparison","luna_pinyin","key_sequence_process_with_context","ceshiyixiachangjushuruxingnengzenyang","23","37","37","21123000","111","20991200","184","115","3600","249","700","10400","28200","1400","4800","249","0","171","37","44600","171","37","5300","37","0","185","555","37","740","249","250","0","0","37","458500","28","36","294800","87","0","0","0","0","37","36","37","3100","37","281","5535","11300","0","0","0","0","0","0","0","0","0","0","0","0","0","0","0","27","19129500","135","382","233","168","401","0","0","821","59","105","277","277","355","293","355","105","821","0","27","18768300","26","18237500","11","0","0","0","0","0","0","0","0","0","0","0","0","0","0","0","0","0","0","0","0","0","0","0","0","0","0","0","0","0","0","0","0","0","0","0","0","0"
"yune","track-a-comparison","luna_pinyin","key_sequence_process_with_context","ceshiyixiachangjushuruxingnengzenyang","24","37","37","21112100","111","20980000","184","115","3500","249","1200","10700","27200","900","4500","249","0","171","37","45800","171","37","5300","37","0","185","555","37","740","249","250","0","0","37","451800","28","36","293400","87","0","0","0","0","37","36","37","2600","37","281","5535","11300","0","0","0","0","0","0","0","0","0","0","0","0","0","0","0","27","19130200","135","382","233","168","401","0","0","821","59","105","277","277","355","293","355","105","821","0","27","18763300","26","18231100","11","0","0","0","0","0","0","0","0","0","0","0","0","0","0","0","0","0","0","0","0","0","0","0","0","0","0","0","0","0","0","0","0","0","0","0","0","0"
"yune","track-a-comparison","luna_pinyin","key_sequence_process_with_context","ceshiyixiachangjushuruxingnengzenyang","25","37","37","21179000","111","21046400","184","115","4200","249","1200","11100","27900","1100","4700","249","0","171","37","45300","171","37","5300","37","0","185","555","37","740","249","250","0","0","37","452300","28","36","307300","87","0","0","0","0","37","36","37","2700","37","281","5535","11500","0","0","0","0","0","0","0","0","0","0","0","0","0","0","0","27","19181100","135","382","233","168","401","0","0","821","59","105","277","277","355","293","355","105","821","0","27","18818600","26","18288700","11","0","0","0","0","0","0","0","0","0","0","0","0","0","0","0","0","0","0","0","0","0","0","0","0","0","0","0","0","0","0","0","0","0","0","0","0","0"
"yune","track-a-comparison","luna_pinyin","key_sequence_process_with_context","ceshiyixiachangjushuruxingnengzenyang","26","37","37","21301600","111","21167700","184","115","4000","249","1100","10300","28100","1400","4800","249","0","171","37","45300","171","37","4500","37","0","185","555","37","740","249","250","0","0","37","452100","28","36","296200","87","0","0","0","0","37","36","37","3100","37","281","5535","11700","0","0","0","0","0","0","0","0","0","0","0","0","0","0","0","27","19311800","135","382","233","168","401","0","0","821","59","105","277","277","355","293","355","105","821","0","27","18935300","26","18410500","11","0","0","0","0","0","0","0","0","0","0","0","0","0","0","0","0","0","0","0","0","0","0","0","0","0","0","0","0","0","0","0","0","0","0","0","0","0"
"yune","track-a-comparison","luna_pinyin","key_sequence_process_with_context","ceshiyixiachangjushuruxingnengzenyang","27","37","37","21215600","111","21082900","184","115","3200","249","800","10700","28000","900","5500","249","0","171","37","45900","171","37","5300","37","0","185","555","37","740","249","250","0","0","37","456000","28","36","293800","87","0","0","0","0","37","36","37","3100","37","281","5535","11200","0","0","0","0","0","0","0","0","0","0","0","0","0","0","0","27","19230700","135","382","233","168","401","0","0","821","59","105","277","277","355","293","355","105","821","0","27","18871700","26","18330300","11","0","0","0","0","0","0","0","0","0","0","0","0","0","0","0","0","0","0","0","0","0","0","0","0","0","0","0","0","0","0","0","0","0","0","0","0","0"
"yune","track-a-comparison","luna_pinyin","key_sequence_process_with_context","ceshiyixiachangjushuruxingnengzenyang","28","37","37","21061300","111","20928800","184","115","3900","249","1000","10800","28200","600","4200","249","0","171","37","46500","171","37","5800","37","0","185","555","37","740","249","250","0","0","37","452000","28","36","292900","87","0","0","0","0","37","36","37","3200","37","281","5535","11700","0","0","0","0","0","0","0","0","0","0","0","0","0","0","0","27","19075700","135","382","233","168","401","0","0","821","59","105","277","277","355","293","355","105","821","0","27","18720000","26","18187200","11","0","0","0","0","0","0","0","0","0","0","0","0","0","0","0","0","0","0","0","0","0","0","0","0","0","0","0","0","0","0","0","0","0","0","0","0","0"
"yune","track-a-comparison","luna_pinyin","key_sequence_process_with_context","ceshiyixiachangjushuruxingnengzenyang","29","37","37","21068100","111","20936100","184","115","3400","249","800","11000","27700","1400","4600","249","0","171","37","46400","171","37","4900","37","0","185","555","37","740","249","250","0","0","37","451700","28","36","290900","87","0","0","0","0","37","36","37","2700","37","281","5535","11600","0","0","0","0","0","0","0","0","0","0","0","0","0","0","0","27","19091700","135","382","233","168","401","0","0","821","59","105","277","277","355","293","355","105","821","0","27","18736000","26","18216900","11","0","0","0","0","0","0","0","0","0","0","0","0","0","0","0","0","0","0","0","0","0","0","0","0","0","0","0","0","0","0","0","0","0","0","0","0","0"
"yune","track-a-comparison","luna_pinyin","key_sequence_process_with_context","ceshiyixiachangjushuruxingnengzenyang","30","37","37","21061500","111","20926200","184","115","4100","249","1000","11300","28400","900","4900","249","0","171","37","45500","171","37","5400","37","0","185","555","37","740","249","250","0","0","37","451200","28","36","294000","87","0","0","0","0","37","36","37","2800","37","281","5535","12900","0","0","0","0","0","0","0","0","0","0","0","0","0","0","0","27","19082300","135","382","233","168","401","0","0","821","59","105","277","277","355","293","355","105","821","0","27","18720400","26","18199400","11","0","0","0","0","0","0","0","0","0","0","0","0","0","0","0","0","0","0","0","0","0","0","0","0","0","0","0","0","0","0","0","0","0","0","0","0","0"
"yune","track-a-comparison","luna_pinyin","key_sequence_process_with_context","ceshiyixiachangjushuruxingnengzenyang","31","37","37","21235300","111","21105000","184","115","3900","249","1000","11000","26900","700","4600","249","0","171","37","45500","171","37","5200","37","0","185","555","37","740","249","250","0","0","37","456400","28","36","293000","87","0","0","0","0","37","36","37","3100","37","281","5535","10100","0","0","0","0","0","0","0","0","0","0","0","0","0","0","0","27","19255000","135","382","233","168","401","0","0","821","59","105","277","277","355","293","355","105","821","0","27","18886700","26","18352900","11","0","0","0","0","0","0","0","0","0","0","0","0","0","0","0","0","0","0","0","0","0","0","0","0","0","0","0","0","0","0","0","0","0","0","0","0","0"
"yune","track-a-comparison","luna_pinyin","key_sequence_process_with_context","ceshiyixiachangjushuruxingnengzenyang","32","37","37","21141100","111","21010000","184","115","4300","249","900","10600","27400","800","4700","249","0","171","37","45600","171","37","5500","37","0","185","555","37","740","249","250","0","0","37","452300","28","36","294000","87","0","0","0","0","37","36","37","2700","37","281","5535","11000","0","0","0","0","0","0","0","0","0","0","0","0","0","0","0","27","19162400","135","382","233","168","401","0","0","821","59","105","277","277","355","293","355","105","821","0","27","18803500","26","18250700","11","0","0","0","0","0","0","0","0","0","0","0","0","0","0","0","0","0","0","0","0","0","0","0","0","0","0","0","0","0","0","0","0","0","0","0","0","0"
"yune","track-a-comparison","luna_pinyin","key_sequence_process_with_context","ceshiyixiachangjushuruxingnengzenyang","33","37","37","21121800","111","20988200","184","115","4100","249","900","11200","28200","900","4700","249","0","171","37","46500","171","37","5300","37","0","185","555","37","740","249","250","0","0","37","451800","28","36","297300","87","0","0","0","0","37","36","37","3100","37","281","5535","11000","0","0","0","0","0","0","0","0","0","0","0","0","0","0","0","27","19131400","135","382","233","168","401","0","0","821","59","105","277","277","355","293","355","105","821","0","27","18765600","26","18232200","11","0","0","0","0","0","0","0","0","0","0","0","0","0","0","0","0","0","0","0","0","0","0","0","0","0","0","0","0","0","0","0","0","0","0","0","0","0"
"yune","track-a-comparison","luna_pinyin","key_sequence_process_with_context","ceshiyixiachangjushuruxingnengzenyang","34","37","37","21206700","111","21072100","184","115","3900","249","800","11200","27100","1100","4700","249","0","171","37","46800","171","37","5400","37","0","185","555","37","740","249","250","0","0","37","452500","28","36","297500","87","0","0","0","0","37","36","37","2800","37","281","5535","11800","0","0","0","0","0","0","0","0","0","0","0","0","0","0","0","27","19220700","135","382","233","168","401","0","0","821","59","105","277","277","355","293","355","105","821","0","27","18811500","26","18288300","11","0","0","0","0","0","0","0","0","0","0","0","0","0","0","0","0","0","0","0","0","0","0","0","0","0","0","0","0","0","0","0","0","0","0","0","0","0"
"yune","track-a-comparison","luna_pinyin","key_sequence_process_with_context","ceshiyixiachangjushuruxingnengzenyang","35","37","37","21340600","111","21210000","184","115","4300","249","1200","9900","27000","800","5200","249","0","171","37","46000","171","37","5700","37","0","185","555","37","740","249","250","0","0","37","451500","28","36","294800","87","0","0","0","0","37","36","37","3600","37","281","5535","12300","0","0","0","0","0","0","0","0","0","0","0","0","0","0","0","27","19363300","135","382","233","168","401","0","0","821","59","105","277","277","355","293","355","105","821","0","27","18985700","26","18447400","11","0","0","0","0","0","0","0","0","0","0","0","0","0","0","0","0","0","0","0","0","0","0","0","0","0","0","0","0","0","0","0","0","0","0","0","0","0"
"yune","track-a-comparison","luna_pinyin","key_sequence_process_with_context","ceshiyixiachangjushuruxingnengzenyang","36","37","37","21445400","111","21311500","184","115","4100","249","800","10700","29100","800","5100","249","0","171","37","47200","171","37","5100","37","0","185","555","37","740","249","250","0","0","37","456100","28","36","306800","87","0","0","0","0","37","36","37","3400","37","281","5535","11400","0","0","0","0","0","0","0","0","0","0","0","0","0","0","0","27","19435300","135","382","233","168","401","0","0","821","59","105","277","277","355","293","355","105","821","0","27","19053800","26","18471800","11","0","0","0","0","0","0","0","0","0","0","0","0","0","0","0","0","0","0","0","0","0","0","0","0","0","0","0","0","0","0","0","0","0","0","0","0","0"
"yune","track-a-comparison","luna_pinyin","key_sequence_process_with_context","ceshiyixiachangjushuruxingnengzenyang","37","37","37","21199300","111","21066000","184","115","3700","249","1000","11000","29000","1200","4900","249","0","171","37","46100","171","37","5600","37","0","185","555","37","740","249","250","0","0","37","453300","28","36","298100","87","0","0","0","0","37","36","37","2900","37","281","5535","10700","0","0","0","0","0","0","0","0","0","0","0","0","0","0","0","27","19203500","135","382","233","168","401","0","0","821","59","105","277","277","355","293","355","105","821","0","27","18834700","26","18294200","11","0","0","0","0","0","0","0","0","0","0","0","0","0","0","0","0","0","0","0","0","0","0","0","0","0","0","0","0","0","0","0","0","0","0","0","0","0"
"yune","track-a-comparison","luna_pinyin","key_sequence_process_with_context","ceshiyixiachangjushuruxingnengzenyang","38","37","37","21462400","111","21326500","184","115","4000","249","900","10900","28500","500","5200","249","0","171","37","47500","171","37","4900","37","0","185","555","37","740","249","250","0","0","37","453500","28","36","298000","87","0","0","0","0","37","36","37","2900","37","281","5535","11700","0","0","0","0","0","0","0","0","0","0","0","0","0","0","0","27","19462700","135","382","233","168","401","0","0","821","59","105","277","277","355","293","355","105","821","0","27","19087000","26","18543900","11","0","0","0","0","0","0","0","0","0","0","0","0","0","0","0","0","0","0","0","0","0","0","0","0","0","0","0","0","0","0","0","0","0","0","0","0","0"
"yune","track-a-comparison","luna_pinyin","key_sequence_process_with_context","ceshiyixiachangjushuruxingnengzenyang","39","37","37","22702200","111","22558700","184","115","3600","249","1200","11500","31200","800","5800","249","0","171","37","52100","171","37","5200","37","0","185","555","37","740","249","250","0","0","37","455700","28","36","311300","87","0","0","0","0","37","36","37","3800","37","281","5535","11700","0","0","0","0","0","0","0","0","0","0","0","0","0","0","0","27","20667500","135","382","233","168","401","0","0","821","59","105","277","277","355","293","355","105","821","0","27","20219200","26","19526700","11","0","0","0","0","0","0","0","0","0","0","0","0","0","0","0","0","0","0","0","0","0","0","0","0","0","0","0","0","0","0","0","0","0","0","0","0","0"
"yune","track-a-comparison","luna_pinyin","key_sequence_process_with_context","ceshiyixiachangjushuruxingnengzenyang","40","37","37","21484500","111","21349500","184","115","3900","249","900","11600","30200","600","5000","249","0","171","37","47400","171","37","4900","37","0","185","555","37","740","249","250","0","0","37","456400","28","36","314200","87","0","0","0","0","37","36","37","3500","37","281","5535","11000","0","0","0","0","0","0","0","0","0","0","0","0","0","0","0","27","19454000","135","382","233","168","401","0","0","821","59","105","277","277","355","293","355","105","821","0","27","19053700","26","18431200","11","0","0","0","0","0","0","0","0","0","0","0","0","0","0","0","0","0","0","0","0","0","0","0","0","0","0","0","0","0","0","0","0","0","0","0","0","0"
"yune","track-a-comparison","luna_pinyin","key_sequence_process_with_context","ceshiyixiachangjushuruxingnengzenyang","41","37","37","21183800","111","21050600","184","115","4200","249","1100","10600","27500","1200","4600","249","0","171","37","45300","171","37","5000","37","0","185","555","37","740","249","250","0","0","37","451800","28","36","300500","87","0","0","0","0","37","36","37","3600","37","281","5535","11400","0","0","0","0","0","0","0","0","0","0","0","0","0","0","0","27","19184800","135","382","233","168","401","0","0","821","59","105","277","277","355","293","355","105","821","0","27","18820800","26","18293400","11","0","0","0","0","0","0","0","0","0","0","0","0","0","0","0","0","0","0","0","0","0","0","0","0","0","0","0","0","0","0","0","0","0","0","0","0","0"
"yune","track-a-comparison","luna_pinyin","key_sequence_process_with_context","ceshiyixiachangjushuruxingnengzenyang","42","37","37","21101000","111","20967600","184","115","3900","249","1100","10600","26900","800","4500","249","0","171","37","46500","171","37","5400","37","0","185","555","37","740","249","250","0","0","37","456000","28","36","301900","87","0","0","0","0","37","36","37","3600","37","281","5535","11800","0","0","0","0","0","0","0","0","0","0","0","0","0","0","0","27","19101000","135","382","233","168","401","0","0","821","59","105","277","277","355","293","355","105","821","0","27","18743800","26","18221900","11","0","0","0","0","0","0","0","0","0","0","0","0","0","0","0","0","0","0","0","0","0","0","0","0","0","0","0","0","0","0","0","0","0","0","0","0","0"
"yune","track-a-comparison","luna_pinyin","key_sequence_process_with_context","ceshiyixiachangjushuruxingnengzenyang","43","37","37","21189400","111","21049000","184","115","3600","249","1400","11300","30500","1100","5200","249","0","171","37","47300","171","37","5200","37","0","185","555","37","740","249","250","0","0","37","452600","28","36","292300","87","0","0","0","0","37","36","37","3300","37","281","5535","12200","0","0","0","0","0","0","0","0","0","0","0","0","0","0","0","27","19199200","135","382","233","168","401","0","0","821","59","105","277","277","355","293","355","105","821","0","27","18823500","26","18293400","11","0","0","0","0","0","0","0","0","0","0","0","0","0","0","0","0","0","0","0","0","0","0","0","0","0","0","0","0","0","0","0","0","0","0","0","0","0"
"yune","track-a-comparison","luna_pinyin","key_sequence_process_with_context","ceshiyixiachangjushuruxingnengzenyang","44","37","37","21230000","111","21099100","184","115","4200","249","900","10600","27600","600","4600","249","0","171","37","45800","171","37","5300","37","0","185","555","37","740","249","250","0","0","37","453100","28","36","295500","87","0","0","0","0","37","36","37","3400","37","281","5535","13500","0","0","0","0","0","0","0","0","0","0","0","0","0","0","0","27","19225600","135","382","233","168","401","0","0","821","59","105","277","277","355","293","355","105","821","0","27","18860700","26","18340900","11","0","0","0","0","0","0","0","0","0","0","0","0","0","0","0","0","0","0","0","0","0","0","0","0","0","0","0","0","0","0","0","0","0","0","0","0","0"
"yune","track-a-comparison","luna_pinyin","key_sequence_process_with_context","ceshiyixiachangjushuruxingnengzenyang","45","37","37","21119700","111","20984100","184","115","3500","249","900","11100","27700","700","4600","249","0","171","37","46800","171","37","5100","37","0","185","555","37","740","249","250","0","0","37","451900","28","36","295800","87","0","0","0","0","37","36","37","3400","37","281","5535","12500","0","0","0","0","0","0","0","0","0","0","0","0","0","0","0","27","19133900","135","382","233","168","401","0","0","821","59","105","277","277","355","293","355","105","821","0","27","18773400","26","18240800","11","0","0","0","0","0","0","0","0","0","0","0","0","0","0","0","0","0","0","0","0","0","0","0","0","0","0","0","0","0","0","0","0","0","0","0","0","0"
"yune","track-a-comparison","luna_pinyin","key_sequence_process_with_context","ceshiyixiachangjushuruxingnengzenyang","46","37","37","21178300","111","21041100","184","115","3800","249","1200","10700","28200","800","5000","249","0","171","37","47800","171","37","5500","37","0","185","555","37","740","249","250","0","0","37","452900","28","36","295400","87","0","0","0","0","37","36","37","3100","37","281","5535","12200","0","0","0","0","0","0","0","0","0","0","0","0","0","0","0","27","19189700","135","382","233","168","401","0","0","821","59","105","277","277","355","293","355","105","821","0","27","18796700","26","18272600","11","0","0","0","0","0","0","0","0","0","0","0","0","0","0","0","0","0","0","0","0","0","0","0","0","0","0","0","0","0","0","0","0","0","0","0","0","0"
"yune","track-a-comparison","luna_pinyin","key_sequence_process_with_context","ceshiyixiachangjushuruxingnengzenyang","47","37","37","21385300","111","21239200","184","115","3700","249","1100","11800","31100","600","4600","249","0","171","37","50400","171","37","5400","37","0","185","555","37","740","249","250","0","0","37","445200","28","36","298100","87","0","0","0","0","37","36","37","3800","37","281","5535","11600","0","0","0","0","0","0","0","0","0","0","0","0","0","0","0","27","19372600","135","382","233","168","401","0","0","821","59","105","277","277","355","293","355","105","821","0","27","18971000","26","18450700","11","0","0","0","0","0","0","0","0","0","0","0","0","0","0","0","0","0","0","0","0","0","0","0","0","0","0","0","0","0","0","0","0","0","0","0","0","0"
"yune","track-a-comparison","luna_pinyin","key_sequence_process_with_context","ceshiyixiachangjushuruxingnengzenyang","48","37","37","21067100","111","20931800","184","115","3700","249","1300","11000","30100","1200","4900","249","0","171","37","45600","171","37","5300","37","0","185","555","37","740","249","250","0","0","37","438300","28","36","301700","87","0","0","0","0","37","36","37","3200","37","281","5535","11800","0","0","0","0","0","0","0","0","0","0","0","0","0","0","0","27","19084500","135","382","233","168","401","0","0","821","59","105","277","277","355","293","355","105","821","0","27","18701600","26","18165800","11","0","0","0","0","0","0","0","0","0","0","0","0","0","0","0","0","0","0","0","0","0","0","0","0","0","0","0","0","0","0","0","0","0","0","0","0","0"
"yune","track-a-comparison","luna_pinyin","key_sequence_process_with_context","ceshiyixiachangjushuruxingnengzenyang","49","37","37","21097100","111","20966300","184","115","4600","249","1400","10600","27500","400","4600","249","0","171","37","43600","171","37","5200","37","0","185","555","37","740","249","250","0","0","37","438300","28","36","318000","87","0","0","0","0","37","36","37","3200","37","281","5535","11600","0","0","0","0","0","0","0","0","0","0","0","0","0","0","0","27","19132500","135","382","233","168","401","0","0","821","59","105","277","277","355","293","355","105","821","0","27","18759200","26","18225900","11","0","0","0","0","0","0","0","0","0","0","0","0","0","0","0","0","0","0","0","0","0","0","0","0","0","0","0","0","0","0","0","0","0","0","0","0","0"
"yune","track-a-comparison","luna_pinyin","key_sequence_process_with_context","ceshiyixiachangjushuruxingnengzenyang","50","37","37","20824900","111","20694600","184","115","3500","249","800","10300","27600","1100","4900","249","0","171","37","44600","171","37","5200","37","0","185","555","37","740","249","250","0","0","37","436100","28","36","303400","87","0","0","0","0","37","36","37","2700","37","281","5535","10900","0","0","0","0","0","0","0","0","0","0","0","0","0","0","0","27","18880400","135","382","233","168","401","0","0","821","59","105","277","277","355","293","355","105","821","0","27","18519200","26","17979700","11","0","0","0","0","0","0","0","0","0","0","0","0","0","0","0","0","0","0","0","0","0","0","0","0","0","0","0","0","0","0","0","0","0","0","0","0","0"
"yune","track-a-comparison","luna_pinyin","key_sequence_process_with_context","ceshiyixiachangjushuruxingnengzenyang","51","37","37","20902400","111","20767900","184","115","3500","249","1600","10400","27500","900","4800","249","0","171","37","44400","171","37","5300","37","0","185","555","37","740","249","250","0","0","37","447300","28","36","315000","87","0","0","0","0","37","36","37","2900","37","281","5535","11700","0","0","0","0","0","0","0","0","0","0","0","0","0","0","0","27","18910800","135","382","233","168","401","0","0","821","59","105","277","277","355","293","355","105","821","0","27","18556500","26","18042000","11","0","0","0","0","0","0","0","0","0","0","0","0","0","0","0","0","0","0","0","0","0","0","0","0","0","0","0","0","0","0","0","0","0","0","0","0","0"
"yune","track-a-comparison","luna_pinyin","key_sequence_process_with_context","ceshiyixiachangjushuruxingnengzenyang","52","37","37","20911400","111","20777300","184","115","3700","249","1600","10100","28300","800","4400","249","0","171","37","44200","171","37","5100","37","0","185","555","37","740","249","250","0","0","37","454800","28","36","295700","87","0","0","0","0","37","36","37","2500","37","281","5535","10600","0","0","0","0","0","0","0","0","0","0","0","0","0","0","0","27","18895400","135","382","233","168","401","0","0","821","59","105","277","277","355","293","355","105","821","0","27","18540900","26","18020600","11","0","0","0","0","0","0","0","0","0","0","0","0","0","0","0","0","0","0","0","0","0","0","0","0","0","0","0","0","0","0","0","0","0","0","0","0","0"
"yune","track-a-comparison","luna_pinyin","key_sequence_process_with_context","ceshiyixiachangjushuruxingnengzenyang","53","37","37","21320700","111","21189400","184","115","3300","249","900","10300","28400","900","4700","249","0","171","37","44000","171","37","5000","37","0","185","555","37","740","249","250","0","0","37","450900","28","36","300600","87","0","0","0","0","37","36","37","2900","37","281","5535","11300","0","0","0","0","0","0","0","0","0","0","0","0","0","0","0","27","19339000","135","382","233","168","401","0","0","821","59","105","277","277","355","293","355","105","821","0","27","18968200","26","18453900","11","0","0","0","0","0","0","0","0","0","0","0","0","0","0","0","0","0","0","0","0","0","0","0","0","0","0","0","0","0","0","0","0","0","0","0","0","0"
"yune","track-a-comparison","luna_pinyin","key_sequence_process_with_context","ceshiyixiachangjushuruxingnengzenyang","54","37","37","21853700","111","21705400","184","115","3300","249","400","12100","30600","900","5000","249","0","171","37","49500","171","37","5500","37","0","185","555","37","740","249","250","0","0","37","438200","28","36","306000","87","0","0","0","0","37","36","37","3600","37","281","5535","11800","0","0","0","0","0","0","0","0","0","0","0","0","0","0","0","27","19855200","135","382","233","168","401","0","0","821","59","105","277","277","355","293","355","105","821","0","27","19456900","26","18857900","11","0","0","0","0","0","0","0","0","0","0","0","0","0","0","0","0","0","0","0","0","0","0","0","0","0","0","0","0","0","0","0","0","0","0","0","0","0"
"yune","track-a-comparison","luna_pinyin","key_sequence_process_with_context","ceshiyixiachangjushuruxingnengzenyang","55","37","37","21498200","111","21365900","184","115","3700","249","900","10700","27100","600","4500","249","0","171","37","45200","171","37","5200","37","0","185","555","37","740","249","250","0","0","37","450800","28","36","306500","87","0","0","0","0","37","36","37","3100","37","281","5535","11600","0","0","0","0","0","0","0","0","0","0","0","0","0","0","0","27","19476000","135","382","233","168","401","0","0","821","59","105","277","277","355","293","355","105","821","0","27","19103500","26","18548400","11","0","0","0","0","0","0","0","0","0","0","0","0","0","0","0","0","0","0","0","0","0","0","0","0","0","0","0","0","0","0","0","0","0","0","0","0","0"
"yune","track-a-comparison","luna_pinyin","key_sequence_process_with_context","ceshiyixiachangjushuruxingnengzenyang","56","37","37","21182000","111","21048300","184","115","3700","249","1600","10800","28500","900","4300","249","0","171","37","46200","171","37","5500","37","0","185","555","37","740","249","250","0","0","37","450800","28","36","298900","87","0","0","0","0","37","36","37","3200","37","281","5535","11500","0","0","0","0","0","0","0","0","0","0","0","0","0","0","0","27","19196000","135","382","233","168","401","0","0","821","59","105","277","277","355","293","355","105","821","0","27","18832300","26","18293200","11","0","0","0","0","0","0","0","0","0","0","0","0","0","0","0","0","0","0","0","0","0","0","0","0","0","0","0","0","0","0","0","0","0","0","0","0","0"
"yune","track-a-comparison","luna_pinyin","key_sequence_process_with_context","ceshiyixiachangjushuruxingnengzenyang","57","37","37","21804100","111","21667000","184","115","3900","249","1000","11100","28800","700","5200","249","0","171","37","46700","171","37","5300","37","0","185","555","37","740","249","250","0","0","37","458400","28","36","311000","87","0","0","0","0","37","36","37","2900","37","281","5535","10800","0","0","0","0","0","0","0","0","0","0","0","0","0","0","0","27","19795200","135","382","233","168","401","0","0","821","59","105","277","277","355","293","355","105","821","0","27","19425900","26","18900500","11","0","0","0","0","0","0","0","0","0","0","0","0","0","0","0","0","0","0","0","0","0","0","0","0","0","0","0","0","0","0","0","0","0","0","0","0","0"
"yune","track-a-comparison","luna_pinyin","key_sequence_process_with_context","ceshiyixiachangjushuruxingnengzenyang","58","37","37","21162200","111","21030500","184","115","3900","249","600","10400","27400","700","4800","249","0","171","37","45200","171","37","5300","37","0","185","555","37","740","249","250","0","0","37","450900","28","36","297800","87","0","0","0","0","37","36","37","3200","37","281","5535","11200","0","0","0","0","0","0","0","0","0","0","0","0","0","0","0","27","19183100","135","382","233","168","401","0","0","821","59","105","277","277","355","293","355","105","821","0","27","18819000","26","18298500","11","0","0","0","0","0","0","0","0","0","0","0","0","0","0","0","0","0","0","0","0","0","0","0","0","0","0","0","0","0","0","0","0","0","0","0","0","0"
"yune","track-a-comparison","luna_pinyin","key_sequence_process_with_context","ceshiyixiachangjushuruxingnengzenyang","59","37","37","21097700","111","20964400","184","115","3800","249","800","10100","28000","1200","4700","249","0","171","37","45000","171","37","5400","37","0","185","555","37","740","249","250","0","0","37","451400","28","36","294700","87","0","0","0","0","37","36","37","3200","37","281","5535","10400","0","0","0","0","0","0","0","0","0","0","0","0","0","0","0","27","19122200","135","382","233","168","401","0","0","821","59","105","277","277","355","293","355","105","821","0","27","18761500","26","18230500","11","0","0","0","0","0","0","0","0","0","0","0","0","0","0","0","0","0","0","0","0","0","0","0","0","0","0","0","0","0","0","0","0","0","0","0","0","0"
"yune","track-a-comparison","luna_pinyin","key_sequence_process_with_context","ceshiyixiachangjushuruxingnengzenyang","60","37","37","21033900","111","20902800","184","115","3600","249","1000","10800","27200","700","4900","249","0","171","37","45300","171","37","5400","37","0","185","555","37","740","249","250","0","0","37","454200","28","36","293500","87","0","0","0","0","37","36","37","3000","37","281","5535","10700","0","0","0","0","0","0","0","0","0","0","0","0","0","0","0","27","19056800","135","382","233","168","401","0","0","821","59","105","277","277","355","293","355","105","821","0","27","18704100","26","18182700","11","0","0","0","0","0","0","0","0","0","0","0","0","0","0","0","0","0","0","0","0","0","0","0","0","0","0","0","0","0","0","0","0","0","0","0","0","0"
"yune","track-a-comparison","luna_pinyin","key_sequence_process_with_context","ceshiyixiachangjushuruxingnengzenyang","61","37","37","21054300","111","20924900","184","115","3500","249","900","10300","27100","1200","5000","249","0","171","37","44200","171","37","5100","37","0","185","555","37","740","249","250","0","0","37","450700","28","36","291800","87","0","0","0","0","37","36","37","3000","37","281","5535","10900","0","0","0","0","0","0","0","0","0","0","0","0","0","0","0","27","19087000","135","382","233","168","401","0","0","821","59","105","277","277","355","293","355","105","821","0","27","18735900","26","18221500","11","0","0","0","0","0","0","0","0","0","0","0","0","0","0","0","0","0","0","0","0","0","0","0","0","0","0","0","0","0","0","0","0","0","0","0","0","0"
"yune","track-a-comparison","luna_pinyin","key_sequence_process_with_context","ceshiyixiachangjushuruxingnengzenyang","62","37","37","21235700","111","21105300","184","115","3500","249","1200","10600","27100","1000","4800","249","0","171","37","44400","171","37","5600","37","0","185","555","37","740","249","250","0","0","37","451300","28","36","292200","87","0","0","0","0","37","36","37","3000","37","281","5535","10500","0","0","0","0","0","0","0","0","0","0","0","0","0","0","0","27","19268500","135","382","233","168","401","0","0","821","59","105","277","277","355","293","355","105","821","0","27","18908400","26","18372700","11","0","0","0","0","0","0","0","0","0","0","0","0","0","0","0","0","0","0","0","0","0","0","0","0","0","0","0","0","0","0","0","0","0","0","0","0","0"
"yune","track-a-comparison","luna_pinyin","key_sequence_process_with_context","ceshiyixiachangjushuruxingnengzenyang","63","37","37","21265400","111","21131100","184","115","4500","249","600","10300","29400","800","4500","249","0","171","37","45600","171","37","5300","37","0","185","555","37","740","249","250","0","0","37","452000","28","36","307700","87","0","0","0","0","37","36","37","3500","37","281","5535","11000","0","0","0","0","0","0","0","0","0","0","0","0","0","0","0","27","19262500","135","382","233","168","401","0","0","821","59","105","277","277","355","293","355","105","821","0","27","18899500","26","18352600","11","0","0","0","0","0","0","0","0","0","0","0","0","0","0","0","0","0","0","0","0","0","0","0","0","0","0","0","0","0","0","0","0","0","0","0","0","0"
"yune","track-a-comparison","luna_pinyin","key_sequence_process_with_context","ceshiyixiachangjushuruxingnengzenyang","64","37","37","21205700","111","21074900","184","115","3700","249","1000","10900","27200","700","5000","249","0","171","37","45500","171","37","5600","37","0","185","555","37","740","249","250","0","0","37","450500","28","36","300700","87","0","0","0","0","37","36","37","3000","37","281","5535","12200","0","0","0","0","0","0","0","0","0","0","0","0","0","0","0","27","19223000","135","382","233","168","401","0","0","821","59","105","277","277","355","293","355","105","821","0","27","18870400","26","18343200","11","0","0","0","0","0","0","0","0","0","0","0","0","0","0","0","0","0","0","0","0","0","0","0","0","0","0","0","0","0","0","0","0","0","0","0","0","0"
"yune","track-a-comparison","luna_pinyin","key_sequence_process_with_context","ceshiyixiachangjushuruxingnengzenyang","65","37","37","21128600","111","20995600","184","115","4000","249","1500","10700","27900","600","4600","249","0","171","37","46300","171","37","4800","37","0","185","555","37","740","249","250","0","0","37","450700","28","36","300500","87","0","0","0","0","37","36","37","3200","37","281","5535","11400","0","0","0","0","0","0","0","0","0","0","0","0","0","0","0","27","19139400","135","382","233","168","401","0","0","821","59","105","277","277","355","293","355","105","821","0","27","18779200","26","18232400","11","0","0","0","0","0","0","0","0","0","0","0","0","0","0","0","0","0","0","0","0","0","0","0","0","0","0","0","0","0","0","0","0","0","0","0","0","0"
"yune","track-a-comparison","luna_pinyin","key_sequence_process_with_context","ceshiyixiachangjushuruxingnengzenyang","66","37","37","21085100","111","20953200","184","115","4600","249","800","10500","27500","1200","4600","249","0","171","37","45500","171","37","5200","37","0","185","555","37","740","249","250","0","0","37","451200","28","36","294900","87","0","0","0","0","37","36","37","2800","37","281","5535","11000","0","0","0","0","0","0","0","0","0","0","0","0","0","0","0","27","19097000","135","382","233","168","401","0","0","821","59","105","277","277","355","293","355","105","821","0","27","18742400","26","18220800","11","0","0","0","0","0","0","0","0","0","0","0","0","0","0","0","0","0","0","0","0","0","0","0","0","0","0","0","0","0","0","0","0","0","0","0","0","0"
"yune","track-a-comparison","luna_pinyin","key_sequence_process_with_context","ceshiyixiachangjushuruxingnengzenyang","67","37","37","21376500","111","21243500","184","115","3600","249","1200","10700","27900","1200","5000","249","0","171","37","44200","171","37","4800","37","0","185","555","37","740","249","250","0","0","37","467500","28","36","304200","87","0","0","0","0","37","36","37","3700","37","281","5535","11200","0","0","0","0","0","0","0","0","0","0","0","0","0","0","0","27","19344300","135","382","233","168","401","0","0","821","59","105","277","277","355","293","355","105","821","0","27","18974800","26","18453400","11","0","0","0","0","0","0","0","0","0","0","0","0","0","0","0","0","0","0","0","0","0","0","0","0","0","0","0","0","0","0","0","0","0","0","0","0","0"
"yune","track-a-comparison","luna_pinyin","key_sequence_process_with_context","ceshiyixiachangjushuruxingnengzenyang","68","37","37","21178300","111","21041900","184","115","3900","249","1300","10500","27400","700","4500","249","0","171","37","45300","171","37","5900","37","0","185","555","37","740","249","250","0","0","37","463600","28","36","304800","87","0","0","0","0","37","36","37","3800","37","281","5535","11800","0","0","0","0","0","0","0","0","0","0","0","0","0","0","0","27","19148500","135","382","233","168","401","0","0","821","59","105","277","277","355","293","355","105","821","0","27","18790200","26","18254100","11","0","0","0","0","0","0","0","0","0","0","0","0","0","0","0","0","0","0","0","0","0","0","0","0","0","0","0","0","0","0","0","0","0","0","0","0","0"
"yune","track-a-comparison","luna_pinyin","key_sequence_process_with_context","ceshiyixiachangjushuruxingnengzenyang","69","37","37","21257400","111","21121700","184","115","3500","249","900","11000","28600","700","4900","249","0","171","37","46700","171","37","5200","37","0","185","555","37","740","249","250","0","0","37","466400","28","36","310900","87","0","0","0","0","37","36","37","2700","37","281","5535","10900","0","0","0","0","0","0","0","0","0","0","0","0","0","0","0","27","19214900","135","382","233","168","401","0","0","821","59","105","277","277","355","293","355","105","821","0","27","18844700","26","18284500","11","0","0","0","0","0","0","0","0","0","0","0","0","0","0","0","0","0","0","0","0","0","0","0","0","0","0","0","0","0","0","0","0","0","0","0","0","0"
"yune","track-a-comparison","luna_pinyin","key_sequence_process_with_context","ceshiyixiachangjushuruxingnengzenyang","70","37","37","21154700","111","21024300","184","115","3800","249","1100","10900","26400","1600","4800","249","0","171","37","46000","171","37","5200","37","0","185","555","37","740","249","250","0","0","37","463000","28","36","301300","87","0","0","0","0","37","36","37","2900","37","281","5535","10700","0","0","0","0","0","0","0","0","0","0","0","0","0","0","0","27","19132500","135","382","233","168","401","0","0","821","59","105","277","277","355","293","355","105","821","0","27","18767200","26","18244600","11","0","0","0","0","0","0","0","0","0","0","0","0","0","0","0","0","0","0","0","0","0","0","0","0","0","0","0","0","0","0","0","0","0","0","0","0","0"
"yune","track-a-comparison","luna_pinyin","key_sequence_process_with_context","ceshiyixiachangjushuruxingnengzenyang","71","37","37","21253300","111","21119700","184","115","4300","249","900","10800","28600","1200","4900","249","0","171","37","44900","171","37","5400","37","0","185","555","37","740","249","250","0","0","37","467600","28","36","297300","87","0","0","0","0","37","36","37","2800","37","281","5535","13200","0","0","0","0","0","0","0","0","0","0","0","0","0","0","0","27","19227800","135","382","233","168","401","0","0","821","59","105","277","277","355","293","355","105","821","0","27","18864600","26","18342000","11","0","0","0","0","0","0","0","0","0","0","0","0","0","0","0","0","0","0","0","0","0","0","0","0","0","0","0","0","0","0","0","0","0","0","0","0","0"
"yune","track-a-comparison","luna_pinyin","key_sequence_process_with_context","ceshiyixiachangjushuruxingnengzenyang","72","37","37","21289900","111","21156300","184","115","3900","249","1100","11100","27900","1000","4600","249","0","171","37","44900","171","37","5500","37","0","185","555","37","740","249","250","0","0","37","466600","28","36","296600","87","0","0","0","0","37","36","37","2500","37","281","5535","12900","0","0","0","0","0","0","0","0","0","0","0","0","0","0","0","27","19266300","135","382","233","168","401","0","0","821","59","105","277","277","355","293","355","105","821","0","27","18897600","26","18356500","11","0","0","0","0","0","0","0","0","0","0","0","0","0","0","0","0","0","0","0","0","0","0","0","0","0","0","0","0","0","0","0","0","0","0","0","0","0"
"yune","track-a-comparison","luna_pinyin","key_sequence_process_with_context","ceshiyixiachangjushuruxingnengzenyang","73","37","37","21305600","111","21172100","184","115","3500","249","1600","10900","26800","800","4600","249","0","171","37","45600","171","37","5000","37","0","185","555","37","740","249","250","0","0","37","474400","28","36","300000","87","0","0","0","0","37","36","37","3000","37","281","5535","12500","0","0","0","0","0","0","0","0","0","0","0","0","0","0","0","27","19254800","135","382","233","168","401","0","0","821","59","105","277","277","355","293","355","105","821","0","27","18891000","26","18358700","11","0","0","0","0","0","0","0","0","0","0","0","0","0","0","0","0","0","0","0","0","0","0","0","0","0","0","0","0","0","0","0","0","0","0","0","0","0"
"yune","track-a-comparison","luna_pinyin","key_sequence_process_with_context","ceshiyixiachangjushuruxingnengzenyang","74","37","37","21225400","111","21090500","184","115","3400","249","1000","10600","28100","900","4300","249","0","171","37","45600","171","37","5500","37","0","185","555","37","740","249","250","0","0","37","464400","28","36","300800","87","0","0","0","0","37","36","37","2600","37","281","5535","11100","0","0","0","0","0","0","0","0","0","0","0","0","0","0","0","27","19191100","135","382","233","168","401","0","0","821","59","105","277","277","355","293","355","105","821","0","27","18823300","26","18285200","11","0","0","0","0","0","0","0","0","0","0","0","0","0","0","0","0","0","0","0","0","0","0","0","0","0","0","0","0","0","0","0","0","0","0","0","0","0"
"yune","track-a-comparison","luna_pinyin","key_sequence_process_with_context","ceshiyixiachangjushuruxingnengzenyang","75","37","37","21278500","111","21146600","184","115","3700","249","1700","10800","28100","600","4800","249","0","171","37","46000","171","37","5400","37","0","185","555","37","740","249","250","0","0","37","469300","28","36","299400","87","0","0","0","0","37","36","37","3500","37","281","5535","11400","0","0","0","0","0","0","0","0","0","0","0","0","0","0","0","27","19246100","135","382","233","168","401","0","0","821","59","105","277","277","355","293","355","105","821","0","27","18881800","26","18347800","11","0","0","0","0","0","0","0","0","0","0","0","0","0","0","0","0","0","0","0","0","0","0","0","0","0","0","0","0","0","0","0","0","0","0","0","0","0"
"yune","track-a-comparison","luna_pinyin","key_sequence_process_with_context","ceshiyixiachangjushuruxingnengzenyang","76","37","37","21399900","111","21268600","184","115","4100","249","900","10800","28200","800","4600","249","0","171","37","45300","171","37","5500","37","0","185","555","37","740","249","250","0","0","37","464000","28","36","299500","87","0","0","0","0","37","36","37","2900","37","281","5535","11200","0","0","0","0","0","0","0","0","0","0","0","0","0","0","0","27","19374900","135","382","233","168","401","0","0","821","59","105","277","277","355","293","355","105","821","0","27","19005900","26","18470400","11","0","0","0","0","0","0","0","0","0","0","0","0","0","0","0","0","0","0","0","0","0","0","0","0","0","0","0","0","0","0","0","0","0","0","0","0","0"
"yune","track-a-comparison","luna_pinyin","key_sequence_process_with_context","ceshiyixiachangjushuruxingnengzenyang","77","37","37","21244000","111","21113200","184","115","3900","249","1000","11100","27800","900","4600","249","0","171","37","47100","171","37","4800","37","0","185","555","37","740","249","250","0","0","37","464900","28","36","304500","87","0","0","0","0","37","36","37","3500","37","281","5535","10800","0","0","0","0","0","0","0","0","0","0","0","0","0","0","0","27","19211900","135","382","233","168","401","0","0","821","59","105","277","277","355","293","355","105","821","0","27","18856900","26","18296700","11","0","0","0","0","0","0","0","0","0","0","0","0","0","0","0","0","0","0","0","0","0","0","0","0","0","0","0","0","0","0","0","0","0","0","0","0","0"
"yune","track-a-comparison","luna_pinyin","key_sequence_process_with_context","ceshiyixiachangjushuruxingnengzenyang","78","37","37","21230400","111","21098800","184","115","3700","249","1100","10400","27600","800","4700","249","0","171","37","46000","171","37","5300","37","0","185","555","37","740","249","250","0","0","37","464400","28","36","296800","87","0","0","0","0","37","36","37","2700","37","281","5535","11000","0","0","0","0","0","0","0","0","0","0","0","0","0","0","0","27","19211100","135","382","233","168","401","0","0","821","59","105","277","277","355","293","355","105","821","0","27","18853100","26","18328600","11","0","0","0","0","0","0","0","0","0","0","0","0","0","0","0","0","0","0","0","0","0","0","0","0","0","0","0","0","0","0","0","0","0","0","0","0","0"
"yune","track-a-comparison","luna_pinyin","key_sequence_process_with_context","ceshiyixiachangjushuruxingnengzenyang","79","37","37","21250700","111","21118700","184","115","4400","249","900","10900","27900","700","4900","249","0","171","37","45000","171","37","5300","37","0","185","555","37","740","249","250","0","0","37","463400","28","36","304000","87","0","0","0","0","37","36","37","2900","37","281","5535","11400","0","0","0","0","0","0","0","0","0","0","0","0","0","0","0","27","19222300","135","382","233","168","401","0","0","821","59","105","277","277","355","293","355","105","821","0","27","18858700","26","18278700","11","0","0","0","0","0","0","0","0","0","0","0","0","0","0","0","0","0","0","0","0","0","0","0","0","0","0","0","0","0","0","0","0","0","0","0","0","0"
"yune","track-a-comparison","luna_pinyin","key_sequence_process_with_context","zhegeyinqingqishiyinggaizhichichaochangjuzishurucainengyong","0","59","59","59486100","177","59247800","295","115","3500","375","1200","21700","45400","1100","8000","375","0","291","59","80400","291","59","8000","59","0","295","885","59","1180","375","375","0","0","59","899000","23","58","727600","92","0","0","0","0","59","58","59","6300","58","440","12889","20900","0","0","0","0","0","0","0","0","0","0","0","0","0","0","0","52","55507400","260","958","353","314","667","0","0","1840","87","148","810","810","945","797","945","148","1840","0","52","54550700","51","54241000","8","0","0","0","0","0","0","0","0","0","0","0","0","0","0","0","0","0","0","0","0","0","0","0","0","0","0","0","0","0","0","0","0","0","0","0","0","0"
"yune","track-a-comparison","luna_pinyin","key_sequence_process_with_context","zhegeyinqingqishiyinggaizhichichaochangjuzishurucainengyong","1","59","59","60345000","177","60097200","295","115","4200","375","1900","21900","46100","900","8800","375","0","291","59","77800","291","59","9200","59","0","295","885","59","1180","375","375","0","0","59","940200","23","58","737300","92","0","0","0","0","59","58","59","6600","58","440","12889","19300","0","0","0","0","0","0","0","0","0","0","0","0","0","0","0","52","56252800","260","958","353","314","667","0","0","1840","87","148","810","810","945","797","945","148","1840","0","52","55218900","51","54874200","8","0","0","0","0","0","0","0","0","0","0","0","0","0","0","0","0","0","0","0","0","0","0","0","0","0","0","0","0","0","0","0","0","0","0","0","0","0"
"yune","track-a-comparison","luna_pinyin","key_sequence_process_with_context","zhegeyinqingqishiyinggaizhichichaochangjuzishurucainengyong","2","59","59","60404200","177","60164800","295","115","6800","375","2100","21400","46700","1600","7900","375","0","291","59","77800","291","59","8300","59","0","295","885","59","1180","375","375","0","0","59","892400","23","58","724600","92","0","0","0","0","59","58","59","6500","58","440","12889","20800","0","0","0","0","0","0","0","0","0","0","0","0","0","0","0","52","56407700","260","958","353","314","667","0","0","1840","87","148","810","810","945","797","945","148","1840","0","52","55431900","51","55118000","8","0","0","0","0","0","0","0","0","0","0","0","0","0","0","0","0","0","0","0","0","0","0","0","0","0","0","0","0","0","0","0","0","0","0","0","0","0"
"yune","track-a-comparison","luna_pinyin","key_sequence_process_with_context","zhegeyinqingqishiyinggaizhichichaochangjuzishurucainengyong","3","59","59","60037000","177","59798100","295","115","3600","375","1600","21200","46800","1100","7400","375","0","291","59","79000","291","59","7700","59","0","295","885","59","1180","375","375","0","0","59","891800","23","58","727900","92","0","0","0","0","59","58","59","6500","58","440","12889","18200","0","0","0","0","0","0","0","0","0","0","0","0","0","0","0","52","56039500","260","958","353","314","667","0","0","1840","87","148","810","810","945","797","945","148","1840","0","52","55090100","51","54778700","8","0","0","0","0","0","0","0","0","0","0","0","0","0","0","0","0","0","0","0","0","0","0","0","0","0","0","0","0","0","0","0","0","0","0","0","0","0"
"yune","track-a-comparison","luna_pinyin","key_sequence_process_with_context","zhegeyinqingqishiyinggaizhichichaochangjuzishurucainengyong","4","59","59","59754900","177","59520100","295","115","3200","375","2000","21200","45200","1600","7900","375","0","291","59","76300","291","59","9000","59","0","295","885","59","1180","375","375","0","0","59","893400","23","58","721600","92","0","0","0","0","59","58","59","6600","58","440","12889","20200","0","0","0","0","0","0","0","0","0","0","0","0","0","0","0","52","55775300","260","958","353","314","667","0","0","1840","87","148","810","810","945","797","945","148","1840","0","52","54833600","51","54523600","8","0","0","0","0","0","0","0","0","0","0","0","0","0","0","0","0","0","0","0","0","0","0","0","0","0","0","0","0","0","0","0","0","0","0","0","0","0"
"yune","track-a-comparison","luna_pinyin","key_sequence_process_with_context","zhegeyinqingqishiyinggaizhichichaochangjuzishurucainengyong","5","59","59","59920100","177","59689300","295","115","3400","375","1400","20500","44800","1300","8400","375","0","291","59","77000","291","59","8900","59","0","295","885","59","1180","375","375","0","0","59","895700","23","58","712400","92","0","0","0","0","59","58","59","6400","58","440","12889","20000","0","0","0","0","0","0","0","0","0","0","0","0","0","0","0","52","55943200","260","958","353","314","667","0","0","1840","87","148","810","810","945","797","945","148","1840","0","52","55001300","51","54697400","8","0","0","0","0","0","0","0","0","0","0","0","0","0","0","0","0","0","0","0","0","0","0","0","0","0","0","0","0","0","0","0","0","0","0","0","0","0"
"yune","track-a-comparison","luna_pinyin","key_sequence_process_with_context","zhegeyinqingqishiyinggaizhichichaochangjuzishurucainengyong","6","59","59","59941000","177","59701700","295","115","3600","375","1700","22200","48900","1200","7800","375","0","291","59","77300","291","59","7700","59","0","295","885","59","1180","375","375","0","0","59","916000","23","58","726500","92","0","0","0","0","59","58","59","6200","58","440","12889","19500","0","0","0","0","0","0","0","0","0","0","0","0","0","0","0","52","55872900","260","958","353","314","667","0","0","1840","87","148","810","810","945","797","945","148","1840","0","52","54931300","51","54620900","8","0","0","0","0","0","0","0","0","0","0","0","0","0","0","0","0","0","0","0","0","0","0","0","0","0","0","0","0","0","0","0","0","0","0","0","0","0"
"yune","track-a-comparison","luna_pinyin","key_sequence_process_with_context","zhegeyinqingqishiyinggaizhichichaochangjuzishurucainengyong","7","59","59","60157400","177","59920200","295","115","4100","375","1500","21900","47000","1700","8300","375","0","291","59","74700","291","59","8100","59","0","295","885","59","1180","375","375","0","0","59","914300","23","58","726300","92","0","0","0","0","59","58","59","6900","58","440","12889","19700","0","0","0","0","0","0","0","0","0","0","0","0","0","0","0","52","56071800","260","958","353","314","667","0","0","1840","87","148","810","810","945","797","945","148","1840","0","52","55098600","51","54785900","8","0","0","0","0","0","0","0","0","0","0","0","0","0","0","0","0","0","0","0","0","0","0","0","0","0","0","0","0","0","0","0","0","0","0","0","0","0"
"yune","track-a-comparison","luna_pinyin","key_sequence_process_with_context","zhegeyinqingqishiyinggaizhichichaochangjuzishurucainengyong","8","59","59","60220500","177","59983100","295","115","3200","375","1800","21300","48200","1900","7800","375","0","291","59","75900","291","59","8100","59","0","295","885","59","1180","375","375","0","0","59","913400","23","58","736300","92","0","0","0","0","59","58","59","6600","58","440","12889","19800","0","0","0","0","0","0","0","0","0","0","0","0","0","0","0","52","56123400","260","958","353","314","667","0","0","1840","87","148","810","810","945","797","945","148","1840","0","52","55163100","51","54803300","8","0","0","0","0","0","0","0","0","0","0","0","0","0","0","0","0","0","0","0","0","0","0","0","0","0","0","0","0","0","0","0","0","0","0","0","0","0"
"yune","track-a-comparison","luna_pinyin","key_sequence_process_with_context","zhegeyinqingqishiyinggaizhichichaochangjuzishurucainengyong","9","59","59","59858200","177","59616900","295","115","3600","375","2100","21600","47300","900","8200","375","0","291","59","78700","291","59","8300","59","0","295","885","59","1180","375","375","0","0","59","913800","23","58","727300","92","0","0","0","0","59","58","59","5100","58","440","12889","20700","0","0","0","0","0","0","0","0","0","0","0","0","0","0","0","52","55787300","260","958","353","314","667","0","0","1840","87","148","810","810","945","797","945","148","1840","0","52","54835400","51","54530800","8","0","0","0","0","0","0","0","0","0","0","0","0","0","0","0","0","0","0","0","0","0","0","0","0","0","0","0","0","0","0","0","0","0","0","0","0","0"
"yune","track-a-comparison","luna_pinyin","key_sequence_process_with_context","zhegeyinqingqishiyinggaizhichichaochangjuzishurucainengyong","10","59","59","60699800","177","60452100","295","115","4100","375","2100","21600","47800","900","7900","375","0","291","59","79900","291","59","8600","59","0","295","885","59","1180","375","375","0","0","59","910000","23","58","730300","92","0","0","0","0","59","58","59","6000","58","440","12889","19500","0","0","0","0","0","0","0","0","0","0","0","0","0","0","0","52","56632900","260","958","353","314","667","0","0","1840","87","148","810","810","945","797","945","148","1840","0","52","55665100","51","55353300","8","0","0","0","0","0","0","0","0","0","0","0","0","0","0","0","0","0","0","0","0","0","0","0","0","0","0","0","0","0","0","0","0","0","0","0","0","0"
"yune","track-a-comparison","luna_pinyin","key_sequence_process_with_context","zhegeyinqingqishiyinggaizhichichaochangjuzishurucainengyong","11","59","59","59989200","177","59750500","295","115","3100","375","2000","20900","46200","1200","7500","375","0","291","59","77100","291","59","8600","59","0","295","885","59","1180","375","375","0","0","59","895600","23","58","718700","92","0","0","0","0","59","58","59","6300","58","440","12889","20100","0","0","0","0","0","0","0","0","0","0","0","0","0","0","0","52","55994700","260","958","353","314","667","0","0","1840","87","148","810","810","945","797","945","148","1840","0","52","55052200","51","54739400","8","0","0","0","0","0","0","0","0","0","0","0","0","0","0","0","0","0","0","0","0","0","0","0","0","0","0","0","0","0","0","0","0","0","0","0","0","0"
"yune","track-a-comparison","luna_pinyin","key_sequence_process_with_context","zhegeyinqingqishiyinggaizhichichaochangjuzishurucainengyong","12","59","59","60332900","177","60082400","295","115","3600","375","1600","22600","48700","1400","7700","375","0","291","59","80600","291","59","9400","59","0","295","885","59","1180","375","375","0","0","59","899300","23","58","722200","92","0","0","0","0","59","58","59","6200","58","440","12889","20600","0","0","0","0","0","0","0","0","0","0","0","0","0","0","0","52","56302100","260","958","353","314","667","0","0","1840","87","148","810","810","945","797","945","148","1840","0","52","55343200","51","55021900","8","0","0","0","0","0","0","0","0","0","0","0","0","0","0","0","0","0","0","0","0","0","0","0","0","0","0","0","0","0","0","0","0","0","0","0","0","0"
"yune","track-a-comparison","luna_pinyin","key_sequence_process_with_context","zhegeyinqingqishiyinggaizhichichaochangjuzishurucainengyong","13","59","59","61332200","177","61078800","295","115","3400","375","2200","22000","47300","1700","8500","375","0","291","59","80100","291","59","8700","59","0","295","885","59","1180","375","375","0","0","59","902400","23","58","728900","92","0","0","0","0","59","58","59","6300","58","440","12889","20500","0","0","0","0","0","0","0","0","0","0","0","0","0","0","0","52","57280900","260","958","353","314","667","0","0","1840","87","148","810","810","945","797","945","148","1840","0","52","56237100","51","55923400","8","0","0","0","0","0","0","0","0","0","0","0","0","0","0","0","0","0","0","0","0","0","0","0","0","0","0","0","0","0","0","0","0","0","0","0","0","0"
"yune","track-a-comparison","luna_pinyin","key_sequence_process_with_context","zhegeyinqingqishiyinggaizhichichaochangjuzishurucainengyong","14","59","59","60141500","177","59901200","295","115","3400","375","1000","20600","50200","1100","8400","375","0","291","59","76000","291","59","8300","59","0","295","885","59","1180","375","375","0","0","59","899700","23","58","719200","92","0","0","0","0","59","58","59","6300","58","440","12889","19100","0","0","0","0","0","0","0","0","0","0","0","0","0","0","0","52","56133800","260","958","353","314","667","0","0","1840","87","148","810","810","945","797","945","148","1840","0","52","55182700","51","54870900","8","0","0","0","0","0","0","0","0","0","0","0","0","0","0","0","0","0","0","0","0","0","0","0","0","0","0","0","0","0","0","0","0","0","0","0","0","0"
"yune","track-a-comparison","luna_pinyin","key_sequence_process_with_context","zhegeyinqingqishiyinggaizhichichaochangjuzishurucainengyong","15","59","59","59926700","177","59683800","295","115","3200","375","1500","21400","46300","900","8000","375","0","291","59","79700","291","59","8300","59","0","295","885","59","1180","375","375","0","0","59","902700","23","58","764200","92","0","0","0","0","59","58","59","6100","58","440","12889","21100","0","0","0","0","0","0","0","0","0","0","0","0","0","0","0","52","55870800","260","958","353","314","667","0","0","1840","87","148","810","810","945","797","945","148","1840","0","52","54920000","51","54607600","8","0","0","0","0","0","0","0","0","0","0","0","0","0","0","0","0","0","0","0","0","0","0","0","0","0","0","0","0","0","0","0","0","0","0","0","0","0"
"yune","track-a-comparison","luna_pinyin","key_sequence_process_with_context","zhegeyinqingqishiyinggaizhichichaochangjuzishurucainengyong","16","59","59","58990700","177","58756500","295","115","4100","375","1800","21100","46200","1300","7600","375","0","291","59","74200","291","59","8300","59","0","295","885","59","1180","375","375","0","0","59","861100","23","58","738500","92","0","0","0","0","59","58","59","5500","58","440","12889","18900","0","0","0","0","0","0","0","0","0","0","0","0","0","0","0","52","55043600","260","958","353","314","667","0","0","1840","87","148","810","810","945","797","945","148","1840","0","52","54090800","51","53787900","8","0","0","0","0","0","0","0","0","0","0","0","0","0","0","0","0","0","0","0","0","0","0","0","0","0","0","0","0","0","0","0","0","0","0","0","0","0"
"yune","track-a-comparison","luna_pinyin","key_sequence_process_with_context","zhegeyinqingqishiyinggaizhichichaochangjuzishurucainengyong","17","59","59","59546100","177","59306700","295","115","2700","375","1800","21400","48800","1000","8700","375","0","291","59","73700","291","59","7900","59","0","295","885","59","1180","375","375","0","0","59","885300","23","58","756600","92","0","0","0","0","59","58","59","6200","58","440","12889","19800","0","0","0","0","0","0","0","0","0","0","0","0","0","0","0","52","55517800","260","958","353","314","667","0","0","1840","87","148","810","810","945","797","945","148","1840","0","52","54539200","51","54195100","8","0","0","0","0","0","0","0","0","0","0","0","0","0","0","0","0","0","0","0","0","0","0","0","0","0","0","0","0","0","0","0","0","0","0","0","0","0"
"yune","track-a-comparison","luna_pinyin","key_sequence_process_with_context","zhegeyinqingqishiyinggaizhichichaochangjuzishurucainengyong","18","59","59","60472600","177","60217900","295","115","3600","375","2100","23600","49300","1300","7500","375","0","291","59","82100","291","59","9100","59","0","295","885","59","1180","375","375","0","0","59","889200","23","58","725200","92","0","0","0","0","59","58","59","6200","58","440","12889","20000","0","0","0","0","0","0","0","0","0","0","0","0","0","0","0","52","56402500","260","958","353","314","667","0","0","1840","87","148","810","810","945","797","945","148","1840","0","52","55363900","51","55054700","8","0","0","0","0","0","0","0","0","0","0","0","0","0","0","0","0","0","0","0","0","0","0","0","0","0","0","0","0","0","0","0","0","0","0","0","0","0"
"yune","track-a-comparison","luna_pinyin","key_sequence_process_with_context","zhegeyinqingqishiyinggaizhichichaochangjuzishurucainengyong","19","59","59","60156600","177","59904700","295","115","3600","375","1800","21800","49500","1000","7600","375","0","291","59","79900","291","59","8700","59","0","295","885","59","1180","375","375","0","0","59","884300","23","58","733300","92","0","0","0","0","59","58","59","7500","58","440","12889","19800","0","0","0","0","0","0","0","0","0","0","0","0","0","0","0","52","56072900","260","958","353","314","667","0","0","1840","87","148","810","810","945","797","945","148","1840","0","52","55083000","51","54768100","8","0","0","0","0","0","0","0","0","0","0","0","0","0","0","0","0","0","0","0","0","0","0","0","0","0","0","0","0","0","0","0","0","0","0","0","0","0"
"yune","track-a-comparison","luna_pinyin","key_sequence_process_with_context","zhegeyinqingqishiyinggaizhichichaochangjuzishurucainengyong","20","59","59","60366600","177","60116400","295","115","4000","375","2200","22100","47800","1600","8000","375","0","291","59","78900","291","59","9600","59","0","295","885","59","1180","375","375","0","0","59","884800","23","58","724000","92","0","0","0","0","59","58","59","7300","58","440","12889","20500","0","0","0","0","0","0","0","0","0","0","0","0","0","0","0","52","56339300","260","958","353","314","667","0","0","1840","87","148","810","810","945","797","945","148","1840","0","52","55380700","51","55063900","8","0","0","0","0","0","0","0","0","0","0","0","0","0","0","0","0","0","0","0","0","0","0","0","0","0","0","0","0","0","0","0","0","0","0","0","0","0"
"yune","track-a-comparison","luna_pinyin","key_sequence_process_with_context","zhegeyinqingqishiyinggaizhichichaochangjuzishurucainengyong","21","59","59","59884200","177","59646900","295","115","3500","375","1900","21100","46000","1200","8200","375","0","291","59","75900","291","59","7900","59","0","295","885","59","1180","375","375","0","0","59","897400","23","58","722100","92","0","0","0","0","59","58","59","6200","58","440","12889","18800","0","0","0","0","0","0","0","0","0","0","0","0","0","0","0","52","55867200","260","958","353","314","667","0","0","1840","87","148","810","810","945","797","945","148","1840","0","52","54925100","51","54611000","8","0","0","0","0","0","0","0","0","0","0","0","0","0","0","0","0","0","0","0","0","0","0","0","0","0","0","0","0","0","0","0","0","0","0","0","0","0"
"yune","track-a-comparison","luna_pinyin","key_sequence_process_with_context","zhegeyinqingqishiyinggaizhichichaochangjuzishurucainengyong","22","59","59","59960100","177","59725300","295","115","3800","375","1400","20100","45500","1400","8200","375","0","291","59","76300","291","59","7700","59","0","295","885","59","1180","375","375","0","0","59","898500","23","58","720400","92","0","0","0","0","59","58","59","6300","58","440","12889","17800","0","0","0","0","0","0","0","0","0","0","0","0","0","0","0","52","55942900","260","958","353","314","667","0","0","1840","87","148","810","810","945","797","945","148","1840","0","52","55004200","51","54685000","8","0","0","0","0","0","0","0","0","0","0","0","0","0","0","0","0","0","0","0","0","0","0","0","0","0","0","0","0","0","0","0","0","0","0","0","0","0"
"yune","track-a-comparison","luna_pinyin","key_sequence_process_with_context","zhegeyinqingqishiyinggaizhichichaochangjuzishurucainengyong","23","59","59","59947000","177","59709000","295","115","3900","375","1600","22400","46300","1500","7400","375","0","291","59","75100","291","59","8100","59","0","295","885","59","1180","375","375","0","0","59","896000","23","58","723500","92","0","0","0","0","59","58","59","6700","58","440","12889","16600","0","0","0","0","0","0","0","0","0","0","0","0","0","0","0","52","55920100","260","958","353","314","667","0","0","1840","87","148","810","810","945","797","945","148","1840","0","52","54974100","51","54668500","8","0","0","0","0","0","0","0","0","0","0","0","0","0","0","0","0","0","0","0","0","0","0","0","0","0","0","0","0","0","0","0","0","0","0","0","0","0"
"yune","track-a-comparison","luna_pinyin","key_sequence_process_with_context","zhegeyinqingqishiyinggaizhichichaochangjuzishurucainengyong","24","59","59","60198800","177","59949800","295","115","3700","375","1500","21300","50500","1700","8500","375","0","291","59","79600","291","59","8700","59","0","295","885","59","1180","375","375","0","0","59","900600","23","58","722000","92","0","0","0","0","59","58","59","7600","58","440","12889","20700","0","0","0","0","0","0","0","0","0","0","0","0","0","0","0","52","56146800","260","958","353","314","667","0","0","1840","87","148","810","810","945","797","945","148","1840","0","52","55184400","51","54854600","8","0","0","0","0","0","0","0","0","0","0","0","0","0","0","0","0","0","0","0","0","0","0","0","0","0","0","0","0","0","0","0","0","0","0","0","0","0"
"yune","track-a-comparison","luna_pinyin","key_sequence_process_with_context","zhegeyinqingqishiyinggaizhichichaochangjuzishurucainengyong","25","59","59","59870100","177","59634000","295","115","3200","375","1400","21100","45700","1800","7800","375","0","291","59","73900","291","59","8500","59","0","295","885","59","1180","375","375","0","0","59","895100","23","58","715800","92","0","0","0","0","59","58","59","5900","58","440","12889","18100","0","0","0","0","0","0","0","0","0","0","0","0","0","0","0","52","55865200","260","958","353","314","667","0","0","1840","87","148","810","810","945","797","945","148","1840","0","52","54938700","51","54628800","8","0","0","0","0","0","0","0","0","0","0","0","0","0","0","0","0","0","0","0","0","0","0","0","0","0","0","0","0","0","0","0","0","0","0","0","0","0"
"yune","track-a-comparison","luna_pinyin","key_sequence_process_with_context","zhegeyinqingqishiyinggaizhichichaochangjuzishurucainengyong","26","59","59","60415700","177","60174300","295","115","3500","375","2000","21500","46900","1100","7400","375","0","291","59","76300","291","59","9000","59","0","295","885","59","1180","375","375","0","0","59","898400","23","58","724200","92","0","0","0","0","59","58","59","6600","58","440","12889","19600","0","0","0","0","0","0","0","0","0","0","0","0","0","0","0","52","56393700","260","958","353","314","667","0","0","1840","87","148","810","810","945","797","945","148","1840","0","52","55396400","51","55085300","8","0","0","0","0","0","0","0","0","0","0","0","0","0","0","0","0","0","0","0","0","0","0","0","0","0","0","0","0","0","0","0","0","0","0","0","0","0"
"yune","track-a-comparison","luna_pinyin","key_sequence_process_with_context","zhegeyinqingqishiyinggaizhichichaochangjuzishurucainengyong","27","59","59","60048600","177","59796400","295","115","3700","375","2100","21600","48500","1500","7900","375","0","291","59","79800","291","59","8400","59","0","295","885","59","1180","375","375","0","0","59","868800","23","58","773500","92","0","0","0","0","59","58","59","6600","58","440","12889","18700","0","0","0","0","0","0","0","0","0","0","0","0","0","0","0","52","56049200","260","958","353","314","667","0","0","1840","87","148","810","810","945","797","945","148","1840","0","52","55042000","51","54642300","8","0","0","0","0","0","0","0","0","0","0","0","0","0","0","0","0","0","0","0","0","0","0","0","0","0","0","0","0","0","0","0","0","0","0","0","0","0"
"yune","track-a-comparison","luna_pinyin","key_sequence_process_with_context","zhegeyinqingqishiyinggaizhichichaochangjuzishurucainengyong","28","59","59","60800300","177","60544600","295","115","3600","375","2000","21800","49000","2000","8200","375","0","291","59","79500","291","59","9900","59","0","295","885","59","1180","375","375","0","0","59","924600","23","58","744500","92","0","0","0","0","59","58","59","6200","58","440","12889","20800","0","0","0","0","0","0","0","0","0","0","0","0","0","0","0","52","56767600","260","958","353","314","667","0","0","1840","87","148","810","810","945","797","945","148","1840","0","52","55781200","51","55468100","8","0","0","0","0","0","0","0","0","0","0","0","0","0","0","0","0","0","0","0","0","0","0","0","0","0","0","0","0","0","0","0","0","0","0","0","0","0"
"yune","track-a-comparison","luna_pinyin","key_sequence_process_with_context","zhegeyinqingqishiyinggaizhichichaochangjuzishurucainengyong","29","59","59","63333500","177","63026800","295","115","4000","375","2000","23600","50000","1500","9500","375","0","291","59","82600","291","59","7900","59","0","295","885","59","1180","375","375","0","0","59","865900","23","58","735100","92","0","0","0","0","59","58","59","7400","58","440","12889","17500","0","0","0","0","0","0","0","0","0","0","0","0","0","0","0","52","59317200","260","958","353","314","667","0","0","1840","87","148","810","810","945","797","945","148","1840","0","52","58252500","51","57940000","8","0","0","0","0","0","0","0","0","0","0","0","0","0","0","0","0","0","0","0","0","0","0","0","0","0","0","0","0","0","0","0","0","0","0","0","0","0"
"yune","track-a-comparison","luna_pinyin","key_sequence_process_with_context","zhegeyinqingqishiyinggaizhichichaochangjuzishurucainengyong","30","59","59","61516900","177","61252900","295","115","3700","375","1800","21600","51000","1700","8800","375","0","291","59","82800","291","59","9800","59","0","295","885","59","1180","375","375","0","0","59","871400","23","58","742000","92","0","0","0","0","59","58","59","7100","58","440","12889","20300","0","0","0","0","0","0","0","0","0","0","0","0","0","0","0","52","57482500","260","958","353","314","667","0","0","1840","87","148","810","810","945","797","945","148","1840","0","52","56361000","51","55916400","8","0","0","0","0","0","0","0","0","0","0","0","0","0","0","0","0","0","0","0","0","0","0","0","0","0","0","0","0","0","0","0","0","0","0","0","0","0"
"yune","track-a-comparison","luna_pinyin","key_sequence_process_with_context","zhegeyinqingqishiyinggaizhichichaochangjuzishurucainengyong","31","59","59","58918200","177","58678800","295","115","3600","375","2200","20600","47300","2200","7000","375","0","291","59","74600","291","59","7900","59","0","295","885","59","1180","375","375","0","0","59","871800","23","58","737400","92","0","0","0","0","59","58","59","6000","58","440","12889","18100","0","0","0","0","0","0","0","0","0","0","0","0","0","0","0","52","54963700","260","958","353","314","667","0","0","1840","87","148","810","810","945","797","945","148","1840","0","52","54019000","51","53707900","8","0","0","0","0","0","0","0","0","0","0","0","0","0","0","0","0","0","0","0","0","0","0","0","0","0","0","0","0","0","0","0","0","0","0","0","0","0"
"yune","track-a-comparison","luna_pinyin","key_sequence_process_with_context","zhegeyinqingqishiyinggaizhichichaochangjuzishurucainengyong","32","59","59","59464100","177","59222200","295","115","3700","375","2200","21100","46100","1400","7700","375","0","291","59","73800","291","59","8500","59","0","295","885","59","1180","375","375","0","0","59","866500","23","58","725300","92","0","0","0","0","59","58","59","6400","58","440","12889","19400","0","0","0","0","0","0","0","0","0","0","0","0","0","0","0","52","55525800","260","958","353","314","667","0","0","1840","87","148","810","810","945","797","945","148","1840","0","52","54576000","51","54276800","8","0","0","0","0","0","0","0","0","0","0","0","0","0","0","0","0","0","0","0","0","0","0","0","0","0","0","0","0","0","0","0","0","0","0","0","0","0"
"yune","track-a-comparison","luna_pinyin","key_sequence_process_with_context","zhegeyinqingqishiyinggaizhichichaochangjuzishurucainengyong","33","59","59","59302500","177","59069200","295","115","3200","375","2000","21500","45100","1000","7600","375","0","291","59","73300","291","59","8900","59","0","295","885","59","1180","375","375","0","0","59","893600","23","58","730500","92","0","0","0","0","59","58","59","6000","58","440","12889","19200","0","0","0","0","0","0","0","0","0","0","0","0","0","0","0","52","55288100","260","958","353","314","667","0","0","1840","87","148","810","810","945","797","945","148","1840","0","52","54350100","51","54027100","8","0","0","0","0","0","0","0","0","0","0","0","0","0","0","0","0","0","0","0","0","0","0","0","0","0","0","0","0","0","0","0","0","0","0","0","0","0"
"yune","track-a-comparison","luna_pinyin","key_sequence_process_with_context","zhegeyinqingqishiyinggaizhichichaochangjuzishurucainengyong","34","59","59","59646000","177","59406000","295","115","4000","375","1700","21200","45700","1300","8600","375","0","291","59","75700","291","59","7800","59","0","295","885","59","1180","375","375","0","0","59","899600","23","58","728100","92","0","0","0","0","59","58","59","6300","58","440","12889","18000","0","0","0","0","0","0","0","0","0","0","0","0","0","0","0","52","55602700","260","958","353","314","667","0","0","1840","87","148","810","810","945","797","945","148","1840","0","52","54619600","51","54314600","8","0","0","0","0","0","0","0","0","0","0","0","0","0","0","0","0","0","0","0","0","0","0","0","0","0","0","0","0","0","0","0","0","0","0","0","0","0"
"yune","track-a-comparison","luna_pinyin","key_sequence_process_with_context","zhegeyinqingqishiyinggaizhichichaochangjuzishurucainengyong","35","59","59","61036100","177","60780600","295","115","3000","375","2500","22300","51200","1600","7600","375","0","291","59","80200","291","59","7900","59","0","295","885","59","1180","375","375","0","0","59","868100","23","58","746400","92","0","0","0","0","59","58","59","8500","58","440","12889","20800","0","0","0","0","0","0","0","0","0","0","0","0","0","0","0","52","57044200","260","958","353","314","667","0","0","1840","87","148","810","810","945","797","945","148","1840","0","52","56033500","51","55719800","8","0","0","0","0","0","0","0","0","0","0","0","0","0","0","0","0","0","0","0","0","0","0","0","0","0","0","0","0","0","0","0","0","0","0","0","0","0"
"yune","track-a-comparison","luna_pinyin","key_sequence_process_with_context","zhegeyinqingqishiyinggaizhichichaochangjuzishurucainengyong","36","59","59","59737400","177","59500800","295","115","3800","375","1500","20800","45800","1700","8000","375","0","291","59","76300","291","59","8600","59","0","295","885","59","1180","375","375","0","0","59","867800","23","58","731800","92","0","0","0","0","59","58","59","5900","58","440","12889","19900","0","0","0","0","0","0","0","0","0","0","0","0","0","0","0","52","55813200","260","958","353","314","667","0","0","1840","87","148","810","810","945","797","945","148","1840","0","52","54852900","51","54535300","8","0","0","0","0","0","0","0","0","0","0","0","0","0","0","0","0","0","0","0","0","0","0","0","0","0","0","0","0","0","0","0","0","0","0","0","0","0"
"yune","track-a-comparison","luna_pinyin","key_sequence_process_with_context","zhegeyinqingqishiyinggaizhichichaochangjuzishurucainengyong","37","59","59","59862200","177","59618900","295","115","3300","375","700","22900","46500","1900","8100","375","0","291","59","76600","291","59","8300","59","0","295","885","59","1180","375","375","0","0","59","895500","23","58","774400","92","0","0","0","0","59","58","59","6600","58","440","12889","18200","0","0","0","0","0","0","0","0","0","0","0","0","0","0","0","52","55793000","260","958","353","314","667","0","0","1840","87","148","810","810","945","797","945","148","1840","0","52","54826500","51","54516900","8","0","0","0","0","0","0","0","0","0","0","0","0","0","0","0","0","0","0","0","0","0","0","0","0","0","0","0","0","0","0","0","0","0","0","0","0","0"
"yune","track-a-comparison","luna_pinyin","key_sequence_process_with_context","zhegeyinqingqishiyinggaizhichichaochangjuzishurucainengyong","38","59","59","59237600","177","58999100","295","115","3200","375","1800","20100","45400","1300","7500","375","0","291","59","73800","291","59","8100","59","0","295","885","59","1180","375","375","0","0","59","902100","23","58","717700","92","0","0","0","0","59","58","59","5300","58","440","12889","20300","0","0","0","0","0","0","0","0","0","0","0","0","0","0","0","52","55220600","260","958","353","314","667","0","0","1840","87","148","810","810","945","797","945","148","1840","0","52","54259200","51","53945800","8","0","0","0","0","0","0","0","0","0","0","0","0","0","0","0","0","0","0","0","0","0","0","0","0","0","0","0","0","0","0","0","0","0","0","0","0","0"
"yune","track-a-comparison","luna_pinyin","key_sequence_process_with_context","zhegeyinqingqishiyinggaizhichichaochangjuzishurucainengyong","39","59","59","59465700","177","59227300","295","115","4100","375","1500","21200","46100","2100","7500","375","0","291","59","75300","291","59","8400","59","0","295","885","59","1180","375","375","0","0","59","903200","23","58","719500","92","0","0","0","0","59","58","59","6200","58","440","12889","18100","0","0","0","0","0","0","0","0","0","0","0","0","0","0","0","52","55443300","260","958","353","314","667","0","0","1840","87","148","810","810","945","797","945","148","1840","0","52","54452500","51","54137300","8","0","0","0","0","0","0","0","0","0","0","0","0","0","0","0","0","0","0","0","0","0","0","0","0","0","0","0","0","0","0","0","0","0","0","0","0","0"
"yune","track-a-comparison","luna_pinyin","key_sequence_process_with_context","zhegeyinqingqishiyinggaizhichichaochangjuzishurucainengyong","40","59","59","59860300","177","59622700","295","115","3600","375","1200","21400","48100","900","7900","375","0","291","59","74700","291","59","8100","59","0","295","885","59","1180","375","375","0","0","59","897600","23","58","736900","92","0","0","0","0","59","58","59","7900","58","440","12889","18900","0","0","0","0","0","0","0","0","0","0","0","0","0","0","0","52","55808800","260","958","353","314","667","0","0","1840","87","148","810","810","945","797","945","148","1840","0","52","54847900","51","54419400","8","0","0","0","0","0","0","0","0","0","0","0","0","0","0","0","0","0","0","0","0","0","0","0","0","0","0","0","0","0","0","0","0","0","0","0","0","0"
"yune","track-a-comparison","luna_pinyin","key_sequence_process_with_context","zhegeyinqingqishiyinggaizhichichaochangjuzishurucainengyong","41","59","59","59226000","177","58991100","295","115","3200","375","1600","21200","45500","1200","6900","375","0","291","59","75600","291","59","8000","59","0","295","885","59","1180","375","375","0","0","59","897200","23","58","722700","92","0","0","0","0","59","58","59","6100","58","440","12889","18900","0","0","0","0","0","0","0","0","0","0","0","0","0","0","0","52","55212400","260","958","353","314","667","0","0","1840","87","148","810","810","945","797","945","148","1840","0","52","54258100","51","53953900","8","0","0","0","0","0","0","0","0","0","0","0","0","0","0","0","0","0","0","0","0","0","0","0","0","0","0","0","0","0","0","0","0","0","0","0","0","0"
"yune","track-a-comparison","luna_pinyin","key_sequence_process_with_context","zhegeyinqingqishiyinggaizhichichaochangjuzishurucainengyong","42","59","59","60409200","177","60148600","295","115","3800","375","2200","22600","52000","1200","7400","375","0","291","59","81900","291","59","8500","59","0","295","885","59","1180","375","375","0","0","59","883300","23","58","735000","92","0","0","0","0","59","58","59","6900","58","440","12889","22500","0","0","0","0","0","0","0","0","0","0","0","0","0","0","0","52","56373800","260","958","353","314","667","0","0","1840","87","148","810","810","945","797","945","148","1840","0","52","55381900","51","55069600","8","0","0","0","0","0","0","0","0","0","0","0","0","0","0","0","0","0","0","0","0","0","0","0","0","0","0","0","0","0","0","0","0","0","0","0","0","0"
"yune","track-a-comparison","luna_pinyin","key_sequence_process_with_context","zhegeyinqingqishiyinggaizhichichaochangjuzishurucainengyong","43","59","59","59379100","177","59143700","295","115","3000","375","1600","21200","44900","1300","8400","375","0","291","59","77500","291","59","8000","59","0","295","885","59","1180","375","375","0","0","59","868700","23","58","728300","92","0","0","0","0","59","58","59","5500","58","440","12889","17500","0","0","0","0","0","0","0","0","0","0","0","0","0","0","0","52","55463500","260","958","353","314","667","0","0","1840","87","148","810","810","945","797","945","148","1840","0","52","54505600","51","54193200","8","0","0","0","0","0","0","0","0","0","0","0","0","0","0","0","0","0","0","0","0","0","0","0","0","0","0","0","0","0","0","0","0","0","0","0","0","0"
"yune","track-a-comparison","luna_pinyin","key_sequence_process_with_context","zhegeyinqingqishiyinggaizhichichaochangjuzishurucainengyong","44","59","59","59127600","177","58888300","295","115","3300","375","1400","21400","44900","1000","7800","375","0","291","59","72500","291","59","8500","59","0","295","885","59","1180","375","375","0","0","59","862900","23","58","726900","92","0","0","0","0","59","58","59","6100","58","440","12889","19500","0","0","0","0","0","0","0","0","0","0","0","0","0","0","0","52","55212300","260","958","353","314","667","0","0","1840","87","148","810","810","945","797","945","148","1840","0","52","54265400","51","53962500","8","0","0","0","0","0","0","0","0","0","0","0","0","0","0","0","0","0","0","0","0","0","0","0","0","0","0","0","0","0","0","0","0","0","0","0","0","0"
"yune","track-a-comparison","luna_pinyin","key_sequence_process_with_context","zhegeyinqingqishiyinggaizhichichaochangjuzishurucainengyong","45","59","59","59436500","177","59195700","295","115","3400","375","1600","22100","47000","1900","7800","375","0","291","59","76000","291","59","8600","59","0","295","885","59","1180","375","375","0","0","59","874500","23","58","732300","92","0","0","0","0","59","58","59","6900","58","440","12889","19000","0","0","0","0","0","0","0","0","0","0","0","0","0","0","0","52","55468300","260","958","353","314","667","0","0","1840","87","148","810","810","945","797","945","148","1840","0","52","54498500","51","54148400","8","0","0","0","0","0","0","0","0","0","0","0","0","0","0","0","0","0","0","0","0","0","0","0","0","0","0","0","0","0","0","0","0","0","0","0","0","0"
"yune","track-a-comparison","luna_pinyin","key_sequence_process_with_context","zhegeyinqingqishiyinggaizhichichaochangjuzishurucainengyong","46","59","59","69712800","177","69343100","295","115","4100","375","3400","30300","66900","1900","11700","375","0","291","59","107100","291","59","10000","59","0","295","885","59","1180","375","375","0","0","59","869900","23","58","759100","92","0","0","0","0","59","58","59","10200","58","440","12889","27200","0","0","0","0","0","0","0","0","0","0","0","0","0","0","0","52","65548600","260","958","353","314","667","0","0","1840","87","148","810","810","945","797","945","148","1840","0","52","64293800","51","63983700","8","0","0","0","0","0","0","0","0","0","0","0","0","0","0","0","0","0","0","0","0","0","0","0","0","0","0","0","0","0","0","0","0","0","0","0","0","0"
"yune","track-a-comparison","luna_pinyin","key_sequence_process_with_context","zhegeyinqingqishiyinggaizhichichaochangjuzishurucainengyong","47","59","59","59067300","177","58828900","295","115","3400","375","2100","21700","48200","1300","8500","375","0","291","59","78300","291","59","8100","59","0","295","885","59","1180","375","375","0","0","59","863100","23","58","726500","92","0","0","0","0","59","58","59","5800","58","440","12889","20200","0","0","0","0","0","0","0","0","0","0","0","0","0","0","0","52","55147800","260","958","353","314","667","0","0","1840","87","148","810","810","945","797","945","148","1840","0","52","54170700","51","53849600","8","0","0","0","0","0","0","0","0","0","0","0","0","0","0","0","0","0","0","0","0","0","0","0","0","0","0","0","0","0","0","0","0","0","0","0","0","0"
"yune","track-a-comparison","luna_pinyin","key_sequence_process_with_context","zhegeyinqingqishiyinggaizhichichaochangjuzishurucainengyong","48","59","59","59250100","177","59013900","295","115","4400","375","1800","20800","46700","1200","7000","375","0","291","59","75300","291","59","8400","59","0","295","885","59","1180","375","375","0","0","59","862600","23","58","723300","92","0","0","0","0","59","58","59","6300","58","440","12889","19700","0","0","0","0","0","0","0","0","0","0","0","0","0","0","0","52","55309500","260","958","353","314","667","0","0","1840","87","148","810","810","945","797","945","148","1840","0","52","54336900","51","54036000","8","0","0","0","0","0","0","0","0","0","0","0","0","0","0","0","0","0","0","0","0","0","0","0","0","0","0","0","0","0","0","0","0","0","0","0","0","0"
"yune","track-a-comparison","luna_pinyin","key_sequence_process_with_context","zhegeyinqingqishiyinggaizhichichaochangjuzishurucainengyong","49","59","59","59628000","177","59372100","295","115","3100","375","1900","22100","49700","1700","8200","375","0","291","59","77800","291","59","9000","59","0","295","885","59","1180","375","375","0","0","59","866100","23","58","731900","92","0","0","0","0","59","58","59","6800","58","440","12889","21200","0","0","0","0","0","0","0","0","0","0","0","0","0","0","0","52","55646300","260","958","353","314","667","0","0","1840","87","148","810","810","945","797","945","148","1840","0","52","54658600","51","54344600","8","0","0","0","0","0","0","0","0","0","0","0","0","0","0","0","0","0","0","0","0","0","0","0","0","0","0","0","0","0","0","0","0","0","0","0","0","0"
"yune","track-a-comparison","luna_pinyin","key_sequence_process_with_context","zhegeyinqingqishiyinggaizhichichaochangjuzishurucainengyong","50","59","59","59591700","177","59330500","295","115","4300","375","1400","46300","45500","1400","7900","375","0","291","59","74400","291","59","8200","59","0","295","885","59","1180","375","375","0","0","59","862000","23","58","730700","92","0","0","0","0","59","58","59","6400","58","440","12889","17600","0","0","0","0","0","0","0","0","0","0","0","0","0","0","0","52","55658800","260","958","353","314","667","0","0","1840","87","148","810","810","945","797","945","148","1840","0","52","54704400","51","54391300","8","0","0","0","0","0","0","0","0","0","0","0","0","0","0","0","0","0","0","0","0","0","0","0","0","0","0","0","0","0","0","0","0","0","0","0","0","0"
"yune","track-a-comparison","luna_pinyin","key_sequence_process_with_context","zhegeyinqingqishiyinggaizhichichaochangjuzishurucainengyong","51","59","59","60724500","177","60468600","295","115","4300","375","1600","23100","49000","1900","7900","375","0","291","59","83000","291","59","8400","59","0","295","885","59","1180","375","375","0","0","59","881000","23","58","744500","92","0","0","0","0","59","58","59","6400","58","440","12889","21000","0","0","0","0","0","0","0","0","0","0","0","0","0","0","0","52","56692100","260","958","353","314","667","0","0","1840","87","148","810","810","945","797","945","148","1840","0","52","55683300","51","55338100","8","0","0","0","0","0","0","0","0","0","0","0","0","0","0","0","0","0","0","0","0","0","0","0","0","0","0","0","0","0","0","0","0","0","0","0","0","0"
"yune","track-a-comparison","luna_pinyin","key_sequence_process_with_context","zhegeyinqingqishiyinggaizhichichaochangjuzishurucainengyong","52","59","59","60049500","177","59793800","295","115","3600","375","1900","22300","49100","1700","8100","375","0","291","59","76600","291","59","8400","59","0","295","885","59","1180","375","375","0","0","59","904600","23","58","716800","92","0","0","0","0","59","58","59","6800","58","440","12889","19900","0","0","0","0","0","0","0","0","0","0","0","0","0","0","0","52","56005000","260","958","353","314","667","0","0","1840","87","148","810","810","945","797","945","148","1840","0","52","55034200","51","54712100","8","0","0","0","0","0","0","0","0","0","0","0","0","0","0","0","0","0","0","0","0","0","0","0","0","0","0","0","0","0","0","0","0","0","0","0","0","0"
"yune","track-a-comparison","luna_pinyin","key_sequence_process_with_context","zhegeyinqingqishiyinggaizhichichaochangjuzishurucainengyong","53","59","59","59832600","177","59595500","295","115","3300","375","1600","20700","47900","1300","7700","375","0","291","59","73700","291","59","7900","59","0","295","885","59","1180","375","375","0","0","59","899800","23","58","728800","92","0","0","0","0","59","58","59","6700","58","440","12889","18100","0","0","0","0","0","0","0","0","0","0","0","0","0","0","0","52","55806400","260","958","353","314","667","0","0","1840","87","148","810","810","945","797","945","148","1840","0","52","54841300","51","54521200","8","0","0","0","0","0","0","0","0","0","0","0","0","0","0","0","0","0","0","0","0","0","0","0","0","0","0","0","0","0","0","0","0","0","0","0","0","0"
"yune","track-a-comparison","luna_pinyin","key_sequence_process_with_context","zhegeyinqingqishiyinggaizhichichaochangjuzishurucainengyong","54","59","59","60211700","177","59935800","295","115","3100","375","2200","25100","51600","1600","8500","375","0","291","59","86600","291","59","8700","59","0","295","885","59","1180","375","375","0","0","59","908500","23","58","732500","92","0","0","0","0","59","58","59","6600","58","440","12889","19700","0","0","0","0","0","0","0","0","0","0","0","0","0","0","0","52","56123400","260","958","353","314","667","0","0","1840","87","148","810","810","945","797","945","148","1840","0","52","55153300","51","54842200","8","0","0","0","0","0","0","0","0","0","0","0","0","0","0","0","0","0","0","0","0","0","0","0","0","0","0","0","0","0","0","0","0","0","0","0","0","0"
"yune","track-a-comparison","luna_pinyin","key_sequence_process_with_context","zhegeyinqingqishiyinggaizhichichaochangjuzishurucainengyong","55","59","59","60162100","177","59917800","295","115","3500","375","1700","22100","47700","1400","7900","375","0","291","59","78000","291","59","8300","59","0","295","885","59","1180","375","375","0","0","59","897500","23","58","716000","92","0","0","0","0","59","58","59","6600","58","440","12889","19400","0","0","0","0","0","0","0","0","0","0","0","0","0","0","0","52","56165900","260","958","353","314","667","0","0","1840","87","148","810","810","945","797","945","148","1840","0","52","55226700","51","54918600","8","0","0","0","0","0","0","0","0","0","0","0","0","0","0","0","0","0","0","0","0","0","0","0","0","0","0","0","0","0","0","0","0","0","0","0","0","0"
"yune","track-a-comparison","luna_pinyin","key_sequence_process_with_context","zhegeyinqingqishiyinggaizhichichaochangjuzishurucainengyong","56","59","59","60001900","177","59765100","295","115","3600","375","2000","21700","45700","1300","6900","375","0","291","59","74900","291","59","8700","59","0","295","885","59","1180","375","375","0","0","59","897700","23","58","719600","92","0","0","0","0","59","58","59","5400","58","440","12889","18200","0","0","0","0","0","0","0","0","0","0","0","0","0","0","0","52","55991300","260","958","353","314","667","0","0","1840","87","148","810","810","945","797","945","148","1840","0","52","55067800","51","54749200","8","0","0","0","0","0","0","0","0","0","0","0","0","0","0","0","0","0","0","0","0","0","0","0","0","0","0","0","0","0","0","0","0","0","0","0","0","0"
"yune","track-a-comparison","luna_pinyin","key_sequence_process_with_context","zhegeyinqingqishiyinggaizhichichaochangjuzishurucainengyong","57","59","59","59695100","177","59449500","295","115","3600","375","1200","21600","47000","1400","7400","375","0","291","59","77500","291","59","8300","59","0","295","885","59","1180","375","375","0","0","59","876500","23","58","723100","92","0","0","0","0","59","58","59","6800","58","440","12889","19300","0","0","0","0","0","0","0","0","0","0","0","0","0","0","0","52","55722500","260","958","353","314","667","0","0","1840","87","148","810","810","945","797","945","148","1840","0","52","54769200","51","54458700","8","0","0","0","0","0","0","0","0","0","0","0","0","0","0","0","0","0","0","0","0","0","0","0","0","0","0","0","0","0","0","0","0","0","0","0","0","0"
"yune","track-a-comparison","luna_pinyin","key_sequence_process_with_context","zhegeyinqingqishiyinggaizhichichaochangjuzishurucainengyong","58","59","59","59341200","177","59099300","295","115","3100","375","1600","20500","47800","1300","7600","375","0","291","59","73400","291","59","7700","59","0","295","885","59","1180","375","375","0","0","59","865400","23","58","738000","92","0","0","0","0","59","58","59","6300","58","440","12889","19700","0","0","0","0","0","0","0","0","0","0","0","0","0","0","0","52","55384100","260","958","353","314","667","0","0","1840","87","148","810","810","945","797","945","148","1840","0","52","54418300","51","54087700","8","0","0","0","0","0","0","0","0","0","0","0","0","0","0","0","0","0","0","0","0","0","0","0","0","0","0","0","0","0","0","0","0","0","0","0","0","0"
"yune","track-a-comparison","luna_pinyin","key_sequence_process_with_context","zhegeyinqingqishiyinggaizhichichaochangjuzishurucainengyong","59","59","59","59368700","177","59108700","295","115","3700","375","1500","21500","46300","1600","7800","375","0","291","59","74500","291","59","8700","59","0","295","885","59","1180","375","375","0","0","59","876200","23","58","735800","92","0","0","0","0","59","58","59","6900","58","440","12889","18900","0","0","0","0","0","0","0","0","0","0","0","0","0","0","0","52","55393000","260","958","353","314","667","0","0","1840","87","148","810","810","945","797","945","148","1840","0","52","54444800","51","54137000","8","0","0","0","0","0","0","0","0","0","0","0","0","0","0","0","0","0","0","0","0","0","0","0","0","0","0","0","0","0","0","0","0","0","0","0","0","0"
"yune","track-a-comparison","luna_pinyin","key_sequence_process_with_context","zhegeyinqingqishiyinggaizhichichaochangjuzishurucainengyong","60","59","59","59183800","177","58948800","295","115","3200","375","1600","21000","46700","1200","7100","375","0","291","59","75000","291","59","8400","59","0","295","885","59","1180","375","375","0","0","59","867600","23","58","728100","92","0","0","0","0","59","58","59","6700","58","440","12889","20200","0","0","0","0","0","0","0","0","0","0","0","0","0","0","0","52","55221500","260","958","353","314","667","0","0","1840","87","148","810","810","945","797","945","148","1840","0","52","54281200","51","53971700","8","0","0","0","0","0","0","0","0","0","0","0","0","0","0","0","0","0","0","0","0","0","0","0","0","0","0","0","0","0","0","0","0","0","0","0","0","0"
"yune","track-a-comparison","luna_pinyin","key_sequence_process_with_context","zhegeyinqingqishiyinggaizhichichaochangjuzishurucainengyong","61","59","59","59278500","177","59042400","295","115","3300","375","1600","21300","46700","1100","7700","375","0","291","59","74900","291","59","8100","59","0","295","885","59","1180","375","375","0","0","59","884200","23","58","725000","92","0","0","0","0","59","58","59","6100","58","440","12889","19300","0","0","0","0","0","0","0","0","0","0","0","0","0","0","0","52","55326100","260","958","353","314","667","0","0","1840","87","148","810","810","945","797","945","148","1840","0","52","54379100","51","54072600","8","0","0","0","0","0","0","0","0","0","0","0","0","0","0","0","0","0","0","0","0","0","0","0","0","0","0","0","0","0","0","0","0","0","0","0","0","0"
"yune","track-a-comparison","luna_pinyin","key_sequence_process_with_context","zhegeyinqingqishiyinggaizhichichaochangjuzishurucainengyong","62","59","59","59356700","177","59118800","295","115","3200","375","2100","22700","46600","1200","6600","375","0","291","59","72600","291","59","7700","59","0","295","885","59","1180","375","375","0","0","59","897400","23","58","725500","92","0","0","0","0","59","58","59","5900","58","440","12889","17500","0","0","0","0","0","0","0","0","0","0","0","0","0","0","0","52","55325800","260","958","353","314","667","0","0","1840","87","148","810","810","945","797","945","148","1840","0","52","54391200","51","54081700","8","0","0","0","0","0","0","0","0","0","0","0","0","0","0","0","0","0","0","0","0","0","0","0","0","0","0","0","0","0","0","0","0","0","0","0","0","0"
"yune","track-a-comparison","luna_pinyin","key_sequence_process_with_context","zhegeyinqingqishiyinggaizhichichaochangjuzishurucainengyong","63","59","59","61598100","177","61333300","295","115","3400","375","1500","23900","51200","1400","9500","375","0","291","59","83000","291","59","9100","59","0","295","885","59","1180","375","375","0","0","59","929500","23","58","752500","92","0","0","0","0","59","58","59","6800","58","440","12889","20200","0","0","0","0","0","0","0","0","0","0","0","0","0","0","0","52","57445400","260","958","353","314","667","0","0","1840","87","148","810","810","945","797","945","148","1840","0","52","56378700","51","56060400","8","0","0","0","0","0","0","0","0","0","0","0","0","0","0","0","0","0","0","0","0","0","0","0","0","0","0","0","0","0","0","0","0","0","0","0","0","0"
"yune","track-a-comparison","luna_pinyin","key_sequence_process_with_context","zhegeyinqingqishiyinggaizhichichaochangjuzishurucainengyong","64","59","59","59305600","177","59072000","295","115","3900","375","1100","20400","47700","1800","7500","375","0","291","59","71900","291","59","8200","59","0","295","885","59","1180","375","375","0","0","59","897400","23","58","720600","92","0","0","0","0","59","58","59","6400","58","440","12889","18700","0","0","0","0","0","0","0","0","0","0","0","0","0","0","0","52","55236900","260","958","353","314","667","0","0","1840","87","148","810","810","945","797","945","148","1840","0","52","54303300","51","53992000","8","0","0","0","0","0","0","0","0","0","0","0","0","0","0","0","0","0","0","0","0","0","0","0","0","0","0","0","0","0","0","0","0","0","0","0","0","0"
"yune","track-a-comparison","luna_pinyin","key_sequence_process_with_context","zhegeyinqingqishiyinggaizhichichaochangjuzishurucainengyong","65","59","59","59576800","177","59336400","295","115","3200","375","1700","21800","48500","1200","7300","375","0","291","59","100000","291","59","8700","59","0","295","885","59","1180","375","375","0","0","59","911400","23","58","721100","92","0","0","0","0","59","58","59","6600","58","440","12889","45300","0","0","0","0","0","0","0","0","0","0","0","0","0","0","0","52","55542200","260","958","353","314","667","0","0","1840","87","148","810","810","945","797","945","148","1840","0","52","54587300","51","54286000","8","0","0","0","0","0","0","0","0","0","0","0","0","0","0","0","0","0","0","0","0","0","0","0","0","0","0","0","0","0","0","0","0","0","0","0","0","0"
"yune","track-a-comparison","luna_pinyin","key_sequence_process_with_context","zhegeyinqingqishiyinggaizhichichaochangjuzishurucainengyong","66","59","59","59413800","177","59175800","295","115","3300","375","2100","20900","46800","1100","7700","375","0","291","59","72800","291","59","8200","59","0","295","885","59","1180","375","375","0","0","59","900300","23","58","733400","92","0","0","0","0","59","58","59","5100","58","440","12889","18600","0","0","0","0","0","0","0","0","0","0","0","0","0","0","0","52","55381600","260","958","353","314","667","0","0","1840","87","148","810","810","945","797","945","148","1840","0","52","54435000","51","54128300","8","0","0","0","0","0","0","0","0","0","0","0","0","0","0","0","0","0","0","0","0","0","0","0","0","0","0","0","0","0","0","0","0","0","0","0","0","0"
"yune","track-a-comparison","luna_pinyin","key_sequence_process_with_context","zhegeyinqingqishiyinggaizhichichaochangjuzishurucainengyong","67","59","59","59344300","177","59104100","295","115","3600","375","2100","21900","46400","600","6900","375","0","291","59","73800","291","59","8700","59","0","295","885","59","1180","375","375","0","0","59","897700","23","58","718500","92","0","0","0","0","59","58","59","5200","58","440","12889","20300","0","0","0","0","0","0","0","0","0","0","0","0","0","0","0","52","55324700","260","958","353","314","667","0","0","1840","87","148","810","810","945","797","945","148","1840","0","52","54394400","51","54093500","8","0","0","0","0","0","0","0","0","0","0","0","0","0","0","0","0","0","0","0","0","0","0","0","0","0","0","0","0","0","0","0","0","0","0","0","0","0"
"yune","track-a-comparison","luna_pinyin","key_sequence_process_with_context","zhegeyinqingqishiyinggaizhichichaochangjuzishurucainengyong","68","59","59","60399600","177","60152400","295","115","4200","375","2700","22600","48500","500","9000","375","0","291","59","79500","291","59","8100","59","0","295","885","59","1180","375","375","0","0","59","896300","23","58","732400","92","0","0","0","0","59","58","59","7000","58","440","12889","20700","0","0","0","0","0","0","0","0","0","0","0","0","0","0","0","52","56342800","260","958","353","314","667","0","0","1840","87","148","810","810","945","797","945","148","1840","0","52","55357600","51","55037200","8","0","0","0","0","0","0","0","0","0","0","0","0","0","0","0","0","0","0","0","0","0","0","0","0","0","0","0","0","0","0","0","0","0","0","0","0","0"
"yune","track-a-comparison","luna_pinyin","key_sequence_process_with_context","zhegeyinqingqishiyinggaizhichichaochangjuzishurucainengyong","69","59","59","60104200","177","59866300","295","115","3700","375","2200","20900","47300","1400","7900","375","0","291","59","74300","291","59","9200","59","0","295","885","59","1180","375","375","0","0","59","873200","23","58","726900","92","0","0","0","0","59","58","59","7200","58","440","12889","21400","0","0","0","0","0","0","0","0","0","0","0","0","0","0","0","52","56154200","260","958","353","314","667","0","0","1840","87","148","810","810","945","797","945","148","1840","0","52","55202400","51","54884400","8","0","0","0","0","0","0","0","0","0","0","0","0","0","0","0","0","0","0","0","0","0","0","0","0","0","0","0","0","0","0","0","0","0","0","0","0","0"
"yune","track-a-comparison","luna_pinyin","key_sequence_process_with_context","zhegeyinqingqishiyinggaizhichichaochangjuzishurucainengyong","70","59","59","60208900","177","59973100","295","115","3600","375","1800","20500","49000","1700","7400","375","0","291","59","75700","291","59","8400","59","0","295","885","59","1180","375","375","0","0","59","865000","23","58","721900","92","0","0","0","0","59","58","59","6000","58","440","12889","20100","0","0","0","0","0","0","0","0","0","0","0","0","0","0","0","52","56296300","260","958","353","314","667","0","0","1840","87","148","810","810","945","797","945","148","1840","0","52","55315600","51","54977400","8","0","0","0","0","0","0","0","0","0","0","0","0","0","0","0","0","0","0","0","0","0","0","0","0","0","0","0","0","0","0","0","0","0","0","0","0","0"
"yune","track-a-comparison","luna_pinyin","key_sequence_process_with_context","zhegeyinqingqishiyinggaizhichichaochangjuzishurucainengyong","71","59","59","59668600","177","59430700","295","115","3300","375","1600","21900","46400","1600","7700","375","0","291","59","77000","291","59","7700","59","0","295","885","59","1180","375","375","0","0","59","864800","23","58","717500","92","0","0","0","0","59","58","59","6400","58","440","12889","19400","0","0","0","0","0","0","0","0","0","0","0","0","0","0","0","52","55765900","260","958","353","314","667","0","0","1840","87","148","810","810","945","797","945","148","1840","0","52","54819300","51","54507300","8","0","0","0","0","0","0","0","0","0","0","0","0","0","0","0","0","0","0","0","0","0","0","0","0","0","0","0","0","0","0","0","0","0","0","0","0","0"
"yune","track-a-comparison","luna_pinyin","key_sequence_process_with_context","zhegeyinqingqishiyinggaizhichichaochangjuzishurucainengyong","72","59","59","59953500","177","59716700","295","115","3700","375","1800","20200","46100","1500","7100","375","0","291","59","76300","291","59","7500","59","0","295","885","59","1180","375","375","0","0","59","868100","23","58","716200","92","0","0","0","0","59","58","59","6100","58","440","12889","18800","0","0","0","0","0","0","0","0","0","0","0","0","0","0","0","52","56040000","260","958","353","314","667","0","0","1840","87","148","810","810","945","797","945","148","1840","0","52","55084600","51","54771400","8","0","0","0","0","0","0","0","0","0","0","0","0","0","0","0","0","0","0","0","0","0","0","0","0","0","0","0","0","0","0","0","0","0","0","0","0","0"
"yune","track-a-comparison","luna_pinyin","key_sequence_process_with_context","zhegeyinqingqishiyinggaizhichichaochangjuzishurucainengyong","73","59","59","59970900","177","59735100","295","115","3300","375","2200","20900","45300","1700","7300","375","0","291","59","77000","291","59","7900","59","0","295","885","59","1180","375","375","0","0","59","876100","23","58","721700","92","0","0","0","0","59","58","59","6800","58","440","12889","19200","0","0","0","0","0","0","0","0","0","0","0","0","0","0","0","52","56038800","260","958","353","314","667","0","0","1840","87","148","810","810","945","797","945","148","1840","0","52","55094600","51","54782400","8","0","0","0","0","0","0","0","0","0","0","0","0","0","0","0","0","0","0","0","0","0","0","0","0","0","0","0","0","0","0","0","0","0","0","0","0","0"
"yune","track-a-comparison","luna_pinyin","key_sequence_process_with_context","zhegeyinqingqishiyinggaizhichichaochangjuzishurucainengyong","74","59","59","60056400","177","59818100","295","115","3900","375","1000","21700","47800","1300","7100","375","0","291","59","80700","291","59","8500","59","0","295","885","59","1180","375","375","0","0","59","870300","23","58","721900","92","0","0","0","0","59","58","59","6300","58","440","12889","18300","0","0","0","0","0","0","0","0","0","0","0","0","0","0","0","52","56110700","260","958","353","314","667","0","0","1840","87","148","810","810","945","797","945","148","1840","0","52","55151800","51","54843400","8","0","0","0","0","0","0","0","0","0","0","0","0","0","0","0","0","0","0","0","0","0","0","0","0","0","0","0","0","0","0","0","0","0","0","0","0","0"
"yune","track-a-comparison","luna_pinyin","key_sequence_process_with_context","zhegeyinqingqishiyinggaizhichichaochangjuzishurucainengyong","75","59","59","59253700","177","59017600","295","115","3200","375","1900","21100","45500","1500","7500","375","0","291","59","73800","291","59","8300","59","0","295","885","59","1180","375","375","0","0","59","907400","23","58","724000","92","0","0","0","0","59","58","59","6100","58","440","12889","19400","0","0","0","0","0","0","0","0","0","0","0","0","0","0","0","52","55125800","260","958","353","314","667","0","0","1840","87","148","810","810","945","797","945","148","1840","0","52","54167800","51","53841200","8","0","0","0","0","0","0","0","0","0","0","0","0","0","0","0","0","0","0","0","0","0","0","0","0","0","0","0","0","0","0","0","0","0","0","0","0","0"
"yune","track-a-comparison","luna_pinyin","key_sequence_process_with_context","zhegeyinqingqishiyinggaizhichichaochangjuzishurucainengyong","76","59","59","59273300","177","59035400","295","115","3400","375","1800","21000","48100","2500","7800","375","0","291","59","72700","291","59","8700","59","0","295","885","59","1180","375","375","0","0","59","902800","23","58","730100","92","0","0","0","0","59","58","59","6000","58","440","12889","19300","0","0","0","0","0","0","0","0","0","0","0","0","0","0","0","52","55229800","260","958","353","314","667","0","0","1840","87","148","810","810","945","797","945","148","1840","0","52","54288500","51","53989900","8","0","0","0","0","0","0","0","0","0","0","0","0","0","0","0","0","0","0","0","0","0","0","0","0","0","0","0","0","0","0","0","0","0","0","0","0","0"
"yune","track-a-comparison","luna_pinyin","key_sequence_process_with_context","zhegeyinqingqishiyinggaizhichichaochangjuzishurucainengyong","77","59","59","59644000","177","59409900","295","115","3200","375","1300","20600","45400","1500","7100","375","0","291","59","74400","291","59","9300","59","0","295","885","59","1180","375","375","0","0","59","904800","23","58","730500","92","0","0","0","0","59","58","59","6200","58","440","12889","20000","0","0","0","0","0","0","0","0","0","0","0","0","0","0","0","52","55592500","260","958","353","314","667","0","0","1840","87","148","810","810","945","797","945","148","1840","0","52","54626200","51","54317900","8","0","0","0","0","0","0","0","0","0","0","0","0","0","0","0","0","0","0","0","0","0","0","0","0","0","0","0","0","0","0","0","0","0","0","0","0","0"
"yune","track-a-comparison","luna_pinyin","key_sequence_process_with_context","zhegeyinqingqishiyinggaizhichichaochangjuzishurucainengyong","78","59","59","59503500","177","59269200","295","115","3900","375","1300","21000","47200","1900","6800","375","0","291","59","72900","291","59","8300","59","0","295","885","59","1180","375","375","0","0","59","903900","23","58","725000","92","0","0","0","0","59","58","59","7000","58","440","12889","19100","0","0","0","0","0","0","0","0","0","0","0","0","0","0","0","52","55443800","260","958","353","314","667","0","0","1840","87","148","810","810","945","797","945","148","1840","0","52","54485200","51","54175200","8","0","0","0","0","0","0","0","0","0","0","0","0","0","0","0","0","0","0","0","0","0","0","0","0","0","0","0","0","0","0","0","0","0","0","0","0","0"
"yune","track-a-comparison","luna_pinyin","key_sequence_process_with_context","zhegeyinqingqishiyinggaizhichichaochangjuzishurucainengyong","79","59","59","59614400","177","59377300","295","115","3500","375","2600","21100","45700","1000","7200","375","0","291","59","74600","291","59","7200","59","0","295","885","59","1180","375","375","0","0","59","902500","23","58","722100","92","0","0","0","0","59","58","59","6900","58","440","12889","18500","0","0","0","0","0","0","0","0","0","0","0","0","0","0","0","52","55579700","260","958","353","314","667","0","0","1840","87","148","810","810","945","797","945","148","1840","0","52","54608600","51","54300000","8","0","0","0","0","0","0","0","0","0","0","0","0","0","0","0","0","0","0","0","0","0","0","0","0","0","0","0","0","0","0","0","0","0","0","0","0","0"
"yune","track-a-comparison","luna_pinyin","key_sequence_process_with_context","cszysmsrsd","0","10","10","4659000","30","4627400","20","20","800","65","200","2100","6000","100","1700","65","0","50","10","12900","50","10","1500","10","0","50","150","10","200","65","209","0","0","10","7800","0","10","24400","20","0","0","0","0","10","10","209","19500","1688","75","881","3100","0","0","0","0","0","0","0","0","0","0","0","0","0","0","0","18","4510400","45","10","11094","151","11156","0","0","1652","1","1","9","9","63","45","1661","1653","0","0","18","694700","8","1900","56","0","0","0","0","0","0","0","0","0","0","0","0","9","348200","1652","1652","1652","206400","691500","3421100","23200","4140300","0","0","0","0","0","0","0","0","0","0","0","0","0","0","0"
"yune","track-a-comparison","luna_pinyin","key_sequence_process_with_context","cszysmsrsd","1","10","10","4659300","30","4626900","20","20","900","65","100","2800","7000","100","1600","65","0","50","10","13200","50","10","1400","10","0","50","150","10","200","65","209","0","0","10","7700","0","10","24000","20","0","0","0","0","10","10","209","18900","1688","75","881","3100","0","0","0","0","0","0","0","0","0","0","0","0","0","0","0","18","4512600","45","10","11094","151","11156","0","0","1652","1","1","9","9","63","45","1661","1653","0","0","18","700600","8","2000","56","0","0","0","0","0","0","0","0","0","0","0","0","9","345700","1652","1652","1652","205200","697500","3420300","21600","4145500","0","0","0","0","0","0","0","0","0","0","0","0","0","0","0"
"yune","track-a-comparison","luna_pinyin","key_sequence_process_with_context","cszysmsrsd","2","10","10","4679100","30","4648200","20","20","800","65","300","2300","6100","500","1500","65","0","50","10","12700","50","10","1400","10","0","50","150","10","200","65","209","0","0","10","7900","0","10","24200","20","0","0","0","0","10","10","209","19400","1688","75","881","4100","0","0","0","0","0","0","0","0","0","0","0","0","0","0","0","18","4534000","45","10","11094","151","11156","0","0","1652","1","1","9","9","63","45","1661","1653","0","0","18","711400","8","1800","56","0","0","0","0","0","0","0","0","0","0","0","0","9","344700","1652","1652","1652","205800","708400","3432800","21300","4168500","0","0","0","0","0","0","0","0","0","0","0","0","0","0","0"
"yune","track-a-comparison","luna_pinyin","key_sequence_process_with_context","cszysmsrsd","3","10","10","4707500","30","4676800","20","20","700","65","200","2300","5800","300","1400","65","0","50","10","12800","50","10","1500","10","0","50","150","10","200","65","209","0","0","10","7700","0","10","24500","20","0","0","0","0","10","10","209","18100","1688","75","881","3100","0","0","0","0","0","0","0","0","0","0","0","0","0","0","0","18","4562000","45","10","11094","151","11156","0","0","1652","1","1","9","9","63","45","1661","1653","0","0","18","761400","8","1800","56","0","0","0","0","0","0","0","0","0","0","0","0","9","342100","1652","1652","1652","201300","758100","3415300","21300","4198800","0","0","0","0","0","0","0","0","0","0","0","0","0","0","0"
"yune","track-a-comparison","luna_pinyin","key_sequence_process_with_context","cszysmsrsd","4","10","10","4657400","30","4626700","20","20","700","65","300","2200","6000","200","1600","65","0","50","10","12900","50","10","1300","10","0","50","150","10","200","65","209","0","0","10","7800","0","10","24500","20","0","0","0","0","10","10","209","19400","1688","75","881","2600","0","0","0","0","0","0","0","0","0","0","0","0","0","0","0","18","4509900","45","10","11094","151","11156","0","0","1652","1","1","9","9","63","45","1661","1653","0","0","18","703600","8","1800","56","0","0","0","0","0","0","0","0","0","0","0","0","9","343200","1652","1652","1652","199100","700500","3421100","20800","4146500","0","0","0","0","0","0","0","0","0","0","0","0","0","0","0"
"yune","track-a-comparison","luna_pinyin","key_sequence_process_with_context","cszysmsrsd","5","10","10","4662600","30","4631700","20","20","700","65","300","2300","6200","200","1400","65","0","50","10","13000","50","10","1300","10","0","50","150","10","200","65","209","0","0","10","8000","0","10","25500","20","0","0","0","0","10","10","209","19100","1688","75","881","3200","0","0","0","0","0","0","0","0","0","0","0","0","0","0","0","18","4516700","45","10","11094","151","11156","0","0","1652","1","1","9","9","63","45","1661","1653","0","0","18","702600","8","1800","56","0","0","0","0","0","0","0","0","0","0","0","0","9","342600","1652","1652","1652","204800","699700","3429100","21200","4153900","0","0","0","0","0","0","0","0","0","0","0","0","0","0","0"
"yune","track-a-comparison","luna_pinyin","key_sequence_process_with_context","cszysmsrsd","6","10","10","4722000","30","4690600","20","20","800","65","300","2200","6100","200","1500","65","0","50","10","12600","50","10","1200","10","0","50","150","10","200","65","209","0","0","10","7700","0","10","23600","20","0","0","0","0","10","10","209","19100","1688","75","881","3400","0","0","0","0","0","0","0","0","0","0","0","0","0","0","0","18","4577500","45","10","11094","151","11156","0","0","1652","1","1","9","9","63","45","1661","1653","0","0","18","750800","8","1800","56","0","0","0","0","0","0","0","0","0","0","0","0","9","344400","1652","1652","1652","201100","748200","3439300","21800","4212700","0","0","0","0","0","0","0","0","0","0","0","0","0","0","0"
"yune","track-a-comparison","luna_pinyin","key_sequence_process_with_context","cszysmsrsd","7","10","10","4661800","30","4631400","20","20","900","65","300","2200","5900","400","1400","65","0","50","10","13000","50","10","1400","10","0","50","150","10","200","65","209","0","0","10","7700","0","10","24000","20","0","0","0","0","10","10","209","18900","1688","75","881","3200","0","0","0","0","0","0","0","0","0","0","0","0","0","0","0","18","4517600","45","10","11094","151","11156","0","0","1652","1","1","9","9","63","45","1661","1653","0","0","18","706300","8","1900","56","0","0","0","0","0","0","0","0","0","0","0","0","9","346100","1652","1652","1652","202200","703300","3422200","21100","4150400","0","0","0","0","0","0","0","0","0","0","0","0","0","0","0"
"yune","track-a-comparison","luna_pinyin","key_sequence_process_with_context","cszysmsrsd","8","10","10","4695300","30","4663600","20","20","500","65","500","2200","6200","200","1600","65","0","50","10","13200","50","10","1400","10","0","50","150","10","200","65","209","0","0","10","7800","0","10","23500","20","0","0","0","0","10","10","209","18800","1688","75","881","3000","0","0","0","0","0","0","0","0","0","0","0","0","0","0","0","18","4548900","45","10","11094","151","11156","0","0","1652","1","1","9","9","63","45","1661","1653","0","0","18","708200","8","1900","56","0","0","0","0","0","0","0","0","0","0","0","0","9","349800","1652","1652","1652","204300","705400","3447900","21400","4178500","0","0","0","0","0","0","0","0","0","0","0","0","0","0","0"
"yune","track-a-comparison","luna_pinyin","key_sequence_process_with_context","cszysmsrsd","9","10","10","4684700","30","4653400","20","20","700","65","0","2600","5900","0","1500","65","0","50","10","13100","50","10","1300","10","0","50","150","10","200","65","209","0","0","10","7600","0","10","24200","20","0","0","0","0","10","10","209","19500","1688","75","881","3300","0","0","0","0","0","0","0","0","0","0","0","0","0","0","0","18","4540400","45","10","11094","151","11156","0","0","1652","1","1","9","9","63","45","1661","1653","0","0","18","700100","8","2100","56","0","0","0","0","0","0","0","0","0","0","0","0","9","349500","1652","1652","1652","209300","697000","3448300","21100","4170300","0","0","0","0","0","0","0","0","0","0","0","0","0","0","0"
"yune","track-a-comparison","luna_pinyin","key_sequence_process_with_context","cszysmsrsd","10","10","10","4708300","30","4677000","20","20","500","65","200","2600","6300","200","1500","65","0","50","10","13500","50","10","1600","10","0","50","150","10","200","65","209","0","0","10","7600","0","10","24400","20","0","0","0","0","10","10","209","18400","1688","75","881","3200","0","0","0","0","0","0","0","0","0","0","0","0","0","0","0","18","4564200","45","10","11094","151","11156","0","0","1652","1","1","9","9","63","45","1661","1653","0","0","18","708100","8","1800","56","0","0","0","0","0","0","0","0","0","0","0","0","9","357000","1652","1652","1652","211000","705200","3455000","21200","4185800","0","0","0","0","0","0","0","0","0","0","0","0","0","0","0"
"yune","track-a-comparison","luna_pinyin","key_sequence_process_with_context","cszysmsrsd","11","10","10","4676800","30","4645900","20","20","500","65","200","2500","6200","500","1500","65","0","50","10","13300","50","10","1600","10","0","50","150","10","200","65","209","0","0","10","8000","0","10","23700","20","0","0","0","0","10","10","209","19000","1688","75","881","3200","0","0","0","0","0","0","0","0","0","0","0","0","0","0","0","18","4531900","45","10","11094","151","11156","0","0","1652","1","1","9","9","63","45","1661","1653","0","0","18","700200","8","1800","56","0","0","0","0","0","0","0","0","0","0","0","0","9","351500","1652","1652","1652","211700","697100","3437200","21800","4160100","0","0","0","0","0","0","0","0","0","0","0","0","0","0","0"
"yune","track-a-comparison","luna_pinyin","key_sequence_process_with_context","cszysmsrsd","12","10","10","4677100","30","4643700","20","20","800","65","400","2600","6600","0","1600","65","0","50","10","13900","50","10","1400","10","0","50","150","10","200","65","209","0","0","10","7900","0","10","23800","20","0","0","0","0","10","10","209","19400","1688","75","881","4200","0","0","0","0","0","0","0","0","0","0","0","0","0","0","0","18","4530200","45","10","11094","151","11156","0","0","1652","1","1","9","9","63","45","1661","1653","0","0","18","703900","8","2000","56","0","0","0","0","0","0","0","0","0","0","0","0","9","349000","1652","1652","1652","205600","700700","3434200","22300","4160300","0","0","0","0","0","0","0","0","0","0","0","0","0","0","0"
"yune","track-a-comparison","luna_pinyin","key_sequence_process_with_context","cszysmsrsd","13","10","10","4792100","30","4760600","20","20","400","65","300","2600","6200","200","1400","65","0","50","10","13500","50","10","1200","10","0","50","150","10","200","65","209","0","0","10","7600","0","10","23700","20","0","0","0","0","10","10","209","18800","1688","75","881","3200","0","0","0","0","0","0","0","0","0","0","0","0","0","0","0","18","4647000","45","10","11094","151","11156","0","0","1652","1","1","9","9","63","45","1661","1653","0","0","18","707100","8","1800","56","0","0","0","0","0","0","0","0","0","0","0","0","9","354800","1652","1652","1652","213000","704100","3541100","21700","4271100","0","0","0","0","0","0","0","0","0","0","0","0","0","0","0"
"yune","track-a-comparison","luna_pinyin","key_sequence_process_with_context","cszysmsrsd","14","10","10","4664500","30","4633100","20","20","700","65","200","2300","6100","200","1400","65","0","50","10","12800","50","10","1400","10","0","50","150","10","200","65","209","0","0","10","8000","0","10","24000","20","0","0","0","0","10","10","209","19100","1688","75","881","3000","0","0","0","0","0","0","0","0","0","0","0","0","0","0","0","18","4520200","45","10","11094","151","11156","0","0","1652","1","1","9","9","63","45","1661","1653","0","0","18","707400","8","2100","56","0","0","0","0","0","0","0","0","0","0","0","0","9","350800","1652","1652","1652","208400","704400","3418400","21400","4147700","0","0","0","0","0","0","0","0","0","0","0","0","0","0","0"
"yune","track-a-comparison","luna_pinyin","key_sequence_process_with_context","cszysmsrsd","15","10","10","4566300","30","4535600","20","20","700","65","400","2100","5900","100","1400","65","0","50","10","13300","50","10","1300","10","0","50","150","10","200","65","209","0","0","10","8100","0","10","24100","20","0","0","0","0","10","10","209","20800","1688","75","881","3600","0","0","0","0","0","0","0","0","0","0","0","0","0","0","0","18","4422600","45","10","11094","151","11156","0","0","1652","1","1","9","9","63","45","1661","1653","0","0","18","699500","8","2000","56","0","0","0","0","0","0","0","0","0","0","0","0","9","349600","1652","1652","1652","206200","696800","3330600","21000","4052500","0","0","0","0","0","0","0","0","0","0","0","0","0","0","0"
"yune","track-a-comparison","luna_pinyin","key_sequence_process_with_context","cszysmsrsd","16","10","10","4605900","30","4574700","20","20","1000","65","200","2300","5900","100","1400","65","0","50","10","12900","50","10","1300","10","0","50","150","10","200","65","209","0","0","10","7800","0","10","24200","20","0","0","0","0","10","10","209","18900","1688","75","881","2300","0","0","0","0","0","0","0","0","0","0","0","0","0","0","0","18","4458600","45","10","11094","151","11156","0","0","1652","1","1","9","9","63","45","1661","1653","0","0","18","713200","8","2000","56","0","0","0","0","0","0","0","0","0","0","0","0","9","351200","1652","1652","1652","209400","710200","3351500","21900","4086600","0","0","0","0","0","0","0","0","0","0","0","0","0","0","0"
"yune","track-a-comparison","luna_pinyin","key_sequence_process_with_context","cszysmsrsd","17","10","10","4585400","30","4554800","20","20","500","65","100","2400","6000","0","1600","65","0","50","10","12800","50","10","1600","10","0","50","150","10","200","65","209","0","0","10","7900","0","10","23700","20","0","0","0","0","10","10","209","18400","1688","75","881","3300","0","0","0","0","0","0","0","0","0","0","0","0","0","0","0","18","4440900","45","10","11094","151","11156","0","0","1652","1","1","9","9","63","45","1661","1653","0","0","18","707400","8","1900","56","0","0","0","0","0","0","0","0","0","0","0","0","9","354600","1652","1652","1652","209000","704500","3336400","21500","4065900","0","0","0","0","0","0","0","0","0","0","0","0","0","0","0"
"yune","track-a-comparison","luna_pinyin","key_sequence_process_with_context","cszysmsrsd","18","10","10","4555200","30","4524500","20","20","500","65","600","2200","6100","400","1200","65","0","50","10","13100","50","10","1300","10","0","50","150","10","200","65","209","0","0","10","7800","0","10","23900","20","0","0","0","0","10","10","209","18900","1688","75","881","3200","0","0","0","0","0","0","0","0","0","0","0","0","0","0","0","18","4410500","45","10","11094","151","11156","0","0","1652","1","1","9","9","63","45","1661","1653","0","0","18","707900","8","1800","56","0","0","0","0","0","0","0","0","0","0","0","0","9","348500","1652","1652","1652","209800","705000","3309200","21200","4041900","0","0","0","0","0","0","0","0","0","0","0","0","0","0","0"
"yune","track-a-comparison","luna_pinyin","key_sequence_process_with_context","cszysmsrsd","19","10","10","4604500","30","4573000","20","20","500","65","200","2500","6000","200","1400","65","0","50","10","13300","50","10","1400","10","0","50","150","10","200","65","209","0","0","10","7900","0","10","23800","20","0","0","0","0","10","10","209","18200","1688","75","881","3900","0","0","0","0","0","0","0","0","0","0","0","0","0","0","0","18","4456400","45","10","11094","151","11156","0","0","1652","1","1","9","9","63","45","1661","1653","0","0","18","712100","8","1800","56","0","0","0","0","0","0","0","0","0","0","0","0","9","353700","1652","1652","1652","210400","709200","3346000","21200","4082100","0","0","0","0","0","0","0","0","0","0","0","0","0","0","0"
"yune","track-a-comparison","luna_pinyin","key_sequence_process_with_context","cszysmsrsd","20","10","10","4568300","30","4537300","20","20","900","65","200","2600","6000","200","1200","65","0","50","10","13100","50","10","1400","10","0","50","150","10","200","65","209","0","0","10","7900","0","10","24000","20","0","0","0","0","10","10","209","18800","1688","75","881","3000","0","0","0","0","0","0","0","0","0","0","0","0","0","0","0","18","4424500","45","10","11094","151","11156","0","0","1652","1","1","9","9","63","45","1661","1653","0","0","18","709500","8","1700","56","0","0","0","0","0","0","0","0","0","0","0","0","9","349400","1652","1652","1652","208800","706700","3320800","21400","4054100","0","0","0","0","0","0","0","0","0","0","0","0","0","0","0"
"yune","track-a-comparison","luna_pinyin","key_sequence_process_with_context","cszysmsrsd","21","10","10","4566100","30","4534900","20","20","700","65","500","2300","6200","300","1500","65","0","50","10","13100","50","10","1500","10","0","50","150","10","200","65","209","0","0","10","7800","0","10","23900","20","0","0","0","0","10","10","209","17800","1688","75","881","2700","0","0","0","0","0","0","0","0","0","0","0","0","0","0","0","18","4422600","45","10","11094","151","11156","0","0","1652","1","1","9","9","63","45","1661","1653","0","0","18","709100","8","1800","56","0","0","0","0","0","0","0","0","0","0","0","0","9","352600","1652","1652","1652","210100","706200","3316100","21200","4049400","0","0","0","0","0","0","0","0","0","0","0","0","0","0","0"
"yune","track-a-comparison","luna_pinyin","key_sequence_process_with_context","cszysmsrsd","22","10","10","4596000","30","4564500","20","20","800","65","400","2200","6200","200","1600","65","0","50","10","13000","50","10","1800","10","0","50","150","10","200","65","209","0","0","10","7800","0","10","24700","20","0","0","0","0","10","10","209","18000","1688","75","881","2800","0","0","0","0","0","0","0","0","0","0","0","0","0","0","0","18","4449900","45","10","11094","151","11156","0","0","1652","1","1","9","9","63","45","1661","1653","0","0","18","718500","8","1700","56","0","0","0","0","0","0","0","0","0","0","0","0","9","349800","1652","1652","1652","209700","715800","3335400","21700","4078600","0","0","0","0","0","0","0","0","0","0","0","0","0","0","0"
"yune","track-a-comparison","luna_pinyin","key_sequence_process_with_context","cszysmsrsd","23","10","10","4653300","30","4610100","20","20","700","65","300","2700","7200","500","1600","65","0","50","10","14000","50","10","1400","10","0","50","150","10","200","65","209","0","0","10","7900","0","10","25300","20","0","0","0","0","10","10","209","18500","1688","75","881","2800","0","0","0","0","0","0","0","0","0","0","0","0","0","0","0","18","4493100","45","10","11094","151","11156","0","0","1652","1","1","9","9","63","45","1661","1653","0","0","18","729900","8","2100","56","0","0","0","0","0","0","0","0","0","0","0","0","9","359700","1652","1652","1652","217600","726600","3359400","21600","4112500","0","0","0","0","0","0","0","0","0","0","0","0","0","0","0"
"yune","track-a-comparison","luna_pinyin","key_sequence_process_with_context","cszysmsrsd","24","10","10","4614100","30","4582200","20","20","600","65","400","2200","6400","200","1500","65","0","50","10","13700","50","10","1300","10","0","50","150","10","200","65","209","0","0","10","7700","0","10","24400","20","0","0","0","0","10","10","209","18300","1688","75","881","3300","0","0","0","0","0","0","0","0","0","0","0","0","0","0","0","18","4466600","45","10","11094","151","11156","0","0","1652","1","1","9","9","63","45","1661","1653","0","0","18","716300","8","1800","56","0","0","0","0","0","0","0","0","0","0","0","0","9","352600","1652","1652","1652","209400","713100","3351900","21600","4092400","0","0","0","0","0","0","0","0","0","0","0","0","0","0","0"
"yune","track-a-comparison","luna_pinyin","key_sequence_process_with_context","cszysmsrsd","25","10","10","4569800","30","4539100","20","20","700","65","300","2200","5900","100","1500","65","0","50","10","13300","50","10","1200","10","0","50","150","10","200","65","209","0","0","10","10100","0","10","24300","20","0","0","0","0","10","10","209","18400","1688","75","881","2800","0","0","0","0","0","0","0","0","0","0","0","0","0","0","0","18","4423300","45","10","11094","151","11156","0","0","1652","1","1","9","9","63","45","1661","1653","0","0","18","707200","8","1700","56","0","0","0","0","0","0","0","0","0","0","0","0","9","350200","1652","1652","1652","208400","704300","3323200","21400","4052500","0","0","0","0","0","0","0","0","0","0","0","0","0","0","0"
"yune","track-a-comparison","luna_pinyin","key_sequence_process_with_context","cszysmsrsd","26","10","10","4636100","30","4598700","20","20","800","65","200","2200","6800","300","1800","65","0","50","10","14500","50","10","1800","10","0","50","150","10","200","65","209","0","0","10","7800","0","10","24200","20","0","0","0","0","10","10","209","39500","1688","75","881","4100","0","0","0","0","0","0","0","0","0","0","0","0","0","0","0","18","4485500","45","10","11094","151","11156","0","0","1652","1","1","9","9","63","45","1661","1653","0","0","18","713200","8","1900","56","0","0","0","0","0","0","0","0","0","0","0","0","9","375500","1652","1652","1652","213600","710300","3352900","21800","4088600","0","0","0","0","0","0","0","0","0","0","0","0","0","0","0"
"yune","track-a-comparison","luna_pinyin","key_sequence_process_with_context","cszysmsrsd","27","10","10","4584100","30","4553300","20","20","700","65","300","2300","6200","400","1600","65","0","50","10","13200","50","10","1500","10","0","50","150","10","200","65","209","0","0","10","7700","0","10","24400","20","0","0","0","0","10","10","209","19000","1688","75","881","2500","0","0","0","0","0","0","0","0","0","0","0","0","0","0","0","18","4438900","45","10","11094","151","11156","0","0","1652","1","1","9","9","63","45","1661","1653","0","0","18","711400","8","1800","56","0","0","0","0","0","0","0","0","0","0","0","0","9","353000","1652","1652","1652","211900","708300","3330900","21400","4064800","0","0","0","0","0","0","0","0","0","0","0","0","0","0","0"
"yune","track-a-comparison","luna_pinyin","key_sequence_process_with_context","cszysmsrsd","28","10","10","4574400","30","4542700","20","20","500","65","200","2200","6300","400","1600","65","0","50","10","12900","50","10","1400","10","0","50","150","10","200","65","209","0","0","10","7800","0","10","23800","20","0","0","0","0","10","10","209","18200","1688","75","881","4100","0","0","0","0","0","0","0","0","0","0","0","0","0","0","0","18","4427400","45","10","11094","151","11156","0","0","1652","1","1","9","9","63","45","1661","1653","0","0","18","713500","8","1700","56","0","0","0","0","0","0","0","0","0","0","0","0","9","353200","1652","1652","1652","208400","710700","3313700","21200","4051900","0","0","0","0","0","0","0","0","0","0","0","0","0","0","0"
"yune","track-a-comparison","luna_pinyin","key_sequence_process_with_context","cszysmsrsd","29","10","10","4608500","30","4577100","20","20","400","65","100","2200","6300","0","1500","65","0","50","10","13300","50","10","1800","10","0","50","150","10","200","65","209","0","0","10","25400","0","10","24100","20","0","0","0","0","10","10","209","19700","1688","75","881","2500","0","0","0","0","0","0","0","0","0","0","0","0","0","0","0","18","4446300","45","10","11094","151","11156","0","0","1652","1","1","9","9","63","45","1661","1653","0","0","18","706000","8","1800","56","0","0","0","0","0","0","0","0","0","0","0","0","9","352800","1652","1652","1652","211500","703200","3342500","21400","4070700","0","0","0","0","0","0","0","0","0","0","0","0","0","0","0"
"yune","track-a-comparison","luna_pinyin","key_sequence_process_with_context","cszysmsrsd","30","10","10","4581700","30","4550000","20","20","600","65","200","2400","6100","200","1300","65","0","50","10","12900","50","10","1400","10","0","50","150","10","200","65","209","0","0","10","7700","0","10","27000","20","0","0","0","0","10","10","209","20200","1688","75","881","2800","0","0","0","0","0","0","0","0","0","0","0","0","0","0","0","18","4434300","45","10","11094","151","11156","0","0","1652","1","1","9","9","63","45","1661","1653","0","0","18","710100","8","1800","56","0","0","0","0","0","0","0","0","0","0","0","0","9","351100","1652","1652","1652","211800","707200","3327100","21300","4061800","0","0","0","0","0","0","0","0","0","0","0","0","0","0","0"
"yune","track-a-comparison","luna_pinyin","key_sequence_process_with_context","cszysmsrsd","31","10","10","4553300","30","4522000","20","20","700","65","200","2300","6100","500","1200","65","0","50","10","12800","50","10","1600","10","0","50","150","10","200","65","209","0","0","10","7800","0","10","24700","20","0","0","0","0","10","10","209","18500","1688","75","881","3700","0","0","0","0","0","0","0","0","0","0","0","0","0","0","0","18","4408500","45","10","11094","151","11156","0","0","1652","1","1","9","9","63","45","1661","1653","0","0","18","709400","8","1900","56","0","0","0","0","0","0","0","0","0","0","0","0","9","354800","1652","1652","1652","210900","706600","3300600","21400","4033200","0","0","0","0","0","0","0","0","0","0","0","0","0","0","0"
"yune","track-a-comparison","luna_pinyin","key_sequence_process_with_context","cszysmsrsd","32","10","10","4565800","30","4534900","20","20","600","65","400","2300","6100","200","1600","65","0","50","10","13200","50","10","1200","10","0","50","150","10","200","65","209","0","0","10","7900","0","10","24500","20","0","0","0","0","10","10","209","18600","1688","75","881","2800","0","0","0","0","0","0","0","0","0","0","0","0","0","0","0","18","4420600","45","10","11094","151","11156","0","0","1652","1","1","9","9","63","45","1661","1653","0","0","18","707500","8","1900","56","0","0","0","0","0","0","0","0","0","0","0","0","9","353900","1652","1652","1652","209500","705000","3313600","21400","4045900","0","0","0","0","0","0","0","0","0","0","0","0","0","0","0"
"yune","track-a-comparison","luna_pinyin","key_sequence_process_with_context","cszysmsrsd","33","10","10","5186300","30","5136600","20","20","400","65","800","3600","8700","400","2000","65","0","50","10","18900","50","10","2100","10","0","50","150","10","200","65","209","0","0","10","9600","0","10","25900","20","0","0","0","0","10","10","209","23900","1688","75","881","4500","0","0","0","0","0","0","0","0","0","0","0","0","0","0","0","18","5011400","45","10","11094","151","11156","0","0","1652","1","1","9","9","63","45","1661","1653","0","0","18","905900","8","3500","56","0","0","0","0","0","0","0","0","0","0","0","0","9","502500","1652","1652","1652","326400","901400","3539400","29300","4476200","0","0","0","0","0","0","0","0","0","0","0","0","0","0","0"
"yune","track-a-comparison","luna_pinyin","key_sequence_process_with_context","cszysmsrsd","34","10","10","4564500","30","4530800","20","20","600","65","300","2500","6700","400","1600","65","0","50","10","13100","50","10","1600","10","0","50","150","10","200","65","209","0","0","10","7300","0","10","26700","20","0","0","0","0","10","10","209","18200","1688","75","881","2500","0","0","0","0","0","0","0","0","0","0","0","0","0","0","0","18","4412500","45","10","11094","151","11156","0","0","1652","1","1","9","9","63","45","1661","1653","0","0","18","734000","8","2200","56","0","0","0","0","0","0","0","0","0","0","0","0","9","366200","1652","1652","1652","218800","730100","3267100","25500","4023100","0","0","0","0","0","0","0","0","0","0","0","0","0","0","0"
"yune","track-a-comparison","luna_pinyin","key_sequence_process_with_context","cszysmsrsd","35","10","10","4583900","30","4552200","20","20","700","65","300","2200","6500","200","1600","65","0","50","10","12900","50","10","1400","10","0","50","150","10","200","65","209","0","0","10","7600","0","10","25000","20","0","0","0","0","10","10","209","17200","1688","75","881","3000","0","0","0","0","0","0","0","0","0","0","0","0","0","0","0","18","4440800","45","10","11094","151","11156","0","0","1652","1","1","9","9","63","45","1661","1653","0","0","18","712500","8","2200","56","0","0","0","0","0","0","0","0","0","0","0","0","9","353800","1652","1652","1652","212100","709100","3329900","25400","4064600","0","0","0","0","0","0","0","0","0","0","0","0","0","0","0"
"yune","track-a-comparison","luna_pinyin","key_sequence_process_with_context","cszysmsrsd","36","10","10","4559400","30","4528200","20","20","700","65","300","2200","6200","200","1300","65","0","50","10","13000","50","10","1400","10","0","50","150","10","200","65","209","0","0","10","7500","0","10","24400","20","0","0","0","0","10","10","209","19600","1688","75","881","3700","0","0","0","0","0","0","0","0","0","0","0","0","0","0","0","18","4414500","45","10","11094","151","11156","0","0","1652","1","1","9","9","63","45","1661","1653","0","0","18","704400","8","1900","56","0","0","0","0","0","0","0","0","0","0","0","0","9","353800","1652","1652","1652","209900","701700","3312100","21300","4039300","0","0","0","0","0","0","0","0","0","0","0","0","0","0","0"
"yune","track-a-comparison","luna_pinyin","key_sequence_process_with_context","cszysmsrsd","37","10","10","4532200","30","4501100","20","20","1100","65","500","2300","6400","100","1500","65","0","50","10","13200","50","10","1600","10","0","50","150","10","200","65","209","0","0","10","7200","0","10","24500","20","0","0","0","0","10","10","209","19200","1688","75","881","2800","0","0","0","0","0","0","0","0","0","0","0","0","0","0","0","18","4389900","45","10","11094","151","11156","0","0","1652","1","1","9","9","63","45","1661","1653","0","0","18","695400","8","1800","56","0","0","0","0","0","0","0","0","0","0","0","0","9","345700","1652","1652","1652","205200","692800","3305900","21600","4024000","0","0","0","0","0","0","0","0","0","0","0","0","0","0","0"
"yune","track-a-comparison","luna_pinyin","key_sequence_process_with_context","cszysmsrsd","38","10","10","4545800","30","4514700","20","20","500","65","300","2300","6300","100","1400","65","0","50","10","13100","50","10","1200","10","0","50","150","10","200","65","209","0","0","10","7700","0","10","25500","20","0","0","0","0","10","10","209","19100","1688","75","881","2700","0","0","0","0","0","0","0","0","0","0","0","0","0","0","0","18","4397700","45","10","11094","151","11156","0","0","1652","1","1","9","9","63","45","1661","1653","0","0","18","699400","8","2300","56","0","0","0","0","0","0","0","0","0","0","0","0","9","345300","1652","1652","1652","202800","696200","3308200","21600","4030400","0","0","0","0","0","0","0","0","0","0","0","0","0","0","0"
"yune","track-a-comparison","luna_pinyin","key_sequence_process_with_context","cszysmsrsd","39","10","10","4520600","30","4487700","20","20","1000","65","300","2800","7200","100","1600","65","0","50","10","13200","50","10","1300","10","0","50","150","10","200","65","209","0","0","10","7400","0","10","24200","20","0","0","0","0","10","10","209","18600","1688","75","881","3100","0","0","0","0","0","0","0","0","0","0","0","0","0","0","0","18","4377400","45","10","11094","151","11156","0","0","1652","1","1","9","9","63","45","1661","1653","0","0","18","693400","8","1900","56","0","0","0","0","0","0","0","0","0","0","0","0","9","347200","1652","1652","1652","206200","690300","3293500","21000","4008800","0","0","0","0","0","0","0","0","0","0","0","0","0","0","0"
"yune","track-a-comparison","luna_pinyin","key_sequence_process_with_context","cszysmsrsd","40","10","10","4523500","30","4493200","20","20","600","65","300","2300","6200","100","1600","65","0","50","10","13000","50","10","1400","10","0","50","150","10","200","65","209","0","0","10","7600","0","10","24200","20","0","0","0","0","10","10","209","18100","1688","75","881","2700","0","0","0","0","0","0","0","0","0","0","0","0","0","0","0","18","4383100","45","10","11094","151","11156","0","0","1652","1","1","9","9","63","45","1661","1653","0","0","18","697700","8","1800","56","0","0","0","0","0","0","0","0","0","0","0","0","9","340900","1652","1652","1652","197900","695000","3301700","21200","4021000","0","0","0","0","0","0","0","0","0","0","0","0","0","0","0"
"yune","track-a-comparison","luna_pinyin","key_sequence_process_with_context","cszysmsrsd","41","10","10","4520800","30","4489900","20","20","700","65","300","2200","6300","100","1400","65","0","50","10","13000","50","10","1200","10","0","50","150","10","200","65","209","0","0","10","7400","0","10","24000","20","0","0","0","0","10","10","209","19200","1688","75","881","2800","0","0","0","0","0","0","0","0","0","0","0","0","0","0","0","18","4379700","45","10","11094","151","11156","0","0","1652","1","1","9","9","63","45","1661","1653","0","0","18","688500","8","1600","56","0","0","0","0","0","0","0","0","0","0","0","0","9","342200","1652","1652","1652","197600","685800","3308800","21300","4017700","0","0","0","0","0","0","0","0","0","0","0","0","0","0","0"
"yune","track-a-comparison","luna_pinyin","key_sequence_process_with_context","cszysmsrsd","42","10","10","4527200","30","4495800","20","20","600","65","300","2300","6200","200","1400","65","0","50","10","12700","50","10","1400","10","0","50","150","10","200","65","209","0","0","10","7700","0","10","24600","20","0","0","0","0","10","10","209","19400","1688","75","881","3000","0","0","0","0","0","0","0","0","0","0","0","0","0","0","0","18","4383100","45","10","11094","151","11156","0","0","1652","1","1","9","9","63","45","1661","1653","0","0","18","697800","8","1900","56","0","0","0","0","0","0","0","0","0","0","0","0","9","345800","1652","1652","1652","207800","695200","3297300","21100","4015900","0","0","0","0","0","0","0","0","0","0","0","0","0","0","0"
"yune","track-a-comparison","luna_pinyin","key_sequence_process_with_context","cszysmsrsd","43","10","10","4532000","30","4500900","20","20","700","65","200","2200","6100","100","1700","65","0","50","10","13100","50","10","1400","10","0","50","150","10","200","65","209","0","0","10","7500","0","10","24500","20","0","0","0","0","10","10","209","18500","1688","75","881","3000","0","0","0","0","0","0","0","0","0","0","0","0","0","0","0","18","4390500","45","10","11094","151","11156","0","0","1652","1","1","9","9","63","45","1661","1653","0","0","18","700000","8","1700","56","0","0","0","0","0","0","0","0","0","0","0","0","9","348700","1652","1652","1652","203400","697400","3300000","21200","4021000","0","0","0","0","0","0","0","0","0","0","0","0","0","0","0"
"yune","track-a-comparison","luna_pinyin","key_sequence_process_with_context","cszysmsrsd","44","10","10","4528700","30","4497700","20","20","600","65","200","2000","6100","400","1400","65","0","50","10","12900","50","10","1400","10","0","50","150","10","200","65","209","0","0","10","7000","0","10","24100","20","0","0","0","0","10","10","209","17200","1688","75","881","2600","0","0","0","0","0","0","0","0","0","0","0","0","0","0","0","18","4387700","45","10","11094","151","11156","0","0","1652","1","1","9","9","63","45","1661","1653","0","0","18","695300","8","1700","56","0","0","0","0","0","0","0","0","0","0","0","0","9","340500","1652","1652","1652","200600","692600","3309300","21200","4025100","0","0","0","0","0","0","0","0","0","0","0","0","0","0","0"
"yune","track-a-comparison","luna_pinyin","key_sequence_process_with_context","cszysmsrsd","45","10","10","4558600","30","4527600","20","20","600","65","100","2300","6300","300","1600","65","0","50","10","12800","50","10","1400","10","0","50","150","10","200","65","209","0","0","10","7200","0","10","24100","20","0","0","0","0","10","10","209","19100","1688","75","881","2800","0","0","0","0","0","0","0","0","0","0","0","0","0","0","0","18","4418000","45","10","11094","151","11156","0","0","1652","1","1","9","9","63","45","1661","1653","0","0","18","704200","8","1800","56","0","0","0","0","0","0","0","0","0","0","0","0","9","345400","1652","1652","1652","205900","701500","3324900","21500","4052300","0","0","0","0","0","0","0","0","0","0","0","0","0","0","0"
"yune","track-a-comparison","luna_pinyin","key_sequence_process_with_context","cszysmsrsd","46","10","10","4515000","30","4484000","20","20","300","65","600","2300","6300","400","1600","65","0","50","10","13000","50","10","1300","10","0","50","150","10","200","65","209","0","0","10","7300","0","10","24000","20","0","0","0","0","10","10","209","18000","1688","75","881","3200","0","0","0","0","0","0","0","0","0","0","0","0","0","0","0","18","4374600","45","10","11094","151","11156","0","0","1652","1","1","9","9","63","45","1661","1653","0","0","18","695100","8","1700","56","0","0","0","0","0","0","0","0","0","0","0","0","9","343300","1652","1652","1652","203200","692400","3293400","21400","4009100","0","0","0","0","0","0","0","0","0","0","0","0","0","0","0"
"yune","track-a-comparison","luna_pinyin","key_sequence_process_with_context","cszysmsrsd","47","10","10","4535400","30","4504000","20","20","700","65","300","2400","6600","200","1600","65","0","50","10","13300","50","10","1500","10","0","50","150","10","200","65","209","0","0","10","7400","0","10","24400","20","0","0","0","0","10","10","209","18800","1688","75","881","3100","0","0","0","0","0","0","0","0","0","0","0","0","0","0","0","18","4393700","45","10","11094","151","11156","0","0","1652","1","1","9","9","63","45","1661","1653","0","0","18","698600","8","1900","56","0","0","0","0","0","0","0","0","0","0","0","0","9","342500","1652","1652","1652","199000","695700","3308900","21300","4029900","0","0","0","0","0","0","0","0","0","0","0","0","0","0","0"
"yune","track-a-comparison","luna_pinyin","key_sequence_process_with_context","cszysmsrsd","48","10","10","4565300","30","4534600","20","20","400","65","200","2200","6000","400","1500","65","0","50","10","13100","50","10","1200","10","0","50","150","10","200","65","209","0","0","10","7000","0","10","24000","20","0","0","0","0","10","10","209","18900","1688","75","881","3200","0","0","0","0","0","0","0","0","0","0","0","0","0","0","0","18","4425500","45","10","11094","151","11156","0","0","1652","1","1","9","9","63","45","1661","1653","0","0","18","701900","8","2000","56","0","0","0","0","0","0","0","0","0","0","0","0","9","344800","1652","1652","1652","202000","699000","3336000","21500","4059400","0","0","0","0","0","0","0","0","0","0","0","0","0","0","0"
"yune","track-a-comparison","luna_pinyin","key_sequence_process_with_context","cszysmsrsd","49","10","10","4536200","30","4505400","20","20","500","65","500","2100","6300","500","1200","65","0","50","10","13100","50","10","1400","10","0","50","150","10","200","65","209","0","0","10","7300","0","10","24100","20","0","0","0","0","10","10","209","17700","1688","75","881","2500","0","0","0","0","0","0","0","0","0","0","0","0","0","0","0","18","4395700","45","10","11094","151","11156","0","0","1652","1","1","9","9","63","45","1661","1653","0","0","18","699300","8","1900","56","0","0","0","0","0","0","0","0","0","0","0","0","9","345600","1652","1652","1652","203300","696400","3308700","21300","4030000","0","0","0","0","0","0","0","0","0","0","0","0","0","0","0"
"yune","track-a-comparison","luna_pinyin","key_sequence_process_with_context","cszysmsrsd","50","10","10","4532300","30","4501400","20","20","600","65","300","2100","5800","100","1500","65","0","50","10","13100","50","10","1400","10","0","50","150","10","200","65","209","0","0","10","7200","0","10","24100","20","0","0","0","0","10","10","209","19100","1688","75","881","3500","0","0","0","0","0","0","0","0","0","0","0","0","0","0","0","18","4392000","45","10","11094","151","11156","0","0","1652","1","1","9","9","63","45","1661","1653","0","0","18","694600","8","1500","56","0","0","0","0","0","0","0","0","0","0","0","0","9","351700","1652","1652","1652","210200","692100","3303500","22200","4020000","0","0","0","0","0","0","0","0","0","0","0","0","0","0","0"
"yune","track-a-comparison","luna_pinyin","key_sequence_process_with_context","cszysmsrsd","51","10","10","4561400","30","4530100","20","20","600","65","100","2300","6500","200","1400","65","0","50","10","13700","50","10","1100","10","0","50","150","10","200","65","209","0","0","10","7400","0","10","24300","20","0","0","0","0","10","10","209","18600","1688","75","881","3100","0","0","0","0","0","0","0","0","0","0","0","0","0","0","0","18","4419900","45","10","11094","151","11156","0","0","1652","1","1","9","9","63","45","1661","1653","0","0","18","705200","8","1900","56","0","0","0","0","0","0","0","0","0","0","0","0","9","344800","1652","1652","1652","203100","702600","3326800","21400","4054800","0","0","0","0","0","0","0","0","0","0","0","0","0","0","0"
"yune","track-a-comparison","luna_pinyin","key_sequence_process_with_context","cszysmsrsd","52","10","10","4593300","30","4562000","20","20","600","65","500","2200","6600","500","1600","65","0","50","10","16400","50","10","1400","10","0","50","150","10","200","65","209","0","0","10","7200","0","10","24000","20","0","0","0","0","10","10","209","19300","1688","75","881","2900","0","0","0","0","0","0","0","0","0","0","0","0","0","0","0","18","4452500","45","10","11094","151","11156","0","0","1652","1","1","9","9","63","45","1661","1653","0","0","18","701100","8","1900","56","0","0","0","0","0","0","0","0","0","0","0","0","9","346800","1652","1652","1652","205200","698300","3361100","22200","4083700","0","0","0","0","0","0","0","0","0","0","0","0","0","0","0"
"yune","track-a-comparison","luna_pinyin","key_sequence_process_with_context","cszysmsrsd","53","10","10","4536800","30","4505700","20","20","500","65","300","2400","6200","400","1300","65","0","50","10","13400","50","10","1300","10","0","50","150","10","200","65","209","0","0","10","7100","0","10","23500","20","0","0","0","0","10","10","209","20100","1688","75","881","3200","0","0","0","0","0","0","0","0","0","0","0","0","0","0","0","18","4395700","45","10","11094","151","11156","0","0","1652","1","1","9","9","63","45","1661","1653","0","0","18","705500","8","1700","56","0","0","0","0","0","0","0","0","0","0","0","0","9","348600","1652","1652","1652","203000","702900","3298200","21500","4026300","0","0","0","0","0","0","0","0","0","0","0","0","0","0","0"
"yune","track-a-comparison","luna_pinyin","key_sequence_process_with_context","cszysmsrsd","54","10","10","4498300","30","4467100","20","20","800","65","200","2200","6200","300","1300","65","0","50","10","13200","50","10","1500","10","0","50","150","10","200","65","209","0","0","10","7300","0","10","24300","20","0","0","0","0","10","10","209","19400","1688","75","881","2600","0","0","0","0","0","0","0","0","0","0","0","0","0","0","0","18","4357400","45","10","11094","151","11156","0","0","1652","1","1","9","9","63","45","1661","1653","0","0","18","694900","8","1700","56","0","0","0","0","0","0","0","0","0","0","0","0","9","342200","1652","1652","1652","198600","692300","3277800","21200","3993500","0","0","0","0","0","0","0","0","0","0","0","0","0","0","0"
"yune","track-a-comparison","luna_pinyin","key_sequence_process_with_context","cszysmsrsd","55","10","10","4518600","30","4487700","20","20","800","65","500","2000","6200","300","1400","65","0","50","10","12800","50","10","1400","10","0","50","150","10","200","65","209","0","0","10","7500","0","10","23900","20","0","0","0","0","10","10","209","19100","1688","75","881","2200","0","0","0","0","0","0","0","0","0","0","0","0","0","0","0","18","4378700","45","10","11094","151","11156","0","0","1652","1","1","9","9","63","45","1661","1653","0","0","18","695000","8","1800","56","0","0","0","0","0","0","0","0","0","0","0","0","9","345000","1652","1652","1652","204400","692100","3296700","21200","4013600","0","0","0","0","0","0","0","0","0","0","0","0","0","0","0"
"yune","track-a-comparison","luna_pinyin","key_sequence_process_with_context","cszysmsrsd","56","10","10","4495100","30","4464500","20","20","500","65","200","2400","6400","300","1600","65","0","50","10","12700","50","10","1200","10","0","50","150","10","200","65","209","0","0","10","7300","0","10","23800","20","0","0","0","0","10","10","209","19300","1688","75","881","2600","0","0","0","0","0","0","0","0","0","0","0","0","0","0","0","18","4355900","45","10","11094","151","11156","0","0","1652","1","1","9","9","63","45","1661","1653","0","0","18","691100","8","2000","56","0","0","0","0","0","0","0","0","0","0","0","0","9","339800","1652","1652","1652","198200","688500","3282100","21200","3993900","0","0","0","0","0","0","0","0","0","0","0","0","0","0","0"
"yune","track-a-comparison","luna_pinyin","key_sequence_process_with_context","cszysmsrsd","57","10","10","4500500","30","4469400","20","20","600","65","300","2200","6300","0","1200","65","0","50","10","13200","50","10","1500","10","0","50","150","10","200","65","209","0","0","10","7400","0","10","25100","20","0","0","0","0","10","10","209","18900","1688","75","881","3200","0","0","0","0","0","0","0","0","0","0","0","0","0","0","0","18","4359000","45","10","11094","151","11156","0","0","1652","1","1","9","9","63","45","1661","1653","0","0","18","692000","8","1600","56","0","0","0","0","0","0","0","0","0","0","0","0","9","343700","1652","1652","1652","202100","689200","3280100","21900","3994500","0","0","0","0","0","0","0","0","0","0","0","0","0","0","0"
"yune","track-a-comparison","luna_pinyin","key_sequence_process_with_context","cszysmsrsd","58","10","10","4544800","30","4514200","20","20","700","65","300","2200","6300","300","1700","65","0","50","10","13300","50","10","1200","10","0","50","150","10","200","65","209","0","0","10","7200","0","10","24700","20","0","0","0","0","10","10","209","19300","1688","75","881","2900","0","0","0","0","0","0","0","0","0","0","0","0","0","0","0","18","4403400","45","10","11094","151","11156","0","0","1652","1","1","9","9","63","45","1661","1653","0","0","18","711800","8","1700","56","0","0","0","0","0","0","0","0","0","0","0","0","9","341100","1652","1652","1652","200300","708900","3307700","21500","4040600","0","0","0","0","0","0","0","0","0","0","0","0","0","0","0"
"yune","track-a-comparison","luna_pinyin","key_sequence_process_with_context","cszysmsrsd","59","10","10","4525300","30","4494400","20","20","600","65","500","2000","6000","100","1500","65","0","50","10","13200","50","10","1200","10","0","50","150","10","200","65","209","0","0","10","7200","0","10","24600","20","0","0","0","0","10","10","209","18500","1688","75","881","3200","0","0","0","0","0","0","0","0","0","0","0","0","0","0","0","18","4384300","45","10","11094","151","11156","0","0","1652","1","1","9","9","63","45","1661","1653","0","0","18","696100","8","2000","56","0","0","0","0","0","0","0","0","0","0","0","0","9","342600","1652","1652","1652","200400","693100","3303100","21400","4021300","0","0","0","0","0","0","0","0","0","0","0","0","0","0","0"
"yune","track-a-comparison","luna_pinyin","key_sequence_process_with_context","cszysmsrsd","60","10","10","4853400","30","4818500","20","20","600","65","600","2700","6900","200","1600","65","0","50","10","15200","50","10","1400","10","0","50","150","10","200","65","209","0","0","10","7200","0","10","24000","20","0","0","0","0","10","10","209","18900","1688","75","881","4400","0","0","0","0","0","0","0","0","0","0","0","0","0","0","0","18","4708500","45","10","11094","151","11156","0","0","1652","1","1","9","9","63","45","1661","1653","0","0","18","705400","8","2000","56","0","0","0","0","0","0","0","0","0","0","0","0","9","342700","1652","1652","1652","204500","702500","3615000","21600","4342800","0","0","0","0","0","0","0","0","0","0","0","0","0","0","0"
"yune","track-a-comparison","luna_pinyin","key_sequence_process_with_context","cszysmsrsd","61","10","10","5053900","30","5010100","20","20","600","65","500","2900","7700","100","1900","65","0","50","10","14900","50","10","1700","10","0","50","150","10","200","65","209","0","0","10","8300","0","10","28900","20","0","0","0","0","10","10","209","19900","1688","75","881","4200","0","0","0","0","0","0","0","0","0","0","0","0","0","0","0","18","4877500","45","10","11094","151","11156","0","0","1652","1","1","9","9","63","45","1661","1653","0","0","18","860000","8","3000","56","0","0","0","0","0","0","0","0","0","0","0","0","9","432300","1652","1652","1652","272700","853000","3533700","24500","4413100","0","0","0","0","0","0","0","0","0","0","0","0","0","0","0"
"yune","track-a-comparison","luna_pinyin","key_sequence_process_with_context","cszysmsrsd","62","10","10","4747900","30","4714400","20","20","600","65","200","2400","6700","400","1800","65","0","50","10","13100","50","10","1400","10","0","50","150","10","200","65","209","0","0","10","7400","0","10","25500","20","0","0","0","0","10","10","209","18800","1688","75","881","3900","0","0","0","0","0","0","0","0","0","0","0","0","0","0","0","18","4598400","45","10","11094","151","11156","0","0","1652","1","1","9","9","63","45","1661","1653","0","0","18","733000","8","1900","56","0","0","0","0","0","0","0","0","0","0","0","0","9","358600","1652","1652","1652","214400","729500","3462100","22000","4215400","0","0","0","0","0","0","0","0","0","0","0","0","0","0","0"
"yune","track-a-comparison","luna_pinyin","key_sequence_process_with_context","cszysmsrsd","63","10","10","4722500","30","4690300","20","20","500","65","300","2400","6400","0","1500","65","0","50","10","13200","50","10","1300","10","0","50","150","10","200","65","209","0","0","10","7200","0","10","23900","20","0","0","0","0","10","10","209","34400","1688","75","881","3600","0","0","0","0","0","0","0","0","0","0","0","0","0","0","0","18","4579800","45","10","11094","151","11156","0","0","1652","1","1","9","9","63","45","1661","1653","0","0","18","714100","8","1900","56","0","0","0","0","0","0","0","0","0","0","0","0","9","370400","1652","1652","1652","215200","710800","3451500","21900","4188000","0","0","0","0","0","0","0","0","0","0","0","0","0","0","0"
"yune","track-a-comparison","luna_pinyin","key_sequence_process_with_context","cszysmsrsd","64","10","10","4784800","30","4714100","20","20","800","65","4500","16200","15700","200","1500","65","0","50","10","13400","50","10","1300","10","0","50","150","10","200","65","209","0","0","10","7400","0","10","24200","20","0","0","0","0","10","10","209","18400","1688","75","881","3000","0","0","0","0","0","0","0","0","0","0","0","0","0","0","0","18","4597900","45","10","11094","151","11156","0","0","1652","1","1","9","9","63","45","1661","1653","0","0","18","717000","8","1900","56","0","0","0","0","0","0","0","0","0","0","0","0","9","352300","1652","1652","1652","210800","714100","3479700","21800","4218500","0","0","0","0","0","0","0","0","0","0","0","0","0","0","0"
"yune","track-a-comparison","luna_pinyin","key_sequence_process_with_context","cszysmsrsd","65","10","10","4892700","30","4861300","20","20","800","65","300","2300","6400","500","1300","65","0","50","10","13200","50","10","1300","10","0","50","150","10","200","65","209","0","0","10","7000","0","10","23700","20","0","0","0","0","10","10","209","17000","1688","75","881","2800","0","0","0","0","0","0","0","0","0","0","0","0","0","0","0","18","4752000","45","10","11094","151","11156","0","0","1652","1","1","9","9","63","45","1661","1653","0","0","18","714300","8","2000","56","0","0","0","0","0","0","0","0","0","0","0","0","9","349300","1652","1652","1652","209100","711700","3645000","21700","4381500","0","0","0","0","0","0","0","0","0","0","0","0","0","0","0"
"yune","track-a-comparison","luna_pinyin","key_sequence_process_with_context","cszysmsrsd","66","10","10","4718300","30","4687500","20","20","700","65","100","2500","6300","200","1400","65","0","50","10","12900","50","10","1300","10","0","50","150","10","200","65","209","0","0","10","7200","0","10","23700","20","0","0","0","0","10","10","209","18500","1688","75","881","2900","0","0","0","0","0","0","0","0","0","0","0","0","0","0","0","18","4578700","45","10","11094","151","11156","0","0","1652","1","1","9","9","63","45","1661","1653","0","0","18","711900","8","1800","56","0","0","0","0","0","0","0","0","0","0","0","0","9","349700","1652","1652","1652","210700","709300","3474400","21400","4207200","0","0","0","0","0","0","0","0","0","0","0","0","0","0","0"
"yune","track-a-comparison","luna_pinyin","key_sequence_process_with_context","cszysmsrsd","67","10","10","4726900","30","4695600","20","20","500","65","300","2200","6100","400","1600","65","0","50","10","13100","50","10","1300","10","0","50","150","10","200","65","209","0","0","10","7000","0","10","23300","20","0","0","0","0","10","10","209","18100","1688","75","881","3800","0","0","0","0","0","0","0","0","0","0","0","0","0","0","0","18","4583800","45","10","11094","151","11156","0","0","1652","1","1","9","9","63","45","1661","1653","0","0","18","708700","8","1900","56","0","0","0","0","0","0","0","0","0","0","0","0","9","350600","1652","1652","1652","209500","705800","3481500","21500","4212400","0","0","0","0","0","0","0","0","0","0","0","0","0","0","0"
"yune","track-a-comparison","luna_pinyin","key_sequence_process_with_context","cszysmsrsd","68","10","10","4743400","30","4712700","20","20","700","65","200","2200","6200","400","1400","65","0","50","10","13300","50","10","1500","10","0","50","150","10","200","65","209","0","0","10","7100","0","10","24200","20","0","0","0","0","10","10","209","19100","1688","75","881","2500","0","0","0","0","0","0","0","0","0","0","0","0","0","0","0","18","4603000","45","10","11094","151","11156","0","0","1652","1","1","9","9","63","45","1661","1653","0","0","18","721100","8","1900","56","0","0","0","0","0","0","0","0","0","0","0","0","9","350900","1652","1652","1652","208800","718300","3487800","21600","4231100","0","0","0","0","0","0","0","0","0","0","0","0","0","0","0"
"yune","track-a-comparison","luna_pinyin","key_sequence_process_with_context","cszysmsrsd","69","10","10","4748800","30","4717600","20","20","500","65","300","2300","6300","200","1400","65","0","50","10","13000","50","10","1500","10","0","50","150","10","200","65","209","0","0","10","7400","0","10","23500","20","0","0","0","0","10","10","209","18700","1688","75","881","1700","0","0","0","0","0","0","0","0","0","0","0","0","0","0","0","18","4608300","45","10","11094","151","11156","0","0","1652","1","1","9","9","63","45","1661","1653","0","0","18","704200","8","1500","56","0","0","0","0","0","0","0","0","0","0","0","0","9","352700","1652","1652","1652","209400","701600","3508200","21500","4235300","0","0","0","0","0","0","0","0","0","0","0","0","0","0","0"
"yune","track-a-comparison","luna_pinyin","key_sequence_process_with_context","cszysmsrsd","70","10","10","4728000","30","4696500","20","20","700","65","300","2300","6200","200","1400","65","0","50","10","13100","50","10","1300","10","0","50","150","10","200","65","209","0","0","10","7500","0","10","24200","20","0","0","0","0","10","10","209","19500","1688","75","881","3800","0","0","0","0","0","0","0","0","0","0","0","0","0","0","0","18","4586700","45","10","11094","151","11156","0","0","1652","1","1","9","9","63","45","1661","1653","0","0","18","714700","8","1800","56","0","0","0","0","0","0","0","0","0","0","0","0","9","355300","1652","1652","1652","215400","712200","3473600","21700","4209300","0","0","0","0","0","0","0","0","0","0","0","0","0","0","0"
"yune","track-a-comparison","luna_pinyin","key_sequence_process_with_context","cszysmsrsd","71","10","10","4727000","30","4695400","20","20","800","65","200","2300","6200","0","1600","65","0","50","10","13400","50","10","1500","10","0","50","150","10","200","65","209","0","0","10","7100","0","10","23700","20","0","0","0","0","10","10","209","18800","1688","75","881","2900","0","0","0","0","0","0","0","0","0","0","0","0","0","0","0","18","4586600","45","10","11094","151","11156","0","0","1652","1","1","9","9","63","45","1661","1653","0","0","18","705300","8","1900","56","0","0","0","0","0","0","0","0","0","0","0","0","9","355500","1652","1652","1652","209300","702200","3483900","24100","4210000","0","0","0","0","0","0","0","0","0","0","0","0","0","0","0"
"yune","track-a-comparison","luna_pinyin","key_sequence_process_with_context","cszysmsrsd","72","10","10","4776500","30","4745300","20","20","700","65","200","2200","6500","200","1600","65","0","50","10","13600","50","10","1500","10","0","50","150","10","200","65","209","0","0","10","7100","0","10","23600","20","0","0","0","0","10","10","209","18500","1688","75","881","2200","0","0","0","0","0","0","0","0","0","0","0","0","0","0","0","18","4633600","45","10","11094","151","11156","0","0","1652","1","1","9","9","63","45","1661","1653","0","0","18","713900","8","1800","56","0","0","0","0","0","0","0","0","0","0","0","0","9","352300","1652","1652","1652","206600","711200","3524200","22100","4259300","0","0","0","0","0","0","0","0","0","0","0","0","0","0","0"
"yune","track-a-comparison","luna_pinyin","key_sequence_process_with_context","cszysmsrsd","73","10","10","4709100","30","4677300","20","20","800","65","500","2300","6300","200","1500","65","0","50","10","13100","50","10","1400","10","0","50","150","10","200","65","209","0","0","10","11800","0","10","23000","20","0","0","0","0","10","10","209","18500","1688","75","881","3100","0","0","0","0","0","0","0","0","0","0","0","0","0","0","0","18","4563800","45","10","11094","151","11156","0","0","1652","1","1","9","9","63","45","1661","1653","0","0","18","703700","8","1800","56","0","0","0","0","0","0","0","0","0","0","0","0","9","353200","1652","1652","1652","208900","701100","3464300","24300","4189800","0","0","0","0","0","0","0","0","0","0","0","0","0","0","0"
"yune","track-a-comparison","luna_pinyin","key_sequence_process_with_context","cszysmsrsd","74","10","10","4705800","30","4673400","20","20","900","65","400","2200","6600","200","1700","65","0","50","10","13300","50","10","1400","10","0","50","150","10","200","65","209","0","0","10","7400","0","10","23900","20","0","0","0","0","10","10","209","18300","1688","75","881","2700","0","0","0","0","0","0","0","0","0","0","0","0","0","0","0","18","4564400","45","10","11094","151","11156","0","0","1652","1","1","9","9","63","45","1661","1653","0","0","18","717900","8","1800","56","0","0","0","0","0","0","0","0","0","0","0","0","9","352700","1652","1652","1652","208900","715100","3449100","22300","4190900","0","0","0","0","0","0","0","0","0","0","0","0","0","0","0"
"yune","track-a-comparison","luna_pinyin","key_sequence_process_with_context","cszysmsrsd","75","10","10","4666000","30","4634200","20","20","800","65","400","2200","6400","200","1400","65","0","50","10","13200","50","10","1400","10","0","50","150","10","200","65","209","0","0","10","7100","0","10","23100","20","0","0","0","0","10","10","209","17900","1688","75","881","3400","0","0","0","0","0","0","0","0","0","0","0","0","0","0","0","18","4525000","45","10","11094","151","11156","0","0","1652","1","1","9","9","63","45","1661","1653","0","0","18","699700","8","1800","56","0","0","0","0","0","0","0","0","0","0","0","0","9","351100","1652","1652","1652","207800","697200","3431400","23200","4153500","0","0","0","0","0","0","0","0","0","0","0","0","0","0","0"
"yune","track-a-comparison","luna_pinyin","key_sequence_process_with_context","cszysmsrsd","76","10","10","4681600","30","4650400","20","20","600","65","200","2400","6300","200","1400","65","0","50","10","13300","50","10","1500","10","0","50","150","10","200","65","209","0","0","10","7000","0","10","22900","20","0","0","0","0","10","10","209","18200","1688","75","881","3200","0","0","0","0","0","0","0","0","0","0","0","0","0","0","0","18","4541600","45","10","11094","151","11156","0","0","1652","1","1","9","9","63","45","1661","1653","0","0","18","709000","8","1800","56","0","0","0","0","0","0","0","0","0","0","0","0","9","369400","1652","1652","1652","208400","706300","3419300","41500","4150900","0","0","0","0","0","0","0","0","0","0","0","0","0","0","0"
"yune","track-a-comparison","luna_pinyin","key_sequence_process_with_context","cszysmsrsd","77","10","10","4675800","30","4643900","20","20","700","65","300","2400","6400","200","1400","65","0","50","10","13000","50","10","1400","10","0","50","150","10","200","65","209","0","0","10","7100","0","10","23200","20","0","0","0","0","10","10","209","18800","1688","75","881","4300","0","0","0","0","0","0","0","0","0","0","0","0","0","0","0","18","4535700","45","10","11094","151","11156","0","0","1652","1","1","9","9","63","45","1661","1653","0","0","18","705300","8","1800","56","0","0","0","0","0","0","0","0","0","0","0","0","9","354700","1652","1652","1652","214200","702300","3432400","22000","4158000","0","0","0","0","0","0","0","0","0","0","0","0","0","0","0"
"yune","track-a-comparison","luna_pinyin","key_sequence_process_with_context","cszysmsrsd","78","10","10","4707600","30","4676500","20","20","700","65","300","2300","6100","0","1300","65","0","50","10","13100","50","10","1400","10","0","50","150","10","200","65","209","0","0","10","7100","0","10","22800","20","0","0","0","0","10","10","209","18500","1688","75","881","3000","0","0","0","0","0","0","0","0","0","0","0","0","0","0","0","18","4568000","45","10","11094","151","11156","0","0","1652","1","1","9","9","63","45","1661","1653","0","0","18","720500","8","1900","56","0","0","0","0","0","0","0","0","0","0","0","0","9","362900","1652","1652","1652","219200","717600","3442000","21900","4183400","0","0","0","0","0","0","0","0","0","0","0","0","0","0","0"
"yune","track-a-comparison","luna_pinyin","key_sequence_process_with_context","cszysmsrsd","79","10","10","4752300","30","4720400","20","20","600","65","400","2400","6400","100","1400","65","0","50","10","12600","50","10","1400","10","0","50","150","10","200","65","209","0","0","10","7300","0","10","27900","20","0","0","0","0","10","10","209","19500","1688","75","881","3600","0","0","0","0","0","0","0","0","0","0","0","0","0","0","0","18","4606900","45","10","11094","151","11156","0","0","1652","1","1","9","9","63","45","1661","1653","0","0","18","704400","8","1800","56","0","0","0","0","0","0","0","0","0","0","0","0","9","369700","1652","1652","1652","224500","701800","3491000","23900","4216100","0","0","0","0","0","0","0","0","0","0","0","0","0","0","0"
"yune","track-a-comparison","luna_pinyin","key_sequence_process_with_context","zybfshmsru","0","10","10","4684500","30","4652800","20","20","800","65","300","2300","5900","300","1500","65","0","50","10","13000","50","10","1200","10","0","50","150","10","200","65","209","0","0","10","7400","0","10","31200","20","0","0","0","0","10","10","209","18900","1348","75","833","3300","0","0","0","0","0","0","0","0","0","0","0","0","0","0","0","18","4536800","45","10","8778","89","8833","0","0","1311","1","1","9","9","63","45","1320","1312","0","0","18","565100","8","1900","56","0","0","0","0","0","0","0","0","0","0","0","0","9","317100","1311","1311","1311","188800","562600","3614400","19600","4200900","0","0","0","0","0","0","0","0","0","0","0","0","0","0","0"
"yune","track-a-comparison","luna_pinyin","key_sequence_process_with_context","zybfshmsru","1","10","10","4660800","30","4629400","20","20","800","65","400","2300","5700","100","1400","65","0","50","10","13200","50","10","1200","10","0","50","150","10","200","65","209","0","0","10","7200","0","10","30100","20","0","0","0","0","10","10","209","18100","1348","75","833","3100","0","0","0","0","0","0","0","0","0","0","0","0","0","0","0","18","4512700","45","10","8778","89","8833","0","0","1311","1","1","9","9","63","45","1320","1312","0","0","18","581900","8","1700","56","0","0","0","0","0","0","0","0","0","0","0","0","9","305300","1311","1311","1311","180200","579400","3586700","19500","4189200","0","0","0","0","0","0","0","0","0","0","0","0","0","0","0"
"yune","track-a-comparison","luna_pinyin","key_sequence_process_with_context","zybfshmsru","2","10","10","4673300","30","4641900","20","20","700","65","200","2200","6200","300","1400","65","0","50","10","13700","50","10","1100","10","0","50","150","10","200","65","209","0","0","10","7200","0","10","30900","20","0","0","0","0","10","10","209","17300","1348","75","833","3400","0","0","0","0","0","0","0","0","0","0","0","0","0","0","0","18","4523800","45","10","8778","89","8833","0","0","1311","1","1","9","9","63","45","1320","1312","0","0","18","580800","8","1800","56","0","0","0","0","0","0","0","0","0","0","0","0","9","303000","1311","1311","1311","177600","578400","3601900","19700","4203600","0","0","0","0","0","0","0","0","0","0","0","0","0","0","0"
"yune","track-a-comparison","luna_pinyin","key_sequence_process_with_context","zybfshmsru","3","10","10","4701200","30","4670100","20","20","300","65","400","2200","5800","200","1400","65","0","50","10","12900","50","10","1200","10","0","50","150","10","200","65","209","0","0","10","7100","0","10","29600","20","0","0","0","0","10","10","209","18100","1348","75","833","2700","0","0","0","0","0","0","0","0","0","0","0","0","0","0","0","18","4554700","45","10","8778","89","8833","0","0","1311","1","1","9","9","63","45","1320","1312","0","0","18","580500","8","1900","56","0","0","0","0","0","0","0","0","0","0","0","0","9","301600","1311","1311","1311","181800","578000","3634100","19600","4235600","0","0","0","0","0","0","0","0","0","0","0","0","0","0","0"
"yune","track-a-comparison","luna_pinyin","key_sequence_process_with_context","zybfshmsru","4","10","10","4669100","30","4638300","20","20","500","65","200","2300","6200","200","1500","65","0","50","10","13000","50","10","1400","10","0","50","150","10","200","65","209","0","0","10","7100","0","10","32000","20","0","0","0","0","10","10","209","17500","1348","75","833","3500","0","0","0","0","0","0","0","0","0","0","0","0","0","0","0","18","4519600","45","10","8778","89","8833","0","0","1311","1","1","9","9","63","45","1320","1312","0","0","18","583000","8","1800","56","0","0","0","0","0","0","0","0","0","0","0","0","9","301500","1311","1311","1311","179500","580700","3596800","19500","4200500","0","0","0","0","0","0","0","0","0","0","0","0","0","0","0"
"yune","track-a-comparison","luna_pinyin","key_sequence_process_with_context","zybfshmsru","5","10","10","4676100","30","4644500","20","20","800","65","300","2300","6100","200","1500","65","0","50","10","13400","50","10","1200","10","0","50","150","10","200","65","209","0","0","10","7100","0","10","30000","20","0","0","0","0","10","10","209","17100","1348","75","833","2600","0","0","0","0","0","0","0","0","0","0","0","0","0","0","0","18","4528900","45","10","8778","89","8833","0","0","1311","1","1","9","9","63","45","1320","1312","0","0","18","583900","8","1900","56","0","0","0","0","0","0","0","0","0","0","0","0","9","302000","1311","1311","1311","174100","581700","3604500","19800","4209200","0","0","0","0","0","0","0","0","0","0","0","0","0","0","0"
"yune","track-a-comparison","luna_pinyin","key_sequence_process_with_context","zybfshmsru","6","10","10","4694600","30","4663000","20","20","400","65","300","2100","6000","300","1400","65","0","50","10","12900","50","10","1300","10","0","50","150","10","200","65","209","0","0","10","7500","0","10","30900","20","0","0","0","0","10","10","209","18400","1348","75","833","3100","0","0","0","0","0","0","0","0","0","0","0","0","0","0","0","18","4545900","45","10","8778","89","8833","0","0","1311","1","1","9","9","63","45","1320","1312","0","0","18","582000","8","1700","56","0","0","0","0","0","0","0","0","0","0","0","0","9","319000","1311","1311","1311","198500","579900","3606300","19000","4209600","0","0","0","0","0","0","0","0","0","0","0","0","0","0","0"
"yune","track-a-comparison","luna_pinyin","key_sequence_process_with_context","zybfshmsru","7","10","10","4683600","30","4652300","20","20","500","65","300","2300","5900","100","1400","65","0","50","10","13200","50","10","1200","10","0","50","150","10","200","65","209","0","0","10","7300","0","10","29800","20","0","0","0","0","10","10","209","17700","1348","75","833","4100","0","0","0","0","0","0","0","0","0","0","0","0","0","0","0","18","4536500","45","10","8778","89","8833","0","0","1311","1","1","9","9","63","45","1320","1312","0","0","18","589200","8","1900","56","0","0","0","0","0","0","0","0","0","0","0","0","9","299400","1311","1311","1311","175800","586900","3605300","19500","4218600","0","0","0","0","0","0","0","0","0","0","0","0","0","0","0"
"yune","track-a-comparison","luna_pinyin","key_sequence_process_with_context","zybfshmsru","8","10","10","4653500","30","4622100","20","20","700","65","200","2300","6100","300","1300","65","0","50","10","13100","50","10","1400","10","0","50","150","10","200","65","209","0","0","10","7100","0","10","30500","20","0","0","0","0","10","10","209","18000","1348","75","833","2700","0","0","0","0","0","0","0","0","0","0","0","0","0","0","0","18","4506000","45","10","8778","89","8833","0","0","1311","1","1","9","9","63","45","1320","1312","0","0","18","579300","8","1800","56","0","0","0","0","0","0","0","0","0","0","0","0","9","299800","1311","1311","1311","178000","576900","3588000","19700","4188400","0","0","0","0","0","0","0","0","0","0","0","0","0","0","0"
"yune","track-a-comparison","luna_pinyin","key_sequence_process_with_context","zybfshmsru","9","10","10","4697000","30","4665500","20","20","500","65","200","2500","6000","100","1300","65","0","50","10","13300","50","10","1100","10","0","50","150","10","200","65","209","0","0","10","7900","0","10","30400","20","0","0","0","0","10","10","209","17300","1348","75","833","3200","0","0","0","0","0","0","0","0","0","0","0","0","0","0","0","18","4544800","45","10","8778","89","8833","0","0","1311","1","1","9","9","63","45","1320","1312","0","0","18","580300","8","1700","56","0","0","0","0","0","0","0","0","0","0","0","0","9","312900","1311","1311","1311","174600","578100","3612700","19500","4214400","0","0","0","0","0","0","0","0","0","0","0","0","0","0","0"
"yune","track-a-comparison","luna_pinyin","key_sequence_process_with_context","zybfshmsru","10","10","10","4766900","30","4732800","20","20","600","65","500","2200","6300","200","1300","65","0","50","10","13300","50","10","1300","10","0","50","150","10","200","65","209","0","0","10","8300","0","10","30800","20","0","0","0","0","10","10","209","18000","1348","75","833","2500","0","0","0","0","0","0","0","0","0","0","0","0","0","0","0","18","4609300","45","10","8778","89","8833","0","0","1311","1","1","9","9","63","45","1320","1312","0","0","18","585900","8","2400","56","0","0","0","0","0","0","0","0","0","0","0","0","9","306000","1311","1311","1311","181800","582900","3677700","19100","4284200","0","0","0","0","0","0","0","0","0","0","0","0","0","0","0"
"yune","track-a-comparison","luna_pinyin","key_sequence_process_with_context","zybfshmsru","11","10","10","4684900","30","4653300","20","20","800","65","400","2000","6000","300","1500","65","0","50","10","12900","50","10","1500","10","0","50","150","10","200","65","209","0","0","10","8100","0","10","29700","20","0","0","0","0","10","10","209","17000","1348","75","833","3300","0","0","0","0","0","0","0","0","0","0","0","0","0","0","0","18","4534300","45","10","8778","89","8833","0","0","1311","1","1","9","9","63","45","1320","1312","0","0","18","585900","8","2100","56","0","0","0","0","0","0","0","0","0","0","0","0","9","301100","1311","1311","1311","179000","583300","3608200","19600","4215100","0","0","0","0","0","0","0","0","0","0","0","0","0","0","0"
"yune","track-a-comparison","luna_pinyin","key_sequence_process_with_context","zybfshmsru","12","10","10","4658700","30","4627700","20","20","500","65","300","2400","6100","300","1500","65","0","50","10","12700","50","10","1400","10","0","50","150","10","200","65","209","0","0","10","7700","0","10","30800","20","0","0","0","0","10","10","209","17500","1348","75","833","4100","0","0","0","0","0","0","0","0","0","0","0","0","0","0","0","18","4508200","45","10","8778","89","8833","0","0","1311","1","1","9","9","63","45","1320","1312","0","0","18","576300","8","2000","56","0","0","0","0","0","0","0","0","0","0","0","0","9","298100","1311","1311","1311","176900","573800","3596000","19100","4192800","0","0","0","0","0","0","0","0","0","0","0","0","0","0","0"
"yune","track-a-comparison","luna_pinyin","key_sequence_process_with_context","zybfshmsru","13","10","10","4655400","30","4625000","20","20","300","65","400","2100","5900","200","1600","65","0","50","10","13100","50","10","1400","10","0","50","150","10","200","65","209","0","0","10","7800","0","10","30200","20","0","0","0","0","10","10","209","17800","1348","75","833","2800","0","0","0","0","0","0","0","0","0","0","0","0","0","0","0","18","4505600","45","10","8778","89","8833","0","0","1311","1","1","9","9","63","45","1320","1312","0","0","18","572400","8","1800","56","0","0","0","0","0","0","0","0","0","0","0","0","9","296000","1311","1311","1311","177300","570000","3599300","19100","4192500","0","0","0","0","0","0","0","0","0","0","0","0","0","0","0"
"yune","track-a-comparison","luna_pinyin","key_sequence_process_with_context","zybfshmsru","14","10","10","4644800","30","4614300","20","20","400","65","500","2400","6000","200","1300","65","0","50","10","13000","50","10","1200","10","0","50","150","10","200","65","209","0","0","10","8100","0","10","30000","20","0","0","0","0","10","10","209","17300","1348","75","833","2900","0","0","0","0","0","0","0","0","0","0","0","0","0","0","0","18","4491900","45","10","8778","89","8833","0","0","1311","1","1","9","9","63","45","1320","1312","0","0","18","573600","8","2000","56","0","0","0","0","0","0","0","0","0","0","0","0","9","297200","1311","1311","1311","177200","571300","3583100","19000","4177400","0","0","0","0","0","0","0","0","0","0","0","0","0","0","0"
"yune","track-a-comparison","luna_pinyin","key_sequence_process_with_context","zybfshmsru","15","10","10","4671200","30","4640100","20","20","300","65","800","2200","6100","100","1500","65","0","50","10","13100","50","10","1400","10","0","50","150","10","200","65","209","0","0","10","8100","0","10","29700","20","0","0","0","0","10","10","209","17800","1348","75","833","3400","0","0","0","0","0","0","0","0","0","0","0","0","0","0","0","18","4521500","45","10","8778","89","8833","0","0","1311","1","1","9","9","63","45","1320","1312","0","0","18","577000","8","2000","56","0","0","0","0","0","0","0","0","0","0","0","0","9","302800","1311","1311","1311","181100","574300","3603500","19400","4201100","0","0","0","0","0","0","0","0","0","0","0","0","0","0","0"
"yune","track-a-comparison","luna_pinyin","key_sequence_process_with_context","zybfshmsru","16","10","10","4656400","30","4624500","20","20","500","65","200","2400","6200","100","1500","65","0","50","10","13100","50","10","1500","10","0","50","150","10","200","65","209","0","0","10","8000","0","10","29800","20","0","0","0","0","10","10","209","16500","1348","75","833","3600","0","0","0","0","0","0","0","0","0","0","0","0","0","0","0","18","4505400","45","10","8778","89","8833","0","0","1311","1","1","9","9","63","45","1320","1312","0","0","18","576000","8","1900","56","0","0","0","0","0","0","0","0","0","0","0","0","9","300300","1311","1311","1311","176900","573800","3591400","19100","4187800","0","0","0","0","0","0","0","0","0","0","0","0","0","0","0"
"yune","track-a-comparison","luna_pinyin","key_sequence_process_with_context","zybfshmsru","17","10","10","4637300","30","4602500","20","20","500","65","200","2200","9400","600","1300","65","0","50","10","13200","50","10","1300","10","0","50","150","10","200","65","209","0","0","10","8100","0","10","29900","20","0","0","0","0","10","10","209","17000","1348","75","833","3000","0","0","0","0","0","0","0","0","0","0","0","0","0","0","0","18","4484500","45","10","8778","89","8833","0","0","1311","1","1","9","9","63","45","1320","1312","0","0","18","571400","8","1900","56","0","0","0","0","0","0","0","0","0","0","0","0","9","295100","1311","1311","1311","175300","568900","3580000","19200","4172000","0","0","0","0","0","0","0","0","0","0","0","0","0","0","0"
"yune","track-a-comparison","luna_pinyin","key_sequence_process_with_context","zybfshmsru","18","10","10","4662900","30","4632000","20","20","600","65","400","1900","5600","100","1500","65","0","50","10","26400","50","10","1200","10","0","50","150","10","200","65","209","0","0","10","8200","0","10","30900","20","0","0","0","0","10","10","209","18900","1348","75","833","2900","0","0","0","0","0","0","0","0","0","0","0","0","0","0","0","18","4512500","45","10","8778","89","8833","0","0","1311","1","1","9","9","63","45","1320","1312","0","0","18","577500","8","2000","56","0","0","0","0","0","0","0","0","0","0","0","0","9","298600","1311","1311","1311","177000","575100","3597500","19600","4195900","0","0","0","0","0","0","0","0","0","0","0","0","0","0","0"
"yune","track-a-comparison","luna_pinyin","key_sequence_process_with_context","zybfshmsru","19","10","10","4639000","30","4608400","20","20","500","65","600","2100","5700","300","1400","65","0","50","10","13200","50","10","1100","10","0","50","150","10","200","65","209","0","0","10","8100","0","10","31700","20","0","0","0","0","10","10","209","16700","1348","75","833","2600","0","0","0","0","0","0","0","0","0","0","0","0","0","0","0","18","4486100","45","10","8778","89","8833","0","0","1311","1","1","9","9","63","45","1320","1312","0","0","18","580300","8","1900","56","0","0","0","0","0","0","0","0","0","0","0","0","9","297600","1311","1311","1311","174000","577600","3570000","19100","4170600","0","0","0","0","0","0","0","0","0","0","0","0","0","0","0"
"yune","track-a-comparison","luna_pinyin","key_sequence_process_with_context","zybfshmsru","20","10","10","4655600","30","4624400","20","20","500","65","300","2000","5900","300","1400","65","0","50","10","13300","50","10","1400","10","0","50","150","10","200","65","209","0","0","10","8000","0","10","29500","20","0","0","0","0","10","10","209","17600","1348","75","833","2700","0","0","0","0","0","0","0","0","0","0","0","0","0","0","0","18","4506000","45","10","8778","89","8833","0","0","1311","1","1","9","9","63","45","1320","1312","0","0","18","576400","8","1900","56","0","0","0","0","0","0","0","0","0","0","0","0","9","297700","1311","1311","1311","175100","574000","3593800","19300","4190700","0","0","0","0","0","0","0","0","0","0","0","0","0","0","0"
"yune","track-a-comparison","luna_pinyin","key_sequence_process_with_context","zybfshmsru","21","10","10","4657900","30","4627500","20","20","400","65","700","2100","6000","200","1300","65","0","50","10","12700","50","10","1300","10","0","50","150","10","200","65","209","0","0","10","7900","0","10","30000","20","0","0","0","0","10","10","209","16500","1348","75","833","3300","0","0","0","0","0","0","0","0","0","0","0","0","0","0","0","18","4508500","45","10","8778","89","8833","0","0","1311","1","1","9","9","63","45","1320","1312","0","0","18","588600","8","2100","56","0","0","0","0","0","0","0","0","0","0","0","0","9","297800","1311","1311","1311","174500","585900","3583600","20700","4192500","0","0","0","0","0","0","0","0","0","0","0","0","0","0","0"
"yune","track-a-comparison","luna_pinyin","key_sequence_process_with_context","zybfshmsru","22","10","10","4656200","30","4625600","20","20","600","65","200","2100","6100","500","1300","65","0","50","10","12700","50","10","1100","10","0","50","150","10","200","65","209","0","0","10","7900","0","10","30500","20","0","0","0","0","10","10","209","16900","1348","75","833","2400","0","0","0","0","0","0","0","0","0","0","0","0","0","0","0","18","4506700","45","10","8778","89","8833","0","0","1311","1","1","9","9","63","45","1320","1312","0","0","18","578800","8","2000","56","0","0","0","0","0","0","0","0","0","0","0","0","9","298900","1311","1311","1311","177500","576200","3590700","19400","4189800","0","0","0","0","0","0","0","0","0","0","0","0","0","0","0"
"yune","track-a-comparison","luna_pinyin","key_sequence_process_with_context","zybfshmsru","23","10","10","4648500","30","4617900","20","20","400","65","300","2100","5900","100","1300","65","0","50","10","12900","50","10","1200","10","0","50","150","10","200","65","209","0","0","10","7900","0","10","29800","20","0","0","0","0","10","10","209","18800","1348","75","833","3100","0","0","0","0","0","0","0","0","0","0","0","0","0","0","0","18","4498200","45","10","8778","89","8833","0","0","1311","1","1","9","9","63","45","1320","1312","0","0","18","575100","8","2000","56","0","0","0","0","0","0","0","0","0","0","0","0","9","302000","1311","1311","1311","178600","572400","3580300","21100","4175600","0","0","0","0","0","0","0","0","0","0","0","0","0","0","0"
"yune","track-a-comparison","luna_pinyin","key_sequence_process_with_context","zybfshmsru","24","10","10","4632100","30","4601400","20","20","500","65","300","2100","5700","100","1500","65","0","50","10","12600","50","10","1100","10","0","50","150","10","200","65","209","0","0","10","7800","0","10","30800","20","0","0","0","0","10","10","209","18100","1348","75","833","2700","0","0","0","0","0","0","0","0","0","0","0","0","0","0","0","18","4481800","45","10","8778","89","8833","0","0","1311","1","1","9","9","63","45","1320","1312","0","0","18","574800","8","1600","56","0","0","0","0","0","0","0","0","0","0","0","0","9","295100","1311","1311","1311","173900","572500","3574200","19500","4169200","0","0","0","0","0","0","0","0","0","0","0","0","0","0","0"
"yune","track-a-comparison","luna_pinyin","key_sequence_process_with_context","zybfshmsru","25","10","10","4657600","30","4626800","20","20","600","65","300","2300","5900","300","1400","65","0","50","10","13100","50","10","1200","10","0","50","150","10","200","65","209","0","0","10","8000","0","10","30000","20","0","0","0","0","10","10","209","17300","1348","75","833","3200","0","0","0","0","0","0","0","0","0","0","0","0","0","0","0","18","4508700","45","10","8778","89","8833","0","0","1311","1","1","9","9","63","45","1320","1312","0","0","18","575300","8","1900","56","0","0","0","0","0","0","0","0","0","0","0","0","9","298900","1311","1311","1311","176600","572900","3596100","19300","4192100","0","0","0","0","0","0","0","0","0","0","0","0","0","0","0"
"yune","track-a-comparison","luna_pinyin","key_sequence_process_with_context","zybfshmsru","26","10","10","4655400","30","4624800","20","20","700","65","300","2200","5500","200","1200","65","0","50","10","13000","50","10","1300","10","0","50","150","10","200","65","209","0","0","10","8000","0","10","30700","20","0","0","0","0","10","10","209","17600","1348","75","833","3400","0","0","0","0","0","0","0","0","0","0","0","0","0","0","0","18","4505000","45","10","8778","89","8833","0","0","1311","1","1","9","9","63","45","1320","1312","0","0","18","586000","8","1800","56","0","0","0","0","0","0","0","0","0","0","0","0","9","296800","1311","1311","1311","177200","583800","3583900","19000","4190700","0","0","0","0","0","0","0","0","0","0","0","0","0","0","0"
"yune","track-a-comparison","luna_pinyin","key_sequence_process_with_context","zybfshmsru","27","10","10","4644200","30","4613800","20","20","400","65","100","2400","5800","100","1200","65","0","50","10","12800","50","10","1200","10","0","50","150","10","200","65","209","0","0","10","8100","0","10","30000","20","0","0","0","0","10","10","209","16400","1348","75","833","3800","0","0","0","0","0","0","0","0","0","0","0","0","0","0","0","18","4494800","45","10","8778","89","8833","0","0","1311","1","1","9","9","63","45","1320","1312","0","0","18","572200","8","1700","56","0","0","0","0","0","0","0","0","0","0","0","0","9","293000","1311","1311","1311","171000","569900","3591100","19500","4184100","0","0","0","0","0","0","0","0","0","0","0","0","0","0","0"
"yune","track-a-comparison","luna_pinyin","key_sequence_process_with_context","zybfshmsru","28","10","10","4663500","30","4633000","20","20","400","65","400","2200","6300","0","1500","65","0","50","10","13000","50","10","1400","10","0","50","150","10","200","65","209","0","0","10","8200","0","10","30700","20","0","0","0","0","10","10","209","17600","1348","75","833","3900","0","0","0","0","0","0","0","0","0","0","0","0","0","0","0","18","4513400","45","10","8778","89","8833","0","0","1311","1","1","9","9","63","45","1320","1312","0","0","18","575900","8","1900","56","0","0","0","0","0","0","0","0","0","0","0","0","9","299700","1311","1311","1311","177800","573600","3598900","19500","4196200","0","0","0","0","0","0","0","0","0","0","0","0","0","0","0"
"yune","track-a-comparison","luna_pinyin","key_sequence_process_with_context","zybfshmsru","29","10","10","4679600","30","4648800","20","20","400","65","200","2200","5700","100","1400","65","0","50","10","13000","50","10","1400","10","0","50","150","10","200","65","209","0","0","10","8000","0","10","29800","20","0","0","0","0","10","10","209","17900","1348","75","833","2100","0","0","0","0","0","0","0","0","0","0","0","0","0","0","0","18","4529300","45","10","8778","89","8833","0","0","1311","1","1","9","9","63","45","1320","1312","0","0","18","576400","8","1800","56","0","0","0","0","0","0","0","0","0","0","0","0","9","300900","1311","1311","1311","179200","574200","3613400","19400","4211000","0","0","0","0","0","0","0","0","0","0","0","0","0","0","0"
"yune","track-a-comparison","luna_pinyin","key_sequence_process_with_context","zybfshmsru","30","10","10","4719100","30","4688000","20","20","500","65","200","2100","5800","400","1300","65","0","50","10","13500","50","10","1400","10","0","50","150","10","200","65","209","0","0","10","8000","0","10","31700","20","0","0","0","0","10","10","209","17800","1348","75","833","3300","0","0","0","0","0","0","0","0","0","0","0","0","0","0","0","18","4566800","45","10","8778","89","8833","0","0","1311","1","1","9","9","63","45","1320","1312","0","0","18","591200","8","2000","56","0","0","0","0","0","0","0","0","0","0","0","0","9","300700","1311","1311","1311","177000","588400","3635200","19700","4247500","0","0","0","0","0","0","0","0","0","0","0","0","0","0","0"
"yune","track-a-comparison","luna_pinyin","key_sequence_process_with_context","zybfshmsru","31","10","10","4720300","30","4687300","20","20","800","65","300","2100","6400","200","1400","65","0","50","10","13300","50","10","1300","10","0","50","150","10","200","65","209","0","0","10","8100","0","10","29900","20","0","0","0","0","10","10","209","17500","1348","75","833","3200","0","0","0","0","0","0","0","0","0","0","0","0","0","0","0","18","4567300","45","10","8778","89","8833","0","0","1311","1","1","9","9","63","45","1320","1312","0","0","18","586300","8","1700","56","0","0","0","0","0","0","0","0","0","0","0","0","9","306000","1311","1311","1311","178300","584000","3635800","20200","4243800","0","0","0","0","0","0","0","0","0","0","0","0","0","0","0"
"yune","track-a-comparison","luna_pinyin","key_sequence_process_with_context","zybfshmsru","32","10","10","4643900","30","4612900","20","20","300","65","300","2200","6000","200","1500","65","0","50","10","13000","50","10","1000","10","0","50","150","10","200","65","209","0","0","10","8000","0","10","31100","20","0","0","0","0","10","10","209","17600","1348","75","833","2900","0","0","0","0","0","0","0","0","0","0","0","0","0","0","0","18","4492300","45","10","8778","89","8833","0","0","1311","1","1","9","9","63","45","1320","1312","0","0","18","574400","8","1800","56","0","0","0","0","0","0","0","0","0","0","0","0","9","295200","1311","1311","1311","170800","571800","3584700","19700","4179600","0","0","0","0","0","0","0","0","0","0","0","0","0","0","0"
"yune","track-a-comparison","luna_pinyin","key_sequence_process_with_context","zybfshmsru","33","10","10","4677900","30","4647400","20","20","400","65","100","2300","5800","300","1400","65","0","50","10","13000","50","10","1300","10","0","50","150","10","200","65","209","0","0","10","8200","0","10","30200","20","0","0","0","0","10","10","209","17600","1348","75","833","2700","0","0","0","0","0","0","0","0","0","0","0","0","0","0","0","18","4527600","45","10","8778","89","8833","0","0","1311","1","1","9","9","63","45","1320","1312","0","0","18","577900","8","1900","56","0","0","0","0","0","0","0","0","0","0","0","0","9","300600","1311","1311","1311","178800","575600","3611000","19600","4209400","0","0","0","0","0","0","0","0","0","0","0","0","0","0","0"
"yune","track-a-comparison","luna_pinyin","key_sequence_process_with_context","zybfshmsru","34","10","10","4655100","30","4623800","20","20","600","65","300","2300","6400","300","1300","65","0","50","10","13300","50","10","1500","10","0","50","150","10","200","65","209","0","0","10","7700","0","10","30600","20","0","0","0","0","10","10","209","16900","1348","75","833","2900","0","0","0","0","0","0","0","0","0","0","0","0","0","0","0","18","4504100","45","10","8778","89","8833","0","0","1311","1","1","9","9","63","45","1320","1312","0","0","18","580800","8","1900","56","0","0","0","0","0","0","0","0","0","0","0","0","9","295400","1311","1311","1311","172600","578400","3589900","19200","4191500","0","0","0","0","0","0","0","0","0","0","0","0","0","0","0"
"yune","track-a-comparison","luna_pinyin","key_sequence_process_with_context","zybfshmsru","35","10","10","4655400","30","4623900","20","20","700","65","300","2500","6400","200","1400","65","0","50","10","13200","50","10","1200","10","0","50","150","10","200","65","209","0","0","10","8000","0","10","29700","20","0","0","0","0","10","10","209","17400","1348","75","833","3600","0","0","0","0","0","0","0","0","0","0","0","0","0","0","0","18","4505300","45","10","8778","89","8833","0","0","1311","1","1","9","9","63","45","1320","1312","0","0","18","572000","8","1900","56","0","0","0","0","0","0","0","0","0","0","0","0","9","294800","1311","1311","1311","172200","569600","3600000","19300","4193100","0","0","0","0","0","0","0","0","0","0","0","0","0","0","0"
"yune","track-a-comparison","luna_pinyin","key_sequence_process_with_context","zybfshmsru","36","10","10","4671400","30","4640800","20","20","600","65","200","2200","5800","200","1200","65","0","50","10","13100","50","10","1500","10","0","50","150","10","200","65","209","0","0","10","8300","0","10","30800","20","0","0","0","0","10","10","209","16800","1348","75","833","3300","0","0","0","0","0","0","0","0","0","0","0","0","0","0","0","18","4521000","45","10","8778","89","8833","0","0","1311","1","1","9","9","63","45","1320","1312","0","0","18","573500","8","1800","56","0","0","0","0","0","0","0","0","0","0","0","0","9","297600","1311","1311","1311","177500","571200","3611900","19200","4206100","0","0","0","0","0","0","0","0","0","0","0","0","0","0","0"
"yune","track-a-comparison","luna_pinyin","key_sequence_process_with_context","zybfshmsru","37","10","10","4658600","30","4628000","20","20","400","65","300","2000","6300","400","1400","65","0","50","10","13000","50","10","1400","10","0","50","150","10","200","65","209","0","0","10","7900","0","10","29900","20","0","0","0","0","10","10","209","17700","1348","75","833","3000","0","0","0","0","0","0","0","0","0","0","0","0","0","0","0","18","4508400","45","10","8778","89","8833","0","0","1311","1","1","9","9","63","45","1320","1312","0","0","18","578500","8","1800","56","0","0","0","0","0","0","0","0","0","0","0","0","9","299300","1311","1311","1311","175100","575900","3592300","19300","4191700","0","0","0","0","0","0","0","0","0","0","0","0","0","0","0"
"yune","track-a-comparison","luna_pinyin","key_sequence_process_with_context","zybfshmsru","38","10","10","4666900","30","4636300","20","20","700","65","200","2100","5700","200","1500","65","0","50","10","13200","50","10","1400","10","0","50","150","10","200","65","209","0","0","10","8100","0","10","31600","20","0","0","0","0","10","10","209","17100","1348","75","833","3200","0","0","0","0","0","0","0","0","0","0","0","0","0","0","0","18","4499500","45","10","8778","89","8833","0","0","1311","1","1","9","9","63","45","1320","1312","0","0","18","573200","8","1700","56","0","0","0","0","0","0","0","0","0","0","0","0","9","296200","1311","1311","1311","173600","570900","3592300","19100","4186100","0","0","0","0","0","0","0","0","0","0","0","0","0","0","0"
"yune","track-a-comparison","luna_pinyin","key_sequence_process_with_context","zybfshmsru","39","10","10","4660800","30","4630400","20","20","500","65","400","2100","5800","100","1400","65","0","50","10","12800","50","10","1500","10","0","50","150","10","200","65","209","0","0","10","8100","0","10","30000","20","0","0","0","0","10","10","209","17100","1348","75","833","2900","0","0","0","0","0","0","0","0","0","0","0","0","0","0","0","18","4512100","45","10","8778","89","8833","0","0","1311","1","1","9","9","63","45","1320","1312","0","0","18","574800","8","1800","56","0","0","0","0","0","0","0","0","0","0","0","0","9","296600","1311","1311","1311","174800","572500","3602800","19400","4198100","0","0","0","0","0","0","0","0","0","0","0","0","0","0","0"
"yune","track-a-comparison","luna_pinyin","key_sequence_process_with_context","zybfshmsru","40","10","10","4665100","30","4633900","20","20","500","65","500","2300","6200","100","1500","65","0","50","10","13000","50","10","1500","10","0","50","150","10","200","65","209","0","0","10","8100","0","10","30600","20","0","0","0","0","10","10","209","18200","1348","75","833","2900","0","0","0","0","0","0","0","0","0","0","0","0","0","0","0","18","4515000","45","10","8778","89","8833","0","0","1311","1","1","9","9","63","45","1320","1312","0","0","18","578400","8","1900","56","0","0","0","0","0","0","0","0","0","0","0","0","9","317500","1311","1311","1311","176800","576100","3580300","40400","4180000","0","0","0","0","0","0","0","0","0","0","0","0","0","0","0"
"yune","track-a-comparison","luna_pinyin","key_sequence_process_with_context","zybfshmsru","41","10","10","4663500","30","4632600","20","20","400","65","400","2400","6400","400","1400","65","0","50","10","12800","50","10","1200","10","0","50","150","10","200","65","209","0","0","10","12700","0","10","29800","20","0","0","0","0","10","10","209","17300","1348","75","833","3100","0","0","0","0","0","0","0","0","0","0","0","0","0","0","0","18","4509100","45","10","8778","89","8833","0","0","1311","1","1","9","9","63","45","1320","1312","0","0","18","578800","8","1800","56","0","0","0","0","0","0","0","0","0","0","0","0","9","297100","1311","1311","1311","176200","576600","3594800","19500","4194800","0","0","0","0","0","0","0","0","0","0","0","0","0","0","0"
"yune","track-a-comparison","luna_pinyin","key_sequence_process_with_context","zybfshmsru","42","10","10","4654700","30","4622200","20","20","400","65","400","2100","6200","400","1500","65","0","50","10","13000","50","10","1300","10","0","50","150","10","200","65","209","0","0","10","8000","0","10","32700","20","0","0","0","0","10","10","209","16200","1348","75","833","3200","0","0","0","0","0","0","0","0","0","0","0","0","0","0","0","18","4501100","45","10","8778","89","8833","0","0","1311","1","1","9","9","63","45","1320","1312","0","0","18","577500","8","1900","56","0","0","0","0","0","0","0","0","0","0","0","0","9","297400","1311","1311","1311","172000","574900","3587400","21100","4185600","0","0","0","0","0","0","0","0","0","0","0","0","0","0","0"
"yune","track-a-comparison","luna_pinyin","key_sequence_process_with_context","zybfshmsru","43","10","10","4677500","30","4645300","20","20","300","65","400","2500","6300","200","1300","65","0","50","10","13000","50","10","1200","10","0","50","150","10","200","65","209","0","0","10","8200","0","10","31800","20","0","0","0","0","10","10","209","17900","1348","75","833","2600","0","0","0","0","0","0","0","0","0","0","0","0","0","0","0","18","4519900","45","10","8778","89","8833","0","0","1311","1","1","9","9","63","45","1320","1312","0","0","18","585600","8","1800","56","0","0","0","0","0","0","0","0","0","0","0","0","9","302700","1311","1311","1311","182300","582400","3592800","19600","4197700","0","0","0","0","0","0","0","0","0","0","0","0","0","0","0"
"yune","track-a-comparison","luna_pinyin","key_sequence_process_with_context","zybfshmsru","44","10","10","4662100","30","4631000","20","20","400","65","200","2200","6200","500","1300","65","0","50","10","13300","50","10","1200","10","0","50","150","10","200","65","209","0","0","10","7900","0","10","30800","20","0","0","0","0","10","10","209","17000","1348","75","833","2400","0","0","0","0","0","0","0","0","0","0","0","0","0","0","0","18","4511100","45","10","8778","89","8833","0","0","1311","1","1","9","9","63","45","1320","1312","0","0","18","574800","8","2000","56","0","0","0","0","0","0","0","0","0","0","0","0","9","299200","1311","1311","1311","179900","572300","3599000","19700","4194400","0","0","0","0","0","0","0","0","0","0","0","0","0","0","0"
"yune","track-a-comparison","luna_pinyin","key_sequence_process_with_context","zybfshmsru","45","10","10","4660500","30","4630100","20","20","700","65","200","2300","6000","100","1300","65","0","50","10","13000","50","10","1300","10","0","50","150","10","200","65","209","0","0","10","8100","0","10","29400","20","0","0","0","0","10","10","209","17900","1348","75","833","3800","0","0","0","0","0","0","0","0","0","0","0","0","0","0","0","18","4512300","45","10","8778","89","8833","0","0","1311","1","1","9","9","63","45","1320","1312","0","0","18","579300","8","1600","56","0","0","0","0","0","0","0","0","0","0","0","0","9","301000","1311","1311","1311","174700","577300","3593600","19100","4194100","0","0","0","0","0","0","0","0","0","0","0","0","0","0","0"
"yune","track-a-comparison","luna_pinyin","key_sequence_process_with_context","zybfshmsru","46","10","10","4722600","30","4691300","20","20","600","65","300","2500","6300","400","1500","65","0","50","10","13100","50","10","1500","10","0","50","150","10","200","65","209","0","0","10","11700","0","10","30800","20","0","0","0","0","10","10","209","17200","1348","75","833","2800","0","0","0","0","0","0","0","0","0","0","0","0","0","0","0","18","4568000","45","10","8778","89","8833","0","0","1311","1","1","9","9","63","45","1320","1312","0","0","18","579000","8","1900","56","0","0","0","0","0","0","0","0","0","0","0","0","9","298900","1311","1311","1311","177000","576700","3651200","18900","4251400","0","0","0","0","0","0","0","0","0","0","0","0","0","0","0"
"yune","track-a-comparison","luna_pinyin","key_sequence_process_with_context","zybfshmsru","47","10","10","4689300","30","4658200","20","20","700","65","100","2400","6000","100","1400","65","0","50","10","13700","50","10","1500","10","0","50","150","10","200","65","209","0","0","10","8000","0","10","29600","20","0","0","0","0","10","10","209","17600","1348","75","833","3400","0","0","0","0","0","0","0","0","0","0","0","0","0","0","0","18","4540000","45","10","8778","89","8833","0","0","1311","1","1","9","9","63","45","1320","1312","0","0","18","579200","8","1900","56","0","0","0","0","0","0","0","0","0","0","0","0","9","300200","1311","1311","1311","179300","576900","3621900","19600","4222300","0","0","0","0","0","0","0","0","0","0","0","0","0","0","0"
"yune","track-a-comparison","luna_pinyin","key_sequence_process_with_context","zybfshmsru","48","10","10","4688200","30","4657500","20","20","600","65","300","2100","6100","300","1400","65","0","50","10","13300","50","10","1300","10","0","50","150","10","200","65","209","0","0","10","7900","0","10","31100","20","0","0","0","0","10","10","209","16300","1348","75","833","3500","0","0","0","0","0","0","0","0","0","0","0","0","0","0","0","18","4538400","45","10","8778","89","8833","0","0","1311","1","1","9","9","63","45","1320","1312","0","0","18","577700","8","1600","56","0","0","0","0","0","0","0","0","0","0","0","0","9","296400","1311","1311","1311","173200","575500","3624900","19400","4223900","0","0","0","0","0","0","0","0","0","0","0","0","0","0","0"
"yune","track-a-comparison","luna_pinyin","key_sequence_process_with_context","zybfshmsru","49","10","10","4738200","30","4707400","20","20","400","65","100","2400","6100","0","1500","65","0","50","10","13300","50","10","1200","10","0","50","150","10","200","65","209","0","0","10","7800","0","10","29500","20","0","0","0","0","10","10","209","17700","1348","75","833","3100","0","0","0","0","0","0","0","0","0","0","0","0","0","0","0","18","4587500","45","10","8778","89","8833","0","0","1311","1","1","9","9","63","45","1320","1312","0","0","18","583900","8","1800","56","0","0","0","0","0","0","0","0","0","0","0","0","9","300700","1311","1311","1311","178400","581300","3661500","19800","4269000","0","0","0","0","0","0","0","0","0","0","0","0","0","0","0"
"yune","track-a-comparison","luna_pinyin","key_sequence_process_with_context","zybfshmsru","50","10","10","4798800","30","4767000","20","20","500","65","300","2200","6100","300","1200","65","0","50","10","13200","50","10","1300","10","0","50","150","10","200","65","209","0","0","10","8000","0","10","30700","20","0","0","0","0","10","10","209","17600","1348","75","833","2600","0","0","0","0","0","0","0","0","0","0","0","0","0","0","0","18","4620700","45","10","8778","89","8833","0","0","1311","1","1","9","9","63","45","1320","1312","0","0","18","607900","8","2100","56","0","0","0","0","0","0","0","0","0","0","0","0","9","306800","1311","1311","1311","183500","605400","3665400","20100","4294800","0","0","0","0","0","0","0","0","0","0","0","0","0","0","0"
"yune","track-a-comparison","luna_pinyin","key_sequence_process_with_context","zybfshmsru","51","10","10","4649600","30","4618800","20","20","500","65","400","2200","5800","100","1200","65","0","50","10","12800","50","10","1400","10","0","50","150","10","200","65","209","0","0","10","7900","0","10","29400","20","0","0","0","0","10","10","209","16800","1348","75","833","3300","0","0","0","0","0","0","0","0","0","0","0","0","0","0","0","18","4500300","45","10","8778","89","8833","0","0","1311","1","1","9","9","63","45","1320","1312","0","0","18","578800","8","1800","56","0","0","0","0","0","0","0","0","0","0","0","0","9","299400","1311","1311","1311","175800","576500","3583900","21500","4183200","0","0","0","0","0","0","0","0","0","0","0","0","0","0","0"
"yune","track-a-comparison","luna_pinyin","key_sequence_process_with_context","zybfshmsru","52","10","10","4656000","30","4625100","20","20","400","65","300","2000","5900","100","1300","65","0","50","10","13100","50","10","1100","10","0","50","150","10","200","65","209","0","0","10","7600","0","10","29700","20","0","0","0","0","10","10","209","18100","1348","75","833","3500","0","0","0","0","0","0","0","0","0","0","0","0","0","0","0","18","4506800","45","10","8778","89","8833","0","0","1311","1","1","9","9","63","45","1320","1312","0","0","18","580200","8","1800","56","0","0","0","0","0","0","0","0","0","0","0","0","9","295000","1311","1311","1311","173200","577800","3592700","19700","4194000","0","0","0","0","0","0","0","0","0","0","0","0","0","0","0"
"yune","track-a-comparison","luna_pinyin","key_sequence_process_with_context","zybfshmsru","53","10","10","4768300","30","4734400","20","20","400","65","500","2200","6800","200","1800","65","0","50","10","14800","50","10","1300","10","0","50","150","10","200","65","209","0","0","10","7500","0","10","29900","20","0","0","0","0","10","10","209","17300","1348","75","833","2900","0","0","0","0","0","0","0","0","0","0","0","0","0","0","0","18","4615300","45","10","8778","89","8833","0","0","1311","1","1","9","9","63","45","1320","1312","0","0","18","580400","8","1800","56","0","0","0","0","0","0","0","0","0","0","0","0","9","311300","1311","1311","1311","188800","578200","3684500","19100","4286500","0","0","0","0","0","0","0","0","0","0","0","0","0","0","0"
"yune","track-a-comparison","luna_pinyin","key_sequence_process_with_context","zybfshmsru","54","10","10","4645600","30","4615300","20","20","900","65","700","2000","6000","200","1500","65","0","50","10","13000","50","10","1200","10","0","50","150","10","200","65","209","0","0","10","7600","0","10","30000","20","0","0","0","0","10","10","209","18300","1348","75","833","3100","0","0","0","0","0","0","0","0","0","0","0","0","0","0","0","18","4498300","45","10","8778","89","8833","0","0","1311","1","1","9","9","63","45","1320","1312","0","0","18","577100","8","1800","56","0","0","0","0","0","0","0","0","0","0","0","0","9","299900","1311","1311","1311","177200","574800","3582900","19300","4180800","0","0","0","0","0","0","0","0","0","0","0","0","0","0","0"
"yune","track-a-comparison","luna_pinyin","key_sequence_process_with_context","zybfshmsru","55","10","10","4657300","30","4626400","20","20","500","65","100","2200","5700","100","1300","65","0","50","10","13100","50","10","1300","10","0","50","150","10","200","65","209","0","0","10","7400","0","10","30800","20","0","0","0","0","10","10","209","17500","1348","75","833","3700","0","0","0","0","0","0","0","0","0","0","0","0","0","0","0","18","4509100","45","10","8778","89","8833","0","0","1311","1","1","9","9","63","45","1320","1312","0","0","18","585800","8","1800","56","0","0","0","0","0","0","0","0","0","0","0","0","9","298700","1311","1311","1311","176600","583400","3585900","19900","4192800","0","0","0","0","0","0","0","0","0","0","0","0","0","0","0"
"yune","track-a-comparison","luna_pinyin","key_sequence_process_with_context","zybfshmsru","56","10","10","4657500","30","4626600","20","20","500","65","400","2200","5600","0","1500","65","0","50","10","12700","50","10","1400","10","0","50","150","10","200","65","209","0","0","10","7600","0","10","29600","20","0","0","0","0","10","10","209","17300","1348","75","833","2600","0","0","0","0","0","0","0","0","0","0","0","0","0","0","0","18","4511000","45","10","8778","89","8833","0","0","1311","1","1","9","9","63","45","1320","1312","0","0","18","576900","8","1900","56","0","0","0","0","0","0","0","0","0","0","0","0","9","296900","1311","1311","1311","174600","574700","3598400","19400","4196400","0","0","0","0","0","0","0","0","0","0","0","0","0","0","0"
"yune","track-a-comparison","luna_pinyin","key_sequence_process_with_context","zybfshmsru","57","10","10","4662800","30","4632100","20","20","400","65","100","2300","5900","100","1300","65","0","50","10","13000","50","10","1200","10","0","50","150","10","200","65","209","0","0","10","7400","0","10","29500","20","0","0","0","0","10","10","209","17100","1348","75","833","2000","0","0","0","0","0","0","0","0","0","0","0","0","0","0","0","18","4514500","45","10","8778","89","8833","0","0","1311","1","1","9","9","63","45","1320","1312","0","0","18","581900","8","1900","56","0","0","0","0","0","0","0","0","0","0","0","0","9","303900","1311","1311","1311","183100","579500","3589500","19800","4192200","0","0","0","0","0","0","0","0","0","0","0","0","0","0","0"
"yune","track-a-comparison","luna_pinyin","key_sequence_process_with_context","zybfshmsru","58","10","10","4664100","30","4632800","20","20","600","65","500","2300","6300","0","1400","65","0","50","10","13300","50","10","1400","10","0","50","150","10","200","65","209","0","0","10","7600","0","10","30800","20","0","0","0","0","10","10","209","17400","1348","75","833","2400","0","0","0","0","0","0","0","0","0","0","0","0","0","0","0","18","4514800","45","10","8778","89","8833","0","0","1311","1","1","9","9","63","45","1320","1312","0","0","18","583400","8","1900","56","0","0","0","0","0","0","0","0","0","0","0","0","9","300200","1311","1311","1311","178600","580600","3592600","20700","4196500","0","0","0","0","0","0","0","0","0","0","0","0","0","0","0"
"yune","track-a-comparison","luna_pinyin","key_sequence_process_with_context","zybfshmsru","59","10","10","4675500","30","4644300","20","20","500","65","400","2100","6000","200","1400","65","0","50","10","13300","50","10","1300","10","0","50","150","10","200","65","209","0","0","10","7500","0","10","29900","20","0","0","0","0","10","10","209","17400","1348","75","833","3200","0","0","0","0","0","0","0","0","0","0","0","0","0","0","0","18","4527700","45","10","8778","89","8833","0","0","1311","1","1","9","9","63","45","1320","1312","0","0","18","587900","8","1900","56","0","0","0","0","0","0","0","0","0","0","0","0","9","297100","1311","1311","1311","174200","585600","3604200","19500","4213300","0","0","0","0","0","0","0","0","0","0","0","0","0","0","0"
"yune","track-a-comparison","luna_pinyin","key_sequence_process_with_context","zybfshmsru","60","10","10","4664400","30","4622600","20","20","700","65","300","2100","6300","400","1300","65","0","50","10","12900","50","10","1300","10","0","50","150","10","200","65","209","0","0","10","7600","0","10","31100","20","0","0","0","0","10","10","209","17800","1348","75","833","3200","0","0","0","0","0","0","0","0","0","0","0","0","0","0","0","18","4503900","45","10","8778","89","8833","0","0","1311","1","1","9","9","63","45","1320","1312","0","0","18","579800","8","1900","56","0","0","0","0","0","0","0","0","0","0","0","0","9","299300","1311","1311","1311","174500","577300","3586800","20100","4187200","0","0","0","0","0","0","0","0","0","0","0","0","0","0","0"
"yune","track-a-comparison","luna_pinyin","key_sequence_process_with_context","zybfshmsru","61","10","10","4643600","30","4612400","20","20","600","65","300","2100","6200","200","1400","65","0","50","10","13200","50","10","1300","10","0","50","150","10","200","65","209","0","0","10","7600","0","10","29800","20","0","0","0","0","10","10","209","16600","1348","75","833","3600","0","0","0","0","0","0","0","0","0","0","0","0","0","0","0","18","4495500","45","10","8778","89","8833","0","0","1311","1","1","9","9","63","45","1320","1312","0","0","18","578200","8","1800","56","0","0","0","0","0","0","0","0","0","0","0","0","9","295100","1311","1311","1311","173100","575800","3583900","19700","4182900","0","0","0","0","0","0","0","0","0","0","0","0","0","0","0"
"yune","track-a-comparison","luna_pinyin","key_sequence_process_with_context","zybfshmsru","62","10","10","4652600","30","4620900","20","20","900","65","700","2200","6300","200","1500","65","0","50","10","13600","50","10","1200","10","0","50","150","10","200","65","209","0","0","10","7500","0","10","30400","20","0","0","0","0","10","10","209","16900","1348","75","833","3500","0","0","0","0","0","0","0","0","0","0","0","0","0","0","0","18","4502300","45","10","8778","89","8833","0","0","1311","1","1","9","9","63","45","1320","1312","0","0","18","573100","8","1700","56","0","0","0","0","0","0","0","0","0","0","0","0","9","299300","1311","1311","1311","178400","570800","3591300","19400","4184900","0","0","0","0","0","0","0","0","0","0","0","0","0","0","0"
"yune","track-a-comparison","luna_pinyin","key_sequence_process_with_context","zybfshmsru","63","10","10","4718500","30","4687700","20","20","500","65","100","2200","6000","300","1300","65","0","50","10","13100","50","10","1100","10","0","50","150","10","200","65","209","0","0","10","7300","0","10","29900","20","0","0","0","0","10","10","209","17400","1348","75","833","3000","0","0","0","0","0","0","0","0","0","0","0","0","0","0","0","18","4571500","45","10","8778","89","8833","0","0","1311","1","1","9","9","63","45","1320","1312","0","0","18","585100","8","1800","56","0","0","0","0","0","0","0","0","0","0","0","0","9","301800","1311","1311","1311","178200","582800","3646300","19800","4251700","0","0","0","0","0","0","0","0","0","0","0","0","0","0","0"
"yune","track-a-comparison","luna_pinyin","key_sequence_process_with_context","zybfshmsru","64","10","10","4664200","30","4633100","20","20","500","65","200","2300","6000","300","1200","65","0","50","10","13000","50","10","1300","10","0","50","150","10","200","65","209","0","0","10","7500","0","10","31400","20","0","0","0","0","10","10","209","17700","1348","75","833","2700","0","0","0","0","0","0","0","0","0","0","0","0","0","0","0","18","4515400","45","10","8778","89","8833","0","0","1311","1","1","9","9","63","45","1320","1312","0","0","18","583000","8","1700","56","0","0","0","0","0","0","0","0","0","0","0","0","9","298900","1311","1311","1311","177600","580600","3595000","19400","4199200","0","0","0","0","0","0","0","0","0","0","0","0","0","0","0"
"yune","track-a-comparison","luna_pinyin","key_sequence_process_with_context","zybfshmsru","65","10","10","4693000","30","4662400","20","20","500","65","200","2600","5900","200","1300","65","0","50","10","13100","50","10","1100","10","0","50","150","10","200","65","209","0","0","10","7500","0","10","30000","20","0","0","0","0","10","10","209","16900","1348","75","833","3200","0","0","0","0","0","0","0","0","0","0","0","0","0","0","0","18","4545300","45","10","8778","89","8833","0","0","1311","1","1","9","9","63","45","1320","1312","0","0","18","585400","8","1900","56","0","0","0","0","0","0","0","0","0","0","0","0","9","303400","1311","1311","1311","176700","582800","3618500","19300","4224500","0","0","0","0","0","0","0","0","0","0","0","0","0","0","0"
"yune","track-a-comparison","luna_pinyin","key_sequence_process_with_context","zybfshmsru","66","10","10","4737300","30","4706200","20","20","700","65","400","2300","6200","200","1400","65","0","50","10","13200","50","10","1400","10","0","50","150","10","200","65","209","0","0","10","7600","0","10","30800","20","0","0","0","0","10","10","209","17900","1348","75","833","3000","0","0","0","0","0","0","0","0","0","0","0","0","0","0","0","18","4583300","45","10","8778","89","8833","0","0","1311","1","1","9","9","63","45","1320","1312","0","0","18","587100","8","1900","56","0","0","0","0","0","0","0","0","0","0","0","0","9","329700","1311","1311","1311","206300","584800","3628300","19700","4236300","0","0","0","0","0","0","0","0","0","0","0","0","0","0","0"
"yune","track-a-comparison","luna_pinyin","key_sequence_process_with_context","zybfshmsru","67","10","10","4687500","30","4656300","20","20","800","65","300","2200","6300","100","1500","65","0","50","10","13200","50","10","1500","10","0","50","150","10","200","65","209","0","0","10","7500","0","10","30600","20","0","0","0","0","10","10","209","17700","1348","75","833","3100","0","0","0","0","0","0","0","0","0","0","0","0","0","0","0","18","4538100","45","10","8778","89","8833","0","0","1311","1","1","9","9","63","45","1320","1312","0","0","18","579700","8","1800","56","0","0","0","0","0","0","0","0","0","0","0","0","9","297700","1311","1311","1311","176500","577200","3620900","19400","4222800","0","0","0","0","0","0","0","0","0","0","0","0","0","0","0"
"yune","track-a-comparison","luna_pinyin","key_sequence_process_with_context","zybfshmsru","68","10","10","4692600","30","4661500","20","20","600","65","300","2200","6000","0","1400","65","0","50","10","13200","50","10","1200","10","0","50","150","10","200","65","209","0","0","10","7700","0","10","30100","20","0","0","0","0","10","10","209","16200","1348","75","833","4200","0","0","0","0","0","0","0","0","0","0","0","0","0","0","0","18","4539400","45","10","8778","89","8833","0","0","1311","1","1","9","9","63","45","1320","1312","0","0","18","578200","8","1900","56","0","0","0","0","0","0","0","0","0","0","0","0","9","300500","1311","1311","1311","177700","575800","3621400","19500","4221300","0","0","0","0","0","0","0","0","0","0","0","0","0","0","0"
"yune","track-a-comparison","luna_pinyin","key_sequence_process_with_context","zybfshmsru","69","10","10","4809400","30","4778200","20","20","400","65","200","2200","5800","400","1500","65","0","50","10","13800","50","10","1400","10","0","50","150","10","200","65","209","0","0","10","7600","0","10","30000","20","0","0","0","0","10","10","209","18000","1348","75","833","3100","0","0","0","0","0","0","0","0","0","0","0","0","0","0","0","18","4660800","45","10","8778","89","8833","0","0","1311","1","1","9","9","63","45","1320","1312","0","0","18","586800","8","1500","56","0","0","0","0","0","0","0","0","0","0","0","0","9","307200","1311","1311","1311","185800","584500","3726800","19700","4335800","0","0","0","0","0","0","0","0","0","0","0","0","0","0","0"
"yune","track-a-comparison","luna_pinyin","key_sequence_process_with_context","zybfshmsru","70","10","10","4726700","30","4695100","20","20","400","65","300","2200","5900","300","1300","65","0","50","10","13300","50","10","1300","10","0","50","150","10","200","65","209","0","0","10","7600","0","10","31800","20","0","0","0","0","10","10","209","18500","1348","75","833","3000","0","0","0","0","0","0","0","0","0","0","0","0","0","0","0","18","4575300","45","10","8778","89","8833","0","0","1311","1","1","9","9","63","45","1320","1312","0","0","18","591100","8","1700","56","0","0","0","0","0","0","0","0","0","0","0","0","9","306100","1311","1311","1311","180300","588600","3637000","20700","4251300","0","0","0","0","0","0","0","0","0","0","0","0","0","0","0"
"yune","track-a-comparison","luna_pinyin","key_sequence_process_with_context","zybfshmsru","71","10","10","4654400","30","4623700","20","20","500","65","200","2300","5800","200","1500","65","0","50","10","12900","50","10","1400","10","0","50","150","10","200","65","209","0","0","10","7500","0","10","30300","20","0","0","0","0","10","10","209","17100","1348","75","833","2500","0","0","0","0","0","0","0","0","0","0","0","0","0","0","0","18","4505500","45","10","8778","89","8833","0","0","1311","1","1","9","9","63","45","1320","1312","0","0","18","577800","8","1800","56","0","0","0","0","0","0","0","0","0","0","0","0","9","296500","1311","1311","1311","173900","575400","3592600","19300","4190700","0","0","0","0","0","0","0","0","0","0","0","0","0","0","0"
"yune","track-a-comparison","luna_pinyin","key_sequence_process_with_context","zybfshmsru","72","10","10","4657300","30","4626500","20","20","700","65","200","2300","6200","300","1300","65","0","50","10","13100","50","10","1400","10","0","50","150","10","200","65","209","0","0","10","7600","0","10","30400","20","0","0","0","0","10","10","209","17700","1348","75","833","3100","0","0","0","0","0","0","0","0","0","0","0","0","0","0","0","18","4509300","45","10","8778","89","8833","0","0","1311","1","1","9","9","63","45","1320","1312","0","0","18","572500","8","1700","56","0","0","0","0","0","0","0","0","0","0","0","0","9","296600","1311","1311","1311","173300","570200","3599600","21200","4195400","0","0","0","0","0","0","0","0","0","0","0","0","0","0","0"
"yune","track-a-comparison","luna_pinyin","key_sequence_process_with_context","zybfshmsru","73","10","10","4668500","30","4637700","20","20","600","65","200","2300","5800","0","1300","65","0","50","10","12700","50","10","1200","10","0","50","150","10","200","65","209","0","0","10","7600","0","10","29900","20","0","0","0","0","10","10","209","18700","1348","75","833","4300","0","0","0","0","0","0","0","0","0","0","0","0","0","0","0","18","4521100","45","10","8778","89","8833","0","0","1311","1","1","9","9","63","45","1320","1312","0","0","18","584700","8","1900","56","0","0","0","0","0","0","0","0","0","0","0","0","9","297500","1311","1311","1311","173200","582300","3600700","19400","4206000","0","0","0","0","0","0","0","0","0","0","0","0","0","0","0"
"yune","track-a-comparison","luna_pinyin","key_sequence_process_with_context","zybfshmsru","74","10","10","4644700","30","4607700","20","20","400","65","400","2400","7100","300","1900","65","0","50","10","14800","50","10","1300","10","0","50","150","10","200","65","209","0","0","10","7600","0","10","30700","20","0","0","0","0","10","10","209","17700","1348","75","833","3500","0","0","0","0","0","0","0","0","0","0","0","0","0","0","0","18","4490100","45","10","8778","89","8833","0","0","1311","1","1","9","9","63","45","1320","1312","0","0","18","573700","8","1700","56","0","0","0","0","0","0","0","0","0","0","0","0","9","299200","1311","1311","1311","176800","571500","3578800","19400","4173600","0","0","0","0","0","0","0","0","0","0","0","0","0","0","0"
"yune","track-a-comparison","luna_pinyin","key_sequence_process_with_context","zybfshmsru","75","10","10","4637000","30","4606100","20","20","600","65","100","2300","5800","300","1500","65","0","50","10","12900","50","10","1400","10","0","50","150","10","200","65","209","0","0","10","7300","0","10","30400","20","0","0","0","0","10","10","209","18000","1348","75","833","2900","0","0","0","0","0","0","0","0","0","0","0","0","0","0","0","18","4489500","45","10","8778","89","8833","0","0","1311","1","1","9","9","63","45","1320","1312","0","0","18","569100","8","1800","56","0","0","0","0","0","0","0","0","0","0","0","0","9","297100","1311","1311","1311","175200","566800","3585200","19300","4175100","0","0","0","0","0","0","0","0","0","0","0","0","0","0","0"
"yune","track-a-comparison","luna_pinyin","key_sequence_process_with_context","zybfshmsru","76","10","10","4657300","30","4626000","20","20","400","65","300","2200","6000","200","1200","65","0","50","10","12900","50","10","1300","10","0","50","150","10","200","65","209","0","0","10","7700","0","10","31000","20","0","0","0","0","10","10","209","17300","1348","75","833","3500","0","0","0","0","0","0","0","0","0","0","0","0","0","0","0","18","4508100","45","10","8778","89","8833","0","0","1311","1","1","9","9","63","45","1320","1312","0","0","18","592000","8","1700","56","0","0","0","0","0","0","0","0","0","0","0","0","9","297800","1311","1311","1311","174200","589600","3580300","19300","4193000","0","0","0","0","0","0","0","0","0","0","0","0","0","0","0"
"yune","track-a-comparison","luna_pinyin","key_sequence_process_with_context","zybfshmsru","77","10","10","4640600","30","4610300","20","20","600","65","800","2100","5800","500","1300","65","0","50","10","13100","50","10","1400","10","0","50","150","10","200","65","209","0","0","10","7600","0","10","29600","20","0","0","0","0","10","10","209","17900","1348","75","833","3300","0","0","0","0","0","0","0","0","0","0","0","0","0","0","0","18","4493600","45","10","8778","89","8833","0","0","1311","1","1","9","9","63","45","1320","1312","0","0","18","569600","8","2000","56","0","0","0","0","0","0","0","0","0","0","0","0","9","295600","1311","1311","1311","173700","567100","3590100","19500","4180100","0","0","0","0","0","0","0","0","0","0","0","0","0","0","0"
"yune","track-a-comparison","luna_pinyin","key_sequence_process_with_context","zybfshmsru","78","10","10","4643000","30","4612300","20","20","400","65","100","2200","5700","100","1300","65","0","50","10","12800","50","10","1300","10","0","50","150","10","200","65","209","0","0","10","7400","0","10","33200","20","0","0","0","0","10","10","209","17800","1348","75","833","3800","0","0","0","0","0","0","0","0","0","0","0","0","0","0","0","18","4492300","45","10","8778","89","8833","0","0","1311","1","1","9","9","63","45","1320","1312","0","0","18","575000","8","1800","56","0","0","0","0","0","0","0","0","0","0","0","0","9","297200","1311","1311","1311","172200","572900","3581500","19800","4177900","0","0","0","0","0","0","0","0","0","0","0","0","0","0","0"
"yune","track-a-comparison","luna_pinyin","key_sequence_process_with_context","zybfshmsru","79","10","10","4682400","30","4651400","20","20","400","65","400","2500","6100","200","1500","65","0","50","10","13000","50","10","1300","10","0","50","150","10","200","65","209","0","0","10","7500","0","10","31700","20","0","0","0","0","10","10","209","17100","1348","75","833","3200","0","0","0","0","0","0","0","0","0","0","0","0","0","0","0","18","4533700","45","10","8778","89","8833","0","0","1311","1","1","9","9","63","45","1320","1312","0","0","18","591500","8","1500","56","0","0","0","0","0","0","0","0","0","0","0","0","9","296300","1311","1311","1311","175200","589100","3607200","19500","4219500","0","0","0","0","0","0","0","0","0","0","0","0","0","0","0"
"yune","track-b-product","jyut6ping3_mobile","startup_warm_shared_assets_runtime_ready","","0","1","0","0","17","75700","0","0","0","0","600","11600","9400","300","1400","0","0","0","0","0","0","0","0","21","0","105","315","0","0","0","0","0","5","10","10600","0","0","0","0","0","0","10","0","0","0","10","3700","0","0","0","0","5","200","0","0","0","0","0","0","0","0","0","0","0","0","0","0","0","0","0","0","0","0","0","0","0","0","0","0","0","0","0","0","0","0","0","0","0","0","0","0","0","0","0","0","5","1900","0","0","0","0","0","0","0","0","0","0","0","0","0","0","0","0","0","0","0","0","0","0","0","0","3700","10","10600","0","0","0","0"
"yune","track-b-product","jyut6ping3_mobile","startup_warm_shared_assets_runtime_ready","","1","1","0","0","17","27200","0","0","0","0","700","3800","2000","800","900","0","0","0","0","0","0","0","0","21","0","105","315","0","0","0","0","0","5","10","4000","0","0","0","0","0","0","10","0","0","0","10","1100","0","0","0","0","5","200","0","0","0","0","0","0","0","0","0","0","0","0","0","0","0","0","0","0","0","0","0","0","0","0","0","0","0","0","0","0","0","0","0","0","0","0","0","0","0","0","0","0","5","700","0","0","0","0","0","0","0","0","0","0","0","0","0","0","0","0","0","0","0","0","0","0","0","0","1100","10","4000","0","0","0","0"
"yune","track-b-product","jyut6ping3_mobile","startup_warm_shared_assets_runtime_ready","","2","1","0","0","17","30800","0","0","0","0","200","4400","2300","900","300","0","0","0","0","0","0","0","0","21","0","105","315","0","0","0","0","0","5","10","5000","0","0","0","0","0","0","10","0","0","0","10","1100","0","0","0","0","5","300","0","0","0","0","0","0","0","0","0","0","0","0","0","0","0","0","0","0","0","0","0","0","0","0","0","0","0","0","0","0","0","0","0","0","0","0","0","0","0","0","0","0","5","400","0","0","0","0","0","0","0","0","0","0","0","0","0","0","0","0","0","0","0","0","0","0","0","0","1100","10","5000","0","0","0","0"
"yune","track-b-product","jyut6ping3_mobile","startup_warm_shared_assets_runtime_ready","","3","1","0","0","17","31300","0","0","0","0","400","3900","1900","500","1000","0","0","0","0","0","0","0","0","21","0","105","315","0","0","0","0","0","5","10","4500","0","0","0","0","0","0","10","0","0","0","10","1300","0","0","0","0","5","100","0","0","0","0","0","0","0","0","0","0","0","0","0","0","0","0","0","0","0","0","0","0","0","0","0","0","0","0","0","0","0","0","0","0","0","0","0","0","0","0","0","0","5","1100","0","0","0","0","0","0","0","0","0","0","0","0","0","0","0","0","0","0","0","0","0","0","0","0","1300","10","4500","0","0","0","0"
"yune","track-b-product","jyut6ping3_mobile","startup_warm_shared_assets_runtime_ready","","4","1","0","0","17","27100","0","0","0","0","500","4000","2000","400","1000","0","0","0","0","0","0","0","0","21","0","105","315","0","0","0","0","0","5","10","4600","0","0","0","0","0","0","10","0","0","0","10","1600","0","0","0","0","5","300","0","0","0","0","0","0","0","0","0","0","0","0","0","0","0","0","0","0","0","0","0","0","0","0","0","0","0","0","0","0","0","0","0","0","0","0","0","0","0","0","0","0","5","600","0","0","0","0","0","0","0","0","0","0","0","0","0","0","0","0","0","0","0","0","0","0","0","0","1600","10","4600","0","0","0","0"
"yune","track-b-product","jyut6ping3_mobile","startup_warm_shared_assets_runtime_ready","","5","1","0","0","17","26300","0","0","0","0","700","4100","2000","1000","1000","0","0","0","0","0","0","0","0","21","0","105","315","0","0","0","0","0","5","10","4500","0","0","0","0","0","0","10","0","0","0","10","1100","0","0","0","0","5","200","0","0","0","0","0","0","0","0","0","0","0","0","0","0","0","0","0","0","0","0","0","0","0","0","0","0","0","0","0","0","0","0","0","0","0","0","0","0","0","0","0","0","5","600","0","0","0","0","0","0","0","0","0","0","0","0","0","0","0","0","0","0","0","0","0","0","0","0","1100","10","4500","0","0","0","0"
"yune","track-b-product","jyut6ping3_mobile","startup_warm_shared_assets_runtime_ready","","6","1","0","0","17","27500","0","0","0","0","600","4100","2100","500","1500","0","0","0","0","0","0","0","0","21","0","105","315","0","0","0","0","0","5","10","4200","0","0","0","0","0","0","10","0","0","0","10","1000","0","0","0","0","5","200","0","0","0","0","0","0","0","0","0","0","0","0","0","0","0","0","0","0","0","0","0","0","0","0","0","0","0","0","0","0","0","0","0","0","0","0","0","0","0","0","0","0","5","600","0","0","0","0","0","0","0","0","0","0","0","0","0","0","0","0","0","0","0","0","0","0","0","0","1000","10","4200","0","0","0","0"
"yune","track-b-product","jyut6ping3_mobile","startup_warm_shared_assets_runtime_ready","","7","1","0","0","17","28100","0","0","0","0","700","3300","2800","500","700","0","0","0","0","0","0","0","0","21","0","105","315","0","0","0","0","0","5","10","4900","0","0","0","0","0","0","10","0","0","0","10","1500","0","0","0","0","5","400","0","0","0","0","0","0","0","0","0","0","0","0","0","0","0","0","0","0","0","0","0","0","0","0","0","0","0","0","0","0","0","0","0","0","0","0","0","0","0","0","0","0","5","700","0","0","0","0","0","0","0","0","0","0","0","0","0","0","0","0","0","0","0","0","0","0","0","0","1500","10","4900","0","0","0","0"
"yune","track-b-product","jyut6ping3_mobile","startup_warm_shared_assets_runtime_ready","","8","1","0","0","17","26900","0","0","0","0","500","3800","1800","400","800","0","0","0","0","0","0","0","0","21","0","105","315","0","0","0","0","0","5","10","4300","0","0","0","0","0","0","10","0","0","0","10","1500","0","0","0","0","5","300","0","0","0","0","0","0","0","0","0","0","0","0","0","0","0","0","0","0","0","0","0","0","0","0","0","0","0","0","0","0","0","0","0","0","0","0","0","0","0","0","0","0","5","700","0","0","0","0","0","0","0","0","0","0","0","0","0","0","0","0","0","0","0","0","0","0","0","0","1500","10","4300","0","0","0","0"
"yune","track-b-product","jyut6ping3_mobile","session_create_select_destroy","","0","1","0","0","17","26700","0","0","0","0","300","3300","2400","600","800","0","0","0","0","0","0","0","0","21","0","105","315","0","0","0","0","0","5","10","4600","0","0","0","0","0","0","10","0","0","0","10","1500","0","0","0","0","5","200","0","0","0","0","0","0","0","0","0","0","0","0","0","0","0","0","0","0","0","0","0","0","0","0","0","0","0","0","0","0","0","0","0","0","0","0","0","0","0","0","0","0","5","600","0","0","0","0","0","0","0","0","0","0","0","0","0","0","0","0","0","0","0","0","0","0","0","0","1500","10","4600","0","0","0","0"
"yune","track-b-product","jyut6ping3_mobile","session_create_select_destroy","","1","1","0","0","17","28900","0","0","0","0","700","3900","1900","600","900","0","0","0","0","0","0","0","0","21","0","105","315","0","0","0","0","0","5","10","5000","0","0","0","0","0","0","10","0","0","0","10","900","0","0","0","0","5","300","0","0","0","0","0","0","0","0","0","0","0","0","0","0","0","0","0","0","0","0","0","0","0","0","0","0","0","0","0","0","0","0","0","0","0","0","0","0","0","0","0","0","5","800","0","0","0","0","0","0","0","0","0","0","0","0","0","0","0","0","0","0","0","0","0","0","0","0","900","10","5000","0","0","0","0"
"yune","track-b-product","jyut6ping3_mobile","session_create_select_destroy","","2","1","0","0","17","24900","0","0","0","0","500","3100","1700","600","1000","0","0","0","0","0","0","0","0","21","0","105","315","0","0","0","0","0","5","10","4200","0","0","0","0","0","0","10","0","0","0","10","1300","0","0","0","0","5","100","0","0","0","0","0","0","0","0","0","0","0","0","0","0","0","0","0","0","0","0","0","0","0","0","0","0","0","0","0","0","0","0","0","0","0","0","0","0","0","0","0","0","5","800","0","0","0","0","0","0","0","0","0","0","0","0","0","0","0","0","0","0","0","0","0","0","0","0","1300","10","4200","0","0","0","0"
"yune","track-b-product","jyut6ping3_mobile","session_create_select_destroy","","3","1","0","0","17","26000","0","0","0","0","800","3400","1800","700","1000","0","0","0","0","0","0","0","0","21","0","105","315","0","0","0","0","0","5","10","4500","0","0","0","0","0","0","10","0","0","0","10","800","0","0","0","0","5","100","0","0","0","0","0","0","0","0","0","0","0","0","0","0","0","0","0","0","0","0","0","0","0","0","0","0","0","0","0","0","0","0","0","0","0","0","0","0","0","0","0","0","5","400","0","0","0","0","0","0","0","0","0","0","0","0","0","0","0","0","0","0","0","0","0","0","0","0","800","10","4500","0","0","0","0"
"yune","track-b-product","jyut6ping3_mobile","session_create_select_destroy","","4","1","0","0","17","25300","0","0","0","0","1000","3700","2100","700","800","0","0","0","0","0","0","0","0","21","0","105","315","0","0","0","0","0","5","10","4400","0","0","0","0","0","0","10","0","0","0","10","1400","0","0","0","0","5","0","0","0","0","0","0","0","0","0","0","0","0","0","0","0","0","0","0","0","0","0","0","0","0","0","0","0","0","0","0","0","0","0","0","0","0","0","0","0","0","0","0","0","5","500","0","0","0","0","0","0","0","0","0","0","0","0","0","0","0","0","0","0","0","0","0","0","0","0","1400","10","4400","0","0","0","0"
"yune","track-b-product","jyut6ping3_mobile","session_create_select_destroy","","5","1","0","0","17","27300","0","0","0","0","300","3200","2600","200","700","0","0","0","0","0","0","0","0","21","0","105","315","0","0","0","0","0","5","10","4700","0","0","0","0","0","0","10","0","0","0","10","1100","0","0","0","0","5","200","0","0","0","0","0","0","0","0","0","0","0","0","0","0","0","0","0","0","0","0","0","0","0","0","0","0","0","0","0","0","0","0","0","0","0","0","0","0","0","0","0","0","5","800","0","0","0","0","0","0","0","0","0","0","0","0","0","0","0","0","0","0","0","0","0","0","0","0","1100","10","4700","0","0","0","0"
"yune","track-b-product","jyut6ping3_mobile","session_create_select_destroy","","6","1","0","0","17","27200","0","0","0","0","600","3900","2000","300","900","0","0","0","0","0","0","0","0","21","0","105","315","0","0","0","0","0","5","10","4200","0","0","0","0","0","0","10","0","0","0","10","1800","0","0","0","0","5","400","0","0","0","0","0","0","0","0","0","0","0","0","0","0","0","0","0","0","0","0","0","0","0","0","0","0","0","0","0","0","0","0","0","0","0","0","0","0","0","0","0","0","5","600","0","0","0","0","0","0","0","0","0","0","0","0","0","0","0","0","0","0","0","0","0","0","0","0","1800","10","4200","0","0","0","0"
"yune","track-b-product","jyut6ping3_mobile","session_create_select_destroy","","7","1","0","0","17","38100","0","0","0","0","600","5500","1800","900","1300","0","0","0","0","0","0","0","0","21","0","105","315","0","0","0","0","0","5","10","5500","0","0","0","0","0","0","10","0","0","0","10","1500","0","0","0","0","5","300","0","0","0","0","0","0","0","0","0","0","0","0","0","0","0","0","0","0","0","0","0","0","0","0","0","0","0","0","0","0","0","0","0","0","0","0","0","0","0","0","0","0","5","600","0","0","0","0","0","0","0","0","0","0","0","0","0","0","0","0","0","0","0","0","0","0","0","0","1500","10","5500","0","0","0","0"
"yune","track-b-product","jyut6ping3_mobile","session_create_select_destroy","","8","1","0","0","17","26200","0","0","0","0","500","3800","2600","400","700","0","0","0","0","0","0","0","0","21","0","105","315","0","0","0","0","0","5","10","4800","0","0","0","0","0","0","10","0","0","0","10","1300","0","0","0","0","5","400","0","0","0","0","0","0","0","0","0","0","0","0","0","0","0","0","0","0","0","0","0","0","0","0","0","0","0","0","0","0","0","0","0","0","0","0","0","0","0","0","0","0","5","500","0","0","0","0","0","0","0","0","0","0","0","0","0","0","0","0","0","0","0","0","0","0","0","0","1300","10","4800","0","0","0","0"
"yune","track-b-product","jyut6ping3_mobile","session_create_select_destroy","","9","1","0","0","17","24000","0","0","0","0","600","3600","1800","500","700","0","0","0","0","0","0","0","0","21","0","105","315","0","0","0","0","0","5","10","4400","0","0","0","0","0","0","10","0","0","0","10","700","0","0","0","0","5","300","0","0","0","0","0","0","0","0","0","0","0","0","0","0","0","0","0","0","0","0","0","0","0","0","0","0","0","0","0","0","0","0","0","0","0","0","0","0","0","0","0","0","5","800","0","0","0","0","0","0","0","0","0","0","0","0","0","0","0","0","0","0","0","0","0","0","0","0","700","10","4400","0","0","0","0"
"yune","track-b-product","jyut6ping3_mobile","session_create_select_destroy","","10","1","0","0","17","24700","0","0","0","0","700","3700","1600","500","700","0","0","0","0","0","0","0","0","21","0","105","315","0","0","0","0","0","5","10","4000","0","0","0","0","0","0","10","0","0","0","10","1300","0","0","0","0","5","100","0","0","0","0","0","0","0","0","0","0","0","0","0","0","0","0","0","0","0","0","0","0","0","0","0","0","0","0","0","0","0","0","0","0","0","0","0","0","0","0","0","0","5","800","0","0","0","0","0","0","0","0","0","0","0","0","0","0","0","0","0","0","0","0","0","0","0","0","1300","10","4000","0","0","0","0"
"yune","track-b-product","jyut6ping3_mobile","session_create_select_destroy","","11","1","0","0","17","23800","0","0","0","0","600","3600","1800","500","700","0","0","0","0","0","0","0","0","21","0","105","315","0","0","0","0","0","5","10","4300","0","0","0","0","0","0","10","0","0","0","10","700","0","0","0","0","5","100","0","0","0","0","0","0","0","0","0","0","0","0","0","0","0","0","0","0","0","0","0","0","0","0","0","0","0","0","0","0","0","0","0","0","0","0","0","0","0","0","0","0","5","600","0","0","0","0","0","0","0","0","0","0","0","0","0","0","0","0","0","0","0","0","0","0","0","0","700","10","4300","0","0","0","0"
"yune","track-b-product","jyut6ping3_mobile","session_create_select_destroy","","12","1","0","0","17","25000","0","0","0","0","700","3900","2200","500","1000","0","0","0","0","0","0","0","0","21","0","105","315","0","0","0","0","0","5","10","4600","0","0","0","0","0","0","10","0","0","0","10","800","0","0","0","0","5","200","0","0","0","0","0","0","0","0","0","0","0","0","0","0","0","0","0","0","0","0","0","0","0","0","0","0","0","0","0","0","0","0","0","0","0","0","0","0","0","0","0","0","5","500","0","0","0","0","0","0","0","0","0","0","0","0","0","0","0","0","0","0","0","0","0","0","0","0","800","10","4600","0","0","0","0"
"yune","track-b-product","jyut6ping3_mobile","session_create_select_destroy","","13","1","0","0","17","28700","0","0","0","0","400","3300","1800","500","700","0","0","0","0","0","0","0","0","21","0","105","315","0","0","0","0","0","5","10","4900","0","0","0","0","0","0","10","0","0","0","10","1000","0","0","0","0","5","100","0","0","0","0","0","0","0","0","0","0","0","0","0","0","0","0","0","0","0","0","0","0","0","0","0","0","0","0","0","0","0","0","0","0","0","0","0","0","0","0","0","0","5","900","0","0","0","0","0","0","0","0","0","0","0","0","0","0","0","0","0","0","0","0","0","0","0","0","1000","10","4900","0","0","0","0"
"yune","track-b-product","jyut6ping3_mobile","session_create_select_destroy","","14","1","0","0","17","29300","0","0","0","0","900","4100","1900","600","1000","0","0","0","0","0","0","0","0","21","0","105","315","0","0","0","0","0","5","10","4900","0","0","0","0","0","0","10","0","0","0","10","1100","0","0","0","0","5","300","0","0","0","0","0","0","0","0","0","0","0","0","0","0","0","0","0","0","0","0","0","0","0","0","0","0","0","0","0","0","0","0","0","0","0","0","0","0","0","0","0","0","5","1000","0","0","0","0","0","0","0","0","0","0","0","0","0","0","0","0","0","0","0","0","0","0","0","0","1100","10","4900","0","0","0","0"
"yune","track-b-product","jyut6ping3_mobile","session_create_select_destroy","","15","1","0","0","17","30100","0","0","0","0","800","4700","1900","700","900","0","0","0","0","0","0","0","0","21","0","105","315","0","0","0","0","0","5","10","5100","0","0","0","0","0","0","10","0","0","0","10","1100","0","0","0","0","5","100","0","0","0","0","0","0","0","0","0","0","0","0","0","0","0","0","0","0","0","0","0","0","0","0","0","0","0","0","0","0","0","0","0","0","0","0","0","0","0","0","0","0","5","600","0","0","0","0","0","0","0","0","0","0","0","0","0","0","0","0","0","0","0","0","0","0","0","0","1100","10","5100","0","0","0","0"
"yune","track-b-product","jyut6ping3_mobile","session_create_select_destroy","","16","1","0","0","17","34000","0","0","0","0","500","4700","1900","900","900","0","0","0","0","0","0","0","0","21","0","105","315","0","0","0","0","0","5","10","5200","0","0","0","0","0","0","10","0","0","0","10","1400","0","0","0","0","5","300","0","0","0","0","0","0","0","0","0","0","0","0","0","0","0","0","0","0","0","0","0","0","0","0","0","0","0","0","0","0","0","0","0","0","0","0","0","0","0","0","0","0","5","1100","0","0","0","0","0","0","0","0","0","0","0","0","0","0","0","0","0","0","0","0","0","0","0","0","1400","10","5200","0","0","0","0"
"yune","track-b-product","jyut6ping3_mobile","session_create_select_destroy","","17","1","0","0","17","34500","0","0","0","0","200","6000","3300","600","700","0","0","0","0","0","0","0","0","21","0","105","315","0","0","0","0","0","5","10","5300","0","0","0","0","0","0","10","0","0","0","10","1200","0","0","0","0","5","100","0","0","0","0","0","0","0","0","0","0","0","0","0","0","0","0","0","0","0","0","0","0","0","0","0","0","0","0","0","0","0","0","0","0","0","0","0","0","0","0","0","0","5","600","0","0","0","0","0","0","0","0","0","0","0","0","0","0","0","0","0","0","0","0","0","0","0","0","1200","10","5300","0","0","0","0"
"yune","track-b-product","jyut6ping3_mobile","session_create_select_destroy","","18","1","0","0","17","25900","0","0","0","0","900","5200","2300","300","1900","0","0","0","0","0","0","0","0","21","0","105","315","0","0","0","0","0","5","10","5000","0","0","0","0","0","0","10","0","0","0","10","1100","0","0","0","0","5","0","0","0","0","0","0","0","0","0","0","0","0","0","0","0","0","0","0","0","0","0","0","0","0","0","0","0","0","0","0","0","0","0","0","0","0","0","0","0","0","0","0","0","5","600","0","0","0","0","0","0","0","0","0","0","0","0","0","0","0","0","0","0","0","0","0","0","0","0","1100","10","5000","0","0","0","0"
"yune","track-b-product","jyut6ping3_mobile","session_create_select_destroy","","19","1","0","0","17","25700","0","0","0","0","700","3300","2200","200","900","0","0","0","0","0","0","0","0","21","0","105","315","0","0","0","0","0","5","10","4400","0","0","0","0","0","0","10","0","0","0","10","900","0","0","0","0","5","300","0","0","0","0","0","0","0","0","0","0","0","0","0","0","0","0","0","0","0","0","0","0","0","0","0","0","0","0","0","0","0","0","0","0","0","0","0","0","0","0","0","0","5","700","0","0","0","0","0","0","0","0","0","0","0","0","0","0","0","0","0","0","0","0","0","0","0","0","900","10","4400","0","0","0","0"
"yune","track-b-product","jyut6ping3_mobile","session_create_select_destroy","","20","1","0","0","17","27400","0","0","0","0","400","3900","2100","300","1200","0","0","0","0","0","0","0","0","21","0","105","315","0","0","0","0","0","5","10","4400","0","0","0","0","0","0","10","0","0","0","10","1000","0","0","0","0","5","300","0","0","0","0","0","0","0","0","0","0","0","0","0","0","0","0","0","0","0","0","0","0","0","0","0","0","0","0","0","0","0","0","0","0","0","0","0","0","0","0","0","0","5","800","0","0","0","0","0","0","0","0","0","0","0","0","0","0","0","0","0","0","0","0","0","0","0","0","1000","10","4400","0","0","0","0"
"yune","track-b-product","jyut6ping3_mobile","session_create_select_destroy","","21","1","0","0","17","26200","0","0","0","0","300","3900","1200","400","600","0","0","0","0","0","0","0","0","21","0","105","315","0","0","0","0","0","5","10","4400","0","0","0","0","0","0","10","0","0","0","10","900","0","0","0","0","5","200","0","0","0","0","0","0","0","0","0","0","0","0","0","0","0","0","0","0","0","0","0","0","0","0","0","0","0","0","0","0","0","0","0","0","0","0","0","0","0","0","0","0","5","900","0","0","0","0","0","0","0","0","0","0","0","0","0","0","0","0","0","0","0","0","0","0","0","0","900","10","4400","0","0","0","0"
"yune","track-b-product","jyut6ping3_mobile","session_create_select_destroy","","22","1","0","0","17","25600","0","0","0","0","800","3700","1900","500","700","0","0","0","0","0","0","0","0","21","0","105","315","0","0","0","0","0","5","10","4500","0","0","0","0","0","0","10","0","0","0","10","1000","0","0","0","0","5","200","0","0","0","0","0","0","0","0","0","0","0","0","0","0","0","0","0","0","0","0","0","0","0","0","0","0","0","0","0","0","0","0","0","0","0","0","0","0","0","0","0","0","5","900","0","0","0","0","0","0","0","0","0","0","0","0","0","0","0","0","0","0","0","0","0","0","0","0","1000","10","4500","0","0","0","0"
"yune","track-b-product","jyut6ping3_mobile","session_create_select_destroy","","23","1","0","0","17","30100","0","0","0","0","600","4700","1800","800","900","0","0","0","0","0","0","0","0","21","0","105","315","0","0","0","0","0","5","10","5100","0","0","0","0","0","0","10","0","0","0","10","1300","0","0","0","0","5","200","0","0","0","0","0","0","0","0","0","0","0","0","0","0","0","0","0","0","0","0","0","0","0","0","0","0","0","0","0","0","0","0","0","0","0","0","0","0","0","0","0","0","5","800","0","0","0","0","0","0","0","0","0","0","0","0","0","0","0","0","0","0","0","0","0","0","0","0","1300","10","5100","0","0","0","0"
"yune","track-b-product","jyut6ping3_mobile","session_create_select_destroy","","24","1","0","0","17","28300","0","0","0","0","500","4600","2100","200","1300","0","0","0","0","0","0","0","0","21","0","105","315","0","0","0","0","0","5","10","4400","0","0","0","0","0","0","10","0","0","0","10","1300","0","0","0","0","5","100","0","0","0","0","0","0","0","0","0","0","0","0","0","0","0","0","0","0","0","0","0","0","0","0","0","0","0","0","0","0","0","0","0","0","0","0","0","0","0","0","0","0","5","1000","0","0","0","0","0","0","0","0","0","0","0","0","0","0","0","0","0","0","0","0","0","0","0","0","1300","10","4400","0","0","0","0"
"yune","track-b-product","jyut6ping3_mobile","session_create_select_destroy","","25","1","0","0","17","30700","0","0","0","0","700","3900","2100","800","600","0","0","0","0","0","0","0","0","21","0","105","315","0","0","0","0","0","5","10","5300","0","0","0","0","0","0","10","0","0","0","10","1500","0","0","0","0","5","400","0","0","0","0","0","0","0","0","0","0","0","0","0","0","0","0","0","0","0","0","0","0","0","0","0","0","0","0","0","0","0","0","0","0","0","0","0","0","0","0","0","0","5","900","0","0","0","0","0","0","0","0","0","0","0","0","0","0","0","0","0","0","0","0","0","0","0","0","1500","10","5300","0","0","0","0"
"yune","track-b-product","jyut6ping3_mobile","session_create_select_destroy","","26","1","0","0","17","28100","0","0","0","0","300","3600","2300","500","900","0","0","0","0","0","0","0","0","21","0","105","315","0","0","0","0","0","5","10","3800","0","0","0","0","0","0","10","0","0","0","10","1500","0","0","0","0","5","400","0","0","0","0","0","0","0","0","0","0","0","0","0","0","0","0","0","0","0","0","0","0","0","0","0","0","0","0","0","0","0","0","0","0","0","0","0","0","0","0","0","0","5","600","0","0","0","0","0","0","0","0","0","0","0","0","0","0","0","0","0","0","0","0","0","0","0","0","1500","10","3800","0","0","0","0"
"yune","track-b-product","jyut6ping3_mobile","session_create_select_destroy","","27","1","0","0","17","31200","0","0","0","0","500","4800","2400","300","800","0","0","0","0","0","0","0","0","21","0","105","315","0","0","0","0","0","5","10","5300","0","0","0","0","0","0","10","0","0","0","10","1700","0","0","0","0","5","400","0","0","0","0","0","0","0","0","0","0","0","0","0","0","0","0","0","0","0","0","0","0","0","0","0","0","0","0","0","0","0","0","0","0","0","0","0","0","0","0","0","0","5","1100","0","0","0","0","0","0","0","0","0","0","0","0","0","0","0","0","0","0","0","0","0","0","0","0","1700","10","5300","0","0","0","0"
"yune","track-b-product","jyut6ping3_mobile","session_create_select_destroy","","28","1","0","0","17","30800","0","0","0","0","900","4000","1900","700","600","0","0","0","0","0","0","0","0","21","0","105","315","0","0","0","0","0","5","10","5200","0","0","0","0","0","0","10","0","0","0","10","1400","0","0","0","0","5","200","0","0","0","0","0","0","0","0","0","0","0","0","0","0","0","0","0","0","0","0","0","0","0","0","0","0","0","0","0","0","0","0","0","0","0","0","0","0","0","0","0","0","5","600","0","0","0","0","0","0","0","0","0","0","0","0","0","0","0","0","0","0","0","0","0","0","0","0","1400","10","5200","0","0","0","0"
"yune","track-b-product","jyut6ping3_mobile","session_create_select_destroy","","29","1","0","0","17","27400","0","0","0","0","100","3200","3000","100","600","0","0","0","0","0","0","0","0","21","0","105","315","0","0","0","0","0","5","10","4500","0","0","0","0","0","0","10","0","0","0","10","1200","0","0","0","0","5","300","0","0","0","0","0","0","0","0","0","0","0","0","0","0","0","0","0","0","0","0","0","0","0","0","0","0","0","0","0","0","0","0","0","0","0","0","0","0","0","0","0","0","5","800","0","0","0","0","0","0","0","0","0","0","0","0","0","0","0","0","0","0","0","0","0","0","0","0","1200","10","4500","0","0","0","0"
"yune","track-b-product","jyut6ping3_mobile","session_create_select_destroy","","30","1","0","0","17","24500","0","0","0","0","500","3600","1900","600","600","0","0","0","0","0","0","0","0","21","0","105","315","0","0","0","0","0","5","10","3600","0","0","0","0","0","0","10","0","0","0","10","1200","0","0","0","0","5","600","0","0","0","0","0","0","0","0","0","0","0","0","0","0","0","0","0","0","0","0","0","0","0","0","0","0","0","0","0","0","0","0","0","0","0","0","0","0","0","0","0","0","5","500","0","0","0","0","0","0","0","0","0","0","0","0","0","0","0","0","0","0","0","0","0","0","0","0","1200","10","3600","0","0","0","0"
"yune","track-b-product","jyut6ping3_mobile","session_create_select_destroy","","31","1","0","0","17","25200","0","0","0","0","300","2900","2200","500","300","0","0","0","0","0","0","0","0","21","0","105","315","0","0","0","0","0","5","10","3800","0","0","0","0","0","0","10","0","0","0","10","1100","0","0","0","0","5","500","0","0","0","0","0","0","0","0","0","0","0","0","0","0","0","0","0","0","0","0","0","0","0","0","0","0","0","0","0","0","0","0","0","0","0","0","0","0","0","0","0","0","5","700","0","0","0","0","0","0","0","0","0","0","0","0","0","0","0","0","0","0","0","0","0","0","0","0","1100","10","3800","0","0","0","0"
"yune","track-b-product","jyut6ping3_mobile","session_create_select_destroy","","32","1","0","0","17","24800","0","0","0","0","400","4300","2500","200","1000","0","0","0","0","0","0","0","0","21","0","105","315","0","0","0","0","0","5","10","4200","0","0","0","0","0","0","10","0","0","0","10","1000","0","0","0","0","5","200","0","0","0","0","0","0","0","0","0","0","0","0","0","0","0","0","0","0","0","0","0","0","0","0","0","0","0","0","0","0","0","0","0","0","0","0","0","0","0","0","0","0","5","800","0","0","0","0","0","0","0","0","0","0","0","0","0","0","0","0","0","0","0","0","0","0","0","0","1000","10","4200","0","0","0","0"
"yune","track-b-product","jyut6ping3_mobile","session_create_select_destroy","","33","1","0","0","17","26500","0","0","0","0","500","4400","2000","900","400","0","0","0","0","0","0","0","0","21","0","105","315","0","0","0","0","0","5","10","5100","0","0","0","0","0","0","10","0","0","0","10","1200","0","0","0","0","5","300","0","0","0","0","0","0","0","0","0","0","0","0","0","0","0","0","0","0","0","0","0","0","0","0","0","0","0","0","0","0","0","0","0","0","0","0","0","0","0","0","0","0","5","600","0","0","0","0","0","0","0","0","0","0","0","0","0","0","0","0","0","0","0","0","0","0","0","0","1200","10","5100","0","0","0","0"
"yune","track-b-product","jyut6ping3_mobile","session_create_select_destroy","","34","1","0","0","17","24900","0","0","0","0","200","4400","1900","500","800","0","0","0","0","0","0","0","0","21","0","105","315","0","0","0","0","0","5","10","5000","0","0","0","0","0","0","10","0","0","0","10","1000","0","0","0","0","5","300","0","0","0","0","0","0","0","0","0","0","0","0","0","0","0","0","0","0","0","0","0","0","0","0","0","0","0","0","0","0","0","0","0","0","0","0","0","0","0","0","0","0","5","300","0","0","0","0","0","0","0","0","0","0","0","0","0","0","0","0","0","0","0","0","0","0","0","0","1000","10","5000","0","0","0","0"
"yune","track-b-product","jyut6ping3_mobile","session_create_select_destroy","","35","1","0","0","17","25300","0","0","0","0","500","3600","1800","700","800","0","0","0","0","0","0","0","0","21","0","105","315","0","0","0","0","0","5","10","4700","0","0","0","0","0","0","10","0","0","0","10","1200","0","0","0","0","5","200","0","0","0","0","0","0","0","0","0","0","0","0","0","0","0","0","0","0","0","0","0","0","0","0","0","0","0","0","0","0","0","0","0","0","0","0","0","0","0","0","0","0","5","500","0","0","0","0","0","0","0","0","0","0","0","0","0","0","0","0","0","0","0","0","0","0","0","0","1200","10","4700","0","0","0","0"
"yune","track-b-product","jyut6ping3_mobile","session_create_select_destroy","","36","1","0","0","17","27700","0","0","0","0","700","4400","2100","300","1000","0","0","0","0","0","0","0","0","21","0","105","315","0","0","0","0","0","5","10","4100","0","0","0","0","0","0","10","0","0","0","10","1500","0","0","0","0","5","300","0","0","0","0","0","0","0","0","0","0","0","0","0","0","0","0","0","0","0","0","0","0","0","0","0","0","0","0","0","0","0","0","0","0","0","0","0","0","0","0","0","0","5","500","0","0","0","0","0","0","0","0","0","0","0","0","0","0","0","0","0","0","0","0","0","0","0","0","1500","10","4100","0","0","0","0"
"yune","track-b-product","jyut6ping3_mobile","session_create_select_destroy","","37","1","0","0","17","25100","0","0","0","0","400","3700","2000","800","800","0","0","0","0","0","0","0","0","21","0","105","315","0","0","0","0","0","5","10","4100","0","0","0","0","0","0","10","0","0","0","10","1000","0","0","0","0","5","600","0","0","0","0","0","0","0","0","0","0","0","0","0","0","0","0","0","0","0","0","0","0","0","0","0","0","0","0","0","0","0","0","0","0","0","0","0","0","0","0","0","0","5","600","0","0","0","0","0","0","0","0","0","0","0","0","0","0","0","0","0","0","0","0","0","0","0","0","1000","10","4100","0","0","0","0"
"yune","track-b-product","jyut6ping3_mobile","session_create_select_destroy","","38","1","0","0","17","24900","0","0","0","0","400","3500","2000","300","1000","0","0","0","0","0","0","0","0","21","0","105","315","0","0","0","0","0","5","10","3800","0","0","0","0","0","0","10","0","0","0","10","1200","0","0","0","0","5","300","0","0","0","0","0","0","0","0","0","0","0","0","0","0","0","0","0","0","0","0","0","0","0","0","0","0","0","0","0","0","0","0","0","0","0","0","0","0","0","0","0","0","5","1000","0","0","0","0","0","0","0","0","0","0","0","0","0","0","0","0","0","0","0","0","0","0","0","0","1200","10","3800","0","0","0","0"
"yune","track-b-product","jyut6ping3_mobile","session_create_select_destroy","","39","1","0","0","17","26300","0","0","0","0","600","3700","2000","500","500","0","0","0","0","0","0","0","0","21","0","105","315","0","0","0","0","0","5","10","4400","0","0","0","0","0","0","10","0","0","0","10","1200","0","0","0","0","5","300","0","0","0","0","0","0","0","0","0","0","0","0","0","0","0","0","0","0","0","0","0","0","0","0","0","0","0","0","0","0","0","0","0","0","0","0","0","0","0","0","0","0","5","400","0","0","0","0","0","0","0","0","0","0","0","0","0","0","0","0","0","0","0","0","0","0","0","0","1200","10","4400","0","0","0","0"
"yune","track-b-product","jyut6ping3_mobile","session_create_select_destroy","","40","1","0","0","17","25700","0","0","0","0","800","3400","1900","600","800","0","0","0","0","0","0","0","0","21","0","105","315","0","0","0","0","0","5","10","4200","0","0","0","0","0","0","10","0","0","0","10","1400","0","0","0","0","5","300","0","0","0","0","0","0","0","0","0","0","0","0","0","0","0","0","0","0","0","0","0","0","0","0","0","0","0","0","0","0","0","0","0","0","0","0","0","0","0","0","0","0","5","600","0","0","0","0","0","0","0","0","0","0","0","0","0","0","0","0","0","0","0","0","0","0","0","0","1400","10","4200","0","0","0","0"
"yune","track-b-product","jyut6ping3_mobile","session_create_select_destroy","","41","1","0","0","17","29600","0","0","0","0","200","3800","2900","500","800","0","0","0","0","0","0","0","0","21","0","105","315","0","0","0","0","0","5","10","5200","0","0","0","0","0","0","10","0","0","0","10","1200","0","0","0","0","5","300","0","0","0","0","0","0","0","0","0","0","0","0","0","0","0","0","0","0","0","0","0","0","0","0","0","0","0","0","0","0","0","0","0","0","0","0","0","0","0","0","0","0","5","700","0","0","0","0","0","0","0","0","0","0","0","0","0","0","0","0","0","0","0","0","0","0","0","0","1200","10","5200","0","0","0","0"
"yune","track-b-product","jyut6ping3_mobile","session_create_select_destroy","","42","1","0","0","17","26100","0","0","0","0","500","3500","2100","400","1300","0","0","0","0","0","0","0","0","21","0","105","315","0","0","0","0","0","5","10","4400","0","0","0","0","0","0","10","0","0","0","10","1200","0","0","0","0","5","300","0","0","0","0","0","0","0","0","0","0","0","0","0","0","0","0","0","0","0","0","0","0","0","0","0","0","0","0","0","0","0","0","0","0","0","0","0","0","0","0","0","0","5","700","0","0","0","0","0","0","0","0","0","0","0","0","0","0","0","0","0","0","0","0","0","0","0","0","1200","10","4400","0","0","0","0"
"yune","track-b-product","jyut6ping3_mobile","session_create_select_destroy","","43","1","0","0","17","27000","0","0","0","0","800","3400","2000","400","1100","0","0","0","0","0","0","0","0","21","0","105","315","0","0","0","0","0","5","10","4200","0","0","0","0","0","0","10","0","0","0","10","1000","0","0","0","0","5","100","0","0","0","0","0","0","0","0","0","0","0","0","0","0","0","0","0","0","0","0","0","0","0","0","0","0","0","0","0","0","0","0","0","0","0","0","0","0","0","0","0","0","5","600","0","0","0","0","0","0","0","0","0","0","0","0","0","0","0","0","0","0","0","0","0","0","0","0","1000","10","4200","0","0","0","0"
"yune","track-b-product","jyut6ping3_mobile","session_create_select_destroy","","44","1","0","0","17","27900","0","0","0","0","500","3900","2000","700","900","0","0","0","0","0","0","0","0","21","0","105","315","0","0","0","0","0","5","10","4300","0","0","0","0","0","0","10","0","0","0","10","1200","0","0","0","0","5","100","0","0","0","0","0","0","0","0","0","0","0","0","0","0","0","0","0","0","0","0","0","0","0","0","0","0","0","0","0","0","0","0","0","0","0","0","0","0","0","0","0","0","5","400","0","0","0","0","0","0","0","0","0","0","0","0","0","0","0","0","0","0","0","0","0","0","0","0","1200","10","4300","0","0","0","0"
"yune","track-b-product","jyut6ping3_mobile","session_create_select_destroy","","45","1","0","0","17","29600","0","0","0","0","300","3600","2100","1100","800","0","0","0","0","0","0","0","0","21","0","105","315","0","0","0","0","0","5","10","5100","0","0","0","0","0","0","10","0","0","0","10","800","0","0","0","0","5","100","0","0","0","0","0","0","0","0","0","0","0","0","0","0","0","0","0","0","0","0","0","0","0","0","0","0","0","0","0","0","0","0","0","0","0","0","0","0","0","0","0","0","5","800","0","0","0","0","0","0","0","0","0","0","0","0","0","0","0","0","0","0","0","0","0","0","0","0","800","10","5100","0","0","0","0"
"yune","track-b-product","jyut6ping3_mobile","session_create_select_destroy","","46","1","0","0","17","26800","0","0","0","0","400","3700","2100","400","1400","0","0","0","0","0","0","0","0","21","0","105","315","0","0","0","0","0","5","10","4700","0","0","0","0","0","0","10","0","0","0","10","1200","0","0","0","0","5","300","0","0","0","0","0","0","0","0","0","0","0","0","0","0","0","0","0","0","0","0","0","0","0","0","0","0","0","0","0","0","0","0","0","0","0","0","0","0","0","0","0","0","5","600","0","0","0","0","0","0","0","0","0","0","0","0","0","0","0","0","0","0","0","0","0","0","0","0","1200","10","4700","0","0","0","0"
"yune","track-b-product","jyut6ping3_mobile","session_create_select_destroy","","47","1","0","0","17","29500","0","0","0","0","900","3600","1700","600","700","0","0","0","0","0","0","0","0","21","0","105","315","0","0","0","0","0","5","10","4900","0","0","0","0","0","0","10","0","0","0","10","900","0","0","0","0","5","100","0","0","0","0","0","0","0","0","0","0","0","0","0","0","0","0","0","0","0","0","0","0","0","0","0","0","0","0","0","0","0","0","0","0","0","0","0","0","0","0","0","0","5","900","0","0","0","0","0","0","0","0","0","0","0","0","0","0","0","0","0","0","0","0","0","0","0","0","900","10","4900","0","0","0","0"
"yune","track-b-product","jyut6ping3_mobile","session_create_select_destroy","","48","1","0","0","17","36700","0","0","0","0","800","4300","1900","300","1300","0","0","0","0","0","0","0","0","21","0","105","315","0","0","0","0","0","5","10","6000","0","0","0","0","0","0","10","0","0","0","10","2300","0","0","0","0","5","500","0","0","0","0","0","0","0","0","0","0","0","0","0","0","0","0","0","0","0","0","0","0","0","0","0","0","0","0","0","0","0","0","0","0","0","0","0","0","0","0","0","0","5","1100","0","0","0","0","0","0","0","0","0","0","0","0","0","0","0","0","0","0","0","0","0","0","0","0","2300","10","6000","0","0","0","0"
"yune","track-b-product","jyut6ping3_mobile","session_create_select_destroy","","49","1","0","0","17","26200","0","0","0","0","300","3600","1400","8000","800","0","0","0","0","0","0","0","0","21","0","105","315","0","0","0","0","0","5","10","4700","0","0","0","0","0","0","10","0","0","0","10","1200","0","0","0","0","5","200","0","0","0","0","0","0","0","0","0","0","0","0","0","0","0","0","0","0","0","0","0","0","0","0","0","0","0","0","0","0","0","0","0","0","0","0","0","0","0","0","0","0","5","900","0","0","0","0","0","0","0","0","0","0","0","0","0","0","0","0","0","0","0","0","0","0","0","0","1200","10","4700","0","0","0","0"
"yune","track-b-product","jyut6ping3_mobile","session_create_select_destroy","","50","1","0","0","17","25900","0","0","0","0","600","3800","2300","800","900","0","0","0","0","0","0","0","0","21","0","105","315","0","0","0","0","0","5","10","4400","0","0","0","0","0","0","10","0","0","0","10","1100","0","0","0","0","5","100","0","0","0","0","0","0","0","0","0","0","0","0","0","0","0","0","0","0","0","0","0","0","0","0","0","0","0","0","0","0","0","0","0","0","0","0","0","0","0","0","0","0","5","600","0","0","0","0","0","0","0","0","0","0","0","0","0","0","0","0","0","0","0","0","0","0","0","0","1100","10","4400","0","0","0","0"
"yune","track-b-product","jyut6ping3_mobile","session_create_select_destroy","","51","1","0","0","17","28200","0","0","0","0","600","3300","2100","300","1000","0","0","0","0","0","0","0","0","21","0","105","315","0","0","0","0","0","5","10","4500","0","0","0","0","0","0","10","0","0","0","10","1200","0","0","0","0","5","300","0","0","0","0","0","0","0","0","0","0","0","0","0","0","0","0","0","0","0","0","0","0","0","0","0","0","0","0","0","0","0","0","0","0","0","0","0","0","0","0","0","0","5","600","0","0","0","0","0","0","0","0","0","0","0","0","0","0","0","0","0","0","0","0","0","0","0","0","1200","10","4500","0","0","0","0"
"yune","track-b-product","jyut6ping3_mobile","session_create_select_destroy","","52","1","0","0","17","29700","0","0","0","0","500","4000","2700","100","700","0","0","0","0","0","0","0","0","21","0","105","315","0","0","0","0","0","5","10","4700","0","0","0","0","0","0","10","0","0","0","10","900","0","0","0","0","5","300","0","0","0","0","0","0","0","0","0","0","0","0","0","0","0","0","0","0","0","0","0","0","0","0","0","0","0","0","0","0","0","0","0","0","0","0","0","0","0","0","0","0","5","700","0","0","0","0","0","0","0","0","0","0","0","0","0","0","0","0","0","0","0","0","0","0","0","0","900","10","4700","0","0","0","0"
"yune","track-b-product","jyut6ping3_mobile","session_create_select_destroy","","53","1","0","0","17","26800","0","0","0","0","500","4100","1700","600","800","0","0","0","0","0","0","0","0","21","0","105","315","0","0","0","0","0","5","10","5000","0","0","0","0","0","0","10","0","0","0","10","1100","0","0","0","0","5","200","0","0","0","0","0","0","0","0","0","0","0","0","0","0","0","0","0","0","0","0","0","0","0","0","0","0","0","0","0","0","0","0","0","0","0","0","0","0","0","0","0","0","5","500","0","0","0","0","0","0","0","0","0","0","0","0","0","0","0","0","0","0","0","0","0","0","0","0","1100","10","5000","0","0","0","0"
"yune","track-b-product","jyut6ping3_mobile","session_create_select_destroy","","54","1","0","0","17","30200","0","0","0","0","400","3700","3400","500","900","0","0","0","0","0","0","0","0","21","0","105","315","0","0","0","0","0","5","10","4000","0","0","0","0","0","0","10","0","0","0","10","1400","0","0","0","0","5","100","0","0","0","0","0","0","0","0","0","0","0","0","0","0","0","0","0","0","0","0","0","0","0","0","0","0","0","0","0","0","0","0","0","0","0","0","0","0","0","0","0","0","5","600","0","0","0","0","0","0","0","0","0","0","0","0","0","0","0","0","0","0","0","0","0","0","0","0","1400","10","4000","0","0","0","0"
"yune","track-b-product","jyut6ping3_mobile","session_create_select_destroy","","55","1","0","0","17","33600","0","0","0","0","600","3600","2500","400","700","0","0","0","0","0","0","0","0","21","0","105","315","0","0","0","0","0","5","10","5100","0","0","0","0","0","0","10","0","0","0","10","1400","0","0","0","0","5","200","0","0","0","0","0","0","0","0","0","0","0","0","0","0","0","0","0","0","0","0","0","0","0","0","0","0","0","0","0","0","0","0","0","0","0","0","0","0","0","0","0","0","5","700","0","0","0","0","0","0","0","0","0","0","0","0","0","0","0","0","0","0","0","0","0","0","0","0","1400","10","5100","0","0","0","0"
"yune","track-b-product","jyut6ping3_mobile","session_create_select_destroy","","56","1","0","0","17","26600","0","0","0","0","900","3600","2300","800","900","0","0","0","0","0","0","0","0","21","0","105","315","0","0","0","0","0","5","10","3600","0","0","0","0","0","0","10","0","0","0","10","1600","0","0","0","0","5","200","0","0","0","0","0","0","0","0","0","0","0","0","0","0","0","0","0","0","0","0","0","0","0","0","0","0","0","0","0","0","0","0","0","0","0","0","0","0","0","0","0","0","5","800","0","0","0","0","0","0","0","0","0","0","0","0","0","0","0","0","0","0","0","0","0","0","0","0","1600","10","3600","0","0","0","0"
"yune","track-b-product","jyut6ping3_mobile","session_create_select_destroy","","57","1","0","0","17","28600","0","0","0","0","600","3400","2800","400","700","0","0","0","0","0","0","0","0","21","0","105","315","0","0","0","0","0","5","10","5000","0","0","0","0","0","0","10","0","0","0","10","1100","0","0","0","0","5","200","0","0","0","0","0","0","0","0","0","0","0","0","0","0","0","0","0","0","0","0","0","0","0","0","0","0","0","0","0","0","0","0","0","0","0","0","0","0","0","0","0","0","5","600","0","0","0","0","0","0","0","0","0","0","0","0","0","0","0","0","0","0","0","0","0","0","0","0","1100","10","5000","0","0","0","0"
"yune","track-b-product","jyut6ping3_mobile","session_create_select_destroy","","58","1","0","0","17","37500","0","0","0","0","600","4900","3100","1000","900","0","0","0","0","0","0","0","0","21","0","105","315","0","0","0","0","0","5","10","6300","0","0","0","0","0","0","10","0","0","0","10","1200","0","0","0","0","5","100","0","0","0","0","0","0","0","0","0","0","0","0","0","0","0","0","0","0","0","0","0","0","0","0","0","0","0","0","0","0","0","0","0","0","0","0","0","0","0","0","0","0","5","1000","0","0","0","0","0","0","0","0","0","0","0","0","0","0","0","0","0","0","0","0","0","0","0","0","1200","10","6300","0","0","0","0"
"yune","track-b-product","jyut6ping3_mobile","session_create_select_destroy","","59","1","0","0","17","28600","0","0","0","0","100","3300","2700","300","1100","0","0","0","0","0","0","0","0","21","0","105","315","0","0","0","0","0","5","10","4400","0","0","0","0","0","0","10","0","0","0","10","1100","0","0","0","0","5","300","0","0","0","0","0","0","0","0","0","0","0","0","0","0","0","0","0","0","0","0","0","0","0","0","0","0","0","0","0","0","0","0","0","0","0","0","0","0","0","0","0","0","5","600","0","0","0","0","0","0","0","0","0","0","0","0","0","0","0","0","0","0","0","0","0","0","0","0","1100","10","4400","0","0","0","0"
"yune","track-b-product","jyut6ping3_mobile","key_sequence_process_with_context","neigojangingkeisatjinggoiziwunciucoenggeoizisyujapsinhojijung","0","61","61","20290200","183","19671300","20513","4218","172500","3760","6900","18700","411300","1300","58400","3760","0","301","61","118400","301","61","15500","61","0","305","915","4","80","55","5645","0","57","4177","1432100","6263","118","859800","5798","0","0","4177","118","0","0","11001","553200","17903","724","69884","38600","57","13011600","23708","22624","9733700","8334","1118","222800","45","8379","8379","1380","0","37","57","0","0","0","0","0","0","0","0","0","0","0","0","0","0","0","0","0","0","0","0","0","0","0","0","0","0","0","0","0","58","5495800","6262","3712","0","0","0","0","0","0","0","0","0","0","0","0","0","0","0","0","0","0","0","0","0","4716","50400","119","22000","118","859800","42","117700"
"yune","track-b-product","jyut6ping3_mobile","key_sequence_process_with_context","neigojangingkeisatjinggoiziwunciucoenggeoizisyujapsinhojijung","1","61","61","19882400","183","19235700","20513","4218","164500","3760","7100","19500","438100","1300","58900","3760","0","301","61","116300","301","61","15000","61","0","305","915","4","80","55","5645","0","57","4177","1412400","6263","118","894400","5798","0","0","4177","118","0","0","11001","535900","17903","724","69884","37800","57","12578500","23708","22624","9303200","8334","1118","219100","45","8379","8379","1380","0","37","57","0","0","0","0","0","0","0","0","0","0","0","0","0","0","0","0","0","0","0","0","0","0","0","0","0","0","0","0","0","58","5458300","6262","3712","0","0","0","0","0","0","0","0","0","0","0","0","0","0","0","0","0","0","0","0","0","4716","50900","119","21600","118","894400","42","116800"
"yune","track-b-product","jyut6ping3_mobile","key_sequence_process_with_context","neigojangingkeisatjinggoiziwunciucoenggeoizisyujapsinhojijung","2","61","61","19641200","183","19031100","20513","4218","158600","3760","7100","19100","400600","1000","59400","3760","0","301","61","114900","301","61","15000","61","0","305","915","4","80","55","5645","0","57","4177","1410100","6263","118","818200","5798","0","0","4177","118","0","0","11001","525500","17903","724","69884","36400","57","12434400","23708","22624","9159200","8334","1118","211400","45","8379","8379","1380","0","37","57","0","0","0","0","0","0","0","0","0","0","0","0","0","0","0","0","0","0","0","0","0","0","0","0","0","0","0","0","0","58","5479300","6262","3712","0","0","0","0","0","0","0","0","0","0","0","0","0","0","0","0","0","0","0","0","0","4716","42300","119","19900","118","818200","42","112700"
"yune","track-b-product","jyut6ping3_mobile","key_sequence_process_with_context","neigojangingkeisatjinggoiziwunciucoenggeoizisyujapsinhojijung","3","61","61","19723000","183","19112900","20513","4218","160100","3760","7100","18800","400800","1400","60400","3760","0","301","61","116500","301","61","14500","61","0","305","915","4","80","55","5645","0","57","4177","1420900","6263","118","811300","5798","0","0","4177","118","0","0","11001","529900","17903","724","69884","35300","57","12521800","23708","22624","9232500","8334","1118","215100","45","8379","8379","1380","0","37","57","0","0","0","0","0","0","0","0","0","0","0","0","0","0","0","0","0","0","0","0","0","0","0","0","0","0","0","0","0","58","5490400","6262","3712","0","0","0","0","0","0","0","0","0","0","0","0","0","0","0","0","0","0","0","0","0","4716","39000","119","20900","118","811300","42","113500"
"yune","track-b-product","jyut6ping3_mobile","key_sequence_process_with_context","neigojangingkeisatjinggoiziwunciucoenggeoizisyujapsinhojijung","4","61","61","19525200","183","18918400","20513","4218","166100","3760","6800","21000","396400","2300","59500","3760","0","301","61","113800","301","61","15200","61","0","305","915","4","80","55","5645","0","57","4177","1410800","6263","118","778100","5798","0","0","4177","118","0","0","11001","513900","17903","724","69884","37700","57","12395000","23708","22624","9111600","8334","1118","211800","45","8379","8379","1380","0","37","57","0","0","0","0","0","0","0","0","0","0","0","0","0","0","0","0","0","0","0","0","0","0","0","0","0","0","0","0","0","58","5468700","6262","3712","0","0","0","0","0","0","0","0","0","0","0","0","0","0","0","0","0","0","0","0","0","4716","29100","119","20700","118","778100","42","110100"
"yune","track-b-product","jyut6ping3_mobile","key_sequence_process_with_context","neigojangingkeisatjinggoiziwunciucoenggeoizisyujapsinhojijung","5","61","61","19552500","183","18950700","20513","4218","162400","3760","6700","18400","393600","1200","60200","3760","0","301","61","114500","301","61","14400","61","0","305","915","4","80","55","5645","0","57","4177","1418300","6263","118","767900","5798","0","0","4177","118","0","0","11001","514800","17903","724","69884","32600","57","12417100","23708","22624","9141400","8334","1118","213400","45","8379","8379","1380","0","37","57","0","0","0","0","0","0","0","0","0","0","0","0","0","0","0","0","0","0","0","0","0","0","0","0","0","0","0","0","0","58","5484600","6262","3712","0","0","0","0","0","0","0","0","0","0","0","0","0","0","0","0","0","0","0","0","0","4716","31200","119","21400","118","767900","42","111000"
"yune","track-b-product","jyut6ping3_mobile","key_sequence_process_with_context","neigojangingkeisatjinggoiziwunciucoenggeoizisyujapsinhojijung","6","61","61","19548900","183","18937900","20513","4218","154900","3760","6900","19300","402100","1400","60500","3760","0","301","61","113400","301","61","14500","61","0","305","915","4","80","55","5645","0","57","4177","1431600","6263","118","771100","5798","0","0","4177","118","0","0","11001","506900","17903","724","69884","36400","57","12372600","23708","22624","9102300","8334","1118","213400","45","8379","8379","1380","0","37","57","0","0","0","0","0","0","0","0","0","0","0","0","0","0","0","0","0","0","0","0","0","0","0","0","0","0","0","0","0","58","5514100","6262","3712","0","0","0","0","0","0","0","0","0","0","0","0","0","0","0","0","0","0","0","0","0","4716","32800","119","21000","118","771100","42","111500"
"yune","track-b-product","jyut6ping3_mobile","key_sequence_process_with_context","neigojangingkeisatjinggoiziwunciucoenggeoizisyujapsinhojijung","7","61","61","19515000","183","18923800","20513","4218","164000","3760","5100","18900","391900","1100","56700","3760","0","301","61","113400","301","61","13900","61","0","305","915","4","80","55","5645","0","57","4177","1432400","6263","118","778100","5798","0","0","4177","118","0","0","11001","508600","17903","724","69884","37200","57","12379400","23708","22624","9099300","8334","1118","211800","45","8379","8379","1380","0","37","57","0","0","0","0","0","0","0","0","0","0","0","0","0","0","0","0","0","0","0","0","0","0","0","0","0","0","0","0","0","58","5493100","6262","3712","0","0","0","0","0","0","0","0","0","0","0","0","0","0","0","0","0","0","0","0","0","4716","26900","119","21700","118","778100","42","110300"
"yune","track-b-product","jyut6ping3_mobile","key_sequence_process_with_context","neigojangingkeisatjinggoiziwunciucoenggeoizisyujapsinhojijung","8","61","61","19549700","183","18958100","20513","4218","163700","3760","4700","19200","392400","1400","56600","3760","0","301","61","112500","301","61","14600","61","0","305","915","4","80","55","5645","0","57","4177","1410900","6263","118","771000","5798","0","0","4177","118","0","0","11001","514500","17903","724","69884","33100","57","12440900","23708","22624","9161600","8334","1118","215000","45","8379","8379","1380","0","37","57","0","0","0","0","0","0","0","0","0","0","0","0","0","0","0","0","0","0","0","0","0","0","0","0","0","0","0","0","0","58","5473100","6262","3712","0","0","0","0","0","0","0","0","0","0","0","0","0","0","0","0","0","0","0","0","0","4716","27800","119","21200","118","771000","42","110100"
"yune","track-b-product","jyut6ping3_mobile","key_sequence_process_with_context","neigojangingkeisatjinggoiziwunciucoenggeoizisyujapsinhojijung","9","61","61","19527600","183","18931400","20513","4218","163000","3760","5300","18900","397200","2200","56900","3760","0","301","61","115100","301","61","14800","61","0","305","915","4","80","55","5645","0","57","4177","1403000","6263","118","777100","5798","0","0","4177","118","0","0","11001","513900","17903","724","69884","36800","57","12403400","23708","22624","9141200","8334","1118","212700","45","8379","8379","1380","0","37","57","0","0","0","0","0","0","0","0","0","0","0","0","0","0","0","0","0","0","0","0","0","0","0","0","0","0","0","0","0","58","5468400","6262","3712","0","0","0","0","0","0","0","0","0","0","0","0","0","0","0","0","0","0","0","0","0","4716","33100","119","21300","118","777100","42","111500"
"yune","track-b-product","jyut6ping3_mobile","key_sequence_process_with_context","neigojangingkeisatjinggoiziwunciucoenggeoizisyujapsinhojijung","10","61","61","20275400","183","19592500","20513","4218","162400","3760","7000","23700","431600","1400","67700","3760","0","301","61","131500","301","61","17000","61","0","305","915","4","80","55","5645","0","57","4177","1479100","6263","118","783100","5798","0","0","4177","118","0","0","11001","592600","17903","724","69884","39100","57","12569100","23708","22624","9199500","8334","1118","206500","45","8379","8379","1380","0","37","57","0","0","0","0","0","0","0","0","0","0","0","0","0","0","0","0","0","0","0","0","0","0","0","0","0","0","0","0","0","58","5935900","6262","3712","0","0","0","0","0","0","0","0","0","0","0","0","0","0","0","0","0","0","0","0","0","4716","36900","119","21400","118","783100","42","112100"
"yune","track-b-product","jyut6ping3_mobile","key_sequence_process_with_context","neigojangingkeisatjinggoiziwunciucoenggeoizisyujapsinhojijung","11","61","61","19362700","183","18761300","20513","4218","170500","3760","5200","18600","399500","1200","59000","3760","0","301","61","114200","301","61","14500","61","0","305","915","4","80","55","5645","0","57","4177","1379600","6263","118","793000","5798","0","0","4177","118","0","0","11001","755500","17903","724","69884","35800","57","12415400","23708","22624","9096000","8334","1118","208300","45","8379","8379","1380","0","37","57","0","0","0","0","0","0","0","0","0","0","0","0","0","0","0","0","0","0","0","0","0","0","0","0","0","0","0","0","0","58","5266400","6262","3712","0","0","0","0","0","0","0","0","0","0","0","0","0","0","0","0","0","0","0","0","0","4716","40300","119","21200","118","793000","42","112500"
"yune","track-b-product","jyut6ping3_mobile","key_sequence_process_with_context","neigojangingkeisatjinggoiziwunciucoenggeoizisyujapsinhojijung","12","61","61","19063700","183","18461100","20513","4218","164200","3760","5300","19800","402000","1500","58300","3760","0","301","61","114500","301","61","14400","61","0","305","915","4","80","55","5645","0","57","4177","1385900","6263","118","780300","5798","0","0","4177","118","0","0","11001","541200","17903","724","69884","34100","57","12129700","23708","22624","8839500","8334","1118","202300","45","8379","8379","1380","0","37","57","0","0","0","0","0","0","0","0","0","0","0","0","0","0","0","0","0","0","0","0","0","0","0","0","0","0","0","0","0","58","5262800","6262","3712","0","0","0","0","0","0","0","0","0","0","0","0","0","0","0","0","0","0","0","0","0","4716","44200","119","20700","118","780300","42","108100"
"yune","track-b-product","jyut6ping3_mobile","key_sequence_process_with_context","neigojangingkeisatjinggoiziwunciucoenggeoizisyujapsinhojijung","13","61","61","18958100","183","18357900","20513","4218","162900","3760","4900","18600","395500","1400","58400","3760","0","301","61","113600","301","61","14800","61","0","305","915","4","80","55","5645","0","57","4177","1390200","6263","118","761100","5798","0","0","4177","118","0","0","11001","523700","17903","724","69884","33900","57","12065600","23708","22624","8793200","8334","1118","200100","45","8379","8379","1380","0","37","57","0","0","0","0","0","0","0","0","0","0","0","0","0","0","0","0","0","0","0","0","0","0","0","0","0","0","0","0","0","58","5253400","6262","3712","0","0","0","0","0","0","0","0","0","0","0","0","0","0","0","0","0","0","0","0","0","4716","39300","119","20200","118","761100","42","107400"
"yune","track-b-product","jyut6ping3_mobile","key_sequence_process_with_context","neigojangingkeisatjinggoiziwunciucoenggeoizisyujapsinhojijung","14","61","61","19011400","183","18413600","20513","4218","167900","3760","4900","18700","395900","1100","58400","3760","0","301","61","112800","301","61","14200","61","0","305","915","4","80","55","5645","0","57","4177","1389200","6263","118","756100","5798","0","0","4177","118","0","0","11001","501400","17903","724","69884","33700","57","12115800","23708","22624","8826300","8334","1118","202400","45","8379","8379","1380","0","37","57","0","0","0","0","0","0","0","0","0","0","0","0","0","0","0","0","0","0","0","0","0","0","0","0","0","0","0","0","0","58","5274800","6262","3712","0","0","0","0","0","0","0","0","0","0","0","0","0","0","0","0","0","0","0","0","0","4716","29000","119","21100","118","756100","42","105500"
"yune","track-b-product","jyut6ping3_mobile","key_sequence_process_with_context","neigojangingkeisatjinggoiziwunciucoenggeoizisyujapsinhojijung","15","61","61","18878800","183","18282100","20513","4218","165600","3760","4900","19300","395700","1600","58100","3760","0","301","61","111300","301","61","15000","61","0","305","915","4","80","55","5645","0","57","4177","1381400","6263","118","765400","5798","0","0","4177","118","0","0","11001","504700","17903","724","69884","34100","57","12013400","23708","22624","8758000","8334","1118","201700","45","8379","8379","1380","0","37","57","0","0","0","0","0","0","0","0","0","0","0","0","0","0","0","0","0","0","0","0","0","0","0","0","0","0","0","0","0","58","5236100","6262","3712","0","0","0","0","0","0","0","0","0","0","0","0","0","0","0","0","0","0","0","0","0","4716","29300","119","20600","118","765400","42","106200"
"yune","track-b-product","jyut6ping3_mobile","key_sequence_process_with_context","neigojangingkeisatjinggoiziwunciucoenggeoizisyujapsinhojijung","16","61","61","18861800","183","18269500","20513","4218","172300","3760","4500","18900","393300","1200","58900","3760","0","301","61","112700","301","61","14700","61","0","305","915","4","80","55","5645","0","57","4177","1378800","6263","118","767200","5798","0","0","4177","118","0","0","11001","500200","17903","724","69884","35300","57","11989400","23708","22624","8729000","8334","1118","199800","45","8379","8379","1380","0","37","57","0","0","0","0","0","0","0","0","0","0","0","0","0","0","0","0","0","0","0","0","0","0","0","0","0","0","0","0","0","58","5233900","6262","3712","0","0","0","0","0","0","0","0","0","0","0","0","0","0","0","0","0","0","0","0","0","4716","26200","119","19700","118","767200","42","104500"
"yune","track-b-product","jyut6ping3_mobile","key_sequence_process_with_context","neigojangingkeisatjinggoiziwunciucoenggeoizisyujapsinhojijung","17","61","61","19016100","183","18417400","20513","4218","156800","3760","4700","19200","396300","1200","58000","3760","0","301","61","113100","301","61","14100","61","0","305","915","4","80","55","5645","0","57","4177","1401400","6263","118","753200","5798","0","0","4177","118","0","0","11001","497600","17903","724","69884","34300","57","12091300","23708","22624","8809500","8334","1118","203200","45","8379","8379","1380","0","37","57","0","0","0","0","0","0","0","0","0","0","0","0","0","0","0","0","0","0","0","0","0","0","0","0","0","0","0","0","0","58","5305600","6262","3712","0","0","0","0","0","0","0","0","0","0","0","0","0","0","0","0","0","0","0","0","0","4716","24600","119","20300","118","753200","42","107200"
"yune","track-b-product","jyut6ping3_mobile","key_sequence_process_with_context","neigojangingkeisatjinggoiziwunciucoenggeoizisyujapsinhojijung","18","61","61","19023500","183","18422600","20513","4218","173300","3760","4700","19000","396900","1200","60100","3760","0","301","61","114500","301","61","14700","61","0","305","915","4","80","55","5645","0","57","4177","1428200","6263","118","774300","5798","0","0","4177","118","0","0","11001","494500","17903","724","69884","34400","57","12090600","23708","22624","8825100","8334","1118","201800","45","8379","8379","1380","0","37","57","0","0","0","0","0","0","0","0","0","0","0","0","0","0","0","0","0","0","0","0","0","0","0","0","0","0","0","0","0","58","5296000","6262","3712","0","0","0","0","0","0","0","0","0","0","0","0","0","0","0","0","0","0","0","0","0","4716","24900","119","21300","118","774300","42","107200"
"yune","track-b-product","jyut6ping3_mobile","key_sequence_process_with_context","neigojangingkeisatjinggoiziwunciucoenggeoizisyujapsinhojijung","19","61","61","18998900","183","18398600","20513","4218","171800","3760","4600","19300","398100","1700","60800","3760","0","301","61","113100","301","61","13800","61","0","305","915","4","80","55","5645","0","57","4177","1398600","6263","118","759100","5798","0","0","4177","118","0","0","11001","496400","17903","724","69884","35500","57","12100400","23708","22624","8811800","8334","1118","201100","45","8379","8379","1380","0","37","57","0","0","0","0","0","0","0","0","0","0","0","0","0","0","0","0","0","0","0","0","0","0","0","0","0","0","0","0","0","58","5276800","6262","3712","0","0","0","0","0","0","0","0","0","0","0","0","0","0","0","0","0","0","0","0","0","4716","25000","119","21100","118","759100","42","105600"
"yune","track-b-product","jyut6ping3_mobile","key_sequence_process_with_context","neigojangingkeisatjinggoiziwunciucoenggeoizisyujapsinhojijung","20","61","61","18978600","183","18385900","20513","4218","169800","3760","4500","18600","396200","1800","56300","3760","0","301","61","114500","301","61","14400","61","0","305","915","4","80","55","5645","0","57","4177","1399600","6263","118","763500","5798","0","0","4177","118","0","0","11001","489100","17903","724","69884","36300","57","12076700","23708","22624","8772100","8334","1118","204500","45","8379","8379","1380","0","37","57","0","0","0","0","0","0","0","0","0","0","0","0","0","0","0","0","0","0","0","0","0","0","0","0","0","0","0","0","0","58","5284000","6262","3712","0","0","0","0","0","0","0","0","0","0","0","0","0","0","0","0","0","0","0","0","0","4716","24500","119","20000","118","763500","42","105800"
"yune","track-b-product","jyut6ping3_mobile","key_sequence_process_with_context","neigojangingkeisatjinggoiziwunciucoenggeoizisyujapsinhojijung","21","61","61","19048800","183","18456700","20513","4218","172000","3760","5100","19100","393300","1500","56700","3760","0","301","61","113900","301","61","14800","61","0","305","915","4","80","55","5645","0","57","4177","1402500","6263","118","757200","5798","0","0","4177","118","0","0","11001","494500","17903","724","69884","34900","57","12136700","23708","22624","8884100","8334","1118","205000","45","8379","8379","1380","0","37","57","0","0","0","0","0","0","0","0","0","0","0","0","0","0","0","0","0","0","0","0","0","0","0","0","0","0","0","0","0","58","5293300","6262","3712","0","0","0","0","0","0","0","0","0","0","0","0","0","0","0","0","0","0","0","0","0","4716","32800","119","19800","118","757200","42","108000"
"yune","track-b-product","jyut6ping3_mobile","key_sequence_process_with_context","neigojangingkeisatjinggoiziwunciucoenggeoizisyujapsinhojijung","22","61","61","18940200","183","18348700","20513","4218","168000","3760","5000","18900","397200","1500","56200","3760","0","301","61","112600","301","61","14500","61","0","305","915","4","80","55","5645","0","57","4177","1394700","6263","118","765400","5798","0","0","4177","118","0","0","11001","505000","17903","724","69884","36500","57","12027900","23708","22624","8767800","8334","1118","205900","45","8379","8379","1380","0","37","57","0","0","0","0","0","0","0","0","0","0","0","0","0","0","0","0","0","0","0","0","0","0","0","0","0","0","0","0","0","58","5286300","6262","3712","0","0","0","0","0","0","0","0","0","0","0","0","0","0","0","0","0","0","0","0","0","4716","31000","119","21100","118","765400","42","106000"
"yune","track-b-product","jyut6ping3_mobile","key_sequence_process_with_context","neigojangingkeisatjinggoiziwunciucoenggeoizisyujapsinhojijung","23","61","61","18907900","183","18318400","20513","4218","169700","3760","4700","18100","393800","1500","56000","3760","0","301","61","112100","301","61","14100","61","0","305","915","4","80","55","5645","0","57","4177","1400500","6263","118","754400","5798","0","0","4177","118","0","0","11001","515200","17903","724","69884","38300","57","12043700","23708","22624","8752500","8334","1118","202600","45","8379","8379","1380","0","37","57","0","0","0","0","0","0","0","0","0","0","0","0","0","0","0","0","0","0","0","0","0","0","0","0","0","0","0","0","0","58","5258400","6262","3712","0","0","0","0","0","0","0","0","0","0","0","0","0","0","0","0","0","0","0","0","0","4716","24000","119","20500","118","754400","42","106400"
"yune","track-b-product","jyut6ping3_mobile","key_sequence_process_with_context","neigojangingkeisatjinggoiziwunciucoenggeoizisyujapsinhojijung","24","61","61","19004700","183","18411100","20513","4218","162400","3760","4200","18700","395800","1100","56700","3760","0","301","61","113600","301","61","14200","61","0","305","915","4","80","55","5645","0","57","4177","1413400","6263","118","766100","5798","0","0","4177","118","0","0","11001","503500","17903","724","69884","32800","57","12065200","23708","22624","8777400","8334","1118","204100","45","8379","8379","1380","0","37","57","0","0","0","0","0","0","0","0","0","0","0","0","0","0","0","0","0","0","0","0","0","0","0","0","0","0","0","0","0","58","5313400","6262","3712","0","0","0","0","0","0","0","0","0","0","0","0","0","0","0","0","0","0","0","0","0","4716","28600","119","19600","118","766100","42","107100"
"yune","track-b-product","jyut6ping3_mobile","key_sequence_process_with_context","neigojangingkeisatjinggoiziwunciucoenggeoizisyujapsinhojijung","25","61","61","18995500","183","18399000","20513","4218","165300","3760","5000","18600","397800","800","57500","3760","0","301","61","110900","301","61","14200","61","0","305","915","4","80","55","5645","0","57","4177","1398800","6263","118","783600","5798","0","0","4177","118","0","0","11001","514100","17903","724","69884","35300","57","12084500","23708","22624","8788600","8334","1118","205300","45","8379","8379","1380","0","37","57","0","0","0","0","0","0","0","0","0","0","0","0","0","0","0","0","0","0","0","0","0","0","0","0","0","0","0","0","0","58","5255000","6262","3712","0","0","0","0","0","0","0","0","0","0","0","0","0","0","0","0","0","0","0","0","0","4716","34100","119","20300","118","783600","42","110200"
"yune","track-b-product","jyut6ping3_mobile","key_sequence_process_with_context","neigojangingkeisatjinggoiziwunciucoenggeoizisyujapsinhojijung","26","61","61","18923400","183","18330800","20513","4218","167900","3760","4800","18500","392500","1300","57100","3760","0","301","61","109900","301","61","14500","61","0","305","915","4","80","55","5645","0","57","4177","1393300","6263","118","769600","5798","0","0","4177","118","0","0","11001","500700","17903","724","69884","34500","57","12040400","23708","22624","8766300","8334","1118","203500","45","8379","8379","1380","0","37","57","0","0","0","0","0","0","0","0","0","0","0","0","0","0","0","0","0","0","0","0","0","0","0","0","0","0","0","0","0","58","5250700","6262","3712","0","0","0","0","0","0","0","0","0","0","0","0","0","0","0","0","0","0","0","0","0","4716","31200","119","20500","118","769600","42","106400"
"yune","track-b-product","jyut6ping3_mobile","key_sequence_process_with_context","neigojangingkeisatjinggoiziwunciucoenggeoizisyujapsinhojijung","27","61","61","18941500","183","18343600","20513","4218","167000","3760","4800","18900","401800","1600","56200","3760","0","301","61","109900","301","61","14300","61","0","305","915","4","80","55","5645","0","57","4177","1390700","6263","118","760300","5798","0","0","4177","118","0","0","11001","519000","17903","724","69884","36700","57","12054400","23708","22624","8774500","8334","1118","200600","45","8379","8379","1380","0","37","57","0","0","0","0","0","0","0","0","0","0","0","0","0","0","0","0","0","0","0","0","0","0","0","0","0","0","0","0","0","58","5264300","6262","3712","0","0","0","0","0","0","0","0","0","0","0","0","0","0","0","0","0","0","0","0","0","4716","25700","119","19700","118","760300","42","105900"
"yune","track-b-product","jyut6ping3_mobile","key_sequence_process_with_context","neigojangingkeisatjinggoiziwunciucoenggeoizisyujapsinhojijung","28","61","61","19108100","183","18507800","20513","4218","169700","3760","5200","19200","401800","2000","57200","3760","0","301","61","110300","301","61","14300","61","0","305","915","4","80","55","5645","0","57","4177","1406700","6263","118","766300","5798","0","0","4177","118","0","0","11001","503400","17903","724","69884","36000","57","12173700","23708","22624","8886600","8334","1118","199300","45","8379","8379","1380","0","37","57","0","0","0","0","0","0","0","0","0","0","0","0","0","0","0","0","0","0","0","0","0","0","0","0","0","0","0","0","0","58","5301700","6262","3712","0","0","0","0","0","0","0","0","0","0","0","0","0","0","0","0","0","0","0","0","0","4716","26000","119","19000","118","766300","42","106500"
"yune","track-b-product","jyut6ping3_mobile","key_sequence_process_with_context","neigojangingkeisatjinggoiziwunciucoenggeoizisyujapsinhojijung","29","61","61","19053400","183","18449300","20513","4218","161300","3760","4800","19000","402700","1400","56700","3760","0","301","61","109700","301","61","14700","61","0","305","915","4","80","55","5645","0","57","4177","1397400","6263","118","769700","5798","0","0","4177","118","0","0","11001","499900","17903","724","69884","35300","57","12129900","23708","22624","8876100","8334","1118","201600","45","8379","8379","1380","0","37","57","0","0","0","0","0","0","0","0","0","0","0","0","0","0","0","0","0","0","0","0","0","0","0","0","0","0","0","0","0","58","5282000","6262","3712","0","0","0","0","0","0","0","0","0","0","0","0","0","0","0","0","0","0","0","0","0","4716","29300","119","19900","118","769700","42","104900"
"yune","track-b-product","jyut6ping3_mobile","key_sequence_process_with_context","neigojangingkeisatjinggoiziwunciucoenggeoizisyujapsinhojijung","30","61","61","19056500","183","18454700","20513","4218","162600","3760","5200","19200","402900","1300","56500","3760","0","301","61","110400","301","61","14700","61","0","305","915","4","80","55","5645","0","57","4177","1407000","6263","118","768600","5798","0","0","4177","118","0","0","11001","502600","17903","724","69884","36700","57","12113900","23708","22624","8840300","8334","1118","201900","45","8379","8379","1380","0","37","57","0","0","0","0","0","0","0","0","0","0","0","0","0","0","0","0","0","0","0","0","0","0","0","0","0","0","0","0","0","58","5300800","6262","3712","0","0","0","0","0","0","0","0","0","0","0","0","0","0","0","0","0","0","0","0","0","4716","31400","119","20600","118","768600","42","108500"
"yune","track-b-product","jyut6ping3_mobile","key_sequence_process_with_context","neigojangingkeisatjinggoiziwunciucoenggeoizisyujapsinhojijung","31","61","61","19135400","183","18525000","20513","4218","158700","3760","4800","18900","409800","1500","58800","3760","0","301","61","109800","301","61","14200","61","0","305","915","4","80","55","5645","0","57","4177","1410900","6263","118","766800","5798","0","0","4177","118","0","0","11001","497700","17903","724","69884","35400","57","12164800","23708","22624","8894300","8334","1118","204000","45","8379","8379","1380","0","37","57","0","0","0","0","0","0","0","0","0","0","0","0","0","0","0","0","0","0","0","0","0","0","0","0","0","0","0","0","0","58","5325600","6262","3712","0","0","0","0","0","0","0","0","0","0","0","0","0","0","0","0","0","0","0","0","0","4716","30000","119","20400","118","766800","42","106500"
"yune","track-b-product","jyut6ping3_mobile","key_sequence_process_with_context","neigojangingkeisatjinggoiziwunciucoenggeoizisyujapsinhojijung","32","61","61","19078300","183","18469200","20513","4218","163800","3760","4600","18900","409000","1000","58100","3760","0","301","61","108700","301","61","14100","61","0","305","915","4","80","55","5645","0","57","4177","1407800","6263","118","775100","5798","0","0","4177","118","0","0","11001","512000","17903","724","69884","34500","57","12132100","23708","22624","8852900","8334","1118","203300","45","8379","8379","1380","0","37","57","0","0","0","0","0","0","0","0","0","0","0","0","0","0","0","0","0","0","0","0","0","0","0","0","0","0","0","0","0","58","5291700","6262","3712","0","0","0","0","0","0","0","0","0","0","0","0","0","0","0","0","0","0","0","0","0","4716","30900","119","20200","118","775100","42","107400"
"yune","track-b-product","jyut6ping3_mobile","key_sequence_process_with_context","neigojangingkeisatjinggoiziwunciucoenggeoizisyujapsinhojijung","33","61","61","19095700","183","18494800","20513","4218","170400","3760","4400","19000","402400","1300","56600","3760","0","301","61","108500","301","61","14300","61","0","305","915","4","80","55","5645","0","57","4177","1408200","6263","118","771000","5798","0","0","4177","118","0","0","11001","513000","17903","724","69884","33900","57","12162200","23708","22624","8869200","8334","1118","203700","45","8379","8379","1380","0","37","57","0","0","0","0","0","0","0","0","0","0","0","0","0","0","0","0","0","0","0","0","0","0","0","0","0","0","0","0","0","58","5294300","6262","3712","0","0","0","0","0","0","0","0","0","0","0","0","0","0","0","0","0","0","0","0","0","4716","27900","119","19900","118","771000","42","105900"
"yune","track-b-product","jyut6ping3_mobile","key_sequence_process_with_context","neigojangingkeisatjinggoiziwunciucoenggeoizisyujapsinhojijung","34","61","61","19088900","183","18486300","20513","4218","167500","3760","4400","19100","403400","1400","57900","3760","0","301","61","108800","301","61","14000","61","0","305","915","4","80","55","5645","0","57","4177","1404800","6263","118","780700","5798","0","0","4177","118","0","0","11001","520900","17903","724","69884","35000","57","12140500","23708","22624","8871700","8334","1118","205600","45","8379","8379","1380","0","37","57","0","0","0","0","0","0","0","0","0","0","0","0","0","0","0","0","0","0","0","0","0","0","0","0","0","0","0","0","0","58","5296500","6262","3712","0","0","0","0","0","0","0","0","0","0","0","0","0","0","0","0","0","0","0","0","0","4716","28400","119","20500","118","780700","42","107000"
"yune","track-b-product","jyut6ping3_mobile","key_sequence_process_with_context","neigojangingkeisatjinggoiziwunciucoenggeoizisyujapsinhojijung","35","61","61","19300000","183","18688400","20513","4218","159700","3760","4100","18300","410400","1200","58000","3760","0","301","61","111400","301","61","14400","61","0","305","915","4","80","55","5645","0","57","4177","1435300","6263","118","788400","5798","0","0","4177","118","0","0","11001","514500","17903","724","69884","37400","57","12207000","23708","22624","8934400","8334","1118","205800","45","8379","8379","1380","0","37","57","0","0","0","0","0","0","0","0","0","0","0","0","0","0","0","0","0","0","0","0","0","0","0","0","0","0","0","0","0","58","5418500","6262","3712","0","0","0","0","0","0","0","0","0","0","0","0","0","0","0","0","0","0","0","0","0","4716","33000","119","21100","118","788400","42","148300"
"yune","track-b-product","jyut6ping3_mobile","key_sequence_process_with_context","neigojangingkeisatjinggoiziwunciucoenggeoizisyujapsinhojijung","36","61","61","19209600","183","18599700","20513","4218","163500","3760","4700","18700","410300","1500","57900","3760","0","301","61","109800","301","61","14600","61","0","305","915","4","80","55","5645","0","57","4177","1425000","6263","118","761900","5798","0","0","4177","118","0","0","11001","529700","17903","724","69884","35300","57","12198100","23708","22624","8863900","8334","1118","202900","45","8379","8379","1380","0","37","57","0","0","0","0","0","0","0","0","0","0","0","0","0","0","0","0","0","0","0","0","0","0","0","0","0","0","0","0","0","58","5346300","6262","3712","0","0","0","0","0","0","0","0","0","0","0","0","0","0","0","0","0","0","0","0","0","4716","51200","119","20100","118","761900","42","107100"
"yune","track-b-product","jyut6ping3_mobile","key_sequence_process_with_context","neigojangingkeisatjinggoiziwunciucoenggeoizisyujapsinhojijung","37","61","61","19124200","183","18516200","20513","4218","172900","3760","4800","19100","407800","1300","58100","3760","0","301","61","109600","301","61","14300","61","0","305","915","4","80","55","5645","0","57","4177","1417800","6263","118","755600","5798","0","0","4177","118","0","0","11001","519400","17903","724","69884","35400","57","12145100","23708","22624","8868700","8334","1118","205000","45","8379","8379","1380","0","37","57","0","0","0","0","0","0","0","0","0","0","0","0","0","0","0","0","0","0","0","0","0","0","0","0","0","0","0","0","0","58","5345100","6262","3712","0","0","0","0","0","0","0","0","0","0","0","0","0","0","0","0","0","0","0","0","0","4716","29600","119","20500","118","755600","42","106100"
"yune","track-b-product","jyut6ping3_mobile","key_sequence_process_with_context","neigojangingkeisatjinggoiziwunciucoenggeoizisyujapsinhojijung","38","61","61","19169500","183","18560700","20513","4218","162000","3760","4400","19400","409900","1200","57000","3760","0","301","61","109300","301","61","13900","61","0","305","915","4","80","55","5645","0","57","4177","1431200","6263","118","763500","5798","0","0","4177","118","0","0","11001","505800","17903","724","69884","34500","57","12184400","23708","22624","8914200","8334","1118","203400","45","8379","8379","1380","0","37","57","0","0","0","0","0","0","0","0","0","0","0","0","0","0","0","0","0","0","0","0","0","0","0","0","0","0","0","0","0","58","5344900","6262","3712","0","0","0","0","0","0","0","0","0","0","0","0","0","0","0","0","0","0","0","0","0","4716","28300","119","20600","118","763500","42","106600"
"yune","track-b-product","jyut6ping3_mobile","key_sequence_process_with_context","neigojangingkeisatjinggoiziwunciucoenggeoizisyujapsinhojijung","39","61","61","19128100","183","18521700","20513","4218","167600","3760","4700","18400","405500","1600","57900","3760","0","301","61","123600","301","61","14300","61","0","305","915","4","80","55","5645","0","57","4177","1416900","6263","118","753500","5798","0","0","4177","118","0","0","11001","525900","17903","724","69884","37400","57","12168300","23708","22624","8884600","8334","1118","202600","45","8379","8379","1380","0","37","57","0","0","0","0","0","0","0","0","0","0","0","0","0","0","0","0","0","0","0","0","0","0","0","0","0","0","0","0","0","58","5333700","6262","3712","0","0","0","0","0","0","0","0","0","0","0","0","0","0","0","0","0","0","0","0","0","4716","25000","119","20600","118","753500","42","107300"
"yune","track-b-product","jyut6ping3_mobile","key_sequence_process_with_context","neigojangingkeisatjinggoiziwunciucoenggeoizisyujapsinhojijung","40","61","61","19094500","183","18485600","20513","4218","170700","3760","4400","19200","408500","1200","59000","3760","0","301","61","110700","301","61","14200","61","0","305","915","4","80","55","5645","0","57","4177","1412700","6263","118","758700","5798","0","0","4177","118","0","0","11001","518400","17903","724","69884","35300","57","12153000","23708","22624","8855000","8334","1118","202600","45","8379","8379","1380","0","37","57","0","0","0","0","0","0","0","0","0","0","0","0","0","0","0","0","0","0","0","0","0","0","0","0","0","0","0","0","0","58","5309900","6262","3712","0","0","0","0","0","0","0","0","0","0","0","0","0","0","0","0","0","0","0","0","0","4716","26100","119","21400","118","758700","42","106800"
"yune","track-b-product","jyut6ping3_mobile","key_sequence_process_with_context","neigojangingkeisatjinggoiziwunciucoenggeoizisyujapsinhojijung","41","61","61","19042400","183","18437800","20513","4218","171700","3760","4700","18900","404700","1100","58900","3760","0","301","61","108700","301","61","14300","61","0","305","915","4","80","55","5645","0","57","4177","1415600","6263","118","754200","5798","0","0","4177","118","0","0","11001","524100","17903","724","69884","35300","57","12104100","23708","22624","8822900","8334","1118","202200","45","8379","8379","1380","0","37","57","0","0","0","0","0","0","0","0","0","0","0","0","0","0","0","0","0","0","0","0","0","0","0","0","0","0","0","0","0","58","5315600","6262","3712","0","0","0","0","0","0","0","0","0","0","0","0","0","0","0","0","0","0","0","0","0","4716","24900","119","21000","118","754200","42","107300"
"yune","track-b-product","jyut6ping3_mobile","key_sequence_process_with_context","neigojangingkeisatjinggoiziwunciucoenggeoizisyujapsinhojijung","42","61","61","19172700","183","18543700","20513","4218","157500","3760","4200","18900","412900","1500","59700","3760","0","301","61","110400","301","61","14500","61","0","305","915","4","80","55","5645","0","57","4177","1444500","6263","118","764600","5798","0","0","4177","118","0","0","11001","510900","17903","724","69884","35900","57","12139300","23708","22624","8857900","8334","1118","203600","45","8379","8379","1380","0","37","57","0","0","0","0","0","0","0","0","0","0","0","0","0","0","0","0","0","0","0","0","0","0","0","0","0","0","0","0","0","58","5373900","6262","3712","0","0","0","0","0","0","0","0","0","0","0","0","0","0","0","0","0","0","0","0","0","4716","26600","119","21400","118","764600","42","108000"
"yune","track-b-product","jyut6ping3_mobile","key_sequence_process_with_context","neigojangingkeisatjinggoiziwunciucoenggeoizisyujapsinhojijung","43","61","61","19107400","183","18497300","20513","4218","171000","3760","4800","19000","408900","1300","60900","3760","0","301","61","110100","301","61","14300","61","0","305","915","4","80","55","5645","0","57","4177","1407500","6263","118","770000","5798","0","0","4177","118","0","0","11001","512900","17903","724","69884","35700","57","12158000","23708","22624","8891300","8334","1118","203400","45","8379","8379","1380","0","37","57","0","0","0","0","0","0","0","0","0","0","0","0","0","0","0","0","0","0","0","0","0","0","0","0","0","0","0","0","0","58","5299800","6262","3712","0","0","0","0","0","0","0","0","0","0","0","0","0","0","0","0","0","0","0","0","0","4716","30100","119","19900","118","770000","42","106700"
"yune","track-b-product","jyut6ping3_mobile","key_sequence_process_with_context","neigojangingkeisatjinggoiziwunciucoenggeoizisyujapsinhojijung","44","61","61","19068500","183","18459100","20513","4218","166000","3760","4800","18600","405100","1800","61200","3760","0","301","61","108300","301","61","14000","61","0","305","915","4","80","55","5645","0","57","4177","1415600","6263","118","766400","5798","0","0","4177","118","0","0","11001","516100","17903","724","69884","35100","57","12133700","23708","22624","8853700","8334","1118","203100","45","8379","8379","1380","0","37","57","0","0","0","0","0","0","0","0","0","0","0","0","0","0","0","0","0","0","0","0","0","0","0","0","0","0","0","0","0","58","5286800","6262","3712","0","0","0","0","0","0","0","0","0","0","0","0","0","0","0","0","0","0","0","0","0","4716","31700","119","20800","118","766400","42","107400"
"yune","track-b-product","jyut6ping3_mobile","key_sequence_process_with_context","neigojangingkeisatjinggoiziwunciucoenggeoizisyujapsinhojijung","45","61","61","19080400","183","18469400","20513","4218","163300","3760","4200","18000","413300","1800","57400","3760","0","301","61","108500","301","61","14600","61","0","305","915","4","80","55","5645","0","57","4177","1414500","6263","118","758300","5798","0","0","4177","118","0","0","11001","513000","17903","724","69884","34900","57","12125300","23708","22624","8859800","8334","1118","203200","45","8379","8379","1380","0","37","57","0","0","0","0","0","0","0","0","0","0","0","0","0","0","0","0","0","0","0","0","0","0","0","0","0","0","0","0","0","58","5313800","6262","3712","0","0","0","0","0","0","0","0","0","0","0","0","0","0","0","0","0","0","0","0","0","4716","26300","119","20600","118","758300","42","106100"
"yune","track-b-product","jyut6ping3_mobile","key_sequence_process_with_context","neigojangingkeisatjinggoiziwunciucoenggeoizisyujapsinhojijung","46","61","61","19177900","183","18574400","20513","4218","169400","3760","4600","18800","404400","1100","56700","3760","0","301","61","109200","301","61","16700","61","0","305","915","4","80","55","5645","0","57","4177","1418100","6263","118","760000","5798","0","0","4177","118","0","0","11001","507000","17903","724","69884","38000","57","12213100","23708","22624","8926300","8334","1118","199200","45","8379","8379","1380","0","37","57","0","0","0","0","0","0","0","0","0","0","0","0","0","0","0","0","0","0","0","0","0","0","0","0","0","0","0","0","0","58","5334200","6262","3712","0","0","0","0","0","0","0","0","0","0","0","0","0","0","0","0","0","0","0","0","0","4716","25100","119","20100","118","760000","42","107200"
"yune","track-b-product","jyut6ping3_mobile","key_sequence_process_with_context","neigojangingkeisatjinggoiziwunciucoenggeoizisyujapsinhojijung","47","61","61","19114700","183","18510800","20513","4218","165800","3760","5300","18800","402700","1100","58100","3760","0","301","61","112100","301","61","14600","61","0","305","915","4","80","55","5645","0","57","4177","1407700","6263","118","771100","5798","0","0","4177","118","0","0","11001","525600","17903","724","69884","36100","57","12172600","23708","22624","8891400","8334","1118","202200","45","8379","8379","1380","0","37","57","0","0","0","0","0","0","0","0","0","0","0","0","0","0","0","0","0","0","0","0","0","0","0","0","0","0","0","0","0","58","5296200","6262","3712","0","0","0","0","0","0","0","0","0","0","0","0","0","0","0","0","0","0","0","0","0","4716","25200","119","19800","118","771100","42","105400"
"yune","track-b-product","jyut6ping3_mobile","key_sequence_process_with_context","neigojangingkeisatjinggoiziwunciucoenggeoizisyujapsinhojijung","48","61","61","19037000","183","18433500","20513","4218","164400","3760","4300","18400","400700","1700","60900","3760","0","301","61","110100","301","61","14500","61","0","305","915","4","80","55","5645","0","57","4177","1403800","6263","118","769200","5798","0","0","4177","118","0","0","11001","524700","17903","724","69884","34700","57","12104100","23708","22624","8835000","8334","1118","198200","45","8379","8379","1380","0","37","57","0","0","0","0","0","0","0","0","0","0","0","0","0","0","0","0","0","0","0","0","0","0","0","0","0","0","0","0","0","58","5289800","6262","3712","0","0","0","0","0","0","0","0","0","0","0","0","0","0","0","0","0","0","0","0","0","4716","30100","119","20100","118","769200","42","107200"
"yune","track-b-product","jyut6ping3_mobile","key_sequence_process_with_context","neigojangingkeisatjinggoiziwunciucoenggeoizisyujapsinhojijung","49","61","61","19747000","183","19124900","20513","4218","159800","3760","4800","19900","413100","1200","57500","3760","0","301","61","113300","301","61","18300","61","0","305","915","4","80","55","5645","0","57","4177","1492700","6263","118","755400","5798","0","0","4177","118","0","0","11001","559600","17903","724","69884","35500","57","12506000","23708","22624","9160900","8334","1118","205100","45","8379","8379","1380","0","37","57","0","0","0","0","0","0","0","0","0","0","0","0","0","0","0","0","0","0","0","0","0","0","0","0","0","0","0","0","0","58","5588600","6262","3712","0","0","0","0","0","0","0","0","0","0","0","0","0","0","0","0","0","0","0","0","0","4716","26500","119","19500","118","755400","42","108400"
"yune","track-b-product","jyut6ping3_mobile","key_sequence_process_with_context","neigojangingkeisatjinggoiziwunciucoenggeoizisyujapsinhojijung","50","61","61","18977500","183","18365900","20513","4218","163600","3760","4100","18600","406100","1800","58500","3760","0","301","61","111200","301","61","15200","61","0","305","915","4","80","55","5645","0","57","4177","1394400","6263","118","770900","5798","0","0","4177","118","0","0","11001","526000","17903","724","69884","36200","57","12056100","23708","22624","8768700","8334","1118","197700","45","8379","8379","1380","0","37","57","0","0","0","0","0","0","0","0","0","0","0","0","0","0","0","0","0","0","0","0","0","0","0","0","0","0","0","0","0","58","5271400","6262","3712","0","0","0","0","0","0","0","0","0","0","0","0","0","0","0","0","0","0","0","0","0","4716","25300","119","19300","118","770900","42","109500"
"yune","track-b-product","jyut6ping3_mobile","key_sequence_process_with_context","neigojangingkeisatjinggoiziwunciucoenggeoizisyujapsinhojijung","51","61","61","19155800","183","18545000","20513","4218","167200","3760","4600","19100","407700","1500","57700","3760","0","301","61","109600","301","61","14300","61","0","305","915","4","80","55","5645","0","57","4177","1399400","6263","118","769600","5798","0","0","4177","118","0","0","11001","527500","17903","724","69884","37100","57","12223900","23708","22624","8930800","8334","1118","201000","45","8379","8379","1380","0","37","57","0","0","0","0","0","0","0","0","0","0","0","0","0","0","0","0","0","0","0","0","0","0","0","0","0","0","0","0","0","58","5281600","6262","3712","0","0","0","0","0","0","0","0","0","0","0","0","0","0","0","0","0","0","0","0","0","4716","29000","119","20600","118","769600","42","107500"
"yune","track-b-product","jyut6ping3_mobile","key_sequence_process_with_context","neigojangingkeisatjinggoiziwunciucoenggeoizisyujapsinhojijung","52","61","61","19899100","183","19267500","20513","4218","155000","3760","5200","18700","428500","1400","57200","3760","0","301","61","116900","301","61","15000","61","0","305","915","4","80","55","5645","0","57","4177","1401900","6263","118","896000","5798","0","0","4177","118","0","0","11001","586400","17903","724","69884","35700","57","12703000","23708","22624","9410500","8334","1118","205800","45","8379","8379","1380","0","37","57","0","0","0","0","0","0","0","0","0","0","0","0","0","0","0","0","0","0","0","0","0","0","0","0","0","0","0","0","0","58","5359400","6262","3712","0","0","0","0","0","0","0","0","0","0","0","0","0","0","0","0","0","0","0","0","0","4716","58800","119","19700","118","896000","42","116800"
"yune","track-b-product","jyut6ping3_mobile","key_sequence_process_with_context","neigojangingkeisatjinggoiziwunciucoenggeoizisyujapsinhojijung","53","61","61","19477300","183","18855000","20513","4218","170100","3760","5200","18700","420900","1200","58000","3760","0","301","61","111400","301","61","14600","61","0","305","915","4","80","55","5645","0","57","4177","1385300","6263","118","911400","5798","0","0","4177","118","0","0","11001","580100","17903","724","69884","34700","57","12347500","23708","22624","9051000","8334","1118","201600","45","8379","8379","1380","0","37","57","0","0","0","0","0","0","0","0","0","0","0","0","0","0","0","0","0","0","0","0","0","0","0","0","0","0","0","0","0","58","5277000","6262","3712","0","0","0","0","0","0","0","0","0","0","0","0","0","0","0","0","0","0","0","0","0","4716","71500","119","19800","118","911400","42","113800"
"yune","track-b-product","jyut6ping3_mobile","key_sequence_process_with_context","neigojangingkeisatjinggoiziwunciucoenggeoizisyujapsinhojijung","54","61","61","19168800","183","18559600","20513","4218","168000","3760","4600","19200","410000","1500","57800","3760","0","301","61","110100","301","61","14000","61","0","305","915","4","80","55","5645","0","57","4177","1398500","6263","118","818600","5798","0","0","4177","118","0","0","11001","554300","17903","724","69884","32700","57","12149700","23708","22624","8848900","8334","1118","207400","45","8379","8379","1380","0","37","57","0","0","0","0","0","0","0","0","0","0","0","0","0","0","0","0","0","0","0","0","0","0","0","0","0","0","0","0","0","58","5305100","6262","3712","0","0","0","0","0","0","0","0","0","0","0","0","0","0","0","0","0","0","0","0","0","4716","43300","119","19100","118","818600","42","108900"
"yune","track-b-product","jyut6ping3_mobile","key_sequence_process_with_context","neigojangingkeisatjinggoiziwunciucoenggeoizisyujapsinhojijung","55","61","61","19067400","183","18459300","20513","4218","156300","3760","4900","19000","407300","1600","57400","3760","0","301","61","112600","301","61","14500","61","0","305","915","4","80","55","5645","0","57","4177","1396000","6263","118","780000","5798","0","0","4177","118","0","0","11001","535200","17903","724","69884","38500","57","12098300","23708","22624","8803600","8334","1118","197100","45","8379","8379","1380","0","37","57","0","0","0","0","0","0","0","0","0","0","0","0","0","0","0","0","0","0","0","0","0","0","0","0","0","0","0","0","0","58","5303000","6262","3712","0","0","0","0","0","0","0","0","0","0","0","0","0","0","0","0","0","0","0","0","0","4716","36600","119","19500","118","780000","42","109800"
"yune","track-b-product","jyut6ping3_mobile","key_sequence_process_with_context","neigojangingkeisatjinggoiziwunciucoenggeoizisyujapsinhojijung","56","61","61","19575400","183","18953500","20513","4218","151200","3760","4800","20100","416100","1400","59000","3760","0","301","61","118800","301","61","14200","61","0","305","915","4","80","55","5645","0","57","4177","1400800","6263","118","769600","5798","0","0","4177","118","0","0","11001","550200","17903","724","69884","35400","57","12367300","23708","22624","9030100","8334","1118","202000","45","8379","8379","1380","0","37","57","0","0","0","0","0","0","0","0","0","0","0","0","0","0","0","0","0","0","0","0","0","0","0","0","0","0","0","0","0","58","5529000","6262","3712","0","0","0","0","0","0","0","0","0","0","0","0","0","0","0","0","0","0","0","0","0","4716","39000","119","20400","118","769600","42","112600"
"yune","track-b-product","jyut6ping3_mobile","key_sequence_process_with_context","neigojangingkeisatjinggoiziwunciucoenggeoizisyujapsinhojijung","57","61","61","19126700","183","18524200","20513","4218","167600","3760","5200","18800","403000","1600","57200","3760","0","301","61","110700","301","61","14500","61","0","305","915","4","80","55","5645","0","57","4177","1397300","6263","118","775800","5798","0","0","4177","118","0","0","11001","545200","17903","724","69884","38000","57","12143700","23708","22624","8864400","8334","1118","197600","45","8379","8379","1380","0","37","57","0","0","0","0","0","0","0","0","0","0","0","0","0","0","0","0","0","0","0","0","0","0","0","0","0","0","0","0","0","58","5293900","6262","3712","0","0","0","0","0","0","0","0","0","0","0","0","0","0","0","0","0","0","0","0","0","4716","70500","119","21100","118","775800","42","108700"
"yune","track-b-product","jyut6ping3_mobile","key_sequence_process_with_context","neigojangingkeisatjinggoiziwunciucoenggeoizisyujapsinhojijung","58","61","61","19029600","183","18429700","20513","4218","161200","3760","4900","18800","400500","1700","57400","3760","0","301","61","109600","301","61","14700","61","0","305","915","4","80","55","5645","0","57","4177","1391400","6263","118","755000","5798","0","0","4177","118","0","0","11001","497200","17903","724","69884","38100","57","12111000","23708","22624","8837100","8334","1118","197400","45","8379","8379","1380","0","37","57","0","0","0","0","0","0","0","0","0","0","0","0","0","0","0","0","0","0","0","0","0","0","0","0","0","0","0","0","0","58","5293600","6262","3712","0","0","0","0","0","0","0","0","0","0","0","0","0","0","0","0","0","0","0","0","0","4716","30700","119","19500","118","755000","42","107300"
"yune","track-b-product","jyut6ping3_mobile","key_sequence_process_with_context","neigojangingkeisatjinggoiziwunciucoenggeoizisyujapsinhojijung","59","61","61","19061300","183","18457100","20513","4218","148900","3760","4900","18700","404000","1100","57800","3760","0","301","61","109700","301","61","14500","61","0","305","915","4","80","55","5645","0","57","4177","1406800","6263","118","755000","5798","0","0","4177","118","0","0","11001","503400","17903","724","69884","33900","57","12126200","23708","22624","8850000","8334","1118","196900","45","8379","8379","1380","0","37","57","0","0","0","0","0","0","0","0","0","0","0","0","0","0","0","0","0","0","0","0","0","0","0","0","0","0","0","0","0","58","5309100","6262","3712","0","0","0","0","0","0","0","0","0","0","0","0","0","0","0","0","0","0","0","0","0","4716","28100","119","20300","118","755000","42","106600"
"yune","track-b-product","jyut6ping3_mobile","key_sequence_process_with_context","neigojangingkeisatjinggoiziwunciucoenggeoizisyujapsinhojijung","60","61","61","18961300","183","18354500","20513","4218","167000","3760","5000","19100","405900","1300","58200","3760","0","301","61","109400","301","61","14600","61","0","305","915","4","80","55","5645","0","57","4177","1379800","6263","118","757900","5798","0","0","4177","118","0","0","11001","513100","17903","724","69884","33900","57","12036500","23708","22624","8762500","8334","1118","204200","45","8379","8379","1380","0","37","57","0","0","0","0","0","0","0","0","0","0","0","0","0","0","0","0","0","0","0","0","0","0","0","0","0","0","0","0","0","58","5291900","6262","3712","0","0","0","0","0","0","0","0","0","0","0","0","0","0","0","0","0","0","0","0","0","4716","30300","119","19400","118","757900","42","108600"
"yune","track-b-product","jyut6ping3_mobile","key_sequence_process_with_context","neigojangingkeisatjinggoiziwunciucoenggeoizisyujapsinhojijung","61","61","61","20448400","183","19790100","20513","4218","164600","3760","6600","21600","429600","1200","62400","3760","0","301","61","121600","301","61","16800","61","0","305","915","4","80","55","5645","0","57","4177","1458300","6263","118","763500","5798","0","0","4177","118","0","0","11001","604900","17903","724","69884","40300","57","13077400","23708","22624","9571000","8334","1118","211200","45","8379","8379","1380","0","37","57","0","0","0","0","0","0","0","0","0","0","0","0","0","0","0","0","0","0","0","0","0","0","0","0","0","0","0","0","0","58","5615600","6262","3712","0","0","0","0","0","0","0","0","0","0","0","0","0","0","0","0","0","0","0","0","0","4716","72100","119","21400","118","763500","42","106700"
"yune","track-b-product","jyut6ping3_mobile","key_sequence_process_with_context","neigojangingkeisatjinggoiziwunciucoenggeoizisyujapsinhojijung","62","61","61","18873200","183","18264900","20513","4218","167300","3760","4800","19200","403800","1700","57700","3760","0","301","61","112100","301","61","15200","61","0","305","915","4","80","55","5645","0","57","4177","1378000","6263","118","777900","5798","0","0","4177","118","0","0","11001","556800","17903","724","69884","39000","57","11931100","23708","22624","8624500","8334","1118","199600","45","8379","8379","1380","0","37","57","0","0","0","0","0","0","0","0","0","0","0","0","0","0","0","0","0","0","0","0","0","0","0","0","0","0","0","0","0","58","5265600","6262","3712","0","0","0","0","0","0","0","0","0","0","0","0","0","0","0","0","0","0","0","0","0","4716","47100","119","19700","118","777900","42","107300"
"yune","track-b-product","jyut6ping3_mobile","key_sequence_process_with_context","neigojangingkeisatjinggoiziwunciucoenggeoizisyujapsinhojijung","63","61","61","19040800","183","18431400","20513","4218","162500","3760","4800","17800","408800","1400","57500","3760","0","301","61","109000","301","61","14100","61","0","305","915","4","80","55","5645","0","57","4177","1424900","6263","118","804800","5798","0","0","4177","118","0","0","11001","538800","17903","724","69884","36000","57","11973900","23708","22624","8644500","8334","1118","195200","45","8379","8379","1380","0","37","57","0","0","0","0","0","0","0","0","0","0","0","0","0","0","0","0","0","0","0","0","0","0","0","0","0","0","0","0","0","58","5348500","6262","3712","0","0","0","0","0","0","0","0","0","0","0","0","0","0","0","0","0","0","0","0","0","4716","40400","119","21300","118","804800","42","110900"
"yune","track-b-product","jyut6ping3_mobile","key_sequence_process_with_context","neigojangingkeisatjinggoiziwunciucoenggeoizisyujapsinhojijung","64","61","61","18674200","183","18068000","20513","4218","162700","3760","4300","18900","406200","1400","58700","3760","0","301","61","109100","301","61","14300","61","0","305","915","4","80","55","5645","0","57","4177","1374000","6263","118","765900","5798","0","0","4177","118","0","0","11001","528400","17903","724","69884","35600","57","11828400","23708","22624","8544900","8334","1118","194600","45","8379","8379","1380","0","37","57","0","0","0","0","0","0","0","0","0","0","0","0","0","0","0","0","0","0","0","0","0","0","0","0","0","0","0","0","0","58","5197600","6262","3712","0","0","0","0","0","0","0","0","0","0","0","0","0","0","0","0","0","0","0","0","0","4716","38300","119","19800","118","765900","42","109000"
"yune","track-b-product","jyut6ping3_mobile","key_sequence_process_with_context","neigojangingkeisatjinggoiziwunciucoenggeoizisyujapsinhojijung","65","61","61","19316200","183","18700400","20513","4218","173900","3760","5200","19500","407600","1000","58900","3760","0","301","61","113100","301","61","14700","61","0","305","915","4","80","55","5645","0","57","4177","1370000","6263","118","758300","5798","0","0","4177","118","0","0","11001","572600","17903","724","69884","35100","57","12407800","23708","22624","9053400","8334","1118","201500","45","8379","8379","1380","0","37","57","0","0","0","0","0","0","0","0","0","0","0","0","0","0","0","0","0","0","0","0","0","0","0","0","0","0","0","0","0","58","5261500","6262","3712","0","0","0","0","0","0","0","0","0","0","0","0","0","0","0","0","0","0","0","0","0","4716","32200","119","19500","118","758300","42","107800"
"yune","track-b-product","jyut6ping3_mobile","key_sequence_process_with_context","neigojangingkeisatjinggoiziwunciucoenggeoizisyujapsinhojijung","66","61","61","18779000","183","18161700","20513","4218","163200","3760","4200","18700","412100","1000","59100","3760","0","301","61","109900","301","61","14500","61","0","305","915","4","80","55","5645","0","57","4177","1384100","6263","118","770400","5798","0","0","4177","118","0","0","11001","534400","17903","724","69884","35400","57","11893300","23708","22624","8586300","8334","1118","192600","45","8379","8379","1380","0","37","57","0","0","0","0","0","0","0","0","0","0","0","0","0","0","0","0","0","0","0","0","0","0","0","0","0","0","0","0","0","58","5222200","6262","3712","0","0","0","0","0","0","0","0","0","0","0","0","0","0","0","0","0","0","0","0","0","4716","35100","119","18800","118","770400","42","107700"
"yune","track-b-product","jyut6ping3_mobile","key_sequence_process_with_context","neigojangingkeisatjinggoiziwunciucoenggeoizisyujapsinhojijung","67","61","61","18687900","183","18075300","20513","4218","168500","3760","5200","19000","409700","900","60400","3760","0","301","61","109800","301","61","13900","61","0","305","915","4","80","55","5645","0","57","4177","1378000","6263","118","770000","5798","0","0","4177","118","0","0","11001","513200","17903","724","69884","36400","57","11848400","23708","22624","8556700","8334","1118","199400","45","8379","8379","1380","0","37","57","0","0","0","0","0","0","0","0","0","0","0","0","0","0","0","0","0","0","0","0","0","0","0","0","0","0","0","0","0","58","5188400","6262","3712","0","0","0","0","0","0","0","0","0","0","0","0","0","0","0","0","0","0","0","0","0","4716","30700","119","19800","118","770000","42","105500"
"yune","track-b-product","jyut6ping3_mobile","key_sequence_process_with_context","neigojangingkeisatjinggoiziwunciucoenggeoizisyujapsinhojijung","68","61","61","18711000","183","18091300","20513","4218","168500","3760","5000","19400","415800","2200","61900","3760","0","301","61","111500","301","61","14200","61","0","305","915","4","80","55","5645","0","57","4177","1371500","6263","118","751100","5798","0","0","4177","118","0","0","11001","516800","17903","724","69884","34700","57","11879500","23708","22624","8585300","8334","1118","192300","45","8379","8379","1380","0","37","57","0","0","0","0","0","0","0","0","0","0","0","0","0","0","0","0","0","0","0","0","0","0","0","0","0","0","0","0","0","58","5196800","6262","3712","0","0","0","0","0","0","0","0","0","0","0","0","0","0","0","0","0","0","0","0","0","4716","28000","119","18900","118","751100","42","104100"
"yune","track-b-product","jyut6ping3_mobile","key_sequence_process_with_context","neigojangingkeisatjinggoiziwunciucoenggeoizisyujapsinhojijung","69","61","61","18911500","183","18293700","20513","4218","161400","3760","4400","19300","412200","1400","61900","3760","0","301","61","111300","301","61","13800","61","0","305","915","4","80","55","5645","0","57","4177","1383900","6263","118","763900","5798","0","0","4177","118","0","0","11001","547700","17903","724","69884","33800","57","12053100","23708","22624","8730000","8334","1118","197500","45","8379","8379","1380","0","37","57","0","0","0","0","0","0","0","0","0","0","0","0","0","0","0","0","0","0","0","0","0","0","0","0","0","0","0","0","0","58","5214200","6262","3712","0","0","0","0","0","0","0","0","0","0","0","0","0","0","0","0","0","0","0","0","0","4716","26400","119","18700","118","763900","42","105500"
"yune","track-b-product","jyut6ping3_mobile","key_sequence_process_with_context","neigojangingkeisatjinggoiziwunciucoenggeoizisyujapsinhojijung","70","61","61","18966800","183","18362100","20513","4218","168400","3760","4700","18200","403400","1100","59800","3760","0","301","61","110400","301","61","14400","61","0","305","915","4","80","55","5645","0","57","4177","1386000","6263","118","850600","5798","0","0","4177","118","0","0","11001","553900","17903","724","69884","33800","57","12013900","23708","22624","8705500","8334","1118","194000","45","8379","8379","1380","0","37","57","0","0","0","0","0","0","0","0","0","0","0","0","0","0","0","0","0","0","0","0","0","0","0","0","0","0","0","0","0","58","5203600","6262","3712","0","0","0","0","0","0","0","0","0","0","0","0","0","0","0","0","0","0","0","0","0","4716","49600","119","19500","118","850600","42","109900"
"yune","track-b-product","jyut6ping3_mobile","key_sequence_process_with_context","neigojangingkeisatjinggoiziwunciucoenggeoizisyujapsinhojijung","71","61","61","18845200","183","18247700","20513","4218","170500","3760","4600","18500","397400","1100","57400","3760","0","301","61","110400","301","61","13300","61","0","305","915","4","80","55","5645","0","57","4177","1374800","6263","118","808600","5798","0","0","4177","118","0","0","11001","541500","17903","724","69884","36400","57","11936000","23708","22624","8645100","8334","1118","193800","45","8379","8379","1380","0","37","57","0","0","0","0","0","0","0","0","0","0","0","0","0","0","0","0","0","0","0","0","0","0","0","0","0","0","0","0","0","58","5215400","6262","3712","0","0","0","0","0","0","0","0","0","0","0","0","0","0","0","0","0","0","0","0","0","4716","48500","119","20600","118","808600","42","106900"
"yune","track-b-product","jyut6ping3_mobile","key_sequence_process_with_context","neigojangingkeisatjinggoiziwunciucoenggeoizisyujapsinhojijung","72","61","61","18778200","183","18179900","20513","4218","167500","3760","5100","18800","398200","1400","57000","3760","0","301","61","110500","301","61","14500","61","0","305","915","4","80","55","5645","0","57","4177","1367500","6263","118","767100","5798","0","0","4177","118","0","0","11001","544600","17903","724","69884","33400","57","11936500","23708","22624","8626200","8334","1118","195900","45","8379","8379","1380","0","37","57","0","0","0","0","0","0","0","0","0","0","0","0","0","0","0","0","0","0","0","0","0","0","0","0","0","0","0","0","0","58","5192500","6262","3712","0","0","0","0","0","0","0","0","0","0","0","0","0","0","0","0","0","0","0","0","0","4716","43400","119","19200","118","767100","42","106100"
"yune","track-b-product","jyut6ping3_mobile","key_sequence_process_with_context","neigojangingkeisatjinggoiziwunciucoenggeoizisyujapsinhojijung","73","61","61","18874200","183","18274900","20513","4218","163200","3760","4800","17800","397200","1200","57500","3760","0","301","61","109800","301","61","14300","61","0","305","915","4","80","55","5645","0","57","4177","1388600","6263","118","754200","5798","0","0","4177","118","0","0","11001","530500","17903","724","69884","35800","57","11963900","23708","22624","8664300","8334","1118","193700","45","8379","8379","1380","0","37","57","0","0","0","0","0","0","0","0","0","0","0","0","0","0","0","0","0","0","0","0","0","0","0","0","0","0","0","0","0","58","5282700","6262","3712","0","0","0","0","0","0","0","0","0","0","0","0","0","0","0","0","0","0","0","0","0","4716","34000","119","18800","118","754200","42","107600"
"yune","track-b-product","jyut6ping3_mobile","key_sequence_process_with_context","neigojangingkeisatjinggoiziwunciucoenggeoizisyujapsinhojijung","74","61","61","18764300","183","18168200","20513","4218","164800","3760","4300","18400","395900","1100","57300","3760","0","301","61","108700","301","61","14800","61","0","305","915","4","80","55","5645","0","57","4177","1366500","6263","118","753900","5798","0","0","4177","118","0","0","11001","515500","17903","724","69884","36100","57","11921000","23708","22624","8617900","8334","1118","195700","45","8379","8379","1380","0","37","57","0","0","0","0","0","0","0","0","0","0","0","0","0","0","0","0","0","0","0","0","0","0","0","0","0","0","0","0","0","58","5228000","6262","3712","0","0","0","0","0","0","0","0","0","0","0","0","0","0","0","0","0","0","0","0","0","4716","29000","119","19500","118","753900","42","107900"
"yune","track-b-product","jyut6ping3_mobile","key_sequence_process_with_context","neigojangingkeisatjinggoiziwunciucoenggeoizisyujapsinhojijung","75","61","61","18781900","183","18187700","20513","4218","166600","3760","4200","18200","394400","1800","57400","3760","0","301","61","112300","301","61","14200","61","0","305","915","4","80","55","5645","0","57","4177","1383300","6263","118","753200","5798","0","0","4177","118","0","0","11001","515800","17903","724","69884","35000","57","11934900","23708","22624","8663800","8334","1118","195100","45","8379","8379","1380","0","37","57","0","0","0","0","0","0","0","0","0","0","0","0","0","0","0","0","0","0","0","0","0","0","0","0","0","0","0","0","0","58","5221500","6262","3712","0","0","0","0","0","0","0","0","0","0","0","0","0","0","0","0","0","0","0","0","0","4716","27000","119","19200","118","753200","42","108800"
"yune","track-b-product","jyut6ping3_mobile","key_sequence_process_with_context","neigojangingkeisatjinggoiziwunciucoenggeoizisyujapsinhojijung","76","61","61","18875300","183","18277200","20513","4218","160100","3760","4600","18500","398100","1700","57200","3760","0","301","61","109100","301","61","14500","61","0","305","915","4","80","55","5645","0","57","4177","1398700","6263","118","760800","5798","0","0","4177","118","0","0","11001","527100","17903","724","69884","34100","57","11981700","23708","22624","8676200","8334","1118","193700","45","8379","8379","1380","0","37","57","0","0","0","0","0","0","0","0","0","0","0","0","0","0","0","0","0","0","0","0","0","0","0","0","0","0","0","0","0","58","5270200","6262","3712","0","0","0","0","0","0","0","0","0","0","0","0","0","0","0","0","0","0","0","0","0","4716","26400","119","19400","118","760800","42","106800"
"yune","track-b-product","jyut6ping3_mobile","key_sequence_process_with_context","neigojangingkeisatjinggoiziwunciucoenggeoizisyujapsinhojijung","77","61","61","18805300","183","18200800","20513","4218","160400","3760","4300","18700","403800","1400","57700","3760","0","301","61","109600","301","61","13700","61","0","305","915","4","80","55","5645","0","57","4177","1380600","6263","118","772400","5798","0","0","4177","118","0","0","11001","510500","17903","724","69884","37200","57","11945100","23708","22624","8652400","8334","1118","194800","45","8379","8379","1380","0","37","57","0","0","0","0","0","0","0","0","0","0","0","0","0","0","0","0","0","0","0","0","0","0","0","0","0","0","0","0","0","58","5211800","6262","3712","0","0","0","0","0","0","0","0","0","0","0","0","0","0","0","0","0","0","0","0","0","4716","28800","119","19700","118","772400","42","107700"
"yune","track-b-product","jyut6ping3_mobile","key_sequence_process_with_context","neigojangingkeisatjinggoiziwunciucoenggeoizisyujapsinhojijung","78","61","61","18958200","183","18352500","20513","4218","172600","3760","4300","18700","403400","1300","57300","3760","0","301","61","151200","301","61","14300","61","0","305","915","4","80","55","5645","0","57","4177","1382400","6263","118","758300","5798","0","0","4177","118","0","0","11001","517400","17903","724","69884","75200","57","12092200","23708","22624","8790900","8334","1118","199100","45","8379","8379","1380","0","37","57","0","0","0","0","0","0","0","0","0","0","0","0","0","0","0","0","0","0","0","0","0","0","0","0","0","0","0","0","0","58","5237300","6262","3712","0","0","0","0","0","0","0","0","0","0","0","0","0","0","0","0","0","0","0","0","0","4716","27400","119","19900","118","758300","42","104200"
"yune","track-b-product","jyut6ping3_mobile","key_sequence_process_with_context","neigojangingkeisatjinggoiziwunciucoenggeoizisyujapsinhojijung","79","61","61","19088600","183","18476400","20513","4218","161600","3760","4600","19000","411400","1300","58000","3760","0","301","61","113500","301","61","14100","61","0","305","915","4","80","55","5645","0","57","4177","1394900","6263","118","824100","5798","0","0","4177","118","0","0","11001","541500","17903","724","69884","39000","57","12067700","23708","22624","8753200","8334","1118","198900","45","8379","8379","1380","0","37","57","0","0","0","0","0","0","0","0","0","0","0","0","0","0","0","0","0","0","0","0","0","0","0","0","0","0","0","0","0","58","5299500","6262","3712","0","0","0","0","0","0","0","0","0","0","0","0","0","0","0","0","0","0","0","0","0","4716","42200","119","18800","118","824100","42","111200"
