engine,track,schema_id,workload,input,sample_index,operation_count,total_us,us_per_operation,before_working_set_bytes,after_ready_working_set_bytes,after_finalize_working_set_bytes,peak_working_set_bytes,before_private_bytes,after_ready_private_bytes,after_finalize_private_bytes,private_bytes,pagefile_bytes,peak_pagefile_bytes
librime-1.17.0,track-a-comparison,luna_pinyin,startup_warm_shared_assets_runtime_ready,,0,1,41017.400,41017.400,7032832,10559488,9904128,11624448,1609728,3305472,2572288,3305472,3305472,5627904
librime-1.17.0,track-a-comparison,luna_pinyin,startup_warm_shared_assets_runtime_ready,,1,1,46416.400,46416.400,9904128,10940416,10121216,13328384,2572288,3858432,2945024,3858432,3858432,6017024
librime-1.17.0,track-a-comparison,luna_pinyin,startup_warm_shared_assets_runtime_ready,,2,1,23608.800,23608.800,10121216,10948608,10059776,13414400,2945024,3719168,2740224,3719168,3719168,6156288
librime-1.17.0,track-a-comparison,luna_pinyin,startup_warm_shared_assets_runtime_ready,,3,1,44025.800,44025.800,10059776,10969088,10141696,13451264,2740224,3780608,2887680,3780608,3780608,6225920
librime-1.17.0,track-a-comparison,luna_pinyin,startup_warm_shared_assets_runtime_ready,,4,1,25837.800,25837.800,10141696,10960896,10149888,13451264,2887680,3751936,3227648,3751936,3751936,6225920
librime-1.17.0,track-a-comparison,luna_pinyin,startup_warm_shared_assets_runtime_ready,,5,1,42919.000,42919.000,10149888,10973184,10141696,13451264,3227648,3772416,3215360,3772416,3772416,6225920
librime-1.17.0,track-a-comparison,luna_pinyin,startup_warm_shared_assets_runtime_ready,,6,1,23222.400,23222.400,10141696,10964992,10117120,13451264,3215360,3776512,2793472,3776512,3776512,6225920
librime-1.17.0,track-a-comparison,luna_pinyin,startup_warm_shared_assets_runtime_ready,,7,1,42441.100,42441.100,10117120,10960896,10113024,13451264,2793472,3756032,2789376,3756032,3756032,6225920
librime-1.17.0,track-a-comparison,luna_pinyin,startup_warm_shared_assets_runtime_ready,,8,1,23265.600,23265.600,10113024,10977280,10117120,13455360,2789376,3776512,2789376,3776512,3776512,6225920
librime-1.17.0,track-a-comparison,luna_pinyin,session_create_select_destroy,,0,1,41271.300,41271.300,10121216,10362880,unavailable,13463552,2793472,3153920,unavailable,3153920,3153920,6225920
librime-1.17.0,track-a-comparison,luna_pinyin,session_create_select_destroy,,1,1,21247.600,21247.600,10362880,10313728,unavailable,13463552,3153920,3108864,unavailable,3108864,3108864,6225920
librime-1.17.0,track-a-comparison,luna_pinyin,session_create_select_destroy,,2,1,42754.700,42754.700,10313728,10342400,unavailable,13463552,3108864,3104768,unavailable,3104768,3104768,6225920
librime-1.17.0,track-a-comparison,luna_pinyin,session_create_select_destroy,,3,1,21830.300,21830.300,10342400,10416128,unavailable,13463552,3104768,3637248,unavailable,3637248,3637248,6225920
librime-1.17.0,track-a-comparison,luna_pinyin,session_create_select_destroy,,4,1,41273.900,41273.900,10416128,10407936,unavailable,13463552,3637248,3424256,unavailable,3424256,3424256,6225920
librime-1.17.0,track-a-comparison,luna_pinyin,session_create_select_destroy,,5,1,25097.200,25097.200,10407936,10407936,unavailable,13467648,3424256,3637248,unavailable,3637248,3637248,6225920
librime-1.17.0,track-a-comparison,luna_pinyin,session_create_select_destroy,,6,1,41723.200,41723.200,10407936,10416128,unavailable,13467648,3637248,3608576,unavailable,3608576,3608576,6225920
librime-1.17.0,track-a-comparison,luna_pinyin,session_create_select_destroy,,7,1,20935.000,20935.000,10416128,10334208,unavailable,13467648,3608576,3010560,unavailable,3010560,3010560,6225920
librime-1.17.0,track-a-comparison,luna_pinyin,session_create_select_destroy,,8,1,41685.600,41685.600,10338304,10371072,unavailable,13467648,3039232,3047424,unavailable,3047424,3047424,6225920
librime-1.17.0,track-a-comparison,luna_pinyin,session_create_select_destroy,,9,1,21497.900,21497.900,10371072,10342400,unavailable,13467648,3047424,3018752,unavailable,3018752,3018752,6295552
librime-1.17.0,track-a-comparison,luna_pinyin,session_create_select_destroy,,10,1,45806.900,45806.900,10342400,10440704,unavailable,13484032,3018752,3465216,unavailable,3465216,3465216,6295552
librime-1.17.0,track-a-comparison,luna_pinyin,session_create_select_destroy,,11,1,23238.800,23238.800,10440704,10371072,unavailable,13484032,3465216,3051520,unavailable,3051520,3051520,6295552
librime-1.17.0,track-a-comparison,luna_pinyin,session_create_select_destroy,,12,1,43415.400,43415.400,10371072,10436608,unavailable,13484032,3051520,3518464,unavailable,3518464,3518464,6295552
librime-1.17.0,track-a-comparison,luna_pinyin,session_create_select_destroy,,13,1,22445.600,22445.600,10436608,10428416,unavailable,13484032,3518464,3272704,unavailable,3272704,3272704,6295552
librime-1.17.0,track-a-comparison,luna_pinyin,session_create_select_destroy,,14,1,51242.800,51242.800,10432512,10534912,unavailable,13488128,3272704,3223552,unavailable,3223552,3223552,6295552
librime-1.17.0,track-a-comparison,luna_pinyin,session_create_select_destroy,,15,1,22382.500,22382.500,10534912,10493952,unavailable,13488128,3223552,3530752,unavailable,3530752,3530752,6295552
librime-1.17.0,track-a-comparison,luna_pinyin,session_create_select_destroy,,16,1,49065.600,49065.600,10493952,10522624,unavailable,13537280,3530752,3559424,unavailable,3559424,3559424,6295552
librime-1.17.0,track-a-comparison,luna_pinyin,session_create_select_destroy,,17,1,21088.800,21088.800,10522624,10440704,unavailable,13537280,3559424,3125248,unavailable,3125248,3125248,6295552
librime-1.17.0,track-a-comparison,luna_pinyin,session_create_select_destroy,,18,1,50750.800,50750.800,10440704,10530816,unavailable,13537280,3125248,3420160,unavailable,3420160,3420160,6295552
librime-1.17.0,track-a-comparison,luna_pinyin,session_create_select_destroy,,19,1,23186.800,23186.800,10530816,10579968,unavailable,13537280,3420160,3354624,unavailable,3354624,3354624,6365184
librime-1.17.0,track-a-comparison,luna_pinyin,session_create_select_destroy,,20,1,46028.800,46028.800,10579968,10600448,unavailable,13537280,3354624,3289088,unavailable,3289088,3289088,6365184
librime-1.17.0,track-a-comparison,luna_pinyin,session_create_select_destroy,,21,1,22969.700,22969.700,10600448,10588160,unavailable,13537280,3289088,3268608,unavailable,3268608,3268608,6365184
librime-1.17.0,track-a-comparison,luna_pinyin,session_create_select_destroy,,22,1,42035.200,42035.200,10588160,10588160,unavailable,13537280,3268608,3268608,unavailable,3268608,3268608,6365184
librime-1.17.0,track-a-comparison,luna_pinyin,session_create_select_destroy,,23,1,24232.100,24232.100,10588160,10600448,unavailable,13537280,3268608,3518464,unavailable,3518464,3518464,6365184
librime-1.17.0,track-a-comparison,luna_pinyin,session_create_select_destroy,,24,1,47449.900,47449.900,10604544,10567680,unavailable,13537280,3547136,3383296,unavailable,3383296,3383296,6365184
librime-1.17.0,track-a-comparison,luna_pinyin,session_create_select_destroy,,25,1,21308.400,21308.400,10567680,10567680,unavailable,13537280,3383296,3272704,unavailable,3272704,3272704,6365184
librime-1.17.0,track-a-comparison,luna_pinyin,session_create_select_destroy,,26,1,20913.600,20913.600,10567680,10584064,unavailable,13537280,3272704,3620864,unavailable,3620864,3620864,6365184
librime-1.17.0,track-a-comparison,luna_pinyin,session_create_select_destroy,,27,1,20287.000,20287.000,10584064,10584064,unavailable,13557760,3620864,3280896,unavailable,3280896,3280896,6365184
librime-1.17.0,track-a-comparison,luna_pinyin,session_create_select_destroy,,28,1,40980.800,40980.800,10584064,10584064,unavailable,13557760,3280896,3293184,unavailable,3293184,3293184,6365184
librime-1.17.0,track-a-comparison,luna_pinyin,session_create_select_destroy,,29,1,20386.900,20386.900,10584064,10608640,unavailable,13557760,3293184,3305472,unavailable,3305472,3305472,6365184
librime-1.17.0,track-a-comparison,luna_pinyin,session_create_select_destroy,,30,1,43639.900,43639.900,10608640,10596352,unavailable,13557760,3305472,3297280,unavailable,3297280,3297280,6365184
librime-1.17.0,track-a-comparison,luna_pinyin,session_create_select_destroy,,31,1,45873.300,45873.300,10596352,10694656,unavailable,13557760,3297280,3403776,unavailable,3403776,3403776,6434816
librime-1.17.0,track-a-comparison,luna_pinyin,session_create_select_destroy,,32,1,20791.900,20791.900,10698752,10694656,unavailable,13557760,3403776,3735552,unavailable,3735552,3735552,6434816
librime-1.17.0,track-a-comparison,luna_pinyin,session_create_select_destroy,,33,1,27867.000,27867.000,10694656,10649600,unavailable,13557760,3735552,3620864,unavailable,3620864,3620864,6434816
librime-1.17.0,track-a-comparison,luna_pinyin,session_create_select_destroy,,34,1,22845.300,22845.300,10649600,10649600,unavailable,13557760,3620864,3334144,unavailable,3334144,3334144,6434816
librime-1.17.0,track-a-comparison,luna_pinyin,session_create_select_destroy,,35,1,23978.800,23978.800,10649600,10674176,unavailable,13557760,3334144,3358720,unavailable,3358720,3358720,6434816
librime-1.17.0,track-a-comparison,luna_pinyin,session_create_select_destroy,,36,1,22575.600,22575.600,10674176,10760192,unavailable,13557760,3358720,3743744,unavailable,3743744,3743744,6434816
librime-1.17.0,track-a-comparison,luna_pinyin,session_create_select_destroy,,37,1,25780.600,25780.600,10760192,10694656,unavailable,13557760,3743744,3407872,unavailable,3407872,3407872,6434816
librime-1.17.0,track-a-comparison,luna_pinyin,session_create_select_destroy,,38,1,20993.000,20993.000,10694656,10629120,unavailable,13557760,3407872,3325952,unavailable,3325952,3325952,6434816
librime-1.17.0,track-a-comparison,luna_pinyin,session_create_select_destroy,,39,1,20580.800,20580.800,10629120,10670080,unavailable,13557760,3325952,3493888,unavailable,3493888,3493888,6434816
librime-1.17.0,track-a-comparison,luna_pinyin,session_create_select_destroy,,40,1,21163.900,21163.900,10670080,10665984,unavailable,13557760,3493888,3629056,unavailable,3629056,3629056,6434816
librime-1.17.0,track-a-comparison,luna_pinyin,session_create_select_destroy,,41,1,20464.400,20464.400,10670080,10760192,unavailable,13557760,3629056,3710976,unavailable,3710976,3710976,6434816
librime-1.17.0,track-a-comparison,luna_pinyin,session_create_select_destroy,,42,1,21134.200,21134.200,10760192,10706944,unavailable,13557760,3710976,3411968,unavailable,3411968,3411968,6434816
librime-1.17.0,track-a-comparison,luna_pinyin,session_create_select_destroy,,43,1,22710.500,22710.500,10706944,10645504,unavailable,13557760,3411968,3321856,unavailable,3321856,3321856,6434816
librime-1.17.0,track-a-comparison,luna_pinyin,session_create_select_destroy,,44,1,20405.700,20405.700,10645504,10780672,unavailable,13557760,3321856,3829760,unavailable,3829760,3829760,6434816
librime-1.17.0,track-a-comparison,luna_pinyin,session_create_select_destroy,,45,1,21100.100,21100.100,10780672,10825728,unavailable,13557760,3829760,3862528,unavailable,3862528,3862528,6434816
librime-1.17.0,track-a-comparison,luna_pinyin,session_create_select_destroy,,46,1,21531.300,21531.300,10825728,10899456,unavailable,13582336,3862528,3604480,unavailable,3604480,3604480,6434816
librime-1.17.0,track-a-comparison,luna_pinyin,session_create_select_destroy,,47,1,20660.700,20660.700,10899456,10911744,unavailable,13582336,3604480,3612672,unavailable,3612672,3612672,6434816
librime-1.17.0,track-a-comparison,luna_pinyin,session_create_select_destroy,,48,1,21108.100,21108.100,10911744,10948608,unavailable,13582336,3612672,4001792,unavailable,4001792,4001792,6434816
librime-1.17.0,track-a-comparison,luna_pinyin,session_create_select_destroy,,49,1,20775.000,20775.000,10948608,10903552,unavailable,13582336,4001792,3948544,unavailable,3948544,3948544,6434816
librime-1.17.0,track-a-comparison,luna_pinyin,session_create_select_destroy,,50,1,21357.000,21357.000,10903552,10932224,unavailable,13582336,3948544,3985408,unavailable,3985408,3985408,6434816
librime-1.17.0,track-a-comparison,luna_pinyin,session_create_select_destroy,,51,1,23637.500,23637.500,10932224,10997760,unavailable,13582336,3985408,4067328,unavailable,4067328,4067328,6434816
librime-1.17.0,track-a-comparison,luna_pinyin,session_create_select_destroy,,52,1,21606.300,21606.300,10997760,10948608,unavailable,13582336,4067328,4018176,unavailable,4018176,4018176,6434816
librime-1.17.0,track-a-comparison,luna_pinyin,session_create_select_destroy,,53,1,20638.800,20638.800,10948608,11005952,unavailable,13582336,4018176,4104192,unavailable,4104192,4104192,6434816
librime-1.17.0,track-a-comparison,luna_pinyin,session_create_select_destroy,,54,1,21508.000,21508.000,11005952,10907648,unavailable,13582336,4104192,3960832,unavailable,3960832,3960832,6434816
librime-1.17.0,track-a-comparison,luna_pinyin,session_create_select_destroy,,55,1,20849.400,20849.400,10907648,10907648,unavailable,13582336,3960832,3952640,unavailable,3952640,3952640,6434816
librime-1.17.0,track-a-comparison,luna_pinyin,session_create_select_destroy,,56,1,21410.500,21410.500,10936320,10928128,unavailable,13602816,4005888,4009984,unavailable,4009984,4009984,6500352
librime-1.17.0,track-a-comparison,luna_pinyin,session_create_select_destroy,,57,1,26197.900,26197.900,10928128,11014144,unavailable,13602816,4009984,4100096,unavailable,4100096,4100096,6504448
librime-1.17.0,track-a-comparison,luna_pinyin,session_create_select_destroy,,58,1,25609.600,25609.600,11014144,10977280,unavailable,13602816,4100096,4067328,unavailable,4067328,4067328,6504448
librime-1.17.0,track-a-comparison,luna_pinyin,session_create_select_destroy,,59,1,20774.200,20774.200,10977280,10989568,unavailable,13602816,4067328,4079616,unavailable,4079616,4079616,6504448
librime-1.17.0,track-a-comparison,luna_pinyin,key_sequence_process_with_context,n,0,1,21.400,21.400,12021760,12025856,unavailable,13602816,4677632,4677632,unavailable,4677632,4677632,6504448
librime-1.17.0,track-a-comparison,luna_pinyin,key_sequence_process_with_context,n,1,1,20.900,20.900,12025856,12025856,unavailable,13602816,4677632,4677632,unavailable,4677632,4677632,6504448
librime-1.17.0,track-a-comparison,luna_pinyin,key_sequence_process_with_context,n,2,1,20.600,20.600,12025856,12025856,unavailable,13602816,4677632,4677632,unavailable,4677632,4677632,6504448
librime-1.17.0,track-a-comparison,luna_pinyin,key_sequence_process_with_context,n,3,1,20.400,20.400,12025856,12025856,unavailable,13602816,4677632,4677632,unavailable,4677632,4677632,6504448
librime-1.17.0,track-a-comparison,luna_pinyin,key_sequence_process_with_context,n,4,1,20.400,20.400,12025856,12025856,unavailable,13602816,4677632,4677632,unavailable,4677632,4677632,6504448
librime-1.17.0,track-a-comparison,luna_pinyin,key_sequence_process_with_context,n,5,1,20.500,20.500,12025856,12025856,unavailable,13602816,4677632,4677632,unavailable,4677632,4677632,6504448
librime-1.17.0,track-a-comparison,luna_pinyin,key_sequence_process_with_context,n,6,1,20.100,20.100,12025856,12025856,unavailable,13602816,4677632,4677632,unavailable,4677632,4677632,6504448
librime-1.17.0,track-a-comparison,luna_pinyin,key_sequence_process_with_context,n,7,1,20.300,20.300,12025856,12025856,unavailable,13602816,4677632,4677632,unavailable,4677632,4677632,6504448
librime-1.17.0,track-a-comparison,luna_pinyin,key_sequence_process_with_context,n,8,1,20.100,20.100,12025856,12025856,unavailable,13602816,4677632,4677632,unavailable,4677632,4677632,6504448
librime-1.17.0,track-a-comparison,luna_pinyin,key_sequence_process_with_context,n,9,1,20.200,20.200,12029952,12029952,unavailable,13602816,4677632,4677632,unavailable,4677632,4677632,6504448
librime-1.17.0,track-a-comparison,luna_pinyin,key_sequence_process_with_context,n,10,1,20.300,20.300,12029952,12029952,unavailable,13602816,4677632,4677632,unavailable,4677632,4677632,6504448
librime-1.17.0,track-a-comparison,luna_pinyin,key_sequence_process_with_context,n,11,1,20.400,20.400,12029952,12029952,unavailable,13602816,4677632,4677632,unavailable,4677632,4677632,6504448
librime-1.17.0,track-a-comparison,luna_pinyin,key_sequence_process_with_context,n,12,1,20.400,20.400,12029952,12029952,unavailable,13602816,4677632,4677632,unavailable,4677632,4677632,6504448
librime-1.17.0,track-a-comparison,luna_pinyin,key_sequence_process_with_context,n,13,1,20.100,20.100,12029952,12029952,unavailable,13602816,4677632,4677632,unavailable,4677632,4677632,6504448
librime-1.17.0,track-a-comparison,luna_pinyin,key_sequence_process_with_context,n,14,1,20.100,20.100,12029952,12029952,unavailable,13602816,4677632,4677632,unavailable,4677632,4677632,6504448
librime-1.17.0,track-a-comparison,luna_pinyin,key_sequence_process_with_context,n,15,1,20.000,20.000,12029952,12029952,unavailable,13602816,4677632,4677632,unavailable,4677632,4677632,6504448
librime-1.17.0,track-a-comparison,luna_pinyin,key_sequence_process_with_context,n,16,1,20.100,20.100,12029952,12029952,unavailable,13602816,4677632,4677632,unavailable,4677632,4677632,6504448
librime-1.17.0,track-a-comparison,luna_pinyin,key_sequence_process_with_context,n,17,1,20.100,20.100,12029952,12029952,unavailable,13602816,4677632,4677632,unavailable,4677632,4677632,6504448
librime-1.17.0,track-a-comparison,luna_pinyin,key_sequence_process_with_context,n,18,1,20.100,20.100,12034048,12034048,unavailable,13602816,4677632,4677632,unavailable,4677632,4677632,6504448
librime-1.17.0,track-a-comparison,luna_pinyin,key_sequence_process_with_context,n,19,1,27.300,27.300,12034048,12034048,unavailable,13602816,4677632,4677632,unavailable,4677632,4677632,6504448
librime-1.17.0,track-a-comparison,luna_pinyin,key_sequence_process_with_context,n,20,1,20.300,20.300,12034048,12034048,unavailable,13602816,4677632,4677632,unavailable,4677632,4677632,6504448
librime-1.17.0,track-a-comparison,luna_pinyin,key_sequence_process_with_context,n,21,1,20.100,20.100,12034048,12034048,unavailable,13602816,4677632,4677632,unavailable,4677632,4677632,6504448
librime-1.17.0,track-a-comparison,luna_pinyin,key_sequence_process_with_context,n,22,1,20.000,20.000,12034048,12034048,unavailable,13602816,4677632,4677632,unavailable,4677632,4677632,6504448
librime-1.17.0,track-a-comparison,luna_pinyin,key_sequence_process_with_context,n,23,1,20.100,20.100,12034048,12034048,unavailable,13602816,4677632,4677632,unavailable,4677632,4677632,6504448
librime-1.17.0,track-a-comparison,luna_pinyin,key_sequence_process_with_context,n,24,1,20.500,20.500,12034048,12034048,unavailable,13602816,4677632,4677632,unavailable,4677632,4677632,6504448
librime-1.17.0,track-a-comparison,luna_pinyin,key_sequence_process_with_context,n,25,1,20.200,20.200,12034048,12034048,unavailable,13602816,4677632,4677632,unavailable,4677632,4677632,6504448
librime-1.17.0,track-a-comparison,luna_pinyin,key_sequence_process_with_context,n,26,1,20.000,20.000,12034048,12034048,unavailable,13602816,4677632,4677632,unavailable,4677632,4677632,6504448
librime-1.17.0,track-a-comparison,luna_pinyin,key_sequence_process_with_context,n,27,1,20.000,20.000,12038144,12038144,unavailable,13602816,4677632,4677632,unavailable,4677632,4677632,6504448
librime-1.17.0,track-a-comparison,luna_pinyin,key_sequence_process_with_context,n,28,1,20.200,20.200,12038144,12038144,unavailable,13602816,4677632,4677632,unavailable,4677632,4677632,6504448
librime-1.17.0,track-a-comparison,luna_pinyin,key_sequence_process_with_context,n,29,1,19.900,19.900,12038144,12038144,unavailable,13602816,4677632,4677632,unavailable,4677632,4677632,6504448
librime-1.17.0,track-a-comparison,luna_pinyin,key_sequence_process_with_context,n,30,1,19.900,19.900,12038144,12038144,unavailable,13602816,4677632,4677632,unavailable,4677632,4677632,6504448
librime-1.17.0,track-a-comparison,luna_pinyin,key_sequence_process_with_context,n,31,1,20.000,20.000,12038144,12038144,unavailable,13602816,4677632,4677632,unavailable,4677632,4677632,6504448
librime-1.17.0,track-a-comparison,luna_pinyin,key_sequence_process_with_context,n,32,1,20.100,20.100,12038144,12038144,unavailable,13602816,4677632,4677632,unavailable,4677632,4677632,6504448
librime-1.17.0,track-a-comparison,luna_pinyin,key_sequence_process_with_context,n,33,1,20.100,20.100,12038144,12038144,unavailable,13602816,4677632,4677632,unavailable,4677632,4677632,6504448
librime-1.17.0,track-a-comparison,luna_pinyin,key_sequence_process_with_context,n,34,1,20.000,20.000,12038144,12038144,unavailable,13602816,4677632,4677632,unavailable,4677632,4677632,6504448
librime-1.17.0,track-a-comparison,luna_pinyin,key_sequence_process_with_context,n,35,1,20.000,20.000,12038144,12038144,unavailable,13602816,4677632,4677632,unavailable,4677632,4677632,6504448
librime-1.17.0,track-a-comparison,luna_pinyin,key_sequence_process_with_context,n,36,1,19.900,19.900,12042240,12042240,unavailable,13602816,4677632,4677632,unavailable,4677632,4677632,6504448
librime-1.17.0,track-a-comparison,luna_pinyin,key_sequence_process_with_context,n,37,1,19.900,19.900,12042240,12042240,unavailable,13602816,4677632,4677632,unavailable,4677632,4677632,6504448
librime-1.17.0,track-a-comparison,luna_pinyin,key_sequence_process_with_context,n,38,1,20.000,20.000,12042240,12042240,unavailable,13602816,4677632,4677632,unavailable,4677632,4677632,6504448
librime-1.17.0,track-a-comparison,luna_pinyin,key_sequence_process_with_context,n,39,1,20.000,20.000,12042240,12042240,unavailable,13602816,4677632,4677632,unavailable,4677632,4677632,6504448
librime-1.17.0,track-a-comparison,luna_pinyin,key_sequence_process_with_context,n,40,1,20.200,20.200,12042240,12042240,unavailable,13602816,4677632,4677632,unavailable,4677632,4677632,6504448
librime-1.17.0,track-a-comparison,luna_pinyin,key_sequence_process_with_context,n,41,1,20.100,20.100,12042240,12042240,unavailable,13602816,4677632,4677632,unavailable,4677632,4677632,6504448
librime-1.17.0,track-a-comparison,luna_pinyin,key_sequence_process_with_context,n,42,1,20.000,20.000,12042240,12042240,unavailable,13602816,4677632,4677632,unavailable,4677632,4677632,6504448
librime-1.17.0,track-a-comparison,luna_pinyin,key_sequence_process_with_context,n,43,1,20.200,20.200,12042240,12042240,unavailable,13602816,4677632,4677632,unavailable,4677632,4677632,6504448
librime-1.17.0,track-a-comparison,luna_pinyin,key_sequence_process_with_context,n,44,1,20.500,20.500,12042240,12042240,unavailable,13602816,4677632,4677632,unavailable,4677632,4677632,6504448
librime-1.17.0,track-a-comparison,luna_pinyin,key_sequence_process_with_context,n,45,1,20.200,20.200,12046336,12046336,unavailable,13602816,4677632,4677632,unavailable,4677632,4677632,6504448
librime-1.17.0,track-a-comparison,luna_pinyin,key_sequence_process_with_context,n,46,1,20.200,20.200,12046336,12046336,unavailable,13602816,4677632,4677632,unavailable,4677632,4677632,6504448
librime-1.17.0,track-a-comparison,luna_pinyin,key_sequence_process_with_context,n,47,1,20.100,20.100,12046336,12046336,unavailable,13602816,4677632,4677632,unavailable,4677632,4677632,6504448
librime-1.17.0,track-a-comparison,luna_pinyin,key_sequence_process_with_context,n,48,1,20.200,20.200,12046336,12046336,unavailable,13602816,4677632,4677632,unavailable,4677632,4677632,6504448
librime-1.17.0,track-a-comparison,luna_pinyin,key_sequence_process_with_context,n,49,1,20.200,20.200,12046336,12046336,unavailable,13602816,4677632,4677632,unavailable,4677632,4677632,6504448
librime-1.17.0,track-a-comparison,luna_pinyin,key_sequence_process_with_context,n,50,1,20.500,20.500,12046336,12046336,unavailable,13602816,4677632,4677632,unavailable,4677632,4677632,6504448
librime-1.17.0,track-a-comparison,luna_pinyin,key_sequence_process_with_context,n,51,1,20.000,20.000,12046336,12046336,unavailable,13602816,4677632,4677632,unavailable,4677632,4677632,6504448
librime-1.17.0,track-a-comparison,luna_pinyin,key_sequence_process_with_context,n,52,1,20.100,20.100,12046336,12046336,unavailable,13602816,4677632,4677632,unavailable,4677632,4677632,6504448
librime-1.17.0,track-a-comparison,luna_pinyin,key_sequence_process_with_context,n,53,1,20.100,20.100,12046336,12046336,unavailable,13602816,4677632,4677632,unavailable,4677632,4677632,6504448
librime-1.17.0,track-a-comparison,luna_pinyin,key_sequence_process_with_context,n,54,1,20.300,20.300,12046336,12046336,unavailable,13602816,4677632,4677632,unavailable,4677632,4677632,6504448
librime-1.17.0,track-a-comparison,luna_pinyin,key_sequence_process_with_context,n,55,1,20.000,20.000,12046336,12046336,unavailable,13602816,4677632,4677632,unavailable,4677632,4677632,6504448
librime-1.17.0,track-a-comparison,luna_pinyin,key_sequence_process_with_context,n,56,1,20.100,20.100,12046336,12046336,unavailable,13602816,4677632,4677632,unavailable,4677632,4677632,6504448
librime-1.17.0,track-a-comparison,luna_pinyin,key_sequence_process_with_context,n,57,1,20.000,20.000,12046336,12046336,unavailable,13602816,4677632,4677632,unavailable,4677632,4677632,6504448
librime-1.17.0,track-a-comparison,luna_pinyin,key_sequence_process_with_context,n,58,1,20.000,20.000,12046336,12046336,unavailable,13602816,4677632,4677632,unavailable,4677632,4677632,6504448
librime-1.17.0,track-a-comparison,luna_pinyin,key_sequence_process_with_context,n,59,1,20.100,20.100,12046336,12046336,unavailable,13602816,4677632,4677632,unavailable,4677632,4677632,6504448
librime-1.17.0,track-a-comparison,luna_pinyin,key_sequence_process_with_context,n,60,1,21.800,21.800,12107776,12107776,unavailable,13602816,4808704,4808704,unavailable,4808704,4808704,6504448
librime-1.17.0,track-a-comparison,luna_pinyin,key_sequence_process_with_context,n,61,1,20.100,20.100,12107776,12107776,unavailable,13602816,4808704,4808704,unavailable,4808704,4808704,6504448
librime-1.17.0,track-a-comparison,luna_pinyin,key_sequence_process_with_context,n,62,1,20.000,20.000,12107776,12107776,unavailable,13602816,4808704,4808704,unavailable,4808704,4808704,6504448
librime-1.17.0,track-a-comparison,luna_pinyin,key_sequence_process_with_context,n,63,1,20.100,20.100,12107776,12107776,unavailable,13602816,4808704,4808704,unavailable,4808704,4808704,6504448
librime-1.17.0,track-a-comparison,luna_pinyin,key_sequence_process_with_context,n,64,1,20.000,20.000,12107776,12107776,unavailable,13602816,4808704,4808704,unavailable,4808704,4808704,6504448
librime-1.17.0,track-a-comparison,luna_pinyin,key_sequence_process_with_context,n,65,1,20.300,20.300,12107776,12107776,unavailable,13602816,4808704,4808704,unavailable,4808704,4808704,6504448
librime-1.17.0,track-a-comparison,luna_pinyin,key_sequence_process_with_context,n,66,1,20.000,20.000,12111872,12111872,unavailable,13602816,4808704,4808704,unavailable,4808704,4808704,6504448
librime-1.17.0,track-a-comparison,luna_pinyin,key_sequence_process_with_context,n,67,1,20.600,20.600,12111872,12111872,unavailable,13602816,4808704,4808704,unavailable,4808704,4808704,6504448
librime-1.17.0,track-a-comparison,luna_pinyin,key_sequence_process_with_context,n,68,1,20.200,20.200,12111872,12111872,unavailable,13602816,4808704,4808704,unavailable,4808704,4808704,6504448
librime-1.17.0,track-a-comparison,luna_pinyin,key_sequence_process_with_context,n,69,1,20.100,20.100,12111872,12111872,unavailable,13602816,4808704,4808704,unavailable,4808704,4808704,6504448
librime-1.17.0,track-a-comparison,luna_pinyin,key_sequence_process_with_context,n,70,1,20.200,20.200,12111872,12111872,unavailable,13602816,4808704,4808704,unavailable,4808704,4808704,6504448
librime-1.17.0,track-a-comparison,luna_pinyin,key_sequence_process_with_context,n,71,1,20.000,20.000,12111872,12111872,unavailable,13602816,4808704,4808704,unavailable,4808704,4808704,6504448
librime-1.17.0,track-a-comparison,luna_pinyin,key_sequence_process_with_context,n,72,1,20.100,20.100,12111872,12111872,unavailable,13602816,4808704,4808704,unavailable,4808704,4808704,6504448
librime-1.17.0,track-a-comparison,luna_pinyin,key_sequence_process_with_context,n,73,1,20.100,20.100,12111872,12111872,unavailable,13602816,4808704,4808704,unavailable,4808704,4808704,6504448
librime-1.17.0,track-a-comparison,luna_pinyin,key_sequence_process_with_context,n,74,1,20.000,20.000,12111872,12111872,unavailable,13602816,4808704,4808704,unavailable,4808704,4808704,6504448
librime-1.17.0,track-a-comparison,luna_pinyin,key_sequence_process_with_context,n,75,1,20.200,20.200,12115968,12115968,unavailable,13602816,4808704,4808704,unavailable,4808704,4808704,6504448
librime-1.17.0,track-a-comparison,luna_pinyin,key_sequence_process_with_context,n,76,1,20.000,20.000,12115968,12115968,unavailable,13602816,4808704,4808704,unavailable,4808704,4808704,6504448
librime-1.17.0,track-a-comparison,luna_pinyin,key_sequence_process_with_context,n,77,1,20.000,20.000,12115968,12115968,unavailable,13602816,4808704,4808704,unavailable,4808704,4808704,6504448
librime-1.17.0,track-a-comparison,luna_pinyin,key_sequence_process_with_context,n,78,1,20.100,20.100,12115968,12115968,unavailable,13602816,4808704,4808704,unavailable,4808704,4808704,6504448
librime-1.17.0,track-a-comparison,luna_pinyin,key_sequence_process_with_context,n,79,1,20.100,20.100,12115968,12115968,unavailable,13602816,4808704,4808704,unavailable,4808704,4808704,6504448
librime-1.17.0,track-a-comparison,luna_pinyin,key_sequence_process_with_context,ni,0,2,28.300,14.150,12165120,12165120,unavailable,13811712,4792320,4792320,unavailable,4792320,4792320,6504448
librime-1.17.0,track-a-comparison,luna_pinyin,key_sequence_process_with_context,ni,1,2,28.100,14.050,12165120,12165120,unavailable,13811712,4792320,4792320,unavailable,4792320,4792320,6504448
librime-1.17.0,track-a-comparison,luna_pinyin,key_sequence_process_with_context,ni,2,2,28.300,14.150,12165120,12165120,unavailable,13811712,4792320,4792320,unavailable,4792320,4792320,6504448
librime-1.17.0,track-a-comparison,luna_pinyin,key_sequence_process_with_context,ni,3,2,28.600,14.300,12165120,12165120,unavailable,13811712,4792320,4792320,unavailable,4792320,4792320,6504448
librime-1.17.0,track-a-comparison,luna_pinyin,key_sequence_process_with_context,ni,4,2,29.200,14.600,12169216,12169216,unavailable,13811712,4792320,4792320,unavailable,4792320,4792320,6504448
librime-1.17.0,track-a-comparison,luna_pinyin,key_sequence_process_with_context,ni,5,2,28.000,14.000,12169216,12169216,unavailable,13811712,4792320,4792320,unavailable,4792320,4792320,6504448
librime-1.17.0,track-a-comparison,luna_pinyin,key_sequence_process_with_context,ni,6,2,28.100,14.050,12169216,12169216,unavailable,13811712,4792320,4792320,unavailable,4792320,4792320,6504448
librime-1.17.0,track-a-comparison,luna_pinyin,key_sequence_process_with_context,ni,7,2,28.100,14.050,12169216,12169216,unavailable,13811712,4792320,4792320,unavailable,4792320,4792320,6504448
librime-1.17.0,track-a-comparison,luna_pinyin,key_sequence_process_with_context,ni,8,2,28.100,14.050,12169216,12169216,unavailable,13811712,4792320,4792320,unavailable,4792320,4792320,6504448
librime-1.17.0,track-a-comparison,luna_pinyin,key_sequence_process_with_context,ni,9,2,28.100,14.050,12169216,12169216,unavailable,13811712,4792320,4792320,unavailable,4792320,4792320,6504448
librime-1.17.0,track-a-comparison,luna_pinyin,key_sequence_process_with_context,ni,10,2,28.200,14.100,12169216,12169216,unavailable,13811712,4792320,4792320,unavailable,4792320,4792320,6504448
librime-1.17.0,track-a-comparison,luna_pinyin,key_sequence_process_with_context,ni,11,2,28.100,14.050,12169216,12169216,unavailable,13811712,4792320,4792320,unavailable,4792320,4792320,6504448
librime-1.17.0,track-a-comparison,luna_pinyin,key_sequence_process_with_context,ni,12,2,27.900,13.950,12169216,12169216,unavailable,13811712,4792320,4792320,unavailable,4792320,4792320,6504448
librime-1.17.0,track-a-comparison,luna_pinyin,key_sequence_process_with_context,ni,13,2,27.600,13.800,12173312,12173312,unavailable,13811712,4792320,4792320,unavailable,4792320,4792320,6504448
librime-1.17.0,track-a-comparison,luna_pinyin,key_sequence_process_with_context,ni,14,2,27.800,13.900,12173312,12173312,unavailable,13811712,4792320,4792320,unavailable,4792320,4792320,6504448
librime-1.17.0,track-a-comparison,luna_pinyin,key_sequence_process_with_context,ni,15,2,28.500,14.250,12173312,12173312,unavailable,13811712,4792320,4792320,unavailable,4792320,4792320,6504448
librime-1.17.0,track-a-comparison,luna_pinyin,key_sequence_process_with_context,ni,16,2,27.900,13.950,12173312,12173312,unavailable,13811712,4792320,4792320,unavailable,4792320,4792320,6504448
librime-1.17.0,track-a-comparison,luna_pinyin,key_sequence_process_with_context,ni,17,2,27.700,13.850,12173312,12173312,unavailable,13811712,4792320,4792320,unavailable,4792320,4792320,6504448
librime-1.17.0,track-a-comparison,luna_pinyin,key_sequence_process_with_context,ni,18,2,87.500,43.750,12173312,12173312,unavailable,13811712,4792320,4792320,unavailable,4792320,4792320,6504448
librime-1.17.0,track-a-comparison,luna_pinyin,key_sequence_process_with_context,ni,19,2,37.000,18.500,12173312,12173312,unavailable,13811712,4792320,4792320,unavailable,4792320,4792320,6504448
librime-1.17.0,track-a-comparison,luna_pinyin,key_sequence_process_with_context,ni,20,2,31.000,15.500,12173312,12173312,unavailable,13811712,4792320,4792320,unavailable,4792320,4792320,6504448
librime-1.17.0,track-a-comparison,luna_pinyin,key_sequence_process_with_context,ni,21,2,28.600,14.300,12173312,12173312,unavailable,13811712,4792320,4792320,unavailable,4792320,4792320,6504448
librime-1.17.0,track-a-comparison,luna_pinyin,key_sequence_process_with_context,ni,22,2,28.700,14.350,12177408,12177408,unavailable,13811712,4792320,4792320,unavailable,4792320,4792320,6504448
librime-1.17.0,track-a-comparison,luna_pinyin,key_sequence_process_with_context,ni,23,2,28.400,14.200,12177408,12177408,unavailable,13811712,4792320,4792320,unavailable,4792320,4792320,6504448
librime-1.17.0,track-a-comparison,luna_pinyin,key_sequence_process_with_context,ni,24,2,28.700,14.350,12177408,12177408,unavailable,13811712,4792320,4792320,unavailable,4792320,4792320,6504448
librime-1.17.0,track-a-comparison,luna_pinyin,key_sequence_process_with_context,ni,25,2,28.300,14.150,12177408,12177408,unavailable,13811712,4792320,4792320,unavailable,4792320,4792320,6504448
librime-1.17.0,track-a-comparison,luna_pinyin,key_sequence_process_with_context,ni,26,2,27.900,13.950,12177408,12177408,unavailable,13811712,4792320,4792320,unavailable,4792320,4792320,6504448
librime-1.17.0,track-a-comparison,luna_pinyin,key_sequence_process_with_context,ni,27,2,27.900,13.950,12177408,12177408,unavailable,13811712,4792320,4792320,unavailable,4792320,4792320,6504448
librime-1.17.0,track-a-comparison,luna_pinyin,key_sequence_process_with_context,ni,28,2,28.600,14.300,12177408,12177408,unavailable,13811712,4792320,4792320,unavailable,4792320,4792320,6504448
librime-1.17.0,track-a-comparison,luna_pinyin,key_sequence_process_with_context,ni,29,2,28.600,14.300,12177408,12177408,unavailable,13811712,4792320,4792320,unavailable,4792320,4792320,6504448
librime-1.17.0,track-a-comparison,luna_pinyin,key_sequence_process_with_context,ni,30,2,29.100,14.550,12177408,12177408,unavailable,13811712,4792320,4792320,unavailable,4792320,4792320,6504448
librime-1.17.0,track-a-comparison,luna_pinyin,key_sequence_process_with_context,ni,31,2,28.500,14.250,12181504,12181504,unavailable,13811712,4792320,4792320,unavailable,4792320,4792320,6504448
librime-1.17.0,track-a-comparison,luna_pinyin,key_sequence_process_with_context,ni,32,2,28.400,14.200,12181504,12181504,unavailable,13811712,4792320,4792320,unavailable,4792320,4792320,6504448
librime-1.17.0,track-a-comparison,luna_pinyin,key_sequence_process_with_context,ni,33,2,28.200,14.100,12181504,12181504,unavailable,13811712,4792320,4792320,unavailable,4792320,4792320,6504448
librime-1.17.0,track-a-comparison,luna_pinyin,key_sequence_process_with_context,ni,34,2,29.100,14.550,12181504,12181504,unavailable,13811712,4792320,4792320,unavailable,4792320,4792320,6504448
librime-1.17.0,track-a-comparison,luna_pinyin,key_sequence_process_with_context,ni,35,2,28.200,14.100,12181504,12181504,unavailable,13811712,4792320,4792320,unavailable,4792320,4792320,6504448
librime-1.17.0,track-a-comparison,luna_pinyin,key_sequence_process_with_context,ni,36,2,28.200,14.100,12181504,12181504,unavailable,13811712,4792320,4792320,unavailable,4792320,4792320,6504448
librime-1.17.0,track-a-comparison,luna_pinyin,key_sequence_process_with_context,ni,37,2,29.000,14.500,12181504,12181504,unavailable,13811712,4792320,4792320,unavailable,4792320,4792320,6504448
librime-1.17.0,track-a-comparison,luna_pinyin,key_sequence_process_with_context,ni,38,2,27.800,13.900,12181504,12181504,unavailable,13811712,4792320,4792320,unavailable,4792320,4792320,6504448
librime-1.17.0,track-a-comparison,luna_pinyin,key_sequence_process_with_context,ni,39,2,27.900,13.950,12181504,12181504,unavailable,13811712,4792320,4792320,unavailable,4792320,4792320,6504448
librime-1.17.0,track-a-comparison,luna_pinyin,key_sequence_process_with_context,ni,40,2,27.700,13.850,12185600,12185600,unavailable,13811712,4792320,4792320,unavailable,4792320,4792320,6504448
librime-1.17.0,track-a-comparison,luna_pinyin,key_sequence_process_with_context,ni,41,2,27.400,13.700,12185600,12185600,unavailable,13811712,4792320,4792320,unavailable,4792320,4792320,6504448
librime-1.17.0,track-a-comparison,luna_pinyin,key_sequence_process_with_context,ni,42,2,27.400,13.700,12185600,12185600,unavailable,13811712,4792320,4792320,unavailable,4792320,4792320,6504448
librime-1.17.0,track-a-comparison,luna_pinyin,key_sequence_process_with_context,ni,43,2,27.200,13.600,12185600,12185600,unavailable,13811712,4792320,4792320,unavailable,4792320,4792320,6504448
librime-1.17.0,track-a-comparison,luna_pinyin,key_sequence_process_with_context,ni,44,2,27.600,13.800,12185600,12185600,unavailable,13811712,4792320,4792320,unavailable,4792320,4792320,6504448
librime-1.17.0,track-a-comparison,luna_pinyin,key_sequence_process_with_context,ni,45,2,27.500,13.750,12185600,12185600,unavailable,13811712,4792320,4792320,unavailable,4792320,4792320,6504448
librime-1.17.0,track-a-comparison,luna_pinyin,key_sequence_process_with_context,ni,46,2,27.900,13.950,12185600,12185600,unavailable,13811712,4792320,4792320,unavailable,4792320,4792320,6504448
librime-1.17.0,track-a-comparison,luna_pinyin,key_sequence_process_with_context,ni,47,2,27.300,13.650,12185600,12185600,unavailable,13811712,4792320,4792320,unavailable,4792320,4792320,6504448
librime-1.17.0,track-a-comparison,luna_pinyin,key_sequence_process_with_context,ni,48,2,27.500,13.750,12185600,12185600,unavailable,13811712,4792320,4792320,unavailable,4792320,4792320,6504448
librime-1.17.0,track-a-comparison,luna_pinyin,key_sequence_process_with_context,ni,49,2,27.400,13.700,12189696,12189696,unavailable,13811712,4792320,4792320,unavailable,4792320,4792320,6504448
librime-1.17.0,track-a-comparison,luna_pinyin,key_sequence_process_with_context,ni,50,2,27.700,13.850,12189696,12189696,unavailable,13811712,4792320,4792320,unavailable,4792320,4792320,6504448
librime-1.17.0,track-a-comparison,luna_pinyin,key_sequence_process_with_context,ni,51,2,27.600,13.800,12189696,12189696,unavailable,13811712,4792320,4792320,unavailable,4792320,4792320,6504448
librime-1.17.0,track-a-comparison,luna_pinyin,key_sequence_process_with_context,ni,52,2,27.600,13.800,12189696,12189696,unavailable,13811712,4792320,4792320,unavailable,4792320,4792320,6504448
librime-1.17.0,track-a-comparison,luna_pinyin,key_sequence_process_with_context,ni,53,2,27.500,13.750,12189696,12189696,unavailable,13811712,4792320,4792320,unavailable,4792320,4792320,6504448
librime-1.17.0,track-a-comparison,luna_pinyin,key_sequence_process_with_context,ni,54,2,27.300,13.650,12189696,12189696,unavailable,13811712,4792320,4792320,unavailable,4792320,4792320,6504448
librime-1.17.0,track-a-comparison,luna_pinyin,key_sequence_process_with_context,ni,55,2,28.300,14.150,12189696,12189696,unavailable,13811712,4792320,4792320,unavailable,4792320,4792320,6504448
librime-1.17.0,track-a-comparison,luna_pinyin,key_sequence_process_with_context,ni,56,2,27.500,13.750,12189696,12189696,unavailable,13811712,4792320,4792320,unavailable,4792320,4792320,6504448
librime-1.17.0,track-a-comparison,luna_pinyin,key_sequence_process_with_context,ni,57,2,27.400,13.700,12189696,12189696,unavailable,13811712,4792320,4792320,unavailable,4792320,4792320,6504448
librime-1.17.0,track-a-comparison,luna_pinyin,key_sequence_process_with_context,ni,58,2,27.500,13.750,12193792,12193792,unavailable,13811712,4792320,4792320,unavailable,4792320,4792320,6504448
librime-1.17.0,track-a-comparison,luna_pinyin,key_sequence_process_with_context,ni,59,2,27.700,13.850,12193792,12193792,unavailable,13811712,4792320,4792320,unavailable,4792320,4792320,6504448
librime-1.17.0,track-a-comparison,luna_pinyin,key_sequence_process_with_context,ni,60,2,27.400,13.700,12193792,12193792,unavailable,13811712,4792320,4792320,unavailable,4792320,4792320,6504448
librime-1.17.0,track-a-comparison,luna_pinyin,key_sequence_process_with_context,ni,61,2,27.600,13.800,12193792,12193792,unavailable,13811712,4792320,4792320,unavailable,4792320,4792320,6504448
librime-1.17.0,track-a-comparison,luna_pinyin,key_sequence_process_with_context,ni,62,2,27.600,13.800,12193792,12193792,unavailable,13811712,4792320,4792320,unavailable,4792320,4792320,6504448
librime-1.17.0,track-a-comparison,luna_pinyin,key_sequence_process_with_context,ni,63,2,27.500,13.750,12193792,12193792,unavailable,13811712,4792320,4792320,unavailable,4792320,4792320,6504448
librime-1.17.0,track-a-comparison,luna_pinyin,key_sequence_process_with_context,ni,64,2,27.300,13.650,12193792,12193792,unavailable,13811712,4792320,4792320,unavailable,4792320,4792320,6504448
librime-1.17.0,track-a-comparison,luna_pinyin,key_sequence_process_with_context,ni,65,2,27.300,13.650,12193792,12193792,unavailable,13811712,4792320,4792320,unavailable,4792320,4792320,6504448
librime-1.17.0,track-a-comparison,luna_pinyin,key_sequence_process_with_context,ni,66,2,27.800,13.900,12193792,12193792,unavailable,13811712,4792320,4792320,unavailable,4792320,4792320,6504448
librime-1.17.0,track-a-comparison,luna_pinyin,key_sequence_process_with_context,ni,67,2,28.400,14.200,12197888,12197888,unavailable,13811712,4792320,4792320,unavailable,4792320,4792320,6504448
librime-1.17.0,track-a-comparison,luna_pinyin,key_sequence_process_with_context,ni,68,2,27.600,13.800,12197888,12197888,unavailable,13811712,4792320,4792320,unavailable,4792320,4792320,6504448
librime-1.17.0,track-a-comparison,luna_pinyin,key_sequence_process_with_context,ni,69,2,27.500,13.750,12197888,12197888,unavailable,13811712,4792320,4792320,unavailable,4792320,4792320,6504448
librime-1.17.0,track-a-comparison,luna_pinyin,key_sequence_process_with_context,ni,70,2,27.400,13.700,12197888,12197888,unavailable,13811712,4792320,4792320,unavailable,4792320,4792320,6504448
librime-1.17.0,track-a-comparison,luna_pinyin,key_sequence_process_with_context,ni,71,2,27.700,13.850,12197888,12197888,unavailable,13811712,4792320,4792320,unavailable,4792320,4792320,6504448
librime-1.17.0,track-a-comparison,luna_pinyin,key_sequence_process_with_context,ni,72,2,27.600,13.800,12197888,12197888,unavailable,13811712,4792320,4792320,unavailable,4792320,4792320,6504448
librime-1.17.0,track-a-comparison,luna_pinyin,key_sequence_process_with_context,ni,73,2,27.600,13.800,12197888,12197888,unavailable,13811712,4792320,4792320,unavailable,4792320,4792320,6504448
librime-1.17.0,track-a-comparison,luna_pinyin,key_sequence_process_with_context,ni,74,2,27.400,13.700,12197888,12197888,unavailable,13811712,4792320,4792320,unavailable,4792320,4792320,6504448
librime-1.17.0,track-a-comparison,luna_pinyin,key_sequence_process_with_context,ni,75,2,27.500,13.750,12197888,12197888,unavailable,13811712,4792320,4792320,unavailable,4792320,4792320,6504448
librime-1.17.0,track-a-comparison,luna_pinyin,key_sequence_process_with_context,ni,76,2,27.300,13.650,12201984,12201984,unavailable,13811712,4792320,4792320,unavailable,4792320,4792320,6504448
librime-1.17.0,track-a-comparison,luna_pinyin,key_sequence_process_with_context,ni,77,2,32.300,16.150,12201984,12201984,unavailable,13811712,4792320,4792320,unavailable,4792320,4792320,6504448
librime-1.17.0,track-a-comparison,luna_pinyin,key_sequence_process_with_context,ni,78,2,28.000,14.000,12201984,12201984,unavailable,13811712,4792320,4792320,unavailable,4792320,4792320,6504448
librime-1.17.0,track-a-comparison,luna_pinyin,key_sequence_process_with_context,ni,79,2,27.300,13.650,12201984,12201984,unavailable,13811712,4792320,4792320,unavailable,4792320,4792320,6504448
librime-1.17.0,track-a-comparison,luna_pinyin,key_sequence_process_with_context,hao,0,3,33.800,11.267,12095488,12095488,unavailable,13811712,4673536,4673536,unavailable,4673536,4673536,6504448
librime-1.17.0,track-a-comparison,luna_pinyin,key_sequence_process_with_context,hao,1,3,33.800,11.267,12095488,12095488,unavailable,13811712,4673536,4673536,unavailable,4673536,4673536,6504448
librime-1.17.0,track-a-comparison,luna_pinyin,key_sequence_process_with_context,hao,2,3,33.900,11.300,12095488,12095488,unavailable,13811712,4673536,4673536,unavailable,4673536,4673536,6504448
librime-1.17.0,track-a-comparison,luna_pinyin,key_sequence_process_with_context,hao,3,3,34.900,11.633,12095488,12095488,unavailable,13811712,4673536,4673536,unavailable,4673536,4673536,6504448
librime-1.17.0,track-a-comparison,luna_pinyin,key_sequence_process_with_context,hao,4,3,34.100,11.367,12095488,12095488,unavailable,13811712,4673536,4673536,unavailable,4673536,4673536,6504448
librime-1.17.0,track-a-comparison,luna_pinyin,key_sequence_process_with_context,hao,5,3,35.100,11.700,12099584,12099584,unavailable,13811712,4673536,4673536,unavailable,4673536,4673536,6504448
librime-1.17.0,track-a-comparison,luna_pinyin,key_sequence_process_with_context,hao,6,3,34.000,11.333,12099584,12099584,unavailable,13811712,4673536,4673536,unavailable,4673536,4673536,6504448
librime-1.17.0,track-a-comparison,luna_pinyin,key_sequence_process_with_context,hao,7,3,34.000,11.333,12099584,12099584,unavailable,13811712,4673536,4673536,unavailable,4673536,4673536,6504448
librime-1.17.0,track-a-comparison,luna_pinyin,key_sequence_process_with_context,hao,8,3,34.000,11.333,12099584,12099584,unavailable,13811712,4673536,4673536,unavailable,4673536,4673536,6504448
librime-1.17.0,track-a-comparison,luna_pinyin,key_sequence_process_with_context,hao,9,3,34.200,11.400,12099584,12099584,unavailable,13811712,4673536,4673536,unavailable,4673536,4673536,6504448
librime-1.17.0,track-a-comparison,luna_pinyin,key_sequence_process_with_context,hao,10,3,33.900,11.300,12099584,12099584,unavailable,13811712,4673536,4673536,unavailable,4673536,4673536,6504448
librime-1.17.0,track-a-comparison,luna_pinyin,key_sequence_process_with_context,hao,11,3,34.000,11.333,12099584,12099584,unavailable,13811712,4673536,4673536,unavailable,4673536,4673536,6504448
librime-1.17.0,track-a-comparison,luna_pinyin,key_sequence_process_with_context,hao,12,3,34.100,11.367,12099584,12099584,unavailable,13811712,4673536,4673536,unavailable,4673536,4673536,6504448
librime-1.17.0,track-a-comparison,luna_pinyin,key_sequence_process_with_context,hao,13,3,34.600,11.533,12099584,12099584,unavailable,13811712,4673536,4673536,unavailable,4673536,4673536,6504448
librime-1.17.0,track-a-comparison,luna_pinyin,key_sequence_process_with_context,hao,14,3,98.100,32.700,12103680,12103680,unavailable,13811712,4673536,4673536,unavailable,4673536,4673536,6504448
librime-1.17.0,track-a-comparison,luna_pinyin,key_sequence_process_with_context,hao,15,3,42.200,14.067,12103680,12103680,unavailable,13811712,4673536,4673536,unavailable,4673536,4673536,6504448
librime-1.17.0,track-a-comparison,luna_pinyin,key_sequence_process_with_context,hao,16,3,73.500,24.500,12103680,12103680,unavailable,13811712,4673536,4673536,unavailable,4673536,4673536,6504448
librime-1.17.0,track-a-comparison,luna_pinyin,key_sequence_process_with_context,hao,17,3,34.100,11.367,12103680,12103680,unavailable,13811712,4673536,4673536,unavailable,4673536,4673536,6504448
librime-1.17.0,track-a-comparison,luna_pinyin,key_sequence_process_with_context,hao,18,3,33.900,11.300,12103680,12103680,unavailable,13811712,4673536,4673536,unavailable,4673536,4673536,6504448
librime-1.17.0,track-a-comparison,luna_pinyin,key_sequence_process_with_context,hao,19,3,33.800,11.267,12103680,12103680,unavailable,13811712,4673536,4673536,unavailable,4673536,4673536,6504448
librime-1.17.0,track-a-comparison,luna_pinyin,key_sequence_process_with_context,hao,20,3,33.600,11.200,12103680,12103680,unavailable,13811712,4673536,4673536,unavailable,4673536,4673536,6504448
librime-1.17.0,track-a-comparison,luna_pinyin,key_sequence_process_with_context,hao,21,3,33.400,11.133,12103680,12103680,unavailable,13811712,4673536,4673536,unavailable,4673536,4673536,6504448
librime-1.17.0,track-a-comparison,luna_pinyin,key_sequence_process_with_context,hao,22,3,33.400,11.133,12103680,12103680,unavailable,13811712,4673536,4673536,unavailable,4673536,4673536,6504448
librime-1.17.0,track-a-comparison,luna_pinyin,key_sequence_process_with_context,hao,23,3,33.300,11.100,12103680,12103680,unavailable,13811712,4673536,4673536,unavailable,4673536,4673536,6504448
librime-1.17.0,track-a-comparison,luna_pinyin,key_sequence_process_with_context,hao,24,3,34.100,11.367,12103680,12103680,unavailable,13811712,4673536,4673536,unavailable,4673536,4673536,6504448
librime-1.17.0,track-a-comparison,luna_pinyin,key_sequence_process_with_context,hao,25,3,33.600,11.200,12103680,12103680,unavailable,13811712,4673536,4673536,unavailable,4673536,4673536,6504448
librime-1.17.0,track-a-comparison,luna_pinyin,key_sequence_process_with_context,hao,26,3,33.300,11.100,12103680,12103680,unavailable,13811712,4673536,4673536,unavailable,4673536,4673536,6504448
librime-1.17.0,track-a-comparison,luna_pinyin,key_sequence_process_with_context,hao,27,3,33.500,11.167,12103680,12103680,unavailable,13811712,4673536,4673536,unavailable,4673536,4673536,6504448
librime-1.17.0,track-a-comparison,luna_pinyin,key_sequence_process_with_context,hao,28,3,34.800,11.600,12279808,12279808,unavailable,13811712,4935680,4935680,unavailable,4935680,4935680,6504448
librime-1.17.0,track-a-comparison,luna_pinyin,key_sequence_process_with_context,hao,29,3,33.400,11.133,12279808,12279808,unavailable,13811712,4935680,4935680,unavailable,4935680,4935680,6504448
librime-1.17.0,track-a-comparison,luna_pinyin,key_sequence_process_with_context,hao,30,3,33.300,11.100,12279808,12279808,unavailable,13811712,4935680,4935680,unavailable,4935680,4935680,6504448
librime-1.17.0,track-a-comparison,luna_pinyin,key_sequence_process_with_context,hao,31,3,32.900,10.967,12279808,12279808,unavailable,13811712,4935680,4935680,unavailable,4935680,4935680,6504448
librime-1.17.0,track-a-comparison,luna_pinyin,key_sequence_process_with_context,hao,32,3,33.200,11.067,12279808,12279808,unavailable,13811712,4935680,4935680,unavailable,4935680,4935680,6504448
librime-1.17.0,track-a-comparison,luna_pinyin,key_sequence_process_with_context,hao,33,3,33.100,11.033,12279808,12279808,unavailable,13811712,4935680,4935680,unavailable,4935680,4935680,6504448
librime-1.17.0,track-a-comparison,luna_pinyin,key_sequence_process_with_context,hao,34,3,33.300,11.100,12279808,12279808,unavailable,13811712,4935680,4935680,unavailable,4935680,4935680,6504448
librime-1.17.0,track-a-comparison,luna_pinyin,key_sequence_process_with_context,hao,35,3,33.200,11.067,12279808,12279808,unavailable,13811712,4935680,4935680,unavailable,4935680,4935680,6504448
librime-1.17.0,track-a-comparison,luna_pinyin,key_sequence_process_with_context,hao,36,3,33.100,11.033,12279808,12279808,unavailable,13811712,4935680,4935680,unavailable,4935680,4935680,6504448
librime-1.17.0,track-a-comparison,luna_pinyin,key_sequence_process_with_context,hao,37,3,33.300,11.100,12279808,12279808,unavailable,13811712,4935680,4935680,unavailable,4935680,4935680,6504448
librime-1.17.0,track-a-comparison,luna_pinyin,key_sequence_process_with_context,hao,38,3,33.300,11.100,12279808,12279808,unavailable,13811712,4935680,4935680,unavailable,4935680,4935680,6504448
librime-1.17.0,track-a-comparison,luna_pinyin,key_sequence_process_with_context,hao,39,3,33.100,11.033,12279808,12279808,unavailable,13811712,4935680,4935680,unavailable,4935680,4935680,6504448
librime-1.17.0,track-a-comparison,luna_pinyin,key_sequence_process_with_context,hao,40,3,33.100,11.033,12279808,12279808,unavailable,13811712,4935680,4935680,unavailable,4935680,4935680,6504448
librime-1.17.0,track-a-comparison,luna_pinyin,key_sequence_process_with_context,hao,41,3,33.000,11.000,12279808,12279808,unavailable,13811712,4935680,4935680,unavailable,4935680,4935680,6504448
librime-1.17.0,track-a-comparison,luna_pinyin,key_sequence_process_with_context,hao,42,3,33.100,11.033,12279808,12279808,unavailable,13811712,4935680,4935680,unavailable,4935680,4935680,6504448
librime-1.17.0,track-a-comparison,luna_pinyin,key_sequence_process_with_context,hao,43,3,35.300,11.767,12279808,12279808,unavailable,13811712,4935680,4935680,unavailable,4935680,4935680,6504448
librime-1.17.0,track-a-comparison,luna_pinyin,key_sequence_process_with_context,hao,44,3,33.300,11.100,12279808,12279808,unavailable,13811712,4935680,4935680,unavailable,4935680,4935680,6504448
librime-1.17.0,track-a-comparison,luna_pinyin,key_sequence_process_with_context,hao,45,3,33.100,11.033,12279808,12279808,unavailable,13811712,4935680,4935680,unavailable,4935680,4935680,6504448
librime-1.17.0,track-a-comparison,luna_pinyin,key_sequence_process_with_context,hao,46,3,33.500,11.167,12279808,12279808,unavailable,13811712,4935680,4935680,unavailable,4935680,4935680,6504448
librime-1.17.0,track-a-comparison,luna_pinyin,key_sequence_process_with_context,hao,47,3,33.700,11.233,12279808,12279808,unavailable,13811712,4935680,4935680,unavailable,4935680,4935680,6504448
librime-1.17.0,track-a-comparison,luna_pinyin,key_sequence_process_with_context,hao,48,3,33.400,11.133,12279808,12279808,unavailable,13811712,4935680,4935680,unavailable,4935680,4935680,6504448
librime-1.17.0,track-a-comparison,luna_pinyin,key_sequence_process_with_context,hao,49,3,33.000,11.000,12279808,12279808,unavailable,13811712,4935680,4935680,unavailable,4935680,4935680,6504448
librime-1.17.0,track-a-comparison,luna_pinyin,key_sequence_process_with_context,hao,50,3,33.100,11.033,12279808,12279808,unavailable,13811712,4935680,4935680,unavailable,4935680,4935680,6504448
librime-1.17.0,track-a-comparison,luna_pinyin,key_sequence_process_with_context,hao,51,3,33.200,11.067,12279808,12279808,unavailable,13811712,4935680,4935680,unavailable,4935680,4935680,6504448
librime-1.17.0,track-a-comparison,luna_pinyin,key_sequence_process_with_context,hao,52,3,33.300,11.100,12279808,12279808,unavailable,13811712,4935680,4935680,unavailable,4935680,4935680,6504448
librime-1.17.0,track-a-comparison,luna_pinyin,key_sequence_process_with_context,hao,53,3,33.200,11.067,12279808,12279808,unavailable,13811712,4935680,4935680,unavailable,4935680,4935680,6504448
librime-1.17.0,track-a-comparison,luna_pinyin,key_sequence_process_with_context,hao,54,3,33.000,11.000,12279808,12279808,unavailable,13811712,4935680,4935680,unavailable,4935680,4935680,6504448
librime-1.17.0,track-a-comparison,luna_pinyin,key_sequence_process_with_context,hao,55,3,33.200,11.067,12279808,12279808,unavailable,13811712,4935680,4935680,unavailable,4935680,4935680,6504448
librime-1.17.0,track-a-comparison,luna_pinyin,key_sequence_process_with_context,hao,56,3,33.200,11.067,12279808,12279808,unavailable,13811712,4935680,4935680,unavailable,4935680,4935680,6504448
librime-1.17.0,track-a-comparison,luna_pinyin,key_sequence_process_with_context,hao,57,3,33.300,11.100,12279808,12279808,unavailable,13811712,4935680,4935680,unavailable,4935680,4935680,6504448
librime-1.17.0,track-a-comparison,luna_pinyin,key_sequence_process_with_context,hao,58,3,33.100,11.033,12279808,12279808,unavailable,13811712,4935680,4935680,unavailable,4935680,4935680,6504448
librime-1.17.0,track-a-comparison,luna_pinyin,key_sequence_process_with_context,hao,59,3,33.000,11.000,12279808,12279808,unavailable,13811712,4935680,4935680,unavailable,4935680,4935680,6504448
librime-1.17.0,track-a-comparison,luna_pinyin,key_sequence_process_with_context,hao,60,3,33.400,11.133,12279808,12279808,unavailable,13811712,4935680,4935680,unavailable,4935680,4935680,6504448
librime-1.17.0,track-a-comparison,luna_pinyin,key_sequence_process_with_context,hao,61,3,33.200,11.067,12279808,12279808,unavailable,13811712,4935680,4935680,unavailable,4935680,4935680,6504448
librime-1.17.0,track-a-comparison,luna_pinyin,key_sequence_process_with_context,hao,62,3,33.200,11.067,12279808,12279808,unavailable,13811712,4935680,4935680,unavailable,4935680,4935680,6504448
librime-1.17.0,track-a-comparison,luna_pinyin,key_sequence_process_with_context,hao,63,3,33.400,11.133,12279808,12279808,unavailable,13811712,4935680,4935680,unavailable,4935680,4935680,6504448
librime-1.17.0,track-a-comparison,luna_pinyin,key_sequence_process_with_context,hao,64,3,33.300,11.100,12279808,12279808,unavailable,13811712,4935680,4935680,unavailable,4935680,4935680,6504448
librime-1.17.0,track-a-comparison,luna_pinyin,key_sequence_process_with_context,hao,65,3,33.300,11.100,12279808,12279808,unavailable,13811712,4935680,4935680,unavailable,4935680,4935680,6504448
librime-1.17.0,track-a-comparison,luna_pinyin,key_sequence_process_with_context,hao,66,3,33.200,11.067,12279808,12279808,unavailable,13811712,4935680,4935680,unavailable,4935680,4935680,6504448
librime-1.17.0,track-a-comparison,luna_pinyin,key_sequence_process_with_context,hao,67,3,33.600,11.200,12279808,12279808,unavailable,13811712,4935680,4935680,unavailable,4935680,4935680,6504448
librime-1.17.0,track-a-comparison,luna_pinyin,key_sequence_process_with_context,hao,68,3,33.300,11.100,12279808,12279808,unavailable,13811712,4935680,4935680,unavailable,4935680,4935680,6504448
librime-1.17.0,track-a-comparison,luna_pinyin,key_sequence_process_with_context,hao,69,3,33.200,11.067,12279808,12279808,unavailable,13811712,4935680,4935680,unavailable,4935680,4935680,6504448
librime-1.17.0,track-a-comparison,luna_pinyin,key_sequence_process_with_context,hao,70,3,33.100,11.033,12279808,12279808,unavailable,13811712,4935680,4935680,unavailable,4935680,4935680,6504448
librime-1.17.0,track-a-comparison,luna_pinyin,key_sequence_process_with_context,hao,71,3,33.200,11.067,12279808,12279808,unavailable,13811712,4935680,4935680,unavailable,4935680,4935680,6504448
librime-1.17.0,track-a-comparison,luna_pinyin,key_sequence_process_with_context,hao,72,3,33.200,11.067,12279808,12279808,unavailable,13811712,4935680,4935680,unavailable,4935680,4935680,6504448
librime-1.17.0,track-a-comparison,luna_pinyin,key_sequence_process_with_context,hao,73,3,35.300,11.767,12279808,12279808,unavailable,13811712,4935680,4935680,unavailable,4935680,4935680,6504448
librime-1.17.0,track-a-comparison,luna_pinyin,key_sequence_process_with_context,hao,74,3,33.000,11.000,12279808,12279808,unavailable,13811712,4935680,4935680,unavailable,4935680,4935680,6504448
librime-1.17.0,track-a-comparison,luna_pinyin,key_sequence_process_with_context,hao,75,3,33.100,11.033,12279808,12279808,unavailable,13811712,4935680,4935680,unavailable,4935680,4935680,6504448
librime-1.17.0,track-a-comparison,luna_pinyin,key_sequence_process_with_context,hao,76,3,33.100,11.033,12279808,12279808,unavailable,13811712,4935680,4935680,unavailable,4935680,4935680,6504448
librime-1.17.0,track-a-comparison,luna_pinyin,key_sequence_process_with_context,hao,77,3,33.100,11.033,12279808,12279808,unavailable,13811712,4935680,4935680,unavailable,4935680,4935680,6504448
librime-1.17.0,track-a-comparison,luna_pinyin,key_sequence_process_with_context,hao,78,3,33.100,11.033,12279808,12279808,unavailable,13811712,4935680,4935680,unavailable,4935680,4935680,6504448
librime-1.17.0,track-a-comparison,luna_pinyin,key_sequence_process_with_context,hao,79,3,33.000,11.000,12279808,12279808,unavailable,13811712,4935680,4935680,unavailable,4935680,4935680,6504448
librime-1.17.0,track-a-comparison,luna_pinyin,key_sequence_process_with_context,zhongguo,0,8,1328.300,166.037,13373440,13373440,unavailable,13844480,5210112,5210112,unavailable,5210112,5210112,6574080
librime-1.17.0,track-a-comparison,luna_pinyin,key_sequence_process_with_context,zhongguo,1,8,1266.800,158.350,13373440,13373440,unavailable,13844480,5210112,5210112,unavailable,5210112,5210112,6574080
librime-1.17.0,track-a-comparison,luna_pinyin,key_sequence_process_with_context,zhongguo,2,8,1265.700,158.213,13373440,13373440,unavailable,13844480,5210112,5210112,unavailable,5210112,5210112,6574080
librime-1.17.0,track-a-comparison,luna_pinyin,key_sequence_process_with_context,zhongguo,3,8,1269.900,158.738,13373440,13373440,unavailable,13844480,5210112,5210112,unavailable,5210112,5210112,6574080
librime-1.17.0,track-a-comparison,luna_pinyin,key_sequence_process_with_context,zhongguo,4,8,1263.500,157.938,13373440,13373440,unavailable,13844480,5210112,5210112,unavailable,5210112,5210112,6574080
librime-1.17.0,track-a-comparison,luna_pinyin,key_sequence_process_with_context,zhongguo,5,8,1268.700,158.588,13373440,13373440,unavailable,13844480,5210112,5210112,unavailable,5210112,5210112,6574080
librime-1.17.0,track-a-comparison,luna_pinyin,key_sequence_process_with_context,zhongguo,6,8,1262.400,157.800,13373440,13373440,unavailable,13844480,5210112,5210112,unavailable,5210112,5210112,6574080
librime-1.17.0,track-a-comparison,luna_pinyin,key_sequence_process_with_context,zhongguo,7,8,1264.800,158.100,13373440,13373440,unavailable,13844480,5210112,5210112,unavailable,5210112,5210112,6574080
librime-1.17.0,track-a-comparison,luna_pinyin,key_sequence_process_with_context,zhongguo,8,8,1258.100,157.263,13373440,13373440,unavailable,13844480,5210112,5210112,unavailable,5210112,5210112,6574080
librime-1.17.0,track-a-comparison,luna_pinyin,key_sequence_process_with_context,zhongguo,9,8,1257.800,157.225,13373440,13373440,unavailable,13844480,5210112,5210112,unavailable,5210112,5210112,6574080
librime-1.17.0,track-a-comparison,luna_pinyin,key_sequence_process_with_context,zhongguo,10,8,1259.900,157.488,13373440,13373440,unavailable,13844480,5210112,5210112,unavailable,5210112,5210112,6574080
librime-1.17.0,track-a-comparison,luna_pinyin,key_sequence_process_with_context,zhongguo,11,8,1284.200,160.525,13373440,13373440,unavailable,13844480,5210112,5210112,unavailable,5210112,5210112,6574080
librime-1.17.0,track-a-comparison,luna_pinyin,key_sequence_process_with_context,zhongguo,12,8,1275.500,159.438,13373440,13373440,unavailable,13844480,5210112,5210112,unavailable,5210112,5210112,6574080
librime-1.17.0,track-a-comparison,luna_pinyin,key_sequence_process_with_context,zhongguo,13,8,1273.100,159.138,13373440,13373440,unavailable,13844480,5210112,5210112,unavailable,5210112,5210112,6574080
librime-1.17.0,track-a-comparison,luna_pinyin,key_sequence_process_with_context,zhongguo,14,8,1261.400,157.675,13373440,13373440,unavailable,13844480,5210112,5210112,unavailable,5210112,5210112,6574080
librime-1.17.0,track-a-comparison,luna_pinyin,key_sequence_process_with_context,zhongguo,15,8,1266.600,158.325,13373440,13373440,unavailable,13844480,5210112,5210112,unavailable,5210112,5210112,6574080
librime-1.17.0,track-a-comparison,luna_pinyin,key_sequence_process_with_context,zhongguo,16,8,1264.700,158.087,13373440,13373440,unavailable,13844480,5210112,5210112,unavailable,5210112,5210112,6574080
librime-1.17.0,track-a-comparison,luna_pinyin,key_sequence_process_with_context,zhongguo,17,8,1263.400,157.925,13373440,13373440,unavailable,13844480,5210112,5210112,unavailable,5210112,5210112,6574080
librime-1.17.0,track-a-comparison,luna_pinyin,key_sequence_process_with_context,zhongguo,18,8,1266.900,158.363,13373440,13373440,unavailable,13844480,5210112,5210112,unavailable,5210112,5210112,6574080
librime-1.17.0,track-a-comparison,luna_pinyin,key_sequence_process_with_context,zhongguo,19,8,1369.300,171.162,13373440,13307904,unavailable,13844480,5210112,5087232,unavailable,5087232,5087232,6574080
librime-1.17.0,track-a-comparison,luna_pinyin,key_sequence_process_with_context,zhongguo,20,8,1260.900,157.612,13307904,13307904,unavailable,13844480,5087232,5087232,unavailable,5087232,5087232,6574080
librime-1.17.0,track-a-comparison,luna_pinyin,key_sequence_process_with_context,zhongguo,21,8,1259.300,157.413,13307904,13307904,unavailable,13844480,5087232,5087232,unavailable,5087232,5087232,6574080
librime-1.17.0,track-a-comparison,luna_pinyin,key_sequence_process_with_context,zhongguo,22,8,1263.600,157.950,13307904,13307904,unavailable,13844480,5087232,5087232,unavailable,5087232,5087232,6574080
librime-1.17.0,track-a-comparison,luna_pinyin,key_sequence_process_with_context,zhongguo,23,8,1279.700,159.963,13307904,13307904,unavailable,13844480,5087232,5087232,unavailable,5087232,5087232,6574080
librime-1.17.0,track-a-comparison,luna_pinyin,key_sequence_process_with_context,zhongguo,24,8,1260.400,157.550,13307904,13307904,unavailable,13844480,5087232,5087232,unavailable,5087232,5087232,6574080
librime-1.17.0,track-a-comparison,luna_pinyin,key_sequence_process_with_context,zhongguo,25,8,1275.900,159.487,13307904,13307904,unavailable,13844480,5087232,5087232,unavailable,5087232,5087232,6574080
librime-1.17.0,track-a-comparison,luna_pinyin,key_sequence_process_with_context,zhongguo,26,8,1261.900,157.738,13307904,13307904,unavailable,13844480,5087232,5087232,unavailable,5087232,5087232,6574080
librime-1.17.0,track-a-comparison,luna_pinyin,key_sequence_process_with_context,zhongguo,27,8,1257.800,157.225,13307904,13307904,unavailable,13844480,5087232,5087232,unavailable,5087232,5087232,6574080
librime-1.17.0,track-a-comparison,luna_pinyin,key_sequence_process_with_context,zhongguo,28,8,1347.900,168.487,13307904,13307904,unavailable,13844480,5087232,5087232,unavailable,5087232,5087232,6574080
librime-1.17.0,track-a-comparison,luna_pinyin,key_sequence_process_with_context,zhongguo,29,8,1268.600,158.575,13307904,13307904,unavailable,13844480,5087232,5087232,unavailable,5087232,5087232,6574080
librime-1.17.0,track-a-comparison,luna_pinyin,key_sequence_process_with_context,zhongguo,30,8,1261.800,157.725,13307904,13307904,unavailable,13844480,5087232,5087232,unavailable,5087232,5087232,6574080
librime-1.17.0,track-a-comparison,luna_pinyin,key_sequence_process_with_context,zhongguo,31,8,1261.300,157.662,13307904,13307904,unavailable,13844480,5087232,5087232,unavailable,5087232,5087232,6574080
librime-1.17.0,track-a-comparison,luna_pinyin,key_sequence_process_with_context,zhongguo,32,8,1261.600,157.700,13307904,13307904,unavailable,13844480,5087232,5087232,unavailable,5087232,5087232,6574080
librime-1.17.0,track-a-comparison,luna_pinyin,key_sequence_process_with_context,zhongguo,33,8,1262.500,157.812,13307904,13307904,unavailable,13844480,5087232,5087232,unavailable,5087232,5087232,6574080
librime-1.17.0,track-a-comparison,luna_pinyin,key_sequence_process_with_context,zhongguo,34,8,1266.300,158.287,13307904,13307904,unavailable,13844480,5087232,5087232,unavailable,5087232,5087232,6574080
librime-1.17.0,track-a-comparison,luna_pinyin,key_sequence_process_with_context,zhongguo,35,8,1278.600,159.825,13307904,13307904,unavailable,13844480,5087232,5087232,unavailable,5087232,5087232,6574080
librime-1.17.0,track-a-comparison,luna_pinyin,key_sequence_process_with_context,zhongguo,36,8,1350.500,168.812,13307904,13307904,unavailable,13844480,5087232,5087232,unavailable,5087232,5087232,6574080
librime-1.17.0,track-a-comparison,luna_pinyin,key_sequence_process_with_context,zhongguo,37,8,1262.000,157.750,13307904,13307904,unavailable,13844480,5087232,5087232,unavailable,5087232,5087232,6574080
librime-1.17.0,track-a-comparison,luna_pinyin,key_sequence_process_with_context,zhongguo,38,8,1264.100,158.012,13307904,13307904,unavailable,13844480,5087232,5087232,unavailable,5087232,5087232,6574080
librime-1.17.0,track-a-comparison,luna_pinyin,key_sequence_process_with_context,zhongguo,39,8,1267.200,158.400,13307904,13307904,unavailable,13844480,5087232,5087232,unavailable,5087232,5087232,6574080
librime-1.17.0,track-a-comparison,luna_pinyin,key_sequence_process_with_context,zhongguo,40,8,1265.400,158.175,13307904,13307904,unavailable,13844480,5087232,5087232,unavailable,5087232,5087232,6574080
librime-1.17.0,track-a-comparison,luna_pinyin,key_sequence_process_with_context,zhongguo,41,8,1263.100,157.888,13307904,13307904,unavailable,13844480,5087232,5087232,unavailable,5087232,5087232,6574080
librime-1.17.0,track-a-comparison,luna_pinyin,key_sequence_process_with_context,zhongguo,42,8,1258.800,157.350,13307904,13307904,unavailable,13844480,5087232,5087232,unavailable,5087232,5087232,6574080
librime-1.17.0,track-a-comparison,luna_pinyin,key_sequence_process_with_context,zhongguo,43,8,1262.200,157.775,13307904,13307904,unavailable,13844480,5087232,5087232,unavailable,5087232,5087232,6574080
librime-1.17.0,track-a-comparison,luna_pinyin,key_sequence_process_with_context,zhongguo,44,8,1265.900,158.237,13307904,13307904,unavailable,13844480,5087232,5087232,unavailable,5087232,5087232,6574080
librime-1.17.0,track-a-comparison,luna_pinyin,key_sequence_process_with_context,zhongguo,45,8,1266.200,158.275,13307904,13307904,unavailable,13844480,5087232,5087232,unavailable,5087232,5087232,6574080
librime-1.17.0,track-a-comparison,luna_pinyin,key_sequence_process_with_context,zhongguo,46,8,1262.400,157.800,13307904,13307904,unavailable,13844480,5087232,5087232,unavailable,5087232,5087232,6574080
librime-1.17.0,track-a-comparison,luna_pinyin,key_sequence_process_with_context,zhongguo,47,8,1271.500,158.938,13307904,13307904,unavailable,13844480,5087232,5087232,unavailable,5087232,5087232,6574080
librime-1.17.0,track-a-comparison,luna_pinyin,key_sequence_process_with_context,zhongguo,48,8,1280.900,160.112,13307904,13307904,unavailable,13844480,5087232,5087232,unavailable,5087232,5087232,6574080
librime-1.17.0,track-a-comparison,luna_pinyin,key_sequence_process_with_context,zhongguo,49,8,1260.000,157.500,13307904,13307904,unavailable,13844480,5087232,5087232,unavailable,5087232,5087232,6574080
librime-1.17.0,track-a-comparison,luna_pinyin,key_sequence_process_with_context,zhongguo,50,8,1259.800,157.475,13307904,13307904,unavailable,13844480,5087232,5087232,unavailable,5087232,5087232,6574080
librime-1.17.0,track-a-comparison,luna_pinyin,key_sequence_process_with_context,zhongguo,51,8,1265.000,158.125,13307904,13307904,unavailable,13844480,5087232,5087232,unavailable,5087232,5087232,6574080
librime-1.17.0,track-a-comparison,luna_pinyin,key_sequence_process_with_context,zhongguo,52,8,1263.600,157.950,13307904,13307904,unavailable,13844480,5087232,5087232,unavailable,5087232,5087232,6574080
librime-1.17.0,track-a-comparison,luna_pinyin,key_sequence_process_with_context,zhongguo,53,8,1264.000,158.000,13307904,13307904,unavailable,13844480,5087232,5087232,unavailable,5087232,5087232,6574080
librime-1.17.0,track-a-comparison,luna_pinyin,key_sequence_process_with_context,zhongguo,54,8,1267.500,158.438,13307904,13307904,unavailable,13844480,5087232,5087232,unavailable,5087232,5087232,6574080
librime-1.17.0,track-a-comparison,luna_pinyin,key_sequence_process_with_context,zhongguo,55,8,1263.100,157.888,13307904,13307904,unavailable,13844480,5087232,5087232,unavailable,5087232,5087232,6574080
librime-1.17.0,track-a-comparison,luna_pinyin,key_sequence_process_with_context,zhongguo,56,8,1266.600,158.325,13307904,13320192,unavailable,13844480,5087232,5087232,unavailable,5087232,5087232,6574080
librime-1.17.0,track-a-comparison,luna_pinyin,key_sequence_process_with_context,zhongguo,57,8,1325.400,165.675,13320192,13312000,unavailable,13844480,5087232,5087232,unavailable,5087232,5087232,6574080
librime-1.17.0,track-a-comparison,luna_pinyin,key_sequence_process_with_context,zhongguo,58,8,1275.200,159.400,13312000,13312000,unavailable,13844480,5087232,5087232,unavailable,5087232,5087232,6574080
librime-1.17.0,track-a-comparison,luna_pinyin,key_sequence_process_with_context,zhongguo,59,8,1268.600,158.575,13312000,13312000,unavailable,13844480,5087232,5087232,unavailable,5087232,5087232,6574080
librime-1.17.0,track-a-comparison,luna_pinyin,key_sequence_process_with_context,zhongguo,60,8,1270.600,158.825,13312000,13316096,unavailable,13844480,5087232,5087232,unavailable,5087232,5087232,6574080
librime-1.17.0,track-a-comparison,luna_pinyin,key_sequence_process_with_context,zhongguo,61,8,1283.600,160.450,13316096,13352960,unavailable,13844480,5087232,5124096,unavailable,5124096,5124096,6574080
librime-1.17.0,track-a-comparison,luna_pinyin,key_sequence_process_with_context,zhongguo,62,8,1266.800,158.350,13352960,13365248,unavailable,13844480,5124096,5124096,unavailable,5124096,5124096,6574080
librime-1.17.0,track-a-comparison,luna_pinyin,key_sequence_process_with_context,zhongguo,63,8,1264.900,158.113,13365248,13381632,unavailable,13844480,5124096,5140480,unavailable,5140480,5140480,6574080
librime-1.17.0,track-a-comparison,luna_pinyin,key_sequence_process_with_context,zhongguo,64,8,1254.500,156.812,13381632,13381632,unavailable,13844480,5140480,5140480,unavailable,5140480,5140480,6574080
librime-1.17.0,track-a-comparison,luna_pinyin,key_sequence_process_with_context,zhongguo,65,8,1257.300,157.162,13381632,13381632,unavailable,13844480,5140480,5140480,unavailable,5140480,5140480,6574080
librime-1.17.0,track-a-comparison,luna_pinyin,key_sequence_process_with_context,zhongguo,66,8,1262.300,157.787,13381632,13381632,unavailable,13844480,5140480,5140480,unavailable,5140480,5140480,6574080
librime-1.17.0,track-a-comparison,luna_pinyin,key_sequence_process_with_context,zhongguo,67,8,1258.400,157.300,13381632,13381632,unavailable,13844480,5140480,5140480,unavailable,5140480,5140480,6574080
librime-1.17.0,track-a-comparison,luna_pinyin,key_sequence_process_with_context,zhongguo,68,8,1261.300,157.662,13381632,13381632,unavailable,13844480,5140480,5140480,unavailable,5140480,5140480,6574080
librime-1.17.0,track-a-comparison,luna_pinyin,key_sequence_process_with_context,zhongguo,69,8,1255.500,156.938,13381632,13381632,unavailable,13844480,5140480,5140480,unavailable,5140480,5140480,6574080
librime-1.17.0,track-a-comparison,luna_pinyin,key_sequence_process_with_context,zhongguo,70,8,1278.100,159.762,13381632,13414400,unavailable,13844480,5140480,5169152,unavailable,5169152,5169152,6574080
librime-1.17.0,track-a-comparison,luna_pinyin,key_sequence_process_with_context,zhongguo,71,8,1260.900,157.612,13414400,13414400,unavailable,13844480,5169152,5169152,unavailable,5169152,5169152,6574080
librime-1.17.0,track-a-comparison,luna_pinyin,key_sequence_process_with_context,zhongguo,72,8,1258.500,157.312,13418496,13418496,unavailable,13844480,5169152,5169152,unavailable,5169152,5169152,6574080
librime-1.17.0,track-a-comparison,luna_pinyin,key_sequence_process_with_context,zhongguo,73,8,1272.500,159.062,13418496,13418496,unavailable,13844480,5169152,5169152,unavailable,5169152,5169152,6574080
librime-1.17.0,track-a-comparison,luna_pinyin,key_sequence_process_with_context,zhongguo,74,8,1259.600,157.450,13418496,13418496,unavailable,13844480,5169152,5169152,unavailable,5169152,5169152,6574080
librime-1.17.0,track-a-comparison,luna_pinyin,key_sequence_process_with_context,zhongguo,75,8,1261.300,157.662,13418496,13418496,unavailable,13844480,5169152,5169152,unavailable,5169152,5169152,6574080
librime-1.17.0,track-a-comparison,luna_pinyin,key_sequence_process_with_context,zhongguo,76,8,1266.200,158.275,13418496,13422592,unavailable,13844480,5169152,5173248,unavailable,5173248,5173248,6574080
librime-1.17.0,track-a-comparison,luna_pinyin,key_sequence_process_with_context,zhongguo,77,8,1269.900,158.738,13422592,13430784,unavailable,13844480,5173248,5173248,unavailable,5173248,5173248,6574080
librime-1.17.0,track-a-comparison,luna_pinyin,key_sequence_process_with_context,zhongguo,78,8,1261.400,157.675,13430784,13430784,unavailable,13844480,5173248,5173248,unavailable,5173248,5173248,6574080
librime-1.17.0,track-a-comparison,luna_pinyin,key_sequence_process_with_context,zhongguo,79,8,1257.900,157.237,13430784,13430784,unavailable,13844480,5173248,5173248,unavailable,5173248,5173248,6574080
librime-1.17.0,track-a-comparison,luna_pinyin,key_sequence_process_with_context,ceshiyixiachangjushuruxingnengzenyang,0,37,10396.700,280.992,15568896,15585280,unavailable,15585280,5267456,5267456,unavailable,5267456,5267456,6791168
librime-1.17.0,track-a-comparison,luna_pinyin,key_sequence_process_with_context,ceshiyixiachangjushuruxingnengzenyang,1,37,10402.900,281.159,15589376,15589376,unavailable,15589376,5267456,5267456,unavailable,5267456,5267456,6791168
librime-1.17.0,track-a-comparison,luna_pinyin,key_sequence_process_with_context,ceshiyixiachangjushuruxingnengzenyang,2,37,10404.600,281.205,15589376,15589376,unavailable,15589376,5267456,5267456,unavailable,5267456,5267456,6791168
librime-1.17.0,track-a-comparison,luna_pinyin,key_sequence_process_with_context,ceshiyixiachangjushuruxingnengzenyang,3,37,10395.800,280.968,15589376,15589376,unavailable,15589376,5267456,5267456,unavailable,5267456,5267456,6791168
librime-1.17.0,track-a-comparison,luna_pinyin,key_sequence_process_with_context,ceshiyixiachangjushuruxingnengzenyang,4,37,10365.500,280.149,15589376,15589376,unavailable,15589376,5267456,5267456,unavailable,5267456,5267456,6791168
librime-1.17.0,track-a-comparison,luna_pinyin,key_sequence_process_with_context,ceshiyixiachangjushuruxingnengzenyang,5,37,10382.200,280.600,15589376,15589376,unavailable,15589376,5267456,5267456,unavailable,5267456,5267456,6791168
librime-1.17.0,track-a-comparison,luna_pinyin,key_sequence_process_with_context,ceshiyixiachangjushuruxingnengzenyang,6,37,10486.000,283.405,15589376,15589376,unavailable,15589376,5267456,5267456,unavailable,5267456,5267456,6791168
librime-1.17.0,track-a-comparison,luna_pinyin,key_sequence_process_with_context,ceshiyixiachangjushuruxingnengzenyang,7,37,10340.700,279.478,15589376,15589376,unavailable,15589376,5267456,5267456,unavailable,5267456,5267456,6791168
librime-1.17.0,track-a-comparison,luna_pinyin,key_sequence_process_with_context,ceshiyixiachangjushuruxingnengzenyang,8,37,10312.100,278.705,15589376,15589376,unavailable,15589376,5267456,5267456,unavailable,5267456,5267456,6791168
librime-1.17.0,track-a-comparison,luna_pinyin,key_sequence_process_with_context,ceshiyixiachangjushuruxingnengzenyang,9,37,10308.400,278.605,15589376,15589376,unavailable,15589376,5267456,5267456,unavailable,5267456,5267456,6791168
librime-1.17.0,track-a-comparison,luna_pinyin,key_sequence_process_with_context,ceshiyixiachangjushuruxingnengzenyang,10,37,10323.400,279.011,15593472,15593472,unavailable,15593472,5267456,5267456,unavailable,5267456,5267456,6791168
librime-1.17.0,track-a-comparison,luna_pinyin,key_sequence_process_with_context,ceshiyixiachangjushuruxingnengzenyang,11,37,10343.800,279.562,15593472,15593472,unavailable,15593472,5267456,5267456,unavailable,5267456,5267456,6791168
librime-1.17.0,track-a-comparison,luna_pinyin,key_sequence_process_with_context,ceshiyixiachangjushuruxingnengzenyang,12,37,10385.100,280.678,15593472,15630336,unavailable,15630336,5267456,5328896,unavailable,5328896,5328896,6791168
librime-1.17.0,track-a-comparison,luna_pinyin,key_sequence_process_with_context,ceshiyixiachangjushuruxingnengzenyang,13,37,10355.900,279.889,15630336,15630336,unavailable,15630336,5328896,5328896,unavailable,5328896,5328896,6791168
librime-1.17.0,track-a-comparison,luna_pinyin,key_sequence_process_with_context,ceshiyixiachangjushuruxingnengzenyang,14,37,10308.100,278.597,15630336,15630336,unavailable,15630336,5328896,5328896,unavailable,5328896,5328896,6791168
librime-1.17.0,track-a-comparison,luna_pinyin,key_sequence_process_with_context,ceshiyixiachangjushuruxingnengzenyang,15,37,10317.900,278.862,15630336,15630336,unavailable,15630336,5328896,5328896,unavailable,5328896,5328896,6791168
librime-1.17.0,track-a-comparison,luna_pinyin,key_sequence_process_with_context,ceshiyixiachangjushuruxingnengzenyang,16,37,10305.900,278.538,15630336,15630336,unavailable,15630336,5328896,5328896,unavailable,5328896,5328896,6791168
librime-1.17.0,track-a-comparison,luna_pinyin,key_sequence_process_with_context,ceshiyixiachangjushuruxingnengzenyang,17,37,10314.600,278.773,15630336,15630336,unavailable,15630336,5328896,5328896,unavailable,5328896,5328896,6791168
librime-1.17.0,track-a-comparison,luna_pinyin,key_sequence_process_with_context,ceshiyixiachangjushuruxingnengzenyang,18,37,10363.400,280.092,15630336,15630336,unavailable,15630336,5328896,5328896,unavailable,5328896,5328896,6791168
librime-1.17.0,track-a-comparison,luna_pinyin,key_sequence_process_with_context,ceshiyixiachangjushuruxingnengzenyang,19,37,10324.000,279.027,15634432,15634432,unavailable,15634432,5328896,5328896,unavailable,5328896,5328896,6791168
librime-1.17.0,track-a-comparison,luna_pinyin,key_sequence_process_with_context,ceshiyixiachangjushuruxingnengzenyang,20,37,10353.300,279.819,15634432,15634432,unavailable,15634432,5328896,5328896,unavailable,5328896,5328896,6791168
librime-1.17.0,track-a-comparison,luna_pinyin,key_sequence_process_with_context,ceshiyixiachangjushuruxingnengzenyang,21,37,10384.200,280.654,15634432,15392768,unavailable,15634432,5328896,4972544,unavailable,4972544,4972544,6791168
librime-1.17.0,track-a-comparison,luna_pinyin,key_sequence_process_with_context,ceshiyixiachangjushuruxingnengzenyang,22,37,10371.400,280.308,15392768,15548416,unavailable,15634432,4972544,5173248,unavailable,5173248,5173248,6791168
librime-1.17.0,track-a-comparison,luna_pinyin,key_sequence_process_with_context,ceshiyixiachangjushuruxingnengzenyang,23,37,10337.200,279.384,15548416,15609856,unavailable,15634432,5173248,5234688,unavailable,5234688,5234688,6791168
librime-1.17.0,track-a-comparison,luna_pinyin,key_sequence_process_with_context,ceshiyixiachangjushuruxingnengzenyang,24,37,10319.200,278.897,15609856,15609856,unavailable,15634432,5234688,5234688,unavailable,5234688,5234688,6791168
librime-1.17.0,track-a-comparison,luna_pinyin,key_sequence_process_with_context,ceshiyixiachangjushuruxingnengzenyang,25,37,10299.600,278.368,15609856,15609856,unavailable,15634432,5234688,5234688,unavailable,5234688,5234688,6791168
librime-1.17.0,track-a-comparison,luna_pinyin,key_sequence_process_with_context,ceshiyixiachangjushuruxingnengzenyang,26,37,10352.300,279.792,15609856,15609856,unavailable,15634432,5234688,5234688,unavailable,5234688,5234688,6791168
librime-1.17.0,track-a-comparison,luna_pinyin,key_sequence_process_with_context,ceshiyixiachangjushuruxingnengzenyang,27,37,10356.300,279.900,15609856,15609856,unavailable,15634432,5234688,5234688,unavailable,5234688,5234688,6791168
librime-1.17.0,track-a-comparison,luna_pinyin,key_sequence_process_with_context,ceshiyixiachangjushuruxingnengzenyang,28,37,10305.700,278.532,15613952,15613952,unavailable,15634432,5234688,5234688,unavailable,5234688,5234688,6791168
librime-1.17.0,track-a-comparison,luna_pinyin,key_sequence_process_with_context,ceshiyixiachangjushuruxingnengzenyang,29,37,10329.600,279.178,15613952,15613952,unavailable,15634432,5234688,5234688,unavailable,5234688,5234688,6791168
librime-1.17.0,track-a-comparison,luna_pinyin,key_sequence_process_with_context,ceshiyixiachangjushuruxingnengzenyang,30,37,10337.900,279.403,15613952,15613952,unavailable,15634432,5234688,5234688,unavailable,5234688,5234688,6791168
librime-1.17.0,track-a-comparison,luna_pinyin,key_sequence_process_with_context,ceshiyixiachangjushuruxingnengzenyang,31,37,10343.400,279.551,15613952,15613952,unavailable,15634432,5234688,5234688,unavailable,5234688,5234688,6791168
librime-1.17.0,track-a-comparison,luna_pinyin,key_sequence_process_with_context,ceshiyixiachangjushuruxingnengzenyang,32,37,10830.100,292.705,15613952,15613952,unavailable,15634432,5234688,5234688,unavailable,5234688,5234688,6791168
librime-1.17.0,track-a-comparison,luna_pinyin,key_sequence_process_with_context,ceshiyixiachangjushuruxingnengzenyang,33,37,10304.100,278.489,15613952,15613952,unavailable,15634432,5234688,5234688,unavailable,5234688,5234688,6791168
librime-1.17.0,track-a-comparison,luna_pinyin,key_sequence_process_with_context,ceshiyixiachangjushuruxingnengzenyang,34,37,10330.400,279.200,15613952,15613952,unavailable,15634432,5234688,5234688,unavailable,5234688,5234688,6791168
librime-1.17.0,track-a-comparison,luna_pinyin,key_sequence_process_with_context,ceshiyixiachangjushuruxingnengzenyang,35,37,10298.200,278.330,15613952,15613952,unavailable,15634432,5234688,5234688,unavailable,5234688,5234688,6791168
librime-1.17.0,track-a-comparison,luna_pinyin,key_sequence_process_with_context,ceshiyixiachangjushuruxingnengzenyang,36,37,10326.600,279.097,15613952,15613952,unavailable,15634432,5234688,5234688,unavailable,5234688,5234688,6791168
librime-1.17.0,track-a-comparison,luna_pinyin,key_sequence_process_with_context,ceshiyixiachangjushuruxingnengzenyang,37,37,10304.400,278.497,15618048,15618048,unavailable,15634432,5234688,5234688,unavailable,5234688,5234688,6791168
librime-1.17.0,track-a-comparison,luna_pinyin,key_sequence_process_with_context,ceshiyixiachangjushuruxingnengzenyang,38,37,10325.600,279.070,15618048,15618048,unavailable,15634432,5234688,5234688,unavailable,5234688,5234688,6791168
librime-1.17.0,track-a-comparison,luna_pinyin,key_sequence_process_with_context,ceshiyixiachangjushuruxingnengzenyang,39,37,10372.600,280.341,15618048,15618048,unavailable,15634432,5234688,5234688,unavailable,5234688,5234688,6791168
librime-1.17.0,track-a-comparison,luna_pinyin,key_sequence_process_with_context,ceshiyixiachangjushuruxingnengzenyang,40,37,10421.200,281.654,15618048,15618048,unavailable,15634432,5234688,5234688,unavailable,5234688,5234688,6791168
librime-1.17.0,track-a-comparison,luna_pinyin,key_sequence_process_with_context,ceshiyixiachangjushuruxingnengzenyang,41,37,10367.300,280.197,15618048,15618048,unavailable,15634432,5234688,5234688,unavailable,5234688,5234688,6791168
librime-1.17.0,track-a-comparison,luna_pinyin,key_sequence_process_with_context,ceshiyixiachangjushuruxingnengzenyang,42,37,10393.800,280.914,15618048,15618048,unavailable,15634432,5234688,5234688,unavailable,5234688,5234688,6791168
librime-1.17.0,track-a-comparison,luna_pinyin,key_sequence_process_with_context,ceshiyixiachangjushuruxingnengzenyang,43,37,10368.000,280.216,15618048,15618048,unavailable,15634432,5234688,5234688,unavailable,5234688,5234688,6791168
librime-1.17.0,track-a-comparison,luna_pinyin,key_sequence_process_with_context,ceshiyixiachangjushuruxingnengzenyang,44,37,10404.300,281.197,15618048,15618048,unavailable,15634432,5234688,5234688,unavailable,5234688,5234688,6791168
librime-1.17.0,track-a-comparison,luna_pinyin,key_sequence_process_with_context,ceshiyixiachangjushuruxingnengzenyang,45,37,10387.900,280.754,15618048,15618048,unavailable,15634432,5234688,5234688,unavailable,5234688,5234688,6791168
librime-1.17.0,track-a-comparison,luna_pinyin,key_sequence_process_with_context,ceshiyixiachangjushuruxingnengzenyang,46,37,10438.600,282.124,15622144,15728640,unavailable,15728640,5234688,5361664,unavailable,5361664,5361664,6791168
librime-1.17.0,track-a-comparison,luna_pinyin,key_sequence_process_with_context,ceshiyixiachangjushuruxingnengzenyang,47,37,10370.000,280.270,15728640,15728640,unavailable,15728640,5361664,5361664,unavailable,5361664,5361664,6791168
librime-1.17.0,track-a-comparison,luna_pinyin,key_sequence_process_with_context,ceshiyixiachangjushuruxingnengzenyang,48,37,10390.100,280.814,15728640,15749120,unavailable,15749120,5361664,5361664,unavailable,5361664,5361664,6791168
librime-1.17.0,track-a-comparison,luna_pinyin,key_sequence_process_with_context,ceshiyixiachangjushuruxingnengzenyang,49,37,10516.600,284.232,15749120,15749120,unavailable,15749120,5361664,5361664,unavailable,5361664,5361664,6791168
librime-1.17.0,track-a-comparison,luna_pinyin,key_sequence_process_with_context,ceshiyixiachangjushuruxingnengzenyang,50,37,10397.400,281.011,15749120,15749120,unavailable,15749120,5361664,5361664,unavailable,5361664,5361664,6791168
librime-1.17.0,track-a-comparison,luna_pinyin,key_sequence_process_with_context,ceshiyixiachangjushuruxingnengzenyang,51,37,10504.300,283.900,15749120,15749120,unavailable,15749120,5361664,5361664,unavailable,5361664,5361664,6791168
librime-1.17.0,track-a-comparison,luna_pinyin,key_sequence_process_with_context,ceshiyixiachangjushuruxingnengzenyang,52,37,10401.700,281.127,15749120,15749120,unavailable,15749120,5361664,5361664,unavailable,5361664,5361664,6791168
librime-1.17.0,track-a-comparison,luna_pinyin,key_sequence_process_with_context,ceshiyixiachangjushuruxingnengzenyang,53,37,10360.100,280.003,15749120,15790080,unavailable,15790080,5361664,5455872,unavailable,5455872,5455872,6791168
librime-1.17.0,track-a-comparison,luna_pinyin,key_sequence_process_with_context,ceshiyixiachangjushuruxingnengzenyang,54,37,10368.500,280.230,15790080,15790080,unavailable,15790080,5455872,5455872,unavailable,5455872,5455872,6791168
librime-1.17.0,track-a-comparison,luna_pinyin,key_sequence_process_with_context,ceshiyixiachangjushuruxingnengzenyang,55,37,10387.000,280.730,15794176,15794176,unavailable,15794176,5455872,5455872,unavailable,5455872,5455872,6791168
librime-1.17.0,track-a-comparison,luna_pinyin,key_sequence_process_with_context,ceshiyixiachangjushuruxingnengzenyang,56,37,10350.600,279.746,15794176,15794176,unavailable,15794176,5455872,5455872,unavailable,5455872,5455872,6791168
librime-1.17.0,track-a-comparison,luna_pinyin,key_sequence_process_with_context,ceshiyixiachangjushuruxingnengzenyang,57,37,10378.400,280.497,15794176,15794176,unavailable,15794176,5455872,5455872,unavailable,5455872,5455872,6791168
librime-1.17.0,track-a-comparison,luna_pinyin,key_sequence_process_with_context,ceshiyixiachangjushuruxingnengzenyang,58,37,10347.300,279.657,15794176,15794176,unavailable,15794176,5455872,5455872,unavailable,5455872,5455872,6791168
librime-1.17.0,track-a-comparison,luna_pinyin,key_sequence_process_with_context,ceshiyixiachangjushuruxingnengzenyang,59,37,10350.000,279.730,15794176,15794176,unavailable,15794176,5455872,5455872,unavailable,5455872,5455872,6791168
librime-1.17.0,track-a-comparison,luna_pinyin,key_sequence_process_with_context,ceshiyixiachangjushuruxingnengzenyang,60,37,10357.600,279.935,15794176,15794176,unavailable,15794176,5455872,5455872,unavailable,5455872,5455872,6791168
librime-1.17.0,track-a-comparison,luna_pinyin,key_sequence_process_with_context,ceshiyixiachangjushuruxingnengzenyang,61,37,10329.400,279.173,15794176,15794176,unavailable,15794176,5455872,5455872,unavailable,5455872,5455872,6791168
librime-1.17.0,track-a-comparison,luna_pinyin,key_sequence_process_with_context,ceshiyixiachangjushuruxingnengzenyang,62,37,10357.000,279.919,15794176,15794176,unavailable,15794176,5455872,5455872,unavailable,5455872,5455872,6791168
librime-1.17.0,track-a-comparison,luna_pinyin,key_sequence_process_with_context,ceshiyixiachangjushuruxingnengzenyang,63,37,10353.400,279.822,15794176,15794176,unavailable,15794176,5455872,5455872,unavailable,5455872,5455872,6791168
librime-1.17.0,track-a-comparison,luna_pinyin,key_sequence_process_with_context,ceshiyixiachangjushuruxingnengzenyang,64,37,10315.800,278.805,15798272,15798272,unavailable,15798272,5455872,5455872,unavailable,5455872,5455872,6791168
librime-1.17.0,track-a-comparison,luna_pinyin,key_sequence_process_with_context,ceshiyixiachangjushuruxingnengzenyang,65,37,10345.000,279.595,15798272,15798272,unavailable,15798272,5455872,5455872,unavailable,5455872,5455872,6791168
librime-1.17.0,track-a-comparison,luna_pinyin,key_sequence_process_with_context,ceshiyixiachangjushuruxingnengzenyang,66,37,10349.500,279.716,15798272,15798272,unavailable,15798272,5455872,5455872,unavailable,5455872,5455872,6791168
librime-1.17.0,track-a-comparison,luna_pinyin,key_sequence_process_with_context,ceshiyixiachangjushuruxingnengzenyang,67,37,10322.200,278.978,15798272,15798272,unavailable,15798272,5455872,5455872,unavailable,5455872,5455872,6791168
librime-1.17.0,track-a-comparison,luna_pinyin,key_sequence_process_with_context,ceshiyixiachangjushuruxingnengzenyang,68,37,10364.000,280.108,15798272,15798272,unavailable,15798272,5455872,5455872,unavailable,5455872,5455872,6791168
librime-1.17.0,track-a-comparison,luna_pinyin,key_sequence_process_with_context,ceshiyixiachangjushuruxingnengzenyang,69,37,10355.900,279.889,15798272,15798272,unavailable,15798272,5455872,5455872,unavailable,5455872,5455872,6791168
librime-1.17.0,track-a-comparison,luna_pinyin,key_sequence_process_with_context,ceshiyixiachangjushuruxingnengzenyang,70,37,10343.900,279.565,15798272,15798272,unavailable,15798272,5455872,5455872,unavailable,5455872,5455872,6791168
librime-1.17.0,track-a-comparison,luna_pinyin,key_sequence_process_with_context,ceshiyixiachangjushuruxingnengzenyang,71,37,10352.300,279.792,15798272,15798272,unavailable,15798272,5455872,5455872,unavailable,5455872,5455872,6791168
librime-1.17.0,track-a-comparison,luna_pinyin,key_sequence_process_with_context,ceshiyixiachangjushuruxingnengzenyang,72,37,10371.600,280.314,15798272,15798272,unavailable,15798272,5455872,5455872,unavailable,5455872,5455872,6791168
librime-1.17.0,track-a-comparison,luna_pinyin,key_sequence_process_with_context,ceshiyixiachangjushuruxingnengzenyang,73,37,10353.800,279.832,15802368,15802368,unavailable,15802368,5455872,5455872,unavailable,5455872,5455872,6791168
librime-1.17.0,track-a-comparison,luna_pinyin,key_sequence_process_with_context,ceshiyixiachangjushuruxingnengzenyang,74,37,10333.100,279.273,15802368,15802368,unavailable,15802368,5455872,5455872,unavailable,5455872,5455872,6791168
librime-1.17.0,track-a-comparison,luna_pinyin,key_sequence_process_with_context,ceshiyixiachangjushuruxingnengzenyang,75,37,10340.100,279.462,15802368,15802368,unavailable,15802368,5455872,5455872,unavailable,5455872,5455872,6791168
librime-1.17.0,track-a-comparison,luna_pinyin,key_sequence_process_with_context,ceshiyixiachangjushuruxingnengzenyang,76,37,10356.800,279.914,15802368,15802368,unavailable,15802368,5455872,5455872,unavailable,5455872,5455872,6791168
librime-1.17.0,track-a-comparison,luna_pinyin,key_sequence_process_with_context,ceshiyixiachangjushuruxingnengzenyang,77,37,10357.700,279.938,15802368,15802368,unavailable,15802368,5455872,5455872,unavailable,5455872,5455872,6791168
librime-1.17.0,track-a-comparison,luna_pinyin,key_sequence_process_with_context,ceshiyixiachangjushuruxingnengzenyang,78,37,10359.100,279.976,15802368,15802368,unavailable,15802368,5455872,5455872,unavailable,5455872,5455872,6791168
librime-1.17.0,track-a-comparison,luna_pinyin,key_sequence_process_with_context,ceshiyixiachangjushuruxingnengzenyang,79,37,10385.600,280.692,15802368,15802368,unavailable,15802368,5455872,5455872,unavailable,5455872,5455872,6791168
librime-1.17.0,track-a-comparison,luna_pinyin,key_sequence_process_with_context,zhegeyinqingqishiyinggaizhichichaochangjuzishurucainengyong,0,59,37775.000,640.254,16773120,16773120,unavailable,16904192,5853184,5849088,unavailable,5849088,5849088,7106560
librime-1.17.0,track-a-comparison,luna_pinyin,key_sequence_process_with_context,zhegeyinqingqishiyinggaizhichichaochangjuzishurucainengyong,1,59,37811.500,640.873,16773120,16801792,unavailable,16904192,5849088,5849088,unavailable,5849088,5849088,7106560
librime-1.17.0,track-a-comparison,luna_pinyin,key_sequence_process_with_context,zhegeyinqingqishiyinggaizhichichaochangjuzishurucainengyong,2,59,37929.900,642.880,16805888,16777216,unavailable,16904192,5849088,5853184,unavailable,5853184,5853184,7106560
librime-1.17.0,track-a-comparison,luna_pinyin,key_sequence_process_with_context,zhegeyinqingqishiyinggaizhichichaochangjuzishurucainengyong,3,59,37866.800,641.810,16777216,16781312,unavailable,16904192,5853184,5853184,unavailable,5853184,5853184,7106560
librime-1.17.0,track-a-comparison,luna_pinyin,key_sequence_process_with_context,zhegeyinqingqishiyinggaizhichichaochangjuzishurucainengyong,4,59,37978.900,643.710,16781312,16756736,unavailable,16904192,5853184,5853184,unavailable,5853184,5853184,7106560
librime-1.17.0,track-a-comparison,luna_pinyin,key_sequence_process_with_context,zhegeyinqingqishiyinggaizhichichaochangjuzishurucainengyong,5,59,37828.300,641.158,16756736,16793600,unavailable,16904192,5853184,5853184,unavailable,5853184,5853184,7106560
librime-1.17.0,track-a-comparison,luna_pinyin,key_sequence_process_with_context,zhegeyinqingqishiyinggaizhichichaochangjuzishurucainengyong,6,59,37944.800,643.132,16793600,16781312,unavailable,16904192,5853184,5853184,unavailable,5853184,5853184,7106560
librime-1.17.0,track-a-comparison,luna_pinyin,key_sequence_process_with_context,zhegeyinqingqishiyinggaizhichichaochangjuzishurucainengyong,7,59,37867.000,641.814,16781312,16781312,unavailable,16904192,5853184,5853184,unavailable,5853184,5853184,7106560
librime-1.17.0,track-a-comparison,luna_pinyin,key_sequence_process_with_context,zhegeyinqingqishiyinggaizhichichaochangjuzishurucainengyong,8,59,37929.600,642.875,16781312,16781312,unavailable,16904192,5853184,5853184,unavailable,5853184,5853184,7106560
librime-1.17.0,track-a-comparison,luna_pinyin,key_sequence_process_with_context,zhegeyinqingqishiyinggaizhichichaochangjuzishurucainengyong,9,59,38088.800,645.573,16781312,16797696,unavailable,16904192,5853184,5849088,unavailable,5849088,5849088,7106560
librime-1.17.0,track-a-comparison,luna_pinyin,key_sequence_process_with_context,zhegeyinqingqishiyinggaizhichichaochangjuzishurucainengyong,10,59,38297.900,649.117,16797696,16801792,unavailable,16904192,5849088,5853184,unavailable,5853184,5853184,7106560
librime-1.17.0,track-a-comparison,luna_pinyin,key_sequence_process_with_context,zhegeyinqingqishiyinggaizhichichaochangjuzishurucainengyong,11,59,37952.700,643.266,16805888,16809984,unavailable,16904192,5853184,5853184,unavailable,5853184,5853184,7106560
librime-1.17.0,track-a-comparison,luna_pinyin,key_sequence_process_with_context,zhegeyinqingqishiyinggaizhichichaochangjuzishurucainengyong,12,59,38102.700,645.808,16809984,16785408,unavailable,16904192,5853184,5853184,unavailable,5853184,5853184,7106560
librime-1.17.0,track-a-comparison,luna_pinyin,key_sequence_process_with_context,zhegeyinqingqishiyinggaizhichichaochangjuzishurucainengyong,13,59,38154.500,646.686,16785408,16785408,unavailable,16904192,5853184,5853184,unavailable,5853184,5853184,7106560
librime-1.17.0,track-a-comparison,luna_pinyin,key_sequence_process_with_context,zhegeyinqingqishiyinggaizhichichaochangjuzishurucainengyong,14,59,37904.700,642.453,16785408,16773120,unavailable,16904192,5853184,5853184,unavailable,5853184,5853184,7106560
librime-1.17.0,track-a-comparison,luna_pinyin,key_sequence_process_with_context,zhegeyinqingqishiyinggaizhichichaochangjuzishurucainengyong,15,59,37831.500,641.212,16773120,16822272,unavailable,16904192,5853184,5853184,unavailable,5853184,5853184,7106560
librime-1.17.0,track-a-comparison,luna_pinyin,key_sequence_process_with_context,zhegeyinqingqishiyinggaizhichichaochangjuzishurucainengyong,16,59,37844.300,641.429,16822272,16785408,unavailable,16904192,5853184,5853184,unavailable,5853184,5853184,7106560
librime-1.17.0,track-a-comparison,luna_pinyin,key_sequence_process_with_context,zhegeyinqingqishiyinggaizhichichaochangjuzishurucainengyong,17,59,37852.300,641.564,16785408,16801792,unavailable,16904192,5853184,5853184,unavailable,5853184,5853184,7106560
librime-1.17.0,track-a-comparison,luna_pinyin,key_sequence_process_with_context,zhegeyinqingqishiyinggaizhichichaochangjuzishurucainengyong,18,59,37774.300,640.242,16801792,16818176,unavailable,16904192,5853184,5853184,unavailable,5853184,5853184,7106560
librime-1.17.0,track-a-comparison,luna_pinyin,key_sequence_process_with_context,zhegeyinqingqishiyinggaizhichichaochangjuzishurucainengyong,19,59,38047.800,644.878,16818176,16818176,unavailable,16904192,5853184,5853184,unavailable,5853184,5853184,7106560
librime-1.17.0,track-a-comparison,luna_pinyin,key_sequence_process_with_context,zhegeyinqingqishiyinggaizhichichaochangjuzishurucainengyong,20,59,37923.800,642.776,16822272,16789504,unavailable,16904192,5853184,5853184,unavailable,5853184,5853184,7106560
librime-1.17.0,track-a-comparison,luna_pinyin,key_sequence_process_with_context,zhegeyinqingqishiyinggaizhichichaochangjuzishurucainengyong,21,59,37782.000,640.373,16789504,16789504,unavailable,16904192,5853184,5853184,unavailable,5853184,5853184,7106560
librime-1.17.0,track-a-comparison,luna_pinyin,key_sequence_process_with_context,zhegeyinqingqishiyinggaizhichichaochangjuzishurucainengyong,22,59,37791.600,640.536,16789504,16789504,unavailable,16904192,5853184,5853184,unavailable,5853184,5853184,7106560
librime-1.17.0,track-a-comparison,luna_pinyin,key_sequence_process_with_context,zhegeyinqingqishiyinggaizhichichaochangjuzishurucainengyong,23,59,37956.700,643.334,16789504,16777216,unavailable,16904192,5853184,5853184,unavailable,5853184,5853184,7106560
librime-1.17.0,track-a-comparison,luna_pinyin,key_sequence_process_with_context,zhegeyinqingqishiyinggaizhichichaochangjuzishurucainengyong,24,59,37984.000,643.797,16777216,16818176,unavailable,16904192,5853184,5853184,unavailable,5853184,5853184,7106560
librime-1.17.0,track-a-comparison,luna_pinyin,key_sequence_process_with_context,zhegeyinqingqishiyinggaizhichichaochangjuzishurucainengyong,25,59,37830.000,641.186,16818176,16785408,unavailable,16904192,5853184,5853184,unavailable,5853184,5853184,7106560
librime-1.17.0,track-a-comparison,luna_pinyin,key_sequence_process_with_context,zhegeyinqingqishiyinggaizhichichaochangjuzishurucainengyong,26,59,37812.200,640.885,16785408,16789504,unavailable,16904192,5853184,5853184,unavailable,5853184,5853184,7106560
librime-1.17.0,track-a-comparison,luna_pinyin,key_sequence_process_with_context,zhegeyinqingqishiyinggaizhichichaochangjuzishurucainengyong,27,59,37944.500,643.127,16789504,16822272,unavailable,16904192,5853184,5853184,unavailable,5853184,5853184,7106560
librime-1.17.0,track-a-comparison,luna_pinyin,key_sequence_process_with_context,zhegeyinqingqishiyinggaizhichichaochangjuzishurucainengyong,28,59,37704.100,639.053,16822272,16842752,unavailable,16904192,5853184,5853184,unavailable,5853184,5853184,7106560
librime-1.17.0,track-a-comparison,luna_pinyin,key_sequence_process_with_context,zhegeyinqingqishiyinggaizhichichaochangjuzishurucainengyong,29,59,38266.700,648.588,16846848,16822272,unavailable,16904192,5853184,5853184,unavailable,5853184,5853184,7106560
librime-1.17.0,track-a-comparison,luna_pinyin,key_sequence_process_with_context,zhegeyinqingqishiyinggaizhichichaochangjuzishurucainengyong,30,59,38218.100,647.764,16822272,16793600,unavailable,16904192,5853184,5853184,unavailable,5853184,5853184,7106560
librime-1.17.0,track-a-comparison,luna_pinyin,key_sequence_process_with_context,zhegeyinqingqishiyinggaizhichichaochangjuzishurucainengyong,31,59,38283.300,648.869,16793600,16789504,unavailable,16904192,5853184,5853184,unavailable,5853184,5853184,7106560
librime-1.17.0,track-a-comparison,luna_pinyin,key_sequence_process_with_context,zhegeyinqingqishiyinggaizhichichaochangjuzishurucainengyong,32,59,37963.500,643.449,16789504,16875520,unavailable,16904192,5853184,5980160,unavailable,5980160,5980160,7106560
librime-1.17.0,track-a-comparison,luna_pinyin,key_sequence_process_with_context,zhegeyinqingqishiyinggaizhichichaochangjuzishurucainengyong,33,59,37965.700,643.486,16875520,16859136,unavailable,16904192,5980160,5980160,unavailable,5980160,5980160,7106560
librime-1.17.0,track-a-comparison,luna_pinyin,key_sequence_process_with_context,zhegeyinqingqishiyinggaizhichichaochangjuzishurucainengyong,34,59,37964.800,643.471,16859136,16887808,unavailable,16904192,5980160,5980160,unavailable,5980160,5980160,7106560
librime-1.17.0,track-a-comparison,luna_pinyin,key_sequence_process_with_context,zhegeyinqingqishiyinggaizhichichaochangjuzishurucainengyong,35,59,37977.700,643.690,16887808,16887808,unavailable,16904192,5980160,5980160,unavailable,5980160,5980160,7106560
librime-1.17.0,track-a-comparison,luna_pinyin,key_sequence_process_with_context,zhegeyinqingqishiyinggaizhichichaochangjuzishurucainengyong,36,59,38125.400,646.193,16887808,16924672,unavailable,16924672,5980160,5980160,unavailable,5980160,5980160,7106560
librime-1.17.0,track-a-comparison,luna_pinyin,key_sequence_process_with_context,zhegeyinqingqishiyinggaizhichichaochangjuzishurucainengyong,37,59,37946.100,643.154,16924672,16936960,unavailable,16936960,5980160,5980160,unavailable,5980160,5980160,7106560
librime-1.17.0,track-a-comparison,luna_pinyin,key_sequence_process_with_context,zhegeyinqingqishiyinggaizhichichaochangjuzishurucainengyong,38,59,38005.900,644.168,16936960,16932864,unavailable,16936960,5980160,5980160,unavailable,5980160,5980160,7106560
librime-1.17.0,track-a-comparison,luna_pinyin,key_sequence_process_with_context,zhegeyinqingqishiyinggaizhichichaochangjuzishurucainengyong,39,59,37829.200,641.173,16932864,16887808,unavailable,16936960,5980160,5980160,unavailable,5980160,5980160,7106560
librime-1.17.0,track-a-comparison,luna_pinyin,key_sequence_process_with_context,zhegeyinqingqishiyinggaizhichichaochangjuzishurucainengyong,40,59,37640.300,637.971,16887808,16875520,unavailable,16936960,5980160,5980160,unavailable,5980160,5980160,7106560
librime-1.17.0,track-a-comparison,luna_pinyin,key_sequence_process_with_context,zhegeyinqingqishiyinggaizhichichaochangjuzishurucainengyong,41,59,37694.100,638.883,16875520,16945152,unavailable,16945152,5980160,5980160,unavailable,5980160,5980160,7106560
librime-1.17.0,track-a-comparison,luna_pinyin,key_sequence_process_with_context,zhegeyinqingqishiyinggaizhichichaochangjuzishurucainengyong,42,59,37641.000,637.983,16945152,16928768,unavailable,16945152,5980160,5980160,unavailable,5980160,5980160,7106560
librime-1.17.0,track-a-comparison,luna_pinyin,key_sequence_process_with_context,zhegeyinqingqishiyinggaizhichichaochangjuzishurucainengyong,43,59,37602.500,637.331,16928768,16936960,unavailable,16945152,5980160,5980160,unavailable,5980160,5980160,7106560
librime-1.17.0,track-a-comparison,luna_pinyin,key_sequence_process_with_context,zhegeyinqingqishiyinggaizhichichaochangjuzishurucainengyong,44,59,37535.500,636.195,17199104,17211392,unavailable,17211392,6451200,6451200,unavailable,6451200,6451200,7106560
librime-1.17.0,track-a-comparison,luna_pinyin,key_sequence_process_with_context,zhegeyinqingqishiyinggaizhichichaochangjuzishurucainengyong,45,59,37858.600,641.671,17211392,16924672,unavailable,17211392,6451200,6176768,unavailable,6176768,6176768,7106560
librime-1.17.0,track-a-comparison,luna_pinyin,key_sequence_process_with_context,zhegeyinqingqishiyinggaizhichichaochangjuzishurucainengyong,46,59,37664.600,638.383,16924672,16941056,unavailable,17211392,6176768,6176768,unavailable,6176768,6176768,7106560
librime-1.17.0,track-a-comparison,luna_pinyin,key_sequence_process_with_context,zhegeyinqingqishiyinggaizhichichaochangjuzishurucainengyong,47,59,37798.100,640.646,16941056,16945152,unavailable,17211392,6176768,6176768,unavailable,6176768,6176768,7106560
librime-1.17.0,track-a-comparison,luna_pinyin,key_sequence_process_with_context,zhegeyinqingqishiyinggaizhichichaochangjuzishurucainengyong,48,59,37746.300,639.768,16945152,16924672,unavailable,17211392,6176768,6176768,unavailable,6176768,6176768,7106560
librime-1.17.0,track-a-comparison,luna_pinyin,key_sequence_process_with_context,zhegeyinqingqishiyinggaizhichichaochangjuzishurucainengyong,49,59,37573.600,636.841,16924672,16982016,unavailable,17211392,6176768,6303744,unavailable,6303744,6303744,7106560
librime-1.17.0,track-a-comparison,luna_pinyin,key_sequence_process_with_context,zhegeyinqingqishiyinggaizhichichaochangjuzishurucainengyong,50,59,37667.300,638.429,16982016,16936960,unavailable,17211392,6303744,6176768,unavailable,6176768,6176768,7106560
librime-1.17.0,track-a-comparison,luna_pinyin,key_sequence_process_with_context,zhegeyinqingqishiyinggaizhichichaochangjuzishurucainengyong,51,59,37654.900,638.219,16936960,16982016,unavailable,17211392,6176768,6303744,unavailable,6303744,6303744,7106560
librime-1.17.0,track-a-comparison,luna_pinyin,key_sequence_process_with_context,zhegeyinqingqishiyinggaizhichichaochangjuzishurucainengyong,52,59,37797.300,640.632,16982016,16916480,unavailable,17211392,6303744,6176768,unavailable,6176768,6176768,7106560
librime-1.17.0,track-a-comparison,luna_pinyin,key_sequence_process_with_context,zhegeyinqingqishiyinggaizhichichaochangjuzishurucainengyong,53,59,37731.900,639.524,16916480,16912384,unavailable,17211392,6176768,6176768,unavailable,6176768,6176768,7106560
librime-1.17.0,track-a-comparison,luna_pinyin,key_sequence_process_with_context,zhegeyinqingqishiyinggaizhichichaochangjuzishurucainengyong,54,59,37739.900,639.659,16912384,16936960,unavailable,17211392,6176768,6176768,unavailable,6176768,6176768,7106560
librime-1.17.0,track-a-comparison,luna_pinyin,key_sequence_process_with_context,zhegeyinqingqishiyinggaizhichichaochangjuzishurucainengyong,55,59,37941.300,643.073,16936960,16920576,unavailable,17211392,6176768,6176768,unavailable,6176768,6176768,7106560
librime-1.17.0,track-a-comparison,luna_pinyin,key_sequence_process_with_context,zhegeyinqingqishiyinggaizhichichaochangjuzishurucainengyong,56,59,37795.000,640.593,16920576,16924672,unavailable,17211392,6176768,6176768,unavailable,6176768,6176768,7106560
librime-1.17.0,track-a-comparison,luna_pinyin,key_sequence_process_with_context,zhegeyinqingqishiyinggaizhichichaochangjuzishurucainengyong,57,59,37868.900,641.846,16924672,16973824,unavailable,17211392,6176768,6303744,unavailable,6303744,6303744,7106560
librime-1.17.0,track-a-comparison,luna_pinyin,key_sequence_process_with_context,zhegeyinqingqishiyinggaizhichichaochangjuzishurucainengyong,58,59,37638.000,637.932,16973824,16945152,unavailable,17211392,6303744,6176768,unavailable,6176768,6176768,7106560
librime-1.17.0,track-a-comparison,luna_pinyin,key_sequence_process_with_context,zhegeyinqingqishiyinggaizhichichaochangjuzishurucainengyong,59,59,37724.400,639.397,16945152,16912384,unavailable,17211392,6176768,6176768,unavailable,6176768,6176768,7106560
librime-1.17.0,track-a-comparison,luna_pinyin,key_sequence_process_with_context,zhegeyinqingqishiyinggaizhichichaochangjuzishurucainengyong,60,59,37708.900,639.134,16912384,16936960,unavailable,17211392,6176768,6176768,unavailable,6176768,6176768,7106560
librime-1.17.0,track-a-comparison,luna_pinyin,key_sequence_process_with_context,zhegeyinqingqishiyinggaizhichichaochangjuzishurucainengyong,61,59,37691.800,638.844,16936960,16932864,unavailable,17211392,6176768,6176768,unavailable,6176768,6176768,7106560
librime-1.17.0,track-a-comparison,luna_pinyin,key_sequence_process_with_context,zhegeyinqingqishiyinggaizhichichaochangjuzishurucainengyong,62,59,37676.800,638.590,16932864,16957440,unavailable,17211392,6176768,6303744,unavailable,6303744,6303744,7106560
librime-1.17.0,track-a-comparison,luna_pinyin,key_sequence_process_with_context,zhegeyinqingqishiyinggaizhichichaochangjuzishurucainengyong,63,59,37669.100,638.459,16957440,16920576,unavailable,17211392,6303744,6176768,unavailable,6176768,6176768,7106560
librime-1.17.0,track-a-comparison,luna_pinyin,key_sequence_process_with_context,zhegeyinqingqishiyinggaizhichichaochangjuzishurucainengyong,64,59,37773.900,640.236,16920576,16949248,unavailable,17211392,6176768,6176768,unavailable,6176768,6176768,7106560
librime-1.17.0,track-a-comparison,luna_pinyin,key_sequence_process_with_context,zhegeyinqingqishiyinggaizhichichaochangjuzishurucainengyong,65,59,38168.400,646.922,16949248,16998400,unavailable,17211392,6176768,6303744,unavailable,6303744,6303744,7106560
librime-1.17.0,track-a-comparison,luna_pinyin,key_sequence_process_with_context,zhegeyinqingqishiyinggaizhichichaochangjuzishurucainengyong,66,59,37709.900,639.151,16998400,16949248,unavailable,17211392,6303744,6176768,unavailable,6176768,6176768,7106560
librime-1.17.0,track-a-comparison,luna_pinyin,key_sequence_process_with_context,zhegeyinqingqishiyinggaizhichichaochangjuzishurucainengyong,67,59,37688.400,638.786,16949248,16945152,unavailable,17211392,6176768,6176768,unavailable,6176768,6176768,7106560
librime-1.17.0,track-a-comparison,luna_pinyin,key_sequence_process_with_context,zhegeyinqingqishiyinggaizhichichaochangjuzishurucainengyong,68,59,38018.600,644.383,16945152,16994304,unavailable,17211392,6176768,6303744,unavailable,6303744,6303744,7106560
librime-1.17.0,track-a-comparison,luna_pinyin,key_sequence_process_with_context,zhegeyinqingqishiyinggaizhichichaochangjuzishurucainengyong,69,59,37628.600,637.773,16994304,16965632,unavailable,17211392,6303744,6303744,unavailable,6303744,6303744,7106560
librime-1.17.0,track-a-comparison,luna_pinyin,key_sequence_process_with_context,zhegeyinqingqishiyinggaizhichichaochangjuzishurucainengyong,70,59,37620.500,637.636,16965632,16920576,unavailable,17211392,6303744,6176768,unavailable,6176768,6176768,7106560
librime-1.17.0,track-a-comparison,luna_pinyin,key_sequence_process_with_context,zhegeyinqingqishiyinggaizhichichaochangjuzishurucainengyong,71,59,37658.600,638.281,16920576,16932864,unavailable,17211392,6176768,6176768,unavailable,6176768,6176768,7106560
librime-1.17.0,track-a-comparison,luna_pinyin,key_sequence_process_with_context,zhegeyinqingqishiyinggaizhichichaochangjuzishurucainengyong,72,59,37623.100,637.680,16932864,16936960,unavailable,17211392,6176768,6176768,unavailable,6176768,6176768,7106560
librime-1.17.0,track-a-comparison,luna_pinyin,key_sequence_process_with_context,zhegeyinqingqishiyinggaizhichichaochangjuzishurucainengyong,73,59,37665.900,638.405,16936960,16969728,unavailable,17211392,6176768,6303744,unavailable,6303744,6303744,7106560
librime-1.17.0,track-a-comparison,luna_pinyin,key_sequence_process_with_context,zhegeyinqingqishiyinggaizhichichaochangjuzishurucainengyong,74,59,37711.900,639.185,16969728,16945152,unavailable,17211392,6303744,6176768,unavailable,6176768,6176768,7106560
librime-1.17.0,track-a-comparison,luna_pinyin,key_sequence_process_with_context,zhegeyinqingqishiyinggaizhichichaochangjuzishurucainengyong,75,59,37774.400,640.244,16945152,16932864,unavailable,17211392,6176768,6176768,unavailable,6176768,6176768,7106560
librime-1.17.0,track-a-comparison,luna_pinyin,key_sequence_process_with_context,zhegeyinqingqishiyinggaizhichichaochangjuzishurucainengyong,76,59,37727.000,639.441,16932864,16941056,unavailable,17211392,6176768,6176768,unavailable,6176768,6176768,7106560
librime-1.17.0,track-a-comparison,luna_pinyin,key_sequence_process_with_context,zhegeyinqingqishiyinggaizhichichaochangjuzishurucainengyong,77,59,37774.900,640.253,16941056,16945152,unavailable,17211392,6176768,6176768,unavailable,6176768,6176768,7106560
librime-1.17.0,track-a-comparison,luna_pinyin,key_sequence_process_with_context,zhegeyinqingqishiyinggaizhichichaochangjuzishurucainengyong,78,59,37767.500,640.127,16945152,16936960,unavailable,17211392,6176768,6176768,unavailable,6176768,6176768,7106560
librime-1.17.0,track-a-comparison,luna_pinyin,key_sequence_process_with_context,zhegeyinqingqishiyinggaizhichichaochangjuzishurucainengyong,79,59,37796.100,640.612,16936960,16932864,unavailable,17211392,6176768,6176768,unavailable,6176768,6176768,7106560
librime-1.17.0,track-a-comparison,luna_pinyin,key_sequence_process_with_context,cszysmsrsd,0,10,11889.000,1188.900,16068608,16068608,unavailable,17211392,6094848,6152192,unavailable,6152192,6152192,7577600
librime-1.17.0,track-a-comparison,luna_pinyin,key_sequence_process_with_context,cszysmsrsd,1,10,11809.100,1180.910,16068608,16072704,unavailable,17211392,6152192,6152192,unavailable,6152192,6152192,7577600
librime-1.17.0,track-a-comparison,luna_pinyin,key_sequence_process_with_context,cszysmsrsd,2,10,11758.400,1175.840,16072704,16076800,unavailable,17211392,6152192,6152192,unavailable,6152192,6152192,7577600
librime-1.17.0,track-a-comparison,luna_pinyin,key_sequence_process_with_context,cszysmsrsd,3,10,11789.600,1178.960,16076800,16076800,unavailable,17211392,6152192,6152192,unavailable,6152192,6152192,7577600
librime-1.17.0,track-a-comparison,luna_pinyin,key_sequence_process_with_context,cszysmsrsd,4,10,11791.900,1179.190,16076800,16076800,unavailable,17211392,6152192,6152192,unavailable,6152192,6152192,7577600
librime-1.17.0,track-a-comparison,luna_pinyin,key_sequence_process_with_context,cszysmsrsd,5,10,11849.200,1184.920,16076800,16076800,unavailable,17211392,6152192,6152192,unavailable,6152192,6152192,7577600
librime-1.17.0,track-a-comparison,luna_pinyin,key_sequence_process_with_context,cszysmsrsd,6,10,11832.800,1183.280,16076800,16076800,unavailable,17211392,6152192,6152192,unavailable,6152192,6152192,7577600
librime-1.17.0,track-a-comparison,luna_pinyin,key_sequence_process_with_context,cszysmsrsd,7,10,12224.100,1222.410,16076800,16076800,unavailable,17211392,6152192,6152192,unavailable,6152192,6152192,7577600
librime-1.17.0,track-a-comparison,luna_pinyin,key_sequence_process_with_context,cszysmsrsd,8,10,11784.500,1178.450,16076800,16076800,unavailable,17211392,6152192,6152192,unavailable,6152192,6152192,7577600
librime-1.17.0,track-a-comparison,luna_pinyin,key_sequence_process_with_context,cszysmsrsd,9,10,11770.300,1177.030,16142336,16142336,unavailable,17211392,6152192,6152192,unavailable,6152192,6152192,7577600
librime-1.17.0,track-a-comparison,luna_pinyin,key_sequence_process_with_context,cszysmsrsd,10,10,11716.200,1171.620,16142336,16142336,unavailable,17211392,6152192,6152192,unavailable,6152192,6152192,7577600
librime-1.17.0,track-a-comparison,luna_pinyin,key_sequence_process_with_context,cszysmsrsd,11,10,11727.300,1172.730,16142336,16142336,unavailable,17211392,6152192,6152192,unavailable,6152192,6152192,7577600
librime-1.17.0,track-a-comparison,luna_pinyin,key_sequence_process_with_context,cszysmsrsd,12,10,11750.800,1175.080,16142336,16142336,unavailable,17211392,6152192,6152192,unavailable,6152192,6152192,7577600
librime-1.17.0,track-a-comparison,luna_pinyin,key_sequence_process_with_context,cszysmsrsd,13,10,11733.600,1173.360,16142336,16142336,unavailable,17211392,6152192,6152192,unavailable,6152192,6152192,7577600
librime-1.17.0,track-a-comparison,luna_pinyin,key_sequence_process_with_context,cszysmsrsd,14,10,11747.300,1174.730,16142336,16142336,unavailable,17211392,6152192,6152192,unavailable,6152192,6152192,7577600
librime-1.17.0,track-a-comparison,luna_pinyin,key_sequence_process_with_context,cszysmsrsd,15,10,11732.600,1173.260,16142336,16142336,unavailable,17211392,6152192,6152192,unavailable,6152192,6152192,7577600
librime-1.17.0,track-a-comparison,luna_pinyin,key_sequence_process_with_context,cszysmsrsd,16,10,11741.300,1174.130,16142336,16142336,unavailable,17211392,6152192,6152192,unavailable,6152192,6152192,7577600
librime-1.17.0,track-a-comparison,luna_pinyin,key_sequence_process_with_context,cszysmsrsd,17,10,11766.800,1176.680,16142336,16142336,unavailable,17211392,6152192,6152192,unavailable,6152192,6152192,7577600
librime-1.17.0,track-a-comparison,luna_pinyin,key_sequence_process_with_context,cszysmsrsd,18,10,11757.000,1175.700,16142336,16142336,unavailable,17211392,6152192,6152192,unavailable,6152192,6152192,7577600
librime-1.17.0,track-a-comparison,luna_pinyin,key_sequence_process_with_context,cszysmsrsd,19,10,11883.800,1188.380,16142336,16142336,unavailable,17211392,6152192,6152192,unavailable,6152192,6152192,7577600
librime-1.17.0,track-a-comparison,luna_pinyin,key_sequence_process_with_context,cszysmsrsd,20,10,11735.300,1173.530,16142336,16142336,unavailable,17211392,6152192,6152192,unavailable,6152192,6152192,7577600
librime-1.17.0,track-a-comparison,luna_pinyin,key_sequence_process_with_context,cszysmsrsd,21,10,11683.000,1168.300,16142336,16142336,unavailable,17211392,6152192,6152192,unavailable,6152192,6152192,7577600
librime-1.17.0,track-a-comparison,luna_pinyin,key_sequence_process_with_context,cszysmsrsd,22,10,11658.600,1165.860,16142336,16142336,unavailable,17211392,6152192,6152192,unavailable,6152192,6152192,7577600
librime-1.17.0,track-a-comparison,luna_pinyin,key_sequence_process_with_context,cszysmsrsd,23,10,11664.400,1166.440,16142336,16142336,unavailable,17211392,6152192,6152192,unavailable,6152192,6152192,7577600
librime-1.17.0,track-a-comparison,luna_pinyin,key_sequence_process_with_context,cszysmsrsd,24,10,11673.000,1167.300,16142336,16142336,unavailable,17211392,6152192,6152192,unavailable,6152192,6152192,7577600
librime-1.17.0,track-a-comparison,luna_pinyin,key_sequence_process_with_context,cszysmsrsd,25,10,11706.300,1170.630,16142336,16142336,unavailable,17211392,6152192,6152192,unavailable,6152192,6152192,7577600
librime-1.17.0,track-a-comparison,luna_pinyin,key_sequence_process_with_context,cszysmsrsd,26,10,11739.800,1173.980,16142336,16162816,unavailable,17211392,6152192,6176768,unavailable,6176768,6176768,7577600
librime-1.17.0,track-a-comparison,luna_pinyin,key_sequence_process_with_context,cszysmsrsd,27,10,11698.700,1169.870,16162816,16166912,unavailable,17211392,6176768,6176768,unavailable,6176768,6176768,7577600
librime-1.17.0,track-a-comparison,luna_pinyin,key_sequence_process_with_context,cszysmsrsd,28,10,11740.700,1174.070,16166912,16166912,unavailable,17211392,6176768,6176768,unavailable,6176768,6176768,7577600
librime-1.17.0,track-a-comparison,luna_pinyin,key_sequence_process_with_context,cszysmsrsd,29,10,11741.500,1174.150,16166912,16166912,unavailable,17211392,6176768,6176768,unavailable,6176768,6176768,7577600
librime-1.17.0,track-a-comparison,luna_pinyin,key_sequence_process_with_context,cszysmsrsd,30,10,11871.300,1187.130,16166912,16166912,unavailable,17211392,6176768,6176768,unavailable,6176768,6176768,7577600
librime-1.17.0,track-a-comparison,luna_pinyin,key_sequence_process_with_context,cszysmsrsd,31,10,11776.800,1177.680,16166912,16166912,unavailable,17211392,6176768,6176768,unavailable,6176768,6176768,7577600
librime-1.17.0,track-a-comparison,luna_pinyin,key_sequence_process_with_context,cszysmsrsd,32,10,11868.400,1186.840,16166912,16166912,unavailable,17211392,6176768,6176768,unavailable,6176768,6176768,7577600
librime-1.17.0,track-a-comparison,luna_pinyin,key_sequence_process_with_context,cszysmsrsd,33,10,11673.800,1167.380,16166912,16166912,unavailable,17211392,6176768,6176768,unavailable,6176768,6176768,7577600
librime-1.17.0,track-a-comparison,luna_pinyin,key_sequence_process_with_context,cszysmsrsd,34,10,11726.300,1172.630,16166912,16166912,unavailable,17211392,6176768,6176768,unavailable,6176768,6176768,7577600
librime-1.17.0,track-a-comparison,luna_pinyin,key_sequence_process_with_context,cszysmsrsd,35,10,11706.000,1170.600,16166912,16166912,unavailable,17211392,6176768,6176768,unavailable,6176768,6176768,7577600
librime-1.17.0,track-a-comparison,luna_pinyin,key_sequence_process_with_context,cszysmsrsd,36,10,11689.100,1168.910,16166912,16166912,unavailable,17211392,6176768,6176768,unavailable,6176768,6176768,7577600
librime-1.17.0,track-a-comparison,luna_pinyin,key_sequence_process_with_context,cszysmsrsd,37,10,11681.200,1168.120,16166912,16166912,unavailable,17211392,6176768,6176768,unavailable,6176768,6176768,7577600
librime-1.17.0,track-a-comparison,luna_pinyin,key_sequence_process_with_context,cszysmsrsd,38,10,11732.000,1173.200,16166912,16166912,unavailable,17211392,6176768,6176768,unavailable,6176768,6176768,7577600
librime-1.17.0,track-a-comparison,luna_pinyin,key_sequence_process_with_context,cszysmsrsd,39,10,11715.100,1171.510,16166912,16166912,unavailable,17211392,6176768,6176768,unavailable,6176768,6176768,7577600
librime-1.17.0,track-a-comparison,luna_pinyin,key_sequence_process_with_context,cszysmsrsd,40,10,11713.300,1171.330,16166912,16166912,unavailable,17211392,6176768,6176768,unavailable,6176768,6176768,7577600
librime-1.17.0,track-a-comparison,luna_pinyin,key_sequence_process_with_context,cszysmsrsd,41,10,11682.000,1168.200,16166912,16166912,unavailable,17211392,6176768,6176768,unavailable,6176768,6176768,7577600
librime-1.17.0,track-a-comparison,luna_pinyin,key_sequence_process_with_context,cszysmsrsd,42,10,12150.200,1215.020,16166912,16166912,unavailable,17211392,6176768,6176768,unavailable,6176768,6176768,7577600
librime-1.17.0,track-a-comparison,luna_pinyin,key_sequence_process_with_context,cszysmsrsd,43,10,11750.200,1175.020,16166912,16166912,unavailable,17211392,6176768,6176768,unavailable,6176768,6176768,7577600
librime-1.17.0,track-a-comparison,luna_pinyin,key_sequence_process_with_context,cszysmsrsd,44,10,11767.800,1176.780,16166912,16166912,unavailable,17211392,6176768,6176768,unavailable,6176768,6176768,7577600
librime-1.17.0,track-a-comparison,luna_pinyin,key_sequence_process_with_context,cszysmsrsd,45,10,11712.400,1171.240,16166912,16166912,unavailable,17211392,6176768,6176768,unavailable,6176768,6176768,7577600
librime-1.17.0,track-a-comparison,luna_pinyin,key_sequence_process_with_context,cszysmsrsd,46,10,11718.500,1171.850,16166912,16166912,unavailable,17211392,6176768,6176768,unavailable,6176768,6176768,7577600
librime-1.17.0,track-a-comparison,luna_pinyin,key_sequence_process_with_context,cszysmsrsd,47,10,11736.600,1173.660,16166912,16166912,unavailable,17211392,6176768,6176768,unavailable,6176768,6176768,7577600
librime-1.17.0,track-a-comparison,luna_pinyin,key_sequence_process_with_context,cszysmsrsd,48,10,11739.500,1173.950,16166912,16166912,unavailable,17211392,6176768,6176768,unavailable,6176768,6176768,7577600
librime-1.17.0,track-a-comparison,luna_pinyin,key_sequence_process_with_context,cszysmsrsd,49,10,11722.000,1172.200,16166912,16166912,unavailable,17211392,6176768,6176768,unavailable,6176768,6176768,7577600
librime-1.17.0,track-a-comparison,luna_pinyin,key_sequence_process_with_context,cszysmsrsd,50,10,11768.900,1176.890,16166912,16166912,unavailable,17211392,6176768,6176768,unavailable,6176768,6176768,7577600
librime-1.17.0,track-a-comparison,luna_pinyin,key_sequence_process_with_context,cszysmsrsd,51,10,11732.500,1173.250,16166912,16166912,unavailable,17211392,6176768,6176768,unavailable,6176768,6176768,7577600
librime-1.17.0,track-a-comparison,luna_pinyin,key_sequence_process_with_context,cszysmsrsd,52,10,11748.700,1174.870,16166912,16166912,unavailable,17211392,6176768,6176768,unavailable,6176768,6176768,7577600
librime-1.17.0,track-a-comparison,luna_pinyin,key_sequence_process_with_context,cszysmsrsd,53,10,11768.400,1176.840,16166912,16166912,unavailable,17211392,6176768,6176768,unavailable,6176768,6176768,7577600
librime-1.17.0,track-a-comparison,luna_pinyin,key_sequence_process_with_context,cszysmsrsd,54,10,11794.000,1179.400,16166912,16166912,unavailable,17211392,6176768,6176768,unavailable,6176768,6176768,7577600
librime-1.17.0,track-a-comparison,luna_pinyin,key_sequence_process_with_context,cszysmsrsd,55,10,11787.400,1178.740,16166912,16166912,unavailable,17211392,6176768,6176768,unavailable,6176768,6176768,7577600
librime-1.17.0,track-a-comparison,luna_pinyin,key_sequence_process_with_context,cszysmsrsd,56,10,11786.700,1178.670,16166912,16166912,unavailable,17211392,6176768,6176768,unavailable,6176768,6176768,7577600
librime-1.17.0,track-a-comparison,luna_pinyin,key_sequence_process_with_context,cszysmsrsd,57,10,11801.500,1180.150,16166912,16166912,unavailable,17211392,6176768,6176768,unavailable,6176768,6176768,7577600
librime-1.17.0,track-a-comparison,luna_pinyin,key_sequence_process_with_context,cszysmsrsd,58,10,11794.900,1179.490,16166912,16166912,unavailable,17211392,6176768,6176768,unavailable,6176768,6176768,7577600
librime-1.17.0,track-a-comparison,luna_pinyin,key_sequence_process_with_context,cszysmsrsd,59,10,11770.400,1177.040,16166912,16166912,unavailable,17211392,6176768,6176768,unavailable,6176768,6176768,7577600
librime-1.17.0,track-a-comparison,luna_pinyin,key_sequence_process_with_context,cszysmsrsd,60,10,11787.300,1178.730,16166912,16166912,unavailable,17211392,6176768,6176768,unavailable,6176768,6176768,7577600
librime-1.17.0,track-a-comparison,luna_pinyin,key_sequence_process_with_context,cszysmsrsd,61,10,11771.600,1177.160,16166912,16166912,unavailable,17211392,6176768,6176768,unavailable,6176768,6176768,7577600
librime-1.17.0,track-a-comparison,luna_pinyin,key_sequence_process_with_context,cszysmsrsd,62,10,11851.100,1185.110,16166912,16166912,unavailable,17211392,6176768,6176768,unavailable,6176768,6176768,7577600
librime-1.17.0,track-a-comparison,luna_pinyin,key_sequence_process_with_context,cszysmsrsd,63,10,11619.100,1161.910,16166912,16166912,unavailable,17211392,6176768,6176768,unavailable,6176768,6176768,7577600
librime-1.17.0,track-a-comparison,luna_pinyin,key_sequence_process_with_context,cszysmsrsd,64,10,11609.000,1160.900,16166912,16166912,unavailable,17211392,6176768,6176768,unavailable,6176768,6176768,7577600
librime-1.17.0,track-a-comparison,luna_pinyin,key_sequence_process_with_context,cszysmsrsd,65,10,11610.700,1161.070,16166912,16166912,unavailable,17211392,6176768,6176768,unavailable,6176768,6176768,7577600
librime-1.17.0,track-a-comparison,luna_pinyin,key_sequence_process_with_context,cszysmsrsd,66,10,11669.200,1166.920,16166912,16166912,unavailable,17211392,6176768,6176768,unavailable,6176768,6176768,7577600
librime-1.17.0,track-a-comparison,luna_pinyin,key_sequence_process_with_context,cszysmsrsd,67,10,11692.100,1169.210,16166912,16166912,unavailable,17211392,6176768,6176768,unavailable,6176768,6176768,7577600
librime-1.17.0,track-a-comparison,luna_pinyin,key_sequence_process_with_context,cszysmsrsd,68,10,11670.800,1167.080,16166912,16166912,unavailable,17211392,6176768,6176768,unavailable,6176768,6176768,7577600
librime-1.17.0,track-a-comparison,luna_pinyin,key_sequence_process_with_context,cszysmsrsd,69,10,11666.600,1166.660,16166912,16166912,unavailable,17211392,6176768,6176768,unavailable,6176768,6176768,7577600
librime-1.17.0,track-a-comparison,luna_pinyin,key_sequence_process_with_context,cszysmsrsd,70,10,11702.100,1170.210,16166912,16166912,unavailable,17211392,6176768,6176768,unavailable,6176768,6176768,7577600
librime-1.17.0,track-a-comparison,luna_pinyin,key_sequence_process_with_context,cszysmsrsd,71,10,11677.500,1167.750,16166912,16166912,unavailable,17211392,6176768,6176768,unavailable,6176768,6176768,7577600
librime-1.17.0,track-a-comparison,luna_pinyin,key_sequence_process_with_context,cszysmsrsd,72,10,11667.500,1166.750,16166912,16166912,unavailable,17211392,6176768,6176768,unavailable,6176768,6176768,7577600
librime-1.17.0,track-a-comparison,luna_pinyin,key_sequence_process_with_context,cszysmsrsd,73,10,11652.200,1165.220,16166912,16166912,unavailable,17211392,6176768,6176768,unavailable,6176768,6176768,7577600
librime-1.17.0,track-a-comparison,luna_pinyin,key_sequence_process_with_context,cszysmsrsd,74,10,11698.500,1169.850,16166912,16171008,unavailable,17211392,6176768,6180864,unavailable,6180864,6180864,7577600
librime-1.17.0,track-a-comparison,luna_pinyin,key_sequence_process_with_context,cszysmsrsd,75,10,11697.100,1169.710,16171008,16171008,unavailable,17211392,6180864,6180864,unavailable,6180864,6180864,7577600
librime-1.17.0,track-a-comparison,luna_pinyin,key_sequence_process_with_context,cszysmsrsd,76,10,11673.700,1167.370,16171008,16171008,unavailable,17211392,6180864,6180864,unavailable,6180864,6180864,7577600
librime-1.17.0,track-a-comparison,luna_pinyin,key_sequence_process_with_context,cszysmsrsd,77,10,11682.400,1168.240,16171008,16171008,unavailable,17211392,6180864,6180864,unavailable,6180864,6180864,7577600
librime-1.17.0,track-a-comparison,luna_pinyin,key_sequence_process_with_context,cszysmsrsd,78,10,11680.900,1168.090,16171008,16171008,unavailable,17211392,6180864,6180864,unavailable,6180864,6180864,7577600
librime-1.17.0,track-a-comparison,luna_pinyin,key_sequence_process_with_context,cszysmsrsd,79,10,11695.700,1169.570,16171008,16171008,unavailable,17211392,6180864,6180864,unavailable,6180864,6180864,7577600
librime-1.17.0,track-a-comparison,luna_pinyin,key_sequence_process_with_context,zybfshmsru,0,10,8213.300,821.330,15982592,15986688,unavailable,17211392,6152192,6152192,unavailable,6152192,6152192,7581696
librime-1.17.0,track-a-comparison,luna_pinyin,key_sequence_process_with_context,zybfshmsru,1,10,8233.000,823.300,15986688,15990784,unavailable,17211392,6152192,6217728,unavailable,6217728,6217728,7581696
librime-1.17.0,track-a-comparison,luna_pinyin,key_sequence_process_with_context,zybfshmsru,2,10,8209.400,820.940,15990784,15990784,unavailable,17211392,6217728,6332416,unavailable,6332416,6332416,7581696
librime-1.17.0,track-a-comparison,luna_pinyin,key_sequence_process_with_context,zybfshmsru,3,10,8223.700,822.370,15990784,15990784,unavailable,17211392,6332416,6332416,unavailable,6332416,6332416,7581696
librime-1.17.0,track-a-comparison,luna_pinyin,key_sequence_process_with_context,zybfshmsru,4,10,8222.100,822.210,15990784,16035840,unavailable,17211392,6332416,6393856,unavailable,6393856,6393856,7581696
librime-1.17.0,track-a-comparison,luna_pinyin,key_sequence_process_with_context,zybfshmsru,5,10,8175.900,817.590,16035840,16035840,unavailable,17211392,6393856,6393856,unavailable,6393856,6393856,7581696
librime-1.17.0,track-a-comparison,luna_pinyin,key_sequence_process_with_context,zybfshmsru,6,10,8225.300,822.530,16035840,16035840,unavailable,17211392,6393856,6393856,unavailable,6393856,6393856,7581696
librime-1.17.0,track-a-comparison,luna_pinyin,key_sequence_process_with_context,zybfshmsru,7,10,8196.500,819.650,16035840,16039936,unavailable,17211392,6393856,6393856,unavailable,6393856,6393856,7581696
librime-1.17.0,track-a-comparison,luna_pinyin,key_sequence_process_with_context,zybfshmsru,8,10,8192.600,819.260,16039936,16039936,unavailable,17211392,6393856,6393856,unavailable,6393856,6393856,7581696
librime-1.17.0,track-a-comparison,luna_pinyin,key_sequence_process_with_context,zybfshmsru,9,10,8178.600,817.860,16039936,16039936,unavailable,17211392,6393856,6393856,unavailable,6393856,6393856,7581696
librime-1.17.0,track-a-comparison,luna_pinyin,key_sequence_process_with_context,zybfshmsru,10,10,8206.000,820.600,16039936,16039936,unavailable,17211392,6393856,6393856,unavailable,6393856,6393856,7581696
librime-1.17.0,track-a-comparison,luna_pinyin,key_sequence_process_with_context,zybfshmsru,11,10,8162.900,816.290,16039936,16039936,unavailable,17211392,6393856,6393856,unavailable,6393856,6393856,7581696
librime-1.17.0,track-a-comparison,luna_pinyin,key_sequence_process_with_context,zybfshmsru,12,10,8213.400,821.340,16039936,16039936,unavailable,17211392,6393856,6393856,unavailable,6393856,6393856,7581696
librime-1.17.0,track-a-comparison,luna_pinyin,key_sequence_process_with_context,zybfshmsru,13,10,8191.500,819.150,16039936,16048128,unavailable,17211392,6393856,6393856,unavailable,6393856,6393856,7581696
librime-1.17.0,track-a-comparison,luna_pinyin,key_sequence_process_with_context,zybfshmsru,14,10,8192.500,819.250,16048128,16048128,unavailable,17211392,6393856,6393856,unavailable,6393856,6393856,7581696
librime-1.17.0,track-a-comparison,luna_pinyin,key_sequence_process_with_context,zybfshmsru,15,10,8197.900,819.790,16048128,16048128,unavailable,17211392,6393856,6393856,unavailable,6393856,6393856,7581696
librime-1.17.0,track-a-comparison,luna_pinyin,key_sequence_process_with_context,zybfshmsru,16,10,8182.500,818.250,16048128,16048128,unavailable,17211392,6393856,6393856,unavailable,6393856,6393856,7581696
librime-1.17.0,track-a-comparison,luna_pinyin,key_sequence_process_with_context,zybfshmsru,17,10,8269.500,826.950,16048128,16048128,unavailable,17211392,6393856,6393856,unavailable,6393856,6393856,7581696
librime-1.17.0,track-a-comparison,luna_pinyin,key_sequence_process_with_context,zybfshmsru,18,10,8284.900,828.490,16048128,16048128,unavailable,17211392,6393856,6393856,unavailable,6393856,6393856,7581696
librime-1.17.0,track-a-comparison,luna_pinyin,key_sequence_process_with_context,zybfshmsru,19,10,8238.100,823.810,16048128,16048128,unavailable,17211392,6393856,6393856,unavailable,6393856,6393856,7581696
librime-1.17.0,track-a-comparison,luna_pinyin,key_sequence_process_with_context,zybfshmsru,20,10,8180.900,818.090,16048128,16048128,unavailable,17211392,6393856,6393856,unavailable,6393856,6393856,7581696
librime-1.17.0,track-a-comparison,luna_pinyin,key_sequence_process_with_context,zybfshmsru,21,10,8200.200,820.020,16048128,16048128,unavailable,17211392,6393856,6393856,unavailable,6393856,6393856,7581696
librime-1.17.0,track-a-comparison,luna_pinyin,key_sequence_process_with_context,zybfshmsru,22,10,8199.300,819.930,16048128,16048128,unavailable,17211392,6393856,6393856,unavailable,6393856,6393856,7581696
librime-1.17.0,track-a-comparison,luna_pinyin,key_sequence_process_with_context,zybfshmsru,23,10,8231.400,823.140,16048128,16048128,unavailable,17211392,6393856,6393856,unavailable,6393856,6393856,7581696
librime-1.17.0,track-a-comparison,luna_pinyin,key_sequence_process_with_context,zybfshmsru,24,10,8227.000,822.700,16048128,16048128,unavailable,17211392,6393856,6393856,unavailable,6393856,6393856,7581696
librime-1.17.0,track-a-comparison,luna_pinyin,key_sequence_process_with_context,zybfshmsru,25,10,8263.800,826.380,16048128,16048128,unavailable,17211392,6393856,6393856,unavailable,6393856,6393856,7581696
librime-1.17.0,track-a-comparison,luna_pinyin,key_sequence_process_with_context,zybfshmsru,26,10,8228.800,822.880,16048128,16048128,unavailable,17211392,6393856,6393856,unavailable,6393856,6393856,7581696
librime-1.17.0,track-a-comparison,luna_pinyin,key_sequence_process_with_context,zybfshmsru,27,10,8239.600,823.960,16048128,16048128,unavailable,17211392,6393856,6393856,unavailable,6393856,6393856,7581696
librime-1.17.0,track-a-comparison,luna_pinyin,key_sequence_process_with_context,zybfshmsru,28,10,8246.100,824.610,16048128,16048128,unavailable,17211392,6393856,6393856,unavailable,6393856,6393856,7581696
librime-1.17.0,track-a-comparison,luna_pinyin,key_sequence_process_with_context,zybfshmsru,29,10,8266.100,826.610,16048128,16048128,unavailable,17211392,6393856,6393856,unavailable,6393856,6393856,7581696
librime-1.17.0,track-a-comparison,luna_pinyin,key_sequence_process_with_context,zybfshmsru,30,10,8276.400,827.640,16048128,16048128,unavailable,17211392,6393856,6393856,unavailable,6393856,6393856,7581696
librime-1.17.0,track-a-comparison,luna_pinyin,key_sequence_process_with_context,zybfshmsru,31,10,8252.100,825.210,16048128,16048128,unavailable,17211392,6393856,6393856,unavailable,6393856,6393856,7581696
librime-1.17.0,track-a-comparison,luna_pinyin,key_sequence_process_with_context,zybfshmsru,32,10,8245.000,824.500,16048128,16048128,unavailable,17211392,6393856,6393856,unavailable,6393856,6393856,7581696
librime-1.17.0,track-a-comparison,luna_pinyin,key_sequence_process_with_context,zybfshmsru,33,10,8229.700,822.970,16048128,16048128,unavailable,17211392,6393856,6393856,unavailable,6393856,6393856,7581696
librime-1.17.0,track-a-comparison,luna_pinyin,key_sequence_process_with_context,zybfshmsru,34,10,8257.600,825.760,16048128,16048128,unavailable,17211392,6393856,6393856,unavailable,6393856,6393856,7581696
librime-1.17.0,track-a-comparison,luna_pinyin,key_sequence_process_with_context,zybfshmsru,35,10,8266.200,826.620,16048128,16048128,unavailable,17211392,6393856,6393856,unavailable,6393856,6393856,7581696
librime-1.17.0,track-a-comparison,luna_pinyin,key_sequence_process_with_context,zybfshmsru,36,10,8245.100,824.510,16048128,16048128,unavailable,17211392,6393856,6393856,unavailable,6393856,6393856,7581696
librime-1.17.0,track-a-comparison,luna_pinyin,key_sequence_process_with_context,zybfshmsru,37,10,8254.000,825.400,16048128,16048128,unavailable,17211392,6393856,6393856,unavailable,6393856,6393856,7581696
librime-1.17.0,track-a-comparison,luna_pinyin,key_sequence_process_with_context,zybfshmsru,38,10,8249.700,824.970,16048128,16048128,unavailable,17211392,6393856,6393856,unavailable,6393856,6393856,7581696
librime-1.17.0,track-a-comparison,luna_pinyin,key_sequence_process_with_context,zybfshmsru,39,10,8235.200,823.520,16048128,16048128,unavailable,17211392,6393856,6393856,unavailable,6393856,6393856,7581696
librime-1.17.0,track-a-comparison,luna_pinyin,key_sequence_process_with_context,zybfshmsru,40,10,8260.900,826.090,16048128,16048128,unavailable,17211392,6393856,6393856,unavailable,6393856,6393856,7581696
librime-1.17.0,track-a-comparison,luna_pinyin,key_sequence_process_with_context,zybfshmsru,41,10,8279.800,827.980,16048128,16048128,unavailable,17211392,6393856,6393856,unavailable,6393856,6393856,7581696
librime-1.17.0,track-a-comparison,luna_pinyin,key_sequence_process_with_context,zybfshmsru,42,10,8367.000,836.700,16048128,16048128,unavailable,17211392,6393856,6393856,unavailable,6393856,6393856,7581696
librime-1.17.0,track-a-comparison,luna_pinyin,key_sequence_process_with_context,zybfshmsru,43,10,8203.700,820.370,16048128,16048128,unavailable,17211392,6393856,6393856,unavailable,6393856,6393856,7581696
librime-1.17.0,track-a-comparison,luna_pinyin,key_sequence_process_with_context,zybfshmsru,44,10,8208.500,820.850,16048128,16048128,unavailable,17211392,6393856,6393856,unavailable,6393856,6393856,7581696
librime-1.17.0,track-a-comparison,luna_pinyin,key_sequence_process_with_context,zybfshmsru,45,10,8316.700,831.670,16048128,16048128,unavailable,17211392,6393856,6393856,unavailable,6393856,6393856,7581696
librime-1.17.0,track-a-comparison,luna_pinyin,key_sequence_process_with_context,zybfshmsru,46,10,8197.900,819.790,16048128,16048128,unavailable,17211392,6393856,6393856,unavailable,6393856,6393856,7581696
librime-1.17.0,track-a-comparison,luna_pinyin,key_sequence_process_with_context,zybfshmsru,47,10,8167.900,816.790,16048128,16048128,unavailable,17211392,6393856,6393856,unavailable,6393856,6393856,7581696
librime-1.17.0,track-a-comparison,luna_pinyin,key_sequence_process_with_context,zybfshmsru,48,10,8182.900,818.290,16048128,16048128,unavailable,17211392,6393856,6393856,unavailable,6393856,6393856,7581696
librime-1.17.0,track-a-comparison,luna_pinyin,key_sequence_process_with_context,zybfshmsru,49,10,8160.600,816.060,16048128,16048128,unavailable,17211392,6393856,6393856,unavailable,6393856,6393856,7581696
librime-1.17.0,track-a-comparison,luna_pinyin,key_sequence_process_with_context,zybfshmsru,50,10,8158.300,815.830,16048128,16048128,unavailable,17211392,6393856,6393856,unavailable,6393856,6393856,7581696
librime-1.17.0,track-a-comparison,luna_pinyin,key_sequence_process_with_context,zybfshmsru,51,10,8167.000,816.700,16048128,16048128,unavailable,17211392,6393856,6393856,unavailable,6393856,6393856,7581696
librime-1.17.0,track-a-comparison,luna_pinyin,key_sequence_process_with_context,zybfshmsru,52,10,8184.400,818.440,16048128,16048128,unavailable,17211392,6393856,6393856,unavailable,6393856,6393856,7581696
librime-1.17.0,track-a-comparison,luna_pinyin,key_sequence_process_with_context,zybfshmsru,53,10,8172.600,817.260,16048128,16048128,unavailable,17211392,6393856,6393856,unavailable,6393856,6393856,7581696
librime-1.17.0,track-a-comparison,luna_pinyin,key_sequence_process_with_context,zybfshmsru,54,10,8188.000,818.800,16048128,16048128,unavailable,17211392,6393856,6393856,unavailable,6393856,6393856,7581696
librime-1.17.0,track-a-comparison,luna_pinyin,key_sequence_process_with_context,zybfshmsru,55,10,8184.600,818.460,16048128,16048128,unavailable,17211392,6393856,6393856,unavailable,6393856,6393856,7581696
librime-1.17.0,track-a-comparison,luna_pinyin,key_sequence_process_with_context,zybfshmsru,56,10,8228.400,822.840,16048128,16048128,unavailable,17211392,6393856,6393856,unavailable,6393856,6393856,7581696
librime-1.17.0,track-a-comparison,luna_pinyin,key_sequence_process_with_context,zybfshmsru,57,10,8255.700,825.570,16048128,16048128,unavailable,17211392,6393856,6393856,unavailable,6393856,6393856,7581696
librime-1.17.0,track-a-comparison,luna_pinyin,key_sequence_process_with_context,zybfshmsru,58,10,8187.200,818.720,16048128,16048128,unavailable,17211392,6393856,6393856,unavailable,6393856,6393856,7581696
librime-1.17.0,track-a-comparison,luna_pinyin,key_sequence_process_with_context,zybfshmsru,59,10,8184.900,818.490,16048128,16048128,unavailable,17211392,6393856,6393856,unavailable,6393856,6393856,7581696
librime-1.17.0,track-a-comparison,luna_pinyin,key_sequence_process_with_context,zybfshmsru,60,10,8187.600,818.760,16048128,16048128,unavailable,17211392,6393856,6393856,unavailable,6393856,6393856,7581696
librime-1.17.0,track-a-comparison,luna_pinyin,key_sequence_process_with_context,zybfshmsru,61,10,8236.100,823.610,16048128,16056320,unavailable,17211392,6393856,6393856,unavailable,6393856,6393856,7581696
librime-1.17.0,track-a-comparison,luna_pinyin,key_sequence_process_with_context,zybfshmsru,62,10,8170.800,817.080,16056320,16056320,unavailable,17211392,6393856,6393856,unavailable,6393856,6393856,7581696
librime-1.17.0,track-a-comparison,luna_pinyin,key_sequence_process_with_context,zybfshmsru,63,10,8184.600,818.460,16056320,16056320,unavailable,17211392,6393856,6393856,unavailable,6393856,6393856,7581696
librime-1.17.0,track-a-comparison,luna_pinyin,key_sequence_process_with_context,zybfshmsru,64,10,8158.700,815.870,16056320,16056320,unavailable,17211392,6393856,6393856,unavailable,6393856,6393856,7581696
librime-1.17.0,track-a-comparison,luna_pinyin,key_sequence_process_with_context,zybfshmsru,65,10,8182.000,818.200,16056320,16056320,unavailable,17211392,6393856,6393856,unavailable,6393856,6393856,7581696
librime-1.17.0,track-a-comparison,luna_pinyin,key_sequence_process_with_context,zybfshmsru,66,10,8174.000,817.400,16056320,16056320,unavailable,17211392,6393856,6393856,unavailable,6393856,6393856,7581696
librime-1.17.0,track-a-comparison,luna_pinyin,key_sequence_process_with_context,zybfshmsru,67,10,8176.000,817.600,16056320,16056320,unavailable,17211392,6393856,6393856,unavailable,6393856,6393856,7581696
librime-1.17.0,track-a-comparison,luna_pinyin,key_sequence_process_with_context,zybfshmsru,68,10,8231.600,823.160,16056320,16056320,unavailable,17211392,6393856,6393856,unavailable,6393856,6393856,7581696
librime-1.17.0,track-a-comparison,luna_pinyin,key_sequence_process_with_context,zybfshmsru,69,10,8172.500,817.250,16056320,16056320,unavailable,17211392,6393856,6393856,unavailable,6393856,6393856,7581696
librime-1.17.0,track-a-comparison,luna_pinyin,key_sequence_process_with_context,zybfshmsru,70,10,8188.000,818.800,16056320,16056320,unavailable,17211392,6393856,6393856,unavailable,6393856,6393856,7581696
librime-1.17.0,track-a-comparison,luna_pinyin,key_sequence_process_with_context,zybfshmsru,71,10,8157.400,815.740,16056320,16056320,unavailable,17211392,6393856,6393856,unavailable,6393856,6393856,7581696
librime-1.17.0,track-a-comparison,luna_pinyin,key_sequence_process_with_context,zybfshmsru,72,10,8189.200,818.920,16056320,16056320,unavailable,17211392,6393856,6393856,unavailable,6393856,6393856,7581696
librime-1.17.0,track-a-comparison,luna_pinyin,key_sequence_process_with_context,zybfshmsru,73,10,8154.600,815.460,16121856,16121856,unavailable,17211392,6393856,6393856,unavailable,6393856,6393856,7581696
librime-1.17.0,track-a-comparison,luna_pinyin,key_sequence_process_with_context,zybfshmsru,74,10,8228.200,822.820,16121856,16121856,unavailable,17211392,6393856,6393856,unavailable,6393856,6393856,7581696
librime-1.17.0,track-a-comparison,luna_pinyin,key_sequence_process_with_context,zybfshmsru,75,10,8168.000,816.800,16121856,16121856,unavailable,17211392,6393856,6393856,unavailable,6393856,6393856,7581696
librime-1.17.0,track-a-comparison,luna_pinyin,key_sequence_process_with_context,zybfshmsru,76,10,8172.400,817.240,16121856,16121856,unavailable,17211392,6393856,6393856,unavailable,6393856,6393856,7581696
librime-1.17.0,track-a-comparison,luna_pinyin,key_sequence_process_with_context,zybfshmsru,77,10,8138.000,813.800,16121856,16121856,unavailable,17211392,6393856,6393856,unavailable,6393856,6393856,7581696
librime-1.17.0,track-a-comparison,luna_pinyin,key_sequence_process_with_context,zybfshmsru,78,10,8177.800,817.780,16121856,16121856,unavailable,17211392,6393856,6393856,unavailable,6393856,6393856,7581696
librime-1.17.0,track-a-comparison,luna_pinyin,key_sequence_process_with_context,zybfshmsru,79,10,8177.000,817.700,16121856,16121856,unavailable,17211392,6393856,6393856,unavailable,6393856,6393856,7581696
