"engine","track","schema_id","workload","input","sample_index","operation_count","total_us","us_per_operation","before_working_set_bytes","after_ready_working_set_bytes","after_finalize_working_set_bytes","peak_working_set_bytes","before_private_bytes","after_ready_private_bytes","after_finalize_private_bytes","private_bytes","pagefile_bytes","peak_pagefile_bytes"
"librime-1.17.0","track-a-comparison","luna_pinyin","startup_warm_shared_assets_runtime_ready","","0","1","46439.100","46439.100","7172096","10956800","10313728","11890688","1605632","3321856","2605056","3321856","3321856","5627904"
"librime-1.17.0","track-a-comparison","luna_pinyin","startup_warm_shared_assets_runtime_ready","","1","1","32790.400","32790.400","10317824","11284480","10416128","13713408","2605056","3604480","2609152","3604480","3604480","6004736"
"librime-1.17.0","track-a-comparison","luna_pinyin","startup_warm_shared_assets_runtime_ready","","2","1","22892.100","22892.100","10416128","11280384","10440704","13737984","2609152","3579904","2646016","3579904","3579904","6004736"
"librime-1.17.0","track-a-comparison","luna_pinyin","startup_warm_shared_assets_runtime_ready","","3","1","26286.200","26286.200","10440704","11419648","10534912","13795328","2646016","3878912","2785280","3878912","3878912","6074368"
"librime-1.17.0","track-a-comparison","luna_pinyin","startup_warm_shared_assets_runtime_ready","","4","1","26318.900","26318.900","10534912","11399168","10604544","13852672","2785280","3837952","2830336","3837952","3837952","6164480"
"librime-1.17.0","track-a-comparison","luna_pinyin","startup_warm_shared_assets_runtime_ready","","5","1","22497.400","22497.400","10604544","11423744","10563584","13901824","2830336","3776512","2777088","3776512","3776512","6234112"
"librime-1.17.0","track-a-comparison","luna_pinyin","startup_warm_shared_assets_runtime_ready","","6","1","22424.200","22424.200","10563584","11431936","10604544","13901824","2777088","3780608","2965504","3780608","3780608","6234112"
"librime-1.17.0","track-a-comparison","luna_pinyin","startup_warm_shared_assets_runtime_ready","","7","1","21331.600","21331.600","10604544","11423744","10653696","13901824","2965504","3821568","3289088","3821568","3821568","6234112"
"librime-1.17.0","track-a-comparison","luna_pinyin","startup_warm_shared_assets_runtime_ready","","8","1","25372.300","25372.300","10653696","11505664","10657792","13918208","3289088","3833856","3289088","3833856","3833856","6234112"
"librime-1.17.0","track-a-comparison","luna_pinyin","session_create_select_destroy","","0","1","23094.200","23094.200","10661888","10874880","unavailable","13950976","3293184","3072000","unavailable","3072000","3072000","6234112"
"librime-1.17.0","track-a-comparison","luna_pinyin","session_create_select_destroy","","1","1","29325.200","29325.200","10874880","10907648","unavailable","13950976","3072000","3518464","unavailable","3518464","3518464","6234112"
"librime-1.17.0","track-a-comparison","luna_pinyin","session_create_select_destroy","","2","1","25381.600","25381.600","10907648","10899456","unavailable","13963264","3518464","3362816","unavailable","3362816","3362816","6234112"
"librime-1.17.0","track-a-comparison","luna_pinyin","session_create_select_destroy","","3","1","22676.200","22676.200","10899456","10924032","unavailable","13975552","3362816","3526656","unavailable","3526656","3526656","6234112"
"librime-1.17.0","track-a-comparison","luna_pinyin","session_create_select_destroy","","4","1","22391.300","22391.300","10924032","10948608","unavailable","13975552","3526656","3407872","unavailable","3407872","3407872","6234112"
"librime-1.17.0","track-a-comparison","luna_pinyin","session_create_select_destroy","","5","1","27369.300","27369.300","10948608","10924032","unavailable","13975552","3407872","3321856","unavailable","3321856","3321856","6234112"
"librime-1.17.0","track-a-comparison","luna_pinyin","session_create_select_destroy","","6","1","29250.000","29250.000","10924032","10964992","unavailable","13975552","3321856","3428352","unavailable","3428352","3428352","6234112"
"librime-1.17.0","track-a-comparison","luna_pinyin","session_create_select_destroy","","7","1","22715.500","22715.500","10964992","10960896","unavailable","13996032","3428352","3416064","unavailable","3416064","3416064","6303744"
"librime-1.17.0","track-a-comparison","luna_pinyin","session_create_select_destroy","","8","1","25026.400","25026.400","10969088","10973184","unavailable","13996032","3428352","3325952","unavailable","3325952","3325952","6303744"
"librime-1.17.0","track-a-comparison","luna_pinyin","session_create_select_destroy","","9","1","23593.400","23593.400","10973184","10969088","unavailable","13996032","3325952","3309568","unavailable","3309568","3309568","6303744"
"librime-1.17.0","track-a-comparison","luna_pinyin","session_create_select_destroy","","10","1","25512.400","25512.400","10969088","10973184","unavailable","13996032","3309568","3284992","unavailable","3284992","3284992","6303744"
"librime-1.17.0","track-a-comparison","luna_pinyin","session_create_select_destroy","","11","1","25909.200","25909.200","10973184","10973184","unavailable","13996032","3284992","3317760","unavailable","3317760","3317760","6303744"
"librime-1.17.0","track-a-comparison","luna_pinyin","session_create_select_destroy","","12","1","20882.800","20882.800","10977280","10969088","unavailable","13996032","3317760","3362816","unavailable","3362816","3362816","6303744"
"librime-1.17.0","track-a-comparison","luna_pinyin","session_create_select_destroy","","13","1","21756.800","21756.800","10969088","10964992","unavailable","13996032","3362816","3407872","unavailable","3407872","3407872","6303744"
"librime-1.17.0","track-a-comparison","luna_pinyin","session_create_select_destroy","","14","1","24138.300","24138.300","10964992","11067392","unavailable","13996032","3407872","3260416","unavailable","3260416","3260416","6303744"
"librime-1.17.0","track-a-comparison","luna_pinyin","session_create_select_destroy","","15","1","22481.400","22481.400","11067392","11042816","unavailable","13996032","3260416","3424256","unavailable","3424256","3424256","6303744"
"librime-1.17.0","track-a-comparison","luna_pinyin","session_create_select_destroy","","16","1","20938.100","20938.100","11042816","11055104","unavailable","14000128","3424256","3506176","unavailable","3506176","3506176","6373376"
"librime-1.17.0","track-a-comparison","luna_pinyin","session_create_select_destroy","","17","1","22235.400","22235.400","11055104","11055104","unavailable","14000128","3506176","3301376","unavailable","3301376","3301376","6373376"
"librime-1.17.0","track-a-comparison","luna_pinyin","session_create_select_destroy","","18","1","23993.900","23993.900","11055104","10989568","unavailable","14000128","3301376","3297280","unavailable","3297280","3297280","6373376"
"librime-1.17.0","track-a-comparison","luna_pinyin","session_create_select_destroy","","19","1","21644.500","21644.500","10989568","11059200","unavailable","14000128","3297280","3579904","unavailable","3579904","3579904","6373376"
"librime-1.17.0","track-a-comparison","luna_pinyin","session_create_select_destroy","","20","1","20950.200","20950.200","11059200","10924032","unavailable","14036992","3579904","3104768","unavailable","3104768","3104768","6373376"
"librime-1.17.0","track-a-comparison","luna_pinyin","session_create_select_destroy","","21","1","21639.400","21639.400","10924032","10952704","unavailable","14036992","3104768","3125248","unavailable","3125248","3125248","6373376"
"librime-1.17.0","track-a-comparison","luna_pinyin","session_create_select_destroy","","22","1","24646.200","24646.200","10952704","11038720","unavailable","14036992","3125248","3354624","unavailable","3354624","3354624","6373376"
"librime-1.17.0","track-a-comparison","luna_pinyin","session_create_select_destroy","","23","1","24286.500","24286.500","11038720","10956800","unavailable","14036992","3354624","3137536","unavailable","3137536","3137536","6373376"
"librime-1.17.0","track-a-comparison","luna_pinyin","session_create_select_destroy","","24","1","22154.600","22154.600","10973184","10948608","unavailable","14036992","3166208","3141632","unavailable","3141632","3141632","6373376"
"librime-1.17.0","track-a-comparison","luna_pinyin","session_create_select_destroy","","25","1","22720.700","22720.700","10948608","10948608","unavailable","14036992","3141632","3141632","unavailable","3141632","3141632","6373376"
"librime-1.17.0","track-a-comparison","luna_pinyin","session_create_select_destroy","","26","1","22819.200","22819.200","10948608","10948608","unavailable","14036992","3141632","3141632","unavailable","3141632","3141632","6373376"
"librime-1.17.0","track-a-comparison","luna_pinyin","session_create_select_destroy","","27","1","25026.100","25026.100","10952704","11014144","unavailable","14036992","3141632","3440640","unavailable","3440640","3440640","6373376"
"librime-1.17.0","track-a-comparison","luna_pinyin","session_create_select_destroy","","28","1","22373.200","22373.200","11014144","11100160","unavailable","14036992","3440640","3297280","unavailable","3297280","3297280","6373376"
"librime-1.17.0","track-a-comparison","luna_pinyin","session_create_select_destroy","","29","1","24109.200","24109.200","11100160","11100160","unavailable","14036992","3297280","3526656","unavailable","3526656","3526656","6373376"
"librime-1.17.0","track-a-comparison","luna_pinyin","session_create_select_destroy","","30","1","23563.200","23563.200","11100160","11116544","unavailable","14036992","3526656","3510272","unavailable","3510272","3510272","6373376"
"librime-1.17.0","track-a-comparison","luna_pinyin","session_create_select_destroy","","31","1","20948.300","20948.300","11116544","11128832","unavailable","14036992","3510272","3383296","unavailable","3383296","3383296","6373376"
"librime-1.17.0","track-a-comparison","luna_pinyin","session_create_select_destroy","","32","1","21449.900","21449.900","11128832","11169792","unavailable","14036992","3383296","3702784","unavailable","3702784","3702784","6373376"
"librime-1.17.0","track-a-comparison","luna_pinyin","session_create_select_destroy","","33","1","24651.900","24651.900","11169792","11042816","unavailable","14036992","3702784","3227648","unavailable","3227648","3227648","6373376"
"librime-1.17.0","track-a-comparison","luna_pinyin","session_create_select_destroy","","34","1","23782.200","23782.200","11042816","11087872","unavailable","14036992","3227648","3436544","unavailable","3436544","3436544","6373376"
"librime-1.17.0","track-a-comparison","luna_pinyin","session_create_select_destroy","","35","1","22418.300","22418.300","11087872","11100160","unavailable","14036992","3436544","3424256","unavailable","3424256","3424256","6373376"
"librime-1.17.0","track-a-comparison","luna_pinyin","session_create_select_destroy","","36","1","21956.800","21956.800","11104256","11182080","unavailable","14036992","3424256","3362816","unavailable","3362816","3362816","6373376"
"librime-1.17.0","track-a-comparison","luna_pinyin","session_create_select_destroy","","37","1","23762.100","23762.100","11182080","11251712","unavailable","14036992","3362816","3776512","unavailable","3776512","3776512","6373376"
"librime-1.17.0","track-a-comparison","luna_pinyin","session_create_select_destroy","","38","1","23310.800","23310.800","11251712","11255808","unavailable","14036992","3776512","3682304","unavailable","3682304","3682304","6373376"
"librime-1.17.0","track-a-comparison","luna_pinyin","session_create_select_destroy","","39","1","21975.700","21975.700","11255808","11161600","unavailable","14036992","3682304","3551232","unavailable","3551232","3551232","6373376"
"librime-1.17.0","track-a-comparison","luna_pinyin","session_create_select_destroy","","40","1","22953.500","22953.500","11161600","11268096","unavailable","14036992","3551232","3764224","unavailable","3764224","3764224","6373376"
"librime-1.17.0","track-a-comparison","luna_pinyin","session_create_select_destroy","","41","1","22670.700","22670.700","11268096","11292672","unavailable","14053376","3764224","3772416","unavailable","3772416","3772416","6373376"
"librime-1.17.0","track-a-comparison","luna_pinyin","session_create_select_destroy","","42","1","21555.700","21555.700","11292672","11304960","unavailable","14057472","3772416","3784704","unavailable","3784704","3784704","6373376"
"librime-1.17.0","track-a-comparison","luna_pinyin","session_create_select_destroy","","43","1","25888.200","25888.200","11304960","11288576","unavailable","14057472","3784704","3813376","unavailable","3813376","3813376","6373376"
"librime-1.17.0","track-a-comparison","luna_pinyin","session_create_select_destroy","","44","1","22729.700","22729.700","11288576","11132928","unavailable","14057472","3813376","3297280","unavailable","3297280","3297280","6373376"
"librime-1.17.0","track-a-comparison","luna_pinyin","session_create_select_destroy","","45","1","23771.100","23771.100","11137024","11153408","unavailable","14057472","3297280","3518464","unavailable","3518464","3518464","6373376"
"librime-1.17.0","track-a-comparison","luna_pinyin","session_create_select_destroy","","46","1","22479.000","22479.000","11153408","11300864","unavailable","14069760","3518464","3670016","unavailable","3670016","3670016","6373376"
"librime-1.17.0","track-a-comparison","luna_pinyin","session_create_select_destroy","","47","1","27050.100","27050.100","11300864","11300864","unavailable","14069760","3670016","3473408","unavailable","3473408","3473408","6373376"
"librime-1.17.0","track-a-comparison","luna_pinyin","session_create_select_destroy","","48","1","26893.100","26893.100","11300864","11235328","unavailable","14094336","3473408","3391488","unavailable","3391488","3391488","6434816"
"librime-1.17.0","track-a-comparison","luna_pinyin","session_create_select_destroy","","49","1","23362.100","23362.100","11235328","11378688","unavailable","14094336","3391488","3739648","unavailable","3739648","3739648","6443008"
"librime-1.17.0","track-a-comparison","luna_pinyin","session_create_select_destroy","","50","1","26770.300","26770.300","11378688","11235328","unavailable","14094336","3739648","3383296","unavailable","3383296","3383296","6443008"
"librime-1.17.0","track-a-comparison","luna_pinyin","session_create_select_destroy","","51","1","23344.900","23344.900","11235328","11321344","unavailable","14094336","3383296","3686400","unavailable","3686400","3686400","6443008"
"librime-1.17.0","track-a-comparison","luna_pinyin","session_create_select_destroy","","52","1","22674.900","22674.900","11321344","11309056","unavailable","14094336","3686400","3461120","unavailable","3461120","3461120","6443008"
"librime-1.17.0","track-a-comparison","luna_pinyin","session_create_select_destroy","","53","1","23332.600","23332.600","11309056","11268096","unavailable","14135296","3461120","3420160","unavailable","3420160","3420160","6443008"
"librime-1.17.0","track-a-comparison","luna_pinyin","session_create_select_destroy","","54","1","21009.400","21009.400","11268096","11374592","unavailable","14135296","3420160","3837952","unavailable","3837952","3837952","6443008"
"librime-1.17.0","track-a-comparison","luna_pinyin","session_create_select_destroy","","55","1","21261.600","21261.600","11374592","11317248","unavailable","14135296","3837952","3674112","unavailable","3674112","3674112","6443008"
"librime-1.17.0","track-a-comparison","luna_pinyin","session_create_select_destroy","","56","1","27556.300","27556.300","11350016","11304960","unavailable","14135296","3739648","3969024","unavailable","3969024","3969024","6512640"
"librime-1.17.0","track-a-comparison","luna_pinyin","session_create_select_destroy","","57","1","21990.700","21990.700","11309056","11321344","unavailable","14135296","3969024","3776512","unavailable","3776512","3776512","6512640"
"librime-1.17.0","track-a-comparison","luna_pinyin","session_create_select_destroy","","58","1","25128.800","25128.800","11321344","11378688","unavailable","14135296","3776512","4030464","unavailable","4030464","4030464","6512640"
"librime-1.17.0","track-a-comparison","luna_pinyin","session_create_select_destroy","","59","1","22162.800","22162.800","11378688","11358208","unavailable","14172160","4030464","3764224","unavailable","3764224","3764224","6512640"
"librime-1.17.0","track-a-comparison","luna_pinyin","key_sequence_process_with_context","n","0","1","23.100","23.100","12390400","12394496","unavailable","14172160","4403200","4403200","unavailable","4403200","4403200","6512640"
"librime-1.17.0","track-a-comparison","luna_pinyin","key_sequence_process_with_context","n","1","1","22.700","22.700","12394496","12394496","unavailable","14172160","4403200","4403200","unavailable","4403200","4403200","6512640"
"librime-1.17.0","track-a-comparison","luna_pinyin","key_sequence_process_with_context","n","2","1","21.700","21.700","12394496","12394496","unavailable","14172160","4403200","4403200","unavailable","4403200","4403200","6512640"
"librime-1.17.0","track-a-comparison","luna_pinyin","key_sequence_process_with_context","n","3","1","21.400","21.400","12394496","12394496","unavailable","14172160","4403200","4403200","unavailable","4403200","4403200","6512640"
"librime-1.17.0","track-a-comparison","luna_pinyin","key_sequence_process_with_context","n","4","1","21.600","21.600","12394496","12394496","unavailable","14172160","4403200","4403200","unavailable","4403200","4403200","6512640"
"librime-1.17.0","track-a-comparison","luna_pinyin","key_sequence_process_with_context","n","5","1","20.900","20.900","12394496","12394496","unavailable","14172160","4403200","4403200","unavailable","4403200","4403200","6512640"
"librime-1.17.0","track-a-comparison","luna_pinyin","key_sequence_process_with_context","n","6","1","20.900","20.900","12398592","12398592","unavailable","14172160","4403200","4403200","unavailable","4403200","4403200","6512640"
"librime-1.17.0","track-a-comparison","luna_pinyin","key_sequence_process_with_context","n","7","1","20.900","20.900","12398592","12398592","unavailable","14172160","4403200","4403200","unavailable","4403200","4403200","6512640"
"librime-1.17.0","track-a-comparison","luna_pinyin","key_sequence_process_with_context","n","8","1","20.300","20.300","12398592","12398592","unavailable","14172160","4403200","4403200","unavailable","4403200","4403200","6512640"
"librime-1.17.0","track-a-comparison","luna_pinyin","key_sequence_process_with_context","n","9","1","20.600","20.600","12398592","12398592","unavailable","14172160","4403200","4403200","unavailable","4403200","4403200","6512640"
"librime-1.17.0","track-a-comparison","luna_pinyin","key_sequence_process_with_context","n","10","1","42.200","42.200","12398592","12398592","unavailable","14172160","4403200","4403200","unavailable","4403200","4403200","6512640"
"librime-1.17.0","track-a-comparison","luna_pinyin","key_sequence_process_with_context","n","11","1","64.400","64.400","12398592","12398592","unavailable","14172160","4403200","4403200","unavailable","4403200","4403200","6512640"
"librime-1.17.0","track-a-comparison","luna_pinyin","key_sequence_process_with_context","n","12","1","27.000","27.000","12398592","12398592","unavailable","14172160","4403200","4403200","unavailable","4403200","4403200","6512640"
"librime-1.17.0","track-a-comparison","luna_pinyin","key_sequence_process_with_context","n","13","1","22.000","22.000","12398592","12398592","unavailable","14172160","4403200","4403200","unavailable","4403200","4403200","6512640"
"librime-1.17.0","track-a-comparison","luna_pinyin","key_sequence_process_with_context","n","14","1","21.100","21.100","12398592","12398592","unavailable","14172160","4403200","4403200","unavailable","4403200","4403200","6512640"
"librime-1.17.0","track-a-comparison","luna_pinyin","key_sequence_process_with_context","n","15","1","20.900","20.900","12402688","12402688","unavailable","14172160","4403200","4403200","unavailable","4403200","4403200","6512640"
"librime-1.17.0","track-a-comparison","luna_pinyin","key_sequence_process_with_context","n","16","1","20.500","20.500","12402688","12402688","unavailable","14172160","4403200","4403200","unavailable","4403200","4403200","6512640"
"librime-1.17.0","track-a-comparison","luna_pinyin","key_sequence_process_with_context","n","17","1","20.400","20.400","12402688","12402688","unavailable","14172160","4403200","4403200","unavailable","4403200","4403200","6512640"
"librime-1.17.0","track-a-comparison","luna_pinyin","key_sequence_process_with_context","n","18","1","20.300","20.300","12402688","12402688","unavailable","14172160","4403200","4403200","unavailable","4403200","4403200","6512640"
"librime-1.17.0","track-a-comparison","luna_pinyin","key_sequence_process_with_context","n","19","1","20.600","20.600","12402688","12402688","unavailable","14172160","4403200","4403200","unavailable","4403200","4403200","6512640"
"librime-1.17.0","track-a-comparison","luna_pinyin","key_sequence_process_with_context","n","20","1","20.300","20.300","12402688","12402688","unavailable","14172160","4403200","4403200","unavailable","4403200","4403200","6512640"
"librime-1.17.0","track-a-comparison","luna_pinyin","key_sequence_process_with_context","n","21","1","20.600","20.600","12402688","12402688","unavailable","14172160","4403200","4403200","unavailable","4403200","4403200","6512640"
"librime-1.17.0","track-a-comparison","luna_pinyin","key_sequence_process_with_context","n","22","1","23.300","23.300","12402688","12402688","unavailable","14172160","4403200","4403200","unavailable","4403200","4403200","6512640"
"librime-1.17.0","track-a-comparison","luna_pinyin","key_sequence_process_with_context","n","23","1","20.500","20.500","12402688","12402688","unavailable","14172160","4403200","4403200","unavailable","4403200","4403200","6512640"
"librime-1.17.0","track-a-comparison","luna_pinyin","key_sequence_process_with_context","n","24","1","20.800","20.800","12406784","12406784","unavailable","14172160","4403200","4403200","unavailable","4403200","4403200","6512640"
"librime-1.17.0","track-a-comparison","luna_pinyin","key_sequence_process_with_context","n","25","1","20.800","20.800","12406784","12406784","unavailable","14172160","4403200","4403200","unavailable","4403200","4403200","6512640"
"librime-1.17.0","track-a-comparison","luna_pinyin","key_sequence_process_with_context","n","26","1","20.400","20.400","12406784","12406784","unavailable","14172160","4403200","4403200","unavailable","4403200","4403200","6512640"
"librime-1.17.0","track-a-comparison","luna_pinyin","key_sequence_process_with_context","n","27","1","20.300","20.300","12406784","12406784","unavailable","14172160","4403200","4403200","unavailable","4403200","4403200","6512640"
"librime-1.17.0","track-a-comparison","luna_pinyin","key_sequence_process_with_context","n","28","1","20.600","20.600","12406784","12406784","unavailable","14172160","4403200","4403200","unavailable","4403200","4403200","6512640"
"librime-1.17.0","track-a-comparison","luna_pinyin","key_sequence_process_with_context","n","29","1","20.200","20.200","12406784","12406784","unavailable","14172160","4403200","4403200","unavailable","4403200","4403200","6512640"
"librime-1.17.0","track-a-comparison","luna_pinyin","key_sequence_process_with_context","n","30","1","20.300","20.300","12406784","12406784","unavailable","14172160","4403200","4403200","unavailable","4403200","4403200","6512640"
"librime-1.17.0","track-a-comparison","luna_pinyin","key_sequence_process_with_context","n","31","1","20.300","20.300","12406784","12406784","unavailable","14172160","4403200","4403200","unavailable","4403200","4403200","6512640"
"librime-1.17.0","track-a-comparison","luna_pinyin","key_sequence_process_with_context","n","32","1","20.300","20.300","12406784","12406784","unavailable","14172160","4403200","4403200","unavailable","4403200","4403200","6512640"
"librime-1.17.0","track-a-comparison","luna_pinyin","key_sequence_process_with_context","n","33","1","20.200","20.200","12410880","12410880","unavailable","14172160","4403200","4403200","unavailable","4403200","4403200","6512640"
"librime-1.17.0","track-a-comparison","luna_pinyin","key_sequence_process_with_context","n","34","1","20.000","20.000","12410880","12410880","unavailable","14172160","4403200","4403200","unavailable","4403200","4403200","6512640"
"librime-1.17.0","track-a-comparison","luna_pinyin","key_sequence_process_with_context","n","35","1","20.100","20.100","12410880","12410880","unavailable","14172160","4403200","4403200","unavailable","4403200","4403200","6512640"
"librime-1.17.0","track-a-comparison","luna_pinyin","key_sequence_process_with_context","n","36","1","20.200","20.200","12410880","12410880","unavailable","14172160","4403200","4403200","unavailable","4403200","4403200","6512640"
"librime-1.17.0","track-a-comparison","luna_pinyin","key_sequence_process_with_context","n","37","1","20.200","20.200","12410880","12410880","unavailable","14172160","4403200","4403200","unavailable","4403200","4403200","6512640"
"librime-1.17.0","track-a-comparison","luna_pinyin","key_sequence_process_with_context","n","38","1","20.100","20.100","12410880","12410880","unavailable","14172160","4403200","4403200","unavailable","4403200","4403200","6512640"
"librime-1.17.0","track-a-comparison","luna_pinyin","key_sequence_process_with_context","n","39","1","41.100","41.100","12410880","12414976","unavailable","14172160","4403200","4403200","unavailable","4403200","4403200","6512640"
"librime-1.17.0","track-a-comparison","luna_pinyin","key_sequence_process_with_context","n","40","1","20.400","20.400","12414976","12414976","unavailable","14172160","4403200","4403200","unavailable","4403200","4403200","6512640"
"librime-1.17.0","track-a-comparison","luna_pinyin","key_sequence_process_with_context","n","41","1","20.100","20.100","12414976","12414976","unavailable","14172160","4403200","4403200","unavailable","4403200","4403200","6512640"
"librime-1.17.0","track-a-comparison","luna_pinyin","key_sequence_process_with_context","n","42","1","20.200","20.200","12419072","12419072","unavailable","14172160","4403200","4403200","unavailable","4403200","4403200","6512640"
"librime-1.17.0","track-a-comparison","luna_pinyin","key_sequence_process_with_context","n","43","1","20.100","20.100","12419072","12419072","unavailable","14172160","4403200","4403200","unavailable","4403200","4403200","6512640"
"librime-1.17.0","track-a-comparison","luna_pinyin","key_sequence_process_with_context","n","44","1","20.100","20.100","12419072","12419072","unavailable","14172160","4403200","4403200","unavailable","4403200","4403200","6512640"
"librime-1.17.0","track-a-comparison","luna_pinyin","key_sequence_process_with_context","n","45","1","20.300","20.300","12419072","12419072","unavailable","14172160","4403200","4403200","unavailable","4403200","4403200","6512640"
"librime-1.17.0","track-a-comparison","luna_pinyin","key_sequence_process_with_context","n","46","1","20.500","20.500","12419072","12419072","unavailable","14172160","4403200","4403200","unavailable","4403200","4403200","6512640"
"librime-1.17.0","track-a-comparison","luna_pinyin","key_sequence_process_with_context","n","47","1","20.200","20.200","12419072","12419072","unavailable","14172160","4403200","4403200","unavailable","4403200","4403200","6512640"
"librime-1.17.0","track-a-comparison","luna_pinyin","key_sequence_process_with_context","n","48","1","20.500","20.500","12419072","12419072","unavailable","14172160","4403200","4403200","unavailable","4403200","4403200","6512640"
"librime-1.17.0","track-a-comparison","luna_pinyin","key_sequence_process_with_context","n","49","1","20.300","20.300","12419072","12419072","unavailable","14172160","4403200","4403200","unavailable","4403200","4403200","6512640"
"librime-1.17.0","track-a-comparison","luna_pinyin","key_sequence_process_with_context","n","50","1","20.300","20.300","12419072","12419072","unavailable","14172160","4403200","4403200","unavailable","4403200","4403200","6512640"
"librime-1.17.0","track-a-comparison","luna_pinyin","key_sequence_process_with_context","n","51","1","20.200","20.200","12419072","12419072","unavailable","14172160","4403200","4403200","unavailable","4403200","4403200","6512640"
"librime-1.17.0","track-a-comparison","luna_pinyin","key_sequence_process_with_context","n","52","1","20.100","20.100","12419072","12419072","unavailable","14172160","4403200","4403200","unavailable","4403200","4403200","6512640"
"librime-1.17.0","track-a-comparison","luna_pinyin","key_sequence_process_with_context","n","53","1","20.100","20.100","12419072","12419072","unavailable","14172160","4403200","4403200","unavailable","4403200","4403200","6512640"
"librime-1.17.0","track-a-comparison","luna_pinyin","key_sequence_process_with_context","n","54","1","20.100","20.100","12419072","12419072","unavailable","14172160","4403200","4403200","unavailable","4403200","4403200","6512640"
"librime-1.17.0","track-a-comparison","luna_pinyin","key_sequence_process_with_context","n","55","1","20.100","20.100","12419072","12419072","unavailable","14172160","4403200","4403200","unavailable","4403200","4403200","6512640"
"librime-1.17.0","track-a-comparison","luna_pinyin","key_sequence_process_with_context","n","56","1","20.200","20.200","12419072","12419072","unavailable","14172160","4403200","4403200","unavailable","4403200","4403200","6512640"
"librime-1.17.0","track-a-comparison","luna_pinyin","key_sequence_process_with_context","n","57","1","20.200","20.200","12419072","12419072","unavailable","14172160","4403200","4403200","unavailable","4403200","4403200","6512640"
"librime-1.17.0","track-a-comparison","luna_pinyin","key_sequence_process_with_context","n","58","1","20.300","20.300","12419072","12419072","unavailable","14172160","4403200","4403200","unavailable","4403200","4403200","6512640"
"librime-1.17.0","track-a-comparison","luna_pinyin","key_sequence_process_with_context","n","59","1","20.300","20.300","12419072","12419072","unavailable","14172160","4403200","4403200","unavailable","4403200","4403200","6512640"
"librime-1.17.0","track-a-comparison","luna_pinyin","key_sequence_process_with_context","n","60","1","20.700","20.700","12492800","12492800","unavailable","14172160","4521984","4521984","unavailable","4521984","4521984","6512640"
"librime-1.17.0","track-a-comparison","luna_pinyin","key_sequence_process_with_context","n","61","1","20.400","20.400","12492800","12492800","unavailable","14172160","4521984","4521984","unavailable","4521984","4521984","6512640"
"librime-1.17.0","track-a-comparison","luna_pinyin","key_sequence_process_with_context","n","62","1","20.300","20.300","12492800","12492800","unavailable","14172160","4521984","4521984","unavailable","4521984","4521984","6512640"
"librime-1.17.0","track-a-comparison","luna_pinyin","key_sequence_process_with_context","n","63","1","20.200","20.200","12492800","12492800","unavailable","14172160","4521984","4521984","unavailable","4521984","4521984","6512640"
"librime-1.17.0","track-a-comparison","luna_pinyin","key_sequence_process_with_context","n","64","1","20.300","20.300","12492800","12492800","unavailable","14172160","4521984","4521984","unavailable","4521984","4521984","6512640"
"librime-1.17.0","track-a-comparison","luna_pinyin","key_sequence_process_with_context","n","65","1","20.600","20.600","12492800","12492800","unavailable","14172160","4521984","4521984","unavailable","4521984","4521984","6512640"
"librime-1.17.0","track-a-comparison","luna_pinyin","key_sequence_process_with_context","n","66","1","20.200","20.200","12492800","12492800","unavailable","14172160","4521984","4521984","unavailable","4521984","4521984","6512640"
"librime-1.17.0","track-a-comparison","luna_pinyin","key_sequence_process_with_context","n","67","1","21.200","21.200","12492800","12492800","unavailable","14172160","4521984","4521984","unavailable","4521984","4521984","6512640"
"librime-1.17.0","track-a-comparison","luna_pinyin","key_sequence_process_with_context","n","68","1","72.300","72.300","12492800","12492800","unavailable","14172160","4521984","4521984","unavailable","4521984","4521984","6512640"
"librime-1.17.0","track-a-comparison","luna_pinyin","key_sequence_process_with_context","n","69","1","20.900","20.900","12492800","12492800","unavailable","14172160","4521984","4521984","unavailable","4521984","4521984","6512640"
"librime-1.17.0","track-a-comparison","luna_pinyin","key_sequence_process_with_context","n","70","1","20.200","20.200","12492800","12492800","unavailable","14172160","4521984","4521984","unavailable","4521984","4521984","6512640"
"librime-1.17.0","track-a-comparison","luna_pinyin","key_sequence_process_with_context","n","71","1","20.100","20.100","12492800","12492800","unavailable","14172160","4521984","4521984","unavailable","4521984","4521984","6512640"
"librime-1.17.0","track-a-comparison","luna_pinyin","key_sequence_process_with_context","n","72","1","20.200","20.200","12492800","12492800","unavailable","14172160","4521984","4521984","unavailable","4521984","4521984","6512640"
"librime-1.17.0","track-a-comparison","luna_pinyin","key_sequence_process_with_context","n","73","1","20.300","20.300","12492800","12492800","unavailable","14172160","4521984","4521984","unavailable","4521984","4521984","6512640"
"librime-1.17.0","track-a-comparison","luna_pinyin","key_sequence_process_with_context","n","74","1","20.200","20.200","12492800","12492800","unavailable","14172160","4521984","4521984","unavailable","4521984","4521984","6512640"
"librime-1.17.0","track-a-comparison","luna_pinyin","key_sequence_process_with_context","n","75","1","20.200","20.200","12492800","12492800","unavailable","14172160","4521984","4521984","unavailable","4521984","4521984","6512640"
"librime-1.17.0","track-a-comparison","luna_pinyin","key_sequence_process_with_context","n","76","1","20.300","20.300","12492800","12492800","unavailable","14172160","4521984","4521984","unavailable","4521984","4521984","6512640"
"librime-1.17.0","track-a-comparison","luna_pinyin","key_sequence_process_with_context","n","77","1","20.200","20.200","12492800","12492800","unavailable","14172160","4521984","4521984","unavailable","4521984","4521984","6512640"
"librime-1.17.0","track-a-comparison","luna_pinyin","key_sequence_process_with_context","n","78","1","20.200","20.200","12492800","12492800","unavailable","14172160","4521984","4521984","unavailable","4521984","4521984","6512640"
"librime-1.17.0","track-a-comparison","luna_pinyin","key_sequence_process_with_context","n","79","1","20.100","20.100","12492800","12492800","unavailable","14172160","4521984","4521984","unavailable","4521984","4521984","6512640"
"librime-1.17.0","track-a-comparison","luna_pinyin","key_sequence_process_with_context","ni","0","2","27.600","13.800","12500992","12500992","unavailable","14442496","4595712","4595712","unavailable","4595712","4595712","6582272"
"librime-1.17.0","track-a-comparison","luna_pinyin","key_sequence_process_with_context","ni","1","2","27.500","13.750","12500992","12500992","unavailable","14442496","4595712","4595712","unavailable","4595712","4595712","6582272"
"librime-1.17.0","track-a-comparison","luna_pinyin","key_sequence_process_with_context","ni","2","2","27.600","13.800","12500992","12500992","unavailable","14442496","4595712","4595712","unavailable","4595712","4595712","6582272"
"librime-1.17.0","track-a-comparison","luna_pinyin","key_sequence_process_with_context","ni","3","2","27.700","13.850","12500992","12500992","unavailable","14442496","4595712","4595712","unavailable","4595712","4595712","6582272"
"librime-1.17.0","track-a-comparison","luna_pinyin","key_sequence_process_with_context","ni","4","2","27.400","13.700","12500992","12500992","unavailable","14442496","4595712","4595712","unavailable","4595712","4595712","6582272"
"librime-1.17.0","track-a-comparison","luna_pinyin","key_sequence_process_with_context","ni","5","2","27.300","13.650","12500992","12500992","unavailable","14442496","4595712","4595712","unavailable","4595712","4595712","6582272"
"librime-1.17.0","track-a-comparison","luna_pinyin","key_sequence_process_with_context","ni","6","2","27.200","13.600","12500992","12500992","unavailable","14442496","4595712","4595712","unavailable","4595712","4595712","6582272"
"librime-1.17.0","track-a-comparison","luna_pinyin","key_sequence_process_with_context","ni","7","2","27.500","13.750","12500992","12500992","unavailable","14442496","4595712","4595712","unavailable","4595712","4595712","6582272"
"librime-1.17.0","track-a-comparison","luna_pinyin","key_sequence_process_with_context","ni","8","2","27.400","13.700","12500992","12500992","unavailable","14442496","4595712","4595712","unavailable","4595712","4595712","6582272"
"librime-1.17.0","track-a-comparison","luna_pinyin","key_sequence_process_with_context","ni","9","2","27.200","13.600","12500992","12500992","unavailable","14442496","4595712","4595712","unavailable","4595712","4595712","6582272"
"librime-1.17.0","track-a-comparison","luna_pinyin","key_sequence_process_with_context","ni","10","2","27.500","13.750","12500992","12500992","unavailable","14442496","4595712","4595712","unavailable","4595712","4595712","6582272"
"librime-1.17.0","track-a-comparison","luna_pinyin","key_sequence_process_with_context","ni","11","2","68.800","34.400","12500992","12500992","unavailable","14442496","4595712","4595712","unavailable","4595712","4595712","6582272"
"librime-1.17.0","track-a-comparison","luna_pinyin","key_sequence_process_with_context","ni","12","2","52.800","26.400","12500992","12500992","unavailable","14442496","4595712","4595712","unavailable","4595712","4595712","6582272"
"librime-1.17.0","track-a-comparison","luna_pinyin","key_sequence_process_with_context","ni","13","2","31.700","15.850","12505088","12505088","unavailable","14442496","4595712","4595712","unavailable","4595712","4595712","6582272"
"librime-1.17.0","track-a-comparison","luna_pinyin","key_sequence_process_with_context","ni","14","2","29.000","14.500","12505088","12505088","unavailable","14442496","4595712","4595712","unavailable","4595712","4595712","6582272"
"librime-1.17.0","track-a-comparison","luna_pinyin","key_sequence_process_with_context","ni","15","2","27.800","13.900","12505088","12505088","unavailable","14442496","4595712","4595712","unavailable","4595712","4595712","6582272"
"librime-1.17.0","track-a-comparison","luna_pinyin","key_sequence_process_with_context","ni","16","2","27.500","13.750","12505088","12505088","unavailable","14442496","4595712","4595712","unavailable","4595712","4595712","6582272"
"librime-1.17.0","track-a-comparison","luna_pinyin","key_sequence_process_with_context","ni","17","2","27.300","13.650","12505088","12505088","unavailable","14442496","4595712","4595712","unavailable","4595712","4595712","6582272"
"librime-1.17.0","track-a-comparison","luna_pinyin","key_sequence_process_with_context","ni","18","2","51.100","25.550","12505088","12509184","unavailable","14442496","4595712","4595712","unavailable","4595712","4595712","6582272"
"librime-1.17.0","track-a-comparison","luna_pinyin","key_sequence_process_with_context","ni","19","2","27.600","13.800","12509184","12509184","unavailable","14442496","4595712","4595712","unavailable","4595712","4595712","6582272"
"librime-1.17.0","track-a-comparison","luna_pinyin","key_sequence_process_with_context","ni","20","2","27.600","13.800","12509184","12509184","unavailable","14442496","4595712","4595712","unavailable","4595712","4595712","6582272"
"librime-1.17.0","track-a-comparison","luna_pinyin","key_sequence_process_with_context","ni","21","2","27.400","13.700","12509184","12509184","unavailable","14442496","4595712","4595712","unavailable","4595712","4595712","6582272"
"librime-1.17.0","track-a-comparison","luna_pinyin","key_sequence_process_with_context","ni","22","2","27.400","13.700","12513280","12513280","unavailable","14442496","4595712","4595712","unavailable","4595712","4595712","6582272"
"librime-1.17.0","track-a-comparison","luna_pinyin","key_sequence_process_with_context","ni","23","2","27.400","13.700","12513280","12513280","unavailable","14442496","4595712","4595712","unavailable","4595712","4595712","6582272"
"librime-1.17.0","track-a-comparison","luna_pinyin","key_sequence_process_with_context","ni","24","2","27.500","13.750","12513280","12513280","unavailable","14442496","4595712","4595712","unavailable","4595712","4595712","6582272"
"librime-1.17.0","track-a-comparison","luna_pinyin","key_sequence_process_with_context","ni","25","2","27.600","13.800","12513280","12513280","unavailable","14442496","4595712","4595712","unavailable","4595712","4595712","6582272"
"librime-1.17.0","track-a-comparison","luna_pinyin","key_sequence_process_with_context","ni","26","2","27.800","13.900","12513280","12513280","unavailable","14442496","4595712","4595712","unavailable","4595712","4595712","6582272"
"librime-1.17.0","track-a-comparison","luna_pinyin","key_sequence_process_with_context","ni","27","2","28.300","14.150","12513280","12513280","unavailable","14442496","4595712","4595712","unavailable","4595712","4595712","6582272"
"librime-1.17.0","track-a-comparison","luna_pinyin","key_sequence_process_with_context","ni","28","2","27.400","13.700","12513280","12513280","unavailable","14442496","4595712","4595712","unavailable","4595712","4595712","6582272"
"librime-1.17.0","track-a-comparison","luna_pinyin","key_sequence_process_with_context","ni","29","2","28.100","14.050","12513280","12513280","unavailable","14442496","4595712","4595712","unavailable","4595712","4595712","6582272"
"librime-1.17.0","track-a-comparison","luna_pinyin","key_sequence_process_with_context","ni","30","2","27.500","13.750","12513280","12513280","unavailable","14442496","4595712","4595712","unavailable","4595712","4595712","6582272"
"librime-1.17.0","track-a-comparison","luna_pinyin","key_sequence_process_with_context","ni","31","2","27.500","13.750","12517376","12517376","unavailable","14442496","4595712","4595712","unavailable","4595712","4595712","6582272"
"librime-1.17.0","track-a-comparison","luna_pinyin","key_sequence_process_with_context","ni","32","2","27.400","13.700","12517376","12517376","unavailable","14442496","4595712","4595712","unavailable","4595712","4595712","6582272"
"librime-1.17.0","track-a-comparison","luna_pinyin","key_sequence_process_with_context","ni","33","2","27.300","13.650","12517376","12517376","unavailable","14442496","4595712","4595712","unavailable","4595712","4595712","6582272"
"librime-1.17.0","track-a-comparison","luna_pinyin","key_sequence_process_with_context","ni","34","2","27.100","13.550","12517376","12517376","unavailable","14442496","4595712","4595712","unavailable","4595712","4595712","6582272"
"librime-1.17.0","track-a-comparison","luna_pinyin","key_sequence_process_with_context","ni","35","2","27.500","13.750","12517376","12517376","unavailable","14442496","4595712","4595712","unavailable","4595712","4595712","6582272"
"librime-1.17.0","track-a-comparison","luna_pinyin","key_sequence_process_with_context","ni","36","2","27.200","13.600","12517376","12517376","unavailable","14442496","4595712","4595712","unavailable","4595712","4595712","6582272"
"librime-1.17.0","track-a-comparison","luna_pinyin","key_sequence_process_with_context","ni","37","2","27.100","13.550","12517376","12517376","unavailable","14442496","4595712","4595712","unavailable","4595712","4595712","6582272"
"librime-1.17.0","track-a-comparison","luna_pinyin","key_sequence_process_with_context","ni","38","2","27.400","13.700","12517376","12517376","unavailable","14442496","4595712","4595712","unavailable","4595712","4595712","6582272"
"librime-1.17.0","track-a-comparison","luna_pinyin","key_sequence_process_with_context","ni","39","2","27.300","13.650","12517376","12517376","unavailable","14442496","4595712","4595712","unavailable","4595712","4595712","6582272"
"librime-1.17.0","track-a-comparison","luna_pinyin","key_sequence_process_with_context","ni","40","2","27.200","13.600","12521472","12521472","unavailable","14442496","4595712","4595712","unavailable","4595712","4595712","6582272"
"librime-1.17.0","track-a-comparison","luna_pinyin","key_sequence_process_with_context","ni","41","2","27.500","13.750","12521472","12521472","unavailable","14442496","4595712","4595712","unavailable","4595712","4595712","6582272"
"librime-1.17.0","track-a-comparison","luna_pinyin","key_sequence_process_with_context","ni","42","2","28.100","14.050","12521472","12521472","unavailable","14442496","4595712","4595712","unavailable","4595712","4595712","6582272"
"librime-1.17.0","track-a-comparison","luna_pinyin","key_sequence_process_with_context","ni","43","2","27.800","13.900","12521472","12521472","unavailable","14442496","4595712","4595712","unavailable","4595712","4595712","6582272"
"librime-1.17.0","track-a-comparison","luna_pinyin","key_sequence_process_with_context","ni","44","2","27.600","13.800","12521472","12521472","unavailable","14442496","4595712","4595712","unavailable","4595712","4595712","6582272"
"librime-1.17.0","track-a-comparison","luna_pinyin","key_sequence_process_with_context","ni","45","2","30.100","15.050","12521472","12521472","unavailable","14442496","4595712","4595712","unavailable","4595712","4595712","6582272"
"librime-1.17.0","track-a-comparison","luna_pinyin","key_sequence_process_with_context","ni","46","2","27.900","13.950","12521472","12521472","unavailable","14442496","4595712","4595712","unavailable","4595712","4595712","6582272"
"librime-1.17.0","track-a-comparison","luna_pinyin","key_sequence_process_with_context","ni","47","2","27.600","13.800","12521472","12521472","unavailable","14442496","4595712","4595712","unavailable","4595712","4595712","6582272"
"librime-1.17.0","track-a-comparison","luna_pinyin","key_sequence_process_with_context","ni","48","2","27.500","13.750","12521472","12521472","unavailable","14442496","4595712","4595712","unavailable","4595712","4595712","6582272"
"librime-1.17.0","track-a-comparison","luna_pinyin","key_sequence_process_with_context","ni","49","2","27.700","13.850","12525568","12525568","unavailable","14442496","4595712","4595712","unavailable","4595712","4595712","6582272"
"librime-1.17.0","track-a-comparison","luna_pinyin","key_sequence_process_with_context","ni","50","2","28.300","14.150","12525568","12525568","unavailable","14442496","4595712","4595712","unavailable","4595712","4595712","6582272"
"librime-1.17.0","track-a-comparison","luna_pinyin","key_sequence_process_with_context","ni","51","2","39.000","19.500","12525568","12525568","unavailable","14442496","4595712","4595712","unavailable","4595712","4595712","6582272"
"librime-1.17.0","track-a-comparison","luna_pinyin","key_sequence_process_with_context","ni","52","2","27.700","13.850","12525568","12525568","unavailable","14442496","4595712","4595712","unavailable","4595712","4595712","6582272"
"librime-1.17.0","track-a-comparison","luna_pinyin","key_sequence_process_with_context","ni","53","2","27.800","13.900","12525568","12525568","unavailable","14442496","4595712","4595712","unavailable","4595712","4595712","6582272"
"librime-1.17.0","track-a-comparison","luna_pinyin","key_sequence_process_with_context","ni","54","2","27.700","13.850","12525568","12525568","unavailable","14442496","4595712","4595712","unavailable","4595712","4595712","6582272"
"librime-1.17.0","track-a-comparison","luna_pinyin","key_sequence_process_with_context","ni","55","2","27.600","13.800","12525568","12525568","unavailable","14442496","4595712","4595712","unavailable","4595712","4595712","6582272"
"librime-1.17.0","track-a-comparison","luna_pinyin","key_sequence_process_with_context","ni","56","2","27.500","13.750","12525568","12525568","unavailable","14442496","4595712","4595712","unavailable","4595712","4595712","6582272"
"librime-1.17.0","track-a-comparison","luna_pinyin","key_sequence_process_with_context","ni","57","2","27.400","13.700","12525568","12525568","unavailable","14442496","4595712","4595712","unavailable","4595712","4595712","6582272"
"librime-1.17.0","track-a-comparison","luna_pinyin","key_sequence_process_with_context","ni","58","2","27.600","13.800","12529664","12529664","unavailable","14442496","4595712","4595712","unavailable","4595712","4595712","6582272"
"librime-1.17.0","track-a-comparison","luna_pinyin","key_sequence_process_with_context","ni","59","2","28.000","14.000","12529664","12529664","unavailable","14442496","4595712","4595712","unavailable","4595712","4595712","6582272"
"librime-1.17.0","track-a-comparison","luna_pinyin","key_sequence_process_with_context","ni","60","2","27.300","13.650","12529664","12529664","unavailable","14442496","4595712","4595712","unavailable","4595712","4595712","6582272"
"librime-1.17.0","track-a-comparison","luna_pinyin","key_sequence_process_with_context","ni","61","2","27.500","13.750","12529664","12529664","unavailable","14442496","4595712","4595712","unavailable","4595712","4595712","6582272"
"librime-1.17.0","track-a-comparison","luna_pinyin","key_sequence_process_with_context","ni","62","2","27.700","13.850","12529664","12529664","unavailable","14442496","4595712","4595712","unavailable","4595712","4595712","6582272"
"librime-1.17.0","track-a-comparison","luna_pinyin","key_sequence_process_with_context","ni","63","2","27.400","13.700","12529664","12529664","unavailable","14442496","4595712","4595712","unavailable","4595712","4595712","6582272"
"librime-1.17.0","track-a-comparison","luna_pinyin","key_sequence_process_with_context","ni","64","2","27.400","13.700","12529664","12529664","unavailable","14442496","4595712","4595712","unavailable","4595712","4595712","6582272"
"librime-1.17.0","track-a-comparison","luna_pinyin","key_sequence_process_with_context","ni","65","2","27.500","13.750","12529664","12529664","unavailable","14442496","4595712","4595712","unavailable","4595712","4595712","6582272"
"librime-1.17.0","track-a-comparison","luna_pinyin","key_sequence_process_with_context","ni","66","2","27.400","13.700","12529664","12529664","unavailable","14442496","4595712","4595712","unavailable","4595712","4595712","6582272"
"librime-1.17.0","track-a-comparison","luna_pinyin","key_sequence_process_with_context","ni","67","2","27.700","13.850","12533760","12533760","unavailable","14442496","4595712","4595712","unavailable","4595712","4595712","6582272"
"librime-1.17.0","track-a-comparison","luna_pinyin","key_sequence_process_with_context","ni","68","2","27.400","13.700","12533760","12533760","unavailable","14442496","4595712","4595712","unavailable","4595712","4595712","6582272"
"librime-1.17.0","track-a-comparison","luna_pinyin","key_sequence_process_with_context","ni","69","2","27.600","13.800","12533760","12533760","unavailable","14442496","4595712","4595712","unavailable","4595712","4595712","6582272"
"librime-1.17.0","track-a-comparison","luna_pinyin","key_sequence_process_with_context","ni","70","2","28.000","14.000","12533760","12533760","unavailable","14442496","4595712","4595712","unavailable","4595712","4595712","6582272"
"librime-1.17.0","track-a-comparison","luna_pinyin","key_sequence_process_with_context","ni","71","2","27.700","13.850","12533760","12533760","unavailable","14442496","4595712","4595712","unavailable","4595712","4595712","6582272"
"librime-1.17.0","track-a-comparison","luna_pinyin","key_sequence_process_with_context","ni","72","2","27.600","13.800","12533760","12533760","unavailable","14442496","4595712","4595712","unavailable","4595712","4595712","6582272"
"librime-1.17.0","track-a-comparison","luna_pinyin","key_sequence_process_with_context","ni","73","2","27.500","13.750","12533760","12533760","unavailable","14442496","4595712","4595712","unavailable","4595712","4595712","6582272"
"librime-1.17.0","track-a-comparison","luna_pinyin","key_sequence_process_with_context","ni","74","2","27.600","13.800","12533760","12533760","unavailable","14442496","4595712","4595712","unavailable","4595712","4595712","6582272"
"librime-1.17.0","track-a-comparison","luna_pinyin","key_sequence_process_with_context","ni","75","2","27.700","13.850","12533760","12533760","unavailable","14442496","4595712","4595712","unavailable","4595712","4595712","6582272"
"librime-1.17.0","track-a-comparison","luna_pinyin","key_sequence_process_with_context","ni","76","2","27.900","13.950","12537856","12537856","unavailable","14442496","4595712","4595712","unavailable","4595712","4595712","6582272"
"librime-1.17.0","track-a-comparison","luna_pinyin","key_sequence_process_with_context","ni","77","2","27.600","13.800","12537856","12537856","unavailable","14442496","4595712","4595712","unavailable","4595712","4595712","6582272"
"librime-1.17.0","track-a-comparison","luna_pinyin","key_sequence_process_with_context","ni","78","2","28.300","14.150","12537856","12537856","unavailable","14442496","4595712","4595712","unavailable","4595712","4595712","6582272"
"librime-1.17.0","track-a-comparison","luna_pinyin","key_sequence_process_with_context","ni","79","2","29.800","14.900","12537856","12537856","unavailable","14442496","4595712","4595712","unavailable","4595712","4595712","6582272"
"librime-1.17.0","track-a-comparison","luna_pinyin","key_sequence_process_with_context","hao","0","3","34.500","11.500","12632064","12632064","unavailable","14442496","4972544","4972544","unavailable","4972544","4972544","6582272"
"librime-1.17.0","track-a-comparison","luna_pinyin","key_sequence_process_with_context","hao","1","3","53.200","17.733","12632064","12632064","unavailable","14442496","4972544","4972544","unavailable","4972544","4972544","6582272"
"librime-1.17.0","track-a-comparison","luna_pinyin","key_sequence_process_with_context","hao","2","3","34.300","11.433","12632064","12632064","unavailable","14442496","4972544","4972544","unavailable","4972544","4972544","6582272"
"librime-1.17.0","track-a-comparison","luna_pinyin","key_sequence_process_with_context","hao","3","3","34.400","11.467","12632064","12632064","unavailable","14442496","4972544","4972544","unavailable","4972544","4972544","6582272"
"librime-1.17.0","track-a-comparison","luna_pinyin","key_sequence_process_with_context","hao","4","3","34.800","11.600","12632064","12632064","unavailable","14442496","4972544","4972544","unavailable","4972544","4972544","6582272"
"librime-1.17.0","track-a-comparison","luna_pinyin","key_sequence_process_with_context","hao","5","3","34.100","11.367","12636160","12636160","unavailable","14442496","4972544","4972544","unavailable","4972544","4972544","6582272"
"librime-1.17.0","track-a-comparison","luna_pinyin","key_sequence_process_with_context","hao","6","3","34.300","11.433","12636160","12636160","unavailable","14442496","4972544","4972544","unavailable","4972544","4972544","6582272"
"librime-1.17.0","track-a-comparison","luna_pinyin","key_sequence_process_with_context","hao","7","3","34.000","11.333","12636160","12636160","unavailable","14442496","4972544","4972544","unavailable","4972544","4972544","6582272"
"librime-1.17.0","track-a-comparison","luna_pinyin","key_sequence_process_with_context","hao","8","3","34.200","11.400","12636160","12636160","unavailable","14442496","4972544","4972544","unavailable","4972544","4972544","6582272"
"librime-1.17.0","track-a-comparison","luna_pinyin","key_sequence_process_with_context","hao","9","3","34.500","11.500","12636160","12636160","unavailable","14442496","4972544","4972544","unavailable","4972544","4972544","6582272"
"librime-1.17.0","track-a-comparison","luna_pinyin","key_sequence_process_with_context","hao","10","3","33.800","11.267","12636160","12636160","unavailable","14442496","4972544","4972544","unavailable","4972544","4972544","6582272"
"librime-1.17.0","track-a-comparison","luna_pinyin","key_sequence_process_with_context","hao","11","3","33.800","11.267","12636160","12636160","unavailable","14442496","4972544","4972544","unavailable","4972544","4972544","6582272"
"librime-1.17.0","track-a-comparison","luna_pinyin","key_sequence_process_with_context","hao","12","3","58.300","19.433","12636160","12636160","unavailable","14442496","4972544","4972544","unavailable","4972544","4972544","6582272"
"librime-1.17.0","track-a-comparison","luna_pinyin","key_sequence_process_with_context","hao","13","3","79.000","26.333","12636160","12636160","unavailable","14442496","4972544","4972544","unavailable","4972544","4972544","6582272"
"librime-1.17.0","track-a-comparison","luna_pinyin","key_sequence_process_with_context","hao","14","3","40.900","13.633","12640256","12640256","unavailable","14442496","4972544","4972544","unavailable","4972544","4972544","6582272"
"librime-1.17.0","track-a-comparison","luna_pinyin","key_sequence_process_with_context","hao","15","3","36.100","12.033","12640256","12640256","unavailable","14442496","4972544","4972544","unavailable","4972544","4972544","6582272"
"librime-1.17.0","track-a-comparison","luna_pinyin","key_sequence_process_with_context","hao","16","3","34.500","11.500","12640256","12640256","unavailable","14442496","4972544","4972544","unavailable","4972544","4972544","6582272"
"librime-1.17.0","track-a-comparison","luna_pinyin","key_sequence_process_with_context","hao","17","3","34.000","11.333","12640256","12640256","unavailable","14442496","4972544","4972544","unavailable","4972544","4972544","6582272"
"librime-1.17.0","track-a-comparison","luna_pinyin","key_sequence_process_with_context","hao","18","3","34.100","11.367","12640256","12640256","unavailable","14442496","4972544","4972544","unavailable","4972544","4972544","6582272"
"librime-1.17.0","track-a-comparison","luna_pinyin","key_sequence_process_with_context","hao","19","3","33.900","11.300","12640256","12640256","unavailable","14442496","4972544","4972544","unavailable","4972544","4972544","6582272"
"librime-1.17.0","track-a-comparison","luna_pinyin","key_sequence_process_with_context","hao","20","3","33.900","11.300","12640256","12640256","unavailable","14442496","4972544","4972544","unavailable","4972544","4972544","6582272"
"librime-1.17.0","track-a-comparison","luna_pinyin","key_sequence_process_with_context","hao","21","3","35.100","11.700","12640256","12640256","unavailable","14442496","4972544","4972544","unavailable","4972544","4972544","6582272"
"librime-1.17.0","track-a-comparison","luna_pinyin","key_sequence_process_with_context","hao","22","3","34.100","11.367","12640256","12640256","unavailable","14442496","4972544","4972544","unavailable","4972544","4972544","6582272"
"librime-1.17.0","track-a-comparison","luna_pinyin","key_sequence_process_with_context","hao","23","3","34.300","11.433","12640256","12640256","unavailable","14442496","4972544","4972544","unavailable","4972544","4972544","6582272"
"librime-1.17.0","track-a-comparison","luna_pinyin","key_sequence_process_with_context","hao","24","3","34.400","11.467","12640256","12640256","unavailable","14442496","4972544","4972544","unavailable","4972544","4972544","6582272"
"librime-1.17.0","track-a-comparison","luna_pinyin","key_sequence_process_with_context","hao","25","3","34.400","11.467","12640256","12640256","unavailable","14442496","4972544","4972544","unavailable","4972544","4972544","6582272"
"librime-1.17.0","track-a-comparison","luna_pinyin","key_sequence_process_with_context","hao","26","3","33.800","11.267","12640256","12640256","unavailable","14442496","4972544","4972544","unavailable","4972544","4972544","6582272"
"librime-1.17.0","track-a-comparison","luna_pinyin","key_sequence_process_with_context","hao","27","3","33.900","11.300","12640256","12640256","unavailable","14442496","4972544","4972544","unavailable","4972544","4972544","6582272"
"librime-1.17.0","track-a-comparison","luna_pinyin","key_sequence_process_with_context","hao","28","3","34.400","11.467","12787712","12787712","unavailable","14442496","4980736","4980736","unavailable","4980736","4980736","6582272"
"librime-1.17.0","track-a-comparison","luna_pinyin","key_sequence_process_with_context","hao","29","3","33.600","11.200","12787712","12787712","unavailable","14442496","4980736","4980736","unavailable","4980736","4980736","6582272"
"librime-1.17.0","track-a-comparison","luna_pinyin","key_sequence_process_with_context","hao","30","3","33.500","11.167","12787712","12787712","unavailable","14442496","4980736","4980736","unavailable","4980736","4980736","6582272"
"librime-1.17.0","track-a-comparison","luna_pinyin","key_sequence_process_with_context","hao","31","3","36.600","12.200","12787712","12787712","unavailable","14442496","4980736","4980736","unavailable","4980736","4980736","6582272"
"librime-1.17.0","track-a-comparison","luna_pinyin","key_sequence_process_with_context","hao","32","3","33.300","11.100","12787712","12787712","unavailable","14442496","4980736","4980736","unavailable","4980736","4980736","6582272"
"librime-1.17.0","track-a-comparison","luna_pinyin","key_sequence_process_with_context","hao","33","3","33.500","11.167","12787712","12787712","unavailable","14442496","4980736","4980736","unavailable","4980736","4980736","6582272"
"librime-1.17.0","track-a-comparison","luna_pinyin","key_sequence_process_with_context","hao","34","3","33.600","11.200","12787712","12787712","unavailable","14442496","4980736","4980736","unavailable","4980736","4980736","6582272"
"librime-1.17.0","track-a-comparison","luna_pinyin","key_sequence_process_with_context","hao","35","3","34.100","11.367","12787712","12787712","unavailable","14442496","4980736","4980736","unavailable","4980736","4980736","6582272"
"librime-1.17.0","track-a-comparison","luna_pinyin","key_sequence_process_with_context","hao","36","3","33.500","11.167","12787712","12787712","unavailable","14442496","4980736","4980736","unavailable","4980736","4980736","6582272"
"librime-1.17.0","track-a-comparison","luna_pinyin","key_sequence_process_with_context","hao","37","3","50.400","16.800","12787712","12787712","unavailable","14442496","4980736","4980736","unavailable","4980736","4980736","6582272"
"librime-1.17.0","track-a-comparison","luna_pinyin","key_sequence_process_with_context","hao","38","3","33.900","11.300","12787712","12787712","unavailable","14442496","4980736","4980736","unavailable","4980736","4980736","6582272"
"librime-1.17.0","track-a-comparison","luna_pinyin","key_sequence_process_with_context","hao","39","3","33.500","11.167","12787712","12787712","unavailable","14442496","4980736","4980736","unavailable","4980736","4980736","6582272"
"librime-1.17.0","track-a-comparison","luna_pinyin","key_sequence_process_with_context","hao","40","3","33.700","11.233","12787712","12787712","unavailable","14442496","4980736","4980736","unavailable","4980736","4980736","6582272"
"librime-1.17.0","track-a-comparison","luna_pinyin","key_sequence_process_with_context","hao","41","3","33.300","11.100","12787712","12787712","unavailable","14442496","4980736","4980736","unavailable","4980736","4980736","6582272"
"librime-1.17.0","track-a-comparison","luna_pinyin","key_sequence_process_with_context","hao","42","3","34.400","11.467","12787712","12787712","unavailable","14442496","4980736","4980736","unavailable","4980736","4980736","6582272"
"librime-1.17.0","track-a-comparison","luna_pinyin","key_sequence_process_with_context","hao","43","3","33.800","11.267","12787712","12787712","unavailable","14442496","4980736","4980736","unavailable","4980736","4980736","6582272"
"librime-1.17.0","track-a-comparison","luna_pinyin","key_sequence_process_with_context","hao","44","3","33.700","11.233","12787712","12787712","unavailable","14442496","4980736","4980736","unavailable","4980736","4980736","6582272"
"librime-1.17.0","track-a-comparison","luna_pinyin","key_sequence_process_with_context","hao","45","3","33.700","11.233","12787712","12787712","unavailable","14442496","4980736","4980736","unavailable","4980736","4980736","6582272"
"librime-1.17.0","track-a-comparison","luna_pinyin","key_sequence_process_with_context","hao","46","3","33.900","11.300","12787712","12787712","unavailable","14442496","4980736","4980736","unavailable","4980736","4980736","6582272"
"librime-1.17.0","track-a-comparison","luna_pinyin","key_sequence_process_with_context","hao","47","3","33.800","11.267","12787712","12787712","unavailable","14442496","4980736","4980736","unavailable","4980736","4980736","6582272"
"librime-1.17.0","track-a-comparison","luna_pinyin","key_sequence_process_with_context","hao","48","3","33.700","11.233","12787712","12787712","unavailable","14442496","4980736","4980736","unavailable","4980736","4980736","6582272"
"librime-1.17.0","track-a-comparison","luna_pinyin","key_sequence_process_with_context","hao","49","3","33.500","11.167","12787712","12787712","unavailable","14442496","4980736","4980736","unavailable","4980736","4980736","6582272"
"librime-1.17.0","track-a-comparison","luna_pinyin","key_sequence_process_with_context","hao","50","3","33.600","11.200","12787712","12787712","unavailable","14442496","4980736","4980736","unavailable","4980736","4980736","6582272"
"librime-1.17.0","track-a-comparison","luna_pinyin","key_sequence_process_with_context","hao","51","3","33.800","11.267","12787712","12787712","unavailable","14442496","4980736","4980736","unavailable","4980736","4980736","6582272"
"librime-1.17.0","track-a-comparison","luna_pinyin","key_sequence_process_with_context","hao","52","3","33.600","11.200","12787712","12787712","unavailable","14442496","4980736","4980736","unavailable","4980736","4980736","6582272"
"librime-1.17.0","track-a-comparison","luna_pinyin","key_sequence_process_with_context","hao","53","3","33.600","11.200","12787712","12787712","unavailable","14442496","4980736","4980736","unavailable","4980736","4980736","6582272"
"librime-1.17.0","track-a-comparison","luna_pinyin","key_sequence_process_with_context","hao","54","3","33.500","11.167","12787712","12787712","unavailable","14442496","4980736","4980736","unavailable","4980736","4980736","6582272"
"librime-1.17.0","track-a-comparison","luna_pinyin","key_sequence_process_with_context","hao","55","3","33.700","11.233","12787712","12787712","unavailable","14442496","4980736","4980736","unavailable","4980736","4980736","6582272"
"librime-1.17.0","track-a-comparison","luna_pinyin","key_sequence_process_with_context","hao","56","3","33.600","11.200","12787712","12787712","unavailable","14442496","4980736","4980736","unavailable","4980736","4980736","6582272"
"librime-1.17.0","track-a-comparison","luna_pinyin","key_sequence_process_with_context","hao","57","3","33.500","11.167","12787712","12787712","unavailable","14442496","4980736","4980736","unavailable","4980736","4980736","6582272"
"librime-1.17.0","track-a-comparison","luna_pinyin","key_sequence_process_with_context","hao","58","3","33.500","11.167","12787712","12787712","unavailable","14442496","4980736","4980736","unavailable","4980736","4980736","6582272"
"librime-1.17.0","track-a-comparison","luna_pinyin","key_sequence_process_with_context","hao","59","3","34.200","11.400","12787712","12787712","unavailable","14442496","4980736","4980736","unavailable","4980736","4980736","6582272"
"librime-1.17.0","track-a-comparison","luna_pinyin","key_sequence_process_with_context","hao","60","3","36.000","12.000","12787712","12787712","unavailable","14442496","4980736","4980736","unavailable","4980736","4980736","6582272"
"librime-1.17.0","track-a-comparison","luna_pinyin","key_sequence_process_with_context","hao","61","3","33.700","11.233","12787712","12787712","unavailable","14442496","4980736","4980736","unavailable","4980736","4980736","6582272"
"librime-1.17.0","track-a-comparison","luna_pinyin","key_sequence_process_with_context","hao","62","3","33.800","11.267","12787712","12787712","unavailable","14442496","4980736","4980736","unavailable","4980736","4980736","6582272"
"librime-1.17.0","track-a-comparison","luna_pinyin","key_sequence_process_with_context","hao","63","3","33.700","11.233","12787712","12787712","unavailable","14442496","4980736","4980736","unavailable","4980736","4980736","6582272"
"librime-1.17.0","track-a-comparison","luna_pinyin","key_sequence_process_with_context","hao","64","3","33.900","11.300","12787712","12787712","unavailable","14442496","4980736","4980736","unavailable","4980736","4980736","6582272"
"librime-1.17.0","track-a-comparison","luna_pinyin","key_sequence_process_with_context","hao","65","3","34.300","11.433","12787712","12787712","unavailable","14442496","4980736","4980736","unavailable","4980736","4980736","6582272"
"librime-1.17.0","track-a-comparison","luna_pinyin","key_sequence_process_with_context","hao","66","3","44.200","14.733","12787712","12787712","unavailable","14442496","4980736","4980736","unavailable","4980736","4980736","6582272"
"librime-1.17.0","track-a-comparison","luna_pinyin","key_sequence_process_with_context","hao","67","3","34.400","11.467","12787712","12787712","unavailable","14442496","4980736","4980736","unavailable","4980736","4980736","6582272"
"librime-1.17.0","track-a-comparison","luna_pinyin","key_sequence_process_with_context","hao","68","3","33.900","11.300","12787712","12787712","unavailable","14442496","4980736","4980736","unavailable","4980736","4980736","6582272"
"librime-1.17.0","track-a-comparison","luna_pinyin","key_sequence_process_with_context","hao","69","3","34.100","11.367","12787712","12787712","unavailable","14442496","4980736","4980736","unavailable","4980736","4980736","6582272"
"librime-1.17.0","track-a-comparison","luna_pinyin","key_sequence_process_with_context","hao","70","3","33.800","11.267","12787712","12787712","unavailable","14442496","4980736","4980736","unavailable","4980736","4980736","6582272"
"librime-1.17.0","track-a-comparison","luna_pinyin","key_sequence_process_with_context","hao","71","3","34.000","11.333","12787712","12787712","unavailable","14442496","4980736","4980736","unavailable","4980736","4980736","6582272"
"librime-1.17.0","track-a-comparison","luna_pinyin","key_sequence_process_with_context","hao","72","3","33.800","11.267","12787712","12787712","unavailable","14442496","4980736","4980736","unavailable","4980736","4980736","6582272"
"librime-1.17.0","track-a-comparison","luna_pinyin","key_sequence_process_with_context","hao","73","3","33.800","11.267","12787712","12787712","unavailable","14442496","4980736","4980736","unavailable","4980736","4980736","6582272"
"librime-1.17.0","track-a-comparison","luna_pinyin","key_sequence_process_with_context","hao","74","3","33.900","11.300","12787712","12787712","unavailable","14442496","4980736","4980736","unavailable","4980736","4980736","6582272"
"librime-1.17.0","track-a-comparison","luna_pinyin","key_sequence_process_with_context","hao","75","3","34.400","11.467","12787712","12787712","unavailable","14442496","4980736","4980736","unavailable","4980736","4980736","6582272"
"librime-1.17.0","track-a-comparison","luna_pinyin","key_sequence_process_with_context","hao","76","3","33.700","11.233","12787712","12787712","unavailable","14442496","4980736","4980736","unavailable","4980736","4980736","6582272"
"librime-1.17.0","track-a-comparison","luna_pinyin","key_sequence_process_with_context","hao","77","3","34.000","11.333","12787712","12787712","unavailable","14442496","4980736","4980736","unavailable","4980736","4980736","6582272"
"librime-1.17.0","track-a-comparison","luna_pinyin","key_sequence_process_with_context","hao","78","3","33.900","11.300","12787712","12787712","unavailable","14442496","4980736","4980736","unavailable","4980736","4980736","6582272"
"librime-1.17.0","track-a-comparison","luna_pinyin","key_sequence_process_with_context","hao","79","3","33.900","11.300","12787712","12787712","unavailable","14442496","4980736","4980736","unavailable","4980736","4980736","6582272"
"librime-1.17.0","track-a-comparison","luna_pinyin","key_sequence_process_with_context","ceshiyixiachangjushuruxingnengzenyang","0","37","11427.600","308.854","15777792","15785984","unavailable","15785984","5251072","5251072","unavailable","5251072","5251072","6582272"
"librime-1.17.0","track-a-comparison","luna_pinyin","key_sequence_process_with_context","ceshiyixiachangjushuruxingnengzenyang","1","37","10789.700","291.614","15785984","15785984","unavailable","15785984","5251072","5251072","unavailable","5251072","5251072","6582272"
"librime-1.17.0","track-a-comparison","luna_pinyin","key_sequence_process_with_context","ceshiyixiachangjushuruxingnengzenyang","2","37","11052.200","298.708","15785984","15581184","unavailable","15785984","5251072","4636672","unavailable","4636672","4636672","6582272"
"librime-1.17.0","track-a-comparison","luna_pinyin","key_sequence_process_with_context","ceshiyixiachangjushuruxingnengzenyang","3","37","10861.500","293.554","15581184","15794176","unavailable","15794176","4636672","4956160","unavailable","4956160","4956160","6582272"
"librime-1.17.0","track-a-comparison","luna_pinyin","key_sequence_process_with_context","ceshiyixiachangjushuruxingnengzenyang","4","37","10877.700","293.992","15794176","15794176","unavailable","15794176","4956160","4956160","unavailable","4956160","4956160","6582272"
"librime-1.17.0","track-a-comparison","luna_pinyin","key_sequence_process_with_context","ceshiyixiachangjushuruxingnengzenyang","5","37","10809.100","292.138","15794176","15818752","unavailable","15818752","4956160","4956160","unavailable","4956160","4956160","6582272"
"librime-1.17.0","track-a-comparison","luna_pinyin","key_sequence_process_with_context","ceshiyixiachangjushuruxingnengzenyang","6","37","10822.000","292.486","15818752","15839232","unavailable","15839232","4956160","4956160","unavailable","4956160","4956160","6582272"
"librime-1.17.0","track-a-comparison","luna_pinyin","key_sequence_process_with_context","ceshiyixiachangjushuruxingnengzenyang","7","37","10740.700","290.289","15839232","15839232","unavailable","15839232","4956160","4956160","unavailable","4956160","4956160","6582272"
"librime-1.17.0","track-a-comparison","luna_pinyin","key_sequence_process_with_context","ceshiyixiachangjushuruxingnengzenyang","8","37","11058.900","298.889","15839232","15839232","unavailable","15839232","4956160","4956160","unavailable","4956160","4956160","6582272"
"librime-1.17.0","track-a-comparison","luna_pinyin","key_sequence_process_with_context","ceshiyixiachangjushuruxingnengzenyang","9","37","10701.200","289.222","15839232","15839232","unavailable","15839232","4956160","4956160","unavailable","4956160","4956160","6582272"
"librime-1.17.0","track-a-comparison","luna_pinyin","key_sequence_process_with_context","ceshiyixiachangjushuruxingnengzenyang","10","37","10739.100","290.246","15839232","15839232","unavailable","15839232","4956160","4956160","unavailable","4956160","4956160","6582272"
"librime-1.17.0","track-a-comparison","luna_pinyin","key_sequence_process_with_context","ceshiyixiachangjushuruxingnengzenyang","11","37","10687.500","288.851","15839232","15839232","unavailable","15839232","4956160","4956160","unavailable","4956160","4956160","6582272"
"librime-1.17.0","track-a-comparison","luna_pinyin","key_sequence_process_with_context","ceshiyixiachangjushuruxingnengzenyang","12","37","10694.200","289.032","15839232","15839232","unavailable","15839232","4956160","4956160","unavailable","4956160","4956160","6582272"
"librime-1.17.0","track-a-comparison","luna_pinyin","key_sequence_process_with_context","ceshiyixiachangjushuruxingnengzenyang","13","37","10731.100","290.030","15839232","15831040","unavailable","15839232","4956160","4956160","unavailable","4956160","4956160","6582272"
"librime-1.17.0","track-a-comparison","luna_pinyin","key_sequence_process_with_context","ceshiyixiachangjushuruxingnengzenyang","14","37","10789.000","291.595","15831040","15818752","unavailable","15839232","4956160","4956160","unavailable","4956160","4956160","6582272"
"librime-1.17.0","track-a-comparison","luna_pinyin","key_sequence_process_with_context","ceshiyixiachangjushuruxingnengzenyang","15","37","10788.200","291.573","15884288","15896576","unavailable","15896576","4956160","4956160","unavailable","4956160","4956160","6582272"
"librime-1.17.0","track-a-comparison","luna_pinyin","key_sequence_process_with_context","ceshiyixiachangjushuruxingnengzenyang","16","37","10744.500","290.392","15896576","15900672","unavailable","15900672","4956160","4956160","unavailable","4956160","4956160","6582272"
"librime-1.17.0","track-a-comparison","luna_pinyin","key_sequence_process_with_context","ceshiyixiachangjushuruxingnengzenyang","17","37","10769.100","291.057","15900672","15892480","unavailable","15900672","4956160","4956160","unavailable","4956160","4956160","6582272"
"librime-1.17.0","track-a-comparison","luna_pinyin","key_sequence_process_with_context","ceshiyixiachangjushuruxingnengzenyang","18","37","10785.300","291.495","15892480","15904768","unavailable","15904768","4956160","4956160","unavailable","4956160","4956160","6582272"
"librime-1.17.0","track-a-comparison","luna_pinyin","key_sequence_process_with_context","ceshiyixiachangjushuruxingnengzenyang","19","37","10765.700","290.965","15904768","15896576","unavailable","15904768","4956160","4956160","unavailable","4956160","4956160","6582272"
"librime-1.17.0","track-a-comparison","luna_pinyin","key_sequence_process_with_context","ceshiyixiachangjushuruxingnengzenyang","20","37","10785.100","291.489","15896576","15892480","unavailable","15904768","4956160","4956160","unavailable","4956160","4956160","6582272"
"librime-1.17.0","track-a-comparison","luna_pinyin","key_sequence_process_with_context","ceshiyixiachangjushuruxingnengzenyang","21","37","10773.700","291.181","15892480","15896576","unavailable","15904768","4956160","4956160","unavailable","4956160","4956160","6582272"
"librime-1.17.0","track-a-comparison","luna_pinyin","key_sequence_process_with_context","ceshiyixiachangjushuruxingnengzenyang","22","37","10762.200","290.870","15896576","15900672","unavailable","15904768","4956160","4956160","unavailable","4956160","4956160","6582272"
"librime-1.17.0","track-a-comparison","luna_pinyin","key_sequence_process_with_context","ceshiyixiachangjushuruxingnengzenyang","23","37","10790.200","291.627","15900672","15884288","unavailable","15904768","4956160","4956160","unavailable","4956160","4956160","6582272"
"librime-1.17.0","track-a-comparison","luna_pinyin","key_sequence_process_with_context","ceshiyixiachangjushuruxingnengzenyang","24","37","10736.000","290.162","15884288","15896576","unavailable","15904768","4956160","4956160","unavailable","4956160","4956160","6582272"
"librime-1.17.0","track-a-comparison","luna_pinyin","key_sequence_process_with_context","ceshiyixiachangjushuruxingnengzenyang","25","37","10767.500","291.014","15896576","15859712","unavailable","15904768","4956160","4956160","unavailable","4956160","4956160","6582272"
"librime-1.17.0","track-a-comparison","luna_pinyin","key_sequence_process_with_context","ceshiyixiachangjushuruxingnengzenyang","26","37","10828.700","292.668","15859712","15896576","unavailable","15904768","4956160","4956160","unavailable","4956160","4956160","6582272"
"librime-1.17.0","track-a-comparison","luna_pinyin","key_sequence_process_with_context","ceshiyixiachangjushuruxingnengzenyang","27","37","10658.700","288.073","15896576","15900672","unavailable","15904768","4956160","4956160","unavailable","4956160","4956160","6582272"
"librime-1.17.0","track-a-comparison","luna_pinyin","key_sequence_process_with_context","ceshiyixiachangjushuruxingnengzenyang","28","37","10780.200","291.357","15900672","15884288","unavailable","15904768","4956160","4956160","unavailable","4956160","4956160","6582272"
"librime-1.17.0","track-a-comparison","luna_pinyin","key_sequence_process_with_context","ceshiyixiachangjushuruxingnengzenyang","29","37","10677.600","288.584","15884288","15896576","unavailable","15904768","4956160","4956160","unavailable","4956160","4956160","6582272"
"librime-1.17.0","track-a-comparison","luna_pinyin","key_sequence_process_with_context","ceshiyixiachangjushuruxingnengzenyang","30","37","10798.400","291.849","15896576","15896576","unavailable","15904768","4956160","4956160","unavailable","4956160","4956160","6582272"
"librime-1.17.0","track-a-comparison","luna_pinyin","key_sequence_process_with_context","ceshiyixiachangjushuruxingnengzenyang","31","37","10669.800","288.373","15896576","15896576","unavailable","15904768","4956160","4956160","unavailable","4956160","4956160","6582272"
"librime-1.17.0","track-a-comparison","luna_pinyin","key_sequence_process_with_context","ceshiyixiachangjushuruxingnengzenyang","32","37","10828.500","292.662","15896576","15896576","unavailable","15904768","4956160","4956160","unavailable","4956160","4956160","6582272"
"librime-1.17.0","track-a-comparison","luna_pinyin","key_sequence_process_with_context","ceshiyixiachangjushuruxingnengzenyang","33","37","10825.200","292.573","15896576","15892480","unavailable","15904768","4956160","4956160","unavailable","4956160","4956160","6582272"
"librime-1.17.0","track-a-comparison","luna_pinyin","key_sequence_process_with_context","ceshiyixiachangjushuruxingnengzenyang","34","37","10772.400","291.146","15892480","15904768","unavailable","15904768","4956160","4956160","unavailable","4956160","4956160","6582272"
"librime-1.17.0","track-a-comparison","luna_pinyin","key_sequence_process_with_context","ceshiyixiachangjushuruxingnengzenyang","35","37","10786.500","291.527","15904768","15900672","unavailable","15904768","4956160","4956160","unavailable","4956160","4956160","6582272"
"librime-1.17.0","track-a-comparison","luna_pinyin","key_sequence_process_with_context","ceshiyixiachangjushuruxingnengzenyang","36","37","10793.300","291.711","15900672","15884288","unavailable","15904768","4956160","4956160","unavailable","4956160","4956160","6582272"
"librime-1.17.0","track-a-comparison","luna_pinyin","key_sequence_process_with_context","ceshiyixiachangjushuruxingnengzenyang","37","37","10881.300","294.089","15884288","15900672","unavailable","15904768","4956160","4956160","unavailable","4956160","4956160","6582272"
"librime-1.17.0","track-a-comparison","luna_pinyin","key_sequence_process_with_context","ceshiyixiachangjushuruxingnengzenyang","38","37","10869.000","293.757","15900672","15900672","unavailable","15904768","4956160","4956160","unavailable","4956160","4956160","6582272"
"librime-1.17.0","track-a-comparison","luna_pinyin","key_sequence_process_with_context","ceshiyixiachangjushuruxingnengzenyang","39","37","10865.500","293.662","15900672","15896576","unavailable","15904768","4956160","4956160","unavailable","4956160","4956160","6582272"
"librime-1.17.0","track-a-comparison","luna_pinyin","key_sequence_process_with_context","ceshiyixiachangjushuruxingnengzenyang","40","37","10861.900","293.565","15896576","15892480","unavailable","15904768","4956160","4956160","unavailable","4956160","4956160","6582272"
"librime-1.17.0","track-a-comparison","luna_pinyin","key_sequence_process_with_context","ceshiyixiachangjushuruxingnengzenyang","41","37","10979.300","296.738","15892480","15896576","unavailable","15904768","4956160","4956160","unavailable","4956160","4956160","6582272"
"librime-1.17.0","track-a-comparison","luna_pinyin","key_sequence_process_with_context","ceshiyixiachangjushuruxingnengzenyang","42","37","10846.900","293.159","15896576","15900672","unavailable","15904768","4956160","4956160","unavailable","4956160","4956160","6582272"
"librime-1.17.0","track-a-comparison","luna_pinyin","key_sequence_process_with_context","ceshiyixiachangjushuruxingnengzenyang","43","37","10807.500","292.095","15900672","15900672","unavailable","15904768","4956160","4956160","unavailable","4956160","4956160","6582272"
"librime-1.17.0","track-a-comparison","luna_pinyin","key_sequence_process_with_context","ceshiyixiachangjushuruxingnengzenyang","44","37","10892.000","294.378","15900672","15896576","unavailable","15904768","4956160","4956160","unavailable","4956160","4956160","6582272"
"librime-1.17.0","track-a-comparison","luna_pinyin","key_sequence_process_with_context","ceshiyixiachangjushuruxingnengzenyang","45","37","10759.700","290.803","15896576","15900672","unavailable","15904768","4956160","4956160","unavailable","4956160","4956160","6582272"
"librime-1.17.0","track-a-comparison","luna_pinyin","key_sequence_process_with_context","ceshiyixiachangjushuruxingnengzenyang","46","37","10922.200","295.195","15900672","15884288","unavailable","15904768","4956160","4956160","unavailable","4956160","4956160","6582272"
"librime-1.17.0","track-a-comparison","luna_pinyin","key_sequence_process_with_context","ceshiyixiachangjushuruxingnengzenyang","47","37","10795.500","291.770","15884288","15896576","unavailable","15904768","4956160","4956160","unavailable","4956160","4956160","6582272"
"librime-1.17.0","track-a-comparison","luna_pinyin","key_sequence_process_with_context","ceshiyixiachangjushuruxingnengzenyang","48","37","10871.200","293.816","15896576","15900672","unavailable","15904768","4956160","4956160","unavailable","4956160","4956160","6582272"
"librime-1.17.0","track-a-comparison","luna_pinyin","key_sequence_process_with_context","ceshiyixiachangjushuruxingnengzenyang","49","37","10746.900","290.457","15900672","15900672","unavailable","15904768","4956160","4956160","unavailable","4956160","4956160","6582272"
"librime-1.17.0","track-a-comparison","luna_pinyin","key_sequence_process_with_context","ceshiyixiachangjushuruxingnengzenyang","50","37","10854.700","293.370","15900672","15904768","unavailable","15904768","4956160","4956160","unavailable","4956160","4956160","6582272"
"librime-1.17.0","track-a-comparison","luna_pinyin","key_sequence_process_with_context","ceshiyixiachangjushuruxingnengzenyang","51","37","10843.000","293.054","15904768","15904768","unavailable","15904768","4956160","4956160","unavailable","4956160","4956160","6582272"
"librime-1.17.0","track-a-comparison","luna_pinyin","key_sequence_process_with_context","ceshiyixiachangjushuruxingnengzenyang","52","37","10827.100","292.624","15904768","15904768","unavailable","15904768","4956160","4956160","unavailable","4956160","4956160","6582272"
"librime-1.17.0","track-a-comparison","luna_pinyin","key_sequence_process_with_context","ceshiyixiachangjushuruxingnengzenyang","53","37","10779.900","291.349","15904768","15904768","unavailable","15904768","4956160","4956160","unavailable","4956160","4956160","6582272"
"librime-1.17.0","track-a-comparison","luna_pinyin","key_sequence_process_with_context","ceshiyixiachangjushuruxingnengzenyang","54","37","10761.000","290.838","15904768","15904768","unavailable","15904768","4956160","4956160","unavailable","4956160","4956160","6582272"
"librime-1.17.0","track-a-comparison","luna_pinyin","key_sequence_process_with_context","ceshiyixiachangjushuruxingnengzenyang","55","37","11046.400","298.551","15904768","15892480","unavailable","15904768","4956160","4956160","unavailable","4956160","4956160","6582272"
"librime-1.17.0","track-a-comparison","luna_pinyin","key_sequence_process_with_context","ceshiyixiachangjushuruxingnengzenyang","56","37","10872.200","293.843","15892480","15904768","unavailable","15904768","4956160","4956160","unavailable","4956160","4956160","6582272"
"librime-1.17.0","track-a-comparison","luna_pinyin","key_sequence_process_with_context","ceshiyixiachangjushuruxingnengzenyang","57","37","10750.900","290.565","15904768","15904768","unavailable","15904768","4956160","4956160","unavailable","4956160","4956160","6582272"
"librime-1.17.0","track-a-comparison","luna_pinyin","key_sequence_process_with_context","ceshiyixiachangjushuruxingnengzenyang","58","37","11356.000","306.919","15904768","15900672","unavailable","15904768","4956160","4956160","unavailable","4956160","4956160","6582272"
"librime-1.17.0","track-a-comparison","luna_pinyin","key_sequence_process_with_context","ceshiyixiachangjushuruxingnengzenyang","59","37","10926.900","295.322","15900672","15896576","unavailable","15904768","4956160","4956160","unavailable","4956160","4956160","6582272"
"librime-1.17.0","track-a-comparison","luna_pinyin","key_sequence_process_with_context","ceshiyixiachangjushuruxingnengzenyang","60","37","10766.700","290.992","15896576","16039936","unavailable","16039936","4956160","5070848","unavailable","5070848","5070848","6582272"
"librime-1.17.0","track-a-comparison","luna_pinyin","key_sequence_process_with_context","ceshiyixiachangjushuruxingnengzenyang","61","37","10809.100","292.138","16039936","15986688","unavailable","16039936","5070848","5070848","unavailable","5070848","5070848","6582272"
"librime-1.17.0","track-a-comparison","luna_pinyin","key_sequence_process_with_context","ceshiyixiachangjushuruxingnengzenyang","62","37","10709.700","289.451","15986688","16039936","unavailable","16039936","5070848","5070848","unavailable","5070848","5070848","6582272"
"librime-1.17.0","track-a-comparison","luna_pinyin","key_sequence_process_with_context","ceshiyixiachangjushuruxingnengzenyang","63","37","11078.400","299.416","16039936","16314368","unavailable","16375808","5070848","5464064","unavailable","5464064","5464064","6582272"
"librime-1.17.0","track-a-comparison","luna_pinyin","key_sequence_process_with_context","ceshiyixiachangjushuruxingnengzenyang","64","37","11215.400","303.119","16314368","16379904","unavailable","16379904","5464064","5476352","unavailable","5476352","5476352","6582272"
"librime-1.17.0","track-a-comparison","luna_pinyin","key_sequence_process_with_context","ceshiyixiachangjushuruxingnengzenyang","65","37","11323.700","306.046","16379904","16285696","unavailable","16379904","5476352","5476352","unavailable","5476352","5476352","6582272"
"librime-1.17.0","track-a-comparison","luna_pinyin","key_sequence_process_with_context","ceshiyixiachangjushuruxingnengzenyang","66","37","11165.500","301.770","16285696","16334848","unavailable","16379904","5476352","5476352","unavailable","5476352","5476352","6582272"
"librime-1.17.0","track-a-comparison","luna_pinyin","key_sequence_process_with_context","ceshiyixiachangjushuruxingnengzenyang","67","37","11223.600","303.341","16334848","16293888","unavailable","16379904","5476352","5476352","unavailable","5476352","5476352","6582272"
"librime-1.17.0","track-a-comparison","luna_pinyin","key_sequence_process_with_context","ceshiyixiachangjushuruxingnengzenyang","68","37","11129.500","300.797","16293888","16379904","unavailable","16379904","5476352","5476352","unavailable","5476352","5476352","6582272"
"librime-1.17.0","track-a-comparison","luna_pinyin","key_sequence_process_with_context","ceshiyixiachangjushuruxingnengzenyang","69","37","11118.800","300.508","16379904","16330752","unavailable","16400384","5476352","5459968","unavailable","5459968","5459968","6582272"
"librime-1.17.0","track-a-comparison","luna_pinyin","key_sequence_process_with_context","ceshiyixiachangjushuruxingnengzenyang","70","37","11053.500","298.743","16330752","16351232","unavailable","16400384","5459968","5472256","unavailable","5472256","5472256","6582272"
"librime-1.17.0","track-a-comparison","luna_pinyin","key_sequence_process_with_context","ceshiyixiachangjushuruxingnengzenyang","71","37","11269.600","304.584","16351232","16408576","unavailable","16408576","5472256","5476352","unavailable","5476352","5476352","6582272"
"librime-1.17.0","track-a-comparison","luna_pinyin","key_sequence_process_with_context","ceshiyixiachangjushuruxingnengzenyang","72","37","11240.800","303.805","16408576","16400384","unavailable","16408576","5476352","5636096","unavailable","5636096","5636096","6582272"
"librime-1.17.0","track-a-comparison","luna_pinyin","key_sequence_process_with_context","ceshiyixiachangjushuruxingnengzenyang","73","37","11089.600","299.719","16400384","16375808","unavailable","16408576","5636096","5476352","unavailable","5476352","5476352","6582272"
"librime-1.17.0","track-a-comparison","luna_pinyin","key_sequence_process_with_context","ceshiyixiachangjushuruxingnengzenyang","74","37","11075.900","299.349","16375808","16363520","unavailable","16408576","5476352","5468160","unavailable","5468160","5468160","6582272"
"librime-1.17.0","track-a-comparison","luna_pinyin","key_sequence_process_with_context","ceshiyixiachangjushuruxingnengzenyang","75","37","11059.100","298.895","16363520","16211968","unavailable","16408576","5468160","5447680","unavailable","5447680","5447680","6582272"
"librime-1.17.0","track-a-comparison","luna_pinyin","key_sequence_process_with_context","ceshiyixiachangjushuruxingnengzenyang","76","37","10937.100","295.597","16211968","16351232","unavailable","16408576","5447680","5476352","unavailable","5476352","5476352","6582272"
"librime-1.17.0","track-a-comparison","luna_pinyin","key_sequence_process_with_context","ceshiyixiachangjushuruxingnengzenyang","77","37","11185.200","302.303","16351232","16367616","unavailable","16408576","5476352","5476352","unavailable","5476352","5476352","6582272"
"librime-1.17.0","track-a-comparison","luna_pinyin","key_sequence_process_with_context","ceshiyixiachangjushuruxingnengzenyang","78","37","11027.700","298.046","16367616","16420864","unavailable","16420864","5476352","5476352","unavailable","5476352","5476352","6582272"
"librime-1.17.0","track-a-comparison","luna_pinyin","key_sequence_process_with_context","ceshiyixiachangjushuruxingnengzenyang","79","37","11016.800","297.751","16420864","16363520","unavailable","16420864","5476352","5476352","unavailable","5476352","5476352","6582272"
"librime-1.17.0","track-a-comparison","luna_pinyin","key_sequence_process_with_context","zhegeyinqingqishiyinggaizhichichaochangjuzishurucainengyong","0","59","40439.900","685.422","16748544","16908288","unavailable","17764352","5054464","5529600","unavailable","5529600","5529600","7147520"
"librime-1.17.0","track-a-comparison","luna_pinyin","key_sequence_process_with_context","zhegeyinqingqishiyinggaizhichichaochangjuzishurucainengyong","1","59","40127.500","680.127","16908288","17457152","unavailable","17764352","5529600","5832704","unavailable","5832704","5832704","7147520"
"librime-1.17.0","track-a-comparison","luna_pinyin","key_sequence_process_with_context","zhegeyinqingqishiyinggaizhichichaochangjuzishurucainengyong","2","59","40236.400","681.973","17457152","17629184","unavailable","17764352","5832704","5992448","unavailable","5992448","5992448","7147520"
"librime-1.17.0","track-a-comparison","luna_pinyin","key_sequence_process_with_context","zhegeyinqingqishiyinggaizhichichaochangjuzishurucainengyong","3","59","40513.000","686.661","17629184","17653760","unavailable","17764352","5992448","6189056","unavailable","6189056","6189056","7147520"
"librime-1.17.0","track-a-comparison","luna_pinyin","key_sequence_process_with_context","zhegeyinqingqishiyinggaizhichichaochangjuzishurucainengyong","4","59","40210.400","681.532","17653760","17793024","unavailable","17805312","6189056","6397952","unavailable","6397952","6397952","7147520"
"librime-1.17.0","track-a-comparison","luna_pinyin","key_sequence_process_with_context","zhegeyinqingqishiyinggaizhichichaochangjuzishurucainengyong","5","59","40380.600","684.417","17793024","17711104","unavailable","17805312","6397952","6189056","unavailable","6189056","6189056","7147520"
"librime-1.17.0","track-a-comparison","luna_pinyin","key_sequence_process_with_context","zhegeyinqingqishiyinggaizhichichaochangjuzishurucainengyong","6","59","40105.200","679.749","17711104","17739776","unavailable","17805312","6189056","6180864","unavailable","6180864","6180864","7147520"
"librime-1.17.0","track-a-comparison","luna_pinyin","key_sequence_process_with_context","zhegeyinqingqishiyinggaizhichichaochangjuzishurucainengyong","7","59","40076.400","679.261","17739776","17723392","unavailable","17805312","6180864","6184960","unavailable","6184960","6184960","7147520"
"librime-1.17.0","track-a-comparison","luna_pinyin","key_sequence_process_with_context","zhegeyinqingqishiyinggaizhichichaochangjuzishurucainengyong","8","59","39871.900","675.795","17723392","17760256","unavailable","17805312","6184960","6189056","unavailable","6189056","6189056","7147520"
"librime-1.17.0","track-a-comparison","luna_pinyin","key_sequence_process_with_context","zhegeyinqingqishiyinggaizhichichaochangjuzishurucainengyong","9","59","39692.700","672.758","17760256","17764352","unavailable","17850368","6189056","6184960","unavailable","6184960","6184960","7147520"
"librime-1.17.0","track-a-comparison","luna_pinyin","key_sequence_process_with_context","zhegeyinqingqishiyinggaizhichichaochangjuzishurucainengyong","10","59","39839.300","675.242","17764352","17776640","unavailable","17850368","6184960","6189056","unavailable","6189056","6189056","7147520"
"librime-1.17.0","track-a-comparison","luna_pinyin","key_sequence_process_with_context","zhegeyinqingqishiyinggaizhichichaochangjuzishurucainengyong","11","59","39735.000","673.475","17776640","16912384","unavailable","17866752","6189056","5210112","unavailable","5210112","5210112","7147520"
"librime-1.17.0","track-a-comparison","luna_pinyin","key_sequence_process_with_context","zhegeyinqingqishiyinggaizhichichaochangjuzishurucainengyong","12","59","39910.100","676.442","16912384","17068032","unavailable","17866752","5210112","5500928","unavailable","5500928","5500928","7147520"
"librime-1.17.0","track-a-comparison","luna_pinyin","key_sequence_process_with_context","zhegeyinqingqishiyinggaizhichichaochangjuzishurucainengyong","13","59","39690.600","672.722","17068032","17784832","unavailable","17866752","5500928","6189056","unavailable","6189056","6189056","7147520"
"librime-1.17.0","track-a-comparison","luna_pinyin","key_sequence_process_with_context","zhegeyinqingqishiyinggaizhichichaochangjuzishurucainengyong","14","59","40040.800","678.658","17784832","16896000","unavailable","17866752","6189056","5332992","unavailable","5332992","5332992","7147520"
"librime-1.17.0","track-a-comparison","luna_pinyin","key_sequence_process_with_context","zhegeyinqingqishiyinggaizhichichaochangjuzishurucainengyong","15","59","39877.200","675.885","16896000","16998400","unavailable","17866752","5332992","5324800","unavailable","5324800","5324800","7147520"
"librime-1.17.0","track-a-comparison","luna_pinyin","key_sequence_process_with_context","zhegeyinqingqishiyinggaizhichichaochangjuzishurucainengyong","16","59","39519.600","669.824","16998400","17846272","unavailable","17866752","5324800","6189056","unavailable","6189056","6189056","7147520"
"librime-1.17.0","track-a-comparison","luna_pinyin","key_sequence_process_with_context","zhegeyinqingqishiyinggaizhichichaochangjuzishurucainengyong","17","59","39499.000","669.475","17846272","16928768","unavailable","17866752","6189056","5541888","unavailable","5541888","5541888","7147520"
"librime-1.17.0","track-a-comparison","luna_pinyin","key_sequence_process_with_context","zhegeyinqingqishiyinggaizhichichaochangjuzishurucainengyong","18","59","39500.600","669.502","16928768","17829888","unavailable","17866752","5541888","6402048","unavailable","6402048","6402048","7147520"
"librime-1.17.0","track-a-comparison","luna_pinyin","key_sequence_process_with_context","zhegeyinqingqishiyinggaizhichichaochangjuzishurucainengyong","19","59","40354.700","683.978","17829888","17715200","unavailable","17887232","6402048","6189056","unavailable","6189056","6189056","7147520"
"librime-1.17.0","track-a-comparison","luna_pinyin","key_sequence_process_with_context","zhegeyinqingqishiyinggaizhichichaochangjuzishurucainengyong","20","59","40240.200","682.037","17715200","16965632","unavailable","17887232","6189056","5369856","unavailable","5369856","5369856","7147520"
"librime-1.17.0","track-a-comparison","luna_pinyin","key_sequence_process_with_context","zhegeyinqingqishiyinggaizhichichaochangjuzishurucainengyong","21","59","40243.200","682.088","16965632","17526784","unavailable","17887232","5369856","5967872","unavailable","5967872","5967872","7147520"
"librime-1.17.0","track-a-comparison","luna_pinyin","key_sequence_process_with_context","zhegeyinqingqishiyinggaizhichichaochangjuzishurucainengyong","22","59","40270.400","682.549","17526784","17776640","unavailable","17887232","5967872","6189056","unavailable","6189056","6189056","7147520"
"librime-1.17.0","track-a-comparison","luna_pinyin","key_sequence_process_with_context","zhegeyinqingqishiyinggaizhichichaochangjuzishurucainengyong","23","59","40407.700","684.876","17776640","17727488","unavailable","17887232","6189056","6283264","unavailable","6283264","6283264","7147520"
"librime-1.17.0","track-a-comparison","luna_pinyin","key_sequence_process_with_context","zhegeyinqingqishiyinggaizhichichaochangjuzishurucainengyong","24","59","40478.100","686.069","17727488","17506304","unavailable","17887232","6283264","6021120","unavailable","6021120","6021120","7147520"
"librime-1.17.0","track-a-comparison","luna_pinyin","key_sequence_process_with_context","zhegeyinqingqishiyinggaizhichichaochangjuzishurucainengyong","25","59","41681.400","706.464","17506304","17047552","unavailable","17887232","6021120","5419008","unavailable","5419008","5419008","7147520"
"librime-1.17.0","track-a-comparison","luna_pinyin","key_sequence_process_with_context","zhegeyinqingqishiyinggaizhichichaochangjuzishurucainengyong","26","59","40359.300","684.056","17047552","17534976","unavailable","17887232","5419008","6053888","unavailable","6053888","6053888","7147520"
"librime-1.17.0","track-a-comparison","luna_pinyin","key_sequence_process_with_context","zhegeyinqingqishiyinggaizhichichaochangjuzishurucainengyong","27","59","39782.100","674.273","17534976","18022400","unavailable","18022400","6053888","6402048","unavailable","6402048","6402048","7147520"
"librime-1.17.0","track-a-comparison","luna_pinyin","key_sequence_process_with_context","zhegeyinqingqishiyinggaizhichichaochangjuzishurucainengyong","28","59","39568.100","670.646","18022400","16928768","unavailable","18042880","6402048","5414912","unavailable","5414912","5414912","7147520"
"librime-1.17.0","track-a-comparison","luna_pinyin","key_sequence_process_with_context","zhegeyinqingqishiyinggaizhichichaochangjuzishurucainengyong","29","59","40104.800","679.742","16928768","17854464","unavailable","18042880","5414912","6402048","unavailable","6402048","6402048","7147520"
"librime-1.17.0","track-a-comparison","luna_pinyin","key_sequence_process_with_context","zhegeyinqingqishiyinggaizhichichaochangjuzishurucainengyong","30","59","39742.400","673.600","17854464","16875520","unavailable","18042880","6402048","5197824","unavailable","5197824","5197824","7147520"
"librime-1.17.0","track-a-comparison","luna_pinyin","key_sequence_process_with_context","zhegeyinqingqishiyinggaizhichichaochangjuzishurucainengyong","31","59","39774.200","674.139","16875520","17809408","unavailable","18042880","5197824","6180864","unavailable","6180864","6180864","7147520"
"librime-1.17.0","track-a-comparison","luna_pinyin","key_sequence_process_with_context","zhegeyinqingqishiyinggaizhichichaochangjuzishurucainengyong","32","59","39939.900","676.947","17809408","17784832","unavailable","18042880","6180864","6205440","unavailable","6205440","6205440","7147520"
"librime-1.17.0","track-a-comparison","luna_pinyin","key_sequence_process_with_context","zhegeyinqingqishiyinggaizhichichaochangjuzishurucainengyong","33","59","39742.800","673.607","17784832","17833984","unavailable","18063360","6205440","6189056","unavailable","6189056","6189056","7147520"
"librime-1.17.0","track-a-comparison","luna_pinyin","key_sequence_process_with_context","zhegeyinqingqishiyinggaizhichichaochangjuzishurucainengyong","34","59","39708.700","673.029","17833984","17780736","unavailable","18063360","6189056","6184960","unavailable","6184960","6184960","7147520"
"librime-1.17.0","track-a-comparison","luna_pinyin","key_sequence_process_with_context","zhegeyinqingqishiyinggaizhichichaochangjuzishurucainengyong","35","59","40877.000","692.831","17780736","17829888","unavailable","18063360","6184960","6397952","unavailable","6397952","6397952","7147520"
"librime-1.17.0","track-a-comparison","luna_pinyin","key_sequence_process_with_context","zhegeyinqingqishiyinggaizhichichaochangjuzishurucainengyong","36","59","39580.100","670.849","17829888","16908288","unavailable","18063360","6397952","5201920","unavailable","5201920","5201920","7147520"
"librime-1.17.0","track-a-comparison","luna_pinyin","key_sequence_process_with_context","zhegeyinqingqishiyinggaizhichichaochangjuzishurucainengyong","37","59","41311.500","700.195","16908288","17768448","unavailable","18063360","5201920","6184960","unavailable","6184960","6184960","7147520"
"librime-1.17.0","track-a-comparison","luna_pinyin","key_sequence_process_with_context","zhegeyinqingqishiyinggaizhichichaochangjuzishurucainengyong","38","59","40882.400","692.922","17768448","18010112","unavailable","18063360","6184960","6402048","unavailable","6402048","6402048","7147520"
"librime-1.17.0","track-a-comparison","luna_pinyin","key_sequence_process_with_context","zhegeyinqingqishiyinggaizhichichaochangjuzishurucainengyong","39","59","40356.700","684.012","18010112","17780736","unavailable","18063360","6402048","6393856","unavailable","6393856","6393856","7147520"
"librime-1.17.0","track-a-comparison","luna_pinyin","key_sequence_process_with_context","zhegeyinqingqishiyinggaizhichichaochangjuzishurucainengyong","40","59","40205.800","681.454","17780736","17784832","unavailable","18063360","6393856","6189056","unavailable","6189056","6189056","7147520"
"librime-1.17.0","track-a-comparison","luna_pinyin","key_sequence_process_with_context","zhegeyinqingqishiyinggaizhichichaochangjuzishurucainengyong","41","59","39673.000","672.424","17784832","17838080","unavailable","18063360","6189056","6184960","unavailable","6184960","6184960","7147520"
"librime-1.17.0","track-a-comparison","luna_pinyin","key_sequence_process_with_context","zhegeyinqingqishiyinggaizhichichaochangjuzishurucainengyong","42","59","39895.100","676.188","17838080","17727488","unavailable","18063360","6184960","6180864","unavailable","6180864","6180864","7147520"
"librime-1.17.0","track-a-comparison","luna_pinyin","key_sequence_process_with_context","zhegeyinqingqishiyinggaizhichichaochangjuzishurucainengyong","43","59","39880.600","675.942","17727488","16920576","unavailable","18063360","6180864","5341184","unavailable","5341184","5341184","7147520"
"librime-1.17.0","track-a-comparison","luna_pinyin","key_sequence_process_with_context","zhegeyinqingqishiyinggaizhichichaochangjuzishurucainengyong","44","59","40204.500","681.432","16920576","17846272","unavailable","18063360","5341184","6189056","unavailable","6189056","6189056","7147520"
"librime-1.17.0","track-a-comparison","luna_pinyin","key_sequence_process_with_context","zhegeyinqingqishiyinggaizhichichaochangjuzishurucainengyong","45","59","39718.800","673.200","17846272","17698816","unavailable","18063360","6189056","6152192","unavailable","6152192","6152192","7147520"
"librime-1.17.0","track-a-comparison","luna_pinyin","key_sequence_process_with_context","zhegeyinqingqishiyinggaizhichichaochangjuzishurucainengyong","46","59","39735.100","673.476","17698816","16953344","unavailable","18063360","6152192","5324800","unavailable","5324800","5324800","7147520"
"librime-1.17.0","track-a-comparison","luna_pinyin","key_sequence_process_with_context","zhegeyinqingqishiyinggaizhichichaochangjuzishurucainengyong","47","59","40081.800","679.353","16953344","17838080","unavailable","18063360","5324800","6189056","unavailable","6189056","6189056","7147520"
"librime-1.17.0","track-a-comparison","luna_pinyin","key_sequence_process_with_context","zhegeyinqingqishiyinggaizhichichaochangjuzishurucainengyong","48","59","40332.900","683.608","17838080","17768448","unavailable","18063360","6189056","6397952","unavailable","6397952","6397952","7147520"
"librime-1.17.0","track-a-comparison","luna_pinyin","key_sequence_process_with_context","zhegeyinqingqishiyinggaizhichichaochangjuzishurucainengyong","49","59","39836.700","675.198","17768448","17772544","unavailable","18063360","6397952","6184960","unavailable","6184960","6184960","7147520"
"librime-1.17.0","track-a-comparison","luna_pinyin","key_sequence_process_with_context","zhegeyinqingqishiyinggaizhichichaochangjuzishurucainengyong","50","59","39903.800","676.336","17772544","17928192","unavailable","18063360","6184960","6402048","unavailable","6402048","6402048","7147520"
"librime-1.17.0","track-a-comparison","luna_pinyin","key_sequence_process_with_context","zhegeyinqingqishiyinggaizhichichaochangjuzishurucainengyong","51","59","39766.700","674.012","17928192","17915904","unavailable","18063360","6402048","6402048","unavailable","6402048","6402048","7147520"
"librime-1.17.0","track-a-comparison","luna_pinyin","key_sequence_process_with_context","zhegeyinqingqishiyinggaizhichichaochangjuzishurucainengyong","52","59","40334.300","683.632","17915904","17731584","unavailable","18063360","6402048","6189056","unavailable","6189056","6189056","7147520"
"librime-1.17.0","track-a-comparison","luna_pinyin","key_sequence_process_with_context","zhegeyinqingqishiyinggaizhichichaochangjuzishurucainengyong","53","59","40071.200","679.173","17731584","17883136","unavailable","18063360","6189056","6397952","unavailable","6397952","6397952","7147520"
"librime-1.17.0","track-a-comparison","luna_pinyin","key_sequence_process_with_context","zhegeyinqingqishiyinggaizhichichaochangjuzishurucainengyong","54","59","40272.300","682.581","17883136","17891328","unavailable","18063360","6397952","6402048","unavailable","6402048","6402048","7147520"
"librime-1.17.0","track-a-comparison","luna_pinyin","key_sequence_process_with_context","zhegeyinqingqishiyinggaizhichichaochangjuzishurucainengyong","55","59","41521.100","703.747","17891328","17092608","unavailable","18063360","6402048","5472256","unavailable","5472256","5472256","7147520"
"librime-1.17.0","track-a-comparison","luna_pinyin","key_sequence_process_with_context","zhegeyinqingqishiyinggaizhichichaochangjuzishurucainengyong","56","59","40203.600","681.417","17092608","17842176","unavailable","18063360","5472256","6402048","unavailable","6402048","6402048","7147520"
"librime-1.17.0","track-a-comparison","luna_pinyin","key_sequence_process_with_context","zhegeyinqingqishiyinggaizhichichaochangjuzishurucainengyong","57","59","39836.300","675.192","17842176","17952768","unavailable","18063360","6402048","6402048","unavailable","6402048","6402048","7147520"
"librime-1.17.0","track-a-comparison","luna_pinyin","key_sequence_process_with_context","zhegeyinqingqishiyinggaizhichichaochangjuzishurucainengyong","58","59","40039.100","678.629","17952768","17874944","unavailable","18063360","6402048","6189056","unavailable","6189056","6189056","7147520"
"librime-1.17.0","track-a-comparison","luna_pinyin","key_sequence_process_with_context","zhegeyinqingqishiyinggaizhichichaochangjuzishurucainengyong","59","59","39427.500","668.263","17874944","16961536","unavailable","18063360","6189056","5341184","unavailable","5341184","5341184","7147520"
"librime-1.17.0","track-a-comparison","luna_pinyin","key_sequence_process_with_context","zhegeyinqingqishiyinggaizhichichaochangjuzishurucainengyong","60","59","39779.800","674.234","16961536","17788928","unavailable","18063360","5341184","6184960","unavailable","6184960","6184960","7147520"
"librime-1.17.0","track-a-comparison","luna_pinyin","key_sequence_process_with_context","zhegeyinqingqishiyinggaizhichichaochangjuzishurucainengyong","61","59","39535.100","670.086","17788928","17952768","unavailable","18063360","6184960","6402048","unavailable","6402048","6402048","7147520"
"librime-1.17.0","track-a-comparison","luna_pinyin","key_sequence_process_with_context","zhegeyinqingqishiyinggaizhichichaochangjuzishurucainengyong","62","59","40964.300","694.310","17952768","18022400","unavailable","18063360","6402048","6402048","unavailable","6402048","6402048","7147520"
"librime-1.17.0","track-a-comparison","luna_pinyin","key_sequence_process_with_context","zhegeyinqingqishiyinggaizhichichaochangjuzishurucainengyong","63","59","40939.400","693.888","18022400","16977920","unavailable","18083840","6402048","5296128","unavailable","5296128","5296128","7147520"
"librime-1.17.0","track-a-comparison","luna_pinyin","key_sequence_process_with_context","zhegeyinqingqishiyinggaizhichichaochangjuzishurucainengyong","64","59","40003.000","678.017","16977920","17870848","unavailable","18083840","5296128","6402048","unavailable","6402048","6402048","7147520"
"librime-1.17.0","track-a-comparison","luna_pinyin","key_sequence_process_with_context","zhegeyinqingqishiyinggaizhichichaochangjuzishurucainengyong","65","59","40025.200","678.393","17870848","17768448","unavailable","18083840","6402048","6189056","unavailable","6189056","6189056","7147520"
"librime-1.17.0","track-a-comparison","luna_pinyin","key_sequence_process_with_context","zhegeyinqingqishiyinggaizhichichaochangjuzishurucainengyong","66","59","40402.100","684.781","17768448","17678336","unavailable","18083840","6189056","6160384","unavailable","6160384","6160384","7147520"
"librime-1.17.0","track-a-comparison","luna_pinyin","key_sequence_process_with_context","zhegeyinqingqishiyinggaizhichichaochangjuzishurucainengyong","67","59","40007.300","678.090","17678336","17936384","unavailable","18083840","6160384","6402048","unavailable","6402048","6402048","7147520"
"librime-1.17.0","track-a-comparison","luna_pinyin","key_sequence_process_with_context","zhegeyinqingqishiyinggaizhichichaochangjuzishurucainengyong","68","59","40148.000","680.475","17936384","17731584","unavailable","18083840","6402048","6184960","unavailable","6184960","6184960","7147520"
"librime-1.17.0","track-a-comparison","luna_pinyin","key_sequence_process_with_context","zhegeyinqingqishiyinggaizhichichaochangjuzishurucainengyong","69","59","41061.300","695.954","17731584","17788928","unavailable","18083840","6184960","6275072","unavailable","6275072","6275072","7147520"
"librime-1.17.0","track-a-comparison","luna_pinyin","key_sequence_process_with_context","zhegeyinqingqishiyinggaizhichichaochangjuzishurucainengyong","70","59","40187.500","681.144","17788928","17797120","unavailable","18083840","6275072","6205440","unavailable","6205440","6205440","7147520"
"librime-1.17.0","track-a-comparison","luna_pinyin","key_sequence_process_with_context","zhegeyinqingqishiyinggaizhichichaochangjuzishurucainengyong","71","59","40050.300","678.819","17797120","17772544","unavailable","18083840","6205440","6189056","unavailable","6189056","6189056","7147520"
"librime-1.17.0","track-a-comparison","luna_pinyin","key_sequence_process_with_context","zhegeyinqingqishiyinggaizhichichaochangjuzishurucainengyong","72","59","40194.500","681.263","17772544","17104896","unavailable","18083840","6189056","5394432","unavailable","5394432","5394432","7147520"
"librime-1.17.0","track-a-comparison","luna_pinyin","key_sequence_process_with_context","zhegeyinqingqishiyinggaizhichichaochangjuzishurucainengyong","73","59","41475.200","702.969","17104896","17780736","unavailable","18083840","5394432","6189056","unavailable","6189056","6189056","7147520"
"librime-1.17.0","track-a-comparison","luna_pinyin","key_sequence_process_with_context","zhegeyinqingqishiyinggaizhichichaochangjuzishurucainengyong","74","59","40787.900","691.320","17780736","17788928","unavailable","18083840","6189056","6189056","unavailable","6189056","6189056","7147520"
"librime-1.17.0","track-a-comparison","luna_pinyin","key_sequence_process_with_context","zhegeyinqingqishiyinggaizhichichaochangjuzishurucainengyong","75","59","41279.800","699.658","17788928","17727488","unavailable","18083840","6189056","6189056","unavailable","6189056","6189056","7147520"
"librime-1.17.0","track-a-comparison","luna_pinyin","key_sequence_process_with_context","zhegeyinqingqishiyinggaizhichichaochangjuzishurucainengyong","76","59","40505.200","686.529","17727488","17711104","unavailable","18083840","6189056","6189056","unavailable","6189056","6189056","7147520"
"librime-1.17.0","track-a-comparison","luna_pinyin","key_sequence_process_with_context","zhegeyinqingqishiyinggaizhichichaochangjuzishurucainengyong","77","59","40669.400","689.312","17711104","17846272","unavailable","18083840","6189056","6189056","unavailable","6189056","6189056","7147520"
"librime-1.17.0","track-a-comparison","luna_pinyin","key_sequence_process_with_context","zhegeyinqingqishiyinggaizhichichaochangjuzishurucainengyong","78","59","40000.000","677.966","17850368","17080320","unavailable","18083840","6189056","5382144","unavailable","5382144","5382144","7147520"
"librime-1.17.0","track-a-comparison","luna_pinyin","key_sequence_process_with_context","zhegeyinqingqishiyinggaizhichichaochangjuzishurucainengyong","79","59","40256.800","682.319","17080320","17666048","unavailable","18083840","5382144","6184960","unavailable","6184960","6184960","7147520"
"yune","track-a-comparison","luna_pinyin","startup_warm_shared_assets_runtime_ready","","0","1","2965196.200","2965196.200","4198400","172929024","173051904","188755968","692224","188534784","188534784","188534784","188534784","205099008"
"yune","track-a-comparison","luna_pinyin","startup_warm_shared_assets_runtime_ready","","1","1","24088.400","24088.400","173084672","174895104","173645824","188755968","188534784","190189568","188604416","190189568","190189568","205099008"
"yune","track-a-comparison","luna_pinyin","startup_warm_shared_assets_runtime_ready","","2","1","23578.900","23578.900","173649920","174366720","174366720","188755968","188604416","189231104","189231104","189231104","189231104","205099008"
"yune","track-a-comparison","luna_pinyin","startup_warm_shared_assets_runtime_ready","","3","1","23798.600","23798.600","174366720","173805568","173809664","188755968","189231104","188604416","188604416","188604416","188604416","205099008"
"yune","track-a-comparison","luna_pinyin","startup_warm_shared_assets_runtime_ready","","4","1","23648.200","23648.200","173809664","175054848","173805568","188755968","188604416","190189568","188604416","190189568","190189568","205099008"
"yune","track-a-comparison","luna_pinyin","startup_warm_shared_assets_runtime_ready","","5","1","24458.000","24458.000","173805568","175067136","173817856","188755968","188604416","190189568","188604416","190189568","190189568","205099008"
"yune","track-a-comparison","luna_pinyin","startup_warm_shared_assets_runtime_ready","","6","1","24219.700","24219.700","173817856","174440448","174440448","188755968","188604416","189231104","189231104","189231104","189231104","205099008"
"yune","track-a-comparison","luna_pinyin","startup_warm_shared_assets_runtime_ready","","7","1","24116.000","24116.000","174440448","173821952","173821952","188755968","189231104","188604416","188604416","188604416","188604416","205099008"
"yune","track-a-comparison","luna_pinyin","startup_warm_shared_assets_runtime_ready","","8","1","23442.500","23442.500","173821952","174444544","174444544","188755968","188604416","189231104","189231104","189231104","189231104","205099008"
"yune","track-a-comparison","luna_pinyin","session_create_select_destroy","","0","1","23908.900","23908.900","174444544","173817856","unavailable","188755968","189231104","188604416","unavailable","188604416","188604416","205099008"
"yune","track-a-comparison","luna_pinyin","session_create_select_destroy","","1","1","23961.000","23961.000","173817856","173817856","unavailable","188755968","188604416","188604416","unavailable","188604416","188604416","205099008"
"yune","track-a-comparison","luna_pinyin","session_create_select_destroy","","2","1","23915.800","23915.800","173817856","173846528","unavailable","188755968","188604416","188608512","unavailable","188608512","188608512","205099008"
"yune","track-a-comparison","luna_pinyin","session_create_select_destroy","","3","1","23713.200","23713.200","173846528","174489600","unavailable","188755968","188608512","189235200","unavailable","189235200","189235200","205099008"
"yune","track-a-comparison","luna_pinyin","session_create_select_destroy","","4","1","24116.400","24116.400","174489600","173891584","unavailable","188755968","189235200","188608512","unavailable","188608512","188608512","205099008"
"yune","track-a-comparison","luna_pinyin","session_create_select_destroy","","5","1","23741.800","23741.800","173891584","174510080","unavailable","188755968","188608512","189235200","unavailable","189235200","189235200","205099008"
"yune","track-a-comparison","luna_pinyin","session_create_select_destroy","","6","1","24030.400","24030.400","174510080","173871104","unavailable","188755968","189235200","188608512","unavailable","188608512","188608512","205099008"
"yune","track-a-comparison","luna_pinyin","session_create_select_destroy","","7","1","23898.300","23898.300","173871104","174505984","unavailable","188755968","188608512","189235200","unavailable","189235200","189235200","205099008"
"yune","track-a-comparison","luna_pinyin","session_create_select_destroy","","8","1","24486.700","24486.700","174505984","173920256","unavailable","188755968","189235200","188608512","unavailable","188608512","188608512","205099008"
"yune","track-a-comparison","luna_pinyin","session_create_select_destroy","","9","1","23943.300","23943.300","173920256","174551040","unavailable","188755968","188608512","189235200","unavailable","189235200","189235200","205099008"
"yune","track-a-comparison","luna_pinyin","session_create_select_destroy","","10","1","24032.000","24032.000","174551040","173953024","unavailable","188755968","189235200","188608512","unavailable","188608512","188608512","205099008"
"yune","track-a-comparison","luna_pinyin","session_create_select_destroy","","11","1","32640.400","32640.400","173953024","174620672","unavailable","188755968","188608512","189403136","unavailable","189403136","189403136","205099008"
"yune","track-a-comparison","luna_pinyin","session_create_select_destroy","","12","1","23724.500","23724.500","174620672","174620672","unavailable","188755968","189403136","189403136","unavailable","189403136","189403136","205099008"
"yune","track-a-comparison","luna_pinyin","session_create_select_destroy","","13","1","23742.200","23742.200","174620672","174616576","unavailable","188755968","189403136","189403136","unavailable","189403136","189403136","205099008"
"yune","track-a-comparison","luna_pinyin","session_create_select_destroy","","14","1","23710.400","23710.400","174616576","174616576","unavailable","188755968","189403136","189403136","unavailable","189403136","189403136","205099008"
"yune","track-a-comparison","luna_pinyin","session_create_select_destroy","","15","1","24015.000","24015.000","174616576","174620672","unavailable","188755968","189403136","189403136","unavailable","189403136","189403136","205099008"
"yune","track-a-comparison","luna_pinyin","session_create_select_destroy","","16","1","23760.700","23760.700","174624768","174612480","unavailable","188755968","189403136","189403136","unavailable","189403136","189403136","205099008"
"yune","track-a-comparison","luna_pinyin","session_create_select_destroy","","17","1","24276.400","24276.400","174612480","174645248","unavailable","188755968","189403136","189403136","unavailable","189403136","189403136","205099008"
"yune","track-a-comparison","luna_pinyin","session_create_select_destroy","","18","1","23684.400","23684.400","174645248","174653440","unavailable","188755968","189403136","189403136","unavailable","189403136","189403136","205099008"
"yune","track-a-comparison","luna_pinyin","session_create_select_destroy","","19","1","23474.400","23474.400","174653440","174649344","unavailable","188755968","189403136","189403136","unavailable","189403136","189403136","205099008"
"yune","track-a-comparison","luna_pinyin","session_create_select_destroy","","20","1","23490.800","23490.800","174649344","174645248","unavailable","188755968","189403136","189403136","unavailable","189403136","189403136","205099008"
"yune","track-a-comparison","luna_pinyin","session_create_select_destroy","","21","1","23589.700","23589.700","174645248","174706688","unavailable","188755968","189403136","189403136","unavailable","189403136","189403136","205099008"
"yune","track-a-comparison","luna_pinyin","session_create_select_destroy","","22","1","23466.100","23466.100","174706688","174706688","unavailable","188755968","189403136","189403136","unavailable","189403136","189403136","205099008"
"yune","track-a-comparison","luna_pinyin","session_create_select_destroy","","23","1","23323.200","23323.200","174706688","174706688","unavailable","188755968","189403136","189403136","unavailable","189403136","189403136","205099008"
"yune","track-a-comparison","luna_pinyin","session_create_select_destroy","","24","1","23484.000","23484.000","174706688","174710784","unavailable","188755968","189403136","189403136","unavailable","189403136","189403136","205099008"
"yune","track-a-comparison","luna_pinyin","session_create_select_destroy","","25","1","23553.500","23553.500","174710784","174694400","unavailable","188755968","189403136","189403136","unavailable","189403136","189403136","205099008"
"yune","track-a-comparison","luna_pinyin","session_create_select_destroy","","26","1","23292.700","23292.700","174694400","174706688","unavailable","188755968","189403136","189403136","unavailable","189403136","189403136","205099008"
"yune","track-a-comparison","luna_pinyin","session_create_select_destroy","","27","1","23479.200","23479.200","174706688","174714880","unavailable","188755968","189403136","189403136","unavailable","189403136","189403136","205099008"
"yune","track-a-comparison","luna_pinyin","session_create_select_destroy","","28","1","23543.300","23543.300","174714880","174702592","unavailable","188755968","189403136","189403136","unavailable","189403136","189403136","205099008"
"yune","track-a-comparison","luna_pinyin","session_create_select_destroy","","29","1","23639.400","23639.400","174702592","174706688","unavailable","188755968","189403136","189403136","unavailable","189403136","189403136","205099008"
"yune","track-a-comparison","luna_pinyin","session_create_select_destroy","","30","1","23956.400","23956.400","174706688","174747648","unavailable","188755968","189403136","189403136","unavailable","189403136","189403136","205099008"
"yune","track-a-comparison","luna_pinyin","session_create_select_destroy","","31","1","23825.400","23825.400","174747648","174747648","unavailable","188755968","189403136","189403136","unavailable","189403136","189403136","205099008"
"yune","track-a-comparison","luna_pinyin","session_create_select_destroy","","32","1","24089.100","24089.100","174747648","174739456","unavailable","188755968","189403136","189403136","unavailable","189403136","189403136","205099008"
"yune","track-a-comparison","luna_pinyin","session_create_select_destroy","","33","1","23695.100","23695.100","174739456","174735360","unavailable","188755968","189403136","189403136","unavailable","189403136","189403136","205099008"
"yune","track-a-comparison","luna_pinyin","session_create_select_destroy","","34","1","24285.500","24285.500","174735360","174153728","unavailable","188755968","189403136","188788736","unavailable","188788736","188788736","205099008"
"yune","track-a-comparison","luna_pinyin","session_create_select_destroy","","35","1","23721.200","23721.200","174153728","174891008","unavailable","188755968","188788736","189579264","unavailable","189579264","189579264","205099008"
"yune","track-a-comparison","luna_pinyin","session_create_select_destroy","","36","1","23830.300","23830.300","174891008","174899200","unavailable","188755968","189579264","189579264","unavailable","189579264","189579264","205099008"
"yune","track-a-comparison","luna_pinyin","session_create_select_destroy","","37","1","23816.400","23816.400","174899200","174907392","unavailable","188755968","189579264","189579264","unavailable","189579264","189579264","205099008"
"yune","track-a-comparison","luna_pinyin","session_create_select_destroy","","38","1","24313.200","24313.200","174907392","174956544","unavailable","188755968","189579264","189579264","unavailable","189579264","189579264","205099008"
"yune","track-a-comparison","luna_pinyin","session_create_select_destroy","","39","1","23845.700","23845.700","174956544","174960640","unavailable","188755968","189579264","189579264","unavailable","189579264","189579264","205099008"
"yune","track-a-comparison","luna_pinyin","session_create_select_destroy","","40","1","23655.300","23655.300","174960640","174960640","unavailable","188755968","189579264","189579264","unavailable","189579264","189579264","205099008"
"yune","track-a-comparison","luna_pinyin","session_create_select_destroy","","41","1","23524.400","23524.400","174960640","174952448","unavailable","188755968","189579264","189579264","unavailable","189579264","189579264","205099008"
"yune","track-a-comparison","luna_pinyin","session_create_select_destroy","","42","1","23590.800","23590.800","174952448","174964736","unavailable","188755968","189579264","189579264","unavailable","189579264","189579264","205099008"
"yune","track-a-comparison","luna_pinyin","session_create_select_destroy","","43","1","23553.500","23553.500","174964736","174956544","unavailable","188755968","189579264","189579264","unavailable","189579264","189579264","205099008"
"yune","track-a-comparison","luna_pinyin","session_create_select_destroy","","44","1","24274.800","24274.800","174956544","175611904","unavailable","188755968","189579264","190369792","unavailable","190369792","190369792","205099008"
"yune","track-a-comparison","luna_pinyin","session_create_select_destroy","","45","1","23785.300","23785.300","175611904","175738880","unavailable","188755968","190369792","190369792","unavailable","190369792","190369792","205099008"
"yune","track-a-comparison","luna_pinyin","session_create_select_destroy","","46","1","23927.800","23927.800","175738880","175853568","unavailable","188755968","190369792","190369792","unavailable","190369792","190369792","205099008"
"yune","track-a-comparison","luna_pinyin","session_create_select_destroy","","47","1","23898.700","23898.700","175853568","175849472","unavailable","188755968","190369792","190369792","unavailable","190369792","190369792","205099008"
"yune","track-a-comparison","luna_pinyin","session_create_select_destroy","","48","1","24239.800","24239.800","175849472","175857664","unavailable","188755968","190369792","190369792","unavailable","190369792","190369792","205099008"
"yune","track-a-comparison","luna_pinyin","session_create_select_destroy","","49","1","24312.000","24312.000","175857664","175869952","unavailable","188755968","190369792","190369792","unavailable","190369792","190369792","205099008"
"yune","track-a-comparison","luna_pinyin","session_create_select_destroy","","50","1","23843.200","23843.200","175869952","175869952","unavailable","188755968","190369792","190369792","unavailable","190369792","190369792","205099008"
"yune","track-a-comparison","luna_pinyin","session_create_select_destroy","","51","1","23709.900","23709.900","175869952","175865856","unavailable","188755968","190369792","190369792","unavailable","190369792","190369792","205099008"
"yune","track-a-comparison","luna_pinyin","session_create_select_destroy","","52","1","23726.300","23726.300","175865856","175874048","unavailable","188755968","190369792","190369792","unavailable","190369792","190369792","205099008"
"yune","track-a-comparison","luna_pinyin","session_create_select_destroy","","53","1","23726.000","23726.000","175874048","175886336","unavailable","188755968","190369792","190369792","unavailable","190369792","190369792","205099008"
"yune","track-a-comparison","luna_pinyin","session_create_select_destroy","","54","1","23743.500","23743.500","175886336","175886336","unavailable","188755968","190369792","190369792","unavailable","190369792","190369792","205099008"
"yune","track-a-comparison","luna_pinyin","session_create_select_destroy","","55","1","23622.100","23622.100","175886336","175882240","unavailable","188755968","190369792","190369792","unavailable","190369792","190369792","205099008"
"yune","track-a-comparison","luna_pinyin","session_create_select_destroy","","56","1","23583.500","23583.500","175882240","175890432","unavailable","188755968","190369792","190369792","unavailable","190369792","190369792","205099008"
"yune","track-a-comparison","luna_pinyin","session_create_select_destroy","","57","1","23776.100","23776.100","175890432","176533504","unavailable","188755968","190369792","191164416","unavailable","191164416","191164416","205099008"
"yune","track-a-comparison","luna_pinyin","session_create_select_destroy","","58","1","23607.300","23607.300","176533504","176545792","unavailable","188755968","191164416","191164416","unavailable","191164416","191164416","205099008"
"yune","track-a-comparison","luna_pinyin","session_create_select_destroy","","59","1","23680.900","23680.900","176545792","176656384","unavailable","188755968","191164416","191164416","unavailable","191164416","191164416","205099008"
"yune","track-a-comparison","luna_pinyin","key_sequence_process_with_context","n","0","1","65.700","65.700","176766976","176771072","unavailable","188755968","191164416","191164416","unavailable","191164416","191164416","205099008"
"yune","track-a-comparison","luna_pinyin","key_sequence_process_with_context","n","1","1","66.100","66.100","176771072","176771072","unavailable","188755968","191164416","191164416","unavailable","191164416","191164416","205099008"
"yune","track-a-comparison","luna_pinyin","key_sequence_process_with_context","n","2","1","78.400","78.400","176771072","176771072","unavailable","188755968","191164416","191164416","unavailable","191164416","191164416","205099008"
"yune","track-a-comparison","luna_pinyin","key_sequence_process_with_context","n","3","1","61.500","61.500","176771072","176771072","unavailable","188755968","191164416","191164416","unavailable","191164416","191164416","205099008"
"yune","track-a-comparison","luna_pinyin","key_sequence_process_with_context","n","4","1","58.700","58.700","176771072","176771072","unavailable","188755968","191164416","191164416","unavailable","191164416","191164416","205099008"
"yune","track-a-comparison","luna_pinyin","key_sequence_process_with_context","n","5","1","58.500","58.500","176771072","176771072","unavailable","188755968","191164416","191164416","unavailable","191164416","191164416","205099008"
"yune","track-a-comparison","luna_pinyin","key_sequence_process_with_context","n","6","1","58.800","58.800","176771072","176771072","unavailable","188755968","191164416","191164416","unavailable","191164416","191164416","205099008"
"yune","track-a-comparison","luna_pinyin","key_sequence_process_with_context","n","7","1","59.400","59.400","176771072","176771072","unavailable","188755968","191164416","191164416","unavailable","191164416","191164416","205099008"
"yune","track-a-comparison","luna_pinyin","key_sequence_process_with_context","n","8","1","59.100","59.100","176771072","176771072","unavailable","188755968","191164416","191164416","unavailable","191164416","191164416","205099008"
"yune","track-a-comparison","luna_pinyin","key_sequence_process_with_context","n","9","1","62.400","62.400","176771072","176771072","unavailable","188755968","191164416","191164416","unavailable","191164416","191164416","205099008"
"yune","track-a-comparison","luna_pinyin","key_sequence_process_with_context","n","10","1","58.400","58.400","176771072","176771072","unavailable","188755968","191164416","191164416","unavailable","191164416","191164416","205099008"
"yune","track-a-comparison","luna_pinyin","key_sequence_process_with_context","n","11","1","57.900","57.900","176771072","176771072","unavailable","188755968","191164416","191164416","unavailable","191164416","191164416","205099008"
"yune","track-a-comparison","luna_pinyin","key_sequence_process_with_context","n","12","1","58.500","58.500","176771072","176771072","unavailable","188755968","191164416","191164416","unavailable","191164416","191164416","205099008"
"yune","track-a-comparison","luna_pinyin","key_sequence_process_with_context","n","13","1","69.600","69.600","176771072","176771072","unavailable","188755968","191164416","191164416","unavailable","191164416","191164416","205099008"
"yune","track-a-comparison","luna_pinyin","key_sequence_process_with_context","n","14","1","58.500","58.500","176771072","176771072","unavailable","188755968","191164416","191164416","unavailable","191164416","191164416","205099008"
"yune","track-a-comparison","luna_pinyin","key_sequence_process_with_context","n","15","1","58.600","58.600","176771072","176771072","unavailable","188755968","191164416","191164416","unavailable","191164416","191164416","205099008"
"yune","track-a-comparison","luna_pinyin","key_sequence_process_with_context","n","16","1","58.600","58.600","176771072","176771072","unavailable","188755968","191164416","191164416","unavailable","191164416","191164416","205099008"
"yune","track-a-comparison","luna_pinyin","key_sequence_process_with_context","n","17","1","59.200","59.200","176771072","176771072","unavailable","188755968","191164416","191164416","unavailable","191164416","191164416","205099008"
"yune","track-a-comparison","luna_pinyin","key_sequence_process_with_context","n","18","1","58.400","58.400","176771072","176771072","unavailable","188755968","191164416","191164416","unavailable","191164416","191164416","205099008"
"yune","track-a-comparison","luna_pinyin","key_sequence_process_with_context","n","19","1","59.000","59.000","176771072","176771072","unavailable","188755968","191164416","191164416","unavailable","191164416","191164416","205099008"
"yune","track-a-comparison","luna_pinyin","key_sequence_process_with_context","n","20","1","58.500","58.500","176771072","176771072","unavailable","188755968","191164416","191164416","unavailable","191164416","191164416","205099008"
"yune","track-a-comparison","luna_pinyin","key_sequence_process_with_context","n","21","1","59.000","59.000","176771072","176771072","unavailable","188755968","191164416","191164416","unavailable","191164416","191164416","205099008"
"yune","track-a-comparison","luna_pinyin","key_sequence_process_with_context","n","22","1","59.200","59.200","176771072","176771072","unavailable","188755968","191164416","191164416","unavailable","191164416","191164416","205099008"
"yune","track-a-comparison","luna_pinyin","key_sequence_process_with_context","n","23","1","59.100","59.100","176771072","176771072","unavailable","188755968","191164416","191164416","unavailable","191164416","191164416","205099008"
"yune","track-a-comparison","luna_pinyin","key_sequence_process_with_context","n","24","1","59.000","59.000","176771072","176771072","unavailable","188755968","191164416","191164416","unavailable","191164416","191164416","205099008"
"yune","track-a-comparison","luna_pinyin","key_sequence_process_with_context","n","25","1","62.000","62.000","176771072","176771072","unavailable","188755968","191164416","191164416","unavailable","191164416","191164416","205099008"
"yune","track-a-comparison","luna_pinyin","key_sequence_process_with_context","n","26","1","60.400","60.400","176771072","176771072","unavailable","188755968","191164416","191164416","unavailable","191164416","191164416","205099008"
"yune","track-a-comparison","luna_pinyin","key_sequence_process_with_context","n","27","1","59.800","59.800","176771072","176771072","unavailable","188755968","191164416","191164416","unavailable","191164416","191164416","205099008"
"yune","track-a-comparison","luna_pinyin","key_sequence_process_with_context","n","28","1","58.100","58.100","176771072","176771072","unavailable","188755968","191164416","191164416","unavailable","191164416","191164416","205099008"
"yune","track-a-comparison","luna_pinyin","key_sequence_process_with_context","n","29","1","59.800","59.800","176771072","176771072","unavailable","188755968","191164416","191164416","unavailable","191164416","191164416","205099008"
"yune","track-a-comparison","luna_pinyin","key_sequence_process_with_context","n","30","1","58.400","58.400","176771072","176771072","unavailable","188755968","191164416","191164416","unavailable","191164416","191164416","205099008"
"yune","track-a-comparison","luna_pinyin","key_sequence_process_with_context","n","31","1","57.600","57.600","176771072","176771072","unavailable","188755968","191164416","191164416","unavailable","191164416","191164416","205099008"
"yune","track-a-comparison","luna_pinyin","key_sequence_process_with_context","n","32","1","61.000","61.000","176771072","176771072","unavailable","188755968","191164416","191164416","unavailable","191164416","191164416","205099008"
"yune","track-a-comparison","luna_pinyin","key_sequence_process_with_context","n","33","1","58.300","58.300","176771072","176771072","unavailable","188755968","191164416","191164416","unavailable","191164416","191164416","205099008"
"yune","track-a-comparison","luna_pinyin","key_sequence_process_with_context","n","34","1","58.300","58.300","176771072","176771072","unavailable","188755968","191164416","191164416","unavailable","191164416","191164416","205099008"
"yune","track-a-comparison","luna_pinyin","key_sequence_process_with_context","n","35","1","58.000","58.000","176771072","176771072","unavailable","188755968","191164416","191164416","unavailable","191164416","191164416","205099008"
"yune","track-a-comparison","luna_pinyin","key_sequence_process_with_context","n","36","1","66.600","66.600","176771072","176771072","unavailable","188755968","191164416","191164416","unavailable","191164416","191164416","205099008"
"yune","track-a-comparison","luna_pinyin","key_sequence_process_with_context","n","37","1","63.400","63.400","176771072","176771072","unavailable","188755968","191164416","191164416","unavailable","191164416","191164416","205099008"
"yune","track-a-comparison","luna_pinyin","key_sequence_process_with_context","n","38","1","60.200","60.200","176771072","176771072","unavailable","188755968","191164416","191164416","unavailable","191164416","191164416","205099008"
"yune","track-a-comparison","luna_pinyin","key_sequence_process_with_context","n","39","1","59.500","59.500","176771072","176771072","unavailable","188755968","191164416","191164416","unavailable","191164416","191164416","205099008"
"yune","track-a-comparison","luna_pinyin","key_sequence_process_with_context","n","40","1","59.100","59.100","176771072","176771072","unavailable","188755968","191164416","191164416","unavailable","191164416","191164416","205099008"
"yune","track-a-comparison","luna_pinyin","key_sequence_process_with_context","n","41","1","58.600","58.600","176771072","176771072","unavailable","188755968","191164416","191164416","unavailable","191164416","191164416","205099008"
"yune","track-a-comparison","luna_pinyin","key_sequence_process_with_context","n","42","1","58.200","58.200","176771072","176771072","unavailable","188755968","191164416","191164416","unavailable","191164416","191164416","205099008"
"yune","track-a-comparison","luna_pinyin","key_sequence_process_with_context","n","43","1","58.400","58.400","176771072","176771072","unavailable","188755968","191164416","191164416","unavailable","191164416","191164416","205099008"
"yune","track-a-comparison","luna_pinyin","key_sequence_process_with_context","n","44","1","59.100","59.100","176771072","176771072","unavailable","188755968","191164416","191164416","unavailable","191164416","191164416","205099008"
"yune","track-a-comparison","luna_pinyin","key_sequence_process_with_context","n","45","1","58.700","58.700","176771072","176771072","unavailable","188755968","191164416","191164416","unavailable","191164416","191164416","205099008"
"yune","track-a-comparison","luna_pinyin","key_sequence_process_with_context","n","46","1","58.700","58.700","176771072","176771072","unavailable","188755968","191164416","191164416","unavailable","191164416","191164416","205099008"
"yune","track-a-comparison","luna_pinyin","key_sequence_process_with_context","n","47","1","67.900","67.900","176771072","176771072","unavailable","188755968","191164416","191164416","unavailable","191164416","191164416","205099008"
"yune","track-a-comparison","luna_pinyin","key_sequence_process_with_context","n","48","1","59.400","59.400","176771072","176766976","unavailable","188755968","191164416","191164416","unavailable","191164416","191164416","205099008"
"yune","track-a-comparison","luna_pinyin","key_sequence_process_with_context","n","49","1","59.100","59.100","176766976","176766976","unavailable","188755968","191164416","191164416","unavailable","191164416","191164416","205099008"
"yune","track-a-comparison","luna_pinyin","key_sequence_process_with_context","n","50","1","59.800","59.800","176766976","176766976","unavailable","188755968","191164416","191164416","unavailable","191164416","191164416","205099008"
"yune","track-a-comparison","luna_pinyin","key_sequence_process_with_context","n","51","1","65.700","65.700","176766976","176766976","unavailable","188755968","191164416","191164416","unavailable","191164416","191164416","205099008"
"yune","track-a-comparison","luna_pinyin","key_sequence_process_with_context","n","52","1","60.600","60.600","176766976","176766976","unavailable","188755968","191164416","191164416","unavailable","191164416","191164416","205099008"
"yune","track-a-comparison","luna_pinyin","key_sequence_process_with_context","n","53","1","62.900","62.900","176766976","176762880","unavailable","188755968","191164416","191164416","unavailable","191164416","191164416","205099008"
"yune","track-a-comparison","luna_pinyin","key_sequence_process_with_context","n","54","1","61.200","61.200","176762880","176762880","unavailable","188755968","191164416","191164416","unavailable","191164416","191164416","205099008"
"yune","track-a-comparison","luna_pinyin","key_sequence_process_with_context","n","55","1","58.400","58.400","176762880","176762880","unavailable","188755968","191164416","191164416","unavailable","191164416","191164416","205099008"
"yune","track-a-comparison","luna_pinyin","key_sequence_process_with_context","n","56","1","58.500","58.500","176762880","176762880","unavailable","188755968","191164416","191164416","unavailable","191164416","191164416","205099008"
"yune","track-a-comparison","luna_pinyin","key_sequence_process_with_context","n","57","1","58.100","58.100","176762880","176762880","unavailable","188755968","191164416","191164416","unavailable","191164416","191164416","205099008"
"yune","track-a-comparison","luna_pinyin","key_sequence_process_with_context","n","58","1","66.800","66.800","176762880","176762880","unavailable","188755968","191164416","191164416","unavailable","191164416","191164416","205099008"
"yune","track-a-comparison","luna_pinyin","key_sequence_process_with_context","n","59","1","58.200","58.200","176762880","176762880","unavailable","188755968","191164416","191164416","unavailable","191164416","191164416","205099008"
"yune","track-a-comparison","luna_pinyin","key_sequence_process_with_context","n","60","1","58.400","58.400","176762880","176762880","unavailable","188755968","191164416","191164416","unavailable","191164416","191164416","205099008"
"yune","track-a-comparison","luna_pinyin","key_sequence_process_with_context","n","61","1","58.400","58.400","176762880","176762880","unavailable","188755968","191164416","191164416","unavailable","191164416","191164416","205099008"
"yune","track-a-comparison","luna_pinyin","key_sequence_process_with_context","n","62","1","58.200","58.200","176762880","176762880","unavailable","188755968","191164416","191164416","unavailable","191164416","191164416","205099008"
"yune","track-a-comparison","luna_pinyin","key_sequence_process_with_context","n","63","1","58.400","58.400","176762880","176762880","unavailable","188755968","191164416","191164416","unavailable","191164416","191164416","205099008"
"yune","track-a-comparison","luna_pinyin","key_sequence_process_with_context","n","64","1","58.300","58.300","176762880","176762880","unavailable","188755968","191164416","191164416","unavailable","191164416","191164416","205099008"
"yune","track-a-comparison","luna_pinyin","key_sequence_process_with_context","n","65","1","58.100","58.100","176762880","176762880","unavailable","188755968","191164416","191164416","unavailable","191164416","191164416","205099008"
"yune","track-a-comparison","luna_pinyin","key_sequence_process_with_context","n","66","1","58.100","58.100","176762880","176762880","unavailable","188755968","191164416","191164416","unavailable","191164416","191164416","205099008"
"yune","track-a-comparison","luna_pinyin","key_sequence_process_with_context","n","67","1","58.300","58.300","176762880","176762880","unavailable","188755968","191164416","191164416","unavailable","191164416","191164416","205099008"
"yune","track-a-comparison","luna_pinyin","key_sequence_process_with_context","n","68","1","58.300","58.300","176762880","176762880","unavailable","188755968","191164416","191164416","unavailable","191164416","191164416","205099008"
"yune","track-a-comparison","luna_pinyin","key_sequence_process_with_context","n","69","1","60.200","60.200","176762880","176762880","unavailable","188755968","191164416","191164416","unavailable","191164416","191164416","205099008"
"yune","track-a-comparison","luna_pinyin","key_sequence_process_with_context","n","70","1","60.000","60.000","176762880","176762880","unavailable","188755968","191164416","191164416","unavailable","191164416","191164416","205099008"
"yune","track-a-comparison","luna_pinyin","key_sequence_process_with_context","n","71","1","59.100","59.100","176762880","176762880","unavailable","188755968","191164416","191164416","unavailable","191164416","191164416","205099008"
"yune","track-a-comparison","luna_pinyin","key_sequence_process_with_context","n","72","1","58.500","58.500","176762880","176762880","unavailable","188755968","191164416","191164416","unavailable","191164416","191164416","205099008"
"yune","track-a-comparison","luna_pinyin","key_sequence_process_with_context","n","73","1","58.600","58.600","176762880","176762880","unavailable","188755968","191164416","191164416","unavailable","191164416","191164416","205099008"
"yune","track-a-comparison","luna_pinyin","key_sequence_process_with_context","n","74","1","59.000","59.000","176762880","176762880","unavailable","188755968","191164416","191164416","unavailable","191164416","191164416","205099008"
"yune","track-a-comparison","luna_pinyin","key_sequence_process_with_context","n","75","1","59.900","59.900","176762880","176762880","unavailable","188755968","191164416","191164416","unavailable","191164416","191164416","205099008"
"yune","track-a-comparison","luna_pinyin","key_sequence_process_with_context","n","76","1","64.500","64.500","176762880","176762880","unavailable","188755968","191164416","191164416","unavailable","191164416","191164416","205099008"
"yune","track-a-comparison","luna_pinyin","key_sequence_process_with_context","n","77","1","63.100","63.100","176762880","176762880","unavailable","188755968","191164416","191164416","unavailable","191164416","191164416","205099008"
"yune","track-a-comparison","luna_pinyin","key_sequence_process_with_context","n","78","1","59.600","59.600","176762880","176762880","unavailable","188755968","191164416","191164416","unavailable","191164416","191164416","205099008"
"yune","track-a-comparison","luna_pinyin","key_sequence_process_with_context","n","79","1","59.700","59.700","176762880","176762880","unavailable","188755968","191164416","191164416","unavailable","191164416","191164416","205099008"
"yune","track-a-comparison","luna_pinyin","key_sequence_process_with_context","ni","0","2","104.700","52.350","176791552","176791552","unavailable","188755968","191164416","191164416","unavailable","191164416","191164416","205099008"
"yune","track-a-comparison","luna_pinyin","key_sequence_process_with_context","ni","1","2","92.300","46.150","176791552","176791552","unavailable","188755968","191164416","191164416","unavailable","191164416","191164416","205099008"
"yune","track-a-comparison","luna_pinyin","key_sequence_process_with_context","ni","2","2","89.700","44.850","176791552","176791552","unavailable","188755968","191164416","191164416","unavailable","191164416","191164416","205099008"
"yune","track-a-comparison","luna_pinyin","key_sequence_process_with_context","ni","3","2","87.900","43.950","176791552","176791552","unavailable","188755968","191164416","191164416","unavailable","191164416","191164416","205099008"
"yune","track-a-comparison","luna_pinyin","key_sequence_process_with_context","ni","4","2","88.300","44.150","176791552","176791552","unavailable","188755968","191164416","191164416","unavailable","191164416","191164416","205099008"
"yune","track-a-comparison","luna_pinyin","key_sequence_process_with_context","ni","5","2","87.600","43.800","176791552","176791552","unavailable","188755968","191164416","191164416","unavailable","191164416","191164416","205099008"
"yune","track-a-comparison","luna_pinyin","key_sequence_process_with_context","ni","6","2","86.800","43.400","176791552","176791552","unavailable","188755968","191164416","191164416","unavailable","191164416","191164416","205099008"
"yune","track-a-comparison","luna_pinyin","key_sequence_process_with_context","ni","7","2","87.600","43.800","176791552","176791552","unavailable","188755968","191164416","191164416","unavailable","191164416","191164416","205099008"
"yune","track-a-comparison","luna_pinyin","key_sequence_process_with_context","ni","8","2","97.300","48.650","176791552","176791552","unavailable","188755968","191164416","191164416","unavailable","191164416","191164416","205099008"
"yune","track-a-comparison","luna_pinyin","key_sequence_process_with_context","ni","9","2","88.800","44.400","176791552","176791552","unavailable","188755968","191164416","191164416","unavailable","191164416","191164416","205099008"
"yune","track-a-comparison","luna_pinyin","key_sequence_process_with_context","ni","10","2","86.100","43.050","176791552","176791552","unavailable","188755968","191164416","191164416","unavailable","191164416","191164416","205099008"
"yune","track-a-comparison","luna_pinyin","key_sequence_process_with_context","ni","11","2","86.800","43.400","176791552","176791552","unavailable","188755968","191164416","191164416","unavailable","191164416","191164416","205099008"
"yune","track-a-comparison","luna_pinyin","key_sequence_process_with_context","ni","12","2","86.200","43.100","176791552","176791552","unavailable","188755968","191164416","191164416","unavailable","191164416","191164416","205099008"
"yune","track-a-comparison","luna_pinyin","key_sequence_process_with_context","ni","13","2","85.800","42.900","176791552","176791552","unavailable","188755968","191164416","191164416","unavailable","191164416","191164416","205099008"
"yune","track-a-comparison","luna_pinyin","key_sequence_process_with_context","ni","14","2","85.500","42.750","176791552","176791552","unavailable","188755968","191164416","191164416","unavailable","191164416","191164416","205099008"
"yune","track-a-comparison","luna_pinyin","key_sequence_process_with_context","ni","15","2","85.800","42.900","176791552","176791552","unavailable","188755968","191164416","191164416","unavailable","191164416","191164416","205099008"
"yune","track-a-comparison","luna_pinyin","key_sequence_process_with_context","ni","16","2","85.600","42.800","176791552","176791552","unavailable","188755968","191164416","191164416","unavailable","191164416","191164416","205099008"
"yune","track-a-comparison","luna_pinyin","key_sequence_process_with_context","ni","17","2","87.900","43.950","176791552","176791552","unavailable","188755968","191164416","191164416","unavailable","191164416","191164416","205099008"
"yune","track-a-comparison","luna_pinyin","key_sequence_process_with_context","ni","18","2","86.300","43.150","176791552","176791552","unavailable","188755968","191164416","191164416","unavailable","191164416","191164416","205099008"
"yune","track-a-comparison","luna_pinyin","key_sequence_process_with_context","ni","19","2","86.500","43.250","176791552","176791552","unavailable","188755968","191164416","191164416","unavailable","191164416","191164416","205099008"
"yune","track-a-comparison","luna_pinyin","key_sequence_process_with_context","ni","20","2","89.500","44.750","176791552","176791552","unavailable","188755968","191164416","191164416","unavailable","191164416","191164416","205099008"
"yune","track-a-comparison","luna_pinyin","key_sequence_process_with_context","ni","21","2","88.300","44.150","176791552","176791552","unavailable","188755968","191164416","191164416","unavailable","191164416","191164416","205099008"
"yune","track-a-comparison","luna_pinyin","key_sequence_process_with_context","ni","22","2","87.900","43.950","176791552","176791552","unavailable","188755968","191164416","191164416","unavailable","191164416","191164416","205099008"
"yune","track-a-comparison","luna_pinyin","key_sequence_process_with_context","ni","23","2","86.200","43.100","176791552","176791552","unavailable","188755968","191164416","191164416","unavailable","191164416","191164416","205099008"
"yune","track-a-comparison","luna_pinyin","key_sequence_process_with_context","ni","24","2","86.400","43.200","176791552","176791552","unavailable","188755968","191164416","191164416","unavailable","191164416","191164416","205099008"
"yune","track-a-comparison","luna_pinyin","key_sequence_process_with_context","ni","25","2","95.700","47.850","176791552","176791552","unavailable","188755968","191164416","191164416","unavailable","191164416","191164416","205099008"
"yune","track-a-comparison","luna_pinyin","key_sequence_process_with_context","ni","26","2","89.300","44.650","176791552","176791552","unavailable","188755968","191164416","191164416","unavailable","191164416","191164416","205099008"
"yune","track-a-comparison","luna_pinyin","key_sequence_process_with_context","ni","27","2","86.300","43.150","176791552","176791552","unavailable","188755968","191164416","191164416","unavailable","191164416","191164416","205099008"
"yune","track-a-comparison","luna_pinyin","key_sequence_process_with_context","ni","28","2","86.600","43.300","176791552","176791552","unavailable","188755968","191164416","191164416","unavailable","191164416","191164416","205099008"
"yune","track-a-comparison","luna_pinyin","key_sequence_process_with_context","ni","29","2","86.300","43.150","176791552","176791552","unavailable","188755968","191164416","191164416","unavailable","191164416","191164416","205099008"
"yune","track-a-comparison","luna_pinyin","key_sequence_process_with_context","ni","30","2","86.800","43.400","176791552","176791552","unavailable","188755968","191164416","191164416","unavailable","191164416","191164416","205099008"
"yune","track-a-comparison","luna_pinyin","key_sequence_process_with_context","ni","31","2","86.800","43.400","176791552","176791552","unavailable","188755968","191164416","191164416","unavailable","191164416","191164416","205099008"
"yune","track-a-comparison","luna_pinyin","key_sequence_process_with_context","ni","32","2","87.600","43.800","176791552","176791552","unavailable","188755968","191164416","191164416","unavailable","191164416","191164416","205099008"
"yune","track-a-comparison","luna_pinyin","key_sequence_process_with_context","ni","33","2","86.700","43.350","176791552","176791552","unavailable","188755968","191164416","191164416","unavailable","191164416","191164416","205099008"
"yune","track-a-comparison","luna_pinyin","key_sequence_process_with_context","ni","34","2","87.400","43.700","176791552","176791552","unavailable","188755968","191164416","191164416","unavailable","191164416","191164416","205099008"
"yune","track-a-comparison","luna_pinyin","key_sequence_process_with_context","ni","35","2","87.000","43.500","176791552","176791552","unavailable","188755968","191164416","191164416","unavailable","191164416","191164416","205099008"
"yune","track-a-comparison","luna_pinyin","key_sequence_process_with_context","ni","36","2","86.000","43.000","176791552","176791552","unavailable","188755968","191164416","191164416","unavailable","191164416","191164416","205099008"
"yune","track-a-comparison","luna_pinyin","key_sequence_process_with_context","ni","37","2","86.800","43.400","176791552","176791552","unavailable","188755968","191164416","191164416","unavailable","191164416","191164416","205099008"
"yune","track-a-comparison","luna_pinyin","key_sequence_process_with_context","ni","38","2","86.400","43.200","176791552","176791552","unavailable","188755968","191164416","191164416","unavailable","191164416","191164416","205099008"
"yune","track-a-comparison","luna_pinyin","key_sequence_process_with_context","ni","39","2","86.100","43.050","176791552","176791552","unavailable","188755968","191164416","191164416","unavailable","191164416","191164416","205099008"
"yune","track-a-comparison","luna_pinyin","key_sequence_process_with_context","ni","40","2","85.900","42.950","176791552","176791552","unavailable","188755968","191164416","191164416","unavailable","191164416","191164416","205099008"
"yune","track-a-comparison","luna_pinyin","key_sequence_process_with_context","ni","41","2","89.200","44.600","176791552","176791552","unavailable","188755968","191164416","191164416","unavailable","191164416","191164416","205099008"
"yune","track-a-comparison","luna_pinyin","key_sequence_process_with_context","ni","42","2","94.800","47.400","176791552","176791552","unavailable","188755968","191164416","191164416","unavailable","191164416","191164416","205099008"
"yune","track-a-comparison","luna_pinyin","key_sequence_process_with_context","ni","43","2","86.900","43.450","176791552","176791552","unavailable","188755968","191164416","191164416","unavailable","191164416","191164416","205099008"
"yune","track-a-comparison","luna_pinyin","key_sequence_process_with_context","ni","44","2","86.200","43.100","176791552","176791552","unavailable","188755968","191164416","191164416","unavailable","191164416","191164416","205099008"
"yune","track-a-comparison","luna_pinyin","key_sequence_process_with_context","ni","45","2","87.300","43.650","176791552","176791552","unavailable","188755968","191164416","191164416","unavailable","191164416","191164416","205099008"
"yune","track-a-comparison","luna_pinyin","key_sequence_process_with_context","ni","46","2","87.000","43.500","176791552","176791552","unavailable","188755968","191164416","191164416","unavailable","191164416","191164416","205099008"
"yune","track-a-comparison","luna_pinyin","key_sequence_process_with_context","ni","47","2","87.600","43.800","176791552","176791552","unavailable","188755968","191164416","191164416","unavailable","191164416","191164416","205099008"
"yune","track-a-comparison","luna_pinyin","key_sequence_process_with_context","ni","48","2","86.000","43.000","176791552","176791552","unavailable","188755968","191164416","191164416","unavailable","191164416","191164416","205099008"
"yune","track-a-comparison","luna_pinyin","key_sequence_process_with_context","ni","49","2","86.000","43.000","176791552","176791552","unavailable","188755968","191164416","191164416","unavailable","191164416","191164416","205099008"
"yune","track-a-comparison","luna_pinyin","key_sequence_process_with_context","ni","50","2","86.300","43.150","176791552","176791552","unavailable","188755968","191164416","191164416","unavailable","191164416","191164416","205099008"
"yune","track-a-comparison","luna_pinyin","key_sequence_process_with_context","ni","51","2","86.500","43.250","176791552","176791552","unavailable","188755968","191164416","191164416","unavailable","191164416","191164416","205099008"
"yune","track-a-comparison","luna_pinyin","key_sequence_process_with_context","ni","52","2","86.700","43.350","176791552","176791552","unavailable","188755968","191164416","191164416","unavailable","191164416","191164416","205099008"
"yune","track-a-comparison","luna_pinyin","key_sequence_process_with_context","ni","53","2","86.100","43.050","176791552","176791552","unavailable","188755968","191164416","191164416","unavailable","191164416","191164416","205099008"
"yune","track-a-comparison","luna_pinyin","key_sequence_process_with_context","ni","54","2","88.100","44.050","176791552","176791552","unavailable","188755968","191164416","191164416","unavailable","191164416","191164416","205099008"
"yune","track-a-comparison","luna_pinyin","key_sequence_process_with_context","ni","55","2","86.800","43.400","176791552","176791552","unavailable","188755968","191164416","191164416","unavailable","191164416","191164416","205099008"
"yune","track-a-comparison","luna_pinyin","key_sequence_process_with_context","ni","56","2","87.000","43.500","176791552","176791552","unavailable","188755968","191164416","191164416","unavailable","191164416","191164416","205099008"
"yune","track-a-comparison","luna_pinyin","key_sequence_process_with_context","ni","57","2","86.200","43.100","176791552","176791552","unavailable","188755968","191164416","191164416","unavailable","191164416","191164416","205099008"
"yune","track-a-comparison","luna_pinyin","key_sequence_process_with_context","ni","58","2","87.600","43.800","176791552","176791552","unavailable","188755968","191164416","191164416","unavailable","191164416","191164416","205099008"
"yune","track-a-comparison","luna_pinyin","key_sequence_process_with_context","ni","59","2","95.400","47.700","176791552","176791552","unavailable","188755968","191164416","191164416","unavailable","191164416","191164416","205099008"
"yune","track-a-comparison","luna_pinyin","key_sequence_process_with_context","ni","60","2","87.300","43.650","176791552","176791552","unavailable","188755968","191164416","191164416","unavailable","191164416","191164416","205099008"
"yune","track-a-comparison","luna_pinyin","key_sequence_process_with_context","ni","61","2","86.800","43.400","176791552","176791552","unavailable","188755968","191164416","191164416","unavailable","191164416","191164416","205099008"
"yune","track-a-comparison","luna_pinyin","key_sequence_process_with_context","ni","62","2","85.600","42.800","176791552","176791552","unavailable","188755968","191164416","191164416","unavailable","191164416","191164416","205099008"
"yune","track-a-comparison","luna_pinyin","key_sequence_process_with_context","ni","63","2","86.000","43.000","176791552","176791552","unavailable","188755968","191164416","191164416","unavailable","191164416","191164416","205099008"
"yune","track-a-comparison","luna_pinyin","key_sequence_process_with_context","ni","64","2","85.900","42.950","176791552","176791552","unavailable","188755968","191164416","191164416","unavailable","191164416","191164416","205099008"
"yune","track-a-comparison","luna_pinyin","key_sequence_process_with_context","ni","65","2","86.700","43.350","176791552","176791552","unavailable","188755968","191164416","191164416","unavailable","191164416","191164416","205099008"
"yune","track-a-comparison","luna_pinyin","key_sequence_process_with_context","ni","66","2","85.600","42.800","176791552","176791552","unavailable","188755968","191164416","191164416","unavailable","191164416","191164416","205099008"
"yune","track-a-comparison","luna_pinyin","key_sequence_process_with_context","ni","67","2","85.900","42.950","176791552","176791552","unavailable","188755968","191164416","191164416","unavailable","191164416","191164416","205099008"
"yune","track-a-comparison","luna_pinyin","key_sequence_process_with_context","ni","68","2","95.100","47.550","176791552","176791552","unavailable","188755968","191164416","191164416","unavailable","191164416","191164416","205099008"
"yune","track-a-comparison","luna_pinyin","key_sequence_process_with_context","ni","69","2","89.000","44.500","176791552","176791552","unavailable","188755968","191164416","191164416","unavailable","191164416","191164416","205099008"
"yune","track-a-comparison","luna_pinyin","key_sequence_process_with_context","ni","70","2","88.300","44.150","176791552","176791552","unavailable","188755968","191164416","191164416","unavailable","191164416","191164416","205099008"
"yune","track-a-comparison","luna_pinyin","key_sequence_process_with_context","ni","71","2","87.600","43.800","176791552","176791552","unavailable","188755968","191164416","191164416","unavailable","191164416","191164416","205099008"
"yune","track-a-comparison","luna_pinyin","key_sequence_process_with_context","ni","72","2","87.500","43.750","176791552","176791552","unavailable","188755968","191164416","191164416","unavailable","191164416","191164416","205099008"
"yune","track-a-comparison","luna_pinyin","key_sequence_process_with_context","ni","73","2","87.300","43.650","176791552","176791552","unavailable","188755968","191164416","191164416","unavailable","191164416","191164416","205099008"
"yune","track-a-comparison","luna_pinyin","key_sequence_process_with_context","ni","74","2","85.500","42.750","176791552","176787456","unavailable","188755968","191164416","191164416","unavailable","191164416","191164416","205099008"
"yune","track-a-comparison","luna_pinyin","key_sequence_process_with_context","ni","75","2","85.900","42.950","176787456","176787456","unavailable","188755968","191164416","191164416","unavailable","191164416","191164416","205099008"
"yune","track-a-comparison","luna_pinyin","key_sequence_process_with_context","ni","76","2","94.700","47.350","176787456","176787456","unavailable","188755968","191164416","191164416","unavailable","191164416","191164416","205099008"
"yune","track-a-comparison","luna_pinyin","key_sequence_process_with_context","ni","77","2","85.800","42.900","176787456","176787456","unavailable","188755968","191164416","191164416","unavailable","191164416","191164416","205099008"
"yune","track-a-comparison","luna_pinyin","key_sequence_process_with_context","ni","78","2","86.600","43.300","176787456","176787456","unavailable","188755968","191164416","191164416","unavailable","191164416","191164416","205099008"
"yune","track-a-comparison","luna_pinyin","key_sequence_process_with_context","ni","79","2","86.200","43.100","176787456","176787456","unavailable","188755968","191164416","191164416","unavailable","191164416","191164416","205099008"
"yune","track-a-comparison","luna_pinyin","key_sequence_process_with_context","hao","0","3","75.400","25.133","177803264","177803264","unavailable","188755968","192352256","192352256","unavailable","192352256","192352256","205099008"
"yune","track-a-comparison","luna_pinyin","key_sequence_process_with_context","hao","1","3","76.200","25.400","177803264","177803264","unavailable","188755968","192352256","192352256","unavailable","192352256","192352256","205099008"
"yune","track-a-comparison","luna_pinyin","key_sequence_process_with_context","hao","2","3","73.900","24.633","177803264","177803264","unavailable","188755968","192352256","192352256","unavailable","192352256","192352256","205099008"
"yune","track-a-comparison","luna_pinyin","key_sequence_process_with_context","hao","3","3","74.300","24.767","177803264","177803264","unavailable","188755968","192352256","192352256","unavailable","192352256","192352256","205099008"
"yune","track-a-comparison","luna_pinyin","key_sequence_process_with_context","hao","4","3","75.000","25.000","177803264","177803264","unavailable","188755968","192352256","192352256","unavailable","192352256","192352256","205099008"
"yune","track-a-comparison","luna_pinyin","key_sequence_process_with_context","hao","5","3","73.100","24.367","177803264","177803264","unavailable","188755968","192352256","192352256","unavailable","192352256","192352256","205099008"
"yune","track-a-comparison","luna_pinyin","key_sequence_process_with_context","hao","6","3","74.000","24.667","177803264","177803264","unavailable","188755968","192352256","192352256","unavailable","192352256","192352256","205099008"
"yune","track-a-comparison","luna_pinyin","key_sequence_process_with_context","hao","7","3","73.100","24.367","177803264","177803264","unavailable","188755968","192352256","192352256","unavailable","192352256","192352256","205099008"
"yune","track-a-comparison","luna_pinyin","key_sequence_process_with_context","hao","8","3","72.800","24.267","177803264","177803264","unavailable","188755968","192352256","192352256","unavailable","192352256","192352256","205099008"
"yune","track-a-comparison","luna_pinyin","key_sequence_process_with_context","hao","9","3","72.300","24.100","177803264","177803264","unavailable","188755968","192352256","192352256","unavailable","192352256","192352256","205099008"
"yune","track-a-comparison","luna_pinyin","key_sequence_process_with_context","hao","10","3","72.200","24.067","177803264","177803264","unavailable","188755968","192352256","192352256","unavailable","192352256","192352256","205099008"
"yune","track-a-comparison","luna_pinyin","key_sequence_process_with_context","hao","11","3","72.400","24.133","177803264","177803264","unavailable","188755968","192352256","192352256","unavailable","192352256","192352256","205099008"
"yune","track-a-comparison","luna_pinyin","key_sequence_process_with_context","hao","12","3","72.400","24.133","177803264","177803264","unavailable","188755968","192352256","192352256","unavailable","192352256","192352256","205099008"
"yune","track-a-comparison","luna_pinyin","key_sequence_process_with_context","hao","13","3","83.500","27.833","177803264","177803264","unavailable","188755968","192352256","192352256","unavailable","192352256","192352256","205099008"
"yune","track-a-comparison","luna_pinyin","key_sequence_process_with_context","hao","14","3","73.000","24.333","177803264","177803264","unavailable","188755968","192352256","192352256","unavailable","192352256","192352256","205099008"
"yune","track-a-comparison","luna_pinyin","key_sequence_process_with_context","hao","15","3","73.000","24.333","177803264","177803264","unavailable","188755968","192352256","192352256","unavailable","192352256","192352256","205099008"
"yune","track-a-comparison","luna_pinyin","key_sequence_process_with_context","hao","16","3","73.400","24.467","177803264","177803264","unavailable","188755968","192352256","192352256","unavailable","192352256","192352256","205099008"
"yune","track-a-comparison","luna_pinyin","key_sequence_process_with_context","hao","17","3","72.700","24.233","177803264","177803264","unavailable","188755968","192352256","192352256","unavailable","192352256","192352256","205099008"
"yune","track-a-comparison","luna_pinyin","key_sequence_process_with_context","hao","18","3","73.000","24.333","177803264","177803264","unavailable","188755968","192352256","192352256","unavailable","192352256","192352256","205099008"
"yune","track-a-comparison","luna_pinyin","key_sequence_process_with_context","hao","19","3","73.100","24.367","177803264","177803264","unavailable","188755968","192352256","192352256","unavailable","192352256","192352256","205099008"
"yune","track-a-comparison","luna_pinyin","key_sequence_process_with_context","hao","20","3","73.100","24.367","177803264","177803264","unavailable","188755968","192352256","192352256","unavailable","192352256","192352256","205099008"
"yune","track-a-comparison","luna_pinyin","key_sequence_process_with_context","hao","21","3","74.600","24.867","177803264","177803264","unavailable","188755968","192352256","192352256","unavailable","192352256","192352256","205099008"
"yune","track-a-comparison","luna_pinyin","key_sequence_process_with_context","hao","22","3","74.300","24.767","177803264","177803264","unavailable","188755968","192352256","192352256","unavailable","192352256","192352256","205099008"
"yune","track-a-comparison","luna_pinyin","key_sequence_process_with_context","hao","23","3","73.100","24.367","177803264","177803264","unavailable","188755968","192352256","192352256","unavailable","192352256","192352256","205099008"
"yune","track-a-comparison","luna_pinyin","key_sequence_process_with_context","hao","24","3","72.300","24.100","177803264","177803264","unavailable","188755968","192352256","192352256","unavailable","192352256","192352256","205099008"
"yune","track-a-comparison","luna_pinyin","key_sequence_process_with_context","hao","25","3","72.300","24.100","177803264","177803264","unavailable","188755968","192352256","192352256","unavailable","192352256","192352256","205099008"
"yune","track-a-comparison","luna_pinyin","key_sequence_process_with_context","hao","26","3","72.400","24.133","177803264","177803264","unavailable","188755968","192352256","192352256","unavailable","192352256","192352256","205099008"
"yune","track-a-comparison","luna_pinyin","key_sequence_process_with_context","hao","27","3","72.100","24.033","177803264","177803264","unavailable","188755968","192352256","192352256","unavailable","192352256","192352256","205099008"
"yune","track-a-comparison","luna_pinyin","key_sequence_process_with_context","hao","28","3","73.900","24.633","177803264","177803264","unavailable","188755968","192352256","192352256","unavailable","192352256","192352256","205099008"
"yune","track-a-comparison","luna_pinyin","key_sequence_process_with_context","hao","29","3","72.200","24.067","177803264","177803264","unavailable","188755968","192352256","192352256","unavailable","192352256","192352256","205099008"
"yune","track-a-comparison","luna_pinyin","key_sequence_process_with_context","hao","30","3","75.300","25.100","177803264","177803264","unavailable","188755968","192352256","192352256","unavailable","192352256","192352256","205099008"
"yune","track-a-comparison","luna_pinyin","key_sequence_process_with_context","hao","31","3","72.400","24.133","177803264","177803264","unavailable","188755968","192352256","192352256","unavailable","192352256","192352256","205099008"
"yune","track-a-comparison","luna_pinyin","key_sequence_process_with_context","hao","32","3","81.100","27.033","177803264","177827840","unavailable","188755968","192352256","192352256","unavailable","192352256","192352256","205099008"
"yune","track-a-comparison","luna_pinyin","key_sequence_process_with_context","hao","33","3","73.400","24.467","177827840","177827840","unavailable","188755968","192352256","192352256","unavailable","192352256","192352256","205099008"
"yune","track-a-comparison","luna_pinyin","key_sequence_process_with_context","hao","34","3","73.500","24.500","177827840","177827840","unavailable","188755968","192352256","192352256","unavailable","192352256","192352256","205099008"
"yune","track-a-comparison","luna_pinyin","key_sequence_process_with_context","hao","35","3","72.400","24.133","177827840","177827840","unavailable","188755968","192352256","192352256","unavailable","192352256","192352256","205099008"
"yune","track-a-comparison","luna_pinyin","key_sequence_process_with_context","hao","36","3","72.600","24.200","177827840","177827840","unavailable","188755968","192352256","192352256","unavailable","192352256","192352256","205099008"
"yune","track-a-comparison","luna_pinyin","key_sequence_process_with_context","hao","37","3","72.500","24.167","177827840","177827840","unavailable","188755968","192352256","192352256","unavailable","192352256","192352256","205099008"
"yune","track-a-comparison","luna_pinyin","key_sequence_process_with_context","hao","38","3","72.000","24.000","177827840","177827840","unavailable","188755968","192352256","192352256","unavailable","192352256","192352256","205099008"
"yune","track-a-comparison","luna_pinyin","key_sequence_process_with_context","hao","39","3","72.100","24.033","177827840","177827840","unavailable","188755968","192352256","192352256","unavailable","192352256","192352256","205099008"
"yune","track-a-comparison","luna_pinyin","key_sequence_process_with_context","hao","40","3","72.000","24.000","177827840","177827840","unavailable","188755968","192352256","192352256","unavailable","192352256","192352256","205099008"
"yune","track-a-comparison","luna_pinyin","key_sequence_process_with_context","hao","41","3","72.200","24.067","177827840","177827840","unavailable","188755968","192352256","192352256","unavailable","192352256","192352256","205099008"
"yune","track-a-comparison","luna_pinyin","key_sequence_process_with_context","hao","42","3","81.200","27.067","177827840","177827840","unavailable","188755968","192352256","192352256","unavailable","192352256","192352256","205099008"
"yune","track-a-comparison","luna_pinyin","key_sequence_process_with_context","hao","43","3","71.700","23.900","177827840","177827840","unavailable","188755968","192352256","192352256","unavailable","192352256","192352256","205099008"
"yune","track-a-comparison","luna_pinyin","key_sequence_process_with_context","hao","44","3","71.700","23.900","177827840","177827840","unavailable","188755968","192352256","192352256","unavailable","192352256","192352256","205099008"
"yune","track-a-comparison","luna_pinyin","key_sequence_process_with_context","hao","45","3","71.900","23.967","177827840","177827840","unavailable","188755968","192352256","192352256","unavailable","192352256","192352256","205099008"
"yune","track-a-comparison","luna_pinyin","key_sequence_process_with_context","hao","46","3","72.200","24.067","177827840","177827840","unavailable","188755968","192352256","192352256","unavailable","192352256","192352256","205099008"
"yune","track-a-comparison","luna_pinyin","key_sequence_process_with_context","hao","47","3","75.200","25.067","177827840","177827840","unavailable","188755968","192352256","192352256","unavailable","192352256","192352256","205099008"
"yune","track-a-comparison","luna_pinyin","key_sequence_process_with_context","hao","48","3","73.300","24.433","177827840","177827840","unavailable","188755968","192352256","192352256","unavailable","192352256","192352256","205099008"
"yune","track-a-comparison","luna_pinyin","key_sequence_process_with_context","hao","49","3","72.300","24.100","177827840","177827840","unavailable","188755968","192352256","192352256","unavailable","192352256","192352256","205099008"
"yune","track-a-comparison","luna_pinyin","key_sequence_process_with_context","hao","50","3","72.100","24.033","177827840","177827840","unavailable","188755968","192352256","192352256","unavailable","192352256","192352256","205099008"
"yune","track-a-comparison","luna_pinyin","key_sequence_process_with_context","hao","51","3","75.800","25.267","177827840","177827840","unavailable","188755968","192352256","192352256","unavailable","192352256","192352256","205099008"
"yune","track-a-comparison","luna_pinyin","key_sequence_process_with_context","hao","52","3","73.100","24.367","177827840","177827840","unavailable","188755968","192352256","192352256","unavailable","192352256","192352256","205099008"
"yune","track-a-comparison","luna_pinyin","key_sequence_process_with_context","hao","53","3","72.700","24.233","177827840","177827840","unavailable","188755968","192352256","192352256","unavailable","192352256","192352256","205099008"
"yune","track-a-comparison","luna_pinyin","key_sequence_process_with_context","hao","54","3","73.200","24.400","177827840","177827840","unavailable","188755968","192352256","192352256","unavailable","192352256","192352256","205099008"
"yune","track-a-comparison","luna_pinyin","key_sequence_process_with_context","hao","55","3","72.200","24.067","177827840","177827840","unavailable","188755968","192352256","192352256","unavailable","192352256","192352256","205099008"
"yune","track-a-comparison","luna_pinyin","key_sequence_process_with_context","hao","56","3","71.900","23.967","177827840","177827840","unavailable","188755968","192352256","192352256","unavailable","192352256","192352256","205099008"
"yune","track-a-comparison","luna_pinyin","key_sequence_process_with_context","hao","57","3","72.000","24.000","177827840","177827840","unavailable","188755968","192352256","192352256","unavailable","192352256","192352256","205099008"
"yune","track-a-comparison","luna_pinyin","key_sequence_process_with_context","hao","58","3","73.300","24.433","177827840","177827840","unavailable","188755968","192352256","192352256","unavailable","192352256","192352256","205099008"
"yune","track-a-comparison","luna_pinyin","key_sequence_process_with_context","hao","59","3","72.100","24.033","177827840","177827840","unavailable","188755968","192352256","192352256","unavailable","192352256","192352256","205099008"
"yune","track-a-comparison","luna_pinyin","key_sequence_process_with_context","hao","60","3","72.100","24.033","177827840","177827840","unavailable","188755968","192352256","192352256","unavailable","192352256","192352256","205099008"
"yune","track-a-comparison","luna_pinyin","key_sequence_process_with_context","hao","61","3","81.400","27.133","177827840","177827840","unavailable","188755968","192352256","192352256","unavailable","192352256","192352256","205099008"
"yune","track-a-comparison","luna_pinyin","key_sequence_process_with_context","hao","62","3","72.900","24.300","177827840","177827840","unavailable","188755968","192352256","192352256","unavailable","192352256","192352256","205099008"
"yune","track-a-comparison","luna_pinyin","key_sequence_process_with_context","hao","63","3","72.100","24.033","177827840","177827840","unavailable","188755968","192352256","192352256","unavailable","192352256","192352256","205099008"
"yune","track-a-comparison","luna_pinyin","key_sequence_process_with_context","hao","64","3","72.300","24.100","177827840","177827840","unavailable","188755968","192352256","192352256","unavailable","192352256","192352256","205099008"
"yune","track-a-comparison","luna_pinyin","key_sequence_process_with_context","hao","65","3","72.400","24.133","177827840","177827840","unavailable","188755968","192352256","192352256","unavailable","192352256","192352256","205099008"
"yune","track-a-comparison","luna_pinyin","key_sequence_process_with_context","hao","66","3","73.500","24.500","177827840","177827840","unavailable","188755968","192352256","192352256","unavailable","192352256","192352256","205099008"
"yune","track-a-comparison","luna_pinyin","key_sequence_process_with_context","hao","67","3","72.200","24.067","177827840","177827840","unavailable","188755968","192352256","192352256","unavailable","192352256","192352256","205099008"
"yune","track-a-comparison","luna_pinyin","key_sequence_process_with_context","hao","68","3","75.400","25.133","177827840","177827840","unavailable","188755968","192352256","192352256","unavailable","192352256","192352256","205099008"
"yune","track-a-comparison","luna_pinyin","key_sequence_process_with_context","hao","69","3","72.900","24.300","177827840","177827840","unavailable","188755968","192352256","192352256","unavailable","192352256","192352256","205099008"
"yune","track-a-comparison","luna_pinyin","key_sequence_process_with_context","hao","70","3","72.900","24.300","177827840","177827840","unavailable","188755968","192352256","192352256","unavailable","192352256","192352256","205099008"
"yune","track-a-comparison","luna_pinyin","key_sequence_process_with_context","hao","71","3","81.500","27.167","177827840","177827840","unavailable","188755968","192352256","192352256","unavailable","192352256","192352256","205099008"
"yune","track-a-comparison","luna_pinyin","key_sequence_process_with_context","hao","72","3","74.100","24.700","177827840","177827840","unavailable","188755968","192352256","192352256","unavailable","192352256","192352256","205099008"
"yune","track-a-comparison","luna_pinyin","key_sequence_process_with_context","hao","73","3","73.400","24.467","177827840","177827840","unavailable","188755968","192352256","192352256","unavailable","192352256","192352256","205099008"
"yune","track-a-comparison","luna_pinyin","key_sequence_process_with_context","hao","74","3","72.700","24.233","177827840","177827840","unavailable","188755968","192352256","192352256","unavailable","192352256","192352256","205099008"
"yune","track-a-comparison","luna_pinyin","key_sequence_process_with_context","hao","75","3","72.400","24.133","177827840","177827840","unavailable","188755968","192352256","192352256","unavailable","192352256","192352256","205099008"
"yune","track-a-comparison","luna_pinyin","key_sequence_process_with_context","hao","76","3","72.800","24.267","177827840","177827840","unavailable","188755968","192352256","192352256","unavailable","192352256","192352256","205099008"
"yune","track-a-comparison","luna_pinyin","key_sequence_process_with_context","hao","77","3","73.200","24.400","177827840","177827840","unavailable","188755968","192352256","192352256","unavailable","192352256","192352256","205099008"
"yune","track-a-comparison","luna_pinyin","key_sequence_process_with_context","hao","78","3","72.400","24.133","177827840","177827840","unavailable","188755968","192352256","192352256","unavailable","192352256","192352256","205099008"
"yune","track-a-comparison","luna_pinyin","key_sequence_process_with_context","hao","79","3","72.400","24.133","177827840","177827840","unavailable","188755968","192352256","192352256","unavailable","192352256","192352256","205099008"
"yune","track-a-comparison","luna_pinyin","key_sequence_process_with_context","ceshiyixiachangjushuruxingnengzenyang","0","37","40122.400","1084.389","178876416","178876416","unavailable","188755968","193773568","193773568","unavailable","193773568","193773568","205099008"
"yune","track-a-comparison","luna_pinyin","key_sequence_process_with_context","ceshiyixiachangjushuruxingnengzenyang","1","37","41252.000","1114.919","178876416","178876416","unavailable","188755968","193773568","193773568","unavailable","193773568","193773568","205099008"
"yune","track-a-comparison","luna_pinyin","key_sequence_process_with_context","ceshiyixiachangjushuruxingnengzenyang","2","37","41509.000","1121.865","178876416","178876416","unavailable","188755968","193773568","193773568","unavailable","193773568","193773568","205099008"
"yune","track-a-comparison","luna_pinyin","key_sequence_process_with_context","ceshiyixiachangjushuruxingnengzenyang","3","37","40858.800","1104.292","178876416","178876416","unavailable","188755968","193773568","193773568","unavailable","193773568","193773568","205099008"
"yune","track-a-comparison","luna_pinyin","key_sequence_process_with_context","ceshiyixiachangjushuruxingnengzenyang","4","37","42854.100","1158.219","178876416","178876416","unavailable","188755968","193773568","193773568","unavailable","193773568","193773568","205099008"
"yune","track-a-comparison","luna_pinyin","key_sequence_process_with_context","ceshiyixiachangjushuruxingnengzenyang","5","37","40733.000","1100.892","178876416","178876416","unavailable","188755968","193773568","193773568","unavailable","193773568","193773568","205099008"
"yune","track-a-comparison","luna_pinyin","key_sequence_process_with_context","ceshiyixiachangjushuruxingnengzenyang","6","37","41715.500","1127.446","178876416","178876416","unavailable","188755968","193773568","193773568","unavailable","193773568","193773568","205099008"
"yune","track-a-comparison","luna_pinyin","key_sequence_process_with_context","ceshiyixiachangjushuruxingnengzenyang","7","37","41740.000","1128.108","178876416","178876416","unavailable","188755968","193773568","193773568","unavailable","193773568","193773568","205099008"
"yune","track-a-comparison","luna_pinyin","key_sequence_process_with_context","ceshiyixiachangjushuruxingnengzenyang","8","37","41637.300","1125.332","178876416","178876416","unavailable","188755968","193773568","193773568","unavailable","193773568","193773568","205099008"
"yune","track-a-comparison","luna_pinyin","key_sequence_process_with_context","ceshiyixiachangjushuruxingnengzenyang","9","37","40743.900","1101.186","178876416","178876416","unavailable","188755968","193773568","193773568","unavailable","193773568","193773568","205099008"
"yune","track-a-comparison","luna_pinyin","key_sequence_process_with_context","ceshiyixiachangjushuruxingnengzenyang","10","37","40073.100","1083.057","178876416","178876416","unavailable","188755968","193773568","193773568","unavailable","193773568","193773568","205099008"
"yune","track-a-comparison","luna_pinyin","key_sequence_process_with_context","ceshiyixiachangjushuruxingnengzenyang","11","37","40424.700","1092.559","178876416","178876416","unavailable","188755968","193773568","193773568","unavailable","193773568","193773568","205099008"
"yune","track-a-comparison","luna_pinyin","key_sequence_process_with_context","ceshiyixiachangjushuruxingnengzenyang","12","37","39838.600","1076.719","178876416","178876416","unavailable","188755968","193773568","193773568","unavailable","193773568","193773568","205099008"
"yune","track-a-comparison","luna_pinyin","key_sequence_process_with_context","ceshiyixiachangjushuruxingnengzenyang","13","37","40324.800","1089.859","178876416","178876416","unavailable","188755968","193773568","193773568","unavailable","193773568","193773568","205099008"
"yune","track-a-comparison","luna_pinyin","key_sequence_process_with_context","ceshiyixiachangjushuruxingnengzenyang","14","37","43006.500","1162.338","178876416","178876416","unavailable","188755968","193773568","193773568","unavailable","193773568","193773568","205099008"
"yune","track-a-comparison","luna_pinyin","key_sequence_process_with_context","ceshiyixiachangjushuruxingnengzenyang","15","37","42394.000","1145.784","178876416","178876416","unavailable","188755968","193773568","193773568","unavailable","193773568","193773568","205099008"
"yune","track-a-comparison","luna_pinyin","key_sequence_process_with_context","ceshiyixiachangjushuruxingnengzenyang","16","37","41958.900","1134.024","178876416","178876416","unavailable","188755968","193773568","193773568","unavailable","193773568","193773568","205099008"
"yune","track-a-comparison","luna_pinyin","key_sequence_process_with_context","ceshiyixiachangjushuruxingnengzenyang","17","37","39966.900","1080.186","178876416","178876416","unavailable","188755968","193773568","193773568","unavailable","193773568","193773568","205099008"
"yune","track-a-comparison","luna_pinyin","key_sequence_process_with_context","ceshiyixiachangjushuruxingnengzenyang","18","37","39387.200","1064.519","178876416","178876416","unavailable","188755968","193773568","193773568","unavailable","193773568","193773568","205099008"
"yune","track-a-comparison","luna_pinyin","key_sequence_process_with_context","ceshiyixiachangjushuruxingnengzenyang","19","37","39498.400","1067.524","178876416","178876416","unavailable","188755968","193773568","193773568","unavailable","193773568","193773568","205099008"
"yune","track-a-comparison","luna_pinyin","key_sequence_process_with_context","ceshiyixiachangjushuruxingnengzenyang","20","37","39580.800","1069.751","178876416","178876416","unavailable","188755968","193773568","193773568","unavailable","193773568","193773568","205099008"
"yune","track-a-comparison","luna_pinyin","key_sequence_process_with_context","ceshiyixiachangjushuruxingnengzenyang","21","37","40307.600","1089.395","178876416","178876416","unavailable","188755968","193773568","193773568","unavailable","193773568","193773568","205099008"
"yune","track-a-comparison","luna_pinyin","key_sequence_process_with_context","ceshiyixiachangjushuruxingnengzenyang","22","37","40092.900","1083.592","178876416","178876416","unavailable","188755968","193773568","193773568","unavailable","193773568","193773568","205099008"
"yune","track-a-comparison","luna_pinyin","key_sequence_process_with_context","ceshiyixiachangjushuruxingnengzenyang","23","37","39282.200","1061.681","178876416","179019776","unavailable","188755968","193773568","193773568","unavailable","193773568","193773568","205099008"
"yune","track-a-comparison","luna_pinyin","key_sequence_process_with_context","ceshiyixiachangjushuruxingnengzenyang","24","37","40306.300","1089.359","179019776","179019776","unavailable","188755968","193773568","193773568","unavailable","193773568","193773568","205099008"
"yune","track-a-comparison","luna_pinyin","key_sequence_process_with_context","ceshiyixiachangjushuruxingnengzenyang","25","37","39491.700","1067.343","179019776","179019776","unavailable","188755968","193773568","193773568","unavailable","193773568","193773568","205099008"
"yune","track-a-comparison","luna_pinyin","key_sequence_process_with_context","ceshiyixiachangjushuruxingnengzenyang","26","37","38713.300","1046.305","179019776","179019776","unavailable","188755968","193773568","193773568","unavailable","193773568","193773568","205099008"
"yune","track-a-comparison","luna_pinyin","key_sequence_process_with_context","ceshiyixiachangjushuruxingnengzenyang","27","37","38717.700","1046.424","179019776","179019776","unavailable","188755968","193773568","193773568","unavailable","193773568","193773568","205099008"
"yune","track-a-comparison","luna_pinyin","key_sequence_process_with_context","ceshiyixiachangjushuruxingnengzenyang","28","37","38972.500","1053.311","179019776","179019776","unavailable","188755968","193773568","193773568","unavailable","193773568","193773568","205099008"
"yune","track-a-comparison","luna_pinyin","key_sequence_process_with_context","ceshiyixiachangjushuruxingnengzenyang","29","37","40311.000","1089.486","179019776","179019776","unavailable","188755968","193773568","193773568","unavailable","193773568","193773568","205099008"
"yune","track-a-comparison","luna_pinyin","key_sequence_process_with_context","ceshiyixiachangjushuruxingnengzenyang","30","37","40439.800","1092.968","179019776","179019776","unavailable","188755968","193773568","193773568","unavailable","193773568","193773568","205099008"
"yune","track-a-comparison","luna_pinyin","key_sequence_process_with_context","ceshiyixiachangjushuruxingnengzenyang","31","37","39991.500","1080.851","179019776","179015680","unavailable","188755968","193773568","193773568","unavailable","193773568","193773568","205099008"
"yune","track-a-comparison","luna_pinyin","key_sequence_process_with_context","ceshiyixiachangjushuruxingnengzenyang","32","37","40024.400","1081.741","179015680","178253824","unavailable","188755968","193773568","192573440","unavailable","192573440","192573440","205099008"
"yune","track-a-comparison","luna_pinyin","key_sequence_process_with_context","ceshiyixiachangjushuruxingnengzenyang","33","37","40269.700","1088.370","178253824","178253824","unavailable","188755968","192573440","192573440","unavailable","192573440","192573440","205099008"
"yune","track-a-comparison","luna_pinyin","key_sequence_process_with_context","ceshiyixiachangjushuruxingnengzenyang","34","37","40096.700","1083.695","178253824","178253824","unavailable","188755968","192573440","192573440","unavailable","192573440","192573440","205099008"
"yune","track-a-comparison","luna_pinyin","key_sequence_process_with_context","ceshiyixiachangjushuruxingnengzenyang","35","37","41729.900","1127.835","178253824","178253824","unavailable","188755968","192573440","192573440","unavailable","192573440","192573440","205099008"
"yune","track-a-comparison","luna_pinyin","key_sequence_process_with_context","ceshiyixiachangjushuruxingnengzenyang","36","37","44040.900","1190.295","178253824","178249728","unavailable","188755968","192573440","192573440","unavailable","192573440","192573440","205099008"
"yune","track-a-comparison","luna_pinyin","key_sequence_process_with_context","ceshiyixiachangjushuruxingnengzenyang","37","37","41141.900","1111.943","178249728","178249728","unavailable","188755968","192573440","192573440","unavailable","192573440","192573440","205099008"
"yune","track-a-comparison","luna_pinyin","key_sequence_process_with_context","ceshiyixiachangjushuruxingnengzenyang","38","37","39641.200","1071.384","178249728","178249728","unavailable","188755968","192573440","192573440","unavailable","192573440","192573440","205099008"
"yune","track-a-comparison","luna_pinyin","key_sequence_process_with_context","ceshiyixiachangjushuruxingnengzenyang","39","37","39632.000","1071.135","178249728","178249728","unavailable","188755968","192573440","192573440","unavailable","192573440","192573440","205099008"
"yune","track-a-comparison","luna_pinyin","key_sequence_process_with_context","ceshiyixiachangjushuruxingnengzenyang","40","37","39181.500","1058.959","178249728","178249728","unavailable","188755968","192573440","192573440","unavailable","192573440","192573440","205099008"
"yune","track-a-comparison","luna_pinyin","key_sequence_process_with_context","ceshiyixiachangjushuruxingnengzenyang","41","37","38787.400","1048.308","178249728","178249728","unavailable","188755968","192573440","192573440","unavailable","192573440","192573440","205099008"
"yune","track-a-comparison","luna_pinyin","key_sequence_process_with_context","ceshiyixiachangjushuruxingnengzenyang","42","37","39120.900","1057.322","178249728","178249728","unavailable","188755968","192573440","192573440","unavailable","192573440","192573440","205099008"
"yune","track-a-comparison","luna_pinyin","key_sequence_process_with_context","ceshiyixiachangjushuruxingnengzenyang","43","37","38514.500","1040.932","178249728","178249728","unavailable","188755968","192573440","192573440","unavailable","192573440","192573440","205099008"
"yune","track-a-comparison","luna_pinyin","key_sequence_process_with_context","ceshiyixiachangjushuruxingnengzenyang","44","37","38599.100","1043.219","178249728","178249728","unavailable","188755968","192573440","192573440","unavailable","192573440","192573440","205099008"
"yune","track-a-comparison","luna_pinyin","key_sequence_process_with_context","ceshiyixiachangjushuruxingnengzenyang","45","37","38659.000","1044.838","178249728","178249728","unavailable","188755968","192573440","192573440","unavailable","192573440","192573440","205099008"
"yune","track-a-comparison","luna_pinyin","key_sequence_process_with_context","ceshiyixiachangjushuruxingnengzenyang","46","37","38525.600","1041.232","178249728","178249728","unavailable","188755968","192573440","192573440","unavailable","192573440","192573440","205099008"
"yune","track-a-comparison","luna_pinyin","key_sequence_process_with_context","ceshiyixiachangjushuruxingnengzenyang","47","37","38634.400","1044.173","178249728","178249728","unavailable","188755968","192573440","192573440","unavailable","192573440","192573440","205099008"
"yune","track-a-comparison","luna_pinyin","key_sequence_process_with_context","ceshiyixiachangjushuruxingnengzenyang","48","37","39546.700","1068.830","178249728","178249728","unavailable","188755968","192573440","192573440","unavailable","192573440","192573440","205099008"
"yune","track-a-comparison","luna_pinyin","key_sequence_process_with_context","ceshiyixiachangjushuruxingnengzenyang","49","37","39673.400","1072.254","178249728","178249728","unavailable","188755968","192573440","192573440","unavailable","192573440","192573440","205099008"
"yune","track-a-comparison","luna_pinyin","key_sequence_process_with_context","ceshiyixiachangjushuruxingnengzenyang","50","37","40597.600","1097.232","178249728","178249728","unavailable","188755968","192573440","192573440","unavailable","192573440","192573440","205099008"
"yune","track-a-comparison","luna_pinyin","key_sequence_process_with_context","ceshiyixiachangjushuruxingnengzenyang","51","37","39504.000","1067.676","178249728","178249728","unavailable","188755968","192573440","192573440","unavailable","192573440","192573440","205099008"
"yune","track-a-comparison","luna_pinyin","key_sequence_process_with_context","ceshiyixiachangjushuruxingnengzenyang","52","37","39179.600","1058.908","178249728","178249728","unavailable","188755968","192573440","192573440","unavailable","192573440","192573440","205099008"
"yune","track-a-comparison","luna_pinyin","key_sequence_process_with_context","ceshiyixiachangjushuruxingnengzenyang","53","37","39301.100","1062.192","178249728","178249728","unavailable","188755968","192573440","192573440","unavailable","192573440","192573440","205099008"
"yune","track-a-comparison","luna_pinyin","key_sequence_process_with_context","ceshiyixiachangjushuruxingnengzenyang","54","37","40266.700","1088.289","178249728","178249728","unavailable","188755968","192573440","192573440","unavailable","192573440","192573440","205099008"
"yune","track-a-comparison","luna_pinyin","key_sequence_process_with_context","ceshiyixiachangjushuruxingnengzenyang","55","37","39595.100","1070.138","178249728","178249728","unavailable","188755968","192573440","192573440","unavailable","192573440","192573440","205099008"
"yune","track-a-comparison","luna_pinyin","key_sequence_process_with_context","ceshiyixiachangjushuruxingnengzenyang","56","37","39550.700","1068.938","178249728","178245632","unavailable","188755968","192573440","192573440","unavailable","192573440","192573440","205099008"
"yune","track-a-comparison","luna_pinyin","key_sequence_process_with_context","ceshiyixiachangjushuruxingnengzenyang","57","37","38878.200","1050.762","178245632","178245632","unavailable","188755968","192573440","192573440","unavailable","192573440","192573440","205099008"
"yune","track-a-comparison","luna_pinyin","key_sequence_process_with_context","ceshiyixiachangjushuruxingnengzenyang","58","37","38866.600","1050.449","178245632","178245632","unavailable","188755968","192573440","192573440","unavailable","192573440","192573440","205099008"
"yune","track-a-comparison","luna_pinyin","key_sequence_process_with_context","ceshiyixiachangjushuruxingnengzenyang","59","37","38699.900","1045.943","178245632","178245632","unavailable","188755968","192573440","192573440","unavailable","192573440","192573440","205099008"
"yune","track-a-comparison","luna_pinyin","key_sequence_process_with_context","ceshiyixiachangjushuruxingnengzenyang","60","37","38930.300","1052.170","178245632","178245632","unavailable","188755968","192573440","192573440","unavailable","192573440","192573440","205099008"
"yune","track-a-comparison","luna_pinyin","key_sequence_process_with_context","ceshiyixiachangjushuruxingnengzenyang","61","37","38889.100","1051.057","178245632","178245632","unavailable","188755968","192573440","192573440","unavailable","192573440","192573440","205099008"
"yune","track-a-comparison","luna_pinyin","key_sequence_process_with_context","ceshiyixiachangjushuruxingnengzenyang","62","37","39261.300","1061.116","178245632","178245632","unavailable","188755968","192573440","192573440","unavailable","192573440","192573440","205099008"
"yune","track-a-comparison","luna_pinyin","key_sequence_process_with_context","ceshiyixiachangjushuruxingnengzenyang","63","37","38969.300","1053.224","178245632","178245632","unavailable","188755968","192573440","192573440","unavailable","192573440","192573440","205099008"
"yune","track-a-comparison","luna_pinyin","key_sequence_process_with_context","ceshiyixiachangjushuruxingnengzenyang","64","37","38830.300","1049.468","178245632","178245632","unavailable","188755968","192573440","192573440","unavailable","192573440","192573440","205099008"
"yune","track-a-comparison","luna_pinyin","key_sequence_process_with_context","ceshiyixiachangjushuruxingnengzenyang","65","37","39123.300","1057.386","178245632","178245632","unavailable","188755968","192573440","192573440","unavailable","192573440","192573440","205099008"
"yune","track-a-comparison","luna_pinyin","key_sequence_process_with_context","ceshiyixiachangjushuruxingnengzenyang","66","37","39405.300","1065.008","178245632","178245632","unavailable","188755968","192573440","192573440","unavailable","192573440","192573440","205099008"
"yune","track-a-comparison","luna_pinyin","key_sequence_process_with_context","ceshiyixiachangjushuruxingnengzenyang","67","37","40335.900","1090.159","178245632","178245632","unavailable","188755968","192573440","192573440","unavailable","192573440","192573440","205099008"
"yune","track-a-comparison","luna_pinyin","key_sequence_process_with_context","ceshiyixiachangjushuruxingnengzenyang","68","37","39674.400","1072.281","178245632","178245632","unavailable","188755968","192573440","192573440","unavailable","192573440","192573440","205099008"
"yune","track-a-comparison","luna_pinyin","key_sequence_process_with_context","ceshiyixiachangjushuruxingnengzenyang","69","37","40012.400","1081.416","178245632","178245632","unavailable","188755968","192573440","192573440","unavailable","192573440","192573440","205099008"
"yune","track-a-comparison","luna_pinyin","key_sequence_process_with_context","ceshiyixiachangjushuruxingnengzenyang","70","37","39686.800","1072.616","178245632","178245632","unavailable","188755968","192573440","192573440","unavailable","192573440","192573440","205099008"
"yune","track-a-comparison","luna_pinyin","key_sequence_process_with_context","ceshiyixiachangjushuruxingnengzenyang","71","37","39730.500","1073.797","178245632","178245632","unavailable","188755968","192573440","192573440","unavailable","192573440","192573440","205099008"
"yune","track-a-comparison","luna_pinyin","key_sequence_process_with_context","ceshiyixiachangjushuruxingnengzenyang","72","37","40286.000","1088.811","178245632","178245632","unavailable","188755968","192573440","192573440","unavailable","192573440","192573440","205099008"
"yune","track-a-comparison","luna_pinyin","key_sequence_process_with_context","ceshiyixiachangjushuruxingnengzenyang","73","37","40397.600","1091.827","178245632","178245632","unavailable","188755968","192573440","192573440","unavailable","192573440","192573440","205099008"
"yune","track-a-comparison","luna_pinyin","key_sequence_process_with_context","ceshiyixiachangjushuruxingnengzenyang","74","37","40098.000","1083.730","178245632","178245632","unavailable","188755968","192573440","192573440","unavailable","192573440","192573440","205099008"
"yune","track-a-comparison","luna_pinyin","key_sequence_process_with_context","ceshiyixiachangjushuruxingnengzenyang","75","37","40723.200","1100.627","178245632","178245632","unavailable","188755968","192573440","192573440","unavailable","192573440","192573440","205099008"
"yune","track-a-comparison","luna_pinyin","key_sequence_process_with_context","ceshiyixiachangjushuruxingnengzenyang","76","37","40298.300","1089.143","178245632","178245632","unavailable","188755968","192573440","192573440","unavailable","192573440","192573440","205099008"
"yune","track-a-comparison","luna_pinyin","key_sequence_process_with_context","ceshiyixiachangjushuruxingnengzenyang","77","37","39702.200","1073.032","178245632","178241536","unavailable","188755968","192573440","192573440","unavailable","192573440","192573440","205099008"
"yune","track-a-comparison","luna_pinyin","key_sequence_process_with_context","ceshiyixiachangjushuruxingnengzenyang","78","37","39591.400","1070.038","178241536","178241536","unavailable","188755968","192573440","192573440","unavailable","192573440","192573440","205099008"
"yune","track-a-comparison","luna_pinyin","key_sequence_process_with_context","ceshiyixiachangjushuruxingnengzenyang","79","37","40290.500","1088.932","178241536","178241536","unavailable","188755968","192573440","192573440","unavailable","192573440","192573440","205099008"
"yune","track-a-comparison","luna_pinyin","key_sequence_process_with_context","zhegeyinqingqishiyinggaizhichichaochangjuzishurucainengyong","0","59","110459.700","1872.198","179879936","179879936","unavailable","188755968","194482176","194482176","unavailable","194482176","194482176","205099008"
"yune","track-a-comparison","luna_pinyin","key_sequence_process_with_context","zhegeyinqingqishiyinggaizhichichaochangjuzishurucainengyong","1","59","105982.500","1796.314","179879936","179879936","unavailable","188755968","194482176","194482176","unavailable","194482176","194482176","205099008"
"yune","track-a-comparison","luna_pinyin","key_sequence_process_with_context","zhegeyinqingqishiyinggaizhichichaochangjuzishurucainengyong","2","59","111298.200","1886.410","179879936","179879936","unavailable","188755968","194482176","194482176","unavailable","194482176","194482176","205099008"
"yune","track-a-comparison","luna_pinyin","key_sequence_process_with_context","zhegeyinqingqishiyinggaizhichichaochangjuzishurucainengyong","3","59","113966.700","1931.639","179879936","179879936","unavailable","188755968","194482176","194482176","unavailable","194482176","194482176","205099008"
"yune","track-a-comparison","luna_pinyin","key_sequence_process_with_context","zhegeyinqingqishiyinggaizhichichaochangjuzishurucainengyong","4","59","108327.300","1836.056","179879936","179879936","unavailable","188755968","194482176","194482176","unavailable","194482176","194482176","205099008"
"yune","track-a-comparison","luna_pinyin","key_sequence_process_with_context","zhegeyinqingqishiyinggaizhichichaochangjuzishurucainengyong","5","59","114064.900","1933.303","179879936","179879936","unavailable","188755968","194482176","194482176","unavailable","194482176","194482176","205099008"
"yune","track-a-comparison","luna_pinyin","key_sequence_process_with_context","zhegeyinqingqishiyinggaizhichichaochangjuzishurucainengyong","6","59","110446.300","1871.971","179879936","179879936","unavailable","188755968","194482176","194482176","unavailable","194482176","194482176","205099008"
"yune","track-a-comparison","luna_pinyin","key_sequence_process_with_context","zhegeyinqingqishiyinggaizhichichaochangjuzishurucainengyong","7","59","107605.700","1823.825","179879936","179879936","unavailable","188755968","194482176","194482176","unavailable","194482176","194482176","205099008"
"yune","track-a-comparison","luna_pinyin","key_sequence_process_with_context","zhegeyinqingqishiyinggaizhichichaochangjuzishurucainengyong","8","59","105483.000","1787.847","179879936","179879936","unavailable","188755968","194482176","194482176","unavailable","194482176","194482176","205099008"
"yune","track-a-comparison","luna_pinyin","key_sequence_process_with_context","zhegeyinqingqishiyinggaizhichichaochangjuzishurucainengyong","9","59","114311.300","1937.480","179879936","179879936","unavailable","188755968","194482176","194482176","unavailable","194482176","194482176","205099008"
"yune","track-a-comparison","luna_pinyin","key_sequence_process_with_context","zhegeyinqingqishiyinggaizhichichaochangjuzishurucainengyong","10","59","114048.000","1933.017","179879936","179879936","unavailable","188755968","194482176","194482176","unavailable","194482176","194482176","205099008"
"yune","track-a-comparison","luna_pinyin","key_sequence_process_with_context","zhegeyinqingqishiyinggaizhichichaochangjuzishurucainengyong","11","59","108517.300","1839.276","179879936","179879936","unavailable","188755968","194482176","194482176","unavailable","194482176","194482176","205099008"
"yune","track-a-comparison","luna_pinyin","key_sequence_process_with_context","zhegeyinqingqishiyinggaizhichichaochangjuzishurucainengyong","12","59","113580.100","1925.086","179879936","179879936","unavailable","188755968","194482176","194482176","unavailable","194482176","194482176","205099008"
"yune","track-a-comparison","luna_pinyin","key_sequence_process_with_context","zhegeyinqingqishiyinggaizhichichaochangjuzishurucainengyong","13","59","110481.000","1872.559","179879936","179879936","unavailable","188755968","194482176","194482176","unavailable","194482176","194482176","205099008"
"yune","track-a-comparison","luna_pinyin","key_sequence_process_with_context","zhegeyinqingqishiyinggaizhichichaochangjuzishurucainengyong","14","59","115468.600","1957.095","179879936","179879936","unavailable","188755968","194482176","194482176","unavailable","194482176","194482176","205099008"
"yune","track-a-comparison","luna_pinyin","key_sequence_process_with_context","zhegeyinqingqishiyinggaizhichichaochangjuzishurucainengyong","15","59","109493.800","1855.827","179879936","179879936","unavailable","188755968","194482176","194482176","unavailable","194482176","194482176","205099008"
"yune","track-a-comparison","luna_pinyin","key_sequence_process_with_context","zhegeyinqingqishiyinggaizhichichaochangjuzishurucainengyong","16","59","107123.800","1815.658","179879936","179879936","unavailable","188755968","194482176","194482176","unavailable","194482176","194482176","205099008"
"yune","track-a-comparison","luna_pinyin","key_sequence_process_with_context","zhegeyinqingqishiyinggaizhichichaochangjuzishurucainengyong","17","59","110120.500","1866.449","179879936","179879936","unavailable","188755968","194482176","194482176","unavailable","194482176","194482176","205099008"
"yune","track-a-comparison","luna_pinyin","key_sequence_process_with_context","zhegeyinqingqishiyinggaizhichichaochangjuzishurucainengyong","18","59","117538.800","1992.183","179879936","179879936","unavailable","188755968","194482176","194482176","unavailable","194482176","194482176","205099008"
"yune","track-a-comparison","luna_pinyin","key_sequence_process_with_context","zhegeyinqingqishiyinggaizhichichaochangjuzishurucainengyong","19","59","111112.500","1883.263","179879936","179879936","unavailable","188755968","194482176","194482176","unavailable","194482176","194482176","205099008"
"yune","track-a-comparison","luna_pinyin","key_sequence_process_with_context","zhegeyinqingqishiyinggaizhichichaochangjuzishurucainengyong","20","59","115770.700","1962.215","179879936","179879936","unavailable","188755968","194482176","194482176","unavailable","194482176","194482176","205099008"
"yune","track-a-comparison","luna_pinyin","key_sequence_process_with_context","zhegeyinqingqishiyinggaizhichichaochangjuzishurucainengyong","21","59","110522.900","1873.269","179879936","179879936","unavailable","188755968","194482176","194482176","unavailable","194482176","194482176","205099008"
"yune","track-a-comparison","luna_pinyin","key_sequence_process_with_context","zhegeyinqingqishiyinggaizhichichaochangjuzishurucainengyong","22","59","112640.600","1909.163","179879936","179879936","unavailable","188755968","194482176","194482176","unavailable","194482176","194482176","205099008"
"yune","track-a-comparison","luna_pinyin","key_sequence_process_with_context","zhegeyinqingqishiyinggaizhichichaochangjuzishurucainengyong","23","59","108870.200","1845.258","179879936","179879936","unavailable","188755968","194482176","194482176","unavailable","194482176","194482176","205099008"
"yune","track-a-comparison","luna_pinyin","key_sequence_process_with_context","zhegeyinqingqishiyinggaizhichichaochangjuzishurucainengyong","24","59","117922.700","1998.690","179879936","179879936","unavailable","188755968","194482176","194482176","unavailable","194482176","194482176","205099008"
"yune","track-a-comparison","luna_pinyin","key_sequence_process_with_context","zhegeyinqingqishiyinggaizhichichaochangjuzishurucainengyong","25","59","116287.400","1970.973","179879936","179879936","unavailable","188755968","194482176","194482176","unavailable","194482176","194482176","205099008"
"yune","track-a-comparison","luna_pinyin","key_sequence_process_with_context","zhegeyinqingqishiyinggaizhichichaochangjuzishurucainengyong","26","59","107518.900","1822.354","179879936","179879936","unavailable","188755968","194482176","194482176","unavailable","194482176","194482176","205099008"
"yune","track-a-comparison","luna_pinyin","key_sequence_process_with_context","zhegeyinqingqishiyinggaizhichichaochangjuzishurucainengyong","27","59","106020.800","1796.963","179879936","179879936","unavailable","188755968","194482176","194482176","unavailable","194482176","194482176","205099008"
"yune","track-a-comparison","luna_pinyin","key_sequence_process_with_context","zhegeyinqingqishiyinggaizhichichaochangjuzishurucainengyong","28","59","105679.600","1791.180","179879936","179879936","unavailable","188755968","194482176","194482176","unavailable","194482176","194482176","205099008"
"yune","track-a-comparison","luna_pinyin","key_sequence_process_with_context","zhegeyinqingqishiyinggaizhichichaochangjuzishurucainengyong","29","59","112485.300","1906.531","179879936","179879936","unavailable","188755968","194482176","194482176","unavailable","194482176","194482176","205099008"
"yune","track-a-comparison","luna_pinyin","key_sequence_process_with_context","zhegeyinqingqishiyinggaizhichichaochangjuzishurucainengyong","30","59","108192.900","1833.778","179879936","179879936","unavailable","188755968","194482176","194482176","unavailable","194482176","194482176","205099008"
"yune","track-a-comparison","luna_pinyin","key_sequence_process_with_context","zhegeyinqingqishiyinggaizhichichaochangjuzishurucainengyong","31","59","107400.600","1820.349","179879936","179879936","unavailable","188755968","194482176","194482176","unavailable","194482176","194482176","205099008"
"yune","track-a-comparison","luna_pinyin","key_sequence_process_with_context","zhegeyinqingqishiyinggaizhichichaochangjuzishurucainengyong","32","59","107385.900","1820.100","179879936","179879936","unavailable","188755968","194482176","194482176","unavailable","194482176","194482176","205099008"
"yune","track-a-comparison","luna_pinyin","key_sequence_process_with_context","zhegeyinqingqishiyinggaizhichichaochangjuzishurucainengyong","33","59","106812.300","1810.378","179879936","179879936","unavailable","188755968","194482176","194482176","unavailable","194482176","194482176","205099008"
"yune","track-a-comparison","luna_pinyin","key_sequence_process_with_context","zhegeyinqingqishiyinggaizhichichaochangjuzishurucainengyong","34","59","106643.300","1807.514","179879936","179879936","unavailable","188755968","194482176","194482176","unavailable","194482176","194482176","205099008"
"yune","track-a-comparison","luna_pinyin","key_sequence_process_with_context","zhegeyinqingqishiyinggaizhichichaochangjuzishurucainengyong","35","59","108985.600","1847.214","179879936","179879936","unavailable","188755968","194482176","194482176","unavailable","194482176","194482176","205099008"
"yune","track-a-comparison","luna_pinyin","key_sequence_process_with_context","zhegeyinqingqishiyinggaizhichichaochangjuzishurucainengyong","36","59","111431.700","1888.673","179879936","179879936","unavailable","188755968","194482176","194482176","unavailable","194482176","194482176","205099008"
"yune","track-a-comparison","luna_pinyin","key_sequence_process_with_context","zhegeyinqingqishiyinggaizhichichaochangjuzishurucainengyong","37","59","110682.300","1875.971","179879936","179879936","unavailable","188755968","194482176","194482176","unavailable","194482176","194482176","205099008"
"yune","track-a-comparison","luna_pinyin","key_sequence_process_with_context","zhegeyinqingqishiyinggaizhichichaochangjuzishurucainengyong","38","59","113314.100","1920.578","179879936","179879936","unavailable","188755968","194482176","194482176","unavailable","194482176","194482176","205099008"
"yune","track-a-comparison","luna_pinyin","key_sequence_process_with_context","zhegeyinqingqishiyinggaizhichichaochangjuzishurucainengyong","39","59","110037.100","1865.036","179879936","179879936","unavailable","188755968","194482176","194482176","unavailable","194482176","194482176","205099008"
"yune","track-a-comparison","luna_pinyin","key_sequence_process_with_context","zhegeyinqingqishiyinggaizhichichaochangjuzishurucainengyong","40","59","107443.000","1821.068","179879936","179879936","unavailable","188755968","194482176","194482176","unavailable","194482176","194482176","205099008"
"yune","track-a-comparison","luna_pinyin","key_sequence_process_with_context","zhegeyinqingqishiyinggaizhichichaochangjuzishurucainengyong","41","59","107542.300","1822.751","179879936","179879936","unavailable","188755968","194482176","194482176","unavailable","194482176","194482176","205099008"
"yune","track-a-comparison","luna_pinyin","key_sequence_process_with_context","zhegeyinqingqishiyinggaizhichichaochangjuzishurucainengyong","42","59","112096.900","1899.947","179879936","179879936","unavailable","188755968","194482176","194482176","unavailable","194482176","194482176","205099008"
"yune","track-a-comparison","luna_pinyin","key_sequence_process_with_context","zhegeyinqingqishiyinggaizhichichaochangjuzishurucainengyong","43","59","115034.500","1949.737","179879936","179879936","unavailable","188755968","194482176","194482176","unavailable","194482176","194482176","205099008"
"yune","track-a-comparison","luna_pinyin","key_sequence_process_with_context","zhegeyinqingqishiyinggaizhichichaochangjuzishurucainengyong","44","59","111474.200","1889.393","179879936","179879936","unavailable","188755968","194482176","194482176","unavailable","194482176","194482176","205099008"
"yune","track-a-comparison","luna_pinyin","key_sequence_process_with_context","zhegeyinqingqishiyinggaizhichichaochangjuzishurucainengyong","45","59","108441.500","1837.992","179879936","179879936","unavailable","188755968","194482176","194482176","unavailable","194482176","194482176","205099008"
"yune","track-a-comparison","luna_pinyin","key_sequence_process_with_context","zhegeyinqingqishiyinggaizhichichaochangjuzishurucainengyong","46","59","107529.300","1822.531","179879936","179879936","unavailable","188755968","194482176","194482176","unavailable","194482176","194482176","205099008"
"yune","track-a-comparison","luna_pinyin","key_sequence_process_with_context","zhegeyinqingqishiyinggaizhichichaochangjuzishurucainengyong","47","59","109815.500","1861.280","179879936","179879936","unavailable","188755968","194482176","194482176","unavailable","194482176","194482176","205099008"
"yune","track-a-comparison","luna_pinyin","key_sequence_process_with_context","zhegeyinqingqishiyinggaizhichichaochangjuzishurucainengyong","48","59","114272.200","1936.817","179879936","179879936","unavailable","188755968","194482176","194482176","unavailable","194482176","194482176","205099008"
"yune","track-a-comparison","luna_pinyin","key_sequence_process_with_context","zhegeyinqingqishiyinggaizhichichaochangjuzishurucainengyong","49","59","111976.900","1897.914","179879936","179924992","unavailable","188755968","194482176","194482176","unavailable","194482176","194482176","205099008"
"yune","track-a-comparison","luna_pinyin","key_sequence_process_with_context","zhegeyinqingqishiyinggaizhichichaochangjuzishurucainengyong","50","59","108210.100","1834.069","179924992","179924992","unavailable","188755968","194482176","194482176","unavailable","194482176","194482176","205099008"
"yune","track-a-comparison","luna_pinyin","key_sequence_process_with_context","zhegeyinqingqishiyinggaizhichichaochangjuzishurucainengyong","51","59","114049.600","1933.044","179924992","179924992","unavailable","188755968","194482176","194482176","unavailable","194482176","194482176","205099008"
"yune","track-a-comparison","luna_pinyin","key_sequence_process_with_context","zhegeyinqingqishiyinggaizhichichaochangjuzishurucainengyong","52","59","110438.500","1871.839","179924992","179924992","unavailable","188755968","194482176","194482176","unavailable","194482176","194482176","205099008"
"yune","track-a-comparison","luna_pinyin","key_sequence_process_with_context","zhegeyinqingqishiyinggaizhichichaochangjuzishurucainengyong","53","59","105701.800","1791.556","179924992","179924992","unavailable","188755968","194482176","194482176","unavailable","194482176","194482176","205099008"
"yune","track-a-comparison","luna_pinyin","key_sequence_process_with_context","zhegeyinqingqishiyinggaizhichichaochangjuzishurucainengyong","54","59","105486.100","1787.900","179924992","179953664","unavailable","188755968","194482176","194482176","unavailable","194482176","194482176","205099008"
"yune","track-a-comparison","luna_pinyin","key_sequence_process_with_context","zhegeyinqingqishiyinggaizhichichaochangjuzishurucainengyong","55","59","107216.300","1817.225","179953664","180006912","unavailable","188755968","194482176","194482176","unavailable","194482176","194482176","205099008"
"yune","track-a-comparison","luna_pinyin","key_sequence_process_with_context","zhegeyinqingqishiyinggaizhichichaochangjuzishurucainengyong","56","59","111161.100","1884.086","180006912","180006912","unavailable","188755968","194482176","194482176","unavailable","194482176","194482176","205099008"
"yune","track-a-comparison","luna_pinyin","key_sequence_process_with_context","zhegeyinqingqishiyinggaizhichichaochangjuzishurucainengyong","57","59","112059.800","1899.319","180006912","180006912","unavailable","188755968","194482176","194482176","unavailable","194482176","194482176","205099008"
"yune","track-a-comparison","luna_pinyin","key_sequence_process_with_context","zhegeyinqingqishiyinggaizhichichaochangjuzishurucainengyong","58","59","110865.600","1879.078","180006912","180006912","unavailable","188755968","194482176","194482176","unavailable","194482176","194482176","205099008"
"yune","track-a-comparison","luna_pinyin","key_sequence_process_with_context","zhegeyinqingqishiyinggaizhichichaochangjuzishurucainengyong","59","59","110427.100","1871.646","180006912","180006912","unavailable","188755968","194482176","194482176","unavailable","194482176","194482176","205099008"
"yune","track-a-comparison","luna_pinyin","key_sequence_process_with_context","zhegeyinqingqishiyinggaizhichichaochangjuzishurucainengyong","60","59","116756.800","1978.929","180006912","180006912","unavailable","188755968","194482176","194482176","unavailable","194482176","194482176","205099008"
"yune","track-a-comparison","luna_pinyin","key_sequence_process_with_context","zhegeyinqingqishiyinggaizhichichaochangjuzishurucainengyong","61","59","108178.800","1833.539","180006912","180006912","unavailable","188755968","194482176","194482176","unavailable","194482176","194482176","205099008"
"yune","track-a-comparison","luna_pinyin","key_sequence_process_with_context","zhegeyinqingqishiyinggaizhichichaochangjuzishurucainengyong","62","59","107528.400","1822.515","180006912","180006912","unavailable","188755968","194482176","194482176","unavailable","194482176","194482176","205099008"
"yune","track-a-comparison","luna_pinyin","key_sequence_process_with_context","zhegeyinqingqishiyinggaizhichichaochangjuzishurucainengyong","63","59","107299.600","1818.637","180006912","180006912","unavailable","188755968","194482176","194482176","unavailable","194482176","194482176","205099008"
"yune","track-a-comparison","luna_pinyin","key_sequence_process_with_context","zhegeyinqingqishiyinggaizhichichaochangjuzishurucainengyong","64","59","111291.500","1886.297","180006912","180006912","unavailable","188755968","194482176","194482176","unavailable","194482176","194482176","205099008"
"yune","track-a-comparison","luna_pinyin","key_sequence_process_with_context","zhegeyinqingqishiyinggaizhichichaochangjuzishurucainengyong","65","59","111045.100","1882.120","180006912","180006912","unavailable","188755968","194482176","194482176","unavailable","194482176","194482176","205099008"
"yune","track-a-comparison","luna_pinyin","key_sequence_process_with_context","zhegeyinqingqishiyinggaizhichichaochangjuzishurucainengyong","66","59","107334.300","1819.225","180006912","180006912","unavailable","188755968","194482176","194482176","unavailable","194482176","194482176","205099008"
"yune","track-a-comparison","luna_pinyin","key_sequence_process_with_context","zhegeyinqingqishiyinggaizhichichaochangjuzishurucainengyong","67","59","107887.900","1828.608","180006912","180006912","unavailable","188755968","194482176","194482176","unavailable","194482176","194482176","205099008"
"yune","track-a-comparison","luna_pinyin","key_sequence_process_with_context","zhegeyinqingqishiyinggaizhichichaochangjuzishurucainengyong","68","59","113357.700","1921.317","180006912","180006912","unavailable","188755968","194482176","194482176","unavailable","194482176","194482176","205099008"
"yune","track-a-comparison","luna_pinyin","key_sequence_process_with_context","zhegeyinqingqishiyinggaizhichichaochangjuzishurucainengyong","69","59","109062.200","1848.512","180006912","180006912","unavailable","188755968","194482176","194482176","unavailable","194482176","194482176","205099008"
"yune","track-a-comparison","luna_pinyin","key_sequence_process_with_context","zhegeyinqingqishiyinggaizhichichaochangjuzishurucainengyong","70","59","114198.800","1935.573","180006912","180006912","unavailable","188755968","194482176","194482176","unavailable","194482176","194482176","205099008"
"yune","track-a-comparison","luna_pinyin","key_sequence_process_with_context","zhegeyinqingqishiyinggaizhichichaochangjuzishurucainengyong","71","59","111014.500","1881.602","180006912","180006912","unavailable","188755968","194482176","194482176","unavailable","194482176","194482176","205099008"
"yune","track-a-comparison","luna_pinyin","key_sequence_process_with_context","zhegeyinqingqishiyinggaizhichichaochangjuzishurucainengyong","72","59","105992.300","1796.480","180006912","180006912","unavailable","188755968","194482176","194482176","unavailable","194482176","194482176","205099008"
"yune","track-a-comparison","luna_pinyin","key_sequence_process_with_context","zhegeyinqingqishiyinggaizhichichaochangjuzishurucainengyong","73","59","105538.000","1788.780","180006912","180006912","unavailable","188755968","194482176","194482176","unavailable","194482176","194482176","205099008"
"yune","track-a-comparison","luna_pinyin","key_sequence_process_with_context","zhegeyinqingqishiyinggaizhichichaochangjuzishurucainengyong","74","59","106897.000","1811.814","180006912","180006912","unavailable","188755968","194482176","194482176","unavailable","194482176","194482176","205099008"
"yune","track-a-comparison","luna_pinyin","key_sequence_process_with_context","zhegeyinqingqishiyinggaizhichichaochangjuzishurucainengyong","75","59","111666.300","1892.649","180006912","180006912","unavailable","188755968","194482176","194482176","unavailable","194482176","194482176","205099008"
"yune","track-a-comparison","luna_pinyin","key_sequence_process_with_context","zhegeyinqingqishiyinggaizhichichaochangjuzishurucainengyong","76","59","107487.800","1821.827","180006912","180006912","unavailable","188755968","194482176","194482176","unavailable","194482176","194482176","205099008"
"yune","track-a-comparison","luna_pinyin","key_sequence_process_with_context","zhegeyinqingqishiyinggaizhichichaochangjuzishurucainengyong","77","59","105755.000","1792.458","180006912","180006912","unavailable","188755968","194482176","194482176","unavailable","194482176","194482176","205099008"
"yune","track-a-comparison","luna_pinyin","key_sequence_process_with_context","zhegeyinqingqishiyinggaizhichichaochangjuzishurucainengyong","78","59","109682.200","1859.020","180006912","180006912","unavailable","188755968","194482176","194482176","unavailable","194482176","194482176","205099008"
"yune","track-a-comparison","luna_pinyin","key_sequence_process_with_context","zhegeyinqingqishiyinggaizhichichaochangjuzishurucainengyong","79","59","109593.900","1857.524","180006912","180006912","unavailable","188755968","194482176","194482176","unavailable","194482176","194482176","205099008"
