"engine","track","schema_id","workload","input","sample_index","event_index","name","micros","working_set_before","working_set_after","peak_working_set_after"
"yune","track-a-comparison","luna_pinyin","startup_warm_shared_assets_runtime_ready","","0","0","runtime_setup","165","unavailable","unavailable","unavailable"
"yune","track-a-comparison","luna_pinyin","startup_warm_shared_assets_runtime_ready","","0","1","runtime_setup","56","unavailable","unavailable","unavailable"
"yune","track-a-comparison","luna_pinyin","startup_warm_shared_assets_runtime_ready","","0","2","runtime_initialize","56","unavailable","unavailable","unavailable"
"yune","track-a-comparison","luna_pinyin","startup_warm_shared_assets_runtime_ready","","0","3","schema_config_load","226","unavailable","unavailable","unavailable"
"yune","track-a-comparison","luna_pinyin","startup_warm_shared_assets_runtime_ready","","0","4","schema_switch_options","2","unavailable","unavailable","unavailable"
"yune","track-a-comparison","luna_pinyin","startup_warm_shared_assets_runtime_ready","","0","5","processor_install","4003","unavailable","unavailable","unavailable"
"yune","track-a-comparison","luna_pinyin","startup_warm_shared_assets_runtime_ready","","0","6","schema_config_load","197","unavailable","unavailable","unavailable"
"yune","track-a-comparison","luna_pinyin","startup_warm_shared_assets_runtime_ready","","0","7","compiled_table_load","28","unavailable","unavailable","unavailable"
"yune","track-a-comparison","luna_pinyin","startup_warm_shared_assets_runtime_ready","","0","8","compiled_prism_load","22","unavailable","unavailable","unavailable"
"yune","track-a-comparison","luna_pinyin","startup_warm_shared_assets_runtime_ready","","0","9","compiled_reverse_load","95","unavailable","unavailable","unavailable"
"yune","track-a-comparison","luna_pinyin","startup_warm_shared_assets_runtime_ready","","0","10","compiled_poet_load","2938","unavailable","unavailable","unavailable"
"yune","track-a-comparison","luna_pinyin","startup_warm_shared_assets_runtime_ready","","0","11","compiled_prism_parse","15","unavailable","unavailable","unavailable"
"yune","track-a-comparison","luna_pinyin","startup_warm_shared_assets_runtime_ready","","0","12","compiled_reverse_load","1","unavailable","unavailable","unavailable"
"yune","track-a-comparison","luna_pinyin","startup_warm_shared_assets_runtime_ready","","0","13","compiled_table_dictionary_parse","9232","unavailable","unavailable","unavailable"
"yune","track-a-comparison","luna_pinyin","startup_warm_shared_assets_runtime_ready","","0","14","compiled_table_compact_parse","252","unavailable","unavailable","unavailable"
"yune","track-a-comparison","luna_pinyin","startup_warm_shared_assets_runtime_ready","","0","15","translator_index_build","5","unavailable","unavailable","unavailable"
"yune","track-a-comparison","luna_pinyin","startup_warm_shared_assets_runtime_ready","","0","16","spelling_algebra_expand","320","unavailable","unavailable","unavailable"
"yune","track-a-comparison","luna_pinyin","startup_warm_shared_assets_runtime_ready","","0","17","translator_install","142779","unavailable","unavailable","unavailable"
"yune","track-a-comparison","luna_pinyin","startup_warm_shared_assets_runtime_ready","","0","18","schema_config_load","279","unavailable","unavailable","unavailable"
"yune","track-a-comparison","luna_pinyin","startup_warm_shared_assets_runtime_ready","","0","19","filter_install","364","unavailable","unavailable","unavailable"
"yune","track-a-comparison","luna_pinyin","startup_warm_shared_assets_runtime_ready","","0","20","userdb_open_or_sync","26","unavailable","unavailable","unavailable"
"yune","track-a-comparison","luna_pinyin","startup_warm_shared_assets_runtime_ready","","0","21","session_create","169727","unavailable","unavailable","unavailable"
"yune","track-a-comparison","luna_pinyin","startup_warm_shared_assets_runtime_ready","","0","22","schema_select","115","unavailable","unavailable","unavailable"
"yune","track-a-comparison","luna_pinyin","startup_warm_shared_assets_runtime_ready","","0","23","session_destroy","539","unavailable","unavailable","unavailable"
"yune","track-a-comparison","luna_pinyin","startup_warm_shared_assets_runtime_ready","","0","24","runtime_finalize","1","unavailable","unavailable","unavailable"
"yune","track-a-comparison","luna_pinyin","startup_warm_shared_assets_runtime_ready","","1","0","runtime_setup","109","unavailable","unavailable","unavailable"
"yune","track-a-comparison","luna_pinyin","startup_warm_shared_assets_runtime_ready","","1","1","runtime_setup","34","unavailable","unavailable","unavailable"
"yune","track-a-comparison","luna_pinyin","startup_warm_shared_assets_runtime_ready","","1","2","runtime_initialize","34","unavailable","unavailable","unavailable"
"yune","track-a-comparison","luna_pinyin","startup_warm_shared_assets_runtime_ready","","1","3","schema_config_load","135","unavailable","unavailable","unavailable"
"yune","track-a-comparison","luna_pinyin","startup_warm_shared_assets_runtime_ready","","1","4","schema_switch_options","1","unavailable","unavailable","unavailable"
"yune","track-a-comparison","luna_pinyin","startup_warm_shared_assets_runtime_ready","","1","5","processor_install","2563","unavailable","unavailable","unavailable"
"yune","track-a-comparison","luna_pinyin","startup_warm_shared_assets_runtime_ready","","1","6","schema_config_load","132","unavailable","unavailable","unavailable"
"yune","track-a-comparison","luna_pinyin","startup_warm_shared_assets_runtime_ready","","1","7","translator_install","1792","unavailable","unavailable","unavailable"
"yune","track-a-comparison","luna_pinyin","startup_warm_shared_assets_runtime_ready","","1","8","schema_config_load","136","unavailable","unavailable","unavailable"
"yune","track-a-comparison","luna_pinyin","startup_warm_shared_assets_runtime_ready","","1","9","filter_install","197","unavailable","unavailable","unavailable"
"yune","track-a-comparison","luna_pinyin","startup_warm_shared_assets_runtime_ready","","1","10","userdb_open_or_sync","10","unavailable","unavailable","unavailable"
"yune","track-a-comparison","luna_pinyin","startup_warm_shared_assets_runtime_ready","","1","11","session_create","6667","unavailable","unavailable","unavailable"
"yune","track-a-comparison","luna_pinyin","startup_warm_shared_assets_runtime_ready","","1","12","schema_select","101","unavailable","unavailable","unavailable"
"yune","track-a-comparison","luna_pinyin","startup_warm_shared_assets_runtime_ready","","1","13","session_destroy","403","unavailable","unavailable","unavailable"
"yune","track-a-comparison","luna_pinyin","startup_warm_shared_assets_runtime_ready","","1","14","runtime_finalize","0","unavailable","unavailable","unavailable"
"yune","track-a-comparison","luna_pinyin","startup_warm_shared_assets_runtime_ready","","2","0","runtime_setup","64","unavailable","unavailable","unavailable"
"yune","track-a-comparison","luna_pinyin","startup_warm_shared_assets_runtime_ready","","2","1","runtime_setup","30","unavailable","unavailable","unavailable"
"yune","track-a-comparison","luna_pinyin","startup_warm_shared_assets_runtime_ready","","2","2","runtime_initialize","31","unavailable","unavailable","unavailable"
"yune","track-a-comparison","luna_pinyin","startup_warm_shared_assets_runtime_ready","","2","3","schema_config_load","134","unavailable","unavailable","unavailable"
"yune","track-a-comparison","luna_pinyin","startup_warm_shared_assets_runtime_ready","","2","4","schema_switch_options","1","unavailable","unavailable","unavailable"
"yune","track-a-comparison","luna_pinyin","startup_warm_shared_assets_runtime_ready","","2","5","processor_install","2424","unavailable","unavailable","unavailable"
"yune","track-a-comparison","luna_pinyin","startup_warm_shared_assets_runtime_ready","","2","6","schema_config_load","137","unavailable","unavailable","unavailable"
"yune","track-a-comparison","luna_pinyin","startup_warm_shared_assets_runtime_ready","","2","7","translator_install","1751","unavailable","unavailable","unavailable"
"yune","track-a-comparison","luna_pinyin","startup_warm_shared_assets_runtime_ready","","2","8","schema_config_load","137","unavailable","unavailable","unavailable"
"yune","track-a-comparison","luna_pinyin","startup_warm_shared_assets_runtime_ready","","2","9","filter_install","200","unavailable","unavailable","unavailable"
"yune","track-a-comparison","luna_pinyin","startup_warm_shared_assets_runtime_ready","","2","10","userdb_open_or_sync","10","unavailable","unavailable","unavailable"
"yune","track-a-comparison","luna_pinyin","startup_warm_shared_assets_runtime_ready","","2","11","session_create","6415","unavailable","unavailable","unavailable"
"yune","track-a-comparison","luna_pinyin","startup_warm_shared_assets_runtime_ready","","2","12","schema_select","104","unavailable","unavailable","unavailable"
"yune","track-a-comparison","luna_pinyin","startup_warm_shared_assets_runtime_ready","","2","13","session_destroy","353","unavailable","unavailable","unavailable"
"yune","track-a-comparison","luna_pinyin","startup_warm_shared_assets_runtime_ready","","2","14","runtime_finalize","0","unavailable","unavailable","unavailable"
"yune","track-a-comparison","luna_pinyin","startup_warm_shared_assets_runtime_ready","","3","0","runtime_setup","64","unavailable","unavailable","unavailable"
"yune","track-a-comparison","luna_pinyin","startup_warm_shared_assets_runtime_ready","","3","1","runtime_setup","33","unavailable","unavailable","unavailable"
"yune","track-a-comparison","luna_pinyin","startup_warm_shared_assets_runtime_ready","","3","2","runtime_initialize","33","unavailable","unavailable","unavailable"
"yune","track-a-comparison","luna_pinyin","startup_warm_shared_assets_runtime_ready","","3","3","schema_config_load","132","unavailable","unavailable","unavailable"
"yune","track-a-comparison","luna_pinyin","startup_warm_shared_assets_runtime_ready","","3","4","schema_switch_options","1","unavailable","unavailable","unavailable"
"yune","track-a-comparison","luna_pinyin","startup_warm_shared_assets_runtime_ready","","3","5","processor_install","2403","unavailable","unavailable","unavailable"
"yune","track-a-comparison","luna_pinyin","startup_warm_shared_assets_runtime_ready","","3","6","schema_config_load","132","unavailable","unavailable","unavailable"
"yune","track-a-comparison","luna_pinyin","startup_warm_shared_assets_runtime_ready","","3","7","translator_install","1727","unavailable","unavailable","unavailable"
"yune","track-a-comparison","luna_pinyin","startup_warm_shared_assets_runtime_ready","","3","8","schema_config_load","134","unavailable","unavailable","unavailable"
"yune","track-a-comparison","luna_pinyin","startup_warm_shared_assets_runtime_ready","","3","9","filter_install","196","unavailable","unavailable","unavailable"
"yune","track-a-comparison","luna_pinyin","startup_warm_shared_assets_runtime_ready","","3","10","userdb_open_or_sync","8","unavailable","unavailable","unavailable"
"yune","track-a-comparison","luna_pinyin","startup_warm_shared_assets_runtime_ready","","3","11","session_create","6349","unavailable","unavailable","unavailable"
"yune","track-a-comparison","luna_pinyin","startup_warm_shared_assets_runtime_ready","","3","12","schema_select","115","unavailable","unavailable","unavailable"
"yune","track-a-comparison","luna_pinyin","startup_warm_shared_assets_runtime_ready","","3","13","session_destroy","351","unavailable","unavailable","unavailable"
"yune","track-a-comparison","luna_pinyin","startup_warm_shared_assets_runtime_ready","","3","14","runtime_finalize","0","unavailable","unavailable","unavailable"
"yune","track-a-comparison","luna_pinyin","startup_warm_shared_assets_runtime_ready","","4","0","runtime_setup","60","unavailable","unavailable","unavailable"
"yune","track-a-comparison","luna_pinyin","startup_warm_shared_assets_runtime_ready","","4","1","runtime_setup","29","unavailable","unavailable","unavailable"
"yune","track-a-comparison","luna_pinyin","startup_warm_shared_assets_runtime_ready","","4","2","runtime_initialize","29","unavailable","unavailable","unavailable"
"yune","track-a-comparison","luna_pinyin","startup_warm_shared_assets_runtime_ready","","4","3","schema_config_load","132","unavailable","unavailable","unavailable"
"yune","track-a-comparison","luna_pinyin","startup_warm_shared_assets_runtime_ready","","4","4","schema_switch_options","1","unavailable","unavailable","unavailable"
"yune","track-a-comparison","luna_pinyin","startup_warm_shared_assets_runtime_ready","","4","5","processor_install","2390","unavailable","unavailable","unavailable"
"yune","track-a-comparison","luna_pinyin","startup_warm_shared_assets_runtime_ready","","4","6","schema_config_load","131","unavailable","unavailable","unavailable"
"yune","track-a-comparison","luna_pinyin","startup_warm_shared_assets_runtime_ready","","4","7","translator_install","1714","unavailable","unavailable","unavailable"
"yune","track-a-comparison","luna_pinyin","startup_warm_shared_assets_runtime_ready","","4","8","schema_config_load","136","unavailable","unavailable","unavailable"
"yune","track-a-comparison","luna_pinyin","startup_warm_shared_assets_runtime_ready","","4","9","filter_install","198","unavailable","unavailable","unavailable"
"yune","track-a-comparison","luna_pinyin","startup_warm_shared_assets_runtime_ready","","4","10","userdb_open_or_sync","8","unavailable","unavailable","unavailable"
"yune","track-a-comparison","luna_pinyin","startup_warm_shared_assets_runtime_ready","","4","11","session_create","6335","unavailable","unavailable","unavailable"
"yune","track-a-comparison","luna_pinyin","startup_warm_shared_assets_runtime_ready","","4","12","schema_select","99","unavailable","unavailable","unavailable"
"yune","track-a-comparison","luna_pinyin","startup_warm_shared_assets_runtime_ready","","4","13","session_destroy","360","unavailable","unavailable","unavailable"
"yune","track-a-comparison","luna_pinyin","startup_warm_shared_assets_runtime_ready","","4","14","runtime_finalize","0","unavailable","unavailable","unavailable"
"yune","track-a-comparison","luna_pinyin","startup_warm_shared_assets_runtime_ready","","5","0","runtime_setup","58","unavailable","unavailable","unavailable"
"yune","track-a-comparison","luna_pinyin","startup_warm_shared_assets_runtime_ready","","5","1","runtime_setup","32","unavailable","unavailable","unavailable"
"yune","track-a-comparison","luna_pinyin","startup_warm_shared_assets_runtime_ready","","5","2","runtime_initialize","33","unavailable","unavailable","unavailable"
"yune","track-a-comparison","luna_pinyin","startup_warm_shared_assets_runtime_ready","","5","3","schema_config_load","130","unavailable","unavailable","unavailable"
"yune","track-a-comparison","luna_pinyin","startup_warm_shared_assets_runtime_ready","","5","4","schema_switch_options","1","unavailable","unavailable","unavailable"
"yune","track-a-comparison","luna_pinyin","startup_warm_shared_assets_runtime_ready","","5","5","processor_install","2396","unavailable","unavailable","unavailable"
"yune","track-a-comparison","luna_pinyin","startup_warm_shared_assets_runtime_ready","","5","6","schema_config_load","137","unavailable","unavailable","unavailable"
"yune","track-a-comparison","luna_pinyin","startup_warm_shared_assets_runtime_ready","","5","7","translator_install","1750","unavailable","unavailable","unavailable"
"yune","track-a-comparison","luna_pinyin","startup_warm_shared_assets_runtime_ready","","5","8","schema_config_load","136","unavailable","unavailable","unavailable"
"yune","track-a-comparison","luna_pinyin","startup_warm_shared_assets_runtime_ready","","5","9","filter_install","197","unavailable","unavailable","unavailable"
"yune","track-a-comparison","luna_pinyin","startup_warm_shared_assets_runtime_ready","","5","10","userdb_open_or_sync","8","unavailable","unavailable","unavailable"
"yune","track-a-comparison","luna_pinyin","startup_warm_shared_assets_runtime_ready","","5","11","session_create","6374","unavailable","unavailable","unavailable"
"yune","track-a-comparison","luna_pinyin","startup_warm_shared_assets_runtime_ready","","5","12","schema_select","99","unavailable","unavailable","unavailable"
"yune","track-a-comparison","luna_pinyin","startup_warm_shared_assets_runtime_ready","","5","13","session_destroy","361","unavailable","unavailable","unavailable"
"yune","track-a-comparison","luna_pinyin","startup_warm_shared_assets_runtime_ready","","5","14","runtime_finalize","0","unavailable","unavailable","unavailable"
"yune","track-a-comparison","luna_pinyin","startup_warm_shared_assets_runtime_ready","","6","0","runtime_setup","60","unavailable","unavailable","unavailable"
"yune","track-a-comparison","luna_pinyin","startup_warm_shared_assets_runtime_ready","","6","1","runtime_setup","30","unavailable","unavailable","unavailable"
"yune","track-a-comparison","luna_pinyin","startup_warm_shared_assets_runtime_ready","","6","2","runtime_initialize","30","unavailable","unavailable","unavailable"
"yune","track-a-comparison","luna_pinyin","startup_warm_shared_assets_runtime_ready","","6","3","schema_config_load","136","unavailable","unavailable","unavailable"
"yune","track-a-comparison","luna_pinyin","startup_warm_shared_assets_runtime_ready","","6","4","schema_switch_options","1","unavailable","unavailable","unavailable"
"yune","track-a-comparison","luna_pinyin","startup_warm_shared_assets_runtime_ready","","6","5","processor_install","2385","unavailable","unavailable","unavailable"
"yune","track-a-comparison","luna_pinyin","startup_warm_shared_assets_runtime_ready","","6","6","schema_config_load","136","unavailable","unavailable","unavailable"
"yune","track-a-comparison","luna_pinyin","startup_warm_shared_assets_runtime_ready","","6","7","translator_install","1723","unavailable","unavailable","unavailable"
"yune","track-a-comparison","luna_pinyin","startup_warm_shared_assets_runtime_ready","","6","8","schema_config_load","135","unavailable","unavailable","unavailable"
"yune","track-a-comparison","luna_pinyin","startup_warm_shared_assets_runtime_ready","","6","9","filter_install","196","unavailable","unavailable","unavailable"
"yune","track-a-comparison","luna_pinyin","startup_warm_shared_assets_runtime_ready","","6","10","userdb_open_or_sync","8","unavailable","unavailable","unavailable"
"yune","track-a-comparison","luna_pinyin","startup_warm_shared_assets_runtime_ready","","6","11","session_create","6332","unavailable","unavailable","unavailable"
"yune","track-a-comparison","luna_pinyin","startup_warm_shared_assets_runtime_ready","","6","12","schema_select","99","unavailable","unavailable","unavailable"
"yune","track-a-comparison","luna_pinyin","startup_warm_shared_assets_runtime_ready","","6","13","session_destroy","348","unavailable","unavailable","unavailable"
"yune","track-a-comparison","luna_pinyin","startup_warm_shared_assets_runtime_ready","","6","14","runtime_finalize","0","unavailable","unavailable","unavailable"
"yune","track-a-comparison","luna_pinyin","startup_warm_shared_assets_runtime_ready","","7","0","runtime_setup","56","unavailable","unavailable","unavailable"
"yune","track-a-comparison","luna_pinyin","startup_warm_shared_assets_runtime_ready","","7","1","runtime_setup","31","unavailable","unavailable","unavailable"
"yune","track-a-comparison","luna_pinyin","startup_warm_shared_assets_runtime_ready","","7","2","runtime_initialize","31","unavailable","unavailable","unavailable"
"yune","track-a-comparison","luna_pinyin","startup_warm_shared_assets_runtime_ready","","7","3","schema_config_load","142","unavailable","unavailable","unavailable"
"yune","track-a-comparison","luna_pinyin","startup_warm_shared_assets_runtime_ready","","7","4","schema_switch_options","1","unavailable","unavailable","unavailable"
"yune","track-a-comparison","luna_pinyin","startup_warm_shared_assets_runtime_ready","","7","5","processor_install","2370","unavailable","unavailable","unavailable"
"yune","track-a-comparison","luna_pinyin","startup_warm_shared_assets_runtime_ready","","7","6","schema_config_load","134","unavailable","unavailable","unavailable"
"yune","track-a-comparison","luna_pinyin","startup_warm_shared_assets_runtime_ready","","7","7","translator_install","1748","unavailable","unavailable","unavailable"
"yune","track-a-comparison","luna_pinyin","startup_warm_shared_assets_runtime_ready","","7","8","schema_config_load","134","unavailable","unavailable","unavailable"
"yune","track-a-comparison","luna_pinyin","startup_warm_shared_assets_runtime_ready","","7","9","filter_install","195","unavailable","unavailable","unavailable"
"yune","track-a-comparison","luna_pinyin","startup_warm_shared_assets_runtime_ready","","7","10","userdb_open_or_sync","8","unavailable","unavailable","unavailable"
"yune","track-a-comparison","luna_pinyin","startup_warm_shared_assets_runtime_ready","","7","11","session_create","6327","unavailable","unavailable","unavailable"
"yune","track-a-comparison","luna_pinyin","startup_warm_shared_assets_runtime_ready","","7","12","schema_select","99","unavailable","unavailable","unavailable"
"yune","track-a-comparison","luna_pinyin","startup_warm_shared_assets_runtime_ready","","7","13","session_destroy","350","unavailable","unavailable","unavailable"
"yune","track-a-comparison","luna_pinyin","startup_warm_shared_assets_runtime_ready","","7","14","runtime_finalize","0","unavailable","unavailable","unavailable"
"yune","track-a-comparison","luna_pinyin","startup_warm_shared_assets_runtime_ready","","8","0","runtime_setup","58","unavailable","unavailable","unavailable"
"yune","track-a-comparison","luna_pinyin","startup_warm_shared_assets_runtime_ready","","8","1","runtime_setup","30","unavailable","unavailable","unavailable"
"yune","track-a-comparison","luna_pinyin","startup_warm_shared_assets_runtime_ready","","8","2","runtime_initialize","30","unavailable","unavailable","unavailable"
"yune","track-a-comparison","luna_pinyin","startup_warm_shared_assets_runtime_ready","","8","3","schema_config_load","130","unavailable","unavailable","unavailable"
"yune","track-a-comparison","luna_pinyin","startup_warm_shared_assets_runtime_ready","","8","4","schema_switch_options","1","unavailable","unavailable","unavailable"
"yune","track-a-comparison","luna_pinyin","startup_warm_shared_assets_runtime_ready","","8","5","processor_install","2432","unavailable","unavailable","unavailable"
"yune","track-a-comparison","luna_pinyin","startup_warm_shared_assets_runtime_ready","","8","6","schema_config_load","131","unavailable","unavailable","unavailable"
"yune","track-a-comparison","luna_pinyin","startup_warm_shared_assets_runtime_ready","","8","7","translator_install","1752","unavailable","unavailable","unavailable"
"yune","track-a-comparison","luna_pinyin","startup_warm_shared_assets_runtime_ready","","8","8","schema_config_load","135","unavailable","unavailable","unavailable"
"yune","track-a-comparison","luna_pinyin","startup_warm_shared_assets_runtime_ready","","8","9","filter_install","196","unavailable","unavailable","unavailable"
"yune","track-a-comparison","luna_pinyin","startup_warm_shared_assets_runtime_ready","","8","10","userdb_open_or_sync","8","unavailable","unavailable","unavailable"
"yune","track-a-comparison","luna_pinyin","startup_warm_shared_assets_runtime_ready","","8","11","session_create","6423","unavailable","unavailable","unavailable"
"yune","track-a-comparison","luna_pinyin","startup_warm_shared_assets_runtime_ready","","8","12","schema_select","102","unavailable","unavailable","unavailable"
"yune","track-a-comparison","luna_pinyin","startup_warm_shared_assets_runtime_ready","","8","13","session_destroy","356","unavailable","unavailable","unavailable"
"yune","track-a-comparison","luna_pinyin","startup_warm_shared_assets_runtime_ready","","8","14","runtime_finalize","0","unavailable","unavailable","unavailable"
"yune","track-a-comparison","luna_pinyin","session_create_select_destroy","","0","0","schema_config_load","129","unavailable","unavailable","unavailable"
"yune","track-a-comparison","luna_pinyin","session_create_select_destroy","","0","1","schema_switch_options","1","unavailable","unavailable","unavailable"
"yune","track-a-comparison","luna_pinyin","session_create_select_destroy","","0","2","processor_install","2426","unavailable","unavailable","unavailable"
"yune","track-a-comparison","luna_pinyin","session_create_select_destroy","","0","3","schema_config_load","133","unavailable","unavailable","unavailable"
"yune","track-a-comparison","luna_pinyin","session_create_select_destroy","","0","4","translator_install","1753","unavailable","unavailable","unavailable"
"yune","track-a-comparison","luna_pinyin","session_create_select_destroy","","0","5","schema_config_load","140","unavailable","unavailable","unavailable"
"yune","track-a-comparison","luna_pinyin","session_create_select_destroy","","0","6","filter_install","200","unavailable","unavailable","unavailable"
"yune","track-a-comparison","luna_pinyin","session_create_select_destroy","","0","7","userdb_open_or_sync","8","unavailable","unavailable","unavailable"
"yune","track-a-comparison","luna_pinyin","session_create_select_destroy","","0","8","session_create","6402","unavailable","unavailable","unavailable"
"yune","track-a-comparison","luna_pinyin","session_create_select_destroy","","0","9","schema_select","99","unavailable","unavailable","unavailable"
"yune","track-a-comparison","luna_pinyin","session_create_select_destroy","","0","10","session_destroy","370","unavailable","unavailable","unavailable"
"yune","track-a-comparison","luna_pinyin","session_create_select_destroy","","1","0","schema_config_load","130","unavailable","unavailable","unavailable"
"yune","track-a-comparison","luna_pinyin","session_create_select_destroy","","1","1","schema_switch_options","1","unavailable","unavailable","unavailable"
"yune","track-a-comparison","luna_pinyin","session_create_select_destroy","","1","2","processor_install","2407","unavailable","unavailable","unavailable"
"yune","track-a-comparison","luna_pinyin","session_create_select_destroy","","1","3","schema_config_load","135","unavailable","unavailable","unavailable"
"yune","track-a-comparison","luna_pinyin","session_create_select_destroy","","1","4","translator_install","1740","unavailable","unavailable","unavailable"
"yune","track-a-comparison","luna_pinyin","session_create_select_destroy","","1","5","schema_config_load","133","unavailable","unavailable","unavailable"
"yune","track-a-comparison","luna_pinyin","session_create_select_destroy","","1","6","filter_install","194","unavailable","unavailable","unavailable"
"yune","track-a-comparison","luna_pinyin","session_create_select_destroy","","1","7","userdb_open_or_sync","8","unavailable","unavailable","unavailable"
"yune","track-a-comparison","luna_pinyin","session_create_select_destroy","","1","8","session_create","6360","unavailable","unavailable","unavailable"
"yune","track-a-comparison","luna_pinyin","session_create_select_destroy","","1","9","schema_select","99","unavailable","unavailable","unavailable"
"yune","track-a-comparison","luna_pinyin","session_create_select_destroy","","1","10","session_destroy","354","unavailable","unavailable","unavailable"
"yune","track-a-comparison","luna_pinyin","session_create_select_destroy","","2","0","schema_config_load","134","unavailable","unavailable","unavailable"
"yune","track-a-comparison","luna_pinyin","session_create_select_destroy","","2","1","schema_switch_options","1","unavailable","unavailable","unavailable"
"yune","track-a-comparison","luna_pinyin","session_create_select_destroy","","2","2","processor_install","2395","unavailable","unavailable","unavailable"
"yune","track-a-comparison","luna_pinyin","session_create_select_destroy","","2","3","schema_config_load","131","unavailable","unavailable","unavailable"
"yune","track-a-comparison","luna_pinyin","session_create_select_destroy","","2","4","translator_install","1732","unavailable","unavailable","unavailable"
"yune","track-a-comparison","luna_pinyin","session_create_select_destroy","","2","5","schema_config_load","136","unavailable","unavailable","unavailable"
"yune","track-a-comparison","luna_pinyin","session_create_select_destroy","","2","6","filter_install","197","unavailable","unavailable","unavailable"
"yune","track-a-comparison","luna_pinyin","session_create_select_destroy","","2","7","userdb_open_or_sync","8","unavailable","unavailable","unavailable"
"yune","track-a-comparison","luna_pinyin","session_create_select_destroy","","2","8","session_create","6352","unavailable","unavailable","unavailable"
"yune","track-a-comparison","luna_pinyin","session_create_select_destroy","","2","9","schema_select","99","unavailable","unavailable","unavailable"
"yune","track-a-comparison","luna_pinyin","session_create_select_destroy","","2","10","session_destroy","349","unavailable","unavailable","unavailable"
"yune","track-a-comparison","luna_pinyin","session_create_select_destroy","","3","0","schema_config_load","135","unavailable","unavailable","unavailable"
"yune","track-a-comparison","luna_pinyin","session_create_select_destroy","","3","1","schema_switch_options","1","unavailable","unavailable","unavailable"
"yune","track-a-comparison","luna_pinyin","session_create_select_destroy","","3","2","processor_install","2385","unavailable","unavailable","unavailable"
"yune","track-a-comparison","luna_pinyin","session_create_select_destroy","","3","3","schema_config_load","131","unavailable","unavailable","unavailable"
"yune","track-a-comparison","luna_pinyin","session_create_select_destroy","","3","4","translator_install","1742","unavailable","unavailable","unavailable"
"yune","track-a-comparison","luna_pinyin","session_create_select_destroy","","3","5","schema_config_load","135","unavailable","unavailable","unavailable"
"yune","track-a-comparison","luna_pinyin","session_create_select_destroy","","3","6","filter_install","195","unavailable","unavailable","unavailable"
"yune","track-a-comparison","luna_pinyin","session_create_select_destroy","","3","7","userdb_open_or_sync","8","unavailable","unavailable","unavailable"
"yune","track-a-comparison","luna_pinyin","session_create_select_destroy","","3","8","session_create","6344","unavailable","unavailable","unavailable"
"yune","track-a-comparison","luna_pinyin","session_create_select_destroy","","3","9","schema_select","99","unavailable","unavailable","unavailable"
"yune","track-a-comparison","luna_pinyin","session_create_select_destroy","","3","10","session_destroy","339","unavailable","unavailable","unavailable"
"yune","track-a-comparison","luna_pinyin","session_create_select_destroy","","4","0","schema_config_load","131","unavailable","unavailable","unavailable"
"yune","track-a-comparison","luna_pinyin","session_create_select_destroy","","4","1","schema_switch_options","1","unavailable","unavailable","unavailable"
"yune","track-a-comparison","luna_pinyin","session_create_select_destroy","","4","2","processor_install","2391","unavailable","unavailable","unavailable"
"yune","track-a-comparison","luna_pinyin","session_create_select_destroy","","4","3","schema_config_load","135","unavailable","unavailable","unavailable"
"yune","track-a-comparison","luna_pinyin","session_create_select_destroy","","4","4","translator_install","1707","unavailable","unavailable","unavailable"
"yune","track-a-comparison","luna_pinyin","session_create_select_destroy","","4","5","schema_config_load","140","unavailable","unavailable","unavailable"
"yune","track-a-comparison","luna_pinyin","session_create_select_destroy","","4","6","filter_install","201","unavailable","unavailable","unavailable"
"yune","track-a-comparison","luna_pinyin","session_create_select_destroy","","4","7","userdb_open_or_sync","8","unavailable","unavailable","unavailable"
"yune","track-a-comparison","luna_pinyin","session_create_select_destroy","","4","8","session_create","6306","unavailable","unavailable","unavailable"
"yune","track-a-comparison","luna_pinyin","session_create_select_destroy","","4","9","schema_select","99","unavailable","unavailable","unavailable"
"yune","track-a-comparison","luna_pinyin","session_create_select_destroy","","4","10","session_destroy","353","unavailable","unavailable","unavailable"
"yune","track-a-comparison","luna_pinyin","session_create_select_destroy","","5","0","schema_config_load","131","unavailable","unavailable","unavailable"
"yune","track-a-comparison","luna_pinyin","session_create_select_destroy","","5","1","schema_switch_options","1","unavailable","unavailable","unavailable"
"yune","track-a-comparison","luna_pinyin","session_create_select_destroy","","5","2","processor_install","2380","unavailable","unavailable","unavailable"
"yune","track-a-comparison","luna_pinyin","session_create_select_destroy","","5","3","schema_config_load","140","unavailable","unavailable","unavailable"
"yune","track-a-comparison","luna_pinyin","session_create_select_destroy","","5","4","translator_install","1719","unavailable","unavailable","unavailable"
"yune","track-a-comparison","luna_pinyin","session_create_select_destroy","","5","5","schema_config_load","134","unavailable","unavailable","unavailable"
"yune","track-a-comparison","luna_pinyin","session_create_select_destroy","","5","6","filter_install","209","unavailable","unavailable","unavailable"
"yune","track-a-comparison","luna_pinyin","session_create_select_destroy","","5","7","userdb_open_or_sync","8","unavailable","unavailable","unavailable"
"yune","track-a-comparison","luna_pinyin","session_create_select_destroy","","5","8","session_create","6330","unavailable","unavailable","unavailable"
"yune","track-a-comparison","luna_pinyin","session_create_select_destroy","","5","9","schema_select","99","unavailable","unavailable","unavailable"
"yune","track-a-comparison","luna_pinyin","session_create_select_destroy","","5","10","session_destroy","350","unavailable","unavailable","unavailable"
"yune","track-a-comparison","luna_pinyin","session_create_select_destroy","","6","0","schema_config_load","131","unavailable","unavailable","unavailable"
"yune","track-a-comparison","luna_pinyin","session_create_select_destroy","","6","1","schema_switch_options","1","unavailable","unavailable","unavailable"
"yune","track-a-comparison","luna_pinyin","session_create_select_destroy","","6","2","processor_install","2381","unavailable","unavailable","unavailable"
"yune","track-a-comparison","luna_pinyin","session_create_select_destroy","","6","3","schema_config_load","135","unavailable","unavailable","unavailable"
"yune","track-a-comparison","luna_pinyin","session_create_select_destroy","","6","4","translator_install","1714","unavailable","unavailable","unavailable"
"yune","track-a-comparison","luna_pinyin","session_create_select_destroy","","6","5","schema_config_load","133","unavailable","unavailable","unavailable"
"yune","track-a-comparison","luna_pinyin","session_create_select_destroy","","6","6","filter_install","194","unavailable","unavailable","unavailable"
"yune","track-a-comparison","luna_pinyin","session_create_select_destroy","","6","7","userdb_open_or_sync","8","unavailable","unavailable","unavailable"
"yune","track-a-comparison","luna_pinyin","session_create_select_destroy","","6","8","session_create","6326","unavailable","unavailable","unavailable"
"yune","track-a-comparison","luna_pinyin","session_create_select_destroy","","6","9","schema_select","101","unavailable","unavailable","unavailable"
"yune","track-a-comparison","luna_pinyin","session_create_select_destroy","","6","10","session_destroy","358","unavailable","unavailable","unavailable"
"yune","track-a-comparison","luna_pinyin","session_create_select_destroy","","7","0","schema_config_load","136","unavailable","unavailable","unavailable"
"yune","track-a-comparison","luna_pinyin","session_create_select_destroy","","7","1","schema_switch_options","1","unavailable","unavailable","unavailable"
"yune","track-a-comparison","luna_pinyin","session_create_select_destroy","","7","2","processor_install","2329","unavailable","unavailable","unavailable"
"yune","track-a-comparison","luna_pinyin","session_create_select_destroy","","7","3","schema_config_load","131","unavailable","unavailable","unavailable"
"yune","track-a-comparison","luna_pinyin","session_create_select_destroy","","7","4","translator_install","1724","unavailable","unavailable","unavailable"
"yune","track-a-comparison","luna_pinyin","session_create_select_destroy","","7","5","schema_config_load","134","unavailable","unavailable","unavailable"
"yune","track-a-comparison","luna_pinyin","session_create_select_destroy","","7","6","filter_install","194","unavailable","unavailable","unavailable"
"yune","track-a-comparison","luna_pinyin","session_create_select_destroy","","7","7","userdb_open_or_sync","8","unavailable","unavailable","unavailable"
"yune","track-a-comparison","luna_pinyin","session_create_select_destroy","","7","8","session_create","6275","unavailable","unavailable","unavailable"
"yune","track-a-comparison","luna_pinyin","session_create_select_destroy","","7","9","schema_select","99","unavailable","unavailable","unavailable"
"yune","track-a-comparison","luna_pinyin","session_create_select_destroy","","7","10","session_destroy","372","unavailable","unavailable","unavailable"
"yune","track-a-comparison","luna_pinyin","session_create_select_destroy","","8","0","schema_config_load","131","unavailable","unavailable","unavailable"
"yune","track-a-comparison","luna_pinyin","session_create_select_destroy","","8","1","schema_switch_options","1","unavailable","unavailable","unavailable"
"yune","track-a-comparison","luna_pinyin","session_create_select_destroy","","8","2","processor_install","2346","unavailable","unavailable","unavailable"
"yune","track-a-comparison","luna_pinyin","session_create_select_destroy","","8","3","schema_config_load","131","unavailable","unavailable","unavailable"
"yune","track-a-comparison","luna_pinyin","session_create_select_destroy","","8","4","translator_install","1778","unavailable","unavailable","unavailable"
"yune","track-a-comparison","luna_pinyin","session_create_select_destroy","","8","5","schema_config_load","134","unavailable","unavailable","unavailable"
"yune","track-a-comparison","luna_pinyin","session_create_select_destroy","","8","6","filter_install","194","unavailable","unavailable","unavailable"
"yune","track-a-comparison","luna_pinyin","session_create_select_destroy","","8","7","userdb_open_or_sync","8","unavailable","unavailable","unavailable"
"yune","track-a-comparison","luna_pinyin","session_create_select_destroy","","8","8","session_create","6373","unavailable","unavailable","unavailable"
"yune","track-a-comparison","luna_pinyin","session_create_select_destroy","","8","9","schema_select","99","unavailable","unavailable","unavailable"
"yune","track-a-comparison","luna_pinyin","session_create_select_destroy","","8","10","session_destroy","351","unavailable","unavailable","unavailable"
"yune","track-a-comparison","luna_pinyin","session_create_select_destroy","","9","0","schema_config_load","139","unavailable","unavailable","unavailable"
"yune","track-a-comparison","luna_pinyin","session_create_select_destroy","","9","1","schema_switch_options","1","unavailable","unavailable","unavailable"
"yune","track-a-comparison","luna_pinyin","session_create_select_destroy","","9","2","processor_install","2361","unavailable","unavailable","unavailable"
"yune","track-a-comparison","luna_pinyin","session_create_select_destroy","","9","3","schema_config_load","134","unavailable","unavailable","unavailable"
"yune","track-a-comparison","luna_pinyin","session_create_select_destroy","","9","4","translator_install","1755","unavailable","unavailable","unavailable"
"yune","track-a-comparison","luna_pinyin","session_create_select_destroy","","9","5","schema_config_load","133","unavailable","unavailable","unavailable"
"yune","track-a-comparison","luna_pinyin","session_create_select_destroy","","9","6","filter_install","192","unavailable","unavailable","unavailable"
"yune","track-a-comparison","luna_pinyin","session_create_select_destroy","","9","7","userdb_open_or_sync","7","unavailable","unavailable","unavailable"
"yune","track-a-comparison","luna_pinyin","session_create_select_destroy","","9","8","session_create","6328","unavailable","unavailable","unavailable"
"yune","track-a-comparison","luna_pinyin","session_create_select_destroy","","9","9","schema_select","99","unavailable","unavailable","unavailable"
"yune","track-a-comparison","luna_pinyin","session_create_select_destroy","","9","10","session_destroy","358","unavailable","unavailable","unavailable"
"yune","track-a-comparison","luna_pinyin","session_create_select_destroy","","10","0","schema_config_load","131","unavailable","unavailable","unavailable"
"yune","track-a-comparison","luna_pinyin","session_create_select_destroy","","10","1","schema_switch_options","1","unavailable","unavailable","unavailable"
"yune","track-a-comparison","luna_pinyin","session_create_select_destroy","","10","2","processor_install","2801","unavailable","unavailable","unavailable"
"yune","track-a-comparison","luna_pinyin","session_create_select_destroy","","10","3","schema_config_load","130","unavailable","unavailable","unavailable"
"yune","track-a-comparison","luna_pinyin","session_create_select_destroy","","10","4","translator_install","1731","unavailable","unavailable","unavailable"
"yune","track-a-comparison","luna_pinyin","session_create_select_destroy","","10","5","schema_config_load","134","unavailable","unavailable","unavailable"
"yune","track-a-comparison","luna_pinyin","session_create_select_destroy","","10","6","filter_install","194","unavailable","unavailable","unavailable"
"yune","track-a-comparison","luna_pinyin","session_create_select_destroy","","10","7","userdb_open_or_sync","7","unavailable","unavailable","unavailable"
"yune","track-a-comparison","luna_pinyin","session_create_select_destroy","","10","8","session_create","7137","unavailable","unavailable","unavailable"
"yune","track-a-comparison","luna_pinyin","session_create_select_destroy","","10","9","schema_select","99","unavailable","unavailable","unavailable"
"yune","track-a-comparison","luna_pinyin","session_create_select_destroy","","10","10","session_destroy","349","unavailable","unavailable","unavailable"
"yune","track-a-comparison","luna_pinyin","session_create_select_destroy","","11","0","schema_config_load","135","unavailable","unavailable","unavailable"
"yune","track-a-comparison","luna_pinyin","session_create_select_destroy","","11","1","schema_switch_options","1","unavailable","unavailable","unavailable"
"yune","track-a-comparison","luna_pinyin","session_create_select_destroy","","11","2","processor_install","2345","unavailable","unavailable","unavailable"
"yune","track-a-comparison","luna_pinyin","session_create_select_destroy","","11","3","schema_config_load","135","unavailable","unavailable","unavailable"
"yune","track-a-comparison","luna_pinyin","session_create_select_destroy","","11","4","translator_install","1742","unavailable","unavailable","unavailable"
"yune","track-a-comparison","luna_pinyin","session_create_select_destroy","","11","5","schema_config_load","133","unavailable","unavailable","unavailable"
"yune","track-a-comparison","luna_pinyin","session_create_select_destroy","","11","6","filter_install","193","unavailable","unavailable","unavailable"
"yune","track-a-comparison","luna_pinyin","session_create_select_destroy","","11","7","userdb_open_or_sync","8","unavailable","unavailable","unavailable"
"yune","track-a-comparison","luna_pinyin","session_create_select_destroy","","11","8","session_create","6308","unavailable","unavailable","unavailable"
"yune","track-a-comparison","luna_pinyin","session_create_select_destroy","","11","9","schema_select","99","unavailable","unavailable","unavailable"
"yune","track-a-comparison","luna_pinyin","session_create_select_destroy","","11","10","session_destroy","355","unavailable","unavailable","unavailable"
"yune","track-a-comparison","luna_pinyin","session_create_select_destroy","","12","0","schema_config_load","134","unavailable","unavailable","unavailable"
"yune","track-a-comparison","luna_pinyin","session_create_select_destroy","","12","1","schema_switch_options","1","unavailable","unavailable","unavailable"
"yune","track-a-comparison","luna_pinyin","session_create_select_destroy","","12","2","processor_install","2404","unavailable","unavailable","unavailable"
"yune","track-a-comparison","luna_pinyin","session_create_select_destroy","","12","3","schema_config_load","130","unavailable","unavailable","unavailable"
"yune","track-a-comparison","luna_pinyin","session_create_select_destroy","","12","4","translator_install","1705","unavailable","unavailable","unavailable"
"yune","track-a-comparison","luna_pinyin","session_create_select_destroy","","12","5","schema_config_load","133","unavailable","unavailable","unavailable"
"yune","track-a-comparison","luna_pinyin","session_create_select_destroy","","12","6","filter_install","193","unavailable","unavailable","unavailable"
"yune","track-a-comparison","luna_pinyin","session_create_select_destroy","","12","7","userdb_open_or_sync","7","unavailable","unavailable","unavailable"
"yune","track-a-comparison","luna_pinyin","session_create_select_destroy","","12","8","session_create","6329","unavailable","unavailable","unavailable"
"yune","track-a-comparison","luna_pinyin","session_create_select_destroy","","12","9","schema_select","100","unavailable","unavailable","unavailable"
"yune","track-a-comparison","luna_pinyin","session_create_select_destroy","","12","10","session_destroy","349","unavailable","unavailable","unavailable"
"yune","track-a-comparison","luna_pinyin","session_create_select_destroy","","13","0","schema_config_load","134","unavailable","unavailable","unavailable"
"yune","track-a-comparison","luna_pinyin","session_create_select_destroy","","13","1","schema_switch_options","1","unavailable","unavailable","unavailable"
"yune","track-a-comparison","luna_pinyin","session_create_select_destroy","","13","2","processor_install","2358","unavailable","unavailable","unavailable"
"yune","track-a-comparison","luna_pinyin","session_create_select_destroy","","13","3","schema_config_load","130","unavailable","unavailable","unavailable"
"yune","track-a-comparison","luna_pinyin","session_create_select_destroy","","13","4","translator_install","1717","unavailable","unavailable","unavailable"
"yune","track-a-comparison","luna_pinyin","session_create_select_destroy","","13","5","schema_config_load","134","unavailable","unavailable","unavailable"
"yune","track-a-comparison","luna_pinyin","session_create_select_destroy","","13","6","filter_install","194","unavailable","unavailable","unavailable"
"yune","track-a-comparison","luna_pinyin","session_create_select_destroy","","13","7","userdb_open_or_sync","7","unavailable","unavailable","unavailable"
"yune","track-a-comparison","luna_pinyin","session_create_select_destroy","","13","8","session_create","6286","unavailable","unavailable","unavailable"
"yune","track-a-comparison","luna_pinyin","session_create_select_destroy","","13","9","schema_select","99","unavailable","unavailable","unavailable"
"yune","track-a-comparison","luna_pinyin","session_create_select_destroy","","13","10","session_destroy","353","unavailable","unavailable","unavailable"
"yune","track-a-comparison","luna_pinyin","session_create_select_destroy","","14","0","schema_config_load","131","unavailable","unavailable","unavailable"
"yune","track-a-comparison","luna_pinyin","session_create_select_destroy","","14","1","schema_switch_options","1","unavailable","unavailable","unavailable"
"yune","track-a-comparison","luna_pinyin","session_create_select_destroy","","14","2","processor_install","2375","unavailable","unavailable","unavailable"
"yune","track-a-comparison","luna_pinyin","session_create_select_destroy","","14","3","schema_config_load","134","unavailable","unavailable","unavailable"
"yune","track-a-comparison","luna_pinyin","session_create_select_destroy","","14","4","translator_install","1778","unavailable","unavailable","unavailable"
"yune","track-a-comparison","luna_pinyin","session_create_select_destroy","","14","5","schema_config_load","140","unavailable","unavailable","unavailable"
"yune","track-a-comparison","luna_pinyin","session_create_select_destroy","","14","6","filter_install","202","unavailable","unavailable","unavailable"
"yune","track-a-comparison","luna_pinyin","session_create_select_destroy","","14","7","userdb_open_or_sync","8","unavailable","unavailable","unavailable"
"yune","track-a-comparison","luna_pinyin","session_create_select_destroy","","14","8","session_create","6380","unavailable","unavailable","unavailable"
"yune","track-a-comparison","luna_pinyin","session_create_select_destroy","","14","9","schema_select","98","unavailable","unavailable","unavailable"
"yune","track-a-comparison","luna_pinyin","session_create_select_destroy","","14","10","session_destroy","358","unavailable","unavailable","unavailable"
"yune","track-a-comparison","luna_pinyin","session_create_select_destroy","","15","0","schema_config_load","136","unavailable","unavailable","unavailable"
"yune","track-a-comparison","luna_pinyin","session_create_select_destroy","","15","1","schema_switch_options","1","unavailable","unavailable","unavailable"
"yune","track-a-comparison","luna_pinyin","session_create_select_destroy","","15","2","processor_install","2335","unavailable","unavailable","unavailable"
"yune","track-a-comparison","luna_pinyin","session_create_select_destroy","","15","3","schema_config_load","132","unavailable","unavailable","unavailable"
"yune","track-a-comparison","luna_pinyin","session_create_select_destroy","","15","4","translator_install","1743","unavailable","unavailable","unavailable"
"yune","track-a-comparison","luna_pinyin","session_create_select_destroy","","15","5","schema_config_load","134","unavailable","unavailable","unavailable"
"yune","track-a-comparison","luna_pinyin","session_create_select_destroy","","15","6","filter_install","195","unavailable","unavailable","unavailable"
"yune","track-a-comparison","luna_pinyin","session_create_select_destroy","","15","7","userdb_open_or_sync","8","unavailable","unavailable","unavailable"
"yune","track-a-comparison","luna_pinyin","session_create_select_destroy","","15","8","session_create","6290","unavailable","unavailable","unavailable"
"yune","track-a-comparison","luna_pinyin","session_create_select_destroy","","15","9","schema_select","98","unavailable","unavailable","unavailable"
"yune","track-a-comparison","luna_pinyin","session_create_select_destroy","","15","10","session_destroy","279","unavailable","unavailable","unavailable"
"yune","track-a-comparison","luna_pinyin","session_create_select_destroy","","16","0","schema_config_load","144","unavailable","unavailable","unavailable"
"yune","track-a-comparison","luna_pinyin","session_create_select_destroy","","16","1","schema_switch_options","1","unavailable","unavailable","unavailable"
"yune","track-a-comparison","luna_pinyin","session_create_select_destroy","","16","2","processor_install","2271","unavailable","unavailable","unavailable"
"yune","track-a-comparison","luna_pinyin","session_create_select_destroy","","16","3","schema_config_load","128","unavailable","unavailable","unavailable"
"yune","track-a-comparison","luna_pinyin","session_create_select_destroy","","16","4","translator_install","1655","unavailable","unavailable","unavailable"
"yune","track-a-comparison","luna_pinyin","session_create_select_destroy","","16","5","schema_config_load","132","unavailable","unavailable","unavailable"
"yune","track-a-comparison","luna_pinyin","session_create_select_destroy","","16","6","filter_install","191","unavailable","unavailable","unavailable"
"yune","track-a-comparison","luna_pinyin","session_create_select_destroy","","16","7","userdb_open_or_sync","8","unavailable","unavailable","unavailable"
"yune","track-a-comparison","luna_pinyin","session_create_select_destroy","","16","8","session_create","6108","unavailable","unavailable","unavailable"
"yune","track-a-comparison","luna_pinyin","session_create_select_destroy","","16","9","schema_select","99","unavailable","unavailable","unavailable"
"yune","track-a-comparison","luna_pinyin","session_create_select_destroy","","16","10","session_destroy","354","unavailable","unavailable","unavailable"
"yune","track-a-comparison","luna_pinyin","session_create_select_destroy","","17","0","schema_config_load","145","unavailable","unavailable","unavailable"
"yune","track-a-comparison","luna_pinyin","session_create_select_destroy","","17","1","schema_switch_options","1","unavailable","unavailable","unavailable"
"yune","track-a-comparison","luna_pinyin","session_create_select_destroy","","17","2","processor_install","2305","unavailable","unavailable","unavailable"
"yune","track-a-comparison","luna_pinyin","session_create_select_destroy","","17","3","schema_config_load","130","unavailable","unavailable","unavailable"
"yune","track-a-comparison","luna_pinyin","session_create_select_destroy","","17","4","translator_install","1738","unavailable","unavailable","unavailable"
"yune","track-a-comparison","luna_pinyin","session_create_select_destroy","","17","5","schema_config_load","134","unavailable","unavailable","unavailable"
"yune","track-a-comparison","luna_pinyin","session_create_select_destroy","","17","6","filter_install","194","unavailable","unavailable","unavailable"
"yune","track-a-comparison","luna_pinyin","session_create_select_destroy","","17","7","userdb_open_or_sync","7","unavailable","unavailable","unavailable"
"yune","track-a-comparison","luna_pinyin","session_create_select_destroy","","17","8","session_create","6241","unavailable","unavailable","unavailable"
"yune","track-a-comparison","luna_pinyin","session_create_select_destroy","","17","9","schema_select","110","unavailable","unavailable","unavailable"
"yune","track-a-comparison","luna_pinyin","session_create_select_destroy","","17","10","session_destroy","283","unavailable","unavailable","unavailable"
"yune","track-a-comparison","luna_pinyin","session_create_select_destroy","","18","0","schema_config_load","202","unavailable","unavailable","unavailable"
"yune","track-a-comparison","luna_pinyin","session_create_select_destroy","","18","1","schema_switch_options","1","unavailable","unavailable","unavailable"
"yune","track-a-comparison","luna_pinyin","session_create_select_destroy","","18","2","processor_install","2334","unavailable","unavailable","unavailable"
"yune","track-a-comparison","luna_pinyin","session_create_select_destroy","","18","3","schema_config_load","135","unavailable","unavailable","unavailable"
"yune","track-a-comparison","luna_pinyin","session_create_select_destroy","","18","4","translator_install","1792","unavailable","unavailable","unavailable"
"yune","track-a-comparison","luna_pinyin","session_create_select_destroy","","18","5","schema_config_load","133","unavailable","unavailable","unavailable"
"yune","track-a-comparison","luna_pinyin","session_create_select_destroy","","18","6","filter_install","192","unavailable","unavailable","unavailable"
"yune","track-a-comparison","luna_pinyin","session_create_select_destroy","","18","7","userdb_open_or_sync","7","unavailable","unavailable","unavailable"
"yune","track-a-comparison","luna_pinyin","session_create_select_destroy","","18","8","session_create","6449","unavailable","unavailable","unavailable"
"yune","track-a-comparison","luna_pinyin","session_create_select_destroy","","18","9","schema_select","112","unavailable","unavailable","unavailable"
"yune","track-a-comparison","luna_pinyin","session_create_select_destroy","","18","10","session_destroy","350","unavailable","unavailable","unavailable"
"yune","track-a-comparison","luna_pinyin","session_create_select_destroy","","19","0","schema_config_load","152","unavailable","unavailable","unavailable"
"yune","track-a-comparison","luna_pinyin","session_create_select_destroy","","19","1","schema_switch_options","1","unavailable","unavailable","unavailable"
"yune","track-a-comparison","luna_pinyin","session_create_select_destroy","","19","2","processor_install","2320","unavailable","unavailable","unavailable"
"yune","track-a-comparison","luna_pinyin","session_create_select_destroy","","19","3","schema_config_load","131","unavailable","unavailable","unavailable"
"yune","track-a-comparison","luna_pinyin","session_create_select_destroy","","19","4","translator_install","1748","unavailable","unavailable","unavailable"
"yune","track-a-comparison","luna_pinyin","session_create_select_destroy","","19","5","schema_config_load","133","unavailable","unavailable","unavailable"
"yune","track-a-comparison","luna_pinyin","session_create_select_destroy","","19","6","filter_install","193","unavailable","unavailable","unavailable"
"yune","track-a-comparison","luna_pinyin","session_create_select_destroy","","19","7","userdb_open_or_sync","16","unavailable","unavailable","unavailable"
"yune","track-a-comparison","luna_pinyin","session_create_select_destroy","","19","8","session_create","6289","unavailable","unavailable","unavailable"
"yune","track-a-comparison","luna_pinyin","session_create_select_destroy","","19","9","schema_select","98","unavailable","unavailable","unavailable"
"yune","track-a-comparison","luna_pinyin","session_create_select_destroy","","19","10","session_destroy","281","unavailable","unavailable","unavailable"
"yune","track-a-comparison","luna_pinyin","session_create_select_destroy","","20","0","schema_config_load","186","unavailable","unavailable","unavailable"
"yune","track-a-comparison","luna_pinyin","session_create_select_destroy","","20","1","schema_switch_options","1","unavailable","unavailable","unavailable"
"yune","track-a-comparison","luna_pinyin","session_create_select_destroy","","20","2","processor_install","2389","unavailable","unavailable","unavailable"
"yune","track-a-comparison","luna_pinyin","session_create_select_destroy","","20","3","schema_config_load","130","unavailable","unavailable","unavailable"
"yune","track-a-comparison","luna_pinyin","session_create_select_destroy","","20","4","translator_install","1733","unavailable","unavailable","unavailable"
"yune","track-a-comparison","luna_pinyin","session_create_select_destroy","","20","5","schema_config_load","134","unavailable","unavailable","unavailable"
"yune","track-a-comparison","luna_pinyin","session_create_select_destroy","","20","6","filter_install","194","unavailable","unavailable","unavailable"
"yune","track-a-comparison","luna_pinyin","session_create_select_destroy","","20","7","userdb_open_or_sync","7","unavailable","unavailable","unavailable"
"yune","track-a-comparison","luna_pinyin","session_create_select_destroy","","20","8","session_create","6436","unavailable","unavailable","unavailable"
"yune","track-a-comparison","luna_pinyin","session_create_select_destroy","","20","9","schema_select","100","unavailable","unavailable","unavailable"
"yune","track-a-comparison","luna_pinyin","session_create_select_destroy","","20","10","session_destroy","334","unavailable","unavailable","unavailable"
"yune","track-a-comparison","luna_pinyin","session_create_select_destroy","","21","0","schema_config_load","140","unavailable","unavailable","unavailable"
"yune","track-a-comparison","luna_pinyin","session_create_select_destroy","","21","1","schema_switch_options","1","unavailable","unavailable","unavailable"
"yune","track-a-comparison","luna_pinyin","session_create_select_destroy","","21","2","processor_install","2331","unavailable","unavailable","unavailable"
"yune","track-a-comparison","luna_pinyin","session_create_select_destroy","","21","3","schema_config_load","130","unavailable","unavailable","unavailable"
"yune","track-a-comparison","luna_pinyin","session_create_select_destroy","","21","4","translator_install","1733","unavailable","unavailable","unavailable"
"yune","track-a-comparison","luna_pinyin","session_create_select_destroy","","21","5","schema_config_load","142","unavailable","unavailable","unavailable"
"yune","track-a-comparison","luna_pinyin","session_create_select_destroy","","21","6","filter_install","202","unavailable","unavailable","unavailable"
"yune","track-a-comparison","luna_pinyin","session_create_select_destroy","","21","7","userdb_open_or_sync","8","unavailable","unavailable","unavailable"
"yune","track-a-comparison","luna_pinyin","session_create_select_destroy","","21","8","session_create","6299","unavailable","unavailable","unavailable"
"yune","track-a-comparison","luna_pinyin","session_create_select_destroy","","21","9","schema_select","99","unavailable","unavailable","unavailable"
"yune","track-a-comparison","luna_pinyin","session_create_select_destroy","","21","10","session_destroy","284","unavailable","unavailable","unavailable"
"yune","track-a-comparison","luna_pinyin","session_create_select_destroy","","22","0","schema_config_load","130","unavailable","unavailable","unavailable"
"yune","track-a-comparison","luna_pinyin","session_create_select_destroy","","22","1","schema_switch_options","1","unavailable","unavailable","unavailable"
"yune","track-a-comparison","luna_pinyin","session_create_select_destroy","","22","2","processor_install","2278","unavailable","unavailable","unavailable"
"yune","track-a-comparison","luna_pinyin","session_create_select_destroy","","22","3","schema_config_load","130","unavailable","unavailable","unavailable"
"yune","track-a-comparison","luna_pinyin","session_create_select_destroy","","22","4","translator_install","1642","unavailable","unavailable","unavailable"
"yune","track-a-comparison","luna_pinyin","session_create_select_destroy","","22","5","schema_config_load","133","unavailable","unavailable","unavailable"
"yune","track-a-comparison","luna_pinyin","session_create_select_destroy","","22","6","filter_install","193","unavailable","unavailable","unavailable"
"yune","track-a-comparison","luna_pinyin","session_create_select_destroy","","22","7","userdb_open_or_sync","8","unavailable","unavailable","unavailable"
"yune","track-a-comparison","luna_pinyin","session_create_select_destroy","","22","8","session_create","6077","unavailable","unavailable","unavailable"
"yune","track-a-comparison","luna_pinyin","session_create_select_destroy","","22","9","schema_select","98","unavailable","unavailable","unavailable"
"yune","track-a-comparison","luna_pinyin","session_create_select_destroy","","22","10","session_destroy","340","unavailable","unavailable","unavailable"
"yune","track-a-comparison","luna_pinyin","session_create_select_destroy","","23","0","schema_config_load","145","unavailable","unavailable","unavailable"
"yune","track-a-comparison","luna_pinyin","session_create_select_destroy","","23","1","schema_switch_options","1","unavailable","unavailable","unavailable"
"yune","track-a-comparison","luna_pinyin","session_create_select_destroy","","23","2","processor_install","2350","unavailable","unavailable","unavailable"
"yune","track-a-comparison","luna_pinyin","session_create_select_destroy","","23","3","schema_config_load","130","unavailable","unavailable","unavailable"
"yune","track-a-comparison","luna_pinyin","session_create_select_destroy","","23","4","translator_install","1709","unavailable","unavailable","unavailable"
"yune","track-a-comparison","luna_pinyin","session_create_select_destroy","","23","5","schema_config_load","133","unavailable","unavailable","unavailable"
"yune","track-a-comparison","luna_pinyin","session_create_select_destroy","","23","6","filter_install","194","unavailable","unavailable","unavailable"
"yune","track-a-comparison","luna_pinyin","session_create_select_destroy","","23","7","userdb_open_or_sync","8","unavailable","unavailable","unavailable"
"yune","track-a-comparison","luna_pinyin","session_create_select_destroy","","23","8","session_create","6267","unavailable","unavailable","unavailable"
"yune","track-a-comparison","luna_pinyin","session_create_select_destroy","","23","9","schema_select","98","unavailable","unavailable","unavailable"
"yune","track-a-comparison","luna_pinyin","session_create_select_destroy","","23","10","session_destroy","409","unavailable","unavailable","unavailable"
"yune","track-a-comparison","luna_pinyin","session_create_select_destroy","","24","0","schema_config_load","140","unavailable","unavailable","unavailable"
"yune","track-a-comparison","luna_pinyin","session_create_select_destroy","","24","1","schema_switch_options","1","unavailable","unavailable","unavailable"
"yune","track-a-comparison","luna_pinyin","session_create_select_destroy","","24","2","processor_install","2257","unavailable","unavailable","unavailable"
"yune","track-a-comparison","luna_pinyin","session_create_select_destroy","","24","3","schema_config_load","134","unavailable","unavailable","unavailable"
"yune","track-a-comparison","luna_pinyin","session_create_select_destroy","","24","4","translator_install","1593","unavailable","unavailable","unavailable"
"yune","track-a-comparison","luna_pinyin","session_create_select_destroy","","24","5","schema_config_load","134","unavailable","unavailable","unavailable"
"yune","track-a-comparison","luna_pinyin","session_create_select_destroy","","24","6","filter_install","195","unavailable","unavailable","unavailable"
"yune","track-a-comparison","luna_pinyin","session_create_select_destroy","","24","7","userdb_open_or_sync","8","unavailable","unavailable","unavailable"
"yune","track-a-comparison","luna_pinyin","session_create_select_destroy","","24","8","session_create","6186","unavailable","unavailable","unavailable"
"yune","track-a-comparison","luna_pinyin","session_create_select_destroy","","24","9","schema_select","100","unavailable","unavailable","unavailable"
"yune","track-a-comparison","luna_pinyin","session_create_select_destroy","","24","10","session_destroy","287","unavailable","unavailable","unavailable"
"yune","track-a-comparison","luna_pinyin","session_create_select_destroy","","25","0","schema_config_load","149","unavailable","unavailable","unavailable"
"yune","track-a-comparison","luna_pinyin","session_create_select_destroy","","25","1","schema_switch_options","1","unavailable","unavailable","unavailable"
"yune","track-a-comparison","luna_pinyin","session_create_select_destroy","","25","2","processor_install","2330","unavailable","unavailable","unavailable"
"yune","track-a-comparison","luna_pinyin","session_create_select_destroy","","25","3","schema_config_load","144","unavailable","unavailable","unavailable"
"yune","track-a-comparison","luna_pinyin","session_create_select_destroy","","25","4","translator_install","1703","unavailable","unavailable","unavailable"
"yune","track-a-comparison","luna_pinyin","session_create_select_destroy","","25","5","schema_config_load","138","unavailable","unavailable","unavailable"
"yune","track-a-comparison","luna_pinyin","session_create_select_destroy","","25","6","filter_install","198","unavailable","unavailable","unavailable"
"yune","track-a-comparison","luna_pinyin","session_create_select_destroy","","25","7","userdb_open_or_sync","14","unavailable","unavailable","unavailable"
"yune","track-a-comparison","luna_pinyin","session_create_select_destroy","","25","8","session_create","6251","unavailable","unavailable","unavailable"
"yune","track-a-comparison","luna_pinyin","session_create_select_destroy","","25","9","schema_select","101","unavailable","unavailable","unavailable"
"yune","track-a-comparison","luna_pinyin","session_create_select_destroy","","25","10","session_destroy","287","unavailable","unavailable","unavailable"
"yune","track-a-comparison","luna_pinyin","session_create_select_destroy","","26","0","schema_config_load","132","unavailable","unavailable","unavailable"
"yune","track-a-comparison","luna_pinyin","session_create_select_destroy","","26","1","schema_switch_options","1","unavailable","unavailable","unavailable"
"yune","track-a-comparison","luna_pinyin","session_create_select_destroy","","26","2","processor_install","2273","unavailable","unavailable","unavailable"
"yune","track-a-comparison","luna_pinyin","session_create_select_destroy","","26","3","schema_config_load","132","unavailable","unavailable","unavailable"
"yune","track-a-comparison","luna_pinyin","session_create_select_destroy","","26","4","translator_install","1602","unavailable","unavailable","unavailable"
"yune","track-a-comparison","luna_pinyin","session_create_select_destroy","","26","5","schema_config_load","135","unavailable","unavailable","unavailable"
"yune","track-a-comparison","luna_pinyin","session_create_select_destroy","","26","6","filter_install","195","unavailable","unavailable","unavailable"
"yune","track-a-comparison","luna_pinyin","session_create_select_destroy","","26","7","userdb_open_or_sync","7","unavailable","unavailable","unavailable"
"yune","track-a-comparison","luna_pinyin","session_create_select_destroy","","26","8","session_create","6044","unavailable","unavailable","unavailable"
"yune","track-a-comparison","luna_pinyin","session_create_select_destroy","","26","9","schema_select","98","unavailable","unavailable","unavailable"
"yune","track-a-comparison","luna_pinyin","session_create_select_destroy","","26","10","session_destroy","346","unavailable","unavailable","unavailable"
"yune","track-a-comparison","luna_pinyin","session_create_select_destroy","","27","0","schema_config_load","145","unavailable","unavailable","unavailable"
"yune","track-a-comparison","luna_pinyin","session_create_select_destroy","","27","1","schema_switch_options","1","unavailable","unavailable","unavailable"
"yune","track-a-comparison","luna_pinyin","session_create_select_destroy","","27","2","processor_install","2402","unavailable","unavailable","unavailable"
"yune","track-a-comparison","luna_pinyin","session_create_select_destroy","","27","3","schema_config_load","198","unavailable","unavailable","unavailable"
"yune","track-a-comparison","luna_pinyin","session_create_select_destroy","","27","4","translator_install","1832","unavailable","unavailable","unavailable"
"yune","track-a-comparison","luna_pinyin","session_create_select_destroy","","27","5","schema_config_load","139","unavailable","unavailable","unavailable"
"yune","track-a-comparison","luna_pinyin","session_create_select_destroy","","27","6","filter_install","199","unavailable","unavailable","unavailable"
"yune","track-a-comparison","luna_pinyin","session_create_select_destroy","","27","7","userdb_open_or_sync","8","unavailable","unavailable","unavailable"
"yune","track-a-comparison","luna_pinyin","session_create_select_destroy","","27","8","session_create","6450","unavailable","unavailable","unavailable"
"yune","track-a-comparison","luna_pinyin","session_create_select_destroy","","27","9","schema_select","98","unavailable","unavailable","unavailable"
"yune","track-a-comparison","luna_pinyin","session_create_select_destroy","","27","10","session_destroy","277","unavailable","unavailable","unavailable"
"yune","track-a-comparison","luna_pinyin","session_create_select_destroy","","28","0","schema_config_load","135","unavailable","unavailable","unavailable"
"yune","track-a-comparison","luna_pinyin","session_create_select_destroy","","28","1","schema_switch_options","1","unavailable","unavailable","unavailable"
"yune","track-a-comparison","luna_pinyin","session_create_select_destroy","","28","2","processor_install","2301","unavailable","unavailable","unavailable"
"yune","track-a-comparison","luna_pinyin","session_create_select_destroy","","28","3","schema_config_load","138","unavailable","unavailable","unavailable"
"yune","track-a-comparison","luna_pinyin","session_create_select_destroy","","28","4","translator_install","1669","unavailable","unavailable","unavailable"
"yune","track-a-comparison","luna_pinyin","session_create_select_destroy","","28","5","schema_config_load","134","unavailable","unavailable","unavailable"
"yune","track-a-comparison","luna_pinyin","session_create_select_destroy","","28","6","filter_install","194","unavailable","unavailable","unavailable"
"yune","track-a-comparison","luna_pinyin","session_create_select_destroy","","28","7","userdb_open_or_sync","8","unavailable","unavailable","unavailable"
"yune","track-a-comparison","luna_pinyin","session_create_select_destroy","","28","8","session_create","6114","unavailable","unavailable","unavailable"
"yune","track-a-comparison","luna_pinyin","session_create_select_destroy","","28","9","schema_select","99","unavailable","unavailable","unavailable"
"yune","track-a-comparison","luna_pinyin","session_create_select_destroy","","28","10","session_destroy","356","unavailable","unavailable","unavailable"
"yune","track-a-comparison","luna_pinyin","session_create_select_destroy","","29","0","schema_config_load","142","unavailable","unavailable","unavailable"
"yune","track-a-comparison","luna_pinyin","session_create_select_destroy","","29","1","schema_switch_options","1","unavailable","unavailable","unavailable"
"yune","track-a-comparison","luna_pinyin","session_create_select_destroy","","29","2","processor_install","2364","unavailable","unavailable","unavailable"
"yune","track-a-comparison","luna_pinyin","session_create_select_destroy","","29","3","schema_config_load","135","unavailable","unavailable","unavailable"
"yune","track-a-comparison","luna_pinyin","session_create_select_destroy","","29","4","translator_install","1741","unavailable","unavailable","unavailable"
"yune","track-a-comparison","luna_pinyin","session_create_select_destroy","","29","5","schema_config_load","133","unavailable","unavailable","unavailable"
"yune","track-a-comparison","luna_pinyin","session_create_select_destroy","","29","6","filter_install","194","unavailable","unavailable","unavailable"
"yune","track-a-comparison","luna_pinyin","session_create_select_destroy","","29","7","userdb_open_or_sync","8","unavailable","unavailable","unavailable"
"yune","track-a-comparison","luna_pinyin","session_create_select_destroy","","29","8","session_create","6298","unavailable","unavailable","unavailable"
"yune","track-a-comparison","luna_pinyin","session_create_select_destroy","","29","9","schema_select","98","unavailable","unavailable","unavailable"
"yune","track-a-comparison","luna_pinyin","session_create_select_destroy","","29","10","session_destroy","296","unavailable","unavailable","unavailable"
"yune","track-a-comparison","luna_pinyin","session_create_select_destroy","","30","0","schema_config_load","142","unavailable","unavailable","unavailable"
"yune","track-a-comparison","luna_pinyin","session_create_select_destroy","","30","1","schema_switch_options","1","unavailable","unavailable","unavailable"
"yune","track-a-comparison","luna_pinyin","session_create_select_destroy","","30","2","processor_install","2331","unavailable","unavailable","unavailable"
"yune","track-a-comparison","luna_pinyin","session_create_select_destroy","","30","3","schema_config_load","132","unavailable","unavailable","unavailable"
"yune","track-a-comparison","luna_pinyin","session_create_select_destroy","","30","4","translator_install","1662","unavailable","unavailable","unavailable"
"yune","track-a-comparison","luna_pinyin","session_create_select_destroy","","30","5","schema_config_load","133","unavailable","unavailable","unavailable"
"yune","track-a-comparison","luna_pinyin","session_create_select_destroy","","30","6","filter_install","193","unavailable","unavailable","unavailable"
"yune","track-a-comparison","luna_pinyin","session_create_select_destroy","","30","7","userdb_open_or_sync","8","unavailable","unavailable","unavailable"
"yune","track-a-comparison","luna_pinyin","session_create_select_destroy","","30","8","session_create","6158","unavailable","unavailable","unavailable"
"yune","track-a-comparison","luna_pinyin","session_create_select_destroy","","30","9","schema_select","99","unavailable","unavailable","unavailable"
"yune","track-a-comparison","luna_pinyin","session_create_select_destroy","","30","10","session_destroy","299","unavailable","unavailable","unavailable"
"yune","track-a-comparison","luna_pinyin","session_create_select_destroy","","31","0","schema_config_load","131","unavailable","unavailable","unavailable"
"yune","track-a-comparison","luna_pinyin","session_create_select_destroy","","31","1","schema_switch_options","1","unavailable","unavailable","unavailable"
"yune","track-a-comparison","luna_pinyin","session_create_select_destroy","","31","2","processor_install","2400","unavailable","unavailable","unavailable"
"yune","track-a-comparison","luna_pinyin","session_create_select_destroy","","31","3","schema_config_load","132","unavailable","unavailable","unavailable"
"yune","track-a-comparison","luna_pinyin","session_create_select_destroy","","31","4","translator_install","1643","unavailable","unavailable","unavailable"
"yune","track-a-comparison","luna_pinyin","session_create_select_destroy","","31","5","schema_config_load","133","unavailable","unavailable","unavailable"
"yune","track-a-comparison","luna_pinyin","session_create_select_destroy","","31","6","filter_install","192","unavailable","unavailable","unavailable"
"yune","track-a-comparison","luna_pinyin","session_create_select_destroy","","31","7","userdb_open_or_sync","8","unavailable","unavailable","unavailable"
"yune","track-a-comparison","luna_pinyin","session_create_select_destroy","","31","8","session_create","6224","unavailable","unavailable","unavailable"
"yune","track-a-comparison","luna_pinyin","session_create_select_destroy","","31","9","schema_select","99","unavailable","unavailable","unavailable"
"yune","track-a-comparison","luna_pinyin","session_create_select_destroy","","31","10","session_destroy","361","unavailable","unavailable","unavailable"
"yune","track-a-comparison","luna_pinyin","session_create_select_destroy","","32","0","schema_config_load","202","unavailable","unavailable","unavailable"
"yune","track-a-comparison","luna_pinyin","session_create_select_destroy","","32","1","schema_switch_options","1","unavailable","unavailable","unavailable"
"yune","track-a-comparison","luna_pinyin","session_create_select_destroy","","32","2","processor_install","2352","unavailable","unavailable","unavailable"
"yune","track-a-comparison","luna_pinyin","session_create_select_destroy","","32","3","schema_config_load","131","unavailable","unavailable","unavailable"
"yune","track-a-comparison","luna_pinyin","session_create_select_destroy","","32","4","translator_install","1730","unavailable","unavailable","unavailable"
"yune","track-a-comparison","luna_pinyin","session_create_select_destroy","","32","5","schema_config_load","147","unavailable","unavailable","unavailable"
"yune","track-a-comparison","luna_pinyin","session_create_select_destroy","","32","6","filter_install","207","unavailable","unavailable","unavailable"
"yune","track-a-comparison","luna_pinyin","session_create_select_destroy","","32","7","userdb_open_or_sync","8","unavailable","unavailable","unavailable"
"yune","track-a-comparison","luna_pinyin","session_create_select_destroy","","32","8","session_create","6378","unavailable","unavailable","unavailable"
"yune","track-a-comparison","luna_pinyin","session_create_select_destroy","","32","9","schema_select","99","unavailable","unavailable","unavailable"
"yune","track-a-comparison","luna_pinyin","session_create_select_destroy","","32","10","session_destroy","453","unavailable","unavailable","unavailable"
"yune","track-a-comparison","luna_pinyin","session_create_select_destroy","","33","0","schema_config_load","151","unavailable","unavailable","unavailable"
"yune","track-a-comparison","luna_pinyin","session_create_select_destroy","","33","1","schema_switch_options","1","unavailable","unavailable","unavailable"
"yune","track-a-comparison","luna_pinyin","session_create_select_destroy","","33","2","processor_install","2372","unavailable","unavailable","unavailable"
"yune","track-a-comparison","luna_pinyin","session_create_select_destroy","","33","3","schema_config_load","139","unavailable","unavailable","unavailable"
"yune","track-a-comparison","luna_pinyin","session_create_select_destroy","","33","4","translator_install","1738","unavailable","unavailable","unavailable"
"yune","track-a-comparison","luna_pinyin","session_create_select_destroy","","33","5","schema_config_load","132","unavailable","unavailable","unavailable"
"yune","track-a-comparison","luna_pinyin","session_create_select_destroy","","33","6","filter_install","192","unavailable","unavailable","unavailable"
"yune","track-a-comparison","luna_pinyin","session_create_select_destroy","","33","7","userdb_open_or_sync","8","unavailable","unavailable","unavailable"
"yune","track-a-comparison","luna_pinyin","session_create_select_destroy","","33","8","session_create","6315","unavailable","unavailable","unavailable"
"yune","track-a-comparison","luna_pinyin","session_create_select_destroy","","33","9","schema_select","99","unavailable","unavailable","unavailable"
"yune","track-a-comparison","luna_pinyin","session_create_select_destroy","","33","10","session_destroy","275","unavailable","unavailable","unavailable"
"yune","track-a-comparison","luna_pinyin","session_create_select_destroy","","34","0","schema_config_load","137","unavailable","unavailable","unavailable"
"yune","track-a-comparison","luna_pinyin","session_create_select_destroy","","34","1","schema_switch_options","1","unavailable","unavailable","unavailable"
"yune","track-a-comparison","luna_pinyin","session_create_select_destroy","","34","2","processor_install","2304","unavailable","unavailable","unavailable"
"yune","track-a-comparison","luna_pinyin","session_create_select_destroy","","34","3","schema_config_load","134","unavailable","unavailable","unavailable"
"yune","track-a-comparison","luna_pinyin","session_create_select_destroy","","34","4","translator_install","1646","unavailable","unavailable","unavailable"
"yune","track-a-comparison","luna_pinyin","session_create_select_destroy","","34","5","schema_config_load","134","unavailable","unavailable","unavailable"
"yune","track-a-comparison","luna_pinyin","session_create_select_destroy","","34","6","filter_install","195","unavailable","unavailable","unavailable"
"yune","track-a-comparison","luna_pinyin","session_create_select_destroy","","34","7","userdb_open_or_sync","8","unavailable","unavailable","unavailable"
"yune","track-a-comparison","luna_pinyin","session_create_select_destroy","","34","8","session_create","6116","unavailable","unavailable","unavailable"
"yune","track-a-comparison","luna_pinyin","session_create_select_destroy","","34","9","schema_select","99","unavailable","unavailable","unavailable"
"yune","track-a-comparison","luna_pinyin","session_create_select_destroy","","34","10","session_destroy","282","unavailable","unavailable","unavailable"
"yune","track-a-comparison","luna_pinyin","session_create_select_destroy","","35","0","schema_config_load","133","unavailable","unavailable","unavailable"
"yune","track-a-comparison","luna_pinyin","session_create_select_destroy","","35","1","schema_switch_options","1","unavailable","unavailable","unavailable"
"yune","track-a-comparison","luna_pinyin","session_create_select_destroy","","35","2","processor_install","2286","unavailable","unavailable","unavailable"
"yune","track-a-comparison","luna_pinyin","session_create_select_destroy","","35","3","schema_config_load","130","unavailable","unavailable","unavailable"
"yune","track-a-comparison","luna_pinyin","session_create_select_destroy","","35","4","translator_install","1647","unavailable","unavailable","unavailable"
"yune","track-a-comparison","luna_pinyin","session_create_select_destroy","","35","5","schema_config_load","132","unavailable","unavailable","unavailable"
"yune","track-a-comparison","luna_pinyin","session_create_select_destroy","","35","6","filter_install","193","unavailable","unavailable","unavailable"
"yune","track-a-comparison","luna_pinyin","session_create_select_destroy","","35","7","userdb_open_or_sync","8","unavailable","unavailable","unavailable"
"yune","track-a-comparison","luna_pinyin","session_create_select_destroy","","35","8","session_create","6094","unavailable","unavailable","unavailable"
"yune","track-a-comparison","luna_pinyin","session_create_select_destroy","","35","9","schema_select","98","unavailable","unavailable","unavailable"
"yune","track-a-comparison","luna_pinyin","session_create_select_destroy","","35","10","session_destroy","279","unavailable","unavailable","unavailable"
"yune","track-a-comparison","luna_pinyin","session_create_select_destroy","","36","0","schema_config_load","135","unavailable","unavailable","unavailable"
"yune","track-a-comparison","luna_pinyin","session_create_select_destroy","","36","1","schema_switch_options","1","unavailable","unavailable","unavailable"
"yune","track-a-comparison","luna_pinyin","session_create_select_destroy","","36","2","processor_install","2289","unavailable","unavailable","unavailable"
"yune","track-a-comparison","luna_pinyin","session_create_select_destroy","","36","3","schema_config_load","129","unavailable","unavailable","unavailable"
"yune","track-a-comparison","luna_pinyin","session_create_select_destroy","","36","4","translator_install","1628","unavailable","unavailable","unavailable"
"yune","track-a-comparison","luna_pinyin","session_create_select_destroy","","36","5","schema_config_load","133","unavailable","unavailable","unavailable"
"yune","track-a-comparison","luna_pinyin","session_create_select_destroy","","36","6","filter_install","193","unavailable","unavailable","unavailable"
"yune","track-a-comparison","luna_pinyin","session_create_select_destroy","","36","7","userdb_open_or_sync","8","unavailable","unavailable","unavailable"
"yune","track-a-comparison","luna_pinyin","session_create_select_destroy","","36","8","session_create","6071","unavailable","unavailable","unavailable"
"yune","track-a-comparison","luna_pinyin","session_create_select_destroy","","36","9","schema_select","100","unavailable","unavailable","unavailable"
"yune","track-a-comparison","luna_pinyin","session_create_select_destroy","","36","10","session_destroy","276","unavailable","unavailable","unavailable"
"yune","track-a-comparison","luna_pinyin","session_create_select_destroy","","37","0","schema_config_load","140","unavailable","unavailable","unavailable"
"yune","track-a-comparison","luna_pinyin","session_create_select_destroy","","37","1","schema_switch_options","1","unavailable","unavailable","unavailable"
"yune","track-a-comparison","luna_pinyin","session_create_select_destroy","","37","2","processor_install","2271","unavailable","unavailable","unavailable"
"yune","track-a-comparison","luna_pinyin","session_create_select_destroy","","37","3","schema_config_load","131","unavailable","unavailable","unavailable"
"yune","track-a-comparison","luna_pinyin","session_create_select_destroy","","37","4","translator_install","1605","unavailable","unavailable","unavailable"
"yune","track-a-comparison","luna_pinyin","session_create_select_destroy","","37","5","schema_config_load","133","unavailable","unavailable","unavailable"
"yune","track-a-comparison","luna_pinyin","session_create_select_destroy","","37","6","filter_install","194","unavailable","unavailable","unavailable"
"yune","track-a-comparison","luna_pinyin","session_create_select_destroy","","37","7","userdb_open_or_sync","7","unavailable","unavailable","unavailable"
"yune","track-a-comparison","luna_pinyin","session_create_select_destroy","","37","8","session_create","6045","unavailable","unavailable","unavailable"
"yune","track-a-comparison","luna_pinyin","session_create_select_destroy","","37","9","schema_select","98","unavailable","unavailable","unavailable"
"yune","track-a-comparison","luna_pinyin","session_create_select_destroy","","37","10","session_destroy","280","unavailable","unavailable","unavailable"
"yune","track-a-comparison","luna_pinyin","session_create_select_destroy","","38","0","schema_config_load","134","unavailable","unavailable","unavailable"
"yune","track-a-comparison","luna_pinyin","session_create_select_destroy","","38","1","schema_switch_options","1","unavailable","unavailable","unavailable"
"yune","track-a-comparison","luna_pinyin","session_create_select_destroy","","38","2","processor_install","2268","unavailable","unavailable","unavailable"
"yune","track-a-comparison","luna_pinyin","session_create_select_destroy","","38","3","schema_config_load","129","unavailable","unavailable","unavailable"
"yune","track-a-comparison","luna_pinyin","session_create_select_destroy","","38","4","translator_install","1624","unavailable","unavailable","unavailable"
"yune","track-a-comparison","luna_pinyin","session_create_select_destroy","","38","5","schema_config_load","135","unavailable","unavailable","unavailable"
"yune","track-a-comparison","luna_pinyin","session_create_select_destroy","","38","6","filter_install","196","unavailable","unavailable","unavailable"
"yune","track-a-comparison","luna_pinyin","session_create_select_destroy","","38","7","userdb_open_or_sync","7","unavailable","unavailable","unavailable"
"yune","track-a-comparison","luna_pinyin","session_create_select_destroy","","38","8","session_create","6086","unavailable","unavailable","unavailable"
"yune","track-a-comparison","luna_pinyin","session_create_select_destroy","","38","9","schema_select","99","unavailable","unavailable","unavailable"
"yune","track-a-comparison","luna_pinyin","session_create_select_destroy","","38","10","session_destroy","351","unavailable","unavailable","unavailable"
"yune","track-a-comparison","luna_pinyin","session_create_select_destroy","","39","0","schema_config_load","148","unavailable","unavailable","unavailable"
"yune","track-a-comparison","luna_pinyin","session_create_select_destroy","","39","1","schema_switch_options","1","unavailable","unavailable","unavailable"
"yune","track-a-comparison","luna_pinyin","session_create_select_destroy","","39","2","processor_install","2335","unavailable","unavailable","unavailable"
"yune","track-a-comparison","luna_pinyin","session_create_select_destroy","","39","3","schema_config_load","132","unavailable","unavailable","unavailable"
"yune","track-a-comparison","luna_pinyin","session_create_select_destroy","","39","4","translator_install","1706","unavailable","unavailable","unavailable"
"yune","track-a-comparison","luna_pinyin","session_create_select_destroy","","39","5","schema_config_load","133","unavailable","unavailable","unavailable"
"yune","track-a-comparison","luna_pinyin","session_create_select_destroy","","39","6","filter_install","193","unavailable","unavailable","unavailable"
"yune","track-a-comparison","luna_pinyin","session_create_select_destroy","","39","7","userdb_open_or_sync","8","unavailable","unavailable","unavailable"
"yune","track-a-comparison","luna_pinyin","session_create_select_destroy","","39","8","session_create","6251","unavailable","unavailable","unavailable"
"yune","track-a-comparison","luna_pinyin","session_create_select_destroy","","39","9","schema_select","98","unavailable","unavailable","unavailable"
"yune","track-a-comparison","luna_pinyin","session_create_select_destroy","","39","10","session_destroy","281","unavailable","unavailable","unavailable"
"yune","track-a-comparison","luna_pinyin","session_create_select_destroy","","40","0","schema_config_load","134","unavailable","unavailable","unavailable"
"yune","track-a-comparison","luna_pinyin","session_create_select_destroy","","40","1","schema_switch_options","1","unavailable","unavailable","unavailable"
"yune","track-a-comparison","luna_pinyin","session_create_select_destroy","","40","2","processor_install","2311","unavailable","unavailable","unavailable"
"yune","track-a-comparison","luna_pinyin","session_create_select_destroy","","40","3","schema_config_load","133","unavailable","unavailable","unavailable"
"yune","track-a-comparison","luna_pinyin","session_create_select_destroy","","40","4","translator_install","1649","unavailable","unavailable","unavailable"
"yune","track-a-comparison","luna_pinyin","session_create_select_destroy","","40","5","schema_config_load","139","unavailable","unavailable","unavailable"
"yune","track-a-comparison","luna_pinyin","session_create_select_destroy","","40","6","filter_install","199","unavailable","unavailable","unavailable"
"yune","track-a-comparison","luna_pinyin","session_create_select_destroy","","40","7","userdb_open_or_sync","8","unavailable","unavailable","unavailable"
"yune","track-a-comparison","luna_pinyin","session_create_select_destroy","","40","8","session_create","6111","unavailable","unavailable","unavailable"
"yune","track-a-comparison","luna_pinyin","session_create_select_destroy","","40","9","schema_select","107","unavailable","unavailable","unavailable"
"yune","track-a-comparison","luna_pinyin","session_create_select_destroy","","40","10","session_destroy","289","unavailable","unavailable","unavailable"
"yune","track-a-comparison","luna_pinyin","session_create_select_destroy","","41","0","schema_config_load","137","unavailable","unavailable","unavailable"
"yune","track-a-comparison","luna_pinyin","session_create_select_destroy","","41","1","schema_switch_options","1","unavailable","unavailable","unavailable"
"yune","track-a-comparison","luna_pinyin","session_create_select_destroy","","41","2","processor_install","2288","unavailable","unavailable","unavailable"
"yune","track-a-comparison","luna_pinyin","session_create_select_destroy","","41","3","schema_config_load","134","unavailable","unavailable","unavailable"
"yune","track-a-comparison","luna_pinyin","session_create_select_destroy","","41","4","translator_install","1640","unavailable","unavailable","unavailable"
"yune","track-a-comparison","luna_pinyin","session_create_select_destroy","","41","5","schema_config_load","132","unavailable","unavailable","unavailable"
"yune","track-a-comparison","luna_pinyin","session_create_select_destroy","","41","6","filter_install","192","unavailable","unavailable","unavailable"
"yune","track-a-comparison","luna_pinyin","session_create_select_destroy","","41","7","userdb_open_or_sync","7","unavailable","unavailable","unavailable"
"yune","track-a-comparison","luna_pinyin","session_create_select_destroy","","41","8","session_create","6080","unavailable","unavailable","unavailable"
"yune","track-a-comparison","luna_pinyin","session_create_select_destroy","","41","9","schema_select","102","unavailable","unavailable","unavailable"
"yune","track-a-comparison","luna_pinyin","session_create_select_destroy","","41","10","session_destroy","277","unavailable","unavailable","unavailable"
"yune","track-a-comparison","luna_pinyin","session_create_select_destroy","","42","0","schema_config_load","134","unavailable","unavailable","unavailable"
"yune","track-a-comparison","luna_pinyin","session_create_select_destroy","","42","1","schema_switch_options","1","unavailable","unavailable","unavailable"
"yune","track-a-comparison","luna_pinyin","session_create_select_destroy","","42","2","processor_install","2281","unavailable","unavailable","unavailable"
"yune","track-a-comparison","luna_pinyin","session_create_select_destroy","","42","3","schema_config_load","134","unavailable","unavailable","unavailable"
"yune","track-a-comparison","luna_pinyin","session_create_select_destroy","","42","4","translator_install","1623","unavailable","unavailable","unavailable"
"yune","track-a-comparison","luna_pinyin","session_create_select_destroy","","42","5","schema_config_load","133","unavailable","unavailable","unavailable"
"yune","track-a-comparison","luna_pinyin","session_create_select_destroy","","42","6","filter_install","192","unavailable","unavailable","unavailable"
"yune","track-a-comparison","luna_pinyin","session_create_select_destroy","","42","7","userdb_open_or_sync","8","unavailable","unavailable","unavailable"
"yune","track-a-comparison","luna_pinyin","session_create_select_destroy","","42","8","session_create","6049","unavailable","unavailable","unavailable"
"yune","track-a-comparison","luna_pinyin","session_create_select_destroy","","42","9","schema_select","98","unavailable","unavailable","unavailable"
"yune","track-a-comparison","luna_pinyin","session_create_select_destroy","","42","10","session_destroy","284","unavailable","unavailable","unavailable"
"yune","track-a-comparison","luna_pinyin","session_create_select_destroy","","43","0","schema_config_load","137","unavailable","unavailable","unavailable"
"yune","track-a-comparison","luna_pinyin","session_create_select_destroy","","43","1","schema_switch_options","1","unavailable","unavailable","unavailable"
"yune","track-a-comparison","luna_pinyin","session_create_select_destroy","","43","2","processor_install","2349","unavailable","unavailable","unavailable"
"yune","track-a-comparison","luna_pinyin","session_create_select_destroy","","43","3","schema_config_load","132","unavailable","unavailable","unavailable"
"yune","track-a-comparison","luna_pinyin","session_create_select_destroy","","43","4","translator_install","1753","unavailable","unavailable","unavailable"
"yune","track-a-comparison","luna_pinyin","session_create_select_destroy","","43","5","schema_config_load","134","unavailable","unavailable","unavailable"
"yune","track-a-comparison","luna_pinyin","session_create_select_destroy","","43","6","filter_install","194","unavailable","unavailable","unavailable"
"yune","track-a-comparison","luna_pinyin","session_create_select_destroy","","43","7","userdb_open_or_sync","8","unavailable","unavailable","unavailable"
"yune","track-a-comparison","luna_pinyin","session_create_select_destroy","","43","8","session_create","6290","unavailable","unavailable","unavailable"
"yune","track-a-comparison","luna_pinyin","session_create_select_destroy","","43","9","schema_select","98","unavailable","unavailable","unavailable"
"yune","track-a-comparison","luna_pinyin","session_create_select_destroy","","43","10","session_destroy","289","unavailable","unavailable","unavailable"
"yune","track-a-comparison","luna_pinyin","session_create_select_destroy","","44","0","schema_config_load","137","unavailable","unavailable","unavailable"
"yune","track-a-comparison","luna_pinyin","session_create_select_destroy","","44","1","schema_switch_options","1","unavailable","unavailable","unavailable"
"yune","track-a-comparison","luna_pinyin","session_create_select_destroy","","44","2","processor_install","2299","unavailable","unavailable","unavailable"
"yune","track-a-comparison","luna_pinyin","session_create_select_destroy","","44","3","schema_config_load","131","unavailable","unavailable","unavailable"
"yune","track-a-comparison","luna_pinyin","session_create_select_destroy","","44","4","translator_install","1639","unavailable","unavailable","unavailable"
"yune","track-a-comparison","luna_pinyin","session_create_select_destroy","","44","5","schema_config_load","132","unavailable","unavailable","unavailable"
"yune","track-a-comparison","luna_pinyin","session_create_select_destroy","","44","6","filter_install","191","unavailable","unavailable","unavailable"
"yune","track-a-comparison","luna_pinyin","session_create_select_destroy","","44","7","userdb_open_or_sync","7","unavailable","unavailable","unavailable"
"yune","track-a-comparison","luna_pinyin","session_create_select_destroy","","44","8","session_create","6108","unavailable","unavailable","unavailable"
"yune","track-a-comparison","luna_pinyin","session_create_select_destroy","","44","9","schema_select","98","unavailable","unavailable","unavailable"
"yune","track-a-comparison","luna_pinyin","session_create_select_destroy","","44","10","session_destroy","284","unavailable","unavailable","unavailable"
"yune","track-a-comparison","luna_pinyin","session_create_select_destroy","","45","0","schema_config_load","138","unavailable","unavailable","unavailable"
"yune","track-a-comparison","luna_pinyin","session_create_select_destroy","","45","1","schema_switch_options","1","unavailable","unavailable","unavailable"
"yune","track-a-comparison","luna_pinyin","session_create_select_destroy","","45","2","processor_install","2280","unavailable","unavailable","unavailable"
"yune","track-a-comparison","luna_pinyin","session_create_select_destroy","","45","3","schema_config_load","136","unavailable","unavailable","unavailable"
"yune","track-a-comparison","luna_pinyin","session_create_select_destroy","","45","4","translator_install","1699","unavailable","unavailable","unavailable"
"yune","track-a-comparison","luna_pinyin","session_create_select_destroy","","45","5","schema_config_load","133","unavailable","unavailable","unavailable"
"yune","track-a-comparison","luna_pinyin","session_create_select_destroy","","45","6","filter_install","192","unavailable","unavailable","unavailable"
"yune","track-a-comparison","luna_pinyin","session_create_select_destroy","","45","7","userdb_open_or_sync","8","unavailable","unavailable","unavailable"
"yune","track-a-comparison","luna_pinyin","session_create_select_destroy","","45","8","session_create","6133","unavailable","unavailable","unavailable"
"yune","track-a-comparison","luna_pinyin","session_create_select_destroy","","45","9","schema_select","98","unavailable","unavailable","unavailable"
"yune","track-a-comparison","luna_pinyin","session_create_select_destroy","","45","10","session_destroy","285","unavailable","unavailable","unavailable"
"yune","track-a-comparison","luna_pinyin","session_create_select_destroy","","46","0","schema_config_load","137","unavailable","unavailable","unavailable"
"yune","track-a-comparison","luna_pinyin","session_create_select_destroy","","46","1","schema_switch_options","1","unavailable","unavailable","unavailable"
"yune","track-a-comparison","luna_pinyin","session_create_select_destroy","","46","2","processor_install","2298","unavailable","unavailable","unavailable"
"yune","track-a-comparison","luna_pinyin","session_create_select_destroy","","46","3","schema_config_load","130","unavailable","unavailable","unavailable"
"yune","track-a-comparison","luna_pinyin","session_create_select_destroy","","46","4","translator_install","1651","unavailable","unavailable","unavailable"
"yune","track-a-comparison","luna_pinyin","session_create_select_destroy","","46","5","schema_config_load","131","unavailable","unavailable","unavailable"
"yune","track-a-comparison","luna_pinyin","session_create_select_destroy","","46","6","filter_install","192","unavailable","unavailable","unavailable"
"yune","track-a-comparison","luna_pinyin","session_create_select_destroy","","46","7","userdb_open_or_sync","9","unavailable","unavailable","unavailable"
"yune","track-a-comparison","luna_pinyin","session_create_select_destroy","","46","8","session_create","6113","unavailable","unavailable","unavailable"
"yune","track-a-comparison","luna_pinyin","session_create_select_destroy","","46","9","schema_select","99","unavailable","unavailable","unavailable"
"yune","track-a-comparison","luna_pinyin","session_create_select_destroy","","46","10","session_destroy","348","unavailable","unavailable","unavailable"
"yune","track-a-comparison","luna_pinyin","session_create_select_destroy","","47","0","schema_config_load","140","unavailable","unavailable","unavailable"
"yune","track-a-comparison","luna_pinyin","session_create_select_destroy","","47","1","schema_switch_options","1","unavailable","unavailable","unavailable"
"yune","track-a-comparison","luna_pinyin","session_create_select_destroy","","47","2","processor_install","2339","unavailable","unavailable","unavailable"
"yune","track-a-comparison","luna_pinyin","session_create_select_destroy","","47","3","schema_config_load","266","unavailable","unavailable","unavailable"
"yune","track-a-comparison","luna_pinyin","session_create_select_destroy","","47","4","translator_install","2083","unavailable","unavailable","unavailable"
"yune","track-a-comparison","luna_pinyin","session_create_select_destroy","","47","5","schema_config_load","143","unavailable","unavailable","unavailable"
"yune","track-a-comparison","luna_pinyin","session_create_select_destroy","","47","6","filter_install","202","unavailable","unavailable","unavailable"
"yune","track-a-comparison","luna_pinyin","session_create_select_destroy","","47","7","userdb_open_or_sync","9","unavailable","unavailable","unavailable"
"yune","track-a-comparison","luna_pinyin","session_create_select_destroy","","47","8","session_create","6630","unavailable","unavailable","unavailable"
"yune","track-a-comparison","luna_pinyin","session_create_select_destroy","","47","9","schema_select","102","unavailable","unavailable","unavailable"
"yune","track-a-comparison","luna_pinyin","session_create_select_destroy","","47","10","session_destroy","370","unavailable","unavailable","unavailable"
"yune","track-a-comparison","luna_pinyin","session_create_select_destroy","","48","0","schema_config_load","136","unavailable","unavailable","unavailable"
"yune","track-a-comparison","luna_pinyin","session_create_select_destroy","","48","1","schema_switch_options","1","unavailable","unavailable","unavailable"
"yune","track-a-comparison","luna_pinyin","session_create_select_destroy","","48","2","processor_install","2340","unavailable","unavailable","unavailable"
"yune","track-a-comparison","luna_pinyin","session_create_select_destroy","","48","3","schema_config_load","130","unavailable","unavailable","unavailable"
"yune","track-a-comparison","luna_pinyin","session_create_select_destroy","","48","4","translator_install","1749","unavailable","unavailable","unavailable"
"yune","track-a-comparison","luna_pinyin","session_create_select_destroy","","48","5","schema_config_load","136","unavailable","unavailable","unavailable"
"yune","track-a-comparison","luna_pinyin","session_create_select_destroy","","48","6","filter_install","196","unavailable","unavailable","unavailable"
"yune","track-a-comparison","luna_pinyin","session_create_select_destroy","","48","7","userdb_open_or_sync","8","unavailable","unavailable","unavailable"
"yune","track-a-comparison","luna_pinyin","session_create_select_destroy","","48","8","session_create","6330","unavailable","unavailable","unavailable"
"yune","track-a-comparison","luna_pinyin","session_create_select_destroy","","48","9","schema_select","98","unavailable","unavailable","unavailable"
"yune","track-a-comparison","luna_pinyin","session_create_select_destroy","","48","10","session_destroy","279","unavailable","unavailable","unavailable"
"yune","track-a-comparison","luna_pinyin","session_create_select_destroy","","49","0","schema_config_load","138","unavailable","unavailable","unavailable"
"yune","track-a-comparison","luna_pinyin","session_create_select_destroy","","49","1","schema_switch_options","1","unavailable","unavailable","unavailable"
"yune","track-a-comparison","luna_pinyin","session_create_select_destroy","","49","2","processor_install","2250","unavailable","unavailable","unavailable"
"yune","track-a-comparison","luna_pinyin","session_create_select_destroy","","49","3","schema_config_load","128","unavailable","unavailable","unavailable"
"yune","track-a-comparison","luna_pinyin","session_create_select_destroy","","49","4","translator_install","1635","unavailable","unavailable","unavailable"
"yune","track-a-comparison","luna_pinyin","session_create_select_destroy","","49","5","schema_config_load","148","unavailable","unavailable","unavailable"
"yune","track-a-comparison","luna_pinyin","session_create_select_destroy","","49","6","filter_install","215","unavailable","unavailable","unavailable"
"yune","track-a-comparison","luna_pinyin","session_create_select_destroy","","49","7","userdb_open_or_sync","8","unavailable","unavailable","unavailable"
"yune","track-a-comparison","luna_pinyin","session_create_select_destroy","","49","8","session_create","6075","unavailable","unavailable","unavailable"
"yune","track-a-comparison","luna_pinyin","session_create_select_destroy","","49","9","schema_select","100","unavailable","unavailable","unavailable"
"yune","track-a-comparison","luna_pinyin","session_create_select_destroy","","49","10","session_destroy","274","unavailable","unavailable","unavailable"
"yune","track-a-comparison","luna_pinyin","session_create_select_destroy","","50","0","schema_config_load","142","unavailable","unavailable","unavailable"
"yune","track-a-comparison","luna_pinyin","session_create_select_destroy","","50","1","schema_switch_options","1","unavailable","unavailable","unavailable"
"yune","track-a-comparison","luna_pinyin","session_create_select_destroy","","50","2","processor_install","2267","unavailable","unavailable","unavailable"
"yune","track-a-comparison","luna_pinyin","session_create_select_destroy","","50","3","schema_config_load","135","unavailable","unavailable","unavailable"
"yune","track-a-comparison","luna_pinyin","session_create_select_destroy","","50","4","translator_install","1615","unavailable","unavailable","unavailable"
"yune","track-a-comparison","luna_pinyin","session_create_select_destroy","","50","5","schema_config_load","134","unavailable","unavailable","unavailable"
"yune","track-a-comparison","luna_pinyin","session_create_select_destroy","","50","6","filter_install","193","unavailable","unavailable","unavailable"
"yune","track-a-comparison","luna_pinyin","session_create_select_destroy","","50","7","userdb_open_or_sync","7","unavailable","unavailable","unavailable"
"yune","track-a-comparison","luna_pinyin","session_create_select_destroy","","50","8","session_create","6081","unavailable","unavailable","unavailable"
"yune","track-a-comparison","luna_pinyin","session_create_select_destroy","","50","9","schema_select","100","unavailable","unavailable","unavailable"
"yune","track-a-comparison","luna_pinyin","session_create_select_destroy","","50","10","session_destroy","286","unavailable","unavailable","unavailable"
"yune","track-a-comparison","luna_pinyin","session_create_select_destroy","","51","0","schema_config_load","136","unavailable","unavailable","unavailable"
"yune","track-a-comparison","luna_pinyin","session_create_select_destroy","","51","1","schema_switch_options","1","unavailable","unavailable","unavailable"
"yune","track-a-comparison","luna_pinyin","session_create_select_destroy","","51","2","processor_install","2287","unavailable","unavailable","unavailable"
"yune","track-a-comparison","luna_pinyin","session_create_select_destroy","","51","3","schema_config_load","133","unavailable","unavailable","unavailable"
"yune","track-a-comparison","luna_pinyin","session_create_select_destroy","","51","4","translator_install","1625","unavailable","unavailable","unavailable"
"yune","track-a-comparison","luna_pinyin","session_create_select_destroy","","51","5","schema_config_load","132","unavailable","unavailable","unavailable"
"yune","track-a-comparison","luna_pinyin","session_create_select_destroy","","51","6","filter_install","191","unavailable","unavailable","unavailable"
"yune","track-a-comparison","luna_pinyin","session_create_select_destroy","","51","7","userdb_open_or_sync","8","unavailable","unavailable","unavailable"
"yune","track-a-comparison","luna_pinyin","session_create_select_destroy","","51","8","session_create","6069","unavailable","unavailable","unavailable"
"yune","track-a-comparison","luna_pinyin","session_create_select_destroy","","51","9","schema_select","100","unavailable","unavailable","unavailable"
"yune","track-a-comparison","luna_pinyin","session_create_select_destroy","","51","10","session_destroy","279","unavailable","unavailable","unavailable"
"yune","track-a-comparison","luna_pinyin","session_create_select_destroy","","52","0","schema_config_load","132","unavailable","unavailable","unavailable"
"yune","track-a-comparison","luna_pinyin","session_create_select_destroy","","52","1","schema_switch_options","1","unavailable","unavailable","unavailable"
"yune","track-a-comparison","luna_pinyin","session_create_select_destroy","","52","2","processor_install","2313","unavailable","unavailable","unavailable"
"yune","track-a-comparison","luna_pinyin","session_create_select_destroy","","52","3","schema_config_load","135","unavailable","unavailable","unavailable"
"yune","track-a-comparison","luna_pinyin","session_create_select_destroy","","52","4","translator_install","1680","unavailable","unavailable","unavailable"
"yune","track-a-comparison","luna_pinyin","session_create_select_destroy","","52","5","schema_config_load","133","unavailable","unavailable","unavailable"
"yune","track-a-comparison","luna_pinyin","session_create_select_destroy","","52","6","filter_install","193","unavailable","unavailable","unavailable"
"yune","track-a-comparison","luna_pinyin","session_create_select_destroy","","52","7","userdb_open_or_sync","9","unavailable","unavailable","unavailable"
"yune","track-a-comparison","luna_pinyin","session_create_select_destroy","","52","8","session_create","6141","unavailable","unavailable","unavailable"
"yune","track-a-comparison","luna_pinyin","session_create_select_destroy","","52","9","schema_select","100","unavailable","unavailable","unavailable"
"yune","track-a-comparison","luna_pinyin","session_create_select_destroy","","52","10","session_destroy","285","unavailable","unavailable","unavailable"
"yune","track-a-comparison","luna_pinyin","session_create_select_destroy","","53","0","schema_config_load","131","unavailable","unavailable","unavailable"
"yune","track-a-comparison","luna_pinyin","session_create_select_destroy","","53","1","schema_switch_options","1","unavailable","unavailable","unavailable"
"yune","track-a-comparison","luna_pinyin","session_create_select_destroy","","53","2","processor_install","2258","unavailable","unavailable","unavailable"
"yune","track-a-comparison","luna_pinyin","session_create_select_destroy","","53","3","schema_config_load","131","unavailable","unavailable","unavailable"
"yune","track-a-comparison","luna_pinyin","session_create_select_destroy","","53","4","translator_install","1607","unavailable","unavailable","unavailable"
"yune","track-a-comparison","luna_pinyin","session_create_select_destroy","","53","5","schema_config_load","133","unavailable","unavailable","unavailable"
"yune","track-a-comparison","luna_pinyin","session_create_select_destroy","","53","6","filter_install","192","unavailable","unavailable","unavailable"
"yune","track-a-comparison","luna_pinyin","session_create_select_destroy","","53","7","userdb_open_or_sync","8","unavailable","unavailable","unavailable"
"yune","track-a-comparison","luna_pinyin","session_create_select_destroy","","53","8","session_create","6032","unavailable","unavailable","unavailable"
"yune","track-a-comparison","luna_pinyin","session_create_select_destroy","","53","9","schema_select","99","unavailable","unavailable","unavailable"
"yune","track-a-comparison","luna_pinyin","session_create_select_destroy","","53","10","session_destroy","278","unavailable","unavailable","unavailable"
"yune","track-a-comparison","luna_pinyin","session_create_select_destroy","","54","0","schema_config_load","129","unavailable","unavailable","unavailable"
"yune","track-a-comparison","luna_pinyin","session_create_select_destroy","","54","1","schema_switch_options","1","unavailable","unavailable","unavailable"
"yune","track-a-comparison","luna_pinyin","session_create_select_destroy","","54","2","processor_install","2263","unavailable","unavailable","unavailable"
"yune","track-a-comparison","luna_pinyin","session_create_select_destroy","","54","3","schema_config_load","129","unavailable","unavailable","unavailable"
"yune","track-a-comparison","luna_pinyin","session_create_select_destroy","","54","4","translator_install","1650","unavailable","unavailable","unavailable"
"yune","track-a-comparison","luna_pinyin","session_create_select_destroy","","54","5","schema_config_load","133","unavailable","unavailable","unavailable"
"yune","track-a-comparison","luna_pinyin","session_create_select_destroy","","54","6","filter_install","192","unavailable","unavailable","unavailable"
"yune","track-a-comparison","luna_pinyin","session_create_select_destroy","","54","7","userdb_open_or_sync","7","unavailable","unavailable","unavailable"
"yune","track-a-comparison","luna_pinyin","session_create_select_destroy","","54","8","session_create","6063","unavailable","unavailable","unavailable"
"yune","track-a-comparison","luna_pinyin","session_create_select_destroy","","54","9","schema_select","100","unavailable","unavailable","unavailable"
"yune","track-a-comparison","luna_pinyin","session_create_select_destroy","","54","10","session_destroy","282","unavailable","unavailable","unavailable"
"yune","track-a-comparison","luna_pinyin","session_create_select_destroy","","55","0","schema_config_load","144","unavailable","unavailable","unavailable"
"yune","track-a-comparison","luna_pinyin","session_create_select_destroy","","55","1","schema_switch_options","1","unavailable","unavailable","unavailable"
"yune","track-a-comparison","luna_pinyin","session_create_select_destroy","","55","2","processor_install","2249","unavailable","unavailable","unavailable"
"yune","track-a-comparison","luna_pinyin","session_create_select_destroy","","55","3","schema_config_load","133","unavailable","unavailable","unavailable"
"yune","track-a-comparison","luna_pinyin","session_create_select_destroy","","55","4","translator_install","1617","unavailable","unavailable","unavailable"
"yune","track-a-comparison","luna_pinyin","session_create_select_destroy","","55","5","schema_config_load","132","unavailable","unavailable","unavailable"
"yune","track-a-comparison","luna_pinyin","session_create_select_destroy","","55","6","filter_install","191","unavailable","unavailable","unavailable"
"yune","track-a-comparison","luna_pinyin","session_create_select_destroy","","55","7","userdb_open_or_sync","7","unavailable","unavailable","unavailable"
"yune","track-a-comparison","luna_pinyin","session_create_select_destroy","","55","8","session_create","6020","unavailable","unavailable","unavailable"
"yune","track-a-comparison","luna_pinyin","session_create_select_destroy","","55","9","schema_select","99","unavailable","unavailable","unavailable"
"yune","track-a-comparison","luna_pinyin","session_create_select_destroy","","55","10","session_destroy","285","unavailable","unavailable","unavailable"
"yune","track-a-comparison","luna_pinyin","session_create_select_destroy","","56","0","schema_config_load","133","unavailable","unavailable","unavailable"
"yune","track-a-comparison","luna_pinyin","session_create_select_destroy","","56","1","schema_switch_options","1","unavailable","unavailable","unavailable"
"yune","track-a-comparison","luna_pinyin","session_create_select_destroy","","56","2","processor_install","2271","unavailable","unavailable","unavailable"
"yune","track-a-comparison","luna_pinyin","session_create_select_destroy","","56","3","schema_config_load","128","unavailable","unavailable","unavailable"
"yune","track-a-comparison","luna_pinyin","session_create_select_destroy","","56","4","translator_install","1613","unavailable","unavailable","unavailable"
"yune","track-a-comparison","luna_pinyin","session_create_select_destroy","","56","5","schema_config_load","132","unavailable","unavailable","unavailable"
"yune","track-a-comparison","luna_pinyin","session_create_select_destroy","","56","6","filter_install","191","unavailable","unavailable","unavailable"
"yune","track-a-comparison","luna_pinyin","session_create_select_destroy","","56","7","userdb_open_or_sync","13","unavailable","unavailable","unavailable"
"yune","track-a-comparison","luna_pinyin","session_create_select_destroy","","56","8","session_create","6056","unavailable","unavailable","unavailable"
"yune","track-a-comparison","luna_pinyin","session_create_select_destroy","","56","9","schema_select","99","unavailable","unavailable","unavailable"
"yune","track-a-comparison","luna_pinyin","session_create_select_destroy","","56","10","session_destroy","272","unavailable","unavailable","unavailable"
"yune","track-a-comparison","luna_pinyin","session_create_select_destroy","","57","0","schema_config_load","140","unavailable","unavailable","unavailable"
"yune","track-a-comparison","luna_pinyin","session_create_select_destroy","","57","1","schema_switch_options","1","unavailable","unavailable","unavailable"
"yune","track-a-comparison","luna_pinyin","session_create_select_destroy","","57","2","processor_install","2327","unavailable","unavailable","unavailable"
"yune","track-a-comparison","luna_pinyin","session_create_select_destroy","","57","3","schema_config_load","130","unavailable","unavailable","unavailable"
"yune","track-a-comparison","luna_pinyin","session_create_select_destroy","","57","4","translator_install","1747","unavailable","unavailable","unavailable"
"yune","track-a-comparison","luna_pinyin","session_create_select_destroy","","57","5","schema_config_load","144","unavailable","unavailable","unavailable"
"yune","track-a-comparison","luna_pinyin","session_create_select_destroy","","57","6","filter_install","208","unavailable","unavailable","unavailable"
"yune","track-a-comparison","luna_pinyin","session_create_select_destroy","","57","7","userdb_open_or_sync","13","unavailable","unavailable","unavailable"
"yune","track-a-comparison","luna_pinyin","session_create_select_destroy","","57","8","session_create","6321","unavailable","unavailable","unavailable"
"yune","track-a-comparison","luna_pinyin","session_create_select_destroy","","57","9","schema_select","104","unavailable","unavailable","unavailable"
"yune","track-a-comparison","luna_pinyin","session_create_select_destroy","","57","10","session_destroy","413","unavailable","unavailable","unavailable"
"yune","track-a-comparison","luna_pinyin","session_create_select_destroy","","58","0","schema_config_load","143","unavailable","unavailable","unavailable"
"yune","track-a-comparison","luna_pinyin","session_create_select_destroy","","58","1","schema_switch_options","1","unavailable","unavailable","unavailable"
"yune","track-a-comparison","luna_pinyin","session_create_select_destroy","","58","2","processor_install","2424","unavailable","unavailable","unavailable"
"yune","track-a-comparison","luna_pinyin","session_create_select_destroy","","58","3","schema_config_load","132","unavailable","unavailable","unavailable"
"yune","track-a-comparison","luna_pinyin","session_create_select_destroy","","58","4","translator_install","1764","unavailable","unavailable","unavailable"
"yune","track-a-comparison","luna_pinyin","session_create_select_destroy","","58","5","schema_config_load","140","unavailable","unavailable","unavailable"
"yune","track-a-comparison","luna_pinyin","session_create_select_destroy","","58","6","filter_install","202","unavailable","unavailable","unavailable"
"yune","track-a-comparison","luna_pinyin","session_create_select_destroy","","58","7","userdb_open_or_sync","11","unavailable","unavailable","unavailable"
"yune","track-a-comparison","luna_pinyin","session_create_select_destroy","","58","8","session_create","6489","unavailable","unavailable","unavailable"
"yune","track-a-comparison","luna_pinyin","session_create_select_destroy","","58","9","schema_select","102","unavailable","unavailable","unavailable"
"yune","track-a-comparison","luna_pinyin","session_create_select_destroy","","58","10","session_destroy","351","unavailable","unavailable","unavailable"
"yune","track-a-comparison","luna_pinyin","session_create_select_destroy","","59","0","schema_config_load","141","unavailable","unavailable","unavailable"
"yune","track-a-comparison","luna_pinyin","session_create_select_destroy","","59","1","schema_switch_options","1","unavailable","unavailable","unavailable"
"yune","track-a-comparison","luna_pinyin","session_create_select_destroy","","59","2","processor_install","2387","unavailable","unavailable","unavailable"
"yune","track-a-comparison","luna_pinyin","session_create_select_destroy","","59","3","schema_config_load","131","unavailable","unavailable","unavailable"
"yune","track-a-comparison","luna_pinyin","session_create_select_destroy","","59","4","translator_install","1622","unavailable","unavailable","unavailable"
"yune","track-a-comparison","luna_pinyin","session_create_select_destroy","","59","5","schema_config_load","132","unavailable","unavailable","unavailable"
"yune","track-a-comparison","luna_pinyin","session_create_select_destroy","","59","6","filter_install","193","unavailable","unavailable","unavailable"
"yune","track-a-comparison","luna_pinyin","session_create_select_destroy","","59","7","userdb_open_or_sync","9","unavailable","unavailable","unavailable"
"yune","track-a-comparison","luna_pinyin","session_create_select_destroy","","59","8","session_create","6251","unavailable","unavailable","unavailable"
"yune","track-a-comparison","luna_pinyin","session_create_select_destroy","","59","9","schema_select","101","unavailable","unavailable","unavailable"
"yune","track-a-comparison","luna_pinyin","session_create_select_destroy","","59","10","session_destroy","384","unavailable","unavailable","unavailable"
"yune","track-b-product","jyut6ping3_mobile","startup_warm_shared_assets_runtime_ready","","0","0","runtime_setup","175","unavailable","unavailable","unavailable"
"yune","track-b-product","jyut6ping3_mobile","startup_warm_shared_assets_runtime_ready","","0","1","runtime_setup","46","unavailable","unavailable","unavailable"
"yune","track-b-product","jyut6ping3_mobile","startup_warm_shared_assets_runtime_ready","","0","2","runtime_initialize","46","unavailable","unavailable","unavailable"
"yune","track-b-product","jyut6ping3_mobile","startup_warm_shared_assets_runtime_ready","","0","3","schema_config_load","15","unavailable","unavailable","unavailable"
"yune","track-b-product","jyut6ping3_mobile","startup_warm_shared_assets_runtime_ready","","0","4","schema_switch_options","0","unavailable","unavailable","unavailable"
"yune","track-b-product","jyut6ping3_mobile","startup_warm_shared_assets_runtime_ready","","0","5","processor_install","169","unavailable","unavailable","unavailable"
"yune","track-b-product","jyut6ping3_mobile","startup_warm_shared_assets_runtime_ready","","0","6","schema_config_load","15","unavailable","unavailable","unavailable"
"yune","track-b-product","jyut6ping3_mobile","startup_warm_shared_assets_runtime_ready","","0","7","translator_install","17","unavailable","unavailable","unavailable"
"yune","track-b-product","jyut6ping3_mobile","startup_warm_shared_assets_runtime_ready","","0","8","schema_config_load","14","unavailable","unavailable","unavailable"
"yune","track-b-product","jyut6ping3_mobile","startup_warm_shared_assets_runtime_ready","","0","9","filter_install","16","unavailable","unavailable","unavailable"
"yune","track-b-product","jyut6ping3_mobile","startup_warm_shared_assets_runtime_ready","","0","10","userdb_open_or_sync","0","unavailable","unavailable","unavailable"
"yune","track-b-product","jyut6ping3_mobile","startup_warm_shared_assets_runtime_ready","","0","11","session_create","810","unavailable","unavailable","unavailable"
"yune","track-b-product","jyut6ping3_mobile","startup_warm_shared_assets_runtime_ready","","0","12","schema_config_load","91","unavailable","unavailable","unavailable"
"yune","track-b-product","jyut6ping3_mobile","startup_warm_shared_assets_runtime_ready","","0","13","schema_switch_options","2","unavailable","unavailable","unavailable"
"yune","track-b-product","jyut6ping3_mobile","startup_warm_shared_assets_runtime_ready","","0","14","processor_install","1155","unavailable","unavailable","unavailable"
"yune","track-b-product","jyut6ping3_mobile","startup_warm_shared_assets_runtime_ready","","0","15","schema_config_load","42","unavailable","unavailable","unavailable"
"yune","track-b-product","jyut6ping3_mobile","startup_warm_shared_assets_runtime_ready","","0","16","compiled_table_load","35","unavailable","unavailable","unavailable"
"yune","track-b-product","jyut6ping3_mobile","startup_warm_shared_assets_runtime_ready","","0","17","compiled_prism_load","36","unavailable","unavailable","unavailable"
"yune","track-b-product","jyut6ping3_mobile","startup_warm_shared_assets_runtime_ready","","0","18","compiled_reverse_load","587","unavailable","unavailable","unavailable"
"yune","track-b-product","jyut6ping3_mobile","startup_warm_shared_assets_runtime_ready","","0","19","compiled_poet_load","25","unavailable","unavailable","unavailable"
"yune","track-b-product","jyut6ping3_mobile","startup_warm_shared_assets_runtime_ready","","0","20","compiled_prism_parse","4611","unavailable","unavailable","unavailable"
"yune","track-b-product","jyut6ping3_mobile","startup_warm_shared_assets_runtime_ready","","0","21","compiled_reverse_load","13748","unavailable","unavailable","unavailable"
"yune","track-b-product","jyut6ping3_mobile","startup_warm_shared_assets_runtime_ready","","0","22","compiled_table_dictionary_parse","8561","unavailable","unavailable","unavailable"
"yune","track-b-product","jyut6ping3_mobile","startup_warm_shared_assets_runtime_ready","","0","23","compiled_table_compact_parse","56406","unavailable","unavailable","unavailable"
"yune","track-b-product","jyut6ping3_mobile","startup_warm_shared_assets_runtime_ready","","0","24","translator_index_build","9","unavailable","unavailable","unavailable"
"yune","track-b-product","jyut6ping3_mobile","startup_warm_shared_assets_runtime_ready","","0","25","spelling_algebra_expand","433","unavailable","unavailable","unavailable"
"yune","track-b-product","jyut6ping3_mobile","startup_warm_shared_assets_runtime_ready","","0","26","compiled_table_load","27","unavailable","unavailable","unavailable"
"yune","track-b-product","jyut6ping3_mobile","startup_warm_shared_assets_runtime_ready","","0","27","compiled_prism_load","16","unavailable","unavailable","unavailable"
"yune","track-b-product","jyut6ping3_mobile","startup_warm_shared_assets_runtime_ready","","0","28","compiled_reverse_load","138","unavailable","unavailable","unavailable"
"yune","track-b-product","jyut6ping3_mobile","startup_warm_shared_assets_runtime_ready","","0","29","compiled_poet_load","18","unavailable","unavailable","unavailable"
"yune","track-b-product","jyut6ping3_mobile","startup_warm_shared_assets_runtime_ready","","0","30","compiled_prism_parse","11","unavailable","unavailable","unavailable"
"yune","track-b-product","jyut6ping3_mobile","startup_warm_shared_assets_runtime_ready","","0","31","compiled_reverse_load","4159","unavailable","unavailable","unavailable"
"yune","track-b-product","jyut6ping3_mobile","startup_warm_shared_assets_runtime_ready","","0","32","compiled_table_dictionary_parse","1637","unavailable","unavailable","unavailable"
"yune","track-b-product","jyut6ping3_mobile","startup_warm_shared_assets_runtime_ready","","0","33","compiled_table_compact_parse","954","unavailable","unavailable","unavailable"
"yune","track-b-product","jyut6ping3_mobile","startup_warm_shared_assets_runtime_ready","","0","34","translator_index_build","1","unavailable","unavailable","unavailable"
"yune","track-b-product","jyut6ping3_mobile","startup_warm_shared_assets_runtime_ready","","0","35","spelling_algebra_expand","0","unavailable","unavailable","unavailable"
"yune","track-b-product","jyut6ping3_mobile","startup_warm_shared_assets_runtime_ready","","0","36","translator_install","143995","unavailable","unavailable","unavailable"
"yune","track-b-product","jyut6ping3_mobile","startup_warm_shared_assets_runtime_ready","","0","37","schema_config_load","98","unavailable","unavailable","unavailable"
"yune","track-b-product","jyut6ping3_mobile","startup_warm_shared_assets_runtime_ready","","0","38","filter_install","27303","unavailable","unavailable","unavailable"
"yune","track-b-product","jyut6ping3_mobile","startup_warm_shared_assets_runtime_ready","","0","39","userdb_open_or_sync","28","unavailable","unavailable","unavailable"
"yune","track-b-product","jyut6ping3_mobile","startup_warm_shared_assets_runtime_ready","","0","40","schema_select","173515","unavailable","unavailable","unavailable"
"yune","track-b-product","jyut6ping3_mobile","startup_warm_shared_assets_runtime_ready","","0","41","session_destroy","799","unavailable","unavailable","unavailable"
"yune","track-b-product","jyut6ping3_mobile","startup_warm_shared_assets_runtime_ready","","0","42","runtime_finalize","0","unavailable","unavailable","unavailable"
"yune","track-b-product","jyut6ping3_mobile","startup_warm_shared_assets_runtime_ready","","1","0","runtime_setup","96","unavailable","unavailable","unavailable"
"yune","track-b-product","jyut6ping3_mobile","startup_warm_shared_assets_runtime_ready","","1","1","runtime_setup","38","unavailable","unavailable","unavailable"
"yune","track-b-product","jyut6ping3_mobile","startup_warm_shared_assets_runtime_ready","","1","2","runtime_initialize","38","unavailable","unavailable","unavailable"
"yune","track-b-product","jyut6ping3_mobile","startup_warm_shared_assets_runtime_ready","","1","3","schema_config_load","18","unavailable","unavailable","unavailable"
"yune","track-b-product","jyut6ping3_mobile","startup_warm_shared_assets_runtime_ready","","1","4","schema_switch_options","0","unavailable","unavailable","unavailable"
"yune","track-b-product","jyut6ping3_mobile","startup_warm_shared_assets_runtime_ready","","1","5","processor_install","161","unavailable","unavailable","unavailable"
"yune","track-b-product","jyut6ping3_mobile","startup_warm_shared_assets_runtime_ready","","1","6","schema_config_load","13","unavailable","unavailable","unavailable"
"yune","track-b-product","jyut6ping3_mobile","startup_warm_shared_assets_runtime_ready","","1","7","translator_install","13","unavailable","unavailable","unavailable"
"yune","track-b-product","jyut6ping3_mobile","startup_warm_shared_assets_runtime_ready","","1","8","schema_config_load","14","unavailable","unavailable","unavailable"
"yune","track-b-product","jyut6ping3_mobile","startup_warm_shared_assets_runtime_ready","","1","9","filter_install","14","unavailable","unavailable","unavailable"
"yune","track-b-product","jyut6ping3_mobile","startup_warm_shared_assets_runtime_ready","","1","10","userdb_open_or_sync","0","unavailable","unavailable","unavailable"
"yune","track-b-product","jyut6ping3_mobile","startup_warm_shared_assets_runtime_ready","","1","11","session_create","336","unavailable","unavailable","unavailable"
"yune","track-b-product","jyut6ping3_mobile","startup_warm_shared_assets_runtime_ready","","1","12","schema_config_load","69","unavailable","unavailable","unavailable"
"yune","track-b-product","jyut6ping3_mobile","startup_warm_shared_assets_runtime_ready","","1","13","schema_switch_options","2","unavailable","unavailable","unavailable"
"yune","track-b-product","jyut6ping3_mobile","startup_warm_shared_assets_runtime_ready","","1","14","processor_install","1011","unavailable","unavailable","unavailable"
"yune","track-b-product","jyut6ping3_mobile","startup_warm_shared_assets_runtime_ready","","1","15","schema_config_load","44","unavailable","unavailable","unavailable"
"yune","track-b-product","jyut6ping3_mobile","startup_warm_shared_assets_runtime_ready","","1","16","translator_install","782","unavailable","unavailable","unavailable"
"yune","track-b-product","jyut6ping3_mobile","startup_warm_shared_assets_runtime_ready","","1","17","schema_config_load","44","unavailable","unavailable","unavailable"
"yune","track-b-product","jyut6ping3_mobile","startup_warm_shared_assets_runtime_ready","","1","18","filter_install","27260","unavailable","unavailable","unavailable"
"yune","track-b-product","jyut6ping3_mobile","startup_warm_shared_assets_runtime_ready","","1","19","userdb_open_or_sync","22","unavailable","unavailable","unavailable"
"yune","track-b-product","jyut6ping3_mobile","startup_warm_shared_assets_runtime_ready","","1","20","schema_select","30031","unavailable","unavailable","unavailable"
"yune","track-b-product","jyut6ping3_mobile","startup_warm_shared_assets_runtime_ready","","1","21","session_destroy","747","unavailable","unavailable","unavailable"
"yune","track-b-product","jyut6ping3_mobile","startup_warm_shared_assets_runtime_ready","","1","22","runtime_finalize","0","unavailable","unavailable","unavailable"
"yune","track-b-product","jyut6ping3_mobile","startup_warm_shared_assets_runtime_ready","","2","0","runtime_setup","81","unavailable","unavailable","unavailable"
"yune","track-b-product","jyut6ping3_mobile","startup_warm_shared_assets_runtime_ready","","2","1","runtime_setup","31","unavailable","unavailable","unavailable"
"yune","track-b-product","jyut6ping3_mobile","startup_warm_shared_assets_runtime_ready","","2","2","runtime_initialize","32","unavailable","unavailable","unavailable"
"yune","track-b-product","jyut6ping3_mobile","startup_warm_shared_assets_runtime_ready","","2","3","schema_config_load","14","unavailable","unavailable","unavailable"
"yune","track-b-product","jyut6ping3_mobile","startup_warm_shared_assets_runtime_ready","","2","4","schema_switch_options","0","unavailable","unavailable","unavailable"
"yune","track-b-product","jyut6ping3_mobile","startup_warm_shared_assets_runtime_ready","","2","5","processor_install","143","unavailable","unavailable","unavailable"
"yune","track-b-product","jyut6ping3_mobile","startup_warm_shared_assets_runtime_ready","","2","6","schema_config_load","14","unavailable","unavailable","unavailable"
"yune","track-b-product","jyut6ping3_mobile","startup_warm_shared_assets_runtime_ready","","2","7","translator_install","14","unavailable","unavailable","unavailable"
"yune","track-b-product","jyut6ping3_mobile","startup_warm_shared_assets_runtime_ready","","2","8","schema_config_load","13","unavailable","unavailable","unavailable"
"yune","track-b-product","jyut6ping3_mobile","startup_warm_shared_assets_runtime_ready","","2","9","filter_install","14","unavailable","unavailable","unavailable"
"yune","track-b-product","jyut6ping3_mobile","startup_warm_shared_assets_runtime_ready","","2","10","userdb_open_or_sync","0","unavailable","unavailable","unavailable"
"yune","track-b-product","jyut6ping3_mobile","startup_warm_shared_assets_runtime_ready","","2","11","session_create","302","unavailable","unavailable","unavailable"
"yune","track-b-product","jyut6ping3_mobile","startup_warm_shared_assets_runtime_ready","","2","12","schema_config_load","60","unavailable","unavailable","unavailable"
"yune","track-b-product","jyut6ping3_mobile","startup_warm_shared_assets_runtime_ready","","2","13","schema_switch_options","2","unavailable","unavailable","unavailable"
"yune","track-b-product","jyut6ping3_mobile","startup_warm_shared_assets_runtime_ready","","2","14","processor_install","879","unavailable","unavailable","unavailable"
"yune","track-b-product","jyut6ping3_mobile","startup_warm_shared_assets_runtime_ready","","2","15","schema_config_load","41","unavailable","unavailable","unavailable"
"yune","track-b-product","jyut6ping3_mobile","startup_warm_shared_assets_runtime_ready","","2","16","translator_install","821","unavailable","unavailable","unavailable"
"yune","track-b-product","jyut6ping3_mobile","startup_warm_shared_assets_runtime_ready","","2","17","schema_config_load","44","unavailable","unavailable","unavailable"
"yune","track-b-product","jyut6ping3_mobile","startup_warm_shared_assets_runtime_ready","","2","18","filter_install","27029","unavailable","unavailable","unavailable"
"yune","track-b-product","jyut6ping3_mobile","startup_warm_shared_assets_runtime_ready","","2","19","userdb_open_or_sync","22","unavailable","unavailable","unavailable"
"yune","track-b-product","jyut6ping3_mobile","startup_warm_shared_assets_runtime_ready","","2","20","schema_select","29694","unavailable","unavailable","unavailable"
"yune","track-b-product","jyut6ping3_mobile","startup_warm_shared_assets_runtime_ready","","2","21","session_destroy","767","unavailable","unavailable","unavailable"
"yune","track-b-product","jyut6ping3_mobile","startup_warm_shared_assets_runtime_ready","","2","22","runtime_finalize","0","unavailable","unavailable","unavailable"
"yune","track-b-product","jyut6ping3_mobile","startup_warm_shared_assets_runtime_ready","","3","0","runtime_setup","83","unavailable","unavailable","unavailable"
"yune","track-b-product","jyut6ping3_mobile","startup_warm_shared_assets_runtime_ready","","3","1","runtime_setup","50","unavailable","unavailable","unavailable"
"yune","track-b-product","jyut6ping3_mobile","startup_warm_shared_assets_runtime_ready","","3","2","runtime_initialize","50","unavailable","unavailable","unavailable"
"yune","track-b-product","jyut6ping3_mobile","startup_warm_shared_assets_runtime_ready","","3","3","schema_config_load","14","unavailable","unavailable","unavailable"
"yune","track-b-product","jyut6ping3_mobile","startup_warm_shared_assets_runtime_ready","","3","4","schema_switch_options","0","unavailable","unavailable","unavailable"
"yune","track-b-product","jyut6ping3_mobile","startup_warm_shared_assets_runtime_ready","","3","5","processor_install","143","unavailable","unavailable","unavailable"
"yune","track-b-product","jyut6ping3_mobile","startup_warm_shared_assets_runtime_ready","","3","6","schema_config_load","13","unavailable","unavailable","unavailable"
"yune","track-b-product","jyut6ping3_mobile","startup_warm_shared_assets_runtime_ready","","3","7","translator_install","13","unavailable","unavailable","unavailable"
"yune","track-b-product","jyut6ping3_mobile","startup_warm_shared_assets_runtime_ready","","3","8","schema_config_load","13","unavailable","unavailable","unavailable"
"yune","track-b-product","jyut6ping3_mobile","startup_warm_shared_assets_runtime_ready","","3","9","filter_install","14","unavailable","unavailable","unavailable"
"yune","track-b-product","jyut6ping3_mobile","startup_warm_shared_assets_runtime_ready","","3","10","userdb_open_or_sync","0","unavailable","unavailable","unavailable"
"yune","track-b-product","jyut6ping3_mobile","startup_warm_shared_assets_runtime_ready","","3","11","session_create","314","unavailable","unavailable","unavailable"
"yune","track-b-product","jyut6ping3_mobile","startup_warm_shared_assets_runtime_ready","","3","12","schema_config_load","65","unavailable","unavailable","unavailable"
"yune","track-b-product","jyut6ping3_mobile","startup_warm_shared_assets_runtime_ready","","3","13","schema_switch_options","1","unavailable","unavailable","unavailable"
"yune","track-b-product","jyut6ping3_mobile","startup_warm_shared_assets_runtime_ready","","3","14","processor_install","892","unavailable","unavailable","unavailable"
"yune","track-b-product","jyut6ping3_mobile","startup_warm_shared_assets_runtime_ready","","3","15","schema_config_load","41","unavailable","unavailable","unavailable"
"yune","track-b-product","jyut6ping3_mobile","startup_warm_shared_assets_runtime_ready","","3","16","translator_install","784","unavailable","unavailable","unavailable"
"yune","track-b-product","jyut6ping3_mobile","startup_warm_shared_assets_runtime_ready","","3","17","schema_config_load","43","unavailable","unavailable","unavailable"
"yune","track-b-product","jyut6ping3_mobile","startup_warm_shared_assets_runtime_ready","","3","18","filter_install","26996","unavailable","unavailable","unavailable"
"yune","track-b-product","jyut6ping3_mobile","startup_warm_shared_assets_runtime_ready","","3","19","userdb_open_or_sync","23","unavailable","unavailable","unavailable"
"yune","track-b-product","jyut6ping3_mobile","startup_warm_shared_assets_runtime_ready","","3","20","schema_select","29623","unavailable","unavailable","unavailable"
"yune","track-b-product","jyut6ping3_mobile","startup_warm_shared_assets_runtime_ready","","3","21","session_destroy","745","unavailable","unavailable","unavailable"
"yune","track-b-product","jyut6ping3_mobile","startup_warm_shared_assets_runtime_ready","","3","22","runtime_finalize","0","unavailable","unavailable","unavailable"
"yune","track-b-product","jyut6ping3_mobile","startup_warm_shared_assets_runtime_ready","","4","0","runtime_setup","96","unavailable","unavailable","unavailable"
"yune","track-b-product","jyut6ping3_mobile","startup_warm_shared_assets_runtime_ready","","4","1","runtime_setup","31","unavailable","unavailable","unavailable"
"yune","track-b-product","jyut6ping3_mobile","startup_warm_shared_assets_runtime_ready","","4","2","runtime_initialize","31","unavailable","unavailable","unavailable"
"yune","track-b-product","jyut6ping3_mobile","startup_warm_shared_assets_runtime_ready","","4","3","schema_config_load","14","unavailable","unavailable","unavailable"
"yune","track-b-product","jyut6ping3_mobile","startup_warm_shared_assets_runtime_ready","","4","4","schema_switch_options","0","unavailable","unavailable","unavailable"
"yune","track-b-product","jyut6ping3_mobile","startup_warm_shared_assets_runtime_ready","","4","5","processor_install","144","unavailable","unavailable","unavailable"
"yune","track-b-product","jyut6ping3_mobile","startup_warm_shared_assets_runtime_ready","","4","6","schema_config_load","26","unavailable","unavailable","unavailable"
"yune","track-b-product","jyut6ping3_mobile","startup_warm_shared_assets_runtime_ready","","4","7","translator_install","26","unavailable","unavailable","unavailable"
"yune","track-b-product","jyut6ping3_mobile","startup_warm_shared_assets_runtime_ready","","4","8","schema_config_load","13","unavailable","unavailable","unavailable"
"yune","track-b-product","jyut6ping3_mobile","startup_warm_shared_assets_runtime_ready","","4","9","filter_install","14","unavailable","unavailable","unavailable"
"yune","track-b-product","jyut6ping3_mobile","startup_warm_shared_assets_runtime_ready","","4","10","userdb_open_or_sync","0","unavailable","unavailable","unavailable"
"yune","track-b-product","jyut6ping3_mobile","startup_warm_shared_assets_runtime_ready","","4","11","session_create","316","unavailable","unavailable","unavailable"
"yune","track-b-product","jyut6ping3_mobile","startup_warm_shared_assets_runtime_ready","","4","12","schema_config_load","62","unavailable","unavailable","unavailable"
"yune","track-b-product","jyut6ping3_mobile","startup_warm_shared_assets_runtime_ready","","4","13","schema_switch_options","2","unavailable","unavailable","unavailable"
"yune","track-b-product","jyut6ping3_mobile","startup_warm_shared_assets_runtime_ready","","4","14","processor_install","880","unavailable","unavailable","unavailable"
"yune","track-b-product","jyut6ping3_mobile","startup_warm_shared_assets_runtime_ready","","4","15","schema_config_load","41","unavailable","unavailable","unavailable"
"yune","track-b-product","jyut6ping3_mobile","startup_warm_shared_assets_runtime_ready","","4","16","translator_install","780","unavailable","unavailable","unavailable"
"yune","track-b-product","jyut6ping3_mobile","startup_warm_shared_assets_runtime_ready","","4","17","schema_config_load","50","unavailable","unavailable","unavailable"
"yune","track-b-product","jyut6ping3_mobile","startup_warm_shared_assets_runtime_ready","","4","18","filter_install","27167","unavailable","unavailable","unavailable"
"yune","track-b-product","jyut6ping3_mobile","startup_warm_shared_assets_runtime_ready","","4","19","userdb_open_or_sync","22","unavailable","unavailable","unavailable"
"yune","track-b-product","jyut6ping3_mobile","startup_warm_shared_assets_runtime_ready","","4","20","schema_select","29764","unavailable","unavailable","unavailable"
"yune","track-b-product","jyut6ping3_mobile","startup_warm_shared_assets_runtime_ready","","4","21","session_destroy","723","unavailable","unavailable","unavailable"
"yune","track-b-product","jyut6ping3_mobile","startup_warm_shared_assets_runtime_ready","","4","22","runtime_finalize","0","unavailable","unavailable","unavailable"
"yune","track-b-product","jyut6ping3_mobile","startup_warm_shared_assets_runtime_ready","","5","0","runtime_setup","86","unavailable","unavailable","unavailable"
"yune","track-b-product","jyut6ping3_mobile","startup_warm_shared_assets_runtime_ready","","5","1","runtime_setup","33","unavailable","unavailable","unavailable"
"yune","track-b-product","jyut6ping3_mobile","startup_warm_shared_assets_runtime_ready","","5","2","runtime_initialize","34","unavailable","unavailable","unavailable"
"yune","track-b-product","jyut6ping3_mobile","startup_warm_shared_assets_runtime_ready","","5","3","schema_config_load","14","unavailable","unavailable","unavailable"
"yune","track-b-product","jyut6ping3_mobile","startup_warm_shared_assets_runtime_ready","","5","4","schema_switch_options","0","unavailable","unavailable","unavailable"
"yune","track-b-product","jyut6ping3_mobile","startup_warm_shared_assets_runtime_ready","","5","5","processor_install","142","unavailable","unavailable","unavailable"
"yune","track-b-product","jyut6ping3_mobile","startup_warm_shared_assets_runtime_ready","","5","6","schema_config_load","14","unavailable","unavailable","unavailable"
"yune","track-b-product","jyut6ping3_mobile","startup_warm_shared_assets_runtime_ready","","5","7","translator_install","14","unavailable","unavailable","unavailable"
"yune","track-b-product","jyut6ping3_mobile","startup_warm_shared_assets_runtime_ready","","5","8","schema_config_load","15","unavailable","unavailable","unavailable"
"yune","track-b-product","jyut6ping3_mobile","startup_warm_shared_assets_runtime_ready","","5","9","filter_install","16","unavailable","unavailable","unavailable"
"yune","track-b-product","jyut6ping3_mobile","startup_warm_shared_assets_runtime_ready","","5","10","userdb_open_or_sync","0","unavailable","unavailable","unavailable"
"yune","track-b-product","jyut6ping3_mobile","startup_warm_shared_assets_runtime_ready","","5","11","session_create","294","unavailable","unavailable","unavailable"
"yune","track-b-product","jyut6ping3_mobile","startup_warm_shared_assets_runtime_ready","","5","12","schema_config_load","61","unavailable","unavailable","unavailable"
"yune","track-b-product","jyut6ping3_mobile","startup_warm_shared_assets_runtime_ready","","5","13","schema_switch_options","1","unavailable","unavailable","unavailable"
"yune","track-b-product","jyut6ping3_mobile","startup_warm_shared_assets_runtime_ready","","5","14","processor_install","865","unavailable","unavailable","unavailable"
"yune","track-b-product","jyut6ping3_mobile","startup_warm_shared_assets_runtime_ready","","5","15","schema_config_load","40","unavailable","unavailable","unavailable"
"yune","track-b-product","jyut6ping3_mobile","startup_warm_shared_assets_runtime_ready","","5","16","translator_install","791","unavailable","unavailable","unavailable"
"yune","track-b-product","jyut6ping3_mobile","startup_warm_shared_assets_runtime_ready","","5","17","schema_config_load","43","unavailable","unavailable","unavailable"
"yune","track-b-product","jyut6ping3_mobile","startup_warm_shared_assets_runtime_ready","","5","18","filter_install","27081","unavailable","unavailable","unavailable"
"yune","track-b-product","jyut6ping3_mobile","startup_warm_shared_assets_runtime_ready","","5","19","userdb_open_or_sync","24","unavailable","unavailable","unavailable"
"yune","track-b-product","jyut6ping3_mobile","startup_warm_shared_assets_runtime_ready","","5","20","schema_select","29692","unavailable","unavailable","unavailable"
"yune","track-b-product","jyut6ping3_mobile","startup_warm_shared_assets_runtime_ready","","5","21","session_destroy","732","unavailable","unavailable","unavailable"
"yune","track-b-product","jyut6ping3_mobile","startup_warm_shared_assets_runtime_ready","","5","22","runtime_finalize","0","unavailable","unavailable","unavailable"
"yune","track-b-product","jyut6ping3_mobile","startup_warm_shared_assets_runtime_ready","","6","0","runtime_setup","81","unavailable","unavailable","unavailable"
"yune","track-b-product","jyut6ping3_mobile","startup_warm_shared_assets_runtime_ready","","6","1","runtime_setup","34","unavailable","unavailable","unavailable"
"yune","track-b-product","jyut6ping3_mobile","startup_warm_shared_assets_runtime_ready","","6","2","runtime_initialize","34","unavailable","unavailable","unavailable"
"yune","track-b-product","jyut6ping3_mobile","startup_warm_shared_assets_runtime_ready","","6","3","schema_config_load","14","unavailable","unavailable","unavailable"
"yune","track-b-product","jyut6ping3_mobile","startup_warm_shared_assets_runtime_ready","","6","4","schema_switch_options","0","unavailable","unavailable","unavailable"
"yune","track-b-product","jyut6ping3_mobile","startup_warm_shared_assets_runtime_ready","","6","5","processor_install","141","unavailable","unavailable","unavailable"
"yune","track-b-product","jyut6ping3_mobile","startup_warm_shared_assets_runtime_ready","","6","6","schema_config_load","13","unavailable","unavailable","unavailable"
"yune","track-b-product","jyut6ping3_mobile","startup_warm_shared_assets_runtime_ready","","6","7","translator_install","13","unavailable","unavailable","unavailable"
"yune","track-b-product","jyut6ping3_mobile","startup_warm_shared_assets_runtime_ready","","6","8","schema_config_load","14","unavailable","unavailable","unavailable"
"yune","track-b-product","jyut6ping3_mobile","startup_warm_shared_assets_runtime_ready","","6","9","filter_install","14","unavailable","unavailable","unavailable"
"yune","track-b-product","jyut6ping3_mobile","startup_warm_shared_assets_runtime_ready","","6","10","userdb_open_or_sync","0","unavailable","unavailable","unavailable"
"yune","track-b-product","jyut6ping3_mobile","startup_warm_shared_assets_runtime_ready","","6","11","session_create","327","unavailable","unavailable","unavailable"
"yune","track-b-product","jyut6ping3_mobile","startup_warm_shared_assets_runtime_ready","","6","12","schema_config_load","65","unavailable","unavailable","unavailable"
"yune","track-b-product","jyut6ping3_mobile","startup_warm_shared_assets_runtime_ready","","6","13","schema_switch_options","2","unavailable","unavailable","unavailable"
"yune","track-b-product","jyut6ping3_mobile","startup_warm_shared_assets_runtime_ready","","6","14","processor_install","906","unavailable","unavailable","unavailable"
"yune","track-b-product","jyut6ping3_mobile","startup_warm_shared_assets_runtime_ready","","6","15","schema_config_load","41","unavailable","unavailable","unavailable"
"yune","track-b-product","jyut6ping3_mobile","startup_warm_shared_assets_runtime_ready","","6","16","translator_install","774","unavailable","unavailable","unavailable"
"yune","track-b-product","jyut6ping3_mobile","startup_warm_shared_assets_runtime_ready","","6","17","schema_config_load","45","unavailable","unavailable","unavailable"
"yune","track-b-product","jyut6ping3_mobile","startup_warm_shared_assets_runtime_ready","","6","18","filter_install","27327","unavailable","unavailable","unavailable"
"yune","track-b-product","jyut6ping3_mobile","startup_warm_shared_assets_runtime_ready","","6","19","userdb_open_or_sync","55","unavailable","unavailable","unavailable"
"yune","track-b-product","jyut6ping3_mobile","startup_warm_shared_assets_runtime_ready","","6","20","schema_select","29989","unavailable","unavailable","unavailable"
"yune","track-b-product","jyut6ping3_mobile","startup_warm_shared_assets_runtime_ready","","6","21","session_destroy","772","unavailable","unavailable","unavailable"
"yune","track-b-product","jyut6ping3_mobile","startup_warm_shared_assets_runtime_ready","","6","22","runtime_finalize","0","unavailable","unavailable","unavailable"
"yune","track-b-product","jyut6ping3_mobile","startup_warm_shared_assets_runtime_ready","","7","0","runtime_setup","91","unavailable","unavailable","unavailable"
"yune","track-b-product","jyut6ping3_mobile","startup_warm_shared_assets_runtime_ready","","7","1","runtime_setup","34","unavailable","unavailable","unavailable"
"yune","track-b-product","jyut6ping3_mobile","startup_warm_shared_assets_runtime_ready","","7","2","runtime_initialize","34","unavailable","unavailable","unavailable"
"yune","track-b-product","jyut6ping3_mobile","startup_warm_shared_assets_runtime_ready","","7","3","schema_config_load","14","unavailable","unavailable","unavailable"
"yune","track-b-product","jyut6ping3_mobile","startup_warm_shared_assets_runtime_ready","","7","4","schema_switch_options","0","unavailable","unavailable","unavailable"
"yune","track-b-product","jyut6ping3_mobile","startup_warm_shared_assets_runtime_ready","","7","5","processor_install","141","unavailable","unavailable","unavailable"
"yune","track-b-product","jyut6ping3_mobile","startup_warm_shared_assets_runtime_ready","","7","6","schema_config_load","13","unavailable","unavailable","unavailable"
"yune","track-b-product","jyut6ping3_mobile","startup_warm_shared_assets_runtime_ready","","7","7","translator_install","13","unavailable","unavailable","unavailable"
"yune","track-b-product","jyut6ping3_mobile","startup_warm_shared_assets_runtime_ready","","7","8","schema_config_load","13","unavailable","unavailable","unavailable"
"yune","track-b-product","jyut6ping3_mobile","startup_warm_shared_assets_runtime_ready","","7","9","filter_install","14","unavailable","unavailable","unavailable"
"yune","track-b-product","jyut6ping3_mobile","startup_warm_shared_assets_runtime_ready","","7","10","userdb_open_or_sync","0","unavailable","unavailable","unavailable"
"yune","track-b-product","jyut6ping3_mobile","startup_warm_shared_assets_runtime_ready","","7","11","session_create","295","unavailable","unavailable","unavailable"
"yune","track-b-product","jyut6ping3_mobile","startup_warm_shared_assets_runtime_ready","","7","12","schema_config_load","57","unavailable","unavailable","unavailable"
"yune","track-b-product","jyut6ping3_mobile","startup_warm_shared_assets_runtime_ready","","7","13","schema_switch_options","1","unavailable","unavailable","unavailable"
"yune","track-b-product","jyut6ping3_mobile","startup_warm_shared_assets_runtime_ready","","7","14","processor_install","864","unavailable","unavailable","unavailable"
"yune","track-b-product","jyut6ping3_mobile","startup_warm_shared_assets_runtime_ready","","7","15","schema_config_load","41","unavailable","unavailable","unavailable"
"yune","track-b-product","jyut6ping3_mobile","startup_warm_shared_assets_runtime_ready","","7","16","translator_install","773","unavailable","unavailable","unavailable"
"yune","track-b-product","jyut6ping3_mobile","startup_warm_shared_assets_runtime_ready","","7","17","schema_config_load","44","unavailable","unavailable","unavailable"
"yune","track-b-product","jyut6ping3_mobile","startup_warm_shared_assets_runtime_ready","","7","18","filter_install","26684","unavailable","unavailable","unavailable"
"yune","track-b-product","jyut6ping3_mobile","startup_warm_shared_assets_runtime_ready","","7","19","userdb_open_or_sync","20","unavailable","unavailable","unavailable"
"yune","track-b-product","jyut6ping3_mobile","startup_warm_shared_assets_runtime_ready","","7","20","schema_select","29258","unavailable","unavailable","unavailable"
"yune","track-b-product","jyut6ping3_mobile","startup_warm_shared_assets_runtime_ready","","7","21","session_destroy","675","unavailable","unavailable","unavailable"
"yune","track-b-product","jyut6ping3_mobile","startup_warm_shared_assets_runtime_ready","","7","22","runtime_finalize","0","unavailable","unavailable","unavailable"
"yune","track-b-product","jyut6ping3_mobile","startup_warm_shared_assets_runtime_ready","","8","0","runtime_setup","79","unavailable","unavailable","unavailable"
"yune","track-b-product","jyut6ping3_mobile","startup_warm_shared_assets_runtime_ready","","8","1","runtime_setup","32","unavailable","unavailable","unavailable"
"yune","track-b-product","jyut6ping3_mobile","startup_warm_shared_assets_runtime_ready","","8","2","runtime_initialize","32","unavailable","unavailable","unavailable"
"yune","track-b-product","jyut6ping3_mobile","startup_warm_shared_assets_runtime_ready","","8","3","schema_config_load","14","unavailable","unavailable","unavailable"
"yune","track-b-product","jyut6ping3_mobile","startup_warm_shared_assets_runtime_ready","","8","4","schema_switch_options","0","unavailable","unavailable","unavailable"
"yune","track-b-product","jyut6ping3_mobile","startup_warm_shared_assets_runtime_ready","","8","5","processor_install","151","unavailable","unavailable","unavailable"
"yune","track-b-product","jyut6ping3_mobile","startup_warm_shared_assets_runtime_ready","","8","6","schema_config_load","12","unavailable","unavailable","unavailable"
"yune","track-b-product","jyut6ping3_mobile","startup_warm_shared_assets_runtime_ready","","8","7","translator_install","13","unavailable","unavailable","unavailable"
"yune","track-b-product","jyut6ping3_mobile","startup_warm_shared_assets_runtime_ready","","8","8","schema_config_load","13","unavailable","unavailable","unavailable"
"yune","track-b-product","jyut6ping3_mobile","startup_warm_shared_assets_runtime_ready","","8","9","filter_install","14","unavailable","unavailable","unavailable"
"yune","track-b-product","jyut6ping3_mobile","startup_warm_shared_assets_runtime_ready","","8","10","userdb_open_or_sync","0","unavailable","unavailable","unavailable"
"yune","track-b-product","jyut6ping3_mobile","startup_warm_shared_assets_runtime_ready","","8","11","session_create","297","unavailable","unavailable","unavailable"
"yune","track-b-product","jyut6ping3_mobile","startup_warm_shared_assets_runtime_ready","","8","12","schema_config_load","57","unavailable","unavailable","unavailable"
"yune","track-b-product","jyut6ping3_mobile","startup_warm_shared_assets_runtime_ready","","8","13","schema_switch_options","1","unavailable","unavailable","unavailable"
"yune","track-b-product","jyut6ping3_mobile","startup_warm_shared_assets_runtime_ready","","8","14","processor_install","863","unavailable","unavailable","unavailable"
"yune","track-b-product","jyut6ping3_mobile","startup_warm_shared_assets_runtime_ready","","8","15","schema_config_load","40","unavailable","unavailable","unavailable"
"yune","track-b-product","jyut6ping3_mobile","startup_warm_shared_assets_runtime_ready","","8","16","translator_install","773","unavailable","unavailable","unavailable"
"yune","track-b-product","jyut6ping3_mobile","startup_warm_shared_assets_runtime_ready","","8","17","schema_config_load","44","unavailable","unavailable","unavailable"
"yune","track-b-product","jyut6ping3_mobile","startup_warm_shared_assets_runtime_ready","","8","18","filter_install","27001","unavailable","unavailable","unavailable"
"yune","track-b-product","jyut6ping3_mobile","startup_warm_shared_assets_runtime_ready","","8","19","userdb_open_or_sync","19","unavailable","unavailable","unavailable"
"yune","track-b-product","jyut6ping3_mobile","startup_warm_shared_assets_runtime_ready","","8","20","schema_select","29554","unavailable","unavailable","unavailable"
"yune","track-b-product","jyut6ping3_mobile","startup_warm_shared_assets_runtime_ready","","8","21","session_destroy","668","unavailable","unavailable","unavailable"
"yune","track-b-product","jyut6ping3_mobile","startup_warm_shared_assets_runtime_ready","","8","22","runtime_finalize","0","unavailable","unavailable","unavailable"
"yune","track-b-product","jyut6ping3_mobile","session_create_select_destroy","","0","0","schema_config_load","14","unavailable","unavailable","unavailable"
"yune","track-b-product","jyut6ping3_mobile","session_create_select_destroy","","0","1","schema_switch_options","0","unavailable","unavailable","unavailable"
"yune","track-b-product","jyut6ping3_mobile","session_create_select_destroy","","0","2","processor_install","139","unavailable","unavailable","unavailable"
"yune","track-b-product","jyut6ping3_mobile","session_create_select_destroy","","0","3","schema_config_load","13","unavailable","unavailable","unavailable"
"yune","track-b-product","jyut6ping3_mobile","session_create_select_destroy","","0","4","translator_install","13","unavailable","unavailable","unavailable"
"yune","track-b-product","jyut6ping3_mobile","session_create_select_destroy","","0","5","schema_config_load","13","unavailable","unavailable","unavailable"
"yune","track-b-product","jyut6ping3_mobile","session_create_select_destroy","","0","6","filter_install","14","unavailable","unavailable","unavailable"
"yune","track-b-product","jyut6ping3_mobile","session_create_select_destroy","","0","7","userdb_open_or_sync","0","unavailable","unavailable","unavailable"
"yune","track-b-product","jyut6ping3_mobile","session_create_select_destroy","","0","8","session_create","288","unavailable","unavailable","unavailable"
"yune","track-b-product","jyut6ping3_mobile","session_create_select_destroy","","0","9","schema_config_load","55","unavailable","unavailable","unavailable"
"yune","track-b-product","jyut6ping3_mobile","session_create_select_destroy","","0","10","schema_switch_options","1","unavailable","unavailable","unavailable"
"yune","track-b-product","jyut6ping3_mobile","session_create_select_destroy","","0","11","processor_install","859","unavailable","unavailable","unavailable"
"yune","track-b-product","jyut6ping3_mobile","session_create_select_destroy","","0","12","schema_config_load","41","unavailable","unavailable","unavailable"
"yune","track-b-product","jyut6ping3_mobile","session_create_select_destroy","","0","13","translator_install","759","unavailable","unavailable","unavailable"
"yune","track-b-product","jyut6ping3_mobile","session_create_select_destroy","","0","14","schema_config_load","43","unavailable","unavailable","unavailable"
"yune","track-b-product","jyut6ping3_mobile","session_create_select_destroy","","0","15","filter_install","27094","unavailable","unavailable","unavailable"
"yune","track-b-product","jyut6ping3_mobile","session_create_select_destroy","","0","16","userdb_open_or_sync","26","unavailable","unavailable","unavailable"
"yune","track-b-product","jyut6ping3_mobile","session_create_select_destroy","","0","17","schema_select","29653","unavailable","unavailable","unavailable"
"yune","track-b-product","jyut6ping3_mobile","session_create_select_destroy","","0","18","session_destroy","695","unavailable","unavailable","unavailable"
"yune","track-b-product","jyut6ping3_mobile","session_create_select_destroy","","1","0","schema_config_load","15","unavailable","unavailable","unavailable"
"yune","track-b-product","jyut6ping3_mobile","session_create_select_destroy","","1","1","schema_switch_options","0","unavailable","unavailable","unavailable"
"yune","track-b-product","jyut6ping3_mobile","session_create_select_destroy","","1","2","processor_install","145","unavailable","unavailable","unavailable"
"yune","track-b-product","jyut6ping3_mobile","session_create_select_destroy","","1","3","schema_config_load","13","unavailable","unavailable","unavailable"
"yune","track-b-product","jyut6ping3_mobile","session_create_select_destroy","","1","4","translator_install","13","unavailable","unavailable","unavailable"
"yune","track-b-product","jyut6ping3_mobile","session_create_select_destroy","","1","5","schema_config_load","13","unavailable","unavailable","unavailable"
"yune","track-b-product","jyut6ping3_mobile","session_create_select_destroy","","1","6","filter_install","14","unavailable","unavailable","unavailable"
"yune","track-b-product","jyut6ping3_mobile","session_create_select_destroy","","1","7","userdb_open_or_sync","0","unavailable","unavailable","unavailable"
"yune","track-b-product","jyut6ping3_mobile","session_create_select_destroy","","1","8","session_create","325","unavailable","unavailable","unavailable"
"yune","track-b-product","jyut6ping3_mobile","session_create_select_destroy","","1","9","schema_config_load","94","unavailable","unavailable","unavailable"
"yune","track-b-product","jyut6ping3_mobile","session_create_select_destroy","","1","10","schema_switch_options","1","unavailable","unavailable","unavailable"
"yune","track-b-product","jyut6ping3_mobile","session_create_select_destroy","","1","11","processor_install","892","unavailable","unavailable","unavailable"
"yune","track-b-product","jyut6ping3_mobile","session_create_select_destroy","","1","12","schema_config_load","41","unavailable","unavailable","unavailable"
"yune","track-b-product","jyut6ping3_mobile","session_create_select_destroy","","1","13","translator_install","767","unavailable","unavailable","unavailable"
"yune","track-b-product","jyut6ping3_mobile","session_create_select_destroy","","1","14","schema_config_load","43","unavailable","unavailable","unavailable"
"yune","track-b-product","jyut6ping3_mobile","session_create_select_destroy","","1","15","filter_install","27104","unavailable","unavailable","unavailable"
"yune","track-b-product","jyut6ping3_mobile","session_create_select_destroy","","1","16","userdb_open_or_sync","22","unavailable","unavailable","unavailable"
"yune","track-b-product","jyut6ping3_mobile","session_create_select_destroy","","1","17","schema_select","29769","unavailable","unavailable","unavailable"
"yune","track-b-product","jyut6ping3_mobile","session_create_select_destroy","","1","18","session_destroy","695","unavailable","unavailable","unavailable"
"yune","track-b-product","jyut6ping3_mobile","session_create_select_destroy","","2","0","schema_config_load","15","unavailable","unavailable","unavailable"
"yune","track-b-product","jyut6ping3_mobile","session_create_select_destroy","","2","1","schema_switch_options","0","unavailable","unavailable","unavailable"
"yune","track-b-product","jyut6ping3_mobile","session_create_select_destroy","","2","2","processor_install","139","unavailable","unavailable","unavailable"
"yune","track-b-product","jyut6ping3_mobile","session_create_select_destroy","","2","3","schema_config_load","13","unavailable","unavailable","unavailable"
"yune","track-b-product","jyut6ping3_mobile","session_create_select_destroy","","2","4","translator_install","13","unavailable","unavailable","unavailable"
"yune","track-b-product","jyut6ping3_mobile","session_create_select_destroy","","2","5","schema_config_load","13","unavailable","unavailable","unavailable"
"yune","track-b-product","jyut6ping3_mobile","session_create_select_destroy","","2","6","filter_install","13","unavailable","unavailable","unavailable"
"yune","track-b-product","jyut6ping3_mobile","session_create_select_destroy","","2","7","userdb_open_or_sync","0","unavailable","unavailable","unavailable"
"yune","track-b-product","jyut6ping3_mobile","session_create_select_destroy","","2","8","session_create","305","unavailable","unavailable","unavailable"
"yune","track-b-product","jyut6ping3_mobile","session_create_select_destroy","","2","9","schema_config_load","64","unavailable","unavailable","unavailable"
"yune","track-b-product","jyut6ping3_mobile","session_create_select_destroy","","2","10","schema_switch_options","1","unavailable","unavailable","unavailable"
"yune","track-b-product","jyut6ping3_mobile","session_create_select_destroy","","2","11","processor_install","871","unavailable","unavailable","unavailable"
"yune","track-b-product","jyut6ping3_mobile","session_create_select_destroy","","2","12","schema_config_load","40","unavailable","unavailable","unavailable"
"yune","track-b-product","jyut6ping3_mobile","session_create_select_destroy","","2","13","translator_install","760","unavailable","unavailable","unavailable"
"yune","track-b-product","jyut6ping3_mobile","session_create_select_destroy","","2","14","schema_config_load","43","unavailable","unavailable","unavailable"
"yune","track-b-product","jyut6ping3_mobile","session_create_select_destroy","","2","15","filter_install","27163","unavailable","unavailable","unavailable"
"yune","track-b-product","jyut6ping3_mobile","session_create_select_destroy","","2","16","userdb_open_or_sync","21","unavailable","unavailable","unavailable"
"yune","track-b-product","jyut6ping3_mobile","session_create_select_destroy","","2","17","schema_select","29757","unavailable","unavailable","unavailable"
"yune","track-b-product","jyut6ping3_mobile","session_create_select_destroy","","2","18","session_destroy","668","unavailable","unavailable","unavailable"
"yune","track-b-product","jyut6ping3_mobile","session_create_select_destroy","","3","0","schema_config_load","15","unavailable","unavailable","unavailable"
"yune","track-b-product","jyut6ping3_mobile","session_create_select_destroy","","3","1","schema_switch_options","0","unavailable","unavailable","unavailable"
"yune","track-b-product","jyut6ping3_mobile","session_create_select_destroy","","3","2","processor_install","156","unavailable","unavailable","unavailable"
"yune","track-b-product","jyut6ping3_mobile","session_create_select_destroy","","3","3","schema_config_load","13","unavailable","unavailable","unavailable"
"yune","track-b-product","jyut6ping3_mobile","session_create_select_destroy","","3","4","translator_install","13","unavailable","unavailable","unavailable"
"yune","track-b-product","jyut6ping3_mobile","session_create_select_destroy","","3","5","schema_config_load","13","unavailable","unavailable","unavailable"
"yune","track-b-product","jyut6ping3_mobile","session_create_select_destroy","","3","6","filter_install","14","unavailable","unavailable","unavailable"
"yune","track-b-product","jyut6ping3_mobile","session_create_select_destroy","","3","7","userdb_open_or_sync","0","unavailable","unavailable","unavailable"
"yune","track-b-product","jyut6ping3_mobile","session_create_select_destroy","","3","8","session_create","322","unavailable","unavailable","unavailable"
"yune","track-b-product","jyut6ping3_mobile","session_create_select_destroy","","3","9","schema_config_load","62","unavailable","unavailable","unavailable"
"yune","track-b-product","jyut6ping3_mobile","session_create_select_destroy","","3","10","schema_switch_options","1","unavailable","unavailable","unavailable"
"yune","track-b-product","jyut6ping3_mobile","session_create_select_destroy","","3","11","processor_install","876","unavailable","unavailable","unavailable"
"yune","track-b-product","jyut6ping3_mobile","session_create_select_destroy","","3","12","schema_config_load","41","unavailable","unavailable","unavailable"
"yune","track-b-product","jyut6ping3_mobile","session_create_select_destroy","","3","13","translator_install","763","unavailable","unavailable","unavailable"
"yune","track-b-product","jyut6ping3_mobile","session_create_select_destroy","","3","14","schema_config_load","69","unavailable","unavailable","unavailable"
"yune","track-b-product","jyut6ping3_mobile","session_create_select_destroy","","3","15","filter_install","27002","unavailable","unavailable","unavailable"
"yune","track-b-product","jyut6ping3_mobile","session_create_select_destroy","","3","16","userdb_open_or_sync","21","unavailable","unavailable","unavailable"
"yune","track-b-product","jyut6ping3_mobile","session_create_select_destroy","","3","17","schema_select","29581","unavailable","unavailable","unavailable"
"yune","track-b-product","jyut6ping3_mobile","session_create_select_destroy","","3","18","session_destroy","679","unavailable","unavailable","unavailable"
"yune","track-b-product","jyut6ping3_mobile","session_create_select_destroy","","4","0","schema_config_load","15","unavailable","unavailable","unavailable"
"yune","track-b-product","jyut6ping3_mobile","session_create_select_destroy","","4","1","schema_switch_options","0","unavailable","unavailable","unavailable"
"yune","track-b-product","jyut6ping3_mobile","session_create_select_destroy","","4","2","processor_install","141","unavailable","unavailable","unavailable"
"yune","track-b-product","jyut6ping3_mobile","session_create_select_destroy","","4","3","schema_config_load","13","unavailable","unavailable","unavailable"
"yune","track-b-product","jyut6ping3_mobile","session_create_select_destroy","","4","4","translator_install","13","unavailable","unavailable","unavailable"
"yune","track-b-product","jyut6ping3_mobile","session_create_select_destroy","","4","5","schema_config_load","14","unavailable","unavailable","unavailable"
"yune","track-b-product","jyut6ping3_mobile","session_create_select_destroy","","4","6","filter_install","14","unavailable","unavailable","unavailable"
"yune","track-b-product","jyut6ping3_mobile","session_create_select_destroy","","4","7","userdb_open_or_sync","0","unavailable","unavailable","unavailable"
"yune","track-b-product","jyut6ping3_mobile","session_create_select_destroy","","4","8","session_create","306","unavailable","unavailable","unavailable"
"yune","track-b-product","jyut6ping3_mobile","session_create_select_destroy","","4","9","schema_config_load","65","unavailable","unavailable","unavailable"
"yune","track-b-product","jyut6ping3_mobile","session_create_select_destroy","","4","10","schema_switch_options","2","unavailable","unavailable","unavailable"
"yune","track-b-product","jyut6ping3_mobile","session_create_select_destroy","","4","11","processor_install","870","unavailable","unavailable","unavailable"
"yune","track-b-product","jyut6ping3_mobile","session_create_select_destroy","","4","12","schema_config_load","42","unavailable","unavailable","unavailable"
"yune","track-b-product","jyut6ping3_mobile","session_create_select_destroy","","4","13","translator_install","792","unavailable","unavailable","unavailable"
"yune","track-b-product","jyut6ping3_mobile","session_create_select_destroy","","4","14","schema_config_load","45","unavailable","unavailable","unavailable"
"yune","track-b-product","jyut6ping3_mobile","session_create_select_destroy","","4","15","filter_install","27103","unavailable","unavailable","unavailable"
"yune","track-b-product","jyut6ping3_mobile","session_create_select_destroy","","4","16","userdb_open_or_sync","31","unavailable","unavailable","unavailable"
"yune","track-b-product","jyut6ping3_mobile","session_create_select_destroy","","4","17","schema_select","29733","unavailable","unavailable","unavailable"
"yune","track-b-product","jyut6ping3_mobile","session_create_select_destroy","","4","18","session_destroy","744","unavailable","unavailable","unavailable"
"yune","track-b-product","jyut6ping3_mobile","session_create_select_destroy","","5","0","schema_config_load","14","unavailable","unavailable","unavailable"
"yune","track-b-product","jyut6ping3_mobile","session_create_select_destroy","","5","1","schema_switch_options","0","unavailable","unavailable","unavailable"
"yune","track-b-product","jyut6ping3_mobile","session_create_select_destroy","","5","2","processor_install","140","unavailable","unavailable","unavailable"
"yune","track-b-product","jyut6ping3_mobile","session_create_select_destroy","","5","3","schema_config_load","13","unavailable","unavailable","unavailable"
"yune","track-b-product","jyut6ping3_mobile","session_create_select_destroy","","5","4","translator_install","13","unavailable","unavailable","unavailable"
"yune","track-b-product","jyut6ping3_mobile","session_create_select_destroy","","5","5","schema_config_load","13","unavailable","unavailable","unavailable"
"yune","track-b-product","jyut6ping3_mobile","session_create_select_destroy","","5","6","filter_install","14","unavailable","unavailable","unavailable"
"yune","track-b-product","jyut6ping3_mobile","session_create_select_destroy","","5","7","userdb_open_or_sync","0","unavailable","unavailable","unavailable"
"yune","track-b-product","jyut6ping3_mobile","session_create_select_destroy","","5","8","session_create","326","unavailable","unavailable","unavailable"
"yune","track-b-product","jyut6ping3_mobile","session_create_select_destroy","","5","9","schema_config_load","74","unavailable","unavailable","unavailable"
"yune","track-b-product","jyut6ping3_mobile","session_create_select_destroy","","5","10","schema_switch_options","2","unavailable","unavailable","unavailable"
"yune","track-b-product","jyut6ping3_mobile","session_create_select_destroy","","5","11","processor_install","891","unavailable","unavailable","unavailable"
"yune","track-b-product","jyut6ping3_mobile","session_create_select_destroy","","5","12","schema_config_load","41","unavailable","unavailable","unavailable"
"yune","track-b-product","jyut6ping3_mobile","session_create_select_destroy","","5","13","translator_install","804","unavailable","unavailable","unavailable"
"yune","track-b-product","jyut6ping3_mobile","session_create_select_destroy","","5","14","schema_config_load","44","unavailable","unavailable","unavailable"
"yune","track-b-product","jyut6ping3_mobile","session_create_select_destroy","","5","15","filter_install","27245","unavailable","unavailable","unavailable"
"yune","track-b-product","jyut6ping3_mobile","session_create_select_destroy","","5","16","userdb_open_or_sync","20","unavailable","unavailable","unavailable"
"yune","track-b-product","jyut6ping3_mobile","session_create_select_destroy","","5","17","schema_select","29917","unavailable","unavailable","unavailable"
"yune","track-b-product","jyut6ping3_mobile","session_create_select_destroy","","5","18","session_destroy","742","unavailable","unavailable","unavailable"
"yune","track-b-product","jyut6ping3_mobile","session_create_select_destroy","","6","0","schema_config_load","13","unavailable","unavailable","unavailable"
"yune","track-b-product","jyut6ping3_mobile","session_create_select_destroy","","6","1","schema_switch_options","0","unavailable","unavailable","unavailable"
"yune","track-b-product","jyut6ping3_mobile","session_create_select_destroy","","6","2","processor_install","142","unavailable","unavailable","unavailable"
"yune","track-b-product","jyut6ping3_mobile","session_create_select_destroy","","6","3","schema_config_load","13","unavailable","unavailable","unavailable"
"yune","track-b-product","jyut6ping3_mobile","session_create_select_destroy","","6","4","translator_install","14","unavailable","unavailable","unavailable"
"yune","track-b-product","jyut6ping3_mobile","session_create_select_destroy","","6","5","schema_config_load","13","unavailable","unavailable","unavailable"
"yune","track-b-product","jyut6ping3_mobile","session_create_select_destroy","","6","6","filter_install","13","unavailable","unavailable","unavailable"
"yune","track-b-product","jyut6ping3_mobile","session_create_select_destroy","","6","7","userdb_open_or_sync","0","unavailable","unavailable","unavailable"
"yune","track-b-product","jyut6ping3_mobile","session_create_select_destroy","","6","8","session_create","301","unavailable","unavailable","unavailable"
"yune","track-b-product","jyut6ping3_mobile","session_create_select_destroy","","6","9","schema_config_load","56","unavailable","unavailable","unavailable"
"yune","track-b-product","jyut6ping3_mobile","session_create_select_destroy","","6","10","schema_switch_options","1","unavailable","unavailable","unavailable"
"yune","track-b-product","jyut6ping3_mobile","session_create_select_destroy","","6","11","processor_install","880","unavailable","unavailable","unavailable"
"yune","track-b-product","jyut6ping3_mobile","session_create_select_destroy","","6","12","schema_config_load","41","unavailable","unavailable","unavailable"
"yune","track-b-product","jyut6ping3_mobile","session_create_select_destroy","","6","13","translator_install","807","unavailable","unavailable","unavailable"
"yune","track-b-product","jyut6ping3_mobile","session_create_select_destroy","","6","14","schema_config_load","43","unavailable","unavailable","unavailable"
"yune","track-b-product","jyut6ping3_mobile","session_create_select_destroy","","6","15","filter_install","26776","unavailable","unavailable","unavailable"
"yune","track-b-product","jyut6ping3_mobile","session_create_select_destroy","","6","16","userdb_open_or_sync","17","unavailable","unavailable","unavailable"
"yune","track-b-product","jyut6ping3_mobile","session_create_select_destroy","","6","17","schema_select","29415","unavailable","unavailable","unavailable"
"yune","track-b-product","jyut6ping3_mobile","session_create_select_destroy","","6","18","session_destroy","653","unavailable","unavailable","unavailable"
"yune","track-b-product","jyut6ping3_mobile","session_create_select_destroy","","7","0","schema_config_load","13","unavailable","unavailable","unavailable"
"yune","track-b-product","jyut6ping3_mobile","session_create_select_destroy","","7","1","schema_switch_options","0","unavailable","unavailable","unavailable"
"yune","track-b-product","jyut6ping3_mobile","session_create_select_destroy","","7","2","processor_install","184","unavailable","unavailable","unavailable"
"yune","track-b-product","jyut6ping3_mobile","session_create_select_destroy","","7","3","schema_config_load","13","unavailable","unavailable","unavailable"
"yune","track-b-product","jyut6ping3_mobile","session_create_select_destroy","","7","4","translator_install","13","unavailable","unavailable","unavailable"
"yune","track-b-product","jyut6ping3_mobile","session_create_select_destroy","","7","5","schema_config_load","13","unavailable","unavailable","unavailable"
"yune","track-b-product","jyut6ping3_mobile","session_create_select_destroy","","7","6","filter_install","13","unavailable","unavailable","unavailable"
"yune","track-b-product","jyut6ping3_mobile","session_create_select_destroy","","7","7","userdb_open_or_sync","0","unavailable","unavailable","unavailable"
"yune","track-b-product","jyut6ping3_mobile","session_create_select_destroy","","7","8","session_create","328","unavailable","unavailable","unavailable"
"yune","track-b-product","jyut6ping3_mobile","session_create_select_destroy","","7","9","schema_config_load","49","unavailable","unavailable","unavailable"
"yune","track-b-product","jyut6ping3_mobile","session_create_select_destroy","","7","10","schema_switch_options","1","unavailable","unavailable","unavailable"
"yune","track-b-product","jyut6ping3_mobile","session_create_select_destroy","","7","11","processor_install","846","unavailable","unavailable","unavailable"
"yune","track-b-product","jyut6ping3_mobile","session_create_select_destroy","","7","12","schema_config_load","42","unavailable","unavailable","unavailable"
"yune","track-b-product","jyut6ping3_mobile","session_create_select_destroy","","7","13","translator_install","758","unavailable","unavailable","unavailable"
"yune","track-b-product","jyut6ping3_mobile","session_create_select_destroy","","7","14","schema_config_load","43","unavailable","unavailable","unavailable"
"yune","track-b-product","jyut6ping3_mobile","session_create_select_destroy","","7","15","filter_install","26772","unavailable","unavailable","unavailable"
"yune","track-b-product","jyut6ping3_mobile","session_create_select_destroy","","7","16","userdb_open_or_sync","17","unavailable","unavailable","unavailable"
"yune","track-b-product","jyut6ping3_mobile","session_create_select_destroy","","7","17","schema_select","29277","unavailable","unavailable","unavailable"
"yune","track-b-product","jyut6ping3_mobile","session_create_select_destroy","","7","18","session_destroy","653","unavailable","unavailable","unavailable"
"yune","track-b-product","jyut6ping3_mobile","session_create_select_destroy","","8","0","schema_config_load","16","unavailable","unavailable","unavailable"
"yune","track-b-product","jyut6ping3_mobile","session_create_select_destroy","","8","1","schema_switch_options","0","unavailable","unavailable","unavailable"
"yune","track-b-product","jyut6ping3_mobile","session_create_select_destroy","","8","2","processor_install","139","unavailable","unavailable","unavailable"
"yune","track-b-product","jyut6ping3_mobile","session_create_select_destroy","","8","3","schema_config_load","13","unavailable","unavailable","unavailable"
"yune","track-b-product","jyut6ping3_mobile","session_create_select_destroy","","8","4","translator_install","13","unavailable","unavailable","unavailable"
"yune","track-b-product","jyut6ping3_mobile","session_create_select_destroy","","8","5","schema_config_load","13","unavailable","unavailable","unavailable"
"yune","track-b-product","jyut6ping3_mobile","session_create_select_destroy","","8","6","filter_install","14","unavailable","unavailable","unavailable"
"yune","track-b-product","jyut6ping3_mobile","session_create_select_destroy","","8","7","userdb_open_or_sync","0","unavailable","unavailable","unavailable"
"yune","track-b-product","jyut6ping3_mobile","session_create_select_destroy","","8","8","session_create","288","unavailable","unavailable","unavailable"
"yune","track-b-product","jyut6ping3_mobile","session_create_select_destroy","","8","9","schema_config_load","53","unavailable","unavailable","unavailable"
"yune","track-b-product","jyut6ping3_mobile","session_create_select_destroy","","8","10","schema_switch_options","1","unavailable","unavailable","unavailable"
"yune","track-b-product","jyut6ping3_mobile","session_create_select_destroy","","8","11","processor_install","864","unavailable","unavailable","unavailable"
"yune","track-b-product","jyut6ping3_mobile","session_create_select_destroy","","8","12","schema_config_load","40","unavailable","unavailable","unavailable"
"yune","track-b-product","jyut6ping3_mobile","session_create_select_destroy","","8","13","translator_install","768","unavailable","unavailable","unavailable"
"yune","track-b-product","jyut6ping3_mobile","session_create_select_destroy","","8","14","schema_config_load","43","unavailable","unavailable","unavailable"
"yune","track-b-product","jyut6ping3_mobile","session_create_select_destroy","","8","15","filter_install","26595","unavailable","unavailable","unavailable"
"yune","track-b-product","jyut6ping3_mobile","session_create_select_destroy","","8","16","userdb_open_or_sync","17","unavailable","unavailable","unavailable"
"yune","track-b-product","jyut6ping3_mobile","session_create_select_destroy","","8","17","schema_select","29166","unavailable","unavailable","unavailable"
"yune","track-b-product","jyut6ping3_mobile","session_create_select_destroy","","8","18","session_destroy","663","unavailable","unavailable","unavailable"
"yune","track-b-product","jyut6ping3_mobile","session_create_select_destroy","","9","0","schema_config_load","14","unavailable","unavailable","unavailable"
"yune","track-b-product","jyut6ping3_mobile","session_create_select_destroy","","9","1","schema_switch_options","0","unavailable","unavailable","unavailable"
"yune","track-b-product","jyut6ping3_mobile","session_create_select_destroy","","9","2","processor_install","140","unavailable","unavailable","unavailable"
"yune","track-b-product","jyut6ping3_mobile","session_create_select_destroy","","9","3","schema_config_load","14","unavailable","unavailable","unavailable"
"yune","track-b-product","jyut6ping3_mobile","session_create_select_destroy","","9","4","translator_install","14","unavailable","unavailable","unavailable"
"yune","track-b-product","jyut6ping3_mobile","session_create_select_destroy","","9","5","schema_config_load","13","unavailable","unavailable","unavailable"
"yune","track-b-product","jyut6ping3_mobile","session_create_select_destroy","","9","6","filter_install","13","unavailable","unavailable","unavailable"
"yune","track-b-product","jyut6ping3_mobile","session_create_select_destroy","","9","7","userdb_open_or_sync","0","unavailable","unavailable","unavailable"
"yune","track-b-product","jyut6ping3_mobile","session_create_select_destroy","","9","8","session_create","294","unavailable","unavailable","unavailable"
"yune","track-b-product","jyut6ping3_mobile","session_create_select_destroy","","9","9","schema_config_load","60","unavailable","unavailable","unavailable"
"yune","track-b-product","jyut6ping3_mobile","session_create_select_destroy","","9","10","schema_switch_options","2","unavailable","unavailable","unavailable"
"yune","track-b-product","jyut6ping3_mobile","session_create_select_destroy","","9","11","processor_install","874","unavailable","unavailable","unavailable"
"yune","track-b-product","jyut6ping3_mobile","session_create_select_destroy","","9","12","schema_config_load","40","unavailable","unavailable","unavailable"
"yune","track-b-product","jyut6ping3_mobile","session_create_select_destroy","","9","13","translator_install","770","unavailable","unavailable","unavailable"
"yune","track-b-product","jyut6ping3_mobile","session_create_select_destroy","","9","14","schema_config_load","43","unavailable","unavailable","unavailable"
"yune","track-b-product","jyut6ping3_mobile","session_create_select_destroy","","9","15","filter_install","26750","unavailable","unavailable","unavailable"
"yune","track-b-product","jyut6ping3_mobile","session_create_select_destroy","","9","16","userdb_open_or_sync","19","unavailable","unavailable","unavailable"
"yune","track-b-product","jyut6ping3_mobile","session_create_select_destroy","","9","17","schema_select","29327","unavailable","unavailable","unavailable"
"yune","track-b-product","jyut6ping3_mobile","session_create_select_destroy","","9","18","session_destroy","693","unavailable","unavailable","unavailable"
"yune","track-b-product","jyut6ping3_mobile","session_create_select_destroy","","10","0","schema_config_load","14","unavailable","unavailable","unavailable"
"yune","track-b-product","jyut6ping3_mobile","session_create_select_destroy","","10","1","schema_switch_options","0","unavailable","unavailable","unavailable"
"yune","track-b-product","jyut6ping3_mobile","session_create_select_destroy","","10","2","processor_install","188","unavailable","unavailable","unavailable"
"yune","track-b-product","jyut6ping3_mobile","session_create_select_destroy","","10","3","schema_config_load","13","unavailable","unavailable","unavailable"
"yune","track-b-product","jyut6ping3_mobile","session_create_select_destroy","","10","4","translator_install","13","unavailable","unavailable","unavailable"
"yune","track-b-product","jyut6ping3_mobile","session_create_select_destroy","","10","5","schema_config_load","13","unavailable","unavailable","unavailable"
"yune","track-b-product","jyut6ping3_mobile","session_create_select_destroy","","10","6","filter_install","13","unavailable","unavailable","unavailable"
"yune","track-b-product","jyut6ping3_mobile","session_create_select_destroy","","10","7","userdb_open_or_sync","0","unavailable","unavailable","unavailable"
"yune","track-b-product","jyut6ping3_mobile","session_create_select_destroy","","10","8","session_create","344","unavailable","unavailable","unavailable"
"yune","track-b-product","jyut6ping3_mobile","session_create_select_destroy","","10","9","schema_config_load","54","unavailable","unavailable","unavailable"
"yune","track-b-product","jyut6ping3_mobile","session_create_select_destroy","","10","10","schema_switch_options","2","unavailable","unavailable","unavailable"
"yune","track-b-product","jyut6ping3_mobile","session_create_select_destroy","","10","11","processor_install","853","unavailable","unavailable","unavailable"
"yune","track-b-product","jyut6ping3_mobile","session_create_select_destroy","","10","12","schema_config_load","41","unavailable","unavailable","unavailable"
"yune","track-b-product","jyut6ping3_mobile","session_create_select_destroy","","10","13","translator_install","758","unavailable","unavailable","unavailable"
"yune","track-b-product","jyut6ping3_mobile","session_create_select_destroy","","10","14","schema_config_load","44","unavailable","unavailable","unavailable"
"yune","track-b-product","jyut6ping3_mobile","session_create_select_destroy","","10","15","filter_install","26976","unavailable","unavailable","unavailable"
"yune","track-b-product","jyut6ping3_mobile","session_create_select_destroy","","10","16","userdb_open_or_sync","20","unavailable","unavailable","unavailable"
"yune","track-b-product","jyut6ping3_mobile","session_create_select_destroy","","10","17","schema_select","29571","unavailable","unavailable","unavailable"
"yune","track-b-product","jyut6ping3_mobile","session_create_select_destroy","","10","18","session_destroy","732","unavailable","unavailable","unavailable"
"yune","track-b-product","jyut6ping3_mobile","session_create_select_destroy","","11","0","schema_config_load","14","unavailable","unavailable","unavailable"
"yune","track-b-product","jyut6ping3_mobile","session_create_select_destroy","","11","1","schema_switch_options","0","unavailable","unavailable","unavailable"
"yune","track-b-product","jyut6ping3_mobile","session_create_select_destroy","","11","2","processor_install","143","unavailable","unavailable","unavailable"
"yune","track-b-product","jyut6ping3_mobile","session_create_select_destroy","","11","3","schema_config_load","13","unavailable","unavailable","unavailable"
"yune","track-b-product","jyut6ping3_mobile","session_create_select_destroy","","11","4","translator_install","13","unavailable","unavailable","unavailable"
"yune","track-b-product","jyut6ping3_mobile","session_create_select_destroy","","11","5","schema_config_load","14","unavailable","unavailable","unavailable"
"yune","track-b-product","jyut6ping3_mobile","session_create_select_destroy","","11","6","filter_install","15","unavailable","unavailable","unavailable"
"yune","track-b-product","jyut6ping3_mobile","session_create_select_destroy","","11","7","userdb_open_or_sync","0","unavailable","unavailable","unavailable"
"yune","track-b-product","jyut6ping3_mobile","session_create_select_destroy","","11","8","session_create","317","unavailable","unavailable","unavailable"
"yune","track-b-product","jyut6ping3_mobile","session_create_select_destroy","","11","9","schema_config_load","74","unavailable","unavailable","unavailable"
"yune","track-b-product","jyut6ping3_mobile","session_create_select_destroy","","11","10","schema_switch_options","1","unavailable","unavailable","unavailable"
"yune","track-b-product","jyut6ping3_mobile","session_create_select_destroy","","11","11","processor_install","905","unavailable","unavailable","unavailable"
"yune","track-b-product","jyut6ping3_mobile","session_create_select_destroy","","11","12","schema_config_load","41","unavailable","unavailable","unavailable"
"yune","track-b-product","jyut6ping3_mobile","session_create_select_destroy","","11","13","translator_install","814","unavailable","unavailable","unavailable"
"yune","track-b-product","jyut6ping3_mobile","session_create_select_destroy","","11","14","schema_config_load","44","unavailable","unavailable","unavailable"
"yune","track-b-product","jyut6ping3_mobile","session_create_select_destroy","","11","15","filter_install","27014","unavailable","unavailable","unavailable"
"yune","track-b-product","jyut6ping3_mobile","session_create_select_destroy","","11","16","userdb_open_or_sync","21","unavailable","unavailable","unavailable"
"yune","track-b-product","jyut6ping3_mobile","session_create_select_destroy","","11","17","schema_select","29688","unavailable","unavailable","unavailable"
"yune","track-b-product","jyut6ping3_mobile","session_create_select_destroy","","11","18","session_destroy","685","unavailable","unavailable","unavailable"
"yune","track-b-product","jyut6ping3_mobile","session_create_select_destroy","","12","0","schema_config_load","21","unavailable","unavailable","unavailable"
"yune","track-b-product","jyut6ping3_mobile","session_create_select_destroy","","12","1","schema_switch_options","0","unavailable","unavailable","unavailable"
"yune","track-b-product","jyut6ping3_mobile","session_create_select_destroy","","12","2","processor_install","154","unavailable","unavailable","unavailable"
"yune","track-b-product","jyut6ping3_mobile","session_create_select_destroy","","12","3","schema_config_load","12","unavailable","unavailable","unavailable"
"yune","track-b-product","jyut6ping3_mobile","session_create_select_destroy","","12","4","translator_install","13","unavailable","unavailable","unavailable"
"yune","track-b-product","jyut6ping3_mobile","session_create_select_destroy","","12","5","schema_config_load","13","unavailable","unavailable","unavailable"
"yune","track-b-product","jyut6ping3_mobile","session_create_select_destroy","","12","6","filter_install","13","unavailable","unavailable","unavailable"
"yune","track-b-product","jyut6ping3_mobile","session_create_select_destroy","","12","7","userdb_open_or_sync","0","unavailable","unavailable","unavailable"
"yune","track-b-product","jyut6ping3_mobile","session_create_select_destroy","","12","8","session_create","334","unavailable","unavailable","unavailable"
"yune","track-b-product","jyut6ping3_mobile","session_create_select_destroy","","12","9","schema_config_load","66","unavailable","unavailable","unavailable"
"yune","track-b-product","jyut6ping3_mobile","session_create_select_destroy","","12","10","schema_switch_options","1","unavailable","unavailable","unavailable"
"yune","track-b-product","jyut6ping3_mobile","session_create_select_destroy","","12","11","processor_install","913","unavailable","unavailable","unavailable"
"yune","track-b-product","jyut6ping3_mobile","session_create_select_destroy","","12","12","schema_config_load","41","unavailable","unavailable","unavailable"
"yune","track-b-product","jyut6ping3_mobile","session_create_select_destroy","","12","13","translator_install","773","unavailable","unavailable","unavailable"
"yune","track-b-product","jyut6ping3_mobile","session_create_select_destroy","","12","14","schema_config_load","44","unavailable","unavailable","unavailable"
"yune","track-b-product","jyut6ping3_mobile","session_create_select_destroy","","12","15","filter_install","27571","unavailable","unavailable","unavailable"
"yune","track-b-product","jyut6ping3_mobile","session_create_select_destroy","","12","16","userdb_open_or_sync","23","unavailable","unavailable","unavailable"
"yune","track-b-product","jyut6ping3_mobile","session_create_select_destroy","","12","17","schema_select","30219","unavailable","unavailable","unavailable"
"yune","track-b-product","jyut6ping3_mobile","session_create_select_destroy","","12","18","session_destroy","793","unavailable","unavailable","unavailable"
"yune","track-b-product","jyut6ping3_mobile","session_create_select_destroy","","13","0","schema_config_load","16","unavailable","unavailable","unavailable"
"yune","track-b-product","jyut6ping3_mobile","session_create_select_destroy","","13","1","schema_switch_options","0","unavailable","unavailable","unavailable"
"yune","track-b-product","jyut6ping3_mobile","session_create_select_destroy","","13","2","processor_install","197","unavailable","unavailable","unavailable"
"yune","track-b-product","jyut6ping3_mobile","session_create_select_destroy","","13","3","schema_config_load","13","unavailable","unavailable","unavailable"
"yune","track-b-product","jyut6ping3_mobile","session_create_select_destroy","","13","4","translator_install","13","unavailable","unavailable","unavailable"
"yune","track-b-product","jyut6ping3_mobile","session_create_select_destroy","","13","5","schema_config_load","14","unavailable","unavailable","unavailable"
"yune","track-b-product","jyut6ping3_mobile","session_create_select_destroy","","13","6","filter_install","15","unavailable","unavailable","unavailable"
"yune","track-b-product","jyut6ping3_mobile","session_create_select_destroy","","13","7","userdb_open_or_sync","0","unavailable","unavailable","unavailable"
"yune","track-b-product","jyut6ping3_mobile","session_create_select_destroy","","13","8","session_create","380","unavailable","unavailable","unavailable"
"yune","track-b-product","jyut6ping3_mobile","session_create_select_destroy","","13","9","schema_config_load","79","unavailable","unavailable","unavailable"
"yune","track-b-product","jyut6ping3_mobile","session_create_select_destroy","","13","10","schema_switch_options","1","unavailable","unavailable","unavailable"
"yune","track-b-product","jyut6ping3_mobile","session_create_select_destroy","","13","11","processor_install","919","unavailable","unavailable","unavailable"
"yune","track-b-product","jyut6ping3_mobile","session_create_select_destroy","","13","12","schema_config_load","41","unavailable","unavailable","unavailable"
"yune","track-b-product","jyut6ping3_mobile","session_create_select_destroy","","13","13","translator_install","784","unavailable","unavailable","unavailable"
"yune","track-b-product","jyut6ping3_mobile","session_create_select_destroy","","13","14","schema_config_load","44","unavailable","unavailable","unavailable"
"yune","track-b-product","jyut6ping3_mobile","session_create_select_destroy","","13","15","filter_install","27340","unavailable","unavailable","unavailable"
"yune","track-b-product","jyut6ping3_mobile","session_create_select_destroy","","13","16","userdb_open_or_sync","24","unavailable","unavailable","unavailable"
"yune","track-b-product","jyut6ping3_mobile","session_create_select_destroy","","13","17","schema_select","30047","unavailable","unavailable","unavailable"
"yune","track-b-product","jyut6ping3_mobile","session_create_select_destroy","","13","18","session_destroy","787","unavailable","unavailable","unavailable"
"yune","track-b-product","jyut6ping3_mobile","session_create_select_destroy","","14","0","schema_config_load","18","unavailable","unavailable","unavailable"
"yune","track-b-product","jyut6ping3_mobile","session_create_select_destroy","","14","1","schema_switch_options","0","unavailable","unavailable","unavailable"
"yune","track-b-product","jyut6ping3_mobile","session_create_select_destroy","","14","2","processor_install","165","unavailable","unavailable","unavailable"
"yune","track-b-product","jyut6ping3_mobile","session_create_select_destroy","","14","3","schema_config_load","15","unavailable","unavailable","unavailable"
"yune","track-b-product","jyut6ping3_mobile","session_create_select_destroy","","14","4","translator_install","15","unavailable","unavailable","unavailable"
"yune","track-b-product","jyut6ping3_mobile","session_create_select_destroy","","14","5","schema_config_load","13","unavailable","unavailable","unavailable"
"yune","track-b-product","jyut6ping3_mobile","session_create_select_destroy","","14","6","filter_install","14","unavailable","unavailable","unavailable"
"yune","track-b-product","jyut6ping3_mobile","session_create_select_destroy","","14","7","userdb_open_or_sync","0","unavailable","unavailable","unavailable"
"yune","track-b-product","jyut6ping3_mobile","session_create_select_destroy","","14","8","session_create","349","unavailable","unavailable","unavailable"
"yune","track-b-product","jyut6ping3_mobile","session_create_select_destroy","","14","9","schema_config_load","76","unavailable","unavailable","unavailable"
"yune","track-b-product","jyut6ping3_mobile","session_create_select_destroy","","14","10","schema_switch_options","2","unavailable","unavailable","unavailable"
"yune","track-b-product","jyut6ping3_mobile","session_create_select_destroy","","14","11","processor_install","899","unavailable","unavailable","unavailable"
"yune","track-b-product","jyut6ping3_mobile","session_create_select_destroy","","14","12","schema_config_load","42","unavailable","unavailable","unavailable"
"yune","track-b-product","jyut6ping3_mobile","session_create_select_destroy","","14","13","translator_install","785","unavailable","unavailable","unavailable"
"yune","track-b-product","jyut6ping3_mobile","session_create_select_destroy","","14","14","schema_config_load","52","unavailable","unavailable","unavailable"
"yune","track-b-product","jyut6ping3_mobile","session_create_select_destroy","","14","15","filter_install","27424","unavailable","unavailable","unavailable"
"yune","track-b-product","jyut6ping3_mobile","session_create_select_destroy","","14","16","userdb_open_or_sync","25","unavailable","unavailable","unavailable"
"yune","track-b-product","jyut6ping3_mobile","session_create_select_destroy","","14","17","schema_select","30086","unavailable","unavailable","unavailable"
"yune","track-b-product","jyut6ping3_mobile","session_create_select_destroy","","14","18","session_destroy","841","unavailable","unavailable","unavailable"
"yune","track-b-product","jyut6ping3_mobile","session_create_select_destroy","","15","0","schema_config_load","15","unavailable","unavailable","unavailable"
"yune","track-b-product","jyut6ping3_mobile","session_create_select_destroy","","15","1","schema_switch_options","0","unavailable","unavailable","unavailable"
"yune","track-b-product","jyut6ping3_mobile","session_create_select_destroy","","15","2","processor_install","146","unavailable","unavailable","unavailable"
"yune","track-b-product","jyut6ping3_mobile","session_create_select_destroy","","15","3","schema_config_load","13","unavailable","unavailable","unavailable"
"yune","track-b-product","jyut6ping3_mobile","session_create_select_destroy","","15","4","translator_install","13","unavailable","unavailable","unavailable"
"yune","track-b-product","jyut6ping3_mobile","session_create_select_destroy","","15","5","schema_config_load","13","unavailable","unavailable","unavailable"
"yune","track-b-product","jyut6ping3_mobile","session_create_select_destroy","","15","6","filter_install","14","unavailable","unavailable","unavailable"
"yune","track-b-product","jyut6ping3_mobile","session_create_select_destroy","","15","7","userdb_open_or_sync","0","unavailable","unavailable","unavailable"
"yune","track-b-product","jyut6ping3_mobile","session_create_select_destroy","","15","8","session_create","334","unavailable","unavailable","unavailable"
"yune","track-b-product","jyut6ping3_mobile","session_create_select_destroy","","15","9","schema_config_load","77","unavailable","unavailable","unavailable"
"yune","track-b-product","jyut6ping3_mobile","session_create_select_destroy","","15","10","schema_switch_options","2","unavailable","unavailable","unavailable"
"yune","track-b-product","jyut6ping3_mobile","session_create_select_destroy","","15","11","processor_install","941","unavailable","unavailable","unavailable"
"yune","track-b-product","jyut6ping3_mobile","session_create_select_destroy","","15","12","schema_config_load","41","unavailable","unavailable","unavailable"
"yune","track-b-product","jyut6ping3_mobile","session_create_select_destroy","","15","13","translator_install","780","unavailable","unavailable","unavailable"
"yune","track-b-product","jyut6ping3_mobile","session_create_select_destroy","","15","14","schema_config_load","43","unavailable","unavailable","unavailable"
"yune","track-b-product","jyut6ping3_mobile","session_create_select_destroy","","15","15","filter_install","27566","unavailable","unavailable","unavailable"
"yune","track-b-product","jyut6ping3_mobile","session_create_select_destroy","","15","16","userdb_open_or_sync","33","unavailable","unavailable","unavailable"
"yune","track-b-product","jyut6ping3_mobile","session_create_select_destroy","","15","17","schema_select","30287","unavailable","unavailable","unavailable"
"yune","track-b-product","jyut6ping3_mobile","session_create_select_destroy","","15","18","session_destroy","774","unavailable","unavailable","unavailable"
"yune","track-b-product","jyut6ping3_mobile","session_create_select_destroy","","16","0","schema_config_load","15","unavailable","unavailable","unavailable"
"yune","track-b-product","jyut6ping3_mobile","session_create_select_destroy","","16","1","schema_switch_options","0","unavailable","unavailable","unavailable"
"yune","track-b-product","jyut6ping3_mobile","session_create_select_destroy","","16","2","processor_install","140","unavailable","unavailable","unavailable"
"yune","track-b-product","jyut6ping3_mobile","session_create_select_destroy","","16","3","schema_config_load","13","unavailable","unavailable","unavailable"
"yune","track-b-product","jyut6ping3_mobile","session_create_select_destroy","","16","4","translator_install","14","unavailable","unavailable","unavailable"
"yune","track-b-product","jyut6ping3_mobile","session_create_select_destroy","","16","5","schema_config_load","13","unavailable","unavailable","unavailable"
"yune","track-b-product","jyut6ping3_mobile","session_create_select_destroy","","16","6","filter_install","14","unavailable","unavailable","unavailable"
"yune","track-b-product","jyut6ping3_mobile","session_create_select_destroy","","16","7","userdb_open_or_sync","0","unavailable","unavailable","unavailable"
"yune","track-b-product","jyut6ping3_mobile","session_create_select_destroy","","16","8","session_create","330","unavailable","unavailable","unavailable"
"yune","track-b-product","jyut6ping3_mobile","session_create_select_destroy","","16","9","schema_config_load","77","unavailable","unavailable","unavailable"
"yune","track-b-product","jyut6ping3_mobile","session_create_select_destroy","","16","10","schema_switch_options","1","unavailable","unavailable","unavailable"
"yune","track-b-product","jyut6ping3_mobile","session_create_select_destroy","","16","11","processor_install","925","unavailable","unavailable","unavailable"
"yune","track-b-product","jyut6ping3_mobile","session_create_select_destroy","","16","12","schema_config_load","42","unavailable","unavailable","unavailable"
"yune","track-b-product","jyut6ping3_mobile","session_create_select_destroy","","16","13","translator_install","872","unavailable","unavailable","unavailable"
"yune","track-b-product","jyut6ping3_mobile","session_create_select_destroy","","16","14","schema_config_load","46","unavailable","unavailable","unavailable"
"yune","track-b-product","jyut6ping3_mobile","session_create_select_destroy","","16","15","filter_install","27773","unavailable","unavailable","unavailable"
"yune","track-b-product","jyut6ping3_mobile","session_create_select_destroy","","16","16","userdb_open_or_sync","30","unavailable","unavailable","unavailable"
"yune","track-b-product","jyut6ping3_mobile","session_create_select_destroy","","16","17","schema_select","30584","unavailable","unavailable","unavailable"
"yune","track-b-product","jyut6ping3_mobile","session_create_select_destroy","","16","18","session_destroy","806","unavailable","unavailable","unavailable"
"yune","track-b-product","jyut6ping3_mobile","session_create_select_destroy","","17","0","schema_config_load","14","unavailable","unavailable","unavailable"
"yune","track-b-product","jyut6ping3_mobile","session_create_select_destroy","","17","1","schema_switch_options","0","unavailable","unavailable","unavailable"
"yune","track-b-product","jyut6ping3_mobile","session_create_select_destroy","","17","2","processor_install","140","unavailable","unavailable","unavailable"
"yune","track-b-product","jyut6ping3_mobile","session_create_select_destroy","","17","3","schema_config_load","13","unavailable","unavailable","unavailable"
"yune","track-b-product","jyut6ping3_mobile","session_create_select_destroy","","17","4","translator_install","13","unavailable","unavailable","unavailable"
"yune","track-b-product","jyut6ping3_mobile","session_create_select_destroy","","17","5","schema_config_load","19","unavailable","unavailable","unavailable"
"yune","track-b-product","jyut6ping3_mobile","session_create_select_destroy","","17","6","filter_install","20","unavailable","unavailable","unavailable"
"yune","track-b-product","jyut6ping3_mobile","session_create_select_destroy","","17","7","userdb_open_or_sync","0","unavailable","unavailable","unavailable"
"yune","track-b-product","jyut6ping3_mobile","session_create_select_destroy","","17","8","session_create","330","unavailable","unavailable","unavailable"
"yune","track-b-product","jyut6ping3_mobile","session_create_select_destroy","","17","9","schema_config_load","105","unavailable","unavailable","unavailable"
"yune","track-b-product","jyut6ping3_mobile","session_create_select_destroy","","17","10","schema_switch_options","2","unavailable","unavailable","unavailable"
"yune","track-b-product","jyut6ping3_mobile","session_create_select_destroy","","17","11","processor_install","945","unavailable","unavailable","unavailable"
"yune","track-b-product","jyut6ping3_mobile","session_create_select_destroy","","17","12","schema_config_load","41","unavailable","unavailable","unavailable"
"yune","track-b-product","jyut6ping3_mobile","session_create_select_destroy","","17","13","translator_install","783","unavailable","unavailable","unavailable"
"yune","track-b-product","jyut6ping3_mobile","session_create_select_destroy","","17","14","schema_config_load","44","unavailable","unavailable","unavailable"
"yune","track-b-product","jyut6ping3_mobile","session_create_select_destroy","","17","15","filter_install","27996","unavailable","unavailable","unavailable"
"yune","track-b-product","jyut6ping3_mobile","session_create_select_destroy","","17","16","userdb_open_or_sync","33","unavailable","unavailable","unavailable"
"yune","track-b-product","jyut6ping3_mobile","session_create_select_destroy","","17","17","schema_select","30760","unavailable","unavailable","unavailable"
"yune","track-b-product","jyut6ping3_mobile","session_create_select_destroy","","17","18","session_destroy","821","unavailable","unavailable","unavailable"
"yune","track-b-product","jyut6ping3_mobile","session_create_select_destroy","","18","0","schema_config_load","15","unavailable","unavailable","unavailable"
"yune","track-b-product","jyut6ping3_mobile","session_create_select_destroy","","18","1","schema_switch_options","0","unavailable","unavailable","unavailable"
"yune","track-b-product","jyut6ping3_mobile","session_create_select_destroy","","18","2","processor_install","145","unavailable","unavailable","unavailable"
"yune","track-b-product","jyut6ping3_mobile","session_create_select_destroy","","18","3","schema_config_load","32","unavailable","unavailable","unavailable"
"yune","track-b-product","jyut6ping3_mobile","session_create_select_destroy","","18","4","translator_install","33","unavailable","unavailable","unavailable"
"yune","track-b-product","jyut6ping3_mobile","session_create_select_destroy","","18","5","schema_config_load","14","unavailable","unavailable","unavailable"
"yune","track-b-product","jyut6ping3_mobile","session_create_select_destroy","","18","6","filter_install","14","unavailable","unavailable","unavailable"
"yune","track-b-product","jyut6ping3_mobile","session_create_select_destroy","","18","7","userdb_open_or_sync","0","unavailable","unavailable","unavailable"
"yune","track-b-product","jyut6ping3_mobile","session_create_select_destroy","","18","8","session_create","363","unavailable","unavailable","unavailable"
"yune","track-b-product","jyut6ping3_mobile","session_create_select_destroy","","18","9","schema_config_load","81","unavailable","unavailable","unavailable"
"yune","track-b-product","jyut6ping3_mobile","session_create_select_destroy","","18","10","schema_switch_options","2","unavailable","unavailable","unavailable"
"yune","track-b-product","jyut6ping3_mobile","session_create_select_destroy","","18","11","processor_install","905","unavailable","unavailable","unavailable"
"yune","track-b-product","jyut6ping3_mobile","session_create_select_destroy","","18","12","schema_config_load","44","unavailable","unavailable","unavailable"
"yune","track-b-product","jyut6ping3_mobile","session_create_select_destroy","","18","13","translator_install","823","unavailable","unavailable","unavailable"
"yune","track-b-product","jyut6ping3_mobile","session_create_select_destroy","","18","14","schema_config_load","45","unavailable","unavailable","unavailable"
"yune","track-b-product","jyut6ping3_mobile","session_create_select_destroy","","18","15","filter_install","28786","unavailable","unavailable","unavailable"
"yune","track-b-product","jyut6ping3_mobile","session_create_select_destroy","","18","16","userdb_open_or_sync","33","unavailable","unavailable","unavailable"
"yune","track-b-product","jyut6ping3_mobile","session_create_select_destroy","","18","17","schema_select","31531","unavailable","unavailable","unavailable"
"yune","track-b-product","jyut6ping3_mobile","session_create_select_destroy","","18","18","session_destroy","812","unavailable","unavailable","unavailable"
"yune","track-b-product","jyut6ping3_mobile","session_create_select_destroy","","19","0","schema_config_load","19","unavailable","unavailable","unavailable"
"yune","track-b-product","jyut6ping3_mobile","session_create_select_destroy","","19","1","schema_switch_options","0","unavailable","unavailable","unavailable"
"yune","track-b-product","jyut6ping3_mobile","session_create_select_destroy","","19","2","processor_install","173","unavailable","unavailable","unavailable"
"yune","track-b-product","jyut6ping3_mobile","session_create_select_destroy","","19","3","schema_config_load","13","unavailable","unavailable","unavailable"
"yune","track-b-product","jyut6ping3_mobile","session_create_select_destroy","","19","4","translator_install","13","unavailable","unavailable","unavailable"
"yune","track-b-product","jyut6ping3_mobile","session_create_select_destroy","","19","5","schema_config_load","13","unavailable","unavailable","unavailable"
"yune","track-b-product","jyut6ping3_mobile","session_create_select_destroy","","19","6","filter_install","13","unavailable","unavailable","unavailable"
"yune","track-b-product","jyut6ping3_mobile","session_create_select_destroy","","19","7","userdb_open_or_sync","0","unavailable","unavailable","unavailable"
"yune","track-b-product","jyut6ping3_mobile","session_create_select_destroy","","19","8","session_create","365","unavailable","unavailable","unavailable"
"yune","track-b-product","jyut6ping3_mobile","session_create_select_destroy","","19","9","schema_config_load","74","unavailable","unavailable","unavailable"
"yune","track-b-product","jyut6ping3_mobile","session_create_select_destroy","","19","10","schema_switch_options","2","unavailable","unavailable","unavailable"
"yune","track-b-product","jyut6ping3_mobile","session_create_select_destroy","","19","11","processor_install","923","unavailable","unavailable","unavailable"
"yune","track-b-product","jyut6ping3_mobile","session_create_select_destroy","","19","12","schema_config_load","41","unavailable","unavailable","unavailable"
"yune","track-b-product","jyut6ping3_mobile","session_create_select_destroy","","19","13","translator_install","786","unavailable","unavailable","unavailable"
"yune","track-b-product","jyut6ping3_mobile","session_create_select_destroy","","19","14","schema_config_load","48","unavailable","unavailable","unavailable"
"yune","track-b-product","jyut6ping3_mobile","session_create_select_destroy","","19","15","filter_install","28131","unavailable","unavailable","unavailable"
"yune","track-b-product","jyut6ping3_mobile","session_create_select_destroy","","19","16","userdb_open_or_sync","42","unavailable","unavailable","unavailable"
"yune","track-b-product","jyut6ping3_mobile","session_create_select_destroy","","19","17","schema_select","30849","unavailable","unavailable","unavailable"
"yune","track-b-product","jyut6ping3_mobile","session_create_select_destroy","","19","18","session_destroy","948","unavailable","unavailable","unavailable"
"yune","track-b-product","jyut6ping3_mobile","session_create_select_destroy","","20","0","schema_config_load","14","unavailable","unavailable","unavailable"
"yune","track-b-product","jyut6ping3_mobile","session_create_select_destroy","","20","1","schema_switch_options","0","unavailable","unavailable","unavailable"
"yune","track-b-product","jyut6ping3_mobile","session_create_select_destroy","","20","2","processor_install","144","unavailable","unavailable","unavailable"
"yune","track-b-product","jyut6ping3_mobile","session_create_select_destroy","","20","3","schema_config_load","13","unavailable","unavailable","unavailable"
"yune","track-b-product","jyut6ping3_mobile","session_create_select_destroy","","20","4","translator_install","14","unavailable","unavailable","unavailable"
"yune","track-b-product","jyut6ping3_mobile","session_create_select_destroy","","20","5","schema_config_load","13","unavailable","unavailable","unavailable"
"yune","track-b-product","jyut6ping3_mobile","session_create_select_destroy","","20","6","filter_install","14","unavailable","unavailable","unavailable"
"yune","track-b-product","jyut6ping3_mobile","session_create_select_destroy","","20","7","userdb_open_or_sync","0","unavailable","unavailable","unavailable"
"yune","track-b-product","jyut6ping3_mobile","session_create_select_destroy","","20","8","session_create","337","unavailable","unavailable","unavailable"
"yune","track-b-product","jyut6ping3_mobile","session_create_select_destroy","","20","9","schema_config_load","77","unavailable","unavailable","unavailable"
"yune","track-b-product","jyut6ping3_mobile","session_create_select_destroy","","20","10","schema_switch_options","2","unavailable","unavailable","unavailable"
"yune","track-b-product","jyut6ping3_mobile","session_create_select_destroy","","20","11","processor_install","948","unavailable","unavailable","unavailable"
"yune","track-b-product","jyut6ping3_mobile","session_create_select_destroy","","20","12","schema_config_load","41","unavailable","unavailable","unavailable"
"yune","track-b-product","jyut6ping3_mobile","session_create_select_destroy","","20","13","translator_install","791","unavailable","unavailable","unavailable"
"yune","track-b-product","jyut6ping3_mobile","session_create_select_destroy","","20","14","schema_config_load","44","unavailable","unavailable","unavailable"
"yune","track-b-product","jyut6ping3_mobile","session_create_select_destroy","","20","15","filter_install","27656","unavailable","unavailable","unavailable"
"yune","track-b-product","jyut6ping3_mobile","session_create_select_destroy","","20","16","userdb_open_or_sync","47","unavailable","unavailable","unavailable"
"yune","track-b-product","jyut6ping3_mobile","session_create_select_destroy","","20","17","schema_select","30456","unavailable","unavailable","unavailable"
"yune","track-b-product","jyut6ping3_mobile","session_create_select_destroy","","20","18","session_destroy","872","unavailable","unavailable","unavailable"
"yune","track-b-product","jyut6ping3_mobile","session_create_select_destroy","","21","0","schema_config_load","14","unavailable","unavailable","unavailable"
"yune","track-b-product","jyut6ping3_mobile","session_create_select_destroy","","21","1","schema_switch_options","0","unavailable","unavailable","unavailable"
"yune","track-b-product","jyut6ping3_mobile","session_create_select_destroy","","21","2","processor_install","139","unavailable","unavailable","unavailable"
"yune","track-b-product","jyut6ping3_mobile","session_create_select_destroy","","21","3","schema_config_load","13","unavailable","unavailable","unavailable"
"yune","track-b-product","jyut6ping3_mobile","session_create_select_destroy","","21","4","translator_install","13","unavailable","unavailable","unavailable"
"yune","track-b-product","jyut6ping3_mobile","session_create_select_destroy","","21","5","schema_config_load","13","unavailable","unavailable","unavailable"
"yune","track-b-product","jyut6ping3_mobile","session_create_select_destroy","","21","6","filter_install","14","unavailable","unavailable","unavailable"
"yune","track-b-product","jyut6ping3_mobile","session_create_select_destroy","","21","7","userdb_open_or_sync","0","unavailable","unavailable","unavailable"
"yune","track-b-product","jyut6ping3_mobile","session_create_select_destroy","","21","8","session_create","311","unavailable","unavailable","unavailable"
"yune","track-b-product","jyut6ping3_mobile","session_create_select_destroy","","21","9","schema_config_load","66","unavailable","unavailable","unavailable"
"yune","track-b-product","jyut6ping3_mobile","session_create_select_destroy","","21","10","schema_switch_options","2","unavailable","unavailable","unavailable"
"yune","track-b-product","jyut6ping3_mobile","session_create_select_destroy","","21","11","processor_install","911","unavailable","unavailable","unavailable"
"yune","track-b-product","jyut6ping3_mobile","session_create_select_destroy","","21","12","schema_config_load","41","unavailable","unavailable","unavailable"
"yune","track-b-product","jyut6ping3_mobile","session_create_select_destroy","","21","13","translator_install","776","unavailable","unavailable","unavailable"
"yune","track-b-product","jyut6ping3_mobile","session_create_select_destroy","","21","14","schema_config_load","43","unavailable","unavailable","unavailable"
"yune","track-b-product","jyut6ping3_mobile","session_create_select_destroy","","21","15","filter_install","27923","unavailable","unavailable","unavailable"
"yune","track-b-product","jyut6ping3_mobile","session_create_select_destroy","","21","16","userdb_open_or_sync","24","unavailable","unavailable","unavailable"
"yune","track-b-product","jyut6ping3_mobile","session_create_select_destroy","","21","17","schema_select","30587","unavailable","unavailable","unavailable"
"yune","track-b-product","jyut6ping3_mobile","session_create_select_destroy","","21","18","session_destroy","783","unavailable","unavailable","unavailable"
"yune","track-b-product","jyut6ping3_mobile","session_create_select_destroy","","22","0","schema_config_load","15","unavailable","unavailable","unavailable"
"yune","track-b-product","jyut6ping3_mobile","session_create_select_destroy","","22","1","schema_switch_options","0","unavailable","unavailable","unavailable"
"yune","track-b-product","jyut6ping3_mobile","session_create_select_destroy","","22","2","processor_install","154","unavailable","unavailable","unavailable"
"yune","track-b-product","jyut6ping3_mobile","session_create_select_destroy","","22","3","schema_config_load","13","unavailable","unavailable","unavailable"
"yune","track-b-product","jyut6ping3_mobile","session_create_select_destroy","","22","4","translator_install","13","unavailable","unavailable","unavailable"
"yune","track-b-product","jyut6ping3_mobile","session_create_select_destroy","","22","5","schema_config_load","14","unavailable","unavailable","unavailable"
"yune","track-b-product","jyut6ping3_mobile","session_create_select_destroy","","22","6","filter_install","14","unavailable","unavailable","unavailable"
"yune","track-b-product","jyut6ping3_mobile","session_create_select_destroy","","22","7","userdb_open_or_sync","0","unavailable","unavailable","unavailable"
"yune","track-b-product","jyut6ping3_mobile","session_create_select_destroy","","22","8","session_create","334","unavailable","unavailable","unavailable"
"yune","track-b-product","jyut6ping3_mobile","session_create_select_destroy","","22","9","schema_config_load","67","unavailable","unavailable","unavailable"
"yune","track-b-product","jyut6ping3_mobile","session_create_select_destroy","","22","10","schema_switch_options","1","unavailable","unavailable","unavailable"
"yune","track-b-product","jyut6ping3_mobile","session_create_select_destroy","","22","11","processor_install","894","unavailable","unavailable","unavailable"
"yune","track-b-product","jyut6ping3_mobile","session_create_select_destroy","","22","12","schema_config_load","40","unavailable","unavailable","unavailable"
"yune","track-b-product","jyut6ping3_mobile","session_create_select_destroy","","22","13","translator_install","787","unavailable","unavailable","unavailable"
"yune","track-b-product","jyut6ping3_mobile","session_create_select_destroy","","22","14","schema_config_load","44","unavailable","unavailable","unavailable"
"yune","track-b-product","jyut6ping3_mobile","session_create_select_destroy","","22","15","filter_install","27818","unavailable","unavailable","unavailable"
"yune","track-b-product","jyut6ping3_mobile","session_create_select_destroy","","22","16","userdb_open_or_sync","23","unavailable","unavailable","unavailable"
"yune","track-b-product","jyut6ping3_mobile","session_create_select_destroy","","22","17","schema_select","30470","unavailable","unavailable","unavailable"
"yune","track-b-product","jyut6ping3_mobile","session_create_select_destroy","","22","18","session_destroy","748","unavailable","unavailable","unavailable"
"yune","track-b-product","jyut6ping3_mobile","session_create_select_destroy","","23","0","schema_config_load","14","unavailable","unavailable","unavailable"
"yune","track-b-product","jyut6ping3_mobile","session_create_select_destroy","","23","1","schema_switch_options","0","unavailable","unavailable","unavailable"
"yune","track-b-product","jyut6ping3_mobile","session_create_select_destroy","","23","2","processor_install","141","unavailable","unavailable","unavailable"
"yune","track-b-product","jyut6ping3_mobile","session_create_select_destroy","","23","3","schema_config_load","13","unavailable","unavailable","unavailable"
"yune","track-b-product","jyut6ping3_mobile","session_create_select_destroy","","23","4","translator_install","13","unavailable","unavailable","unavailable"
"yune","track-b-product","jyut6ping3_mobile","session_create_select_destroy","","23","5","schema_config_load","14","unavailable","unavailable","unavailable"
"yune","track-b-product","jyut6ping3_mobile","session_create_select_destroy","","23","6","filter_install","15","unavailable","unavailable","unavailable"
"yune","track-b-product","jyut6ping3_mobile","session_create_select_destroy","","23","7","userdb_open_or_sync","0","unavailable","unavailable","unavailable"
"yune","track-b-product","jyut6ping3_mobile","session_create_select_destroy","","23","8","session_create","321","unavailable","unavailable","unavailable"
"yune","track-b-product","jyut6ping3_mobile","session_create_select_destroy","","23","9","schema_config_load","69","unavailable","unavailable","unavailable"
"yune","track-b-product","jyut6ping3_mobile","session_create_select_destroy","","23","10","schema_switch_options","2","unavailable","unavailable","unavailable"
"yune","track-b-product","jyut6ping3_mobile","session_create_select_destroy","","23","11","processor_install","945","unavailable","unavailable","unavailable"
"yune","track-b-product","jyut6ping3_mobile","session_create_select_destroy","","23","12","schema_config_load","40","unavailable","unavailable","unavailable"
"yune","track-b-product","jyut6ping3_mobile","session_create_select_destroy","","23","13","translator_install","780","unavailable","unavailable","unavailable"
"yune","track-b-product","jyut6ping3_mobile","session_create_select_destroy","","23","14","schema_config_load","72","unavailable","unavailable","unavailable"
"yune","track-b-product","jyut6ping3_mobile","session_create_select_destroy","","23","15","filter_install","27073","unavailable","unavailable","unavailable"
"yune","track-b-product","jyut6ping3_mobile","session_create_select_destroy","","23","16","userdb_open_or_sync","20","unavailable","unavailable","unavailable"
"yune","track-b-product","jyut6ping3_mobile","session_create_select_destroy","","23","17","schema_select","29773","unavailable","unavailable","unavailable"
"yune","track-b-product","jyut6ping3_mobile","session_create_select_destroy","","23","18","session_destroy","727","unavailable","unavailable","unavailable"
"yune","track-b-product","jyut6ping3_mobile","session_create_select_destroy","","24","0","schema_config_load","15","unavailable","unavailable","unavailable"
"yune","track-b-product","jyut6ping3_mobile","session_create_select_destroy","","24","1","schema_switch_options","0","unavailable","unavailable","unavailable"
"yune","track-b-product","jyut6ping3_mobile","session_create_select_destroy","","24","2","processor_install","153","unavailable","unavailable","unavailable"
"yune","track-b-product","jyut6ping3_mobile","session_create_select_destroy","","24","3","schema_config_load","13","unavailable","unavailable","unavailable"
"yune","track-b-product","jyut6ping3_mobile","session_create_select_destroy","","24","4","translator_install","13","unavailable","unavailable","unavailable"
"yune","track-b-product","jyut6ping3_mobile","session_create_select_destroy","","24","5","schema_config_load","13","unavailable","unavailable","unavailable"
"yune","track-b-product","jyut6ping3_mobile","session_create_select_destroy","","24","6","filter_install","13","unavailable","unavailable","unavailable"
"yune","track-b-product","jyut6ping3_mobile","session_create_select_destroy","","24","7","userdb_open_or_sync","0","unavailable","unavailable","unavailable"
"yune","track-b-product","jyut6ping3_mobile","session_create_select_destroy","","24","8","session_create","319","unavailable","unavailable","unavailable"
"yune","track-b-product","jyut6ping3_mobile","session_create_select_destroy","","24","9","schema_config_load","63","unavailable","unavailable","unavailable"
"yune","track-b-product","jyut6ping3_mobile","session_create_select_destroy","","24","10","schema_switch_options","2","unavailable","unavailable","unavailable"
"yune","track-b-product","jyut6ping3_mobile","session_create_select_destroy","","24","11","processor_install","875","unavailable","unavailable","unavailable"
"yune","track-b-product","jyut6ping3_mobile","session_create_select_destroy","","24","12","schema_config_load","41","unavailable","unavailable","unavailable"
"yune","track-b-product","jyut6ping3_mobile","session_create_select_destroy","","24","13","translator_install","773","unavailable","unavailable","unavailable"
"yune","track-b-product","jyut6ping3_mobile","session_create_select_destroy","","24","14","schema_config_load","43","unavailable","unavailable","unavailable"
"yune","track-b-product","jyut6ping3_mobile","session_create_select_destroy","","24","15","filter_install","27614","unavailable","unavailable","unavailable"
"yune","track-b-product","jyut6ping3_mobile","session_create_select_destroy","","24","16","userdb_open_or_sync","24","unavailable","unavailable","unavailable"
"yune","track-b-product","jyut6ping3_mobile","session_create_select_destroy","","24","17","schema_select","30235","unavailable","unavailable","unavailable"
"yune","track-b-product","jyut6ping3_mobile","session_create_select_destroy","","24","18","session_destroy","732","unavailable","unavailable","unavailable"
"yune","track-b-product","jyut6ping3_mobile","session_create_select_destroy","","25","0","schema_config_load","14","unavailable","unavailable","unavailable"
"yune","track-b-product","jyut6ping3_mobile","session_create_select_destroy","","25","1","schema_switch_options","0","unavailable","unavailable","unavailable"
"yune","track-b-product","jyut6ping3_mobile","session_create_select_destroy","","25","2","processor_install","144","unavailable","unavailable","unavailable"
"yune","track-b-product","jyut6ping3_mobile","session_create_select_destroy","","25","3","schema_config_load","13","unavailable","unavailable","unavailable"
"yune","track-b-product","jyut6ping3_mobile","session_create_select_destroy","","25","4","translator_install","13","unavailable","unavailable","unavailable"
"yune","track-b-product","jyut6ping3_mobile","session_create_select_destroy","","25","5","schema_config_load","15","unavailable","unavailable","unavailable"
"yune","track-b-product","jyut6ping3_mobile","session_create_select_destroy","","25","6","filter_install","15","unavailable","unavailable","unavailable"
"yune","track-b-product","jyut6ping3_mobile","session_create_select_destroy","","25","7","userdb_open_or_sync","0","unavailable","unavailable","unavailable"
"yune","track-b-product","jyut6ping3_mobile","session_create_select_destroy","","25","8","session_create","319","unavailable","unavailable","unavailable"
"yune","track-b-product","jyut6ping3_mobile","session_create_select_destroy","","25","9","schema_config_load","69","unavailable","unavailable","unavailable"
"yune","track-b-product","jyut6ping3_mobile","session_create_select_destroy","","25","10","schema_switch_options","2","unavailable","unavailable","unavailable"
"yune","track-b-product","jyut6ping3_mobile","session_create_select_destroy","","25","11","processor_install","890","unavailable","unavailable","unavailable"
"yune","track-b-product","jyut6ping3_mobile","session_create_select_destroy","","25","12","schema_config_load","40","unavailable","unavailable","unavailable"
"yune","track-b-product","jyut6ping3_mobile","session_create_select_destroy","","25","13","translator_install","786","unavailable","unavailable","unavailable"
"yune","track-b-product","jyut6ping3_mobile","session_create_select_destroy","","25","14","schema_config_load","49","unavailable","unavailable","unavailable"
"yune","track-b-product","jyut6ping3_mobile","session_create_select_destroy","","25","15","filter_install","27024","unavailable","unavailable","unavailable"
"yune","track-b-product","jyut6ping3_mobile","session_create_select_destroy","","25","16","userdb_open_or_sync","24","unavailable","unavailable","unavailable"
"yune","track-b-product","jyut6ping3_mobile","session_create_select_destroy","","25","17","schema_select","29668","unavailable","unavailable","unavailable"
"yune","track-b-product","jyut6ping3_mobile","session_create_select_destroy","","25","18","session_destroy","755","unavailable","unavailable","unavailable"
"yune","track-b-product","jyut6ping3_mobile","session_create_select_destroy","","26","0","schema_config_load","15","unavailable","unavailable","unavailable"
"yune","track-b-product","jyut6ping3_mobile","session_create_select_destroy","","26","1","schema_switch_options","0","unavailable","unavailable","unavailable"
"yune","track-b-product","jyut6ping3_mobile","session_create_select_destroy","","26","2","processor_install","143","unavailable","unavailable","unavailable"
"yune","track-b-product","jyut6ping3_mobile","session_create_select_destroy","","26","3","schema_config_load","28","unavailable","unavailable","unavailable"
"yune","track-b-product","jyut6ping3_mobile","session_create_select_destroy","","26","4","translator_install","28","unavailable","unavailable","unavailable"
"yune","track-b-product","jyut6ping3_mobile","session_create_select_destroy","","26","5","schema_config_load","15","unavailable","unavailable","unavailable"
"yune","track-b-product","jyut6ping3_mobile","session_create_select_destroy","","26","6","filter_install","15","unavailable","unavailable","unavailable"
"yune","track-b-product","jyut6ping3_mobile","session_create_select_destroy","","26","7","userdb_open_or_sync","0","unavailable","unavailable","unavailable"
"yune","track-b-product","jyut6ping3_mobile","session_create_select_destroy","","26","8","session_create","335","unavailable","unavailable","unavailable"
"yune","track-b-product","jyut6ping3_mobile","session_create_select_destroy","","26","9","schema_config_load","71","unavailable","unavailable","unavailable"
"yune","track-b-product","jyut6ping3_mobile","session_create_select_destroy","","26","10","schema_switch_options","1","unavailable","unavailable","unavailable"
"yune","track-b-product","jyut6ping3_mobile","session_create_select_destroy","","26","11","processor_install","909","unavailable","unavailable","unavailable"
"yune","track-b-product","jyut6ping3_mobile","session_create_select_destroy","","26","12","schema_config_load","41","unavailable","unavailable","unavailable"
"yune","track-b-product","jyut6ping3_mobile","session_create_select_destroy","","26","13","translator_install","789","unavailable","unavailable","unavailable"
"yune","track-b-product","jyut6ping3_mobile","session_create_select_destroy","","26","14","schema_config_load","44","unavailable","unavailable","unavailable"
"yune","track-b-product","jyut6ping3_mobile","session_create_select_destroy","","26","15","filter_install","27092","unavailable","unavailable","unavailable"
"yune","track-b-product","jyut6ping3_mobile","session_create_select_destroy","","26","16","userdb_open_or_sync","22","unavailable","unavailable","unavailable"
"yune","track-b-product","jyut6ping3_mobile","session_create_select_destroy","","26","17","schema_select","29755","unavailable","unavailable","unavailable"
"yune","track-b-product","jyut6ping3_mobile","session_create_select_destroy","","26","18","session_destroy","735","unavailable","unavailable","unavailable"
"yune","track-b-product","jyut6ping3_mobile","session_create_select_destroy","","27","0","schema_config_load","14","unavailable","unavailable","unavailable"
"yune","track-b-product","jyut6ping3_mobile","session_create_select_destroy","","27","1","schema_switch_options","0","unavailable","unavailable","unavailable"
"yune","track-b-product","jyut6ping3_mobile","session_create_select_destroy","","27","2","processor_install","138","unavailable","unavailable","unavailable"
"yune","track-b-product","jyut6ping3_mobile","session_create_select_destroy","","27","3","schema_config_load","14","unavailable","unavailable","unavailable"
"yune","track-b-product","jyut6ping3_mobile","session_create_select_destroy","","27","4","translator_install","14","unavailable","unavailable","unavailable"
"yune","track-b-product","jyut6ping3_mobile","session_create_select_destroy","","27","5","schema_config_load","13","unavailable","unavailable","unavailable"
"yune","track-b-product","jyut6ping3_mobile","session_create_select_destroy","","27","6","filter_install","14","unavailable","unavailable","unavailable"
"yune","track-b-product","jyut6ping3_mobile","session_create_select_destroy","","27","7","userdb_open_or_sync","0","unavailable","unavailable","unavailable"
"yune","track-b-product","jyut6ping3_mobile","session_create_select_destroy","","27","8","session_create","319","unavailable","unavailable","unavailable"
"yune","track-b-product","jyut6ping3_mobile","session_create_select_destroy","","27","9","schema_config_load","71","unavailable","unavailable","unavailable"
"yune","track-b-product","jyut6ping3_mobile","session_create_select_destroy","","27","10","schema_switch_options","2","unavailable","unavailable","unavailable"
"yune","track-b-product","jyut6ping3_mobile","session_create_select_destroy","","27","11","processor_install","935","unavailable","unavailable","unavailable"
"yune","track-b-product","jyut6ping3_mobile","session_create_select_destroy","","27","12","schema_config_load","40","unavailable","unavailable","unavailable"
"yune","track-b-product","jyut6ping3_mobile","session_create_select_destroy","","27","13","translator_install","778","unavailable","unavailable","unavailable"
"yune","track-b-product","jyut6ping3_mobile","session_create_select_destroy","","27","14","schema_config_load","44","unavailable","unavailable","unavailable"
"yune","track-b-product","jyut6ping3_mobile","session_create_select_destroy","","27","15","filter_install","27263","unavailable","unavailable","unavailable"
"yune","track-b-product","jyut6ping3_mobile","session_create_select_destroy","","27","16","userdb_open_or_sync","20","unavailable","unavailable","unavailable"
"yune","track-b-product","jyut6ping3_mobile","session_create_select_destroy","","27","17","schema_select","29935","unavailable","unavailable","unavailable"
"yune","track-b-product","jyut6ping3_mobile","session_create_select_destroy","","27","18","session_destroy","742","unavailable","unavailable","unavailable"
"yune","track-b-product","jyut6ping3_mobile","session_create_select_destroy","","28","0","schema_config_load","14","unavailable","unavailable","unavailable"
"yune","track-b-product","jyut6ping3_mobile","session_create_select_destroy","","28","1","schema_switch_options","0","unavailable","unavailable","unavailable"
"yune","track-b-product","jyut6ping3_mobile","session_create_select_destroy","","28","2","processor_install","142","unavailable","unavailable","unavailable"
"yune","track-b-product","jyut6ping3_mobile","session_create_select_destroy","","28","3","schema_config_load","14","unavailable","unavailable","unavailable"
"yune","track-b-product","jyut6ping3_mobile","session_create_select_destroy","","28","4","translator_install","14","unavailable","unavailable","unavailable"
"yune","track-b-product","jyut6ping3_mobile","session_create_select_destroy","","28","5","schema_config_load","13","unavailable","unavailable","unavailable"
"yune","track-b-product","jyut6ping3_mobile","session_create_select_destroy","","28","6","filter_install","14","unavailable","unavailable","unavailable"
"yune","track-b-product","jyut6ping3_mobile","session_create_select_destroy","","28","7","userdb_open_or_sync","0","unavailable","unavailable","unavailable"
"yune","track-b-product","jyut6ping3_mobile","session_create_select_destroy","","28","8","session_create","336","unavailable","unavailable","unavailable"
"yune","track-b-product","jyut6ping3_mobile","session_create_select_destroy","","28","9","schema_config_load","73","unavailable","unavailable","unavailable"
"yune","track-b-product","jyut6ping3_mobile","session_create_select_destroy","","28","10","schema_switch_options","2","unavailable","unavailable","unavailable"
"yune","track-b-product","jyut6ping3_mobile","session_create_select_destroy","","28","11","processor_install","886","unavailable","unavailable","unavailable"
"yune","track-b-product","jyut6ping3_mobile","session_create_select_destroy","","28","12","schema_config_load","41","unavailable","unavailable","unavailable"
"yune","track-b-product","jyut6ping3_mobile","session_create_select_destroy","","28","13","translator_install","777","unavailable","unavailable","unavailable"
"yune","track-b-product","jyut6ping3_mobile","session_create_select_destroy","","28","14","schema_config_load","44","unavailable","unavailable","unavailable"
"yune","track-b-product","jyut6ping3_mobile","session_create_select_destroy","","28","15","filter_install","27389","unavailable","unavailable","unavailable"
"yune","track-b-product","jyut6ping3_mobile","session_create_select_destroy","","28","16","userdb_open_or_sync","22","unavailable","unavailable","unavailable"
"yune","track-b-product","jyut6ping3_mobile","session_create_select_destroy","","28","17","schema_select","30045","unavailable","unavailable","unavailable"
"yune","track-b-product","jyut6ping3_mobile","session_create_select_destroy","","28","18","session_destroy","768","unavailable","unavailable","unavailable"
"yune","track-b-product","jyut6ping3_mobile","session_create_select_destroy","","29","0","schema_config_load","14","unavailable","unavailable","unavailable"
"yune","track-b-product","jyut6ping3_mobile","session_create_select_destroy","","29","1","schema_switch_options","0","unavailable","unavailable","unavailable"
"yune","track-b-product","jyut6ping3_mobile","session_create_select_destroy","","29","2","processor_install","141","unavailable","unavailable","unavailable"
"yune","track-b-product","jyut6ping3_mobile","session_create_select_destroy","","29","3","schema_config_load","16","unavailable","unavailable","unavailable"
"yune","track-b-product","jyut6ping3_mobile","session_create_select_destroy","","29","4","translator_install","16","unavailable","unavailable","unavailable"
"yune","track-b-product","jyut6ping3_mobile","session_create_select_destroy","","29","5","schema_config_load","14","unavailable","unavailable","unavailable"
"yune","track-b-product","jyut6ping3_mobile","session_create_select_destroy","","29","6","filter_install","14","unavailable","unavailable","unavailable"
"yune","track-b-product","jyut6ping3_mobile","session_create_select_destroy","","29","7","userdb_open_or_sync","0","unavailable","unavailable","unavailable"
"yune","track-b-product","jyut6ping3_mobile","session_create_select_destroy","","29","8","session_create","318","unavailable","unavailable","unavailable"
"yune","track-b-product","jyut6ping3_mobile","session_create_select_destroy","","29","9","schema_config_load","75","unavailable","unavailable","unavailable"
"yune","track-b-product","jyut6ping3_mobile","session_create_select_destroy","","29","10","schema_switch_options","1","unavailable","unavailable","unavailable"
"yune","track-b-product","jyut6ping3_mobile","session_create_select_destroy","","29","11","processor_install","881","unavailable","unavailable","unavailable"
"yune","track-b-product","jyut6ping3_mobile","session_create_select_destroy","","29","12","schema_config_load","40","unavailable","unavailable","unavailable"
"yune","track-b-product","jyut6ping3_mobile","session_create_select_destroy","","29","13","translator_install","766","unavailable","unavailable","unavailable"
"yune","track-b-product","jyut6ping3_mobile","session_create_select_destroy","","29","14","schema_config_load","43","unavailable","unavailable","unavailable"
"yune","track-b-product","jyut6ping3_mobile","session_create_select_destroy","","29","15","filter_install","27230","unavailable","unavailable","unavailable"
"yune","track-b-product","jyut6ping3_mobile","session_create_select_destroy","","29","16","userdb_open_or_sync","21","unavailable","unavailable","unavailable"
"yune","track-b-product","jyut6ping3_mobile","session_create_select_destroy","","29","17","schema_select","29866","unavailable","unavailable","unavailable"
"yune","track-b-product","jyut6ping3_mobile","session_create_select_destroy","","29","18","session_destroy","718","unavailable","unavailable","unavailable"
"yune","track-b-product","jyut6ping3_mobile","session_create_select_destroy","","30","0","schema_config_load","14","unavailable","unavailable","unavailable"
"yune","track-b-product","jyut6ping3_mobile","session_create_select_destroy","","30","1","schema_switch_options","0","unavailable","unavailable","unavailable"
"yune","track-b-product","jyut6ping3_mobile","session_create_select_destroy","","30","2","processor_install","139","unavailable","unavailable","unavailable"
"yune","track-b-product","jyut6ping3_mobile","session_create_select_destroy","","30","3","schema_config_load","15","unavailable","unavailable","unavailable"
"yune","track-b-product","jyut6ping3_mobile","session_create_select_destroy","","30","4","translator_install","15","unavailable","unavailable","unavailable"
"yune","track-b-product","jyut6ping3_mobile","session_create_select_destroy","","30","5","schema_config_load","13","unavailable","unavailable","unavailable"
"yune","track-b-product","jyut6ping3_mobile","session_create_select_destroy","","30","6","filter_install","14","unavailable","unavailable","unavailable"
"yune","track-b-product","jyut6ping3_mobile","session_create_select_destroy","","30","7","userdb_open_or_sync","0","unavailable","unavailable","unavailable"
"yune","track-b-product","jyut6ping3_mobile","session_create_select_destroy","","30","8","session_create","313","unavailable","unavailable","unavailable"
"yune","track-b-product","jyut6ping3_mobile","session_create_select_destroy","","30","9","schema_config_load","79","unavailable","unavailable","unavailable"
"yune","track-b-product","jyut6ping3_mobile","session_create_select_destroy","","30","10","schema_switch_options","2","unavailable","unavailable","unavailable"
"yune","track-b-product","jyut6ping3_mobile","session_create_select_destroy","","30","11","processor_install","893","unavailable","unavailable","unavailable"
"yune","track-b-product","jyut6ping3_mobile","session_create_select_destroy","","30","12","schema_config_load","41","unavailable","unavailable","unavailable"
"yune","track-b-product","jyut6ping3_mobile","session_create_select_destroy","","30","13","translator_install","782","unavailable","unavailable","unavailable"
"yune","track-b-product","jyut6ping3_mobile","session_create_select_destroy","","30","14","schema_config_load","44","unavailable","unavailable","unavailable"
"yune","track-b-product","jyut6ping3_mobile","session_create_select_destroy","","30","15","filter_install","28077","unavailable","unavailable","unavailable"
"yune","track-b-product","jyut6ping3_mobile","session_create_select_destroy","","30","16","userdb_open_or_sync","27","unavailable","unavailable","unavailable"
"yune","track-b-product","jyut6ping3_mobile","session_create_select_destroy","","30","17","schema_select","30729","unavailable","unavailable","unavailable"
"yune","track-b-product","jyut6ping3_mobile","session_create_select_destroy","","30","18","session_destroy","719","unavailable","unavailable","unavailable"
"yune","track-b-product","jyut6ping3_mobile","session_create_select_destroy","","31","0","schema_config_load","15","unavailable","unavailable","unavailable"
"yune","track-b-product","jyut6ping3_mobile","session_create_select_destroy","","31","1","schema_switch_options","0","unavailable","unavailable","unavailable"
"yune","track-b-product","jyut6ping3_mobile","session_create_select_destroy","","31","2","processor_install","157","unavailable","unavailable","unavailable"
"yune","track-b-product","jyut6ping3_mobile","session_create_select_destroy","","31","3","schema_config_load","15","unavailable","unavailable","unavailable"
"yune","track-b-product","jyut6ping3_mobile","session_create_select_destroy","","31","4","translator_install","16","unavailable","unavailable","unavailable"
"yune","track-b-product","jyut6ping3_mobile","session_create_select_destroy","","31","5","schema_config_load","13","unavailable","unavailable","unavailable"
"yune","track-b-product","jyut6ping3_mobile","session_create_select_destroy","","31","6","filter_install","14","unavailable","unavailable","unavailable"
"yune","track-b-product","jyut6ping3_mobile","session_create_select_destroy","","31","7","userdb_open_or_sync","0","unavailable","unavailable","unavailable"
"yune","track-b-product","jyut6ping3_mobile","session_create_select_destroy","","31","8","session_create","336","unavailable","unavailable","unavailable"
"yune","track-b-product","jyut6ping3_mobile","session_create_select_destroy","","31","9","schema_config_load","68","unavailable","unavailable","unavailable"
"yune","track-b-product","jyut6ping3_mobile","session_create_select_destroy","","31","10","schema_switch_options","2","unavailable","unavailable","unavailable"
"yune","track-b-product","jyut6ping3_mobile","session_create_select_destroy","","31","11","processor_install","945","unavailable","unavailable","unavailable"
"yune","track-b-product","jyut6ping3_mobile","session_create_select_destroy","","31","12","schema_config_load","41","unavailable","unavailable","unavailable"
"yune","track-b-product","jyut6ping3_mobile","session_create_select_destroy","","31","13","translator_install","780","unavailable","unavailable","unavailable"
"yune","track-b-product","jyut6ping3_mobile","session_create_select_destroy","","31","14","schema_config_load","45","unavailable","unavailable","unavailable"
"yune","track-b-product","jyut6ping3_mobile","session_create_select_destroy","","31","15","filter_install","27200","unavailable","unavailable","unavailable"
"yune","track-b-product","jyut6ping3_mobile","session_create_select_destroy","","31","16","userdb_open_or_sync","20","unavailable","unavailable","unavailable"
"yune","track-b-product","jyut6ping3_mobile","session_create_select_destroy","","31","17","schema_select","29907","unavailable","unavailable","unavailable"
"yune","track-b-product","jyut6ping3_mobile","session_create_select_destroy","","31","18","session_destroy","734","unavailable","unavailable","unavailable"
"yune","track-b-product","jyut6ping3_mobile","session_create_select_destroy","","32","0","schema_config_load","14","unavailable","unavailable","unavailable"
"yune","track-b-product","jyut6ping3_mobile","session_create_select_destroy","","32","1","schema_switch_options","0","unavailable","unavailable","unavailable"
"yune","track-b-product","jyut6ping3_mobile","session_create_select_destroy","","32","2","processor_install","160","unavailable","unavailable","unavailable"
"yune","track-b-product","jyut6ping3_mobile","session_create_select_destroy","","32","3","schema_config_load","12","unavailable","unavailable","unavailable"
"yune","track-b-product","jyut6ping3_mobile","session_create_select_destroy","","32","4","translator_install","13","unavailable","unavailable","unavailable"
"yune","track-b-product","jyut6ping3_mobile","session_create_select_destroy","","32","5","schema_config_load","14","unavailable","unavailable","unavailable"
"yune","track-b-product","jyut6ping3_mobile","session_create_select_destroy","","32","6","filter_install","15","unavailable","unavailable","unavailable"
"yune","track-b-product","jyut6ping3_mobile","session_create_select_destroy","","32","7","userdb_open_or_sync","0","unavailable","unavailable","unavailable"
"yune","track-b-product","jyut6ping3_mobile","session_create_select_destroy","","32","8","session_create","326","unavailable","unavailable","unavailable"
"yune","track-b-product","jyut6ping3_mobile","session_create_select_destroy","","32","9","schema_config_load","67","unavailable","unavailable","unavailable"
"yune","track-b-product","jyut6ping3_mobile","session_create_select_destroy","","32","10","schema_switch_options","2","unavailable","unavailable","unavailable"
"yune","track-b-product","jyut6ping3_mobile","session_create_select_destroy","","32","11","processor_install","899","unavailable","unavailable","unavailable"
"yune","track-b-product","jyut6ping3_mobile","session_create_select_destroy","","32","12","schema_config_load","42","unavailable","unavailable","unavailable"
"yune","track-b-product","jyut6ping3_mobile","session_create_select_destroy","","32","13","translator_install","778","unavailable","unavailable","unavailable"
"yune","track-b-product","jyut6ping3_mobile","session_create_select_destroy","","32","14","schema_config_load","44","unavailable","unavailable","unavailable"
"yune","track-b-product","jyut6ping3_mobile","session_create_select_destroy","","32","15","filter_install","27284","unavailable","unavailable","unavailable"
"yune","track-b-product","jyut6ping3_mobile","session_create_select_destroy","","32","16","userdb_open_or_sync","25","unavailable","unavailable","unavailable"
"yune","track-b-product","jyut6ping3_mobile","session_create_select_destroy","","32","17","schema_select","29975","unavailable","unavailable","unavailable"
"yune","track-b-product","jyut6ping3_mobile","session_create_select_destroy","","32","18","session_destroy","766","unavailable","unavailable","unavailable"
"yune","track-b-product","jyut6ping3_mobile","session_create_select_destroy","","33","0","schema_config_load","14","unavailable","unavailable","unavailable"
"yune","track-b-product","jyut6ping3_mobile","session_create_select_destroy","","33","1","schema_switch_options","0","unavailable","unavailable","unavailable"
"yune","track-b-product","jyut6ping3_mobile","session_create_select_destroy","","33","2","processor_install","143","unavailable","unavailable","unavailable"
"yune","track-b-product","jyut6ping3_mobile","session_create_select_destroy","","33","3","schema_config_load","14","unavailable","unavailable","unavailable"
"yune","track-b-product","jyut6ping3_mobile","session_create_select_destroy","","33","4","translator_install","14","unavailable","unavailable","unavailable"
"yune","track-b-product","jyut6ping3_mobile","session_create_select_destroy","","33","5","schema_config_load","15","unavailable","unavailable","unavailable"
"yune","track-b-product","jyut6ping3_mobile","session_create_select_destroy","","33","6","filter_install","16","unavailable","unavailable","unavailable"
"yune","track-b-product","jyut6ping3_mobile","session_create_select_destroy","","33","7","userdb_open_or_sync","0","unavailable","unavailable","unavailable"
"yune","track-b-product","jyut6ping3_mobile","session_create_select_destroy","","33","8","session_create","321","unavailable","unavailable","unavailable"
"yune","track-b-product","jyut6ping3_mobile","session_create_select_destroy","","33","9","schema_config_load","69","unavailable","unavailable","unavailable"
"yune","track-b-product","jyut6ping3_mobile","session_create_select_destroy","","33","10","schema_switch_options","2","unavailable","unavailable","unavailable"
"yune","track-b-product","jyut6ping3_mobile","session_create_select_destroy","","33","11","processor_install","891","unavailable","unavailable","unavailable"
"yune","track-b-product","jyut6ping3_mobile","session_create_select_destroy","","33","12","schema_config_load","72","unavailable","unavailable","unavailable"
"yune","track-b-product","jyut6ping3_mobile","session_create_select_destroy","","33","13","translator_install","798","unavailable","unavailable","unavailable"
"yune","track-b-product","jyut6ping3_mobile","session_create_select_destroy","","33","14","schema_config_load","44","unavailable","unavailable","unavailable"
"yune","track-b-product","jyut6ping3_mobile","session_create_select_destroy","","33","15","filter_install","27070","unavailable","unavailable","unavailable"
"yune","track-b-product","jyut6ping3_mobile","session_create_select_destroy","","33","16","userdb_open_or_sync","21","unavailable","unavailable","unavailable"
"yune","track-b-product","jyut6ping3_mobile","session_create_select_destroy","","33","17","schema_select","29731","unavailable","unavailable","unavailable"
"yune","track-b-product","jyut6ping3_mobile","session_create_select_destroy","","33","18","session_destroy","738","unavailable","unavailable","unavailable"
"yune","track-b-product","jyut6ping3_mobile","session_create_select_destroy","","34","0","schema_config_load","14","unavailable","unavailable","unavailable"
"yune","track-b-product","jyut6ping3_mobile","session_create_select_destroy","","34","1","schema_switch_options","0","unavailable","unavailable","unavailable"
"yune","track-b-product","jyut6ping3_mobile","session_create_select_destroy","","34","2","processor_install","157","unavailable","unavailable","unavailable"
"yune","track-b-product","jyut6ping3_mobile","session_create_select_destroy","","34","3","schema_config_load","13","unavailable","unavailable","unavailable"
"yune","track-b-product","jyut6ping3_mobile","session_create_select_destroy","","34","4","translator_install","13","unavailable","unavailable","unavailable"
"yune","track-b-product","jyut6ping3_mobile","session_create_select_destroy","","34","5","schema_config_load","14","unavailable","unavailable","unavailable"
"yune","track-b-product","jyut6ping3_mobile","session_create_select_destroy","","34","6","filter_install","15","unavailable","unavailable","unavailable"
"yune","track-b-product","jyut6ping3_mobile","session_create_select_destroy","","34","7","userdb_open_or_sync","0","unavailable","unavailable","unavailable"
"yune","track-b-product","jyut6ping3_mobile","session_create_select_destroy","","34","8","session_create","353","unavailable","unavailable","unavailable"
"yune","track-b-product","jyut6ping3_mobile","session_create_select_destroy","","34","9","schema_config_load","69","unavailable","unavailable","unavailable"
"yune","track-b-product","jyut6ping3_mobile","session_create_select_destroy","","34","10","schema_switch_options","1","unavailable","unavailable","unavailable"
"yune","track-b-product","jyut6ping3_mobile","session_create_select_destroy","","34","11","processor_install","894","unavailable","unavailable","unavailable"
"yune","track-b-product","jyut6ping3_mobile","session_create_select_destroy","","34","12","schema_config_load","42","unavailable","unavailable","unavailable"
"yune","track-b-product","jyut6ping3_mobile","session_create_select_destroy","","34","13","translator_install","771","unavailable","unavailable","unavailable"
"yune","track-b-product","jyut6ping3_mobile","session_create_select_destroy","","34","14","schema_config_load","43","unavailable","unavailable","unavailable"
"yune","track-b-product","jyut6ping3_mobile","session_create_select_destroy","","34","15","filter_install","27016","unavailable","unavailable","unavailable"
"yune","track-b-product","jyut6ping3_mobile","session_create_select_destroy","","34","16","userdb_open_or_sync","22","unavailable","unavailable","unavailable"
"yune","track-b-product","jyut6ping3_mobile","session_create_select_destroy","","34","17","schema_select","29646","unavailable","unavailable","unavailable"
"yune","track-b-product","jyut6ping3_mobile","session_create_select_destroy","","34","18","session_destroy","1021","unavailable","unavailable","unavailable"
"yune","track-b-product","jyut6ping3_mobile","session_create_select_destroy","","35","0","schema_config_load","14","unavailable","unavailable","unavailable"
"yune","track-b-product","jyut6ping3_mobile","session_create_select_destroy","","35","1","schema_switch_options","0","unavailable","unavailable","unavailable"
"yune","track-b-product","jyut6ping3_mobile","session_create_select_destroy","","35","2","processor_install","144","unavailable","unavailable","unavailable"
"yune","track-b-product","jyut6ping3_mobile","session_create_select_destroy","","35","3","schema_config_load","13","unavailable","unavailable","unavailable"
"yune","track-b-product","jyut6ping3_mobile","session_create_select_destroy","","35","4","translator_install","13","unavailable","unavailable","unavailable"
"yune","track-b-product","jyut6ping3_mobile","session_create_select_destroy","","35","5","schema_config_load","14","unavailable","unavailable","unavailable"
"yune","track-b-product","jyut6ping3_mobile","session_create_select_destroy","","35","6","filter_install","14","unavailable","unavailable","unavailable"
"yune","track-b-product","jyut6ping3_mobile","session_create_select_destroy","","35","7","userdb_open_or_sync","0","unavailable","unavailable","unavailable"
"yune","track-b-product","jyut6ping3_mobile","session_create_select_destroy","","35","8","session_create","347","unavailable","unavailable","unavailable"
"yune","track-b-product","jyut6ping3_mobile","session_create_select_destroy","","35","9","schema_config_load","68","unavailable","unavailable","unavailable"
"yune","track-b-product","jyut6ping3_mobile","session_create_select_destroy","","35","10","schema_switch_options","1","unavailable","unavailable","unavailable"
"yune","track-b-product","jyut6ping3_mobile","session_create_select_destroy","","35","11","processor_install","903","unavailable","unavailable","unavailable"
"yune","track-b-product","jyut6ping3_mobile","session_create_select_destroy","","35","12","schema_config_load","41","unavailable","unavailable","unavailable"
"yune","track-b-product","jyut6ping3_mobile","session_create_select_destroy","","35","13","translator_install","793","unavailable","unavailable","unavailable"
"yune","track-b-product","jyut6ping3_mobile","session_create_select_destroy","","35","14","schema_config_load","43","unavailable","unavailable","unavailable"
"yune","track-b-product","jyut6ping3_mobile","session_create_select_destroy","","35","15","filter_install","27420","unavailable","unavailable","unavailable"
"yune","track-b-product","jyut6ping3_mobile","session_create_select_destroy","","35","16","userdb_open_or_sync","22","unavailable","unavailable","unavailable"
"yune","track-b-product","jyut6ping3_mobile","session_create_select_destroy","","35","17","schema_select","30112","unavailable","unavailable","unavailable"
"yune","track-b-product","jyut6ping3_mobile","session_create_select_destroy","","35","18","session_destroy","869","unavailable","unavailable","unavailable"
"yune","track-b-product","jyut6ping3_mobile","session_create_select_destroy","","36","0","schema_config_load","13","unavailable","unavailable","unavailable"
"yune","track-b-product","jyut6ping3_mobile","session_create_select_destroy","","36","1","schema_switch_options","0","unavailable","unavailable","unavailable"
"yune","track-b-product","jyut6ping3_mobile","session_create_select_destroy","","36","2","processor_install","137","unavailable","unavailable","unavailable"
"yune","track-b-product","jyut6ping3_mobile","session_create_select_destroy","","36","3","schema_config_load","13","unavailable","unavailable","unavailable"
"yune","track-b-product","jyut6ping3_mobile","session_create_select_destroy","","36","4","translator_install","13","unavailable","unavailable","unavailable"
"yune","track-b-product","jyut6ping3_mobile","session_create_select_destroy","","36","5","schema_config_load","29","unavailable","unavailable","unavailable"
"yune","track-b-product","jyut6ping3_mobile","session_create_select_destroy","","36","6","filter_install","29","unavailable","unavailable","unavailable"
"yune","track-b-product","jyut6ping3_mobile","session_create_select_destroy","","36","7","userdb_open_or_sync","0","unavailable","unavailable","unavailable"
"yune","track-b-product","jyut6ping3_mobile","session_create_select_destroy","","36","8","session_create","316","unavailable","unavailable","unavailable"
"yune","track-b-product","jyut6ping3_mobile","session_create_select_destroy","","36","9","schema_config_load","58","unavailable","unavailable","unavailable"
"yune","track-b-product","jyut6ping3_mobile","session_create_select_destroy","","36","10","schema_switch_options","1","unavailable","unavailable","unavailable"
"yune","track-b-product","jyut6ping3_mobile","session_create_select_destroy","","36","11","processor_install","878","unavailable","unavailable","unavailable"
"yune","track-b-product","jyut6ping3_mobile","session_create_select_destroy","","36","12","schema_config_load","40","unavailable","unavailable","unavailable"
"yune","track-b-product","jyut6ping3_mobile","session_create_select_destroy","","36","13","translator_install","765","unavailable","unavailable","unavailable"
"yune","track-b-product","jyut6ping3_mobile","session_create_select_destroy","","36","14","schema_config_load","43","unavailable","unavailable","unavailable"
"yune","track-b-product","jyut6ping3_mobile","session_create_select_destroy","","36","15","filter_install","27511","unavailable","unavailable","unavailable"
"yune","track-b-product","jyut6ping3_mobile","session_create_select_destroy","","36","16","userdb_open_or_sync","33","unavailable","unavailable","unavailable"
"yune","track-b-product","jyut6ping3_mobile","session_create_select_destroy","","36","17","schema_select","30105","unavailable","unavailable","unavailable"
"yune","track-b-product","jyut6ping3_mobile","session_create_select_destroy","","36","18","session_destroy","859","unavailable","unavailable","unavailable"
"yune","track-b-product","jyut6ping3_mobile","session_create_select_destroy","","37","0","schema_config_load","18","unavailable","unavailable","unavailable"
"yune","track-b-product","jyut6ping3_mobile","session_create_select_destroy","","37","1","schema_switch_options","0","unavailable","unavailable","unavailable"
"yune","track-b-product","jyut6ping3_mobile","session_create_select_destroy","","37","2","processor_install","138","unavailable","unavailable","unavailable"
"yune","track-b-product","jyut6ping3_mobile","session_create_select_destroy","","37","3","schema_config_load","13","unavailable","unavailable","unavailable"
"yune","track-b-product","jyut6ping3_mobile","session_create_select_destroy","","37","4","translator_install","13","unavailable","unavailable","unavailable"
"yune","track-b-product","jyut6ping3_mobile","session_create_select_destroy","","37","5","schema_config_load","13","unavailable","unavailable","unavailable"
"yune","track-b-product","jyut6ping3_mobile","session_create_select_destroy","","37","6","filter_install","14","unavailable","unavailable","unavailable"
"yune","track-b-product","jyut6ping3_mobile","session_create_select_destroy","","37","7","userdb_open_or_sync","0","unavailable","unavailable","unavailable"
"yune","track-b-product","jyut6ping3_mobile","session_create_select_destroy","","37","8","session_create","329","unavailable","unavailable","unavailable"
"yune","track-b-product","jyut6ping3_mobile","session_create_select_destroy","","37","9","schema_config_load","73","unavailable","unavailable","unavailable"
"yune","track-b-product","jyut6ping3_mobile","session_create_select_destroy","","37","10","schema_switch_options","1","unavailable","unavailable","unavailable"
"yune","track-b-product","jyut6ping3_mobile","session_create_select_destroy","","37","11","processor_install","895","unavailable","unavailable","unavailable"
"yune","track-b-product","jyut6ping3_mobile","session_create_select_destroy","","37","12","schema_config_load","42","unavailable","unavailable","unavailable"
"yune","track-b-product","jyut6ping3_mobile","session_create_select_destroy","","37","13","translator_install","792","unavailable","unavailable","unavailable"
"yune","track-b-product","jyut6ping3_mobile","session_create_select_destroy","","37","14","schema_config_load","43","unavailable","unavailable","unavailable"
"yune","track-b-product","jyut6ping3_mobile","session_create_select_destroy","","37","15","filter_install","27523","unavailable","unavailable","unavailable"
"yune","track-b-product","jyut6ping3_mobile","session_create_select_destroy","","37","16","userdb_open_or_sync","25","unavailable","unavailable","unavailable"
"yune","track-b-product","jyut6ping3_mobile","session_create_select_destroy","","37","17","schema_select","30221","unavailable","unavailable","unavailable"
"yune","track-b-product","jyut6ping3_mobile","session_create_select_destroy","","37","18","session_destroy","905","unavailable","unavailable","unavailable"
"yune","track-b-product","jyut6ping3_mobile","session_create_select_destroy","","38","0","schema_config_load","15","unavailable","unavailable","unavailable"
"yune","track-b-product","jyut6ping3_mobile","session_create_select_destroy","","38","1","schema_switch_options","0","unavailable","unavailable","unavailable"
"yune","track-b-product","jyut6ping3_mobile","session_create_select_destroy","","38","2","processor_install","145","unavailable","unavailable","unavailable"
"yune","track-b-product","jyut6ping3_mobile","session_create_select_destroy","","38","3","schema_config_load","13","unavailable","unavailable","unavailable"
"yune","track-b-product","jyut6ping3_mobile","session_create_select_destroy","","38","4","translator_install","13","unavailable","unavailable","unavailable"
"yune","track-b-product","jyut6ping3_mobile","session_create_select_destroy","","38","5","schema_config_load","21","unavailable","unavailable","unavailable"
"yune","track-b-product","jyut6ping3_mobile","session_create_select_destroy","","38","6","filter_install","22","unavailable","unavailable","unavailable"
"yune","track-b-product","jyut6ping3_mobile","session_create_select_destroy","","38","7","userdb_open_or_sync","0","unavailable","unavailable","unavailable"
"yune","track-b-product","jyut6ping3_mobile","session_create_select_destroy","","38","8","session_create","351","unavailable","unavailable","unavailable"
"yune","track-b-product","jyut6ping3_mobile","session_create_select_destroy","","38","9","schema_config_load","73","unavailable","unavailable","unavailable"
"yune","track-b-product","jyut6ping3_mobile","session_create_select_destroy","","38","10","schema_switch_options","1","unavailable","unavailable","unavailable"
"yune","track-b-product","jyut6ping3_mobile","session_create_select_destroy","","38","11","processor_install","894","unavailable","unavailable","unavailable"
"yune","track-b-product","jyut6ping3_mobile","session_create_select_destroy","","38","12","schema_config_load","41","unavailable","unavailable","unavailable"
"yune","track-b-product","jyut6ping3_mobile","session_create_select_destroy","","38","13","translator_install","839","unavailable","unavailable","unavailable"
"yune","track-b-product","jyut6ping3_mobile","session_create_select_destroy","","38","14","schema_config_load","44","unavailable","unavailable","unavailable"
"yune","track-b-product","jyut6ping3_mobile","session_create_select_destroy","","38","15","filter_install","27850","unavailable","unavailable","unavailable"
"yune","track-b-product","jyut6ping3_mobile","session_create_select_destroy","","38","16","userdb_open_or_sync","22","unavailable","unavailable","unavailable"
"yune","track-b-product","jyut6ping3_mobile","session_create_select_destroy","","38","17","schema_select","30562","unavailable","unavailable","unavailable"
"yune","track-b-product","jyut6ping3_mobile","session_create_select_destroy","","38","18","session_destroy","907","unavailable","unavailable","unavailable"
"yune","track-b-product","jyut6ping3_mobile","session_create_select_destroy","","39","0","schema_config_load","14","unavailable","unavailable","unavailable"
"yune","track-b-product","jyut6ping3_mobile","session_create_select_destroy","","39","1","schema_switch_options","0","unavailable","unavailable","unavailable"
"yune","track-b-product","jyut6ping3_mobile","session_create_select_destroy","","39","2","processor_install","157","unavailable","unavailable","unavailable"
"yune","track-b-product","jyut6ping3_mobile","session_create_select_destroy","","39","3","schema_config_load","14","unavailable","unavailable","unavailable"
"yune","track-b-product","jyut6ping3_mobile","session_create_select_destroy","","39","4","translator_install","14","unavailable","unavailable","unavailable"
"yune","track-b-product","jyut6ping3_mobile","session_create_select_destroy","","39","5","schema_config_load","13","unavailable","unavailable","unavailable"
"yune","track-b-product","jyut6ping3_mobile","session_create_select_destroy","","39","6","filter_install","14","unavailable","unavailable","unavailable"
"yune","track-b-product","jyut6ping3_mobile","session_create_select_destroy","","39","7","userdb_open_or_sync","0","unavailable","unavailable","unavailable"
"yune","track-b-product","jyut6ping3_mobile","session_create_select_destroy","","39","8","session_create","332","unavailable","unavailable","unavailable"
"yune","track-b-product","jyut6ping3_mobile","session_create_select_destroy","","39","9","schema_config_load","77","unavailable","unavailable","unavailable"
"yune","track-b-product","jyut6ping3_mobile","session_create_select_destroy","","39","10","schema_switch_options","1","unavailable","unavailable","unavailable"
"yune","track-b-product","jyut6ping3_mobile","session_create_select_destroy","","39","11","processor_install","894","unavailable","unavailable","unavailable"
"yune","track-b-product","jyut6ping3_mobile","session_create_select_destroy","","39","12","schema_config_load","40","unavailable","unavailable","unavailable"
"yune","track-b-product","jyut6ping3_mobile","session_create_select_destroy","","39","13","translator_install","800","unavailable","unavailable","unavailable"
"yune","track-b-product","jyut6ping3_mobile","session_create_select_destroy","","39","14","schema_config_load","44","unavailable","unavailable","unavailable"
"yune","track-b-product","jyut6ping3_mobile","session_create_select_destroy","","39","15","filter_install","28305","unavailable","unavailable","unavailable"
"yune","track-b-product","jyut6ping3_mobile","session_create_select_destroy","","39","16","userdb_open_or_sync","22","unavailable","unavailable","unavailable"
"yune","track-b-product","jyut6ping3_mobile","session_create_select_destroy","","39","17","schema_select","30989","unavailable","unavailable","unavailable"
"yune","track-b-product","jyut6ping3_mobile","session_create_select_destroy","","39","18","session_destroy","871","unavailable","unavailable","unavailable"
"yune","track-b-product","jyut6ping3_mobile","session_create_select_destroy","","40","0","schema_config_load","14","unavailable","unavailable","unavailable"
"yune","track-b-product","jyut6ping3_mobile","session_create_select_destroy","","40","1","schema_switch_options","0","unavailable","unavailable","unavailable"
"yune","track-b-product","jyut6ping3_mobile","session_create_select_destroy","","40","2","processor_install","138","unavailable","unavailable","unavailable"
"yune","track-b-product","jyut6ping3_mobile","session_create_select_destroy","","40","3","schema_config_load","13","unavailable","unavailable","unavailable"
"yune","track-b-product","jyut6ping3_mobile","session_create_select_destroy","","40","4","translator_install","13","unavailable","unavailable","unavailable"
"yune","track-b-product","jyut6ping3_mobile","session_create_select_destroy","","40","5","schema_config_load","13","unavailable","unavailable","unavailable"
"yune","track-b-product","jyut6ping3_mobile","session_create_select_destroy","","40","6","filter_install","14","unavailable","unavailable","unavailable"
"yune","track-b-product","jyut6ping3_mobile","session_create_select_destroy","","40","7","userdb_open_or_sync","0","unavailable","unavailable","unavailable"
"yune","track-b-product","jyut6ping3_mobile","session_create_select_destroy","","40","8","session_create","319","unavailable","unavailable","unavailable"
"yune","track-b-product","jyut6ping3_mobile","session_create_select_destroy","","40","9","schema_config_load","69","unavailable","unavailable","unavailable"
"yune","track-b-product","jyut6ping3_mobile","session_create_select_destroy","","40","10","schema_switch_options","2","unavailable","unavailable","unavailable"
"yune","track-b-product","jyut6ping3_mobile","session_create_select_destroy","","40","11","processor_install","893","unavailable","unavailable","unavailable"
"yune","track-b-product","jyut6ping3_mobile","session_create_select_destroy","","40","12","schema_config_load","41","unavailable","unavailable","unavailable"
"yune","track-b-product","jyut6ping3_mobile","session_create_select_destroy","","40","13","translator_install","769","unavailable","unavailable","unavailable"
"yune","track-b-product","jyut6ping3_mobile","session_create_select_destroy","","40","14","schema_config_load","44","unavailable","unavailable","unavailable"
"yune","track-b-product","jyut6ping3_mobile","session_create_select_destroy","","40","15","filter_install","27888","unavailable","unavailable","unavailable"
"yune","track-b-product","jyut6ping3_mobile","session_create_select_destroy","","40","16","userdb_open_or_sync","21","unavailable","unavailable","unavailable"
"yune","track-b-product","jyut6ping3_mobile","session_create_select_destroy","","40","17","schema_select","30510","unavailable","unavailable","unavailable"
"yune","track-b-product","jyut6ping3_mobile","session_create_select_destroy","","40","18","session_destroy","859","unavailable","unavailable","unavailable"
"yune","track-b-product","jyut6ping3_mobile","session_create_select_destroy","","41","0","schema_config_load","18","unavailable","unavailable","unavailable"
"yune","track-b-product","jyut6ping3_mobile","session_create_select_destroy","","41","1","schema_switch_options","0","unavailable","unavailable","unavailable"
"yune","track-b-product","jyut6ping3_mobile","session_create_select_destroy","","41","2","processor_install","144","unavailable","unavailable","unavailable"
"yune","track-b-product","jyut6ping3_mobile","session_create_select_destroy","","41","3","schema_config_load","13","unavailable","unavailable","unavailable"
"yune","track-b-product","jyut6ping3_mobile","session_create_select_destroy","","41","4","translator_install","13","unavailable","unavailable","unavailable"
"yune","track-b-product","jyut6ping3_mobile","session_create_select_destroy","","41","5","schema_config_load","13","unavailable","unavailable","unavailable"
"yune","track-b-product","jyut6ping3_mobile","session_create_select_destroy","","41","6","filter_install","14","unavailable","unavailable","unavailable"
"yune","track-b-product","jyut6ping3_mobile","session_create_select_destroy","","41","7","userdb_open_or_sync","0","unavailable","unavailable","unavailable"
"yune","track-b-product","jyut6ping3_mobile","session_create_select_destroy","","41","8","session_create","334","unavailable","unavailable","unavailable"
"yune","track-b-product","jyut6ping3_mobile","session_create_select_destroy","","41","9","schema_config_load","66","unavailable","unavailable","unavailable"
"yune","track-b-product","jyut6ping3_mobile","session_create_select_destroy","","41","10","schema_switch_options","2","unavailable","unavailable","unavailable"
"yune","track-b-product","jyut6ping3_mobile","session_create_select_destroy","","41","11","processor_install","867","unavailable","unavailable","unavailable"
"yune","track-b-product","jyut6ping3_mobile","session_create_select_destroy","","41","12","schema_config_load","41","unavailable","unavailable","unavailable"
"yune","track-b-product","jyut6ping3_mobile","session_create_select_destroy","","41","13","translator_install","818","unavailable","unavailable","unavailable"
"yune","track-b-product","jyut6ping3_mobile","session_create_select_destroy","","41","14","schema_config_load","43","unavailable","unavailable","unavailable"
"yune","track-b-product","jyut6ping3_mobile","session_create_select_destroy","","41","15","filter_install","28716","unavailable","unavailable","unavailable"
"yune","track-b-product","jyut6ping3_mobile","session_create_select_destroy","","41","16","userdb_open_or_sync","36","unavailable","unavailable","unavailable"
"yune","track-b-product","jyut6ping3_mobile","session_create_select_destroy","","41","17","schema_select","31396","unavailable","unavailable","unavailable"
"yune","track-b-product","jyut6ping3_mobile","session_create_select_destroy","","41","18","session_destroy","893","unavailable","unavailable","unavailable"
"yune","track-b-product","jyut6ping3_mobile","session_create_select_destroy","","42","0","schema_config_load","14","unavailable","unavailable","unavailable"
"yune","track-b-product","jyut6ping3_mobile","session_create_select_destroy","","42","1","schema_switch_options","0","unavailable","unavailable","unavailable"
"yune","track-b-product","jyut6ping3_mobile","session_create_select_destroy","","42","2","processor_install","143","unavailable","unavailable","unavailable"
"yune","track-b-product","jyut6ping3_mobile","session_create_select_destroy","","42","3","schema_config_load","14","unavailable","unavailable","unavailable"
"yune","track-b-product","jyut6ping3_mobile","session_create_select_destroy","","42","4","translator_install","14","unavailable","unavailable","unavailable"
"yune","track-b-product","jyut6ping3_mobile","session_create_select_destroy","","42","5","schema_config_load","13","unavailable","unavailable","unavailable"
"yune","track-b-product","jyut6ping3_mobile","session_create_select_destroy","","42","6","filter_install","14","unavailable","unavailable","unavailable"
"yune","track-b-product","jyut6ping3_mobile","session_create_select_destroy","","42","7","userdb_open_or_sync","0","unavailable","unavailable","unavailable"
"yune","track-b-product","jyut6ping3_mobile","session_create_select_destroy","","42","8","session_create","329","unavailable","unavailable","unavailable"
"yune","track-b-product","jyut6ping3_mobile","session_create_select_destroy","","42","9","schema_config_load","67","unavailable","unavailable","unavailable"
"yune","track-b-product","jyut6ping3_mobile","session_create_select_destroy","","42","10","schema_switch_options","2","unavailable","unavailable","unavailable"
"yune","track-b-product","jyut6ping3_mobile","session_create_select_destroy","","42","11","processor_install","891","unavailable","unavailable","unavailable"
"yune","track-b-product","jyut6ping3_mobile","session_create_select_destroy","","42","12","schema_config_load","41","unavailable","unavailable","unavailable"
"yune","track-b-product","jyut6ping3_mobile","session_create_select_destroy","","42","13","translator_install","793","unavailable","unavailable","unavailable"
"yune","track-b-product","jyut6ping3_mobile","session_create_select_destroy","","42","14","schema_config_load","44","unavailable","unavailable","unavailable"
"yune","track-b-product","jyut6ping3_mobile","session_create_select_destroy","","42","15","filter_install","27338","unavailable","unavailable","unavailable"
"yune","track-b-product","jyut6ping3_mobile","session_create_select_destroy","","42","16","userdb_open_or_sync","27","unavailable","unavailable","unavailable"
"yune","track-b-product","jyut6ping3_mobile","session_create_select_destroy","","42","17","schema_select","30021","unavailable","unavailable","unavailable"
"yune","track-b-product","jyut6ping3_mobile","session_create_select_destroy","","42","18","session_destroy","949","unavailable","unavailable","unavailable"
"yune","track-b-product","jyut6ping3_mobile","session_create_select_destroy","","43","0","schema_config_load","14","unavailable","unavailable","unavailable"
"yune","track-b-product","jyut6ping3_mobile","session_create_select_destroy","","43","1","schema_switch_options","0","unavailable","unavailable","unavailable"
"yune","track-b-product","jyut6ping3_mobile","session_create_select_destroy","","43","2","processor_install","155","unavailable","unavailable","unavailable"
"yune","track-b-product","jyut6ping3_mobile","session_create_select_destroy","","43","3","schema_config_load","13","unavailable","unavailable","unavailable"
"yune","track-b-product","jyut6ping3_mobile","session_create_select_destroy","","43","4","translator_install","13","unavailable","unavailable","unavailable"
"yune","track-b-product","jyut6ping3_mobile","session_create_select_destroy","","43","5","schema_config_load","32","unavailable","unavailable","unavailable"
"yune","track-b-product","jyut6ping3_mobile","session_create_select_destroy","","43","6","filter_install","33","unavailable","unavailable","unavailable"
"yune","track-b-product","jyut6ping3_mobile","session_create_select_destroy","","43","7","userdb_open_or_sync","0","unavailable","unavailable","unavailable"
"yune","track-b-product","jyut6ping3_mobile","session_create_select_destroy","","43","8","session_create","356","unavailable","unavailable","unavailable"
"yune","track-b-product","jyut6ping3_mobile","session_create_select_destroy","","43","9","schema_config_load","77","unavailable","unavailable","unavailable"
"yune","track-b-product","jyut6ping3_mobile","session_create_select_destroy","","43","10","schema_switch_options","2","unavailable","unavailable","unavailable"
"yune","track-b-product","jyut6ping3_mobile","session_create_select_destroy","","43","11","processor_install","917","unavailable","unavailable","unavailable"
"yune","track-b-product","jyut6ping3_mobile","session_create_select_destroy","","43","12","schema_config_load","41","unavailable","unavailable","unavailable"
"yune","track-b-product","jyut6ping3_mobile","session_create_select_destroy","","43","13","translator_install","783","unavailable","unavailable","unavailable"
"yune","track-b-product","jyut6ping3_mobile","session_create_select_destroy","","43","14","schema_config_load","45","unavailable","unavailable","unavailable"
"yune","track-b-product","jyut6ping3_mobile","session_create_select_destroy","","43","15","filter_install","27525","unavailable","unavailable","unavailable"
"yune","track-b-product","jyut6ping3_mobile","session_create_select_destroy","","43","16","userdb_open_or_sync","22","unavailable","unavailable","unavailable"
"yune","track-b-product","jyut6ping3_mobile","session_create_select_destroy","","43","17","schema_select","30206","unavailable","unavailable","unavailable"
"yune","track-b-product","jyut6ping3_mobile","session_create_select_destroy","","43","18","session_destroy","929","unavailable","unavailable","unavailable"
"yune","track-b-product","jyut6ping3_mobile","session_create_select_destroy","","44","0","schema_config_load","15","unavailable","unavailable","unavailable"
"yune","track-b-product","jyut6ping3_mobile","session_create_select_destroy","","44","1","schema_switch_options","0","unavailable","unavailable","unavailable"
"yune","track-b-product","jyut6ping3_mobile","session_create_select_destroy","","44","2","processor_install","165","unavailable","unavailable","unavailable"
"yune","track-b-product","jyut6ping3_mobile","session_create_select_destroy","","44","3","schema_config_load","12","unavailable","unavailable","unavailable"
"yune","track-b-product","jyut6ping3_mobile","session_create_select_destroy","","44","4","translator_install","13","unavailable","unavailable","unavailable"
"yune","track-b-product","jyut6ping3_mobile","session_create_select_destroy","","44","5","schema_config_load","13","unavailable","unavailable","unavailable"
"yune","track-b-product","jyut6ping3_mobile","session_create_select_destroy","","44","6","filter_install","14","unavailable","unavailable","unavailable"
"yune","track-b-product","jyut6ping3_mobile","session_create_select_destroy","","44","7","userdb_open_or_sync","0","unavailable","unavailable","unavailable"
"yune","track-b-product","jyut6ping3_mobile","session_create_select_destroy","","44","8","session_create","344","unavailable","unavailable","unavailable"
"yune","track-b-product","jyut6ping3_mobile","session_create_select_destroy","","44","9","schema_config_load","76","unavailable","unavailable","unavailable"
"yune","track-b-product","jyut6ping3_mobile","session_create_select_destroy","","44","10","schema_switch_options","1","unavailable","unavailable","unavailable"
"yune","track-b-product","jyut6ping3_mobile","session_create_select_destroy","","44","11","processor_install","908","unavailable","unavailable","unavailable"
"yune","track-b-product","jyut6ping3_mobile","session_create_select_destroy","","44","12","schema_config_load","41","unavailable","unavailable","unavailable"
"yune","track-b-product","jyut6ping3_mobile","session_create_select_destroy","","44","13","translator_install","802","unavailable","unavailable","unavailable"
"yune","track-b-product","jyut6ping3_mobile","session_create_select_destroy","","44","14","schema_config_load","47","unavailable","unavailable","unavailable"
"yune","track-b-product","jyut6ping3_mobile","session_create_select_destroy","","44","15","filter_install","27540","unavailable","unavailable","unavailable"
"yune","track-b-product","jyut6ping3_mobile","session_create_select_destroy","","44","16","userdb_open_or_sync","36","unavailable","unavailable","unavailable"
"yune","track-b-product","jyut6ping3_mobile","session_create_select_destroy","","44","17","schema_select","30242","unavailable","unavailable","unavailable"
"yune","track-b-product","jyut6ping3_mobile","session_create_select_destroy","","44","18","session_destroy","1015","unavailable","unavailable","unavailable"
"yune","track-b-product","jyut6ping3_mobile","session_create_select_destroy","","45","0","schema_config_load","15","unavailable","unavailable","unavailable"
"yune","track-b-product","jyut6ping3_mobile","session_create_select_destroy","","45","1","schema_switch_options","0","unavailable","unavailable","unavailable"
"yune","track-b-product","jyut6ping3_mobile","session_create_select_destroy","","45","2","processor_install","144","unavailable","unavailable","unavailable"
"yune","track-b-product","jyut6ping3_mobile","session_create_select_destroy","","45","3","schema_config_load","13","unavailable","unavailable","unavailable"
"yune","track-b-product","jyut6ping3_mobile","session_create_select_destroy","","45","4","translator_install","14","unavailable","unavailable","unavailable"
"yune","track-b-product","jyut6ping3_mobile","session_create_select_destroy","","45","5","schema_config_load","14","unavailable","unavailable","unavailable"
"yune","track-b-product","jyut6ping3_mobile","session_create_select_destroy","","45","6","filter_install","14","unavailable","unavailable","unavailable"
"yune","track-b-product","jyut6ping3_mobile","session_create_select_destroy","","45","7","userdb_open_or_sync","0","unavailable","unavailable","unavailable"
"yune","track-b-product","jyut6ping3_mobile","session_create_select_destroy","","45","8","session_create","332","unavailable","unavailable","unavailable"
"yune","track-b-product","jyut6ping3_mobile","session_create_select_destroy","","45","9","schema_config_load","75","unavailable","unavailable","unavailable"
"yune","track-b-product","jyut6ping3_mobile","session_create_select_destroy","","45","10","schema_switch_options","2","unavailable","unavailable","unavailable"
"yune","track-b-product","jyut6ping3_mobile","session_create_select_destroy","","45","11","processor_install","897","unavailable","unavailable","unavailable"
"yune","track-b-product","jyut6ping3_mobile","session_create_select_destroy","","45","12","schema_config_load","41","unavailable","unavailable","unavailable"
"yune","track-b-product","jyut6ping3_mobile","session_create_select_destroy","","45","13","translator_install","809","unavailable","unavailable","unavailable"
"yune","track-b-product","jyut6ping3_mobile","session_create_select_destroy","","45","14","schema_config_load","45","unavailable","unavailable","unavailable"
"yune","track-b-product","jyut6ping3_mobile","session_create_select_destroy","","45","15","filter_install","27448","unavailable","unavailable","unavailable"
"yune","track-b-product","jyut6ping3_mobile","session_create_select_destroy","","45","16","userdb_open_or_sync","23","unavailable","unavailable","unavailable"
"yune","track-b-product","jyut6ping3_mobile","session_create_select_destroy","","45","17","schema_select","30153","unavailable","unavailable","unavailable"
"yune","track-b-product","jyut6ping3_mobile","session_create_select_destroy","","45","18","session_destroy","951","unavailable","unavailable","unavailable"
"yune","track-b-product","jyut6ping3_mobile","session_create_select_destroy","","46","0","schema_config_load","14","unavailable","unavailable","unavailable"
"yune","track-b-product","jyut6ping3_mobile","session_create_select_destroy","","46","1","schema_switch_options","0","unavailable","unavailable","unavailable"
"yune","track-b-product","jyut6ping3_mobile","session_create_select_destroy","","46","2","processor_install","158","unavailable","unavailable","unavailable"
"yune","track-b-product","jyut6ping3_mobile","session_create_select_destroy","","46","3","schema_config_load","13","unavailable","unavailable","unavailable"
"yune","track-b-product","jyut6ping3_mobile","session_create_select_destroy","","46","4","translator_install","13","unavailable","unavailable","unavailable"
"yune","track-b-product","jyut6ping3_mobile","session_create_select_destroy","","46","5","schema_config_load","13","unavailable","unavailable","unavailable"
"yune","track-b-product","jyut6ping3_mobile","session_create_select_destroy","","46","6","filter_install","14","unavailable","unavailable","unavailable"
"yune","track-b-product","jyut6ping3_mobile","session_create_select_destroy","","46","7","userdb_open_or_sync","0","unavailable","unavailable","unavailable"
"yune","track-b-product","jyut6ping3_mobile","session_create_select_destroy","","46","8","session_create","340","unavailable","unavailable","unavailable"
"yune","track-b-product","jyut6ping3_mobile","session_create_select_destroy","","46","9","schema_config_load","72","unavailable","unavailable","unavailable"
"yune","track-b-product","jyut6ping3_mobile","session_create_select_destroy","","46","10","schema_switch_options","2","unavailable","unavailable","unavailable"
"yune","track-b-product","jyut6ping3_mobile","session_create_select_destroy","","46","11","processor_install","888","unavailable","unavailable","unavailable"
"yune","track-b-product","jyut6ping3_mobile","session_create_select_destroy","","46","12","schema_config_load","41","unavailable","unavailable","unavailable"
"yune","track-b-product","jyut6ping3_mobile","session_create_select_destroy","","46","13","translator_install","781","unavailable","unavailable","unavailable"
"yune","track-b-product","jyut6ping3_mobile","session_create_select_destroy","","46","14","schema_config_load","43","unavailable","unavailable","unavailable"
"yune","track-b-product","jyut6ping3_mobile","session_create_select_destroy","","46","15","filter_install","27108","unavailable","unavailable","unavailable"
"yune","track-b-product","jyut6ping3_mobile","session_create_select_destroy","","46","16","userdb_open_or_sync","21","unavailable","unavailable","unavailable"
"yune","track-b-product","jyut6ping3_mobile","session_create_select_destroy","","46","17","schema_select","29784","unavailable","unavailable","unavailable"
"yune","track-b-product","jyut6ping3_mobile","session_create_select_destroy","","46","18","session_destroy","904","unavailable","unavailable","unavailable"
"yune","track-b-product","jyut6ping3_mobile","session_create_select_destroy","","47","0","schema_config_load","14","unavailable","unavailable","unavailable"
"yune","track-b-product","jyut6ping3_mobile","session_create_select_destroy","","47","1","schema_switch_options","0","unavailable","unavailable","unavailable"
"yune","track-b-product","jyut6ping3_mobile","session_create_select_destroy","","47","2","processor_install","142","unavailable","unavailable","unavailable"
"yune","track-b-product","jyut6ping3_mobile","session_create_select_destroy","","47","3","schema_config_load","13","unavailable","unavailable","unavailable"
"yune","track-b-product","jyut6ping3_mobile","session_create_select_destroy","","47","4","translator_install","13","unavailable","unavailable","unavailable"
"yune","track-b-product","jyut6ping3_mobile","session_create_select_destroy","","47","5","schema_config_load","13","unavailable","unavailable","unavailable"
"yune","track-b-product","jyut6ping3_mobile","session_create_select_destroy","","47","6","filter_install","14","unavailable","unavailable","unavailable"
"yune","track-b-product","jyut6ping3_mobile","session_create_select_destroy","","47","7","userdb_open_or_sync","0","unavailable","unavailable","unavailable"
"yune","track-b-product","jyut6ping3_mobile","session_create_select_destroy","","47","8","session_create","315","unavailable","unavailable","unavailable"
"yune","track-b-product","jyut6ping3_mobile","session_create_select_destroy","","47","9","schema_config_load","70","unavailable","unavailable","unavailable"
"yune","track-b-product","jyut6ping3_mobile","session_create_select_destroy","","47","10","schema_switch_options","1","unavailable","unavailable","unavailable"
"yune","track-b-product","jyut6ping3_mobile","session_create_select_destroy","","47","11","processor_install","893","unavailable","unavailable","unavailable"
"yune","track-b-product","jyut6ping3_mobile","session_create_select_destroy","","47","12","schema_config_load","41","unavailable","unavailable","unavailable"
"yune","track-b-product","jyut6ping3_mobile","session_create_select_destroy","","47","13","translator_install","774","unavailable","unavailable","unavailable"
"yune","track-b-product","jyut6ping3_mobile","session_create_select_destroy","","47","14","schema_config_load","43","unavailable","unavailable","unavailable"
"yune","track-b-product","jyut6ping3_mobile","session_create_select_destroy","","47","15","filter_install","27294","unavailable","unavailable","unavailable"
"yune","track-b-product","jyut6ping3_mobile","session_create_select_destroy","","47","16","userdb_open_or_sync","24","unavailable","unavailable","unavailable"
"yune","track-b-product","jyut6ping3_mobile","session_create_select_destroy","","47","17","schema_select","29953","unavailable","unavailable","unavailable"
"yune","track-b-product","jyut6ping3_mobile","session_create_select_destroy","","47","18","session_destroy","926","unavailable","unavailable","unavailable"
"yune","track-b-product","jyut6ping3_mobile","session_create_select_destroy","","48","0","schema_config_load","37","unavailable","unavailable","unavailable"
"yune","track-b-product","jyut6ping3_mobile","session_create_select_destroy","","48","1","schema_switch_options","0","unavailable","unavailable","unavailable"
"yune","track-b-product","jyut6ping3_mobile","session_create_select_destroy","","48","2","processor_install","139","unavailable","unavailable","unavailable"
"yune","track-b-product","jyut6ping3_mobile","session_create_select_destroy","","48","3","schema_config_load","13","unavailable","unavailable","unavailable"
"yune","track-b-product","jyut6ping3_mobile","session_create_select_destroy","","48","4","translator_install","14","unavailable","unavailable","unavailable"
"yune","track-b-product","jyut6ping3_mobile","session_create_select_destroy","","48","5","schema_config_load","13","unavailable","unavailable","unavailable"
"yune","track-b-product","jyut6ping3_mobile","session_create_select_destroy","","48","6","filter_install","14","unavailable","unavailable","unavailable"
"yune","track-b-product","jyut6ping3_mobile","session_create_select_destroy","","48","7","userdb_open_or_sync","0","unavailable","unavailable","unavailable"
"yune","track-b-product","jyut6ping3_mobile","session_create_select_destroy","","48","8","session_create","340","unavailable","unavailable","unavailable"
"yune","track-b-product","jyut6ping3_mobile","session_create_select_destroy","","48","9","schema_config_load","73","unavailable","unavailable","unavailable"
"yune","track-b-product","jyut6ping3_mobile","session_create_select_destroy","","48","10","schema_switch_options","1","unavailable","unavailable","unavailable"
"yune","track-b-product","jyut6ping3_mobile","session_create_select_destroy","","48","11","processor_install","893","unavailable","unavailable","unavailable"
"yune","track-b-product","jyut6ping3_mobile","session_create_select_destroy","","48","12","schema_config_load","42","unavailable","unavailable","unavailable"
"yune","track-b-product","jyut6ping3_mobile","session_create_select_destroy","","48","13","translator_install","788","unavailable","unavailable","unavailable"
"yune","track-b-product","jyut6ping3_mobile","session_create_select_destroy","","48","14","schema_config_load","43","unavailable","unavailable","unavailable"
"yune","track-b-product","jyut6ping3_mobile","session_create_select_destroy","","48","15","filter_install","27046","unavailable","unavailable","unavailable"
"yune","track-b-product","jyut6ping3_mobile","session_create_select_destroy","","48","16","userdb_open_or_sync","20","unavailable","unavailable","unavailable"
"yune","track-b-product","jyut6ping3_mobile","session_create_select_destroy","","48","17","schema_select","29690","unavailable","unavailable","unavailable"
"yune","track-b-product","jyut6ping3_mobile","session_create_select_destroy","","48","18","session_destroy","877","unavailable","unavailable","unavailable"
"yune","track-b-product","jyut6ping3_mobile","session_create_select_destroy","","49","0","schema_config_load","14","unavailable","unavailable","unavailable"
"yune","track-b-product","jyut6ping3_mobile","session_create_select_destroy","","49","1","schema_switch_options","0","unavailable","unavailable","unavailable"
"yune","track-b-product","jyut6ping3_mobile","session_create_select_destroy","","49","2","processor_install","189","unavailable","unavailable","unavailable"
"yune","track-b-product","jyut6ping3_mobile","session_create_select_destroy","","49","3","schema_config_load","13","unavailable","unavailable","unavailable"
"yune","track-b-product","jyut6ping3_mobile","session_create_select_destroy","","49","4","translator_install","13","unavailable","unavailable","unavailable"
"yune","track-b-product","jyut6ping3_mobile","session_create_select_destroy","","49","5","schema_config_load","13","unavailable","unavailable","unavailable"
"yune","track-b-product","jyut6ping3_mobile","session_create_select_destroy","","49","6","filter_install","13","unavailable","unavailable","unavailable"
"yune","track-b-product","jyut6ping3_mobile","session_create_select_destroy","","49","7","userdb_open_or_sync","0","unavailable","unavailable","unavailable"
"yune","track-b-product","jyut6ping3_mobile","session_create_select_destroy","","49","8","session_create","353","unavailable","unavailable","unavailable"
"yune","track-b-product","jyut6ping3_mobile","session_create_select_destroy","","49","9","schema_config_load","65","unavailable","unavailable","unavailable"
"yune","track-b-product","jyut6ping3_mobile","session_create_select_destroy","","49","10","schema_switch_options","1","unavailable","unavailable","unavailable"
"yune","track-b-product","jyut6ping3_mobile","session_create_select_destroy","","49","11","processor_install","871","unavailable","unavailable","unavailable"
"yune","track-b-product","jyut6ping3_mobile","session_create_select_destroy","","49","12","schema_config_load","41","unavailable","unavailable","unavailable"
"yune","track-b-product","jyut6ping3_mobile","session_create_select_destroy","","49","13","translator_install","787","unavailable","unavailable","unavailable"
"yune","track-b-product","jyut6ping3_mobile","session_create_select_destroy","","49","14","schema_config_load","43","unavailable","unavailable","unavailable"
"yune","track-b-product","jyut6ping3_mobile","session_create_select_destroy","","49","15","filter_install","27306","unavailable","unavailable","unavailable"
"yune","track-b-product","jyut6ping3_mobile","session_create_select_destroy","","49","16","userdb_open_or_sync","20","unavailable","unavailable","unavailable"
"yune","track-b-product","jyut6ping3_mobile","session_create_select_destroy","","49","17","schema_select","31077","unavailable","unavailable","unavailable"
"yune","track-b-product","jyut6ping3_mobile","session_create_select_destroy","","49","18","session_destroy","898","unavailable","unavailable","unavailable"
"yune","track-b-product","jyut6ping3_mobile","session_create_select_destroy","","50","0","schema_config_load","15","unavailable","unavailable","unavailable"
"yune","track-b-product","jyut6ping3_mobile","session_create_select_destroy","","50","1","schema_switch_options","0","unavailable","unavailable","unavailable"
"yune","track-b-product","jyut6ping3_mobile","session_create_select_destroy","","50","2","processor_install","140","unavailable","unavailable","unavailable"
"yune","track-b-product","jyut6ping3_mobile","session_create_select_destroy","","50","3","schema_config_load","13","unavailable","unavailable","unavailable"
"yune","track-b-product","jyut6ping3_mobile","session_create_select_destroy","","50","4","translator_install","13","unavailable","unavailable","unavailable"
"yune","track-b-product","jyut6ping3_mobile","session_create_select_destroy","","50","5","schema_config_load","13","unavailable","unavailable","unavailable"
"yune","track-b-product","jyut6ping3_mobile","session_create_select_destroy","","50","6","filter_install","14","unavailable","unavailable","unavailable"
"yune","track-b-product","jyut6ping3_mobile","session_create_select_destroy","","50","7","userdb_open_or_sync","0","unavailable","unavailable","unavailable"
"yune","track-b-product","jyut6ping3_mobile","session_create_select_destroy","","50","8","session_create","322","unavailable","unavailable","unavailable"
"yune","track-b-product","jyut6ping3_mobile","session_create_select_destroy","","50","9","schema_config_load","71","unavailable","unavailable","unavailable"
"yune","track-b-product","jyut6ping3_mobile","session_create_select_destroy","","50","10","schema_switch_options","1","unavailable","unavailable","unavailable"
"yune","track-b-product","jyut6ping3_mobile","session_create_select_destroy","","50","11","processor_install","885","unavailable","unavailable","unavailable"
"yune","track-b-product","jyut6ping3_mobile","session_create_select_destroy","","50","12","schema_config_load","40","unavailable","unavailable","unavailable"
"yune","track-b-product","jyut6ping3_mobile","session_create_select_destroy","","50","13","translator_install","765","unavailable","unavailable","unavailable"
"yune","track-b-product","jyut6ping3_mobile","session_create_select_destroy","","50","14","schema_config_load","44","unavailable","unavailable","unavailable"
"yune","track-b-product","jyut6ping3_mobile","session_create_select_destroy","","50","15","filter_install","27851","unavailable","unavailable","unavailable"
"yune","track-b-product","jyut6ping3_mobile","session_create_select_destroy","","50","16","userdb_open_or_sync","20","unavailable","unavailable","unavailable"
"yune","track-b-product","jyut6ping3_mobile","session_create_select_destroy","","50","17","schema_select","30476","unavailable","unavailable","unavailable"
"yune","track-b-product","jyut6ping3_mobile","session_create_select_destroy","","50","18","session_destroy","891","unavailable","unavailable","unavailable"
"yune","track-b-product","jyut6ping3_mobile","session_create_select_destroy","","51","0","schema_config_load","14","unavailable","unavailable","unavailable"
"yune","track-b-product","jyut6ping3_mobile","session_create_select_destroy","","51","1","schema_switch_options","0","unavailable","unavailable","unavailable"
"yune","track-b-product","jyut6ping3_mobile","session_create_select_destroy","","51","2","processor_install","142","unavailable","unavailable","unavailable"
"yune","track-b-product","jyut6ping3_mobile","session_create_select_destroy","","51","3","schema_config_load","13","unavailable","unavailable","unavailable"
"yune","track-b-product","jyut6ping3_mobile","session_create_select_destroy","","51","4","translator_install","13","unavailable","unavailable","unavailable"
"yune","track-b-product","jyut6ping3_mobile","session_create_select_destroy","","51","5","schema_config_load","14","unavailable","unavailable","unavailable"
"yune","track-b-product","jyut6ping3_mobile","session_create_select_destroy","","51","6","filter_install","14","unavailable","unavailable","unavailable"
"yune","track-b-product","jyut6ping3_mobile","session_create_select_destroy","","51","7","userdb_open_or_sync","0","unavailable","unavailable","unavailable"
"yune","track-b-product","jyut6ping3_mobile","session_create_select_destroy","","51","8","session_create","315","unavailable","unavailable","unavailable"
"yune","track-b-product","jyut6ping3_mobile","session_create_select_destroy","","51","9","schema_config_load","71","unavailable","unavailable","unavailable"
"yune","track-b-product","jyut6ping3_mobile","session_create_select_destroy","","51","10","schema_switch_options","1","unavailable","unavailable","unavailable"
"yune","track-b-product","jyut6ping3_mobile","session_create_select_destroy","","51","11","processor_install","867","unavailable","unavailable","unavailable"
"yune","track-b-product","jyut6ping3_mobile","session_create_select_destroy","","51","12","schema_config_load","40","unavailable","unavailable","unavailable"
"yune","track-b-product","jyut6ping3_mobile","session_create_select_destroy","","51","13","translator_install","801","unavailable","unavailable","unavailable"
"yune","track-b-product","jyut6ping3_mobile","session_create_select_destroy","","51","14","schema_config_load","43","unavailable","unavailable","unavailable"
"yune","track-b-product","jyut6ping3_mobile","session_create_select_destroy","","51","15","filter_install","27443","unavailable","unavailable","unavailable"
"yune","track-b-product","jyut6ping3_mobile","session_create_select_destroy","","51","16","userdb_open_or_sync","38","unavailable","unavailable","unavailable"
"yune","track-b-product","jyut6ping3_mobile","session_create_select_destroy","","51","17","schema_select","30128","unavailable","unavailable","unavailable"
"yune","track-b-product","jyut6ping3_mobile","session_create_select_destroy","","51","18","session_destroy","930","unavailable","unavailable","unavailable"
"yune","track-b-product","jyut6ping3_mobile","session_create_select_destroy","","52","0","schema_config_load","14","unavailable","unavailable","unavailable"
"yune","track-b-product","jyut6ping3_mobile","session_create_select_destroy","","52","1","schema_switch_options","0","unavailable","unavailable","unavailable"
"yune","track-b-product","jyut6ping3_mobile","session_create_select_destroy","","52","2","processor_install","159","unavailable","unavailable","unavailable"
"yune","track-b-product","jyut6ping3_mobile","session_create_select_destroy","","52","3","schema_config_load","13","unavailable","unavailable","unavailable"
"yune","track-b-product","jyut6ping3_mobile","session_create_select_destroy","","52","4","translator_install","13","unavailable","unavailable","unavailable"
"yune","track-b-product","jyut6ping3_mobile","session_create_select_destroy","","52","5","schema_config_load","13","unavailable","unavailable","unavailable"
"yune","track-b-product","jyut6ping3_mobile","session_create_select_destroy","","52","6","filter_install","14","unavailable","unavailable","unavailable"
"yune","track-b-product","jyut6ping3_mobile","session_create_select_destroy","","52","7","userdb_open_or_sync","0","unavailable","unavailable","unavailable"
"yune","track-b-product","jyut6ping3_mobile","session_create_select_destroy","","52","8","session_create","357","unavailable","unavailable","unavailable"
"yune","track-b-product","jyut6ping3_mobile","session_create_select_destroy","","52","9","schema_config_load","77","unavailable","unavailable","unavailable"
"yune","track-b-product","jyut6ping3_mobile","session_create_select_destroy","","52","10","schema_switch_options","2","unavailable","unavailable","unavailable"
"yune","track-b-product","jyut6ping3_mobile","session_create_select_destroy","","52","11","processor_install","915","unavailable","unavailable","unavailable"
"yune","track-b-product","jyut6ping3_mobile","session_create_select_destroy","","52","12","schema_config_load","41","unavailable","unavailable","unavailable"
"yune","track-b-product","jyut6ping3_mobile","session_create_select_destroy","","52","13","translator_install","816","unavailable","unavailable","unavailable"
"yune","track-b-product","jyut6ping3_mobile","session_create_select_destroy","","52","14","schema_config_load","45","unavailable","unavailable","unavailable"
"yune","track-b-product","jyut6ping3_mobile","session_create_select_destroy","","52","15","filter_install","27676","unavailable","unavailable","unavailable"
"yune","track-b-product","jyut6ping3_mobile","session_create_select_destroy","","52","16","userdb_open_or_sync","19","unavailable","unavailable","unavailable"
"yune","track-b-product","jyut6ping3_mobile","session_create_select_destroy","","52","17","schema_select","30417","unavailable","unavailable","unavailable"
"yune","track-b-product","jyut6ping3_mobile","session_create_select_destroy","","52","18","session_destroy","888","unavailable","unavailable","unavailable"
"yune","track-b-product","jyut6ping3_mobile","session_create_select_destroy","","53","0","schema_config_load","14","unavailable","unavailable","unavailable"
"yune","track-b-product","jyut6ping3_mobile","session_create_select_destroy","","53","1","schema_switch_options","0","unavailable","unavailable","unavailable"
"yune","track-b-product","jyut6ping3_mobile","session_create_select_destroy","","53","2","processor_install","142","unavailable","unavailable","unavailable"
"yune","track-b-product","jyut6ping3_mobile","session_create_select_destroy","","53","3","schema_config_load","13","unavailable","unavailable","unavailable"
"yune","track-b-product","jyut6ping3_mobile","session_create_select_destroy","","53","4","translator_install","13","unavailable","unavailable","unavailable"
"yune","track-b-product","jyut6ping3_mobile","session_create_select_destroy","","53","5","schema_config_load","13","unavailable","unavailable","unavailable"
"yune","track-b-product","jyut6ping3_mobile","session_create_select_destroy","","53","6","filter_install","13","unavailable","unavailable","unavailable"
"yune","track-b-product","jyut6ping3_mobile","session_create_select_destroy","","53","7","userdb_open_or_sync","0","unavailable","unavailable","unavailable"
"yune","track-b-product","jyut6ping3_mobile","session_create_select_destroy","","53","8","session_create","310","unavailable","unavailable","unavailable"
"yune","track-b-product","jyut6ping3_mobile","session_create_select_destroy","","53","9","schema_config_load","67","unavailable","unavailable","unavailable"
"yune","track-b-product","jyut6ping3_mobile","session_create_select_destroy","","53","10","schema_switch_options","2","unavailable","unavailable","unavailable"
"yune","track-b-product","jyut6ping3_mobile","session_create_select_destroy","","53","11","processor_install","882","unavailable","unavailable","unavailable"
"yune","track-b-product","jyut6ping3_mobile","session_create_select_destroy","","53","12","schema_config_load","41","unavailable","unavailable","unavailable"
"yune","track-b-product","jyut6ping3_mobile","session_create_select_destroy","","53","13","translator_install","774","unavailable","unavailable","unavailable"
"yune","track-b-product","jyut6ping3_mobile","session_create_select_destroy","","53","14","schema_config_load","43","unavailable","unavailable","unavailable"
"yune","track-b-product","jyut6ping3_mobile","session_create_select_destroy","","53","15","filter_install","27809","unavailable","unavailable","unavailable"
"yune","track-b-product","jyut6ping3_mobile","session_create_select_destroy","","53","16","userdb_open_or_sync","22","unavailable","unavailable","unavailable"
"yune","track-b-product","jyut6ping3_mobile","session_create_select_destroy","","53","17","schema_select","30434","unavailable","unavailable","unavailable"
"yune","track-b-product","jyut6ping3_mobile","session_create_select_destroy","","53","18","session_destroy","887","unavailable","unavailable","unavailable"
"yune","track-b-product","jyut6ping3_mobile","session_create_select_destroy","","54","0","schema_config_load","14","unavailable","unavailable","unavailable"
"yune","track-b-product","jyut6ping3_mobile","session_create_select_destroy","","54","1","schema_switch_options","0","unavailable","unavailable","unavailable"
"yune","track-b-product","jyut6ping3_mobile","session_create_select_destroy","","54","2","processor_install","140","unavailable","unavailable","unavailable"
"yune","track-b-product","jyut6ping3_mobile","session_create_select_destroy","","54","3","schema_config_load","13","unavailable","unavailable","unavailable"
"yune","track-b-product","jyut6ping3_mobile","session_create_select_destroy","","54","4","translator_install","13","unavailable","unavailable","unavailable"
"yune","track-b-product","jyut6ping3_mobile","session_create_select_destroy","","54","5","schema_config_load","14","unavailable","unavailable","unavailable"
"yune","track-b-product","jyut6ping3_mobile","session_create_select_destroy","","54","6","filter_install","14","unavailable","unavailable","unavailable"
"yune","track-b-product","jyut6ping3_mobile","session_create_select_destroy","","54","7","userdb_open_or_sync","0","unavailable","unavailable","unavailable"
"yune","track-b-product","jyut6ping3_mobile","session_create_select_destroy","","54","8","session_create","315","unavailable","unavailable","unavailable"
"yune","track-b-product","jyut6ping3_mobile","session_create_select_destroy","","54","9","schema_config_load","79","unavailable","unavailable","unavailable"
"yune","track-b-product","jyut6ping3_mobile","session_create_select_destroy","","54","10","schema_switch_options","2","unavailable","unavailable","unavailable"
"yune","track-b-product","jyut6ping3_mobile","session_create_select_destroy","","54","11","processor_install","901","unavailable","unavailable","unavailable"
"yune","track-b-product","jyut6ping3_mobile","session_create_select_destroy","","54","12","schema_config_load","41","unavailable","unavailable","unavailable"
"yune","track-b-product","jyut6ping3_mobile","session_create_select_destroy","","54","13","translator_install","770","unavailable","unavailable","unavailable"
"yune","track-b-product","jyut6ping3_mobile","session_create_select_destroy","","54","14","schema_config_load","42","unavailable","unavailable","unavailable"
"yune","track-b-product","jyut6ping3_mobile","session_create_select_destroy","","54","15","filter_install","27801","unavailable","unavailable","unavailable"
"yune","track-b-product","jyut6ping3_mobile","session_create_select_destroy","","54","16","userdb_open_or_sync","23","unavailable","unavailable","unavailable"
"yune","track-b-product","jyut6ping3_mobile","session_create_select_destroy","","54","17","schema_select","30457","unavailable","unavailable","unavailable"
"yune","track-b-product","jyut6ping3_mobile","session_create_select_destroy","","54","18","session_destroy","872","unavailable","unavailable","unavailable"
"yune","track-b-product","jyut6ping3_mobile","session_create_select_destroy","","55","0","schema_config_load","14","unavailable","unavailable","unavailable"
"yune","track-b-product","jyut6ping3_mobile","session_create_select_destroy","","55","1","schema_switch_options","0","unavailable","unavailable","unavailable"
"yune","track-b-product","jyut6ping3_mobile","session_create_select_destroy","","55","2","processor_install","139","unavailable","unavailable","unavailable"
"yune","track-b-product","jyut6ping3_mobile","session_create_select_destroy","","55","3","schema_config_load","13","unavailable","unavailable","unavailable"
"yune","track-b-product","jyut6ping3_mobile","session_create_select_destroy","","55","4","translator_install","13","unavailable","unavailable","unavailable"
"yune","track-b-product","jyut6ping3_mobile","session_create_select_destroy","","55","5","schema_config_load","13","unavailable","unavailable","unavailable"
"yune","track-b-product","jyut6ping3_mobile","session_create_select_destroy","","55","6","filter_install","14","unavailable","unavailable","unavailable"
"yune","track-b-product","jyut6ping3_mobile","session_create_select_destroy","","55","7","userdb_open_or_sync","0","unavailable","unavailable","unavailable"
"yune","track-b-product","jyut6ping3_mobile","session_create_select_destroy","","55","8","session_create","302","unavailable","unavailable","unavailable"
"yune","track-b-product","jyut6ping3_mobile","session_create_select_destroy","","55","9","schema_config_load","65","unavailable","unavailable","unavailable"
"yune","track-b-product","jyut6ping3_mobile","session_create_select_destroy","","55","10","schema_switch_options","1","unavailable","unavailable","unavailable"
"yune","track-b-product","jyut6ping3_mobile","session_create_select_destroy","","55","11","processor_install","893","unavailable","unavailable","unavailable"
"yune","track-b-product","jyut6ping3_mobile","session_create_select_destroy","","55","12","schema_config_load","41","unavailable","unavailable","unavailable"
"yune","track-b-product","jyut6ping3_mobile","session_create_select_destroy","","55","13","translator_install","777","unavailable","unavailable","unavailable"
"yune","track-b-product","jyut6ping3_mobile","session_create_select_destroy","","55","14","schema_config_load","43","unavailable","unavailable","unavailable"
"yune","track-b-product","jyut6ping3_mobile","session_create_select_destroy","","55","15","filter_install","27251","unavailable","unavailable","unavailable"
"yune","track-b-product","jyut6ping3_mobile","session_create_select_destroy","","55","16","userdb_open_or_sync","23","unavailable","unavailable","unavailable"
"yune","track-b-product","jyut6ping3_mobile","session_create_select_destroy","","55","17","schema_select","29882","unavailable","unavailable","unavailable"
"yune","track-b-product","jyut6ping3_mobile","session_create_select_destroy","","55","18","session_destroy","841","unavailable","unavailable","unavailable"
"yune","track-b-product","jyut6ping3_mobile","session_create_select_destroy","","56","0","schema_config_load","14","unavailable","unavailable","unavailable"
"yune","track-b-product","jyut6ping3_mobile","session_create_select_destroy","","56","1","schema_switch_options","0","unavailable","unavailable","unavailable"
"yune","track-b-product","jyut6ping3_mobile","session_create_select_destroy","","56","2","processor_install","158","unavailable","unavailable","unavailable"
"yune","track-b-product","jyut6ping3_mobile","session_create_select_destroy","","56","3","schema_config_load","13","unavailable","unavailable","unavailable"
"yune","track-b-product","jyut6ping3_mobile","session_create_select_destroy","","56","4","translator_install","13","unavailable","unavailable","unavailable"
"yune","track-b-product","jyut6ping3_mobile","session_create_select_destroy","","56","5","schema_config_load","13","unavailable","unavailable","unavailable"
"yune","track-b-product","jyut6ping3_mobile","session_create_select_destroy","","56","6","filter_install","14","unavailable","unavailable","unavailable"
"yune","track-b-product","jyut6ping3_mobile","session_create_select_destroy","","56","7","userdb_open_or_sync","0","unavailable","unavailable","unavailable"
"yune","track-b-product","jyut6ping3_mobile","session_create_select_destroy","","56","8","session_create","325","unavailable","unavailable","unavailable"
"yune","track-b-product","jyut6ping3_mobile","session_create_select_destroy","","56","9","schema_config_load","65","unavailable","unavailable","unavailable"
"yune","track-b-product","jyut6ping3_mobile","session_create_select_destroy","","56","10","schema_switch_options","1","unavailable","unavailable","unavailable"
"yune","track-b-product","jyut6ping3_mobile","session_create_select_destroy","","56","11","processor_install","871","unavailable","unavailable","unavailable"
"yune","track-b-product","jyut6ping3_mobile","session_create_select_destroy","","56","12","schema_config_load","40","unavailable","unavailable","unavailable"
"yune","track-b-product","jyut6ping3_mobile","session_create_select_destroy","","56","13","translator_install","767","unavailable","unavailable","unavailable"
"yune","track-b-product","jyut6ping3_mobile","session_create_select_destroy","","56","14","schema_config_load","42","unavailable","unavailable","unavailable"
"yune","track-b-product","jyut6ping3_mobile","session_create_select_destroy","","56","15","filter_install","27651","unavailable","unavailable","unavailable"
"yune","track-b-product","jyut6ping3_mobile","session_create_select_destroy","","56","16","userdb_open_or_sync","35","unavailable","unavailable","unavailable"
"yune","track-b-product","jyut6ping3_mobile","session_create_select_destroy","","56","17","schema_select","30268","unavailable","unavailable","unavailable"
"yune","track-b-product","jyut6ping3_mobile","session_create_select_destroy","","56","18","session_destroy","874","unavailable","unavailable","unavailable"
"yune","track-b-product","jyut6ping3_mobile","session_create_select_destroy","","57","0","schema_config_load","14","unavailable","unavailable","unavailable"
"yune","track-b-product","jyut6ping3_mobile","session_create_select_destroy","","57","1","schema_switch_options","0","unavailable","unavailable","unavailable"
"yune","track-b-product","jyut6ping3_mobile","session_create_select_destroy","","57","2","processor_install","141","unavailable","unavailable","unavailable"
"yune","track-b-product","jyut6ping3_mobile","session_create_select_destroy","","57","3","schema_config_load","13","unavailable","unavailable","unavailable"
"yune","track-b-product","jyut6ping3_mobile","session_create_select_destroy","","57","4","translator_install","13","unavailable","unavailable","unavailable"
"yune","track-b-product","jyut6ping3_mobile","session_create_select_destroy","","57","5","schema_config_load","13","unavailable","unavailable","unavailable"
"yune","track-b-product","jyut6ping3_mobile","session_create_select_destroy","","57","6","filter_install","14","unavailable","unavailable","unavailable"
"yune","track-b-product","jyut6ping3_mobile","session_create_select_destroy","","57","7","userdb_open_or_sync","0","unavailable","unavailable","unavailable"
"yune","track-b-product","jyut6ping3_mobile","session_create_select_destroy","","57","8","session_create","321","unavailable","unavailable","unavailable"
"yune","track-b-product","jyut6ping3_mobile","session_create_select_destroy","","57","9","schema_config_load","74","unavailable","unavailable","unavailable"
"yune","track-b-product","jyut6ping3_mobile","session_create_select_destroy","","57","10","schema_switch_options","2","unavailable","unavailable","unavailable"
"yune","track-b-product","jyut6ping3_mobile","session_create_select_destroy","","57","11","processor_install","896","unavailable","unavailable","unavailable"
"yune","track-b-product","jyut6ping3_mobile","session_create_select_destroy","","57","12","schema_config_load","40","unavailable","unavailable","unavailable"
"yune","track-b-product","jyut6ping3_mobile","session_create_select_destroy","","57","13","translator_install","784","unavailable","unavailable","unavailable"
"yune","track-b-product","jyut6ping3_mobile","session_create_select_destroy","","57","14","schema_config_load","43","unavailable","unavailable","unavailable"
"yune","track-b-product","jyut6ping3_mobile","session_create_select_destroy","","57","15","filter_install","27226","unavailable","unavailable","unavailable"
"yune","track-b-product","jyut6ping3_mobile","session_create_select_destroy","","57","16","userdb_open_or_sync","22","unavailable","unavailable","unavailable"
"yune","track-b-product","jyut6ping3_mobile","session_create_select_destroy","","57","17","schema_select","29914","unavailable","unavailable","unavailable"
"yune","track-b-product","jyut6ping3_mobile","session_create_select_destroy","","57","18","session_destroy","849","unavailable","unavailable","unavailable"
"yune","track-b-product","jyut6ping3_mobile","session_create_select_destroy","","58","0","schema_config_load","14","unavailable","unavailable","unavailable"
"yune","track-b-product","jyut6ping3_mobile","session_create_select_destroy","","58","1","schema_switch_options","0","unavailable","unavailable","unavailable"
"yune","track-b-product","jyut6ping3_mobile","session_create_select_destroy","","58","2","processor_install","183","unavailable","unavailable","unavailable"
"yune","track-b-product","jyut6ping3_mobile","session_create_select_destroy","","58","3","schema_config_load","13","unavailable","unavailable","unavailable"
"yune","track-b-product","jyut6ping3_mobile","session_create_select_destroy","","58","4","translator_install","13","unavailable","unavailable","unavailable"
"yune","track-b-product","jyut6ping3_mobile","session_create_select_destroy","","58","5","schema_config_load","13","unavailable","unavailable","unavailable"
"yune","track-b-product","jyut6ping3_mobile","session_create_select_destroy","","58","6","filter_install","14","unavailable","unavailable","unavailable"
"yune","track-b-product","jyut6ping3_mobile","session_create_select_destroy","","58","7","userdb_open_or_sync","0","unavailable","unavailable","unavailable"
"yune","track-b-product","jyut6ping3_mobile","session_create_select_destroy","","58","8","session_create","359","unavailable","unavailable","unavailable"
"yune","track-b-product","jyut6ping3_mobile","session_create_select_destroy","","58","9","schema_config_load","71","unavailable","unavailable","unavailable"
"yune","track-b-product","jyut6ping3_mobile","session_create_select_destroy","","58","10","schema_switch_options","1","unavailable","unavailable","unavailable"
"yune","track-b-product","jyut6ping3_mobile","session_create_select_destroy","","58","11","processor_install","904","unavailable","unavailable","unavailable"
"yune","track-b-product","jyut6ping3_mobile","session_create_select_destroy","","58","12","schema_config_load","41","unavailable","unavailable","unavailable"
"yune","track-b-product","jyut6ping3_mobile","session_create_select_destroy","","58","13","translator_install","781","unavailable","unavailable","unavailable"
"yune","track-b-product","jyut6ping3_mobile","session_create_select_destroy","","58","14","schema_config_load","43","unavailable","unavailable","unavailable"
"yune","track-b-product","jyut6ping3_mobile","session_create_select_destroy","","58","15","filter_install","27020","unavailable","unavailable","unavailable"
"yune","track-b-product","jyut6ping3_mobile","session_create_select_destroy","","58","16","userdb_open_or_sync","24","unavailable","unavailable","unavailable"
"yune","track-b-product","jyut6ping3_mobile","session_create_select_destroy","","58","17","schema_select","29676","unavailable","unavailable","unavailable"
"yune","track-b-product","jyut6ping3_mobile","session_create_select_destroy","","58","18","session_destroy","859","unavailable","unavailable","unavailable"
"yune","track-b-product","jyut6ping3_mobile","session_create_select_destroy","","59","0","schema_config_load","14","unavailable","unavailable","unavailable"
"yune","track-b-product","jyut6ping3_mobile","session_create_select_destroy","","59","1","schema_switch_options","0","unavailable","unavailable","unavailable"
"yune","track-b-product","jyut6ping3_mobile","session_create_select_destroy","","59","2","processor_install","169","unavailable","unavailable","unavailable"
"yune","track-b-product","jyut6ping3_mobile","session_create_select_destroy","","59","3","schema_config_load","13","unavailable","unavailable","unavailable"
"yune","track-b-product","jyut6ping3_mobile","session_create_select_destroy","","59","4","translator_install","14","unavailable","unavailable","unavailable"
"yune","track-b-product","jyut6ping3_mobile","session_create_select_destroy","","59","5","schema_config_load","13","unavailable","unavailable","unavailable"
"yune","track-b-product","jyut6ping3_mobile","session_create_select_destroy","","59","6","filter_install","13","unavailable","unavailable","unavailable"
"yune","track-b-product","jyut6ping3_mobile","session_create_select_destroy","","59","7","userdb_open_or_sync","0","unavailable","unavailable","unavailable"
"yune","track-b-product","jyut6ping3_mobile","session_create_select_destroy","","59","8","session_create","338","unavailable","unavailable","unavailable"
"yune","track-b-product","jyut6ping3_mobile","session_create_select_destroy","","59","9","schema_config_load","66","unavailable","unavailable","unavailable"
"yune","track-b-product","jyut6ping3_mobile","session_create_select_destroy","","59","10","schema_switch_options","1","unavailable","unavailable","unavailable"
"yune","track-b-product","jyut6ping3_mobile","session_create_select_destroy","","59","11","processor_install","890","unavailable","unavailable","unavailable"
"yune","track-b-product","jyut6ping3_mobile","session_create_select_destroy","","59","12","schema_config_load","40","unavailable","unavailable","unavailable"
"yune","track-b-product","jyut6ping3_mobile","session_create_select_destroy","","59","13","translator_install","775","unavailable","unavailable","unavailable"
"yune","track-b-product","jyut6ping3_mobile","session_create_select_destroy","","59","14","schema_config_load","43","unavailable","unavailable","unavailable"
"yune","track-b-product","jyut6ping3_mobile","session_create_select_destroy","","59","15","filter_install","27244","unavailable","unavailable","unavailable"
"yune","track-b-product","jyut6ping3_mobile","session_create_select_destroy","","59","16","userdb_open_or_sync","22","unavailable","unavailable","unavailable"
"yune","track-b-product","jyut6ping3_mobile","session_create_select_destroy","","59","17","schema_select","29888","unavailable","unavailable","unavailable"
"yune","track-b-product","jyut6ping3_mobile","session_create_select_destroy","","59","18","session_destroy","846","unavailable","unavailable","unavailable"
