engine,track,schema_id,workload,input,sample_index,operation_count,total_us,us_per_operation,before_working_set_bytes,after_ready_working_set_bytes,after_finalize_working_set_bytes,peak_working_set_bytes,before_private_bytes,after_ready_private_bytes,after_finalize_private_bytes,private_bytes,pagefile_bytes,peak_pagefile_bytes
yune,track-a-comparison,luna_pinyin,startup_warm_shared_assets_runtime_ready,,0,1,3409650.125,3409650.125,2031616,190693376,190791680,228065280,unavailable,unavailable,unavailable,unavailable,unavailable,unavailable
yune,track-a-comparison,luna_pinyin,startup_warm_shared_assets_runtime_ready,,1,1,18367.625,18367.625,190857216,191102976,191119360,228065280,unavailable,unavailable,unavailable,unavailable,unavailable,unavailable
yune,track-a-comparison,luna_pinyin,startup_warm_shared_assets_runtime_ready,,2,1,17873.667,17873.667,191119360,191152128,191168512,228065280,unavailable,unavailable,unavailable,unavailable,unavailable,unavailable
yune,track-a-comparison,luna_pinyin,startup_warm_shared_assets_runtime_ready,,3,1,17884.250,17884.250,191184896,191184896,191184896,228065280,unavailable,unavailable,unavailable,unavailable,unavailable,unavailable
yune,track-a-comparison,luna_pinyin,startup_warm_shared_assets_runtime_ready,,4,1,17578.000,17578.000,191184896,191201280,191201280,228065280,unavailable,unavailable,unavailable,unavailable,unavailable,unavailable
yune,track-a-comparison,luna_pinyin,startup_warm_shared_assets_runtime_ready,,5,1,18304.541,18304.541,191217664,191250432,191250432,228065280,unavailable,unavailable,unavailable,unavailable,unavailable,unavailable
yune,track-a-comparison,luna_pinyin,startup_warm_shared_assets_runtime_ready,,6,1,18165.208,18165.208,191250432,191250432,191266816,228065280,unavailable,unavailable,unavailable,unavailable,unavailable,unavailable
yune,track-a-comparison,luna_pinyin,startup_warm_shared_assets_runtime_ready,,7,1,17732.584,17732.584,191266816,191266816,191266816,228065280,unavailable,unavailable,unavailable,unavailable,unavailable,unavailable
yune,track-a-comparison,luna_pinyin,startup_warm_shared_assets_runtime_ready,,8,1,17854.833,17854.833,191266816,191266816,191266816,228065280,unavailable,unavailable,unavailable,unavailable,unavailable,unavailable
yune,track-a-comparison,luna_pinyin,session_create_select_destroy,,0,1,17976.417,17976.417,191266816,191266816,unavailable,228065280,unavailable,unavailable,unavailable,unavailable,unavailable,unavailable
yune,track-a-comparison,luna_pinyin,session_create_select_destroy,,1,1,17743.541,17743.541,191266816,191266816,unavailable,228065280,unavailable,unavailable,unavailable,unavailable,unavailable,unavailable
yune,track-a-comparison,luna_pinyin,session_create_select_destroy,,2,1,17875.958,17875.958,191266816,191283200,unavailable,228065280,unavailable,unavailable,unavailable,unavailable,unavailable,unavailable
yune,track-a-comparison,luna_pinyin,session_create_select_destroy,,3,1,17862.750,17862.750,191283200,191283200,unavailable,228065280,unavailable,unavailable,unavailable,unavailable,unavailable,unavailable
yune,track-a-comparison,luna_pinyin,session_create_select_destroy,,4,1,17860.375,17860.375,191283200,191283200,unavailable,228065280,unavailable,unavailable,unavailable,unavailable,unavailable,unavailable
yune,track-a-comparison,luna_pinyin,session_create_select_destroy,,5,1,17771.500,17771.500,191283200,191299584,unavailable,228065280,unavailable,unavailable,unavailable,unavailable,unavailable,unavailable
yune,track-a-comparison,luna_pinyin,session_create_select_destroy,,6,1,17964.625,17964.625,191299584,191315968,unavailable,228065280,unavailable,unavailable,unavailable,unavailable,unavailable,unavailable
yune,track-a-comparison,luna_pinyin,session_create_select_destroy,,7,1,17805.250,17805.250,191315968,191315968,unavailable,228065280,unavailable,unavailable,unavailable,unavailable,unavailable,unavailable
yune,track-a-comparison,luna_pinyin,session_create_select_destroy,,8,1,17730.333,17730.333,191348736,191348736,unavailable,228065280,unavailable,unavailable,unavailable,unavailable,unavailable,unavailable
yune,track-a-comparison,luna_pinyin,session_create_select_destroy,,9,1,17678.625,17678.625,191348736,191365120,unavailable,228065280,unavailable,unavailable,unavailable,unavailable,unavailable,unavailable
yune,track-a-comparison,luna_pinyin,session_create_select_destroy,,10,1,17674.584,17674.584,191365120,191365120,unavailable,228065280,unavailable,unavailable,unavailable,unavailable,unavailable,unavailable
yune,track-a-comparison,luna_pinyin,session_create_select_destroy,,11,1,17754.000,17754.000,191365120,191381504,unavailable,228065280,unavailable,unavailable,unavailable,unavailable,unavailable,unavailable
yune,track-a-comparison,luna_pinyin,session_create_select_destroy,,12,1,17734.791,17734.791,191381504,191381504,unavailable,228065280,unavailable,unavailable,unavailable,unavailable,unavailable,unavailable
yune,track-a-comparison,luna_pinyin,session_create_select_destroy,,13,1,17689.083,17689.083,191381504,191381504,unavailable,228065280,unavailable,unavailable,unavailable,unavailable,unavailable,unavailable
yune,track-a-comparison,luna_pinyin,session_create_select_destroy,,14,1,17728.375,17728.375,191381504,191381504,unavailable,228065280,unavailable,unavailable,unavailable,unavailable,unavailable,unavailable
yune,track-a-comparison,luna_pinyin,session_create_select_destroy,,15,1,17785.625,17785.625,191381504,191414272,unavailable,228065280,unavailable,unavailable,unavailable,unavailable,unavailable,unavailable
yune,track-a-comparison,luna_pinyin,session_create_select_destroy,,16,1,17892.292,17892.292,191414272,191414272,unavailable,228065280,unavailable,unavailable,unavailable,unavailable,unavailable,unavailable
yune,track-a-comparison,luna_pinyin,session_create_select_destroy,,17,1,17804.375,17804.375,191414272,191414272,unavailable,228065280,unavailable,unavailable,unavailable,unavailable,unavailable,unavailable
yune,track-a-comparison,luna_pinyin,session_create_select_destroy,,18,1,17865.625,17865.625,191414272,191430656,unavailable,228065280,unavailable,unavailable,unavailable,unavailable,unavailable,unavailable
yune,track-a-comparison,luna_pinyin,session_create_select_destroy,,19,1,17708.917,17708.917,191430656,191447040,unavailable,228065280,unavailable,unavailable,unavailable,unavailable,unavailable,unavailable
yune,track-a-comparison,luna_pinyin,session_create_select_destroy,,20,1,17821.708,17821.708,191447040,191447040,unavailable,228065280,unavailable,unavailable,unavailable,unavailable,unavailable,unavailable
yune,track-a-comparison,luna_pinyin,session_create_select_destroy,,21,1,17884.542,17884.542,191447040,191447040,unavailable,228065280,unavailable,unavailable,unavailable,unavailable,unavailable,unavailable
yune,track-a-comparison,luna_pinyin,session_create_select_destroy,,22,1,17701.167,17701.167,191447040,191447040,unavailable,228065280,unavailable,unavailable,unavailable,unavailable,unavailable,unavailable
yune,track-a-comparison,luna_pinyin,session_create_select_destroy,,23,1,17576.917,17576.917,191447040,191463424,unavailable,228065280,unavailable,unavailable,unavailable,unavailable,unavailable,unavailable
yune,track-a-comparison,luna_pinyin,session_create_select_destroy,,24,1,17697.583,17697.583,191479808,191496192,unavailable,228065280,unavailable,unavailable,unavailable,unavailable,unavailable,unavailable
yune,track-a-comparison,luna_pinyin,session_create_select_destroy,,25,1,17977.292,17977.292,191496192,191496192,unavailable,228065280,unavailable,unavailable,unavailable,unavailable,unavailable,unavailable
yune,track-a-comparison,luna_pinyin,session_create_select_destroy,,26,1,17866.167,17866.167,191496192,191512576,unavailable,228065280,unavailable,unavailable,unavailable,unavailable,unavailable,unavailable
yune,track-a-comparison,luna_pinyin,session_create_select_destroy,,27,1,17640.125,17640.125,191528960,191561728,unavailable,228065280,unavailable,unavailable,unavailable,unavailable,unavailable,unavailable
yune,track-a-comparison,luna_pinyin,session_create_select_destroy,,28,1,17788.875,17788.875,191561728,191561728,unavailable,228065280,unavailable,unavailable,unavailable,unavailable,unavailable,unavailable
yune,track-a-comparison,luna_pinyin,session_create_select_destroy,,29,1,17753.666,17753.666,191561728,191561728,unavailable,228065280,unavailable,unavailable,unavailable,unavailable,unavailable,unavailable
yune,track-a-comparison,luna_pinyin,session_create_select_destroy,,30,1,17793.917,17793.917,191561728,191561728,unavailable,228065280,unavailable,unavailable,unavailable,unavailable,unavailable,unavailable
yune,track-a-comparison,luna_pinyin,session_create_select_destroy,,31,1,17611.875,17611.875,191561728,191578112,unavailable,228065280,unavailable,unavailable,unavailable,unavailable,unavailable,unavailable
yune,track-a-comparison,luna_pinyin,session_create_select_destroy,,32,1,17760.958,17760.958,191578112,191594496,unavailable,228065280,unavailable,unavailable,unavailable,unavailable,unavailable,unavailable
yune,track-a-comparison,luna_pinyin,session_create_select_destroy,,33,1,17852.167,17852.167,191594496,191594496,unavailable,228065280,unavailable,unavailable,unavailable,unavailable,unavailable,unavailable
yune,track-a-comparison,luna_pinyin,session_create_select_destroy,,34,1,17898.791,17898.791,191594496,191594496,unavailable,228065280,unavailable,unavailable,unavailable,unavailable,unavailable,unavailable
yune,track-a-comparison,luna_pinyin,session_create_select_destroy,,35,1,17747.834,17747.834,191594496,191594496,unavailable,228065280,unavailable,unavailable,unavailable,unavailable,unavailable,unavailable
yune,track-a-comparison,luna_pinyin,session_create_select_destroy,,36,1,17854.375,17854.375,191594496,191627264,unavailable,228065280,unavailable,unavailable,unavailable,unavailable,unavailable,unavailable
yune,track-a-comparison,luna_pinyin,session_create_select_destroy,,37,1,17797.250,17797.250,191627264,191627264,unavailable,228065280,unavailable,unavailable,unavailable,unavailable,unavailable,unavailable
yune,track-a-comparison,luna_pinyin,session_create_select_destroy,,38,1,17877.542,17877.542,191627264,191627264,unavailable,228065280,unavailable,unavailable,unavailable,unavailable,unavailable,unavailable
yune,track-a-comparison,luna_pinyin,session_create_select_destroy,,39,1,18022.667,18022.667,191627264,191627264,unavailable,228065280,unavailable,unavailable,unavailable,unavailable,unavailable,unavailable
yune,track-a-comparison,luna_pinyin,session_create_select_destroy,,40,1,17953.708,17953.708,191627264,191643648,unavailable,228065280,unavailable,unavailable,unavailable,unavailable,unavailable,unavailable
yune,track-a-comparison,luna_pinyin,session_create_select_destroy,,41,1,17801.125,17801.125,191643648,191643648,unavailable,228065280,unavailable,unavailable,unavailable,unavailable,unavailable,unavailable
yune,track-a-comparison,luna_pinyin,session_create_select_destroy,,42,1,17825.333,17825.333,191643648,191643648,unavailable,228065280,unavailable,unavailable,unavailable,unavailable,unavailable,unavailable
yune,track-a-comparison,luna_pinyin,session_create_select_destroy,,43,1,18572.084,18572.084,191643648,191643648,unavailable,228065280,unavailable,unavailable,unavailable,unavailable,unavailable,unavailable
yune,track-a-comparison,luna_pinyin,session_create_select_destroy,,44,1,17727.334,17727.334,191643648,191660032,unavailable,228065280,unavailable,unavailable,unavailable,unavailable,unavailable,unavailable
yune,track-a-comparison,luna_pinyin,session_create_select_destroy,,45,1,17938.000,17938.000,191660032,191676416,unavailable,228065280,unavailable,unavailable,unavailable,unavailable,unavailable,unavailable
yune,track-a-comparison,luna_pinyin,session_create_select_destroy,,46,1,17892.583,17892.583,191676416,191676416,unavailable,228065280,unavailable,unavailable,unavailable,unavailable,unavailable,unavailable
yune,track-a-comparison,luna_pinyin,session_create_select_destroy,,47,1,17796.708,17796.708,191676416,191692800,unavailable,228065280,unavailable,unavailable,unavailable,unavailable,unavailable,unavailable
yune,track-a-comparison,luna_pinyin,session_create_select_destroy,,48,1,17829.875,17829.875,191692800,191709184,unavailable,228065280,unavailable,unavailable,unavailable,unavailable,unavailable,unavailable
yune,track-a-comparison,luna_pinyin,session_create_select_destroy,,49,1,17922.500,17922.500,191709184,191709184,unavailable,228065280,unavailable,unavailable,unavailable,unavailable,unavailable,unavailable
yune,track-a-comparison,luna_pinyin,session_create_select_destroy,,50,1,17837.375,17837.375,191709184,191709184,unavailable,228065280,unavailable,unavailable,unavailable,unavailable,unavailable,unavailable
yune,track-a-comparison,luna_pinyin,session_create_select_destroy,,51,1,17934.542,17934.542,191709184,191709184,unavailable,228065280,unavailable,unavailable,unavailable,unavailable,unavailable,unavailable
yune,track-a-comparison,luna_pinyin,session_create_select_destroy,,52,1,17854.042,17854.042,191709184,191709184,unavailable,228065280,unavailable,unavailable,unavailable,unavailable,unavailable,unavailable
yune,track-a-comparison,luna_pinyin,session_create_select_destroy,,53,1,17828.791,17828.791,191709184,191725568,unavailable,228065280,unavailable,unavailable,unavailable,unavailable,unavailable,unavailable
yune,track-a-comparison,luna_pinyin,session_create_select_destroy,,54,1,17877.459,17877.459,191725568,191741952,unavailable,228065280,unavailable,unavailable,unavailable,unavailable,unavailable,unavailable
yune,track-a-comparison,luna_pinyin,session_create_select_destroy,,55,1,17799.333,17799.333,191741952,191741952,unavailable,228065280,unavailable,unavailable,unavailable,unavailable,unavailable,unavailable
yune,track-a-comparison,luna_pinyin,session_create_select_destroy,,56,1,17848.625,17848.625,191741952,191741952,unavailable,228065280,unavailable,unavailable,unavailable,unavailable,unavailable,unavailable
yune,track-a-comparison,luna_pinyin,session_create_select_destroy,,57,1,17813.291,17813.291,191741952,191758336,unavailable,228065280,unavailable,unavailable,unavailable,unavailable,unavailable,unavailable
yune,track-a-comparison,luna_pinyin,session_create_select_destroy,,58,1,18006.541,18006.541,191758336,191758336,unavailable,228065280,unavailable,unavailable,unavailable,unavailable,unavailable,unavailable
yune,track-a-comparison,luna_pinyin,session_create_select_destroy,,59,1,17920.791,17920.791,191758336,191758336,unavailable,228065280,unavailable,unavailable,unavailable,unavailable,unavailable,unavailable
yune,track-a-comparison,luna_pinyin,key_sequence_process_with_context,n,0,1,63.166,63.166,191791104,191807488,unavailable,228065280,unavailable,unavailable,unavailable,unavailable,unavailable,unavailable
yune,track-a-comparison,luna_pinyin,key_sequence_process_with_context,n,1,1,63.833,63.833,191807488,191807488,unavailable,228065280,unavailable,unavailable,unavailable,unavailable,unavailable,unavailable
yune,track-a-comparison,luna_pinyin,key_sequence_process_with_context,n,2,1,63.958,63.958,191807488,191823872,unavailable,228065280,unavailable,unavailable,unavailable,unavailable,unavailable,unavailable
yune,track-a-comparison,luna_pinyin,key_sequence_process_with_context,n,3,1,64.333,64.333,191823872,191856640,unavailable,228065280,unavailable,unavailable,unavailable,unavailable,unavailable,unavailable
yune,track-a-comparison,luna_pinyin,key_sequence_process_with_context,n,4,1,62.833,62.833,191856640,191873024,unavailable,228065280,unavailable,unavailable,unavailable,unavailable,unavailable,unavailable
yune,track-a-comparison,luna_pinyin,key_sequence_process_with_context,n,5,1,62.459,62.459,191873024,191873024,unavailable,228065280,unavailable,unavailable,unavailable,unavailable,unavailable,unavailable
yune,track-a-comparison,luna_pinyin,key_sequence_process_with_context,n,6,1,62.458,62.458,191873024,191873024,unavailable,228065280,unavailable,unavailable,unavailable,unavailable,unavailable,unavailable
yune,track-a-comparison,luna_pinyin,key_sequence_process_with_context,n,7,1,62.834,62.834,191873024,191889408,unavailable,228065280,unavailable,unavailable,unavailable,unavailable,unavailable,unavailable
yune,track-a-comparison,luna_pinyin,key_sequence_process_with_context,n,8,1,62.292,62.292,191889408,191905792,unavailable,228065280,unavailable,unavailable,unavailable,unavailable,unavailable,unavailable
yune,track-a-comparison,luna_pinyin,key_sequence_process_with_context,n,9,1,62.292,62.292,191905792,191905792,unavailable,228065280,unavailable,unavailable,unavailable,unavailable,unavailable,unavailable
yune,track-a-comparison,luna_pinyin,key_sequence_process_with_context,n,10,1,62.250,62.250,191905792,191905792,unavailable,228065280,unavailable,unavailable,unavailable,unavailable,unavailable,unavailable
yune,track-a-comparison,luna_pinyin,key_sequence_process_with_context,n,11,1,62.250,62.250,191905792,191905792,unavailable,228065280,unavailable,unavailable,unavailable,unavailable,unavailable,unavailable
yune,track-a-comparison,luna_pinyin,key_sequence_process_with_context,n,12,1,62.125,62.125,191905792,191905792,unavailable,228065280,unavailable,unavailable,unavailable,unavailable,unavailable,unavailable
yune,track-a-comparison,luna_pinyin,key_sequence_process_with_context,n,13,1,62.042,62.042,191905792,191922176,unavailable,228065280,unavailable,unavailable,unavailable,unavailable,unavailable,unavailable
yune,track-a-comparison,luna_pinyin,key_sequence_process_with_context,n,14,1,62.584,62.584,191922176,191922176,unavailable,228065280,unavailable,unavailable,unavailable,unavailable,unavailable,unavailable
yune,track-a-comparison,luna_pinyin,key_sequence_process_with_context,n,15,1,62.166,62.166,191922176,191938560,unavailable,228065280,unavailable,unavailable,unavailable,unavailable,unavailable,unavailable
yune,track-a-comparison,luna_pinyin,key_sequence_process_with_context,n,16,1,62.542,62.542,191938560,191954944,unavailable,228065280,unavailable,unavailable,unavailable,unavailable,unavailable,unavailable
yune,track-a-comparison,luna_pinyin,key_sequence_process_with_context,n,17,1,62.542,62.542,191954944,191971328,unavailable,228065280,unavailable,unavailable,unavailable,unavailable,unavailable,unavailable
yune,track-a-comparison,luna_pinyin,key_sequence_process_with_context,n,18,1,62.333,62.333,191971328,191971328,unavailable,228065280,unavailable,unavailable,unavailable,unavailable,unavailable,unavailable
yune,track-a-comparison,luna_pinyin,key_sequence_process_with_context,n,19,1,62.083,62.083,191971328,191971328,unavailable,228065280,unavailable,unavailable,unavailable,unavailable,unavailable,unavailable
yune,track-a-comparison,luna_pinyin,key_sequence_process_with_context,n,20,1,62.292,62.292,191971328,191971328,unavailable,228065280,unavailable,unavailable,unavailable,unavailable,unavailable,unavailable
yune,track-a-comparison,luna_pinyin,key_sequence_process_with_context,n,21,1,62.209,62.209,191971328,191987712,unavailable,228065280,unavailable,unavailable,unavailable,unavailable,unavailable,unavailable
yune,track-a-comparison,luna_pinyin,key_sequence_process_with_context,n,22,1,62.334,62.334,191987712,191987712,unavailable,228065280,unavailable,unavailable,unavailable,unavailable,unavailable,unavailable
yune,track-a-comparison,luna_pinyin,key_sequence_process_with_context,n,23,1,62.167,62.167,191987712,191987712,unavailable,228065280,unavailable,unavailable,unavailable,unavailable,unavailable,unavailable
yune,track-a-comparison,luna_pinyin,key_sequence_process_with_context,n,24,1,62.209,62.209,191987712,191987712,unavailable,228065280,unavailable,unavailable,unavailable,unavailable,unavailable,unavailable
yune,track-a-comparison,luna_pinyin,key_sequence_process_with_context,n,25,1,62.250,62.250,191987712,192020480,unavailable,228065280,unavailable,unavailable,unavailable,unavailable,unavailable,unavailable
yune,track-a-comparison,luna_pinyin,key_sequence_process_with_context,n,26,1,62.333,62.333,192020480,192020480,unavailable,228065280,unavailable,unavailable,unavailable,unavailable,unavailable,unavailable
yune,track-a-comparison,luna_pinyin,key_sequence_process_with_context,n,27,1,62.250,62.250,192020480,192020480,unavailable,228065280,unavailable,unavailable,unavailable,unavailable,unavailable,unavailable
yune,track-a-comparison,luna_pinyin,key_sequence_process_with_context,n,28,1,62.208,62.208,192020480,192020480,unavailable,228065280,unavailable,unavailable,unavailable,unavailable,unavailable,unavailable
yune,track-a-comparison,luna_pinyin,key_sequence_process_with_context,n,29,1,62.083,62.083,192020480,192036864,unavailable,228065280,unavailable,unavailable,unavailable,unavailable,unavailable,unavailable
yune,track-a-comparison,luna_pinyin,key_sequence_process_with_context,n,30,1,62.250,62.250,192036864,192036864,unavailable,228065280,unavailable,unavailable,unavailable,unavailable,unavailable,unavailable
yune,track-a-comparison,luna_pinyin,key_sequence_process_with_context,n,31,1,62.333,62.333,192036864,192036864,unavailable,228065280,unavailable,unavailable,unavailable,unavailable,unavailable,unavailable
yune,track-a-comparison,luna_pinyin,key_sequence_process_with_context,n,32,1,62.167,62.167,192036864,192036864,unavailable,228065280,unavailable,unavailable,unavailable,unavailable,unavailable,unavailable
yune,track-a-comparison,luna_pinyin,key_sequence_process_with_context,n,33,1,62.208,62.208,192036864,192036864,unavailable,228065280,unavailable,unavailable,unavailable,unavailable,unavailable,unavailable
yune,track-a-comparison,luna_pinyin,key_sequence_process_with_context,n,34,1,62.167,62.167,192036864,192069632,unavailable,228065280,unavailable,unavailable,unavailable,unavailable,unavailable,unavailable
yune,track-a-comparison,luna_pinyin,key_sequence_process_with_context,n,35,1,70.666,70.666,192069632,192069632,unavailable,228065280,unavailable,unavailable,unavailable,unavailable,unavailable,unavailable
yune,track-a-comparison,luna_pinyin,key_sequence_process_with_context,n,36,1,62.584,62.584,192069632,192069632,unavailable,228065280,unavailable,unavailable,unavailable,unavailable,unavailable,unavailable
yune,track-a-comparison,luna_pinyin,key_sequence_process_with_context,n,37,1,62.417,62.417,192069632,192069632,unavailable,228065280,unavailable,unavailable,unavailable,unavailable,unavailable,unavailable
yune,track-a-comparison,luna_pinyin,key_sequence_process_with_context,n,38,1,62.416,62.416,192069632,192086016,unavailable,228065280,unavailable,unavailable,unavailable,unavailable,unavailable,unavailable
yune,track-a-comparison,luna_pinyin,key_sequence_process_with_context,n,39,1,62.375,62.375,192086016,192086016,unavailable,228065280,unavailable,unavailable,unavailable,unavailable,unavailable,unavailable
yune,track-a-comparison,luna_pinyin,key_sequence_process_with_context,n,40,1,62.333,62.333,192086016,192102400,unavailable,228065280,unavailable,unavailable,unavailable,unavailable,unavailable,unavailable
yune,track-a-comparison,luna_pinyin,key_sequence_process_with_context,n,41,1,62.458,62.458,192102400,192102400,unavailable,228065280,unavailable,unavailable,unavailable,unavailable,unavailable,unavailable
yune,track-a-comparison,luna_pinyin,key_sequence_process_with_context,n,42,1,62.334,62.334,192102400,192118784,unavailable,228065280,unavailable,unavailable,unavailable,unavailable,unavailable,unavailable
yune,track-a-comparison,luna_pinyin,key_sequence_process_with_context,n,43,1,68.792,68.792,192118784,192135168,unavailable,228065280,unavailable,unavailable,unavailable,unavailable,unavailable,unavailable
yune,track-a-comparison,luna_pinyin,key_sequence_process_with_context,n,44,1,63.375,63.375,192135168,192135168,unavailable,228065280,unavailable,unavailable,unavailable,unavailable,unavailable,unavailable
yune,track-a-comparison,luna_pinyin,key_sequence_process_with_context,n,45,1,62.333,62.333,192135168,192135168,unavailable,228065280,unavailable,unavailable,unavailable,unavailable,unavailable,unavailable
yune,track-a-comparison,luna_pinyin,key_sequence_process_with_context,n,46,1,62.375,62.375,192135168,192151552,unavailable,228065280,unavailable,unavailable,unavailable,unavailable,unavailable,unavailable
yune,track-a-comparison,luna_pinyin,key_sequence_process_with_context,n,47,1,62.500,62.500,192151552,192151552,unavailable,228065280,unavailable,unavailable,unavailable,unavailable,unavailable,unavailable
yune,track-a-comparison,luna_pinyin,key_sequence_process_with_context,n,48,1,62.334,62.334,192151552,192151552,unavailable,228065280,unavailable,unavailable,unavailable,unavailable,unavailable,unavailable
yune,track-a-comparison,luna_pinyin,key_sequence_process_with_context,n,49,1,62.375,62.375,192151552,192151552,unavailable,228065280,unavailable,unavailable,unavailable,unavailable,unavailable,unavailable
yune,track-a-comparison,luna_pinyin,key_sequence_process_with_context,n,50,1,62.292,62.292,192151552,192167936,unavailable,228065280,unavailable,unavailable,unavailable,unavailable,unavailable,unavailable
yune,track-a-comparison,luna_pinyin,key_sequence_process_with_context,n,51,1,62.416,62.416,192167936,192167936,unavailable,228065280,unavailable,unavailable,unavailable,unavailable,unavailable,unavailable
yune,track-a-comparison,luna_pinyin,key_sequence_process_with_context,n,52,1,62.209,62.209,192167936,192184320,unavailable,228065280,unavailable,unavailable,unavailable,unavailable,unavailable,unavailable
yune,track-a-comparison,luna_pinyin,key_sequence_process_with_context,n,53,1,109.334,109.334,192184320,192184320,unavailable,228065280,unavailable,unavailable,unavailable,unavailable,unavailable,unavailable
yune,track-a-comparison,luna_pinyin,key_sequence_process_with_context,n,54,1,69.167,69.167,192184320,192184320,unavailable,228065280,unavailable,unavailable,unavailable,unavailable,unavailable,unavailable
yune,track-a-comparison,luna_pinyin,key_sequence_process_with_context,n,55,1,65.125,65.125,192184320,192200704,unavailable,228065280,unavailable,unavailable,unavailable,unavailable,unavailable,unavailable
yune,track-a-comparison,luna_pinyin,key_sequence_process_with_context,n,56,1,64.041,64.041,192200704,192200704,unavailable,228065280,unavailable,unavailable,unavailable,unavailable,unavailable,unavailable
yune,track-a-comparison,luna_pinyin,key_sequence_process_with_context,n,57,1,63.417,63.417,192200704,192217088,unavailable,228065280,unavailable,unavailable,unavailable,unavailable,unavailable,unavailable
yune,track-a-comparison,luna_pinyin,key_sequence_process_with_context,n,58,1,63.209,63.209,192217088,192217088,unavailable,228065280,unavailable,unavailable,unavailable,unavailable,unavailable,unavailable
yune,track-a-comparison,luna_pinyin,key_sequence_process_with_context,n,59,1,62.625,62.625,192217088,192233472,unavailable,228065280,unavailable,unavailable,unavailable,unavailable,unavailable,unavailable
yune,track-a-comparison,luna_pinyin,key_sequence_process_with_context,n,60,1,62.667,62.667,192233472,192233472,unavailable,228065280,unavailable,unavailable,unavailable,unavailable,unavailable,unavailable
yune,track-a-comparison,luna_pinyin,key_sequence_process_with_context,n,61,1,62.625,62.625,192233472,192249856,unavailable,228065280,unavailable,unavailable,unavailable,unavailable,unavailable,unavailable
yune,track-a-comparison,luna_pinyin,key_sequence_process_with_context,n,62,1,62.625,62.625,192249856,192249856,unavailable,228065280,unavailable,unavailable,unavailable,unavailable,unavailable,unavailable
yune,track-a-comparison,luna_pinyin,key_sequence_process_with_context,n,63,1,62.667,62.667,192249856,192266240,unavailable,228065280,unavailable,unavailable,unavailable,unavailable,unavailable,unavailable
yune,track-a-comparison,luna_pinyin,key_sequence_process_with_context,n,64,1,62.541,62.541,192266240,192266240,unavailable,228065280,unavailable,unavailable,unavailable,unavailable,unavailable,unavailable
yune,track-a-comparison,luna_pinyin,key_sequence_process_with_context,n,65,1,62.500,62.500,192266240,192266240,unavailable,228065280,unavailable,unavailable,unavailable,unavailable,unavailable,unavailable
yune,track-a-comparison,luna_pinyin,key_sequence_process_with_context,n,66,1,62.500,62.500,192266240,192266240,unavailable,228065280,unavailable,unavailable,unavailable,unavailable,unavailable,unavailable
yune,track-a-comparison,luna_pinyin,key_sequence_process_with_context,n,67,1,62.458,62.458,192266240,192282624,unavailable,228065280,unavailable,unavailable,unavailable,unavailable,unavailable,unavailable
yune,track-a-comparison,luna_pinyin,key_sequence_process_with_context,n,68,1,62.417,62.417,192282624,192282624,unavailable,228065280,unavailable,unavailable,unavailable,unavailable,unavailable,unavailable
yune,track-a-comparison,luna_pinyin,key_sequence_process_with_context,n,69,1,62.250,62.250,192282624,192282624,unavailable,228065280,unavailable,unavailable,unavailable,unavailable,unavailable,unavailable
yune,track-a-comparison,luna_pinyin,key_sequence_process_with_context,n,70,1,62.500,62.500,192282624,192299008,unavailable,228065280,unavailable,unavailable,unavailable,unavailable,unavailable,unavailable
yune,track-a-comparison,luna_pinyin,key_sequence_process_with_context,n,71,1,62.625,62.625,192299008,192315392,unavailable,228065280,unavailable,unavailable,unavailable,unavailable,unavailable,unavailable
yune,track-a-comparison,luna_pinyin,key_sequence_process_with_context,n,72,1,62.833,62.833,192315392,192315392,unavailable,228065280,unavailable,unavailable,unavailable,unavailable,unavailable,unavailable
yune,track-a-comparison,luna_pinyin,key_sequence_process_with_context,n,73,1,62.625,62.625,192315392,192315392,unavailable,228065280,unavailable,unavailable,unavailable,unavailable,unavailable,unavailable
yune,track-a-comparison,luna_pinyin,key_sequence_process_with_context,n,74,1,85.750,85.750,192315392,192315392,unavailable,228065280,unavailable,unavailable,unavailable,unavailable,unavailable,unavailable
yune,track-a-comparison,luna_pinyin,key_sequence_process_with_context,n,75,1,85.792,85.792,192315392,192315392,unavailable,228065280,unavailable,unavailable,unavailable,unavailable,unavailable,unavailable
yune,track-a-comparison,luna_pinyin,key_sequence_process_with_context,n,76,1,67.042,67.042,192315392,192331776,unavailable,228065280,unavailable,unavailable,unavailable,unavailable,unavailable,unavailable
yune,track-a-comparison,luna_pinyin,key_sequence_process_with_context,n,77,1,65.833,65.833,192331776,192348160,unavailable,228065280,unavailable,unavailable,unavailable,unavailable,unavailable,unavailable
yune,track-a-comparison,luna_pinyin,key_sequence_process_with_context,n,78,1,63.500,63.500,192348160,192348160,unavailable,228065280,unavailable,unavailable,unavailable,unavailable,unavailable,unavailable
yune,track-a-comparison,luna_pinyin,key_sequence_process_with_context,n,79,1,62.917,62.917,192348160,192364544,unavailable,228065280,unavailable,unavailable,unavailable,unavailable,unavailable,unavailable
yune,track-a-comparison,luna_pinyin,key_sequence_process_with_context,ni,0,2,90.208,45.104,192413696,192430080,unavailable,228065280,unavailable,unavailable,unavailable,unavailable,unavailable,unavailable
yune,track-a-comparison,luna_pinyin,key_sequence_process_with_context,ni,1,2,96.625,48.312,192430080,192430080,unavailable,228065280,unavailable,unavailable,unavailable,unavailable,unavailable,unavailable
yune,track-a-comparison,luna_pinyin,key_sequence_process_with_context,ni,2,2,91.084,45.542,192430080,192430080,unavailable,228065280,unavailable,unavailable,unavailable,unavailable,unavailable,unavailable
yune,track-a-comparison,luna_pinyin,key_sequence_process_with_context,ni,3,2,89.333,44.666,192430080,192430080,unavailable,228065280,unavailable,unavailable,unavailable,unavailable,unavailable,unavailable
yune,track-a-comparison,luna_pinyin,key_sequence_process_with_context,ni,4,2,89.791,44.895,192430080,192446464,unavailable,228065280,unavailable,unavailable,unavailable,unavailable,unavailable,unavailable
yune,track-a-comparison,luna_pinyin,key_sequence_process_with_context,ni,5,2,89.166,44.583,192446464,192446464,unavailable,228065280,unavailable,unavailable,unavailable,unavailable,unavailable,unavailable
yune,track-a-comparison,luna_pinyin,key_sequence_process_with_context,ni,6,2,89.125,44.562,192446464,192446464,unavailable,228065280,unavailable,unavailable,unavailable,unavailable,unavailable,unavailable
yune,track-a-comparison,luna_pinyin,key_sequence_process_with_context,ni,7,2,89.292,44.646,192446464,192446464,unavailable,228065280,unavailable,unavailable,unavailable,unavailable,unavailable,unavailable
yune,track-a-comparison,luna_pinyin,key_sequence_process_with_context,ni,8,2,89.375,44.688,192446464,192479232,unavailable,228065280,unavailable,unavailable,unavailable,unavailable,unavailable,unavailable
yune,track-a-comparison,luna_pinyin,key_sequence_process_with_context,ni,9,2,89.250,44.625,192479232,192479232,unavailable,228065280,unavailable,unavailable,unavailable,unavailable,unavailable,unavailable
yune,track-a-comparison,luna_pinyin,key_sequence_process_with_context,ni,10,2,89.292,44.646,192479232,192479232,unavailable,228065280,unavailable,unavailable,unavailable,unavailable,unavailable,unavailable
yune,track-a-comparison,luna_pinyin,key_sequence_process_with_context,ni,11,2,89.375,44.688,192479232,192479232,unavailable,228065280,unavailable,unavailable,unavailable,unavailable,unavailable,unavailable
yune,track-a-comparison,luna_pinyin,key_sequence_process_with_context,ni,12,2,89.250,44.625,192479232,192495616,unavailable,228065280,unavailable,unavailable,unavailable,unavailable,unavailable,unavailable
yune,track-a-comparison,luna_pinyin,key_sequence_process_with_context,ni,13,2,89.167,44.584,192495616,192495616,unavailable,228065280,unavailable,unavailable,unavailable,unavailable,unavailable,unavailable
yune,track-a-comparison,luna_pinyin,key_sequence_process_with_context,ni,14,2,89.458,44.729,192495616,192495616,unavailable,228065280,unavailable,unavailable,unavailable,unavailable,unavailable,unavailable
yune,track-a-comparison,luna_pinyin,key_sequence_process_with_context,ni,15,2,88.833,44.416,192495616,192495616,unavailable,228065280,unavailable,unavailable,unavailable,unavailable,unavailable,unavailable
yune,track-a-comparison,luna_pinyin,key_sequence_process_with_context,ni,16,2,89.167,44.584,192495616,192495616,unavailable,228065280,unavailable,unavailable,unavailable,unavailable,unavailable,unavailable
yune,track-a-comparison,luna_pinyin,key_sequence_process_with_context,ni,17,2,89.375,44.688,192495616,192528384,unavailable,228065280,unavailable,unavailable,unavailable,unavailable,unavailable,unavailable
yune,track-a-comparison,luna_pinyin,key_sequence_process_with_context,ni,18,2,121.042,60.521,192528384,192528384,unavailable,228065280,unavailable,unavailable,unavailable,unavailable,unavailable,unavailable
yune,track-a-comparison,luna_pinyin,key_sequence_process_with_context,ni,19,2,94.583,47.291,192528384,192544768,unavailable,228065280,unavailable,unavailable,unavailable,unavailable,unavailable,unavailable
yune,track-a-comparison,luna_pinyin,key_sequence_process_with_context,ni,20,2,92.500,46.250,192544768,192544768,unavailable,228065280,unavailable,unavailable,unavailable,unavailable,unavailable,unavailable
yune,track-a-comparison,luna_pinyin,key_sequence_process_with_context,ni,21,2,150.333,75.166,192544768,192561152,unavailable,228065280,unavailable,unavailable,unavailable,unavailable,unavailable,unavailable
yune,track-a-comparison,luna_pinyin,key_sequence_process_with_context,ni,22,2,94.125,47.062,192561152,192561152,unavailable,228065280,unavailable,unavailable,unavailable,unavailable,unavailable,unavailable
yune,track-a-comparison,luna_pinyin,key_sequence_process_with_context,ni,23,2,89.834,44.917,192561152,192561152,unavailable,228065280,unavailable,unavailable,unavailable,unavailable,unavailable,unavailable
yune,track-a-comparison,luna_pinyin,key_sequence_process_with_context,ni,24,2,89.584,44.792,192561152,192561152,unavailable,228065280,unavailable,unavailable,unavailable,unavailable,unavailable,unavailable
yune,track-a-comparison,luna_pinyin,key_sequence_process_with_context,ni,25,2,89.834,44.917,192561152,192577536,unavailable,228065280,unavailable,unavailable,unavailable,unavailable,unavailable,unavailable
yune,track-a-comparison,luna_pinyin,key_sequence_process_with_context,ni,26,2,89.750,44.875,192577536,192593920,unavailable,228065280,unavailable,unavailable,unavailable,unavailable,unavailable,unavailable
yune,track-a-comparison,luna_pinyin,key_sequence_process_with_context,ni,27,2,89.750,44.875,192593920,192593920,unavailable,228065280,unavailable,unavailable,unavailable,unavailable,unavailable,unavailable
yune,track-a-comparison,luna_pinyin,key_sequence_process_with_context,ni,28,2,97.209,48.605,192593920,192593920,unavailable,228065280,unavailable,unavailable,unavailable,unavailable,unavailable,unavailable
yune,track-a-comparison,luna_pinyin,key_sequence_process_with_context,ni,29,2,91.916,45.958,192593920,192610304,unavailable,228065280,unavailable,unavailable,unavailable,unavailable,unavailable,unavailable
yune,track-a-comparison,luna_pinyin,key_sequence_process_with_context,ni,30,2,89.584,44.792,192610304,192610304,unavailable,228065280,unavailable,unavailable,unavailable,unavailable,unavailable,unavailable
yune,track-a-comparison,luna_pinyin,key_sequence_process_with_context,ni,31,2,89.125,44.562,192610304,192610304,unavailable,228065280,unavailable,unavailable,unavailable,unavailable,unavailable,unavailable
yune,track-a-comparison,luna_pinyin,key_sequence_process_with_context,ni,32,2,89.083,44.541,192610304,192610304,unavailable,228065280,unavailable,unavailable,unavailable,unavailable,unavailable,unavailable
yune,track-a-comparison,luna_pinyin,key_sequence_process_with_context,ni,33,2,89.000,44.500,192610304,192643072,unavailable,228065280,unavailable,unavailable,unavailable,unavailable,unavailable,unavailable
yune,track-a-comparison,luna_pinyin,key_sequence_process_with_context,ni,34,2,89.542,44.771,192643072,192659456,unavailable,228065280,unavailable,unavailable,unavailable,unavailable,unavailable,unavailable
yune,track-a-comparison,luna_pinyin,key_sequence_process_with_context,ni,35,2,89.250,44.625,192659456,192659456,unavailable,228065280,unavailable,unavailable,unavailable,unavailable,unavailable,unavailable
yune,track-a-comparison,luna_pinyin,key_sequence_process_with_context,ni,36,2,89.208,44.604,192659456,192659456,unavailable,228065280,unavailable,unavailable,unavailable,unavailable,unavailable,unavailable
yune,track-a-comparison,luna_pinyin,key_sequence_process_with_context,ni,37,2,91.917,45.958,192659456,192659456,unavailable,228065280,unavailable,unavailable,unavailable,unavailable,unavailable,unavailable
yune,track-a-comparison,luna_pinyin,key_sequence_process_with_context,ni,38,2,89.333,44.666,192659456,192692224,unavailable,228065280,unavailable,unavailable,unavailable,unavailable,unavailable,unavailable
yune,track-a-comparison,luna_pinyin,key_sequence_process_with_context,ni,39,2,89.209,44.605,192692224,192692224,unavailable,228065280,unavailable,unavailable,unavailable,unavailable,unavailable,unavailable
yune,track-a-comparison,luna_pinyin,key_sequence_process_with_context,ni,40,2,89.167,44.584,192692224,192692224,unavailable,228065280,unavailable,unavailable,unavailable,unavailable,unavailable,unavailable
yune,track-a-comparison,luna_pinyin,key_sequence_process_with_context,ni,41,2,89.042,44.521,192692224,192692224,unavailable,228065280,unavailable,unavailable,unavailable,unavailable,unavailable,unavailable
yune,track-a-comparison,luna_pinyin,key_sequence_process_with_context,ni,42,2,89.083,44.541,192692224,192708608,unavailable,228065280,unavailable,unavailable,unavailable,unavailable,unavailable,unavailable
yune,track-a-comparison,luna_pinyin,key_sequence_process_with_context,ni,43,2,89.000,44.500,192708608,192724992,unavailable,228065280,unavailable,unavailable,unavailable,unavailable,unavailable,unavailable
yune,track-a-comparison,luna_pinyin,key_sequence_process_with_context,ni,44,2,89.000,44.500,192724992,192724992,unavailable,228065280,unavailable,unavailable,unavailable,unavailable,unavailable,unavailable
yune,track-a-comparison,luna_pinyin,key_sequence_process_with_context,ni,45,2,89.042,44.521,192724992,192741376,unavailable,228065280,unavailable,unavailable,unavailable,unavailable,unavailable,unavailable
yune,track-a-comparison,luna_pinyin,key_sequence_process_with_context,ni,46,2,88.917,44.459,192741376,192757760,unavailable,228065280,unavailable,unavailable,unavailable,unavailable,unavailable,unavailable
yune,track-a-comparison,luna_pinyin,key_sequence_process_with_context,ni,47,2,89.333,44.666,192757760,192757760,unavailable,228065280,unavailable,unavailable,unavailable,unavailable,unavailable,unavailable
yune,track-a-comparison,luna_pinyin,key_sequence_process_with_context,ni,48,2,89.334,44.667,192757760,192757760,unavailable,228065280,unavailable,unavailable,unavailable,unavailable,unavailable,unavailable
yune,track-a-comparison,luna_pinyin,key_sequence_process_with_context,ni,49,2,88.917,44.459,192757760,192757760,unavailable,228065280,unavailable,unavailable,unavailable,unavailable,unavailable,unavailable
yune,track-a-comparison,luna_pinyin,key_sequence_process_with_context,ni,50,2,89.125,44.562,192757760,192774144,unavailable,228065280,unavailable,unavailable,unavailable,unavailable,unavailable,unavailable
yune,track-a-comparison,luna_pinyin,key_sequence_process_with_context,ni,51,2,89.292,44.646,192774144,192774144,unavailable,228065280,unavailable,unavailable,unavailable,unavailable,unavailable,unavailable
yune,track-a-comparison,luna_pinyin,key_sequence_process_with_context,ni,52,2,89.583,44.791,192774144,192806912,unavailable,228065280,unavailable,unavailable,unavailable,unavailable,unavailable,unavailable
yune,track-a-comparison,luna_pinyin,key_sequence_process_with_context,ni,53,2,89.250,44.625,192806912,192806912,unavailable,228065280,unavailable,unavailable,unavailable,unavailable,unavailable,unavailable
yune,track-a-comparison,luna_pinyin,key_sequence_process_with_context,ni,54,2,89.250,44.625,192806912,192823296,unavailable,228065280,unavailable,unavailable,unavailable,unavailable,unavailable,unavailable
yune,track-a-comparison,luna_pinyin,key_sequence_process_with_context,ni,55,2,89.083,44.541,192823296,192823296,unavailable,228065280,unavailable,unavailable,unavailable,unavailable,unavailable,unavailable
yune,track-a-comparison,luna_pinyin,key_sequence_process_with_context,ni,56,2,89.334,44.667,192823296,192823296,unavailable,228065280,unavailable,unavailable,unavailable,unavailable,unavailable,unavailable
yune,track-a-comparison,luna_pinyin,key_sequence_process_with_context,ni,57,2,89.250,44.625,192823296,192823296,unavailable,228065280,unavailable,unavailable,unavailable,unavailable,unavailable,unavailable
yune,track-a-comparison,luna_pinyin,key_sequence_process_with_context,ni,58,2,89.125,44.562,192823296,192823296,unavailable,228065280,unavailable,unavailable,unavailable,unavailable,unavailable,unavailable
yune,track-a-comparison,luna_pinyin,key_sequence_process_with_context,ni,59,2,89.167,44.584,192823296,192856064,unavailable,228065280,unavailable,unavailable,unavailable,unavailable,unavailable,unavailable
yune,track-a-comparison,luna_pinyin,key_sequence_process_with_context,ni,60,2,89.125,44.562,192856064,192856064,unavailable,228065280,unavailable,unavailable,unavailable,unavailable,unavailable,unavailable
yune,track-a-comparison,luna_pinyin,key_sequence_process_with_context,ni,61,2,89.375,44.688,192856064,192888832,unavailable,228065280,unavailable,unavailable,unavailable,unavailable,unavailable,unavailable
yune,track-a-comparison,luna_pinyin,key_sequence_process_with_context,ni,62,2,88.959,44.480,192888832,192888832,unavailable,228065280,unavailable,unavailable,unavailable,unavailable,unavailable,unavailable
yune,track-a-comparison,luna_pinyin,key_sequence_process_with_context,ni,63,2,89.083,44.541,192888832,192905216,unavailable,228065280,unavailable,unavailable,unavailable,unavailable,unavailable,unavailable
yune,track-a-comparison,luna_pinyin,key_sequence_process_with_context,ni,64,2,89.250,44.625,192905216,192905216,unavailable,228065280,unavailable,unavailable,unavailable,unavailable,unavailable,unavailable
yune,track-a-comparison,luna_pinyin,key_sequence_process_with_context,ni,65,2,89.208,44.604,192905216,192905216,unavailable,228065280,unavailable,unavailable,unavailable,unavailable,unavailable,unavailable
yune,track-a-comparison,luna_pinyin,key_sequence_process_with_context,ni,66,2,89.083,44.541,192905216,192921600,unavailable,228065280,unavailable,unavailable,unavailable,unavailable,unavailable,unavailable
yune,track-a-comparison,luna_pinyin,key_sequence_process_with_context,ni,67,2,89.042,44.521,192921600,192937984,unavailable,228065280,unavailable,unavailable,unavailable,unavailable,unavailable,unavailable
yune,track-a-comparison,luna_pinyin,key_sequence_process_with_context,ni,68,2,89.583,44.791,192937984,192937984,unavailable,228065280,unavailable,unavailable,unavailable,unavailable,unavailable,unavailable
yune,track-a-comparison,luna_pinyin,key_sequence_process_with_context,ni,69,2,89.125,44.562,192937984,192937984,unavailable,228065280,unavailable,unavailable,unavailable,unavailable,unavailable,unavailable
yune,track-a-comparison,luna_pinyin,key_sequence_process_with_context,ni,70,2,91.208,45.604,192937984,192970752,unavailable,228065280,unavailable,unavailable,unavailable,unavailable,unavailable,unavailable
yune,track-a-comparison,luna_pinyin,key_sequence_process_with_context,ni,71,2,89.250,44.625,192970752,192987136,unavailable,228065280,unavailable,unavailable,unavailable,unavailable,unavailable,unavailable
yune,track-a-comparison,luna_pinyin,key_sequence_process_with_context,ni,72,2,89.250,44.625,192987136,192987136,unavailable,228065280,unavailable,unavailable,unavailable,unavailable,unavailable,unavailable
yune,track-a-comparison,luna_pinyin,key_sequence_process_with_context,ni,73,2,89.167,44.584,192987136,193003520,unavailable,228065280,unavailable,unavailable,unavailable,unavailable,unavailable,unavailable
yune,track-a-comparison,luna_pinyin,key_sequence_process_with_context,ni,74,2,89.708,44.854,193003520,193003520,unavailable,228065280,unavailable,unavailable,unavailable,unavailable,unavailable,unavailable
yune,track-a-comparison,luna_pinyin,key_sequence_process_with_context,ni,75,2,89.625,44.812,193003520,193019904,unavailable,228065280,unavailable,unavailable,unavailable,unavailable,unavailable,unavailable
yune,track-a-comparison,luna_pinyin,key_sequence_process_with_context,ni,76,2,89.375,44.688,193019904,193019904,unavailable,228065280,unavailable,unavailable,unavailable,unavailable,unavailable,unavailable
yune,track-a-comparison,luna_pinyin,key_sequence_process_with_context,ni,77,2,89.083,44.541,193019904,193019904,unavailable,228065280,unavailable,unavailable,unavailable,unavailable,unavailable,unavailable
yune,track-a-comparison,luna_pinyin,key_sequence_process_with_context,ni,78,2,91.958,45.979,193019904,193019904,unavailable,228065280,unavailable,unavailable,unavailable,unavailable,unavailable,unavailable
yune,track-a-comparison,luna_pinyin,key_sequence_process_with_context,ni,79,2,88.958,44.479,193019904,193036288,unavailable,228065280,unavailable,unavailable,unavailable,unavailable,unavailable,unavailable
yune,track-a-comparison,luna_pinyin,key_sequence_process_with_context,hao,0,3,77.334,25.778,193085440,193118208,unavailable,228065280,unavailable,unavailable,unavailable,unavailable,unavailable,unavailable
yune,track-a-comparison,luna_pinyin,key_sequence_process_with_context,hao,1,3,78.833,26.278,193118208,193118208,unavailable,228065280,unavailable,unavailable,unavailable,unavailable,unavailable,unavailable
yune,track-a-comparison,luna_pinyin,key_sequence_process_with_context,hao,2,3,76.875,25.625,193118208,193118208,unavailable,228065280,unavailable,unavailable,unavailable,unavailable,unavailable,unavailable
yune,track-a-comparison,luna_pinyin,key_sequence_process_with_context,hao,3,3,75.875,25.292,193118208,193118208,unavailable,228065280,unavailable,unavailable,unavailable,unavailable,unavailable,unavailable
yune,track-a-comparison,luna_pinyin,key_sequence_process_with_context,hao,4,3,75.458,25.153,193118208,193134592,unavailable,228065280,unavailable,unavailable,unavailable,unavailable,unavailable,unavailable
yune,track-a-comparison,luna_pinyin,key_sequence_process_with_context,hao,5,3,76.334,25.445,193134592,193134592,unavailable,228065280,unavailable,unavailable,unavailable,unavailable,unavailable,unavailable
yune,track-a-comparison,luna_pinyin,key_sequence_process_with_context,hao,6,3,75.708,25.236,193134592,193134592,unavailable,228065280,unavailable,unavailable,unavailable,unavailable,unavailable,unavailable
yune,track-a-comparison,luna_pinyin,key_sequence_process_with_context,hao,7,3,74.959,24.986,193134592,193150976,unavailable,228065280,unavailable,unavailable,unavailable,unavailable,unavailable,unavailable
yune,track-a-comparison,luna_pinyin,key_sequence_process_with_context,hao,8,3,75.542,25.181,193150976,193183744,unavailable,228065280,unavailable,unavailable,unavailable,unavailable,unavailable,unavailable
yune,track-a-comparison,luna_pinyin,key_sequence_process_with_context,hao,9,3,75.208,25.069,193183744,193183744,unavailable,228065280,unavailable,unavailable,unavailable,unavailable,unavailable,unavailable
yune,track-a-comparison,luna_pinyin,key_sequence_process_with_context,hao,10,3,75.417,25.139,193183744,193183744,unavailable,228065280,unavailable,unavailable,unavailable,unavailable,unavailable,unavailable
yune,track-a-comparison,luna_pinyin,key_sequence_process_with_context,hao,11,3,75.166,25.055,193183744,193183744,unavailable,228065280,unavailable,unavailable,unavailable,unavailable,unavailable,unavailable
yune,track-a-comparison,luna_pinyin,key_sequence_process_with_context,hao,12,3,75.625,25.208,193183744,193200128,unavailable,228065280,unavailable,unavailable,unavailable,unavailable,unavailable,unavailable
yune,track-a-comparison,luna_pinyin,key_sequence_process_with_context,hao,13,3,77.209,25.736,193200128,193200128,unavailable,228065280,unavailable,unavailable,unavailable,unavailable,unavailable,unavailable
yune,track-a-comparison,luna_pinyin,key_sequence_process_with_context,hao,14,3,75.625,25.208,193200128,193216512,unavailable,228065280,unavailable,unavailable,unavailable,unavailable,unavailable,unavailable
yune,track-a-comparison,luna_pinyin,key_sequence_process_with_context,hao,15,3,75.000,25.000,193216512,193232896,unavailable,228065280,unavailable,unavailable,unavailable,unavailable,unavailable,unavailable
yune,track-a-comparison,luna_pinyin,key_sequence_process_with_context,hao,16,3,75.166,25.055,193232896,193249280,unavailable,228065280,unavailable,unavailable,unavailable,unavailable,unavailable,unavailable
yune,track-a-comparison,luna_pinyin,key_sequence_process_with_context,hao,17,3,75.167,25.056,193249280,193265664,unavailable,228065280,unavailable,unavailable,unavailable,unavailable,unavailable,unavailable
yune,track-a-comparison,luna_pinyin,key_sequence_process_with_context,hao,18,3,75.209,25.070,193265664,193265664,unavailable,228065280,unavailable,unavailable,unavailable,unavailable,unavailable,unavailable
yune,track-a-comparison,luna_pinyin,key_sequence_process_with_context,hao,19,3,75.084,25.028,193265664,193265664,unavailable,228065280,unavailable,unavailable,unavailable,unavailable,unavailable,unavailable
yune,track-a-comparison,luna_pinyin,key_sequence_process_with_context,hao,20,3,75.125,25.042,193265664,193265664,unavailable,228065280,unavailable,unavailable,unavailable,unavailable,unavailable,unavailable
yune,track-a-comparison,luna_pinyin,key_sequence_process_with_context,hao,21,3,75.041,25.014,193265664,193298432,unavailable,228065280,unavailable,unavailable,unavailable,unavailable,unavailable,unavailable
yune,track-a-comparison,luna_pinyin,key_sequence_process_with_context,hao,22,3,75.209,25.070,193298432,193298432,unavailable,228065280,unavailable,unavailable,unavailable,unavailable,unavailable,unavailable
yune,track-a-comparison,luna_pinyin,key_sequence_process_with_context,hao,23,3,75.000,25.000,193298432,193298432,unavailable,228065280,unavailable,unavailable,unavailable,unavailable,unavailable,unavailable
yune,track-a-comparison,luna_pinyin,key_sequence_process_with_context,hao,24,3,75.208,25.069,193298432,193298432,unavailable,228065280,unavailable,unavailable,unavailable,unavailable,unavailable,unavailable
yune,track-a-comparison,luna_pinyin,key_sequence_process_with_context,hao,25,3,74.750,24.917,193298432,193314816,unavailable,228065280,unavailable,unavailable,unavailable,unavailable,unavailable,unavailable
yune,track-a-comparison,luna_pinyin,key_sequence_process_with_context,hao,26,3,75.167,25.056,193314816,193347584,unavailable,228065280,unavailable,unavailable,unavailable,unavailable,unavailable,unavailable
yune,track-a-comparison,luna_pinyin,key_sequence_process_with_context,hao,27,3,75.291,25.097,193347584,193347584,unavailable,228065280,unavailable,unavailable,unavailable,unavailable,unavailable,unavailable
yune,track-a-comparison,luna_pinyin,key_sequence_process_with_context,hao,28,3,75.250,25.083,193347584,193363968,unavailable,228065280,unavailable,unavailable,unavailable,unavailable,unavailable,unavailable
yune,track-a-comparison,luna_pinyin,key_sequence_process_with_context,hao,29,3,75.292,25.097,193363968,193380352,unavailable,228065280,unavailable,unavailable,unavailable,unavailable,unavailable,unavailable
yune,track-a-comparison,luna_pinyin,key_sequence_process_with_context,hao,30,3,75.416,25.139,193380352,193380352,unavailable,228065280,unavailable,unavailable,unavailable,unavailable,unavailable,unavailable
yune,track-a-comparison,luna_pinyin,key_sequence_process_with_context,hao,31,3,75.041,25.014,193380352,193380352,unavailable,228065280,unavailable,unavailable,unavailable,unavailable,unavailable,unavailable
yune,track-a-comparison,luna_pinyin,key_sequence_process_with_context,hao,32,3,75.375,25.125,193380352,193380352,unavailable,228065280,unavailable,unavailable,unavailable,unavailable,unavailable,unavailable
yune,track-a-comparison,luna_pinyin,key_sequence_process_with_context,hao,33,3,75.583,25.194,193380352,193396736,unavailable,228065280,unavailable,unavailable,unavailable,unavailable,unavailable,unavailable
yune,track-a-comparison,luna_pinyin,key_sequence_process_with_context,hao,34,3,75.041,25.014,193396736,193396736,unavailable,228065280,unavailable,unavailable,unavailable,unavailable,unavailable,unavailable
yune,track-a-comparison,luna_pinyin,key_sequence_process_with_context,hao,35,3,75.000,25.000,193396736,193413120,unavailable,228065280,unavailable,unavailable,unavailable,unavailable,unavailable,unavailable
yune,track-a-comparison,luna_pinyin,key_sequence_process_with_context,hao,36,3,76.292,25.431,193413120,193429504,unavailable,228065280,unavailable,unavailable,unavailable,unavailable,unavailable,unavailable
yune,track-a-comparison,luna_pinyin,key_sequence_process_with_context,hao,37,3,75.375,25.125,193429504,193445888,unavailable,228065280,unavailable,unavailable,unavailable,unavailable,unavailable,unavailable
yune,track-a-comparison,luna_pinyin,key_sequence_process_with_context,hao,38,3,75.583,25.194,193445888,193445888,unavailable,228065280,unavailable,unavailable,unavailable,unavailable,unavailable,unavailable
yune,track-a-comparison,luna_pinyin,key_sequence_process_with_context,hao,39,3,75.209,25.070,193445888,193445888,unavailable,228065280,unavailable,unavailable,unavailable,unavailable,unavailable,unavailable
yune,track-a-comparison,luna_pinyin,key_sequence_process_with_context,hao,40,3,75.250,25.083,193445888,193445888,unavailable,228065280,unavailable,unavailable,unavailable,unavailable,unavailable,unavailable
yune,track-a-comparison,luna_pinyin,key_sequence_process_with_context,hao,41,3,76.375,25.458,193445888,193445888,unavailable,228065280,unavailable,unavailable,unavailable,unavailable,unavailable,unavailable
yune,track-a-comparison,luna_pinyin,key_sequence_process_with_context,hao,42,3,75.167,25.056,193445888,193462272,unavailable,228065280,unavailable,unavailable,unavailable,unavailable,unavailable,unavailable
yune,track-a-comparison,luna_pinyin,key_sequence_process_with_context,hao,43,3,75.417,25.139,193462272,193478656,unavailable,228065280,unavailable,unavailable,unavailable,unavailable,unavailable,unavailable
yune,track-a-comparison,luna_pinyin,key_sequence_process_with_context,hao,44,3,75.209,25.070,193478656,193495040,unavailable,228065280,unavailable,unavailable,unavailable,unavailable,unavailable,unavailable
yune,track-a-comparison,luna_pinyin,key_sequence_process_with_context,hao,45,3,75.417,25.139,193495040,193495040,unavailable,228065280,unavailable,unavailable,unavailable,unavailable,unavailable,unavailable
yune,track-a-comparison,luna_pinyin,key_sequence_process_with_context,hao,46,3,75.458,25.153,193495040,193511424,unavailable,228065280,unavailable,unavailable,unavailable,unavailable,unavailable,unavailable
yune,track-a-comparison,luna_pinyin,key_sequence_process_with_context,hao,47,3,75.292,25.097,193511424,193511424,unavailable,228065280,unavailable,unavailable,unavailable,unavailable,unavailable,unavailable
yune,track-a-comparison,luna_pinyin,key_sequence_process_with_context,hao,48,3,75.250,25.083,193511424,193511424,unavailable,228065280,unavailable,unavailable,unavailable,unavailable,unavailable,unavailable
yune,track-a-comparison,luna_pinyin,key_sequence_process_with_context,hao,49,3,75.833,25.278,193511424,193511424,unavailable,228065280,unavailable,unavailable,unavailable,unavailable,unavailable,unavailable
yune,track-a-comparison,luna_pinyin,key_sequence_process_with_context,hao,50,3,75.291,25.097,193511424,193544192,unavailable,228065280,unavailable,unavailable,unavailable,unavailable,unavailable,unavailable
yune,track-a-comparison,luna_pinyin,key_sequence_process_with_context,hao,51,3,75.375,25.125,193544192,193544192,unavailable,228065280,unavailable,unavailable,unavailable,unavailable,unavailable,unavailable
yune,track-a-comparison,luna_pinyin,key_sequence_process_with_context,hao,52,3,78.375,26.125,193544192,193544192,unavailable,228065280,unavailable,unavailable,unavailable,unavailable,unavailable,unavailable
yune,track-a-comparison,luna_pinyin,key_sequence_process_with_context,hao,53,3,75.458,25.153,193544192,193560576,unavailable,228065280,unavailable,unavailable,unavailable,unavailable,unavailable,unavailable
yune,track-a-comparison,luna_pinyin,key_sequence_process_with_context,hao,54,3,75.375,25.125,193560576,193576960,unavailable,228065280,unavailable,unavailable,unavailable,unavailable,unavailable,unavailable
yune,track-a-comparison,luna_pinyin,key_sequence_process_with_context,hao,55,3,75.250,25.083,193576960,193576960,unavailable,228065280,unavailable,unavailable,unavailable,unavailable,unavailable,unavailable
yune,track-a-comparison,luna_pinyin,key_sequence_process_with_context,hao,56,3,75.334,25.111,193576960,193576960,unavailable,228065280,unavailable,unavailable,unavailable,unavailable,unavailable,unavailable
yune,track-a-comparison,luna_pinyin,key_sequence_process_with_context,hao,57,3,75.041,25.014,193576960,193609728,unavailable,228065280,unavailable,unavailable,unavailable,unavailable,unavailable,unavailable
yune,track-a-comparison,luna_pinyin,key_sequence_process_with_context,hao,58,3,75.333,25.111,193609728,193626112,unavailable,228065280,unavailable,unavailable,unavailable,unavailable,unavailable,unavailable
yune,track-a-comparison,luna_pinyin,key_sequence_process_with_context,hao,59,3,75.125,25.042,193626112,193626112,unavailable,228065280,unavailable,unavailable,unavailable,unavailable,unavailable,unavailable
yune,track-a-comparison,luna_pinyin,key_sequence_process_with_context,hao,60,3,75.250,25.083,193626112,193626112,unavailable,228065280,unavailable,unavailable,unavailable,unavailable,unavailable,unavailable
yune,track-a-comparison,luna_pinyin,key_sequence_process_with_context,hao,61,3,75.541,25.180,193626112,193626112,unavailable,228065280,unavailable,unavailable,unavailable,unavailable,unavailable,unavailable
yune,track-a-comparison,luna_pinyin,key_sequence_process_with_context,hao,62,3,75.292,25.097,193626112,193642496,unavailable,228065280,unavailable,unavailable,unavailable,unavailable,unavailable,unavailable
yune,track-a-comparison,luna_pinyin,key_sequence_process_with_context,hao,63,3,75.667,25.222,193642496,193675264,unavailable,228065280,unavailable,unavailable,unavailable,unavailable,unavailable,unavailable
yune,track-a-comparison,luna_pinyin,key_sequence_process_with_context,hao,64,3,75.417,25.139,193675264,193691648,unavailable,228065280,unavailable,unavailable,unavailable,unavailable,unavailable,unavailable
yune,track-a-comparison,luna_pinyin,key_sequence_process_with_context,hao,65,3,75.292,25.097,193691648,193691648,unavailable,228065280,unavailable,unavailable,unavailable,unavailable,unavailable,unavailable
yune,track-a-comparison,luna_pinyin,key_sequence_process_with_context,hao,66,3,75.250,25.083,193691648,193691648,unavailable,228065280,unavailable,unavailable,unavailable,unavailable,unavailable,unavailable
yune,track-a-comparison,luna_pinyin,key_sequence_process_with_context,hao,67,3,75.375,25.125,193691648,193708032,unavailable,228065280,unavailable,unavailable,unavailable,unavailable,unavailable,unavailable
yune,track-a-comparison,luna_pinyin,key_sequence_process_with_context,hao,68,3,75.250,25.083,193708032,193708032,unavailable,228065280,unavailable,unavailable,unavailable,unavailable,unavailable,unavailable
yune,track-a-comparison,luna_pinyin,key_sequence_process_with_context,hao,69,3,75.042,25.014,193708032,193708032,unavailable,228065280,unavailable,unavailable,unavailable,unavailable,unavailable,unavailable
yune,track-a-comparison,luna_pinyin,key_sequence_process_with_context,hao,70,3,75.083,25.028,193708032,193708032,unavailable,228065280,unavailable,unavailable,unavailable,unavailable,unavailable,unavailable
yune,track-a-comparison,luna_pinyin,key_sequence_process_with_context,hao,71,3,75.167,25.056,193708032,193757184,unavailable,228065280,unavailable,unavailable,unavailable,unavailable,unavailable,unavailable
yune,track-a-comparison,luna_pinyin,key_sequence_process_with_context,hao,72,3,75.167,25.056,193757184,193757184,unavailable,228065280,unavailable,unavailable,unavailable,unavailable,unavailable,unavailable
yune,track-a-comparison,luna_pinyin,key_sequence_process_with_context,hao,73,3,75.209,25.070,193757184,193757184,unavailable,228065280,unavailable,unavailable,unavailable,unavailable,unavailable,unavailable
yune,track-a-comparison,luna_pinyin,key_sequence_process_with_context,hao,74,3,75.292,25.097,193757184,193757184,unavailable,228065280,unavailable,unavailable,unavailable,unavailable,unavailable,unavailable
yune,track-a-comparison,luna_pinyin,key_sequence_process_with_context,hao,75,3,128.500,42.833,193757184,193773568,unavailable,228065280,unavailable,unavailable,unavailable,unavailable,unavailable,unavailable
yune,track-a-comparison,luna_pinyin,key_sequence_process_with_context,hao,76,3,75.916,25.305,193773568,193773568,unavailable,228065280,unavailable,unavailable,unavailable,unavailable,unavailable,unavailable
yune,track-a-comparison,luna_pinyin,key_sequence_process_with_context,hao,77,3,75.417,25.139,193773568,193773568,unavailable,228065280,unavailable,unavailable,unavailable,unavailable,unavailable,unavailable
yune,track-a-comparison,luna_pinyin,key_sequence_process_with_context,hao,78,3,75.333,25.111,193773568,193789952,unavailable,228065280,unavailable,unavailable,unavailable,unavailable,unavailable,unavailable
yune,track-a-comparison,luna_pinyin,key_sequence_process_with_context,hao,79,3,75.458,25.153,193789952,193806336,unavailable,228065280,unavailable,unavailable,unavailable,unavailable,unavailable,unavailable
yune,track-a-comparison,luna_pinyin,key_sequence_process_with_context,zhongguo,0,8,345.584,43.198,193871872,193871872,unavailable,228065280,unavailable,unavailable,unavailable,unavailable,unavailable,unavailable
yune,track-a-comparison,luna_pinyin,key_sequence_process_with_context,zhongguo,1,8,350.458,43.807,193871872,193871872,unavailable,228065280,unavailable,unavailable,unavailable,unavailable,unavailable,unavailable
yune,track-a-comparison,luna_pinyin,key_sequence_process_with_context,zhongguo,2,8,342.208,42.776,193871872,193871872,unavailable,228065280,unavailable,unavailable,unavailable,unavailable,unavailable,unavailable
yune,track-a-comparison,luna_pinyin,key_sequence_process_with_context,zhongguo,3,8,340.500,42.562,193871872,193871872,unavailable,228065280,unavailable,unavailable,unavailable,unavailable,unavailable,unavailable
yune,track-a-comparison,luna_pinyin,key_sequence_process_with_context,zhongguo,4,8,376.875,47.109,193871872,193888256,unavailable,228065280,unavailable,unavailable,unavailable,unavailable,unavailable,unavailable
yune,track-a-comparison,luna_pinyin,key_sequence_process_with_context,zhongguo,5,8,390.209,48.776,193888256,193904640,unavailable,228065280,unavailable,unavailable,unavailable,unavailable,unavailable,unavailable
yune,track-a-comparison,luna_pinyin,key_sequence_process_with_context,zhongguo,6,8,360.708,45.089,193904640,193904640,unavailable,228065280,unavailable,unavailable,unavailable,unavailable,unavailable,unavailable
yune,track-a-comparison,luna_pinyin,key_sequence_process_with_context,zhongguo,7,8,350.958,43.870,193904640,193904640,unavailable,228065280,unavailable,unavailable,unavailable,unavailable,unavailable,unavailable
yune,track-a-comparison,luna_pinyin,key_sequence_process_with_context,zhongguo,8,8,346.750,43.344,193904640,193921024,unavailable,228065280,unavailable,unavailable,unavailable,unavailable,unavailable,unavailable
yune,track-a-comparison,luna_pinyin,key_sequence_process_with_context,zhongguo,9,8,343.875,42.984,193921024,193937408,unavailable,228065280,unavailable,unavailable,unavailable,unavailable,unavailable,unavailable
yune,track-a-comparison,luna_pinyin,key_sequence_process_with_context,zhongguo,10,8,344.792,43.099,193937408,193937408,unavailable,228065280,unavailable,unavailable,unavailable,unavailable,unavailable,unavailable
yune,track-a-comparison,luna_pinyin,key_sequence_process_with_context,zhongguo,11,8,343.333,42.917,193937408,193937408,unavailable,228065280,unavailable,unavailable,unavailable,unavailable,unavailable,unavailable
yune,track-a-comparison,luna_pinyin,key_sequence_process_with_context,zhongguo,12,8,342.041,42.755,193937408,193970176,unavailable,228065280,unavailable,unavailable,unavailable,unavailable,unavailable,unavailable
yune,track-a-comparison,luna_pinyin,key_sequence_process_with_context,zhongguo,13,8,342.500,42.812,193970176,193970176,unavailable,228065280,unavailable,unavailable,unavailable,unavailable,unavailable,unavailable
yune,track-a-comparison,luna_pinyin,key_sequence_process_with_context,zhongguo,14,8,342.042,42.755,193970176,193970176,unavailable,228065280,unavailable,unavailable,unavailable,unavailable,unavailable,unavailable
yune,track-a-comparison,luna_pinyin,key_sequence_process_with_context,zhongguo,15,8,341.250,42.656,193970176,193970176,unavailable,228065280,unavailable,unavailable,unavailable,unavailable,unavailable,unavailable
yune,track-a-comparison,luna_pinyin,key_sequence_process_with_context,zhongguo,16,8,341.625,42.703,193970176,193986560,unavailable,228065280,unavailable,unavailable,unavailable,unavailable,unavailable,unavailable
yune,track-a-comparison,luna_pinyin,key_sequence_process_with_context,zhongguo,17,8,341.167,42.646,193986560,193986560,unavailable,228065280,unavailable,unavailable,unavailable,unavailable,unavailable,unavailable
yune,track-a-comparison,luna_pinyin,key_sequence_process_with_context,zhongguo,18,8,342.084,42.761,193986560,194002944,unavailable,228065280,unavailable,unavailable,unavailable,unavailable,unavailable,unavailable
yune,track-a-comparison,luna_pinyin,key_sequence_process_with_context,zhongguo,19,8,341.667,42.708,194002944,194052096,unavailable,228065280,unavailable,unavailable,unavailable,unavailable,unavailable,unavailable
yune,track-a-comparison,luna_pinyin,key_sequence_process_with_context,zhongguo,20,8,341.417,42.677,194052096,194068480,unavailable,228065280,unavailable,unavailable,unavailable,unavailable,unavailable,unavailable
yune,track-a-comparison,luna_pinyin,key_sequence_process_with_context,zhongguo,21,8,341.500,42.688,194068480,194068480,unavailable,228065280,unavailable,unavailable,unavailable,unavailable,unavailable,unavailable
yune,track-a-comparison,luna_pinyin,key_sequence_process_with_context,zhongguo,22,8,342.417,42.802,194068480,194068480,unavailable,228065280,unavailable,unavailable,unavailable,unavailable,unavailable,unavailable
yune,track-a-comparison,luna_pinyin,key_sequence_process_with_context,zhongguo,23,8,342.459,42.807,194068480,194068480,unavailable,228065280,unavailable,unavailable,unavailable,unavailable,unavailable,unavailable
yune,track-a-comparison,luna_pinyin,key_sequence_process_with_context,zhongguo,24,8,341.416,42.677,194068480,194068480,unavailable,228065280,unavailable,unavailable,unavailable,unavailable,unavailable,unavailable
yune,track-a-comparison,luna_pinyin,key_sequence_process_with_context,zhongguo,25,8,341.666,42.708,194068480,194084864,unavailable,228065280,unavailable,unavailable,unavailable,unavailable,unavailable,unavailable
yune,track-a-comparison,luna_pinyin,key_sequence_process_with_context,zhongguo,26,8,340.750,42.594,194084864,194101248,unavailable,228065280,unavailable,unavailable,unavailable,unavailable,unavailable,unavailable
yune,track-a-comparison,luna_pinyin,key_sequence_process_with_context,zhongguo,27,8,348.750,43.594,194101248,194117632,unavailable,228065280,unavailable,unavailable,unavailable,unavailable,unavailable,unavailable
yune,track-a-comparison,luna_pinyin,key_sequence_process_with_context,zhongguo,28,8,341.125,42.641,194117632,194117632,unavailable,228065280,unavailable,unavailable,unavailable,unavailable,unavailable,unavailable
yune,track-a-comparison,luna_pinyin,key_sequence_process_with_context,zhongguo,29,8,341.458,42.682,194117632,194134016,unavailable,228065280,unavailable,unavailable,unavailable,unavailable,unavailable,unavailable
yune,track-a-comparison,luna_pinyin,key_sequence_process_with_context,zhongguo,30,8,340.542,42.568,194134016,194134016,unavailable,228065280,unavailable,unavailable,unavailable,unavailable,unavailable,unavailable
yune,track-a-comparison,luna_pinyin,key_sequence_process_with_context,zhongguo,31,8,360.875,45.109,194134016,194134016,unavailable,228065280,unavailable,unavailable,unavailable,unavailable,unavailable,unavailable
yune,track-a-comparison,luna_pinyin,key_sequence_process_with_context,zhongguo,32,8,405.041,50.630,194134016,194134016,unavailable,228065280,unavailable,unavailable,unavailable,unavailable,unavailable,unavailable
yune,track-a-comparison,luna_pinyin,key_sequence_process_with_context,zhongguo,33,8,373.208,46.651,194134016,194166784,unavailable,228065280,unavailable,unavailable,unavailable,unavailable,unavailable,unavailable
yune,track-a-comparison,luna_pinyin,key_sequence_process_with_context,zhongguo,34,8,353.667,44.208,194166784,194166784,unavailable,228065280,unavailable,unavailable,unavailable,unavailable,unavailable,unavailable
yune,track-a-comparison,luna_pinyin,key_sequence_process_with_context,zhongguo,35,8,347.459,43.432,194166784,194166784,unavailable,228065280,unavailable,unavailable,unavailable,unavailable,unavailable,unavailable
yune,track-a-comparison,luna_pinyin,key_sequence_process_with_context,zhongguo,36,8,347.958,43.495,194166784,194199552,unavailable,228065280,unavailable,unavailable,unavailable,unavailable,unavailable,unavailable
yune,track-a-comparison,luna_pinyin,key_sequence_process_with_context,zhongguo,37,8,342.291,42.786,194199552,194215936,unavailable,228065280,unavailable,unavailable,unavailable,unavailable,unavailable,unavailable
yune,track-a-comparison,luna_pinyin,key_sequence_process_with_context,zhongguo,38,8,341.041,42.630,194215936,194215936,unavailable,228065280,unavailable,unavailable,unavailable,unavailable,unavailable,unavailable
yune,track-a-comparison,luna_pinyin,key_sequence_process_with_context,zhongguo,39,8,339.541,42.443,194215936,194215936,unavailable,228065280,unavailable,unavailable,unavailable,unavailable,unavailable,unavailable
yune,track-a-comparison,luna_pinyin,key_sequence_process_with_context,zhongguo,40,8,339.084,42.386,194215936,194232320,unavailable,228065280,unavailable,unavailable,unavailable,unavailable,unavailable,unavailable
yune,track-a-comparison,luna_pinyin,key_sequence_process_with_context,zhongguo,41,8,338.500,42.312,194232320,194248704,unavailable,228065280,unavailable,unavailable,unavailable,unavailable,unavailable,unavailable
yune,track-a-comparison,luna_pinyin,key_sequence_process_with_context,zhongguo,42,8,338.792,42.349,194248704,194248704,unavailable,228065280,unavailable,unavailable,unavailable,unavailable,unavailable,unavailable
yune,track-a-comparison,luna_pinyin,key_sequence_process_with_context,zhongguo,43,8,338.291,42.286,194248704,194248704,unavailable,228065280,unavailable,unavailable,unavailable,unavailable,unavailable,unavailable
yune,track-a-comparison,luna_pinyin,key_sequence_process_with_context,zhongguo,44,8,337.541,42.193,194248704,194248704,unavailable,228065280,unavailable,unavailable,unavailable,unavailable,unavailable,unavailable
yune,track-a-comparison,luna_pinyin,key_sequence_process_with_context,zhongguo,45,8,337.500,42.188,194248704,194265088,unavailable,228065280,unavailable,unavailable,unavailable,unavailable,unavailable,unavailable
yune,track-a-comparison,luna_pinyin,key_sequence_process_with_context,zhongguo,46,8,338.292,42.287,194265088,194281472,unavailable,228065280,unavailable,unavailable,unavailable,unavailable,unavailable,unavailable
yune,track-a-comparison,luna_pinyin,key_sequence_process_with_context,zhongguo,47,8,338.042,42.255,194281472,194297856,unavailable,228065280,unavailable,unavailable,unavailable,unavailable,unavailable,unavailable
yune,track-a-comparison,luna_pinyin,key_sequence_process_with_context,zhongguo,48,8,338.125,42.266,194297856,194297856,unavailable,228065280,unavailable,unavailable,unavailable,unavailable,unavailable,unavailable
yune,track-a-comparison,luna_pinyin,key_sequence_process_with_context,zhongguo,49,8,338.375,42.297,194297856,194297856,unavailable,228065280,unavailable,unavailable,unavailable,unavailable,unavailable,unavailable
yune,track-a-comparison,luna_pinyin,key_sequence_process_with_context,zhongguo,50,8,338.083,42.260,194297856,194314240,unavailable,228065280,unavailable,unavailable,unavailable,unavailable,unavailable,unavailable
yune,track-a-comparison,luna_pinyin,key_sequence_process_with_context,zhongguo,51,8,337.416,42.177,194314240,194314240,unavailable,228065280,unavailable,unavailable,unavailable,unavailable,unavailable,unavailable
yune,track-a-comparison,luna_pinyin,key_sequence_process_with_context,zhongguo,52,8,338.167,42.271,194314240,194314240,unavailable,228065280,unavailable,unavailable,unavailable,unavailable,unavailable,unavailable
yune,track-a-comparison,luna_pinyin,key_sequence_process_with_context,zhongguo,53,8,338.583,42.323,194314240,194314240,unavailable,228065280,unavailable,unavailable,unavailable,unavailable,unavailable,unavailable
yune,track-a-comparison,luna_pinyin,key_sequence_process_with_context,zhongguo,54,8,338.208,42.276,194314240,194363392,unavailable,228065280,unavailable,unavailable,unavailable,unavailable,unavailable,unavailable
yune,track-a-comparison,luna_pinyin,key_sequence_process_with_context,zhongguo,55,8,338.250,42.281,194363392,194363392,unavailable,228065280,unavailable,unavailable,unavailable,unavailable,unavailable,unavailable
yune,track-a-comparison,luna_pinyin,key_sequence_process_with_context,zhongguo,56,8,338.125,42.266,194363392,194379776,unavailable,228065280,unavailable,unavailable,unavailable,unavailable,unavailable,unavailable
yune,track-a-comparison,luna_pinyin,key_sequence_process_with_context,zhongguo,57,8,347.375,43.422,194379776,194379776,unavailable,228065280,unavailable,unavailable,unavailable,unavailable,unavailable,unavailable
yune,track-a-comparison,luna_pinyin,key_sequence_process_with_context,zhongguo,58,8,365.250,45.656,194379776,194396160,unavailable,228065280,unavailable,unavailable,unavailable,unavailable,unavailable,unavailable
yune,track-a-comparison,luna_pinyin,key_sequence_process_with_context,zhongguo,59,8,342.625,42.828,194396160,194396160,unavailable,228065280,unavailable,unavailable,unavailable,unavailable,unavailable,unavailable
yune,track-a-comparison,luna_pinyin,key_sequence_process_with_context,zhongguo,60,8,341.792,42.724,194396160,194396160,unavailable,228065280,unavailable,unavailable,unavailable,unavailable,unavailable,unavailable
yune,track-a-comparison,luna_pinyin,key_sequence_process_with_context,zhongguo,61,8,341.416,42.677,194396160,194428928,unavailable,228065280,unavailable,unavailable,unavailable,unavailable,unavailable,unavailable
yune,track-a-comparison,luna_pinyin,key_sequence_process_with_context,zhongguo,62,8,348.792,43.599,194428928,194445312,unavailable,228065280,unavailable,unavailable,unavailable,unavailable,unavailable,unavailable
yune,track-a-comparison,luna_pinyin,key_sequence_process_with_context,zhongguo,63,8,341.250,42.656,194445312,194461696,unavailable,228065280,unavailable,unavailable,unavailable,unavailable,unavailable,unavailable
yune,track-a-comparison,luna_pinyin,key_sequence_process_with_context,zhongguo,64,8,341.042,42.630,194461696,194461696,unavailable,228065280,unavailable,unavailable,unavailable,unavailable,unavailable,unavailable
yune,track-a-comparison,luna_pinyin,key_sequence_process_with_context,zhongguo,65,8,341.417,42.677,194461696,194461696,unavailable,228065280,unavailable,unavailable,unavailable,unavailable,unavailable,unavailable
yune,track-a-comparison,luna_pinyin,key_sequence_process_with_context,zhongguo,66,8,341.834,42.729,194461696,194461696,unavailable,228065280,unavailable,unavailable,unavailable,unavailable,unavailable,unavailable
yune,track-a-comparison,luna_pinyin,key_sequence_process_with_context,zhongguo,67,8,342.250,42.781,194461696,194478080,unavailable,228065280,unavailable,unavailable,unavailable,unavailable,unavailable,unavailable
yune,track-a-comparison,luna_pinyin,key_sequence_process_with_context,zhongguo,68,8,342.250,42.781,194478080,194494464,unavailable,228065280,unavailable,unavailable,unavailable,unavailable,unavailable,unavailable
yune,track-a-comparison,luna_pinyin,key_sequence_process_with_context,zhongguo,69,8,340.625,42.578,194494464,194494464,unavailable,228065280,unavailable,unavailable,unavailable,unavailable,unavailable,unavailable
yune,track-a-comparison,luna_pinyin,key_sequence_process_with_context,zhongguo,70,8,341.125,42.641,194494464,194494464,unavailable,228065280,unavailable,unavailable,unavailable,unavailable,unavailable,unavailable
yune,track-a-comparison,luna_pinyin,key_sequence_process_with_context,zhongguo,71,8,341.041,42.630,194494464,194510848,unavailable,228065280,unavailable,unavailable,unavailable,unavailable,unavailable,unavailable
yune,track-a-comparison,luna_pinyin,key_sequence_process_with_context,zhongguo,72,8,340.042,42.505,194510848,194527232,unavailable,228065280,unavailable,unavailable,unavailable,unavailable,unavailable,unavailable
yune,track-a-comparison,luna_pinyin,key_sequence_process_with_context,zhongguo,73,8,341.916,42.739,194527232,194527232,unavailable,228065280,unavailable,unavailable,unavailable,unavailable,unavailable,unavailable
yune,track-a-comparison,luna_pinyin,key_sequence_process_with_context,zhongguo,74,8,340.625,42.578,194527232,194527232,unavailable,228065280,unavailable,unavailable,unavailable,unavailable,unavailable,unavailable
yune,track-a-comparison,luna_pinyin,key_sequence_process_with_context,zhongguo,75,8,341.250,42.656,194527232,194560000,unavailable,228065280,unavailable,unavailable,unavailable,unavailable,unavailable,unavailable
yune,track-a-comparison,luna_pinyin,key_sequence_process_with_context,zhongguo,76,8,341.333,42.667,194560000,194560000,unavailable,228065280,unavailable,unavailable,unavailable,unavailable,unavailable,unavailable
yune,track-a-comparison,luna_pinyin,key_sequence_process_with_context,zhongguo,77,8,340.208,42.526,194560000,194560000,unavailable,228065280,unavailable,unavailable,unavailable,unavailable,unavailable,unavailable
yune,track-a-comparison,luna_pinyin,key_sequence_process_with_context,zhongguo,78,8,341.292,42.661,194560000,194560000,unavailable,228065280,unavailable,unavailable,unavailable,unavailable,unavailable,unavailable
yune,track-a-comparison,luna_pinyin,key_sequence_process_with_context,zhongguo,79,8,342.625,42.828,194560000,194576384,unavailable,228065280,unavailable,unavailable,unavailable,unavailable,unavailable,unavailable
yune,track-a-comparison,luna_pinyin,key_sequence_process_with_context,ceshiyixiachangjushuruxingnengzenyang,0,37,18670.375,504.605,195035136,195035136,unavailable,228065280,unavailable,unavailable,unavailable,unavailable,unavailable,unavailable
yune,track-a-comparison,luna_pinyin,key_sequence_process_with_context,ceshiyixiachangjushuruxingnengzenyang,1,37,18839.042,509.163,195035136,195051520,unavailable,228065280,unavailable,unavailable,unavailable,unavailable,unavailable,unavailable
yune,track-a-comparison,luna_pinyin,key_sequence_process_with_context,ceshiyixiachangjushuruxingnengzenyang,2,37,18901.708,510.857,195051520,195067904,unavailable,228065280,unavailable,unavailable,unavailable,unavailable,unavailable,unavailable
yune,track-a-comparison,luna_pinyin,key_sequence_process_with_context,ceshiyixiachangjushuruxingnengzenyang,3,37,18581.375,502.199,195067904,195084288,unavailable,228065280,unavailable,unavailable,unavailable,unavailable,unavailable,unavailable
yune,track-a-comparison,luna_pinyin,key_sequence_process_with_context,ceshiyixiachangjushuruxingnengzenyang,4,37,18627.833,503.455,195084288,195084288,unavailable,228065280,unavailable,unavailable,unavailable,unavailable,unavailable,unavailable
yune,track-a-comparison,luna_pinyin,key_sequence_process_with_context,ceshiyixiachangjushuruxingnengzenyang,5,37,18872.958,510.080,195084288,195084288,unavailable,228065280,unavailable,unavailable,unavailable,unavailable,unavailable,unavailable
yune,track-a-comparison,luna_pinyin,key_sequence_process_with_context,ceshiyixiachangjushuruxingnengzenyang,6,37,18782.833,507.644,195084288,195084288,unavailable,228065280,unavailable,unavailable,unavailable,unavailable,unavailable,unavailable
yune,track-a-comparison,luna_pinyin,key_sequence_process_with_context,ceshiyixiachangjushuruxingnengzenyang,7,37,18612.250,503.034,195084288,195084288,unavailable,228065280,unavailable,unavailable,unavailable,unavailable,unavailable,unavailable
yune,track-a-comparison,luna_pinyin,key_sequence_process_with_context,ceshiyixiachangjushuruxingnengzenyang,8,37,18780.083,507.570,195084288,195117056,unavailable,228065280,unavailable,unavailable,unavailable,unavailable,unavailable,unavailable
yune,track-a-comparison,luna_pinyin,key_sequence_process_with_context,ceshiyixiachangjushuruxingnengzenyang,9,37,18667.625,504.530,195117056,195133440,unavailable,228065280,unavailable,unavailable,unavailable,unavailable,unavailable,unavailable
yune,track-a-comparison,luna_pinyin,key_sequence_process_with_context,ceshiyixiachangjushuruxingnengzenyang,10,37,18677.750,504.804,195133440,195133440,unavailable,228065280,unavailable,unavailable,unavailable,unavailable,unavailable,unavailable
yune,track-a-comparison,luna_pinyin,key_sequence_process_with_context,ceshiyixiachangjushuruxingnengzenyang,11,37,18794.042,507.947,195133440,195149824,unavailable,228065280,unavailable,unavailable,unavailable,unavailable,unavailable,unavailable
yune,track-a-comparison,luna_pinyin,key_sequence_process_with_context,ceshiyixiachangjushuruxingnengzenyang,12,37,18589.083,502.408,195149824,195166208,unavailable,228065280,unavailable,unavailable,unavailable,unavailable,unavailable,unavailable
yune,track-a-comparison,luna_pinyin,key_sequence_process_with_context,ceshiyixiachangjushuruxingnengzenyang,13,37,18675.708,504.749,195166208,195166208,unavailable,228065280,unavailable,unavailable,unavailable,unavailable,unavailable,unavailable
yune,track-a-comparison,luna_pinyin,key_sequence_process_with_context,ceshiyixiachangjushuruxingnengzenyang,14,37,18445.541,498.528,195166208,195166208,unavailable,228065280,unavailable,unavailable,unavailable,unavailable,unavailable,unavailable
yune,track-a-comparison,luna_pinyin,key_sequence_process_with_context,ceshiyixiachangjushuruxingnengzenyang,15,37,18656.583,504.232,195166208,195182592,unavailable,228065280,unavailable,unavailable,unavailable,unavailable,unavailable,unavailable
yune,track-a-comparison,luna_pinyin,key_sequence_process_with_context,ceshiyixiachangjushuruxingnengzenyang,16,37,18699.875,505.402,195182592,195198976,unavailable,228065280,unavailable,unavailable,unavailable,unavailable,unavailable,unavailable
yune,track-a-comparison,luna_pinyin,key_sequence_process_with_context,ceshiyixiachangjushuruxingnengzenyang,17,37,18660.500,504.338,195198976,195198976,unavailable,228065280,unavailable,unavailable,unavailable,unavailable,unavailable,unavailable
yune,track-a-comparison,luna_pinyin,key_sequence_process_with_context,ceshiyixiachangjushuruxingnengzenyang,18,37,18739.583,506.475,195198976,195215360,unavailable,228065280,unavailable,unavailable,unavailable,unavailable,unavailable,unavailable
yune,track-a-comparison,luna_pinyin,key_sequence_process_with_context,ceshiyixiachangjushuruxingnengzenyang,19,37,18826.375,508.821,195215360,195215360,unavailable,228065280,unavailable,unavailable,unavailable,unavailable,unavailable,unavailable
yune,track-a-comparison,luna_pinyin,key_sequence_process_with_context,ceshiyixiachangjushuruxingnengzenyang,20,37,18932.917,511.700,195215360,195231744,unavailable,228065280,unavailable,unavailable,unavailable,unavailable,unavailable,unavailable
yune,track-a-comparison,luna_pinyin,key_sequence_process_with_context,ceshiyixiachangjushuruxingnengzenyang,21,37,18694.125,505.247,195231744,195231744,unavailable,228065280,unavailable,unavailable,unavailable,unavailable,unavailable,unavailable
yune,track-a-comparison,luna_pinyin,key_sequence_process_with_context,ceshiyixiachangjushuruxingnengzenyang,22,37,18717.000,505.865,195231744,195248128,unavailable,228065280,unavailable,unavailable,unavailable,unavailable,unavailable,unavailable
yune,track-a-comparison,luna_pinyin,key_sequence_process_with_context,ceshiyixiachangjushuruxingnengzenyang,23,37,18636.500,503.689,195248128,195264512,unavailable,228065280,unavailable,unavailable,unavailable,unavailable,unavailable,unavailable
yune,track-a-comparison,luna_pinyin,key_sequence_process_with_context,ceshiyixiachangjushuruxingnengzenyang,24,37,18796.666,508.018,195264512,195280896,unavailable,228065280,unavailable,unavailable,unavailable,unavailable,unavailable,unavailable
yune,track-a-comparison,luna_pinyin,key_sequence_process_with_context,ceshiyixiachangjushuruxingnengzenyang,25,37,18634.542,503.636,195280896,195280896,unavailable,228065280,unavailable,unavailable,unavailable,unavailable,unavailable,unavailable
yune,track-a-comparison,luna_pinyin,key_sequence_process_with_context,ceshiyixiachangjushuruxingnengzenyang,26,37,18718.458,505.904,195280896,195280896,unavailable,228065280,unavailable,unavailable,unavailable,unavailable,unavailable,unavailable
yune,track-a-comparison,luna_pinyin,key_sequence_process_with_context,ceshiyixiachangjushuruxingnengzenyang,27,37,18707.750,505.615,195280896,195297280,unavailable,228065280,unavailable,unavailable,unavailable,unavailable,unavailable,unavailable
yune,track-a-comparison,luna_pinyin,key_sequence_process_with_context,ceshiyixiachangjushuruxingnengzenyang,28,37,18535.917,500.971,195297280,195297280,unavailable,228065280,unavailable,unavailable,unavailable,unavailable,unavailable,unavailable
yune,track-a-comparison,luna_pinyin,key_sequence_process_with_context,ceshiyixiachangjushuruxingnengzenyang,29,37,18834.291,509.035,195297280,195330048,unavailable,228065280,unavailable,unavailable,unavailable,unavailable,unavailable,unavailable
yune,track-a-comparison,luna_pinyin,key_sequence_process_with_context,ceshiyixiachangjushuruxingnengzenyang,30,37,18675.292,504.738,195330048,195330048,unavailable,228065280,unavailable,unavailable,unavailable,unavailable,unavailable,unavailable
yune,track-a-comparison,luna_pinyin,key_sequence_process_with_context,ceshiyixiachangjushuruxingnengzenyang,31,37,18620.416,503.254,195330048,195330048,unavailable,228065280,unavailable,unavailable,unavailable,unavailable,unavailable,unavailable
yune,track-a-comparison,luna_pinyin,key_sequence_process_with_context,ceshiyixiachangjushuruxingnengzenyang,32,37,18520.959,500.566,195330048,195330048,unavailable,228065280,unavailable,unavailable,unavailable,unavailable,unavailable,unavailable
yune,track-a-comparison,luna_pinyin,key_sequence_process_with_context,ceshiyixiachangjushuruxingnengzenyang,33,37,18701.000,505.432,195330048,195346432,unavailable,228065280,unavailable,unavailable,unavailable,unavailable,unavailable,unavailable
yune,track-a-comparison,luna_pinyin,key_sequence_process_with_context,ceshiyixiachangjushuruxingnengzenyang,34,37,18553.167,501.437,195346432,195346432,unavailable,228065280,unavailable,unavailable,unavailable,unavailable,unavailable,unavailable
yune,track-a-comparison,luna_pinyin,key_sequence_process_with_context,ceshiyixiachangjushuruxingnengzenyang,35,37,18765.834,507.185,195346432,195346432,unavailable,228065280,unavailable,unavailable,unavailable,unavailable,unavailable,unavailable
yune,track-a-comparison,luna_pinyin,key_sequence_process_with_context,ceshiyixiachangjushuruxingnengzenyang,36,37,18820.500,508.662,195346432,195379200,unavailable,228065280,unavailable,unavailable,unavailable,unavailable,unavailable,unavailable
yune,track-a-comparison,luna_pinyin,key_sequence_process_with_context,ceshiyixiachangjushuruxingnengzenyang,37,37,18635.875,503.672,195379200,195395584,unavailable,228065280,unavailable,unavailable,unavailable,unavailable,unavailable,unavailable
yune,track-a-comparison,luna_pinyin,key_sequence_process_with_context,ceshiyixiachangjushuruxingnengzenyang,38,37,18637.291,503.711,195395584,195395584,unavailable,228065280,unavailable,unavailable,unavailable,unavailable,unavailable,unavailable
yune,track-a-comparison,luna_pinyin,key_sequence_process_with_context,ceshiyixiachangjushuruxingnengzenyang,39,37,18557.083,501.543,195395584,195395584,unavailable,228065280,unavailable,unavailable,unavailable,unavailable,unavailable,unavailable
yune,track-a-comparison,luna_pinyin,key_sequence_process_with_context,ceshiyixiachangjushuruxingnengzenyang,40,37,18555.334,501.496,195395584,195395584,unavailable,228065280,unavailable,unavailable,unavailable,unavailable,unavailable,unavailable
yune,track-a-comparison,luna_pinyin,key_sequence_process_with_context,ceshiyixiachangjushuruxingnengzenyang,41,37,18795.375,507.983,195395584,195411968,unavailable,228065280,unavailable,unavailable,unavailable,unavailable,unavailable,unavailable
yune,track-a-comparison,luna_pinyin,key_sequence_process_with_context,ceshiyixiachangjushuruxingnengzenyang,42,37,18505.750,500.155,195411968,195411968,unavailable,228065280,unavailable,unavailable,unavailable,unavailable,unavailable,unavailable
yune,track-a-comparison,luna_pinyin,key_sequence_process_with_context,ceshiyixiachangjushuruxingnengzenyang,43,37,18781.292,507.602,195411968,195428352,unavailable,228065280,unavailable,unavailable,unavailable,unavailable,unavailable,unavailable
yune,track-a-comparison,luna_pinyin,key_sequence_process_with_context,ceshiyixiachangjushuruxingnengzenyang,44,37,18563.084,501.705,195428352,195428352,unavailable,228065280,unavailable,unavailable,unavailable,unavailable,unavailable,unavailable
yune,track-a-comparison,luna_pinyin,key_sequence_process_with_context,ceshiyixiachangjushuruxingnengzenyang,45,37,18599.334,502.685,195428352,195461120,unavailable,228065280,unavailable,unavailable,unavailable,unavailable,unavailable,unavailable
yune,track-a-comparison,luna_pinyin,key_sequence_process_with_context,ceshiyixiachangjushuruxingnengzenyang,46,37,18411.000,497.595,195461120,195461120,unavailable,228065280,unavailable,unavailable,unavailable,unavailable,unavailable,unavailable
yune,track-a-comparison,luna_pinyin,key_sequence_process_with_context,ceshiyixiachangjushuruxingnengzenyang,47,37,18678.500,504.824,195461120,195461120,unavailable,228065280,unavailable,unavailable,unavailable,unavailable,unavailable,unavailable
yune,track-a-comparison,luna_pinyin,key_sequence_process_with_context,ceshiyixiachangjushuruxingnengzenyang,48,37,18733.083,506.300,195461120,195477504,unavailable,228065280,unavailable,unavailable,unavailable,unavailable,unavailable,unavailable
yune,track-a-comparison,luna_pinyin,key_sequence_process_with_context,ceshiyixiachangjushuruxingnengzenyang,49,37,18746.792,506.670,195477504,195477504,unavailable,228065280,unavailable,unavailable,unavailable,unavailable,unavailable,unavailable
yune,track-a-comparison,luna_pinyin,key_sequence_process_with_context,ceshiyixiachangjushuruxingnengzenyang,50,37,18839.208,509.168,195477504,195526656,unavailable,228065280,unavailable,unavailable,unavailable,unavailable,unavailable,unavailable
yune,track-a-comparison,luna_pinyin,key_sequence_process_with_context,ceshiyixiachangjushuruxingnengzenyang,51,37,18598.959,502.675,195526656,195526656,unavailable,228065280,unavailable,unavailable,unavailable,unavailable,unavailable,unavailable
yune,track-a-comparison,luna_pinyin,key_sequence_process_with_context,ceshiyixiachangjushuruxingnengzenyang,52,37,18578.834,502.131,195526656,195526656,unavailable,228065280,unavailable,unavailable,unavailable,unavailable,unavailable,unavailable
yune,track-a-comparison,luna_pinyin,key_sequence_process_with_context,ceshiyixiachangjushuruxingnengzenyang,53,37,18628.792,503.481,195526656,195526656,unavailable,228065280,unavailable,unavailable,unavailable,unavailable,unavailable,unavailable
yune,track-a-comparison,luna_pinyin,key_sequence_process_with_context,ceshiyixiachangjushuruxingnengzenyang,54,37,18636.125,503.679,195526656,195559424,unavailable,228065280,unavailable,unavailable,unavailable,unavailable,unavailable,unavailable
yune,track-a-comparison,luna_pinyin,key_sequence_process_with_context,ceshiyixiachangjushuruxingnengzenyang,55,37,18618.791,503.211,195559424,195559424,unavailable,228065280,unavailable,unavailable,unavailable,unavailable,unavailable,unavailable
yune,track-a-comparison,luna_pinyin,key_sequence_process_with_context,ceshiyixiachangjushuruxingnengzenyang,56,37,18795.500,507.986,195559424,195559424,unavailable,228065280,unavailable,unavailable,unavailable,unavailable,unavailable,unavailable
yune,track-a-comparison,luna_pinyin,key_sequence_process_with_context,ceshiyixiachangjushuruxingnengzenyang,57,37,18723.208,506.033,195559424,195575808,unavailable,228065280,unavailable,unavailable,unavailable,unavailable,unavailable,unavailable
yune,track-a-comparison,luna_pinyin,key_sequence_process_with_context,ceshiyixiachangjushuruxingnengzenyang,58,37,18720.209,505.952,195575808,195592192,unavailable,228065280,unavailable,unavailable,unavailable,unavailable,unavailable,unavailable
yune,track-a-comparison,luna_pinyin,key_sequence_process_with_context,ceshiyixiachangjushuruxingnengzenyang,59,37,18784.667,507.694,195592192,195592192,unavailable,228065280,unavailable,unavailable,unavailable,unavailable,unavailable,unavailable
yune,track-a-comparison,luna_pinyin,key_sequence_process_with_context,ceshiyixiachangjushuruxingnengzenyang,60,37,18506.042,500.163,195592192,195592192,unavailable,228065280,unavailable,unavailable,unavailable,unavailable,unavailable,unavailable
yune,track-a-comparison,luna_pinyin,key_sequence_process_with_context,ceshiyixiachangjushuruxingnengzenyang,61,37,18629.625,503.503,195592192,195592192,unavailable,228065280,unavailable,unavailable,unavailable,unavailable,unavailable,unavailable
yune,track-a-comparison,luna_pinyin,key_sequence_process_with_context,ceshiyixiachangjushuruxingnengzenyang,62,37,18586.708,502.343,195592192,195608576,unavailable,228065280,unavailable,unavailable,unavailable,unavailable,unavailable,unavailable
yune,track-a-comparison,luna_pinyin,key_sequence_process_with_context,ceshiyixiachangjushuruxingnengzenyang,63,37,18568.166,501.842,195608576,195624960,unavailable,228065280,unavailable,unavailable,unavailable,unavailable,unavailable,unavailable
yune,track-a-comparison,luna_pinyin,key_sequence_process_with_context,ceshiyixiachangjushuruxingnengzenyang,64,37,18646.708,503.965,195624960,195657728,unavailable,228065280,unavailable,unavailable,unavailable,unavailable,unavailable,unavailable
yune,track-a-comparison,luna_pinyin,key_sequence_process_with_context,ceshiyixiachangjushuruxingnengzenyang,65,37,18759.584,507.016,195657728,195674112,unavailable,228065280,unavailable,unavailable,unavailable,unavailable,unavailable,unavailable
yune,track-a-comparison,luna_pinyin,key_sequence_process_with_context,ceshiyixiachangjushuruxingnengzenyang,66,37,18707.458,505.607,195674112,195690496,unavailable,228065280,unavailable,unavailable,unavailable,unavailable,unavailable,unavailable
yune,track-a-comparison,luna_pinyin,key_sequence_process_with_context,ceshiyixiachangjushuruxingnengzenyang,67,37,18436.334,498.279,195690496,195690496,unavailable,228065280,unavailable,unavailable,unavailable,unavailable,unavailable,unavailable
yune,track-a-comparison,luna_pinyin,key_sequence_process_with_context,ceshiyixiachangjushuruxingnengzenyang,68,37,18450.916,498.673,195690496,195690496,unavailable,228065280,unavailable,unavailable,unavailable,unavailable,unavailable,unavailable
yune,track-a-comparison,luna_pinyin,key_sequence_process_with_context,ceshiyixiachangjushuruxingnengzenyang,69,37,18660.250,504.331,195690496,195690496,unavailable,228065280,unavailable,unavailable,unavailable,unavailable,unavailable,unavailable
yune,track-a-comparison,luna_pinyin,key_sequence_process_with_context,ceshiyixiachangjushuruxingnengzenyang,70,37,18721.792,505.994,195690496,195690496,unavailable,228065280,unavailable,unavailable,unavailable,unavailable,unavailable,unavailable
yune,track-a-comparison,luna_pinyin,key_sequence_process_with_context,ceshiyixiachangjushuruxingnengzenyang,71,37,18575.416,502.038,195690496,195723264,unavailable,228065280,unavailable,unavailable,unavailable,unavailable,unavailable,unavailable
yune,track-a-comparison,luna_pinyin,key_sequence_process_with_context,ceshiyixiachangjushuruxingnengzenyang,72,37,18521.750,500.588,195723264,195739648,unavailable,228065280,unavailable,unavailable,unavailable,unavailable,unavailable,unavailable
yune,track-a-comparison,luna_pinyin,key_sequence_process_with_context,ceshiyixiachangjushuruxingnengzenyang,73,37,18597.708,502.641,195739648,195739648,unavailable,228065280,unavailable,unavailable,unavailable,unavailable,unavailable,unavailable
yune,track-a-comparison,luna_pinyin,key_sequence_process_with_context,ceshiyixiachangjushuruxingnengzenyang,74,37,18669.000,504.568,195739648,195739648,unavailable,228065280,unavailable,unavailable,unavailable,unavailable,unavailable,unavailable
yune,track-a-comparison,luna_pinyin,key_sequence_process_with_context,ceshiyixiachangjushuruxingnengzenyang,75,37,18811.334,508.414,195739648,195756032,unavailable,228065280,unavailable,unavailable,unavailable,unavailable,unavailable,unavailable
yune,track-a-comparison,luna_pinyin,key_sequence_process_with_context,ceshiyixiachangjushuruxingnengzenyang,76,37,18468.875,499.159,195756032,195756032,unavailable,228065280,unavailable,unavailable,unavailable,unavailable,unavailable,unavailable
yune,track-a-comparison,luna_pinyin,key_sequence_process_with_context,ceshiyixiachangjushuruxingnengzenyang,77,37,18771.042,507.325,195756032,195756032,unavailable,228065280,unavailable,unavailable,unavailable,unavailable,unavailable,unavailable
yune,track-a-comparison,luna_pinyin,key_sequence_process_with_context,ceshiyixiachangjushuruxingnengzenyang,78,37,18705.500,505.554,195756032,195772416,unavailable,228065280,unavailable,unavailable,unavailable,unavailable,unavailable,unavailable
yune,track-a-comparison,luna_pinyin,key_sequence_process_with_context,ceshiyixiachangjushuruxingnengzenyang,79,37,18765.458,507.175,195772416,195788800,unavailable,228065280,unavailable,unavailable,unavailable,unavailable,unavailable,unavailable
yune,track-a-comparison,luna_pinyin,key_sequence_process_with_context,zhegeyinqingqishiyinggaizhichichaochangjuzishurucainengyong,0,59,53040.833,898.997,195985408,195985408,unavailable,228065280,unavailable,unavailable,unavailable,unavailable,unavailable,unavailable
yune,track-a-comparison,luna_pinyin,key_sequence_process_with_context,zhegeyinqingqishiyinggaizhichichaochangjuzishurucainengyong,1,59,52875.750,896.199,195985408,195985408,unavailable,228065280,unavailable,unavailable,unavailable,unavailable,unavailable,unavailable
yune,track-a-comparison,luna_pinyin,key_sequence_process_with_context,zhegeyinqingqishiyinggaizhichichaochangjuzishurucainengyong,2,59,53352.750,904.284,195985408,195985408,unavailable,228065280,unavailable,unavailable,unavailable,unavailable,unavailable,unavailable
yune,track-a-comparison,luna_pinyin,key_sequence_process_with_context,zhegeyinqingqishiyinggaizhichichaochangjuzishurucainengyong,3,59,52897.291,896.564,195985408,196001792,unavailable,228065280,unavailable,unavailable,unavailable,unavailable,unavailable,unavailable
yune,track-a-comparison,luna_pinyin,key_sequence_process_with_context,zhegeyinqingqishiyinggaizhichichaochangjuzishurucainengyong,4,59,53222.625,902.078,196001792,196001792,unavailable,228065280,unavailable,unavailable,unavailable,unavailable,unavailable,unavailable
yune,track-a-comparison,luna_pinyin,key_sequence_process_with_context,zhegeyinqingqishiyinggaizhichichaochangjuzishurucainengyong,5,59,53124.375,900.413,196001792,196018176,unavailable,228065280,unavailable,unavailable,unavailable,unavailable,unavailable,unavailable
yune,track-a-comparison,luna_pinyin,key_sequence_process_with_context,zhegeyinqingqishiyinggaizhichichaochangjuzishurucainengyong,6,59,53292.250,903.258,196018176,196018176,unavailable,228065280,unavailable,unavailable,unavailable,unavailable,unavailable,unavailable
yune,track-a-comparison,luna_pinyin,key_sequence_process_with_context,zhegeyinqingqishiyinggaizhichichaochangjuzishurucainengyong,7,59,52985.250,898.055,196018176,196034560,unavailable,228065280,unavailable,unavailable,unavailable,unavailable,unavailable,unavailable
yune,track-a-comparison,luna_pinyin,key_sequence_process_with_context,zhegeyinqingqishiyinggaizhichichaochangjuzishurucainengyong,8,59,53049.833,899.150,196034560,196034560,unavailable,228065280,unavailable,unavailable,unavailable,unavailable,unavailable,unavailable
yune,track-a-comparison,luna_pinyin,key_sequence_process_with_context,zhegeyinqingqishiyinggaizhichichaochangjuzishurucainengyong,9,59,53218.375,902.006,196034560,196034560,unavailable,228065280,unavailable,unavailable,unavailable,unavailable,unavailable,unavailable
yune,track-a-comparison,luna_pinyin,key_sequence_process_with_context,zhegeyinqingqishiyinggaizhichichaochangjuzishurucainengyong,10,59,53096.958,899.948,196034560,196116480,unavailable,228065280,unavailable,unavailable,unavailable,unavailable,unavailable,unavailable
yune,track-a-comparison,luna_pinyin,key_sequence_process_with_context,zhegeyinqingqishiyinggaizhichichaochangjuzishurucainengyong,11,59,53191.458,901.550,196116480,196116480,unavailable,228065280,unavailable,unavailable,unavailable,unavailable,unavailable,unavailable
yune,track-a-comparison,luna_pinyin,key_sequence_process_with_context,zhegeyinqingqishiyinggaizhichichaochangjuzishurucainengyong,12,59,53956.917,914.524,196116480,196149248,unavailable,228065280,unavailable,unavailable,unavailable,unavailable,unavailable,unavailable
yune,track-a-comparison,luna_pinyin,key_sequence_process_with_context,zhegeyinqingqishiyinggaizhichichaochangjuzishurucainengyong,13,59,53265.833,902.811,196149248,196149248,unavailable,228065280,unavailable,unavailable,unavailable,unavailable,unavailable,unavailable
yune,track-a-comparison,luna_pinyin,key_sequence_process_with_context,zhegeyinqingqishiyinggaizhichichaochangjuzishurucainengyong,14,59,53408.542,905.230,196149248,196149248,unavailable,228065280,unavailable,unavailable,unavailable,unavailable,unavailable,unavailable
yune,track-a-comparison,luna_pinyin,key_sequence_process_with_context,zhegeyinqingqishiyinggaizhichichaochangjuzishurucainengyong,15,59,53421.000,905.441,196149248,196149248,unavailable,228065280,unavailable,unavailable,unavailable,unavailable,unavailable,unavailable
yune,track-a-comparison,luna_pinyin,key_sequence_process_with_context,zhegeyinqingqishiyinggaizhichichaochangjuzishurucainengyong,16,59,53250.125,902.544,196149248,196165632,unavailable,228065280,unavailable,unavailable,unavailable,unavailable,unavailable,unavailable
yune,track-a-comparison,luna_pinyin,key_sequence_process_with_context,zhegeyinqingqishiyinggaizhichichaochangjuzishurucainengyong,17,59,53557.667,907.757,196165632,196165632,unavailable,228065280,unavailable,unavailable,unavailable,unavailable,unavailable,unavailable
yune,track-a-comparison,luna_pinyin,key_sequence_process_with_context,zhegeyinqingqishiyinggaizhichichaochangjuzishurucainengyong,18,59,53083.333,899.718,196165632,196165632,unavailable,228065280,unavailable,unavailable,unavailable,unavailable,unavailable,unavailable
yune,track-a-comparison,luna_pinyin,key_sequence_process_with_context,zhegeyinqingqishiyinggaizhichichaochangjuzishurucainengyong,19,59,53384.959,904.830,196165632,196198400,unavailable,228065280,unavailable,unavailable,unavailable,unavailable,unavailable,unavailable
yune,track-a-comparison,luna_pinyin,key_sequence_process_with_context,zhegeyinqingqishiyinggaizhichichaochangjuzishurucainengyong,20,59,53088.750,899.809,196198400,196214784,unavailable,228065280,unavailable,unavailable,unavailable,unavailable,unavailable,unavailable
yune,track-a-comparison,luna_pinyin,key_sequence_process_with_context,zhegeyinqingqishiyinggaizhichichaochangjuzishurucainengyong,21,59,53355.042,904.323,196214784,196214784,unavailable,228065280,unavailable,unavailable,unavailable,unavailable,unavailable,unavailable
yune,track-a-comparison,luna_pinyin,key_sequence_process_with_context,zhegeyinqingqishiyinggaizhichichaochangjuzishurucainengyong,22,59,53121.792,900.369,196214784,196214784,unavailable,228065280,unavailable,unavailable,unavailable,unavailable,unavailable,unavailable
yune,track-a-comparison,luna_pinyin,key_sequence_process_with_context,zhegeyinqingqishiyinggaizhichichaochangjuzishurucainengyong,23,59,53341.334,904.090,196214784,196214784,unavailable,228065280,unavailable,unavailable,unavailable,unavailable,unavailable,unavailable
yune,track-a-comparison,luna_pinyin,key_sequence_process_with_context,zhegeyinqingqishiyinggaizhichichaochangjuzishurucainengyong,24,59,53140.375,900.684,196214784,196231168,unavailable,228065280,unavailable,unavailable,unavailable,unavailable,unavailable,unavailable
yune,track-a-comparison,luna_pinyin,key_sequence_process_with_context,zhegeyinqingqishiyinggaizhichichaochangjuzishurucainengyong,25,59,52984.291,898.039,196231168,196231168,unavailable,228065280,unavailable,unavailable,unavailable,unavailable,unavailable,unavailable
yune,track-a-comparison,luna_pinyin,key_sequence_process_with_context,zhegeyinqingqishiyinggaizhichichaochangjuzishurucainengyong,26,59,53381.209,904.766,196231168,196247552,unavailable,228065280,unavailable,unavailable,unavailable,unavailable,unavailable,unavailable
yune,track-a-comparison,luna_pinyin,key_sequence_process_with_context,zhegeyinqingqishiyinggaizhichichaochangjuzishurucainengyong,27,59,53409.000,905.237,196247552,196263936,unavailable,228065280,unavailable,unavailable,unavailable,unavailable,unavailable,unavailable
yune,track-a-comparison,luna_pinyin,key_sequence_process_with_context,zhegeyinqingqishiyinggaizhichichaochangjuzishurucainengyong,28,59,53314.500,903.636,196263936,196296704,unavailable,228065280,unavailable,unavailable,unavailable,unavailable,unavailable,unavailable
yune,track-a-comparison,luna_pinyin,key_sequence_process_with_context,zhegeyinqingqishiyinggaizhichichaochangjuzishurucainengyong,29,59,53265.625,902.807,196296704,196296704,unavailable,228065280,unavailable,unavailable,unavailable,unavailable,unavailable,unavailable
yune,track-a-comparison,luna_pinyin,key_sequence_process_with_context,zhegeyinqingqishiyinggaizhichichaochangjuzishurucainengyong,30,59,53098.625,899.977,196296704,196296704,unavailable,228065280,unavailable,unavailable,unavailable,unavailable,unavailable,unavailable
yune,track-a-comparison,luna_pinyin,key_sequence_process_with_context,zhegeyinqingqishiyinggaizhichichaochangjuzishurucainengyong,31,59,53285.875,903.150,196296704,196296704,unavailable,228065280,unavailable,unavailable,unavailable,unavailable,unavailable,unavailable
yune,track-a-comparison,luna_pinyin,key_sequence_process_with_context,zhegeyinqingqishiyinggaizhichichaochangjuzishurucainengyong,32,59,53187.250,901.479,196296704,196296704,unavailable,228065280,unavailable,unavailable,unavailable,unavailable,unavailable,unavailable
yune,track-a-comparison,luna_pinyin,key_sequence_process_with_context,zhegeyinqingqishiyinggaizhichichaochangjuzishurucainengyong,33,59,53020.167,898.647,196296704,196329472,unavailable,228065280,unavailable,unavailable,unavailable,unavailable,unavailable,unavailable
yune,track-a-comparison,luna_pinyin,key_sequence_process_with_context,zhegeyinqingqishiyinggaizhichichaochangjuzishurucainengyong,34,59,53245.584,902.468,196329472,196329472,unavailable,228065280,unavailable,unavailable,unavailable,unavailable,unavailable,unavailable
yune,track-a-comparison,luna_pinyin,key_sequence_process_with_context,zhegeyinqingqishiyinggaizhichichaochangjuzishurucainengyong,35,59,53144.917,900.761,196329472,196329472,unavailable,228065280,unavailable,unavailable,unavailable,unavailable,unavailable,unavailable
yune,track-a-comparison,luna_pinyin,key_sequence_process_with_context,zhegeyinqingqishiyinggaizhichichaochangjuzishurucainengyong,36,59,53328.042,903.865,196329472,196345856,unavailable,228065280,unavailable,unavailable,unavailable,unavailable,unavailable,unavailable
yune,track-a-comparison,luna_pinyin,key_sequence_process_with_context,zhegeyinqingqishiyinggaizhichichaochangjuzishurucainengyong,37,59,53521.625,907.146,196345856,196378624,unavailable,228065280,unavailable,unavailable,unavailable,unavailable,unavailable,unavailable
yune,track-a-comparison,luna_pinyin,key_sequence_process_with_context,zhegeyinqingqishiyinggaizhichichaochangjuzishurucainengyong,38,59,53217.625,901.994,196378624,196378624,unavailable,228065280,unavailable,unavailable,unavailable,unavailable,unavailable,unavailable
yune,track-a-comparison,luna_pinyin,key_sequence_process_with_context,zhegeyinqingqishiyinggaizhichichaochangjuzishurucainengyong,39,59,53421.375,905.447,196378624,196378624,unavailable,228065280,unavailable,unavailable,unavailable,unavailable,unavailable,unavailable
yune,track-a-comparison,luna_pinyin,key_sequence_process_with_context,zhegeyinqingqishiyinggaizhichichaochangjuzishurucainengyong,40,59,53426.500,905.534,196378624,196395008,unavailable,228065280,unavailable,unavailable,unavailable,unavailable,unavailable,unavailable
yune,track-a-comparison,luna_pinyin,key_sequence_process_with_context,zhegeyinqingqishiyinggaizhichichaochangjuzishurucainengyong,41,59,53346.292,904.174,196395008,196411392,unavailable,228065280,unavailable,unavailable,unavailable,unavailable,unavailable,unavailable
yune,track-a-comparison,luna_pinyin,key_sequence_process_with_context,zhegeyinqingqishiyinggaizhichichaochangjuzishurucainengyong,42,59,53209.208,901.851,196411392,196411392,unavailable,228065280,unavailable,unavailable,unavailable,unavailable,unavailable,unavailable
yune,track-a-comparison,luna_pinyin,key_sequence_process_with_context,zhegeyinqingqishiyinggaizhichichaochangjuzishurucainengyong,43,59,53051.042,899.170,196411392,196411392,unavailable,228065280,unavailable,unavailable,unavailable,unavailable,unavailable,unavailable
yune,track-a-comparison,luna_pinyin,key_sequence_process_with_context,zhegeyinqingqishiyinggaizhichichaochangjuzishurucainengyong,44,59,53446.875,905.879,196411392,196411392,unavailable,228065280,unavailable,unavailable,unavailable,unavailable,unavailable,unavailable
yune,track-a-comparison,luna_pinyin,key_sequence_process_with_context,zhegeyinqingqishiyinggaizhichichaochangjuzishurucainengyong,45,59,53451.459,905.957,196411392,196427776,unavailable,228065280,unavailable,unavailable,unavailable,unavailable,unavailable,unavailable
yune,track-a-comparison,luna_pinyin,key_sequence_process_with_context,zhegeyinqingqishiyinggaizhichichaochangjuzishurucainengyong,46,59,53149.542,900.840,196427776,196444160,unavailable,228065280,unavailable,unavailable,unavailable,unavailable,unavailable,unavailable
yune,track-a-comparison,luna_pinyin,key_sequence_process_with_context,zhegeyinqingqishiyinggaizhichichaochangjuzishurucainengyong,47,59,53490.709,906.622,196444160,196460544,unavailable,228065280,unavailable,unavailable,unavailable,unavailable,unavailable,unavailable
yune,track-a-comparison,luna_pinyin,key_sequence_process_with_context,zhegeyinqingqishiyinggaizhichichaochangjuzishurucainengyong,48,59,53394.625,904.994,196460544,196460544,unavailable,228065280,unavailable,unavailable,unavailable,unavailable,unavailable,unavailable
yune,track-a-comparison,luna_pinyin,key_sequence_process_with_context,zhegeyinqingqishiyinggaizhichichaochangjuzishurucainengyong,49,59,53185.958,901.457,196460544,196476928,unavailable,228065280,unavailable,unavailable,unavailable,unavailable,unavailable,unavailable
yune,track-a-comparison,luna_pinyin,key_sequence_process_with_context,zhegeyinqingqishiyinggaizhichichaochangjuzishurucainengyong,50,59,53084.125,899.731,196476928,196476928,unavailable,228065280,unavailable,unavailable,unavailable,unavailable,unavailable,unavailable
yune,track-a-comparison,luna_pinyin,key_sequence_process_with_context,zhegeyinqingqishiyinggaizhichichaochangjuzishurucainengyong,51,59,53399.709,905.080,196476928,196476928,unavailable,228065280,unavailable,unavailable,unavailable,unavailable,unavailable,unavailable
yune,track-a-comparison,luna_pinyin,key_sequence_process_with_context,zhegeyinqingqishiyinggaizhichichaochangjuzishurucainengyong,52,59,53006.209,898.410,196476928,196476928,unavailable,228065280,unavailable,unavailable,unavailable,unavailable,unavailable,unavailable
yune,track-a-comparison,luna_pinyin,key_sequence_process_with_context,zhegeyinqingqishiyinggaizhichichaochangjuzishurucainengyong,53,59,53308.375,903.532,196476928,196476928,unavailable,228065280,unavailable,unavailable,unavailable,unavailable,unavailable,unavailable
yune,track-a-comparison,luna_pinyin,key_sequence_process_with_context,zhegeyinqingqishiyinggaizhichichaochangjuzishurucainengyong,54,59,53281.083,903.069,196476928,196509696,unavailable,228065280,unavailable,unavailable,unavailable,unavailable,unavailable,unavailable
yune,track-a-comparison,luna_pinyin,key_sequence_process_with_context,zhegeyinqingqishiyinggaizhichichaochangjuzishurucainengyong,55,59,53397.167,905.037,196509696,196526080,unavailable,228065280,unavailable,unavailable,unavailable,unavailable,unavailable,unavailable
yune,track-a-comparison,luna_pinyin,key_sequence_process_with_context,zhegeyinqingqishiyinggaizhichichaochangjuzishurucainengyong,56,59,52905.500,896.703,196526080,196526080,unavailable,228065280,unavailable,unavailable,unavailable,unavailable,unavailable,unavailable
yune,track-a-comparison,luna_pinyin,key_sequence_process_with_context,zhegeyinqingqishiyinggaizhichichaochangjuzishurucainengyong,57,59,53394.250,904.987,196526080,196526080,unavailable,228065280,unavailable,unavailable,unavailable,unavailable,unavailable,unavailable
yune,track-a-comparison,luna_pinyin,key_sequence_process_with_context,zhegeyinqingqishiyinggaizhichichaochangjuzishurucainengyong,58,59,53162.084,901.052,196526080,196542464,unavailable,228065280,unavailable,unavailable,unavailable,unavailable,unavailable,unavailable
yune,track-a-comparison,luna_pinyin,key_sequence_process_with_context,zhegeyinqingqishiyinggaizhichichaochangjuzishurucainengyong,59,59,53378.875,904.727,196542464,196542464,unavailable,228065280,unavailable,unavailable,unavailable,unavailable,unavailable,unavailable
yune,track-a-comparison,luna_pinyin,key_sequence_process_with_context,zhegeyinqingqishiyinggaizhichichaochangjuzishurucainengyong,60,59,53548.917,907.609,196542464,196542464,unavailable,228065280,unavailable,unavailable,unavailable,unavailable,unavailable,unavailable
yune,track-a-comparison,luna_pinyin,key_sequence_process_with_context,zhegeyinqingqishiyinggaizhichichaochangjuzishurucainengyong,61,59,53298.959,903.372,196542464,196558848,unavailable,228065280,unavailable,unavailable,unavailable,unavailable,unavailable,unavailable
yune,track-a-comparison,luna_pinyin,key_sequence_process_with_context,zhegeyinqingqishiyinggaizhichichaochangjuzishurucainengyong,62,59,53162.542,901.060,196558848,196575232,unavailable,228065280,unavailable,unavailable,unavailable,unavailable,unavailable,unavailable
yune,track-a-comparison,luna_pinyin,key_sequence_process_with_context,zhegeyinqingqishiyinggaizhichichaochangjuzishurucainengyong,63,59,53240.083,902.374,196575232,196575232,unavailable,228065280,unavailable,unavailable,unavailable,unavailable,unavailable,unavailable
yune,track-a-comparison,luna_pinyin,key_sequence_process_with_context,zhegeyinqingqishiyinggaizhichichaochangjuzishurucainengyong,64,59,53472.583,906.315,196575232,196591616,unavailable,228065280,unavailable,unavailable,unavailable,unavailable,unavailable,unavailable
yune,track-a-comparison,luna_pinyin,key_sequence_process_with_context,zhegeyinqingqishiyinggaizhichichaochangjuzishurucainengyong,65,59,53096.459,899.940,196591616,196591616,unavailable,228065280,unavailable,unavailable,unavailable,unavailable,unavailable,unavailable
yune,track-a-comparison,luna_pinyin,key_sequence_process_with_context,zhegeyinqingqishiyinggaizhichichaochangjuzishurucainengyong,66,59,53392.250,904.953,196591616,196608000,unavailable,228065280,unavailable,unavailable,unavailable,unavailable,unavailable,unavailable
yune,track-a-comparison,luna_pinyin,key_sequence_process_with_context,zhegeyinqingqishiyinggaizhichichaochangjuzishurucainengyong,67,59,53349.125,904.222,196608000,196608000,unavailable,228065280,unavailable,unavailable,unavailable,unavailable,unavailable,unavailable
yune,track-a-comparison,luna_pinyin,key_sequence_process_with_context,zhegeyinqingqishiyinggaizhichichaochangjuzishurucainengyong,68,59,53211.000,901.881,196608000,196624384,unavailable,228065280,unavailable,unavailable,unavailable,unavailable,unavailable,unavailable
yune,track-a-comparison,luna_pinyin,key_sequence_process_with_context,zhegeyinqingqishiyinggaizhichichaochangjuzishurucainengyong,69,59,53378.750,904.725,196624384,196640768,unavailable,228065280,unavailable,unavailable,unavailable,unavailable,unavailable,unavailable
yune,track-a-comparison,luna_pinyin,key_sequence_process_with_context,zhegeyinqingqishiyinggaizhichichaochangjuzishurucainengyong,70,59,53877.541,913.179,196640768,196657152,unavailable,228065280,unavailable,unavailable,unavailable,unavailable,unavailable,unavailable
yune,track-a-comparison,luna_pinyin,key_sequence_process_with_context,zhegeyinqingqishiyinggaizhichichaochangjuzishurucainengyong,71,59,53782.334,911.565,196657152,196657152,unavailable,228065280,unavailable,unavailable,unavailable,unavailable,unavailable,unavailable
yune,track-a-comparison,luna_pinyin,key_sequence_process_with_context,zhegeyinqingqishiyinggaizhichichaochangjuzishurucainengyong,72,59,53059.542,899.314,196657152,196673536,unavailable,228065280,unavailable,unavailable,unavailable,unavailable,unavailable,unavailable
yune,track-a-comparison,luna_pinyin,key_sequence_process_with_context,zhegeyinqingqishiyinggaizhichichaochangjuzishurucainengyong,73,59,53220.875,902.049,196673536,196689920,unavailable,228065280,unavailable,unavailable,unavailable,unavailable,unavailable,unavailable
yune,track-a-comparison,luna_pinyin,key_sequence_process_with_context,zhegeyinqingqishiyinggaizhichichaochangjuzishurucainengyong,74,59,52835.666,895.520,196689920,196689920,unavailable,228065280,unavailable,unavailable,unavailable,unavailable,unavailable,unavailable
yune,track-a-comparison,luna_pinyin,key_sequence_process_with_context,zhegeyinqingqishiyinggaizhichichaochangjuzishurucainengyong,75,59,53693.792,910.064,196689920,196722688,unavailable,228065280,unavailable,unavailable,unavailable,unavailable,unavailable,unavailable
yune,track-a-comparison,luna_pinyin,key_sequence_process_with_context,zhegeyinqingqishiyinggaizhichichaochangjuzishurucainengyong,76,59,54380.667,921.706,196722688,196722688,unavailable,228065280,unavailable,unavailable,unavailable,unavailable,unavailable,unavailable
yune,track-a-comparison,luna_pinyin,key_sequence_process_with_context,zhegeyinqingqishiyinggaizhichichaochangjuzishurucainengyong,77,59,53177.709,901.317,196722688,196722688,unavailable,228065280,unavailable,unavailable,unavailable,unavailable,unavailable,unavailable
yune,track-a-comparison,luna_pinyin,key_sequence_process_with_context,zhegeyinqingqishiyinggaizhichichaochangjuzishurucainengyong,78,59,53195.041,901.611,196722688,196722688,unavailable,228065280,unavailable,unavailable,unavailable,unavailable,unavailable,unavailable
yune,track-a-comparison,luna_pinyin,key_sequence_process_with_context,zhegeyinqingqishiyinggaizhichichaochangjuzishurucainengyong,79,59,53220.250,902.038,196722688,196739072,unavailable,228065280,unavailable,unavailable,unavailable,unavailable,unavailable,unavailable
yune,track-a-comparison,luna_pinyin,key_sequence_process_with_context,cszysmsrsd,0,10,4065.667,406.567,197033984,197033984,unavailable,228065280,unavailable,unavailable,unavailable,unavailable,unavailable,unavailable
yune,track-a-comparison,luna_pinyin,key_sequence_process_with_context,cszysmsrsd,1,10,4110.875,411.087,197033984,197033984,unavailable,228065280,unavailable,unavailable,unavailable,unavailable,unavailable,unavailable
yune,track-a-comparison,luna_pinyin,key_sequence_process_with_context,cszysmsrsd,2,10,4026.458,402.646,197033984,197050368,unavailable,228065280,unavailable,unavailable,unavailable,unavailable,unavailable,unavailable
yune,track-a-comparison,luna_pinyin,key_sequence_process_with_context,cszysmsrsd,3,10,3990.792,399.079,197050368,197066752,unavailable,228065280,unavailable,unavailable,unavailable,unavailable,unavailable,unavailable
yune,track-a-comparison,luna_pinyin,key_sequence_process_with_context,cszysmsrsd,4,10,4085.375,408.537,197066752,197066752,unavailable,228065280,unavailable,unavailable,unavailable,unavailable,unavailable,unavailable
yune,track-a-comparison,luna_pinyin,key_sequence_process_with_context,cszysmsrsd,5,10,3939.000,393.900,197066752,197066752,unavailable,228065280,unavailable,unavailable,unavailable,unavailable,unavailable,unavailable
yune,track-a-comparison,luna_pinyin,key_sequence_process_with_context,cszysmsrsd,6,10,4169.375,416.938,197066752,197083136,unavailable,228065280,unavailable,unavailable,unavailable,unavailable,unavailable,unavailable
yune,track-a-comparison,luna_pinyin,key_sequence_process_with_context,cszysmsrsd,7,10,4080.125,408.013,197083136,197099520,unavailable,228065280,unavailable,unavailable,unavailable,unavailable,unavailable,unavailable
yune,track-a-comparison,luna_pinyin,key_sequence_process_with_context,cszysmsrsd,8,10,3947.334,394.733,197099520,197099520,unavailable,228065280,unavailable,unavailable,unavailable,unavailable,unavailable,unavailable
yune,track-a-comparison,luna_pinyin,key_sequence_process_with_context,cszysmsrsd,9,10,3986.292,398.629,197099520,197115904,unavailable,228065280,unavailable,unavailable,unavailable,unavailable,unavailable,unavailable
yune,track-a-comparison,luna_pinyin,key_sequence_process_with_context,cszysmsrsd,10,10,3999.042,399.904,197115904,197115904,unavailable,228065280,unavailable,unavailable,unavailable,unavailable,unavailable,unavailable
yune,track-a-comparison,luna_pinyin,key_sequence_process_with_context,cszysmsrsd,11,10,3993.791,399.379,197115904,197132288,unavailable,228065280,unavailable,unavailable,unavailable,unavailable,unavailable,unavailable
yune,track-a-comparison,luna_pinyin,key_sequence_process_with_context,cszysmsrsd,12,10,4020.125,402.013,197132288,197132288,unavailable,228065280,unavailable,unavailable,unavailable,unavailable,unavailable,unavailable
yune,track-a-comparison,luna_pinyin,key_sequence_process_with_context,cszysmsrsd,13,10,3917.334,391.733,197132288,197132288,unavailable,228065280,unavailable,unavailable,unavailable,unavailable,unavailable,unavailable
yune,track-a-comparison,luna_pinyin,key_sequence_process_with_context,cszysmsrsd,14,10,3946.916,394.692,197132288,197132288,unavailable,228065280,unavailable,unavailable,unavailable,unavailable,unavailable,unavailable
yune,track-a-comparison,luna_pinyin,key_sequence_process_with_context,cszysmsrsd,15,10,4104.334,410.433,197132288,197148672,unavailable,228065280,unavailable,unavailable,unavailable,unavailable,unavailable,unavailable
yune,track-a-comparison,luna_pinyin,key_sequence_process_with_context,cszysmsrsd,16,10,4010.167,401.017,197148672,197181440,unavailable,228065280,unavailable,unavailable,unavailable,unavailable,unavailable,unavailable
yune,track-a-comparison,luna_pinyin,key_sequence_process_with_context,cszysmsrsd,17,10,4040.709,404.071,197181440,197181440,unavailable,228065280,unavailable,unavailable,unavailable,unavailable,unavailable,unavailable
yune,track-a-comparison,luna_pinyin,key_sequence_process_with_context,cszysmsrsd,18,10,3846.459,384.646,197181440,197181440,unavailable,228065280,unavailable,unavailable,unavailable,unavailable,unavailable,unavailable
yune,track-a-comparison,luna_pinyin,key_sequence_process_with_context,cszysmsrsd,19,10,3821.292,382.129,197181440,197181440,unavailable,228065280,unavailable,unavailable,unavailable,unavailable,unavailable,unavailable
yune,track-a-comparison,luna_pinyin,key_sequence_process_with_context,cszysmsrsd,20,10,3973.333,397.333,197181440,197197824,unavailable,228065280,unavailable,unavailable,unavailable,unavailable,unavailable,unavailable
yune,track-a-comparison,luna_pinyin,key_sequence_process_with_context,cszysmsrsd,21,10,3906.041,390.604,197197824,197197824,unavailable,228065280,unavailable,unavailable,unavailable,unavailable,unavailable,unavailable
yune,track-a-comparison,luna_pinyin,key_sequence_process_with_context,cszysmsrsd,22,10,3917.625,391.762,197197824,197197824,unavailable,228065280,unavailable,unavailable,unavailable,unavailable,unavailable,unavailable
yune,track-a-comparison,luna_pinyin,key_sequence_process_with_context,cszysmsrsd,23,10,3992.333,399.233,197197824,197214208,unavailable,228065280,unavailable,unavailable,unavailable,unavailable,unavailable,unavailable
yune,track-a-comparison,luna_pinyin,key_sequence_process_with_context,cszysmsrsd,24,10,3801.167,380.117,197214208,197246976,unavailable,228065280,unavailable,unavailable,unavailable,unavailable,unavailable,unavailable
yune,track-a-comparison,luna_pinyin,key_sequence_process_with_context,cszysmsrsd,25,10,3853.666,385.367,197246976,197246976,unavailable,228065280,unavailable,unavailable,unavailable,unavailable,unavailable,unavailable
yune,track-a-comparison,luna_pinyin,key_sequence_process_with_context,cszysmsrsd,26,10,4019.833,401.983,197246976,197246976,unavailable,228065280,unavailable,unavailable,unavailable,unavailable,unavailable,unavailable
yune,track-a-comparison,luna_pinyin,key_sequence_process_with_context,cszysmsrsd,27,10,3904.125,390.413,197246976,197246976,unavailable,228065280,unavailable,unavailable,unavailable,unavailable,unavailable,unavailable
yune,track-a-comparison,luna_pinyin,key_sequence_process_with_context,cszysmsrsd,28,10,3940.833,394.083,197246976,197263360,unavailable,228065280,unavailable,unavailable,unavailable,unavailable,unavailable,unavailable
yune,track-a-comparison,luna_pinyin,key_sequence_process_with_context,cszysmsrsd,29,10,4011.500,401.150,197263360,197263360,unavailable,228065280,unavailable,unavailable,unavailable,unavailable,unavailable,unavailable
yune,track-a-comparison,luna_pinyin,key_sequence_process_with_context,cszysmsrsd,30,10,3931.459,393.146,197263360,197312512,unavailable,228065280,unavailable,unavailable,unavailable,unavailable,unavailable,unavailable
yune,track-a-comparison,luna_pinyin,key_sequence_process_with_context,cszysmsrsd,31,10,4003.500,400.350,197312512,197312512,unavailable,228065280,unavailable,unavailable,unavailable,unavailable,unavailable,unavailable
yune,track-a-comparison,luna_pinyin,key_sequence_process_with_context,cszysmsrsd,32,10,3804.542,380.454,197312512,197345280,unavailable,228065280,unavailable,unavailable,unavailable,unavailable,unavailable,unavailable
yune,track-a-comparison,luna_pinyin,key_sequence_process_with_context,cszysmsrsd,33,10,3908.750,390.875,197345280,197345280,unavailable,228065280,unavailable,unavailable,unavailable,unavailable,unavailable,unavailable
yune,track-a-comparison,luna_pinyin,key_sequence_process_with_context,cszysmsrsd,34,10,4032.959,403.296,197345280,197345280,unavailable,228065280,unavailable,unavailable,unavailable,unavailable,unavailable,unavailable
yune,track-a-comparison,luna_pinyin,key_sequence_process_with_context,cszysmsrsd,35,10,3939.500,393.950,197345280,197345280,unavailable,228065280,unavailable,unavailable,unavailable,unavailable,unavailable,unavailable
yune,track-a-comparison,luna_pinyin,key_sequence_process_with_context,cszysmsrsd,36,10,3996.375,399.637,197345280,197345280,unavailable,228065280,unavailable,unavailable,unavailable,unavailable,unavailable,unavailable
yune,track-a-comparison,luna_pinyin,key_sequence_process_with_context,cszysmsrsd,37,10,4052.000,405.200,197345280,197378048,unavailable,228065280,unavailable,unavailable,unavailable,unavailable,unavailable,unavailable
yune,track-a-comparison,luna_pinyin,key_sequence_process_with_context,cszysmsrsd,38,10,3913.666,391.367,197378048,197378048,unavailable,228065280,unavailable,unavailable,unavailable,unavailable,unavailable,unavailable
yune,track-a-comparison,luna_pinyin,key_sequence_process_with_context,cszysmsrsd,39,10,3904.333,390.433,197378048,197378048,unavailable,228065280,unavailable,unavailable,unavailable,unavailable,unavailable,unavailable
yune,track-a-comparison,luna_pinyin,key_sequence_process_with_context,cszysmsrsd,40,10,4016.125,401.612,197378048,197378048,unavailable,228065280,unavailable,unavailable,unavailable,unavailable,unavailable,unavailable
yune,track-a-comparison,luna_pinyin,key_sequence_process_with_context,cszysmsrsd,41,10,3940.041,394.004,197378048,197410816,unavailable,228065280,unavailable,unavailable,unavailable,unavailable,unavailable,unavailable
yune,track-a-comparison,luna_pinyin,key_sequence_process_with_context,cszysmsrsd,42,10,4052.708,405.271,197410816,197410816,unavailable,228065280,unavailable,unavailable,unavailable,unavailable,unavailable,unavailable
yune,track-a-comparison,luna_pinyin,key_sequence_process_with_context,cszysmsrsd,43,10,4001.625,400.163,197410816,197410816,unavailable,228065280,unavailable,unavailable,unavailable,unavailable,unavailable,unavailable
yune,track-a-comparison,luna_pinyin,key_sequence_process_with_context,cszysmsrsd,44,10,4002.292,400.229,197410816,197427200,unavailable,228065280,unavailable,unavailable,unavailable,unavailable,unavailable,unavailable
yune,track-a-comparison,luna_pinyin,key_sequence_process_with_context,cszysmsrsd,45,10,4054.417,405.442,197427200,197443584,unavailable,228065280,unavailable,unavailable,unavailable,unavailable,unavailable,unavailable
yune,track-a-comparison,luna_pinyin,key_sequence_process_with_context,cszysmsrsd,46,10,3790.958,379.096,197443584,197443584,unavailable,228065280,unavailable,unavailable,unavailable,unavailable,unavailable,unavailable
yune,track-a-comparison,luna_pinyin,key_sequence_process_with_context,cszysmsrsd,47,10,3783.584,378.358,197443584,197443584,unavailable,228065280,unavailable,unavailable,unavailable,unavailable,unavailable,unavailable
yune,track-a-comparison,luna_pinyin,key_sequence_process_with_context,cszysmsrsd,48,10,3965.584,396.558,197443584,197443584,unavailable,228065280,unavailable,unavailable,unavailable,unavailable,unavailable,unavailable
yune,track-a-comparison,luna_pinyin,key_sequence_process_with_context,cszysmsrsd,49,10,3929.333,392.933,197443584,197459968,unavailable,228065280,unavailable,unavailable,unavailable,unavailable,unavailable,unavailable
yune,track-a-comparison,luna_pinyin,key_sequence_process_with_context,cszysmsrsd,50,10,3932.583,393.258,197459968,197476352,unavailable,228065280,unavailable,unavailable,unavailable,unavailable,unavailable,unavailable
yune,track-a-comparison,luna_pinyin,key_sequence_process_with_context,cszysmsrsd,51,10,4105.334,410.533,197476352,197492736,unavailable,228065280,unavailable,unavailable,unavailable,unavailable,unavailable,unavailable
yune,track-a-comparison,luna_pinyin,key_sequence_process_with_context,cszysmsrsd,52,10,4016.583,401.658,197492736,197492736,unavailable,228065280,unavailable,unavailable,unavailable,unavailable,unavailable,unavailable
yune,track-a-comparison,luna_pinyin,key_sequence_process_with_context,cszysmsrsd,53,10,4104.791,410.479,197492736,197509120,unavailable,228065280,unavailable,unavailable,unavailable,unavailable,unavailable,unavailable
yune,track-a-comparison,luna_pinyin,key_sequence_process_with_context,cszysmsrsd,54,10,3996.750,399.675,197509120,197509120,unavailable,228065280,unavailable,unavailable,unavailable,unavailable,unavailable,unavailable
yune,track-a-comparison,luna_pinyin,key_sequence_process_with_context,cszysmsrsd,55,10,3988.875,398.888,197509120,197509120,unavailable,228065280,unavailable,unavailable,unavailable,unavailable,unavailable,unavailable
yune,track-a-comparison,luna_pinyin,key_sequence_process_with_context,cszysmsrsd,56,10,4013.542,401.354,197509120,197509120,unavailable,228065280,unavailable,unavailable,unavailable,unavailable,unavailable,unavailable
yune,track-a-comparison,luna_pinyin,key_sequence_process_with_context,cszysmsrsd,57,10,3979.041,397.904,197509120,197509120,unavailable,228065280,unavailable,unavailable,unavailable,unavailable,unavailable,unavailable
yune,track-a-comparison,luna_pinyin,key_sequence_process_with_context,cszysmsrsd,58,10,3997.458,399.746,197509120,197541888,unavailable,228065280,unavailable,unavailable,unavailable,unavailable,unavailable,unavailable
yune,track-a-comparison,luna_pinyin,key_sequence_process_with_context,cszysmsrsd,59,10,3995.291,399.529,197541888,197558272,unavailable,228065280,unavailable,unavailable,unavailable,unavailable,unavailable,unavailable
yune,track-a-comparison,luna_pinyin,key_sequence_process_with_context,cszysmsrsd,60,10,3994.291,399.429,197558272,197558272,unavailable,228065280,unavailable,unavailable,unavailable,unavailable,unavailable,unavailable
yune,track-a-comparison,luna_pinyin,key_sequence_process_with_context,cszysmsrsd,61,10,4088.500,408.850,197558272,197558272,unavailable,228065280,unavailable,unavailable,unavailable,unavailable,unavailable,unavailable
yune,track-a-comparison,luna_pinyin,key_sequence_process_with_context,cszysmsrsd,62,10,3911.291,391.129,197558272,197574656,unavailable,228065280,unavailable,unavailable,unavailable,unavailable,unavailable,unavailable
yune,track-a-comparison,luna_pinyin,key_sequence_process_with_context,cszysmsrsd,63,10,3910.667,391.067,197574656,197574656,unavailable,228065280,unavailable,unavailable,unavailable,unavailable,unavailable,unavailable
yune,track-a-comparison,luna_pinyin,key_sequence_process_with_context,cszysmsrsd,64,10,3913.417,391.342,197574656,197574656,unavailable,228065280,unavailable,unavailable,unavailable,unavailable,unavailable,unavailable
yune,track-a-comparison,luna_pinyin,key_sequence_process_with_context,cszysmsrsd,65,10,3793.292,379.329,197574656,197591040,unavailable,228065280,unavailable,unavailable,unavailable,unavailable,unavailable,unavailable
yune,track-a-comparison,luna_pinyin,key_sequence_process_with_context,cszysmsrsd,66,10,3895.792,389.579,197591040,197623808,unavailable,228065280,unavailable,unavailable,unavailable,unavailable,unavailable,unavailable
yune,track-a-comparison,luna_pinyin,key_sequence_process_with_context,cszysmsrsd,67,10,3967.250,396.725,197623808,197623808,unavailable,228065280,unavailable,unavailable,unavailable,unavailable,unavailable,unavailable
yune,track-a-comparison,luna_pinyin,key_sequence_process_with_context,cszysmsrsd,68,10,3801.875,380.188,197623808,197640192,unavailable,228065280,unavailable,unavailable,unavailable,unavailable,unavailable,unavailable
yune,track-a-comparison,luna_pinyin,key_sequence_process_with_context,cszysmsrsd,69,10,3956.500,395.650,197640192,197640192,unavailable,228065280,unavailable,unavailable,unavailable,unavailable,unavailable,unavailable
yune,track-a-comparison,luna_pinyin,key_sequence_process_with_context,cszysmsrsd,70,10,4007.167,400.717,197640192,197656576,unavailable,228065280,unavailable,unavailable,unavailable,unavailable,unavailable,unavailable
yune,track-a-comparison,luna_pinyin,key_sequence_process_with_context,cszysmsrsd,71,10,3906.416,390.642,197656576,197656576,unavailable,228065280,unavailable,unavailable,unavailable,unavailable,unavailable,unavailable
yune,track-a-comparison,luna_pinyin,key_sequence_process_with_context,cszysmsrsd,72,10,3908.917,390.892,197656576,197689344,unavailable,228065280,unavailable,unavailable,unavailable,unavailable,unavailable,unavailable
yune,track-a-comparison,luna_pinyin,key_sequence_process_with_context,cszysmsrsd,73,10,3990.584,399.058,197689344,197689344,unavailable,228065280,unavailable,unavailable,unavailable,unavailable,unavailable,unavailable
yune,track-a-comparison,luna_pinyin,key_sequence_process_with_context,cszysmsrsd,74,10,3890.959,389.096,197689344,197705728,unavailable,228065280,unavailable,unavailable,unavailable,unavailable,unavailable,unavailable
yune,track-a-comparison,luna_pinyin,key_sequence_process_with_context,cszysmsrsd,75,10,3937.667,393.767,197705728,197705728,unavailable,228065280,unavailable,unavailable,unavailable,unavailable,unavailable,unavailable
yune,track-a-comparison,luna_pinyin,key_sequence_process_with_context,cszysmsrsd,76,10,3800.666,380.067,197705728,197705728,unavailable,228065280,unavailable,unavailable,unavailable,unavailable,unavailable,unavailable
yune,track-a-comparison,luna_pinyin,key_sequence_process_with_context,cszysmsrsd,77,10,3799.250,379.925,197705728,197722112,unavailable,228065280,unavailable,unavailable,unavailable,unavailable,unavailable,unavailable
yune,track-a-comparison,luna_pinyin,key_sequence_process_with_context,cszysmsrsd,78,10,3908.250,390.825,197722112,197722112,unavailable,228065280,unavailable,unavailable,unavailable,unavailable,unavailable,unavailable
yune,track-a-comparison,luna_pinyin,key_sequence_process_with_context,cszysmsrsd,79,10,3925.042,392.504,197722112,197754880,unavailable,228065280,unavailable,unavailable,unavailable,unavailable,unavailable,unavailable
yune,track-a-comparison,luna_pinyin,key_sequence_process_with_context,zybfshmsru,0,10,4239.667,423.967,197787648,197787648,unavailable,228065280,unavailable,unavailable,unavailable,unavailable,unavailable,unavailable
yune,track-a-comparison,luna_pinyin,key_sequence_process_with_context,zybfshmsru,1,10,4018.583,401.858,197787648,197787648,unavailable,228065280,unavailable,unavailable,unavailable,unavailable,unavailable,unavailable
yune,track-a-comparison,luna_pinyin,key_sequence_process_with_context,zybfshmsru,2,10,4206.958,420.696,197787648,197787648,unavailable,228065280,unavailable,unavailable,unavailable,unavailable,unavailable,unavailable
yune,track-a-comparison,luna_pinyin,key_sequence_process_with_context,zybfshmsru,3,10,4174.750,417.475,197787648,197804032,unavailable,228065280,unavailable,unavailable,unavailable,unavailable,unavailable,unavailable
yune,track-a-comparison,luna_pinyin,key_sequence_process_with_context,zybfshmsru,4,10,4158.958,415.896,197804032,197804032,unavailable,228065280,unavailable,unavailable,unavailable,unavailable,unavailable,unavailable
yune,track-a-comparison,luna_pinyin,key_sequence_process_with_context,zybfshmsru,5,10,4224.750,422.475,197804032,197820416,unavailable,228065280,unavailable,unavailable,unavailable,unavailable,unavailable,unavailable
yune,track-a-comparison,luna_pinyin,key_sequence_process_with_context,zybfshmsru,6,10,3998.000,399.800,197820416,197820416,unavailable,228065280,unavailable,unavailable,unavailable,unavailable,unavailable,unavailable
yune,track-a-comparison,luna_pinyin,key_sequence_process_with_context,zybfshmsru,7,10,3992.958,399.296,197820416,197853184,unavailable,228065280,unavailable,unavailable,unavailable,unavailable,unavailable,unavailable
yune,track-a-comparison,luna_pinyin,key_sequence_process_with_context,zybfshmsru,8,10,4064.833,406.483,197853184,197853184,unavailable,228065280,unavailable,unavailable,unavailable,unavailable,unavailable,unavailable
yune,track-a-comparison,luna_pinyin,key_sequence_process_with_context,zybfshmsru,9,10,3901.416,390.142,197853184,197853184,unavailable,228065280,unavailable,unavailable,unavailable,unavailable,unavailable,unavailable
yune,track-a-comparison,luna_pinyin,key_sequence_process_with_context,zybfshmsru,10,10,4173.667,417.367,197853184,197853184,unavailable,228065280,unavailable,unavailable,unavailable,unavailable,unavailable,unavailable
yune,track-a-comparison,luna_pinyin,key_sequence_process_with_context,zybfshmsru,11,10,4134.250,413.425,197853184,197869568,unavailable,228065280,unavailable,unavailable,unavailable,unavailable,unavailable,unavailable
yune,track-a-comparison,luna_pinyin,key_sequence_process_with_context,zybfshmsru,12,10,4077.167,407.717,197869568,197885952,unavailable,228065280,unavailable,unavailable,unavailable,unavailable,unavailable,unavailable
yune,track-a-comparison,luna_pinyin,key_sequence_process_with_context,zybfshmsru,13,10,4186.333,418.633,197885952,197885952,unavailable,228065280,unavailable,unavailable,unavailable,unavailable,unavailable,unavailable
yune,track-a-comparison,luna_pinyin,key_sequence_process_with_context,zybfshmsru,14,10,3914.208,391.421,197885952,197885952,unavailable,228065280,unavailable,unavailable,unavailable,unavailable,unavailable,unavailable
yune,track-a-comparison,luna_pinyin,key_sequence_process_with_context,zybfshmsru,15,10,4060.833,406.083,197885952,197902336,unavailable,228065280,unavailable,unavailable,unavailable,unavailable,unavailable,unavailable
yune,track-a-comparison,luna_pinyin,key_sequence_process_with_context,zybfshmsru,16,10,4091.791,409.179,197902336,197918720,unavailable,228065280,unavailable,unavailable,unavailable,unavailable,unavailable,unavailable
yune,track-a-comparison,luna_pinyin,key_sequence_process_with_context,zybfshmsru,17,10,3941.250,394.125,197918720,197918720,unavailable,228065280,unavailable,unavailable,unavailable,unavailable,unavailable,unavailable
yune,track-a-comparison,luna_pinyin,key_sequence_process_with_context,zybfshmsru,18,10,4049.584,404.958,197918720,197918720,unavailable,228065280,unavailable,unavailable,unavailable,unavailable,unavailable,unavailable
yune,track-a-comparison,luna_pinyin,key_sequence_process_with_context,zybfshmsru,19,10,4142.209,414.221,197918720,197935104,unavailable,228065280,unavailable,unavailable,unavailable,unavailable,unavailable,unavailable
yune,track-a-comparison,luna_pinyin,key_sequence_process_with_context,zybfshmsru,20,10,4056.917,405.692,197935104,197951488,unavailable,228065280,unavailable,unavailable,unavailable,unavailable,unavailable,unavailable
yune,track-a-comparison,luna_pinyin,key_sequence_process_with_context,zybfshmsru,21,10,4140.917,414.092,197951488,197951488,unavailable,228065280,unavailable,unavailable,unavailable,unavailable,unavailable,unavailable
yune,track-a-comparison,luna_pinyin,key_sequence_process_with_context,zybfshmsru,22,10,4000.541,400.054,197951488,197951488,unavailable,228065280,unavailable,unavailable,unavailable,unavailable,unavailable,unavailable
yune,track-a-comparison,luna_pinyin,key_sequence_process_with_context,zybfshmsru,23,10,4002.458,400.246,197951488,197951488,unavailable,228065280,unavailable,unavailable,unavailable,unavailable,unavailable,unavailable
yune,track-a-comparison,luna_pinyin,key_sequence_process_with_context,zybfshmsru,24,10,4196.583,419.658,197951488,197967872,unavailable,228065280,unavailable,unavailable,unavailable,unavailable,unavailable,unavailable
yune,track-a-comparison,luna_pinyin,key_sequence_process_with_context,zybfshmsru,25,10,4019.083,401.908,197967872,197984256,unavailable,228065280,unavailable,unavailable,unavailable,unavailable,unavailable,unavailable
yune,track-a-comparison,luna_pinyin,key_sequence_process_with_context,zybfshmsru,26,10,4077.708,407.771,197984256,198000640,unavailable,228065280,unavailable,unavailable,unavailable,unavailable,unavailable,unavailable
yune,track-a-comparison,luna_pinyin,key_sequence_process_with_context,zybfshmsru,27,10,4149.042,414.904,198000640,198017024,unavailable,228065280,unavailable,unavailable,unavailable,unavailable,unavailable,unavailable
yune,track-a-comparison,luna_pinyin,key_sequence_process_with_context,zybfshmsru,28,10,4149.083,414.908,198017024,198033408,unavailable,228065280,unavailable,unavailable,unavailable,unavailable,unavailable,unavailable
yune,track-a-comparison,luna_pinyin,key_sequence_process_with_context,zybfshmsru,29,10,4225.834,422.583,198033408,198033408,unavailable,228065280,unavailable,unavailable,unavailable,unavailable,unavailable,unavailable
yune,track-a-comparison,luna_pinyin,key_sequence_process_with_context,zybfshmsru,30,10,4036.958,403.696,198033408,198033408,unavailable,228065280,unavailable,unavailable,unavailable,unavailable,unavailable,unavailable
yune,track-a-comparison,luna_pinyin,key_sequence_process_with_context,zybfshmsru,31,10,4044.459,404.446,198033408,198033408,unavailable,228065280,unavailable,unavailable,unavailable,unavailable,unavailable,unavailable
yune,track-a-comparison,luna_pinyin,key_sequence_process_with_context,zybfshmsru,32,10,4142.291,414.229,198033408,198049792,unavailable,228065280,unavailable,unavailable,unavailable,unavailable,unavailable,unavailable
yune,track-a-comparison,luna_pinyin,key_sequence_process_with_context,zybfshmsru,33,10,4023.167,402.317,198049792,198066176,unavailable,228065280,unavailable,unavailable,unavailable,unavailable,unavailable,unavailable
yune,track-a-comparison,luna_pinyin,key_sequence_process_with_context,zybfshmsru,34,10,4001.333,400.133,198066176,198098944,unavailable,228065280,unavailable,unavailable,unavailable,unavailable,unavailable,unavailable
yune,track-a-comparison,luna_pinyin,key_sequence_process_with_context,zybfshmsru,35,10,4122.083,412.208,198098944,198098944,unavailable,228065280,unavailable,unavailable,unavailable,unavailable,unavailable,unavailable
yune,track-a-comparison,luna_pinyin,key_sequence_process_with_context,zybfshmsru,36,10,4026.792,402.679,198098944,198115328,unavailable,228065280,unavailable,unavailable,unavailable,unavailable,unavailable,unavailable
yune,track-a-comparison,luna_pinyin,key_sequence_process_with_context,zybfshmsru,37,10,4165.458,416.546,198115328,198115328,unavailable,228065280,unavailable,unavailable,unavailable,unavailable,unavailable,unavailable
yune,track-a-comparison,luna_pinyin,key_sequence_process_with_context,zybfshmsru,38,10,3901.167,390.117,198115328,198115328,unavailable,228065280,unavailable,unavailable,unavailable,unavailable,unavailable,unavailable
yune,track-a-comparison,luna_pinyin,key_sequence_process_with_context,zybfshmsru,39,10,3900.833,390.083,198115328,198115328,unavailable,228065280,unavailable,unavailable,unavailable,unavailable,unavailable,unavailable
yune,track-a-comparison,luna_pinyin,key_sequence_process_with_context,zybfshmsru,40,10,4052.583,405.258,198115328,198131712,unavailable,228065280,unavailable,unavailable,unavailable,unavailable,unavailable,unavailable
yune,track-a-comparison,luna_pinyin,key_sequence_process_with_context,zybfshmsru,41,10,4025.417,402.542,198131712,198148096,unavailable,228065280,unavailable,unavailable,unavailable,unavailable,unavailable,unavailable
yune,track-a-comparison,luna_pinyin,key_sequence_process_with_context,zybfshmsru,42,10,4009.625,400.962,198148096,198148096,unavailable,228065280,unavailable,unavailable,unavailable,unavailable,unavailable,unavailable
yune,track-a-comparison,luna_pinyin,key_sequence_process_with_context,zybfshmsru,43,10,4247.250,424.725,198148096,198164480,unavailable,228065280,unavailable,unavailable,unavailable,unavailable,unavailable,unavailable
yune,track-a-comparison,luna_pinyin,key_sequence_process_with_context,zybfshmsru,44,10,4134.209,413.421,198164480,198164480,unavailable,228065280,unavailable,unavailable,unavailable,unavailable,unavailable,unavailable
yune,track-a-comparison,luna_pinyin,key_sequence_process_with_context,zybfshmsru,45,10,4244.708,424.471,198164480,198180864,unavailable,228065280,unavailable,unavailable,unavailable,unavailable,unavailable,unavailable
yune,track-a-comparison,luna_pinyin,key_sequence_process_with_context,zybfshmsru,46,10,3908.833,390.883,198180864,198180864,unavailable,228065280,unavailable,unavailable,unavailable,unavailable,unavailable,unavailable
yune,track-a-comparison,luna_pinyin,key_sequence_process_with_context,zybfshmsru,47,10,3904.833,390.483,198180864,198197248,unavailable,228065280,unavailable,unavailable,unavailable,unavailable,unavailable,unavailable
yune,track-a-comparison,luna_pinyin,key_sequence_process_with_context,zybfshmsru,48,10,4021.208,402.121,198197248,198197248,unavailable,228065280,unavailable,unavailable,unavailable,unavailable,unavailable,unavailable
yune,track-a-comparison,luna_pinyin,key_sequence_process_with_context,zybfshmsru,49,10,4014.875,401.488,198197248,198213632,unavailable,228065280,unavailable,unavailable,unavailable,unavailable,unavailable,unavailable
yune,track-a-comparison,luna_pinyin,key_sequence_process_with_context,zybfshmsru,50,10,4022.542,402.254,198213632,198213632,unavailable,228065280,unavailable,unavailable,unavailable,unavailable,unavailable,unavailable
yune,track-a-comparison,luna_pinyin,key_sequence_process_with_context,zybfshmsru,51,10,4268.167,426.817,198213632,198213632,unavailable,228065280,unavailable,unavailable,unavailable,unavailable,unavailable,unavailable
yune,track-a-comparison,luna_pinyin,key_sequence_process_with_context,zybfshmsru,52,10,4150.375,415.038,198213632,198230016,unavailable,228065280,unavailable,unavailable,unavailable,unavailable,unavailable,unavailable
yune,track-a-comparison,luna_pinyin,key_sequence_process_with_context,zybfshmsru,53,10,4238.584,423.858,198230016,198246400,unavailable,228065280,unavailable,unavailable,unavailable,unavailable,unavailable,unavailable
yune,track-a-comparison,luna_pinyin,key_sequence_process_with_context,zybfshmsru,54,10,4023.042,402.304,198246400,198262784,unavailable,228065280,unavailable,unavailable,unavailable,unavailable,unavailable,unavailable
yune,track-a-comparison,luna_pinyin,key_sequence_process_with_context,zybfshmsru,55,10,4016.458,401.646,198262784,198262784,unavailable,228065280,unavailable,unavailable,unavailable,unavailable,unavailable,unavailable
yune,track-a-comparison,luna_pinyin,key_sequence_process_with_context,zybfshmsru,56,10,4058.500,405.850,198262784,198262784,unavailable,228065280,unavailable,unavailable,unavailable,unavailable,unavailable,unavailable
yune,track-a-comparison,luna_pinyin,key_sequence_process_with_context,zybfshmsru,57,10,3895.792,389.579,198262784,198279168,unavailable,228065280,unavailable,unavailable,unavailable,unavailable,unavailable,unavailable
yune,track-a-comparison,luna_pinyin,key_sequence_process_with_context,zybfshmsru,58,10,3902.084,390.208,198279168,198279168,unavailable,228065280,unavailable,unavailable,unavailable,unavailable,unavailable,unavailable
yune,track-a-comparison,luna_pinyin,key_sequence_process_with_context,zybfshmsru,59,10,4122.792,412.279,198279168,198279168,unavailable,228065280,unavailable,unavailable,unavailable,unavailable,unavailable,unavailable
yune,track-a-comparison,luna_pinyin,key_sequence_process_with_context,zybfshmsru,60,10,4129.500,412.950,198279168,198279168,unavailable,228065280,unavailable,unavailable,unavailable,unavailable,unavailable,unavailable
yune,track-a-comparison,luna_pinyin,key_sequence_process_with_context,zybfshmsru,61,10,4262.625,426.262,198279168,198311936,unavailable,228065280,unavailable,unavailable,unavailable,unavailable,unavailable,unavailable
yune,track-a-comparison,luna_pinyin,key_sequence_process_with_context,zybfshmsru,62,10,4014.666,401.467,198311936,198328320,unavailable,228065280,unavailable,unavailable,unavailable,unavailable,unavailable,unavailable
yune,track-a-comparison,luna_pinyin,key_sequence_process_with_context,zybfshmsru,63,10,4024.208,402.421,198328320,198328320,unavailable,228065280,unavailable,unavailable,unavailable,unavailable,unavailable,unavailable
yune,track-a-comparison,luna_pinyin,key_sequence_process_with_context,zybfshmsru,64,10,4114.250,411.425,198328320,198344704,unavailable,228065280,unavailable,unavailable,unavailable,unavailable,unavailable,unavailable
yune,track-a-comparison,luna_pinyin,key_sequence_process_with_context,zybfshmsru,65,10,3905.166,390.517,198344704,198344704,unavailable,228065280,unavailable,unavailable,unavailable,unavailable,unavailable,unavailable
yune,track-a-comparison,luna_pinyin,key_sequence_process_with_context,zybfshmsru,66,10,3901.542,390.154,198344704,198361088,unavailable,228065280,unavailable,unavailable,unavailable,unavailable,unavailable,unavailable
yune,track-a-comparison,luna_pinyin,key_sequence_process_with_context,zybfshmsru,67,10,4092.625,409.262,198361088,198361088,unavailable,228065280,unavailable,unavailable,unavailable,unavailable,unavailable,unavailable
yune,track-a-comparison,luna_pinyin,key_sequence_process_with_context,zybfshmsru,68,10,4034.667,403.467,198361088,198377472,unavailable,228065280,unavailable,unavailable,unavailable,unavailable,unavailable,unavailable
yune,track-a-comparison,luna_pinyin,key_sequence_process_with_context,zybfshmsru,69,10,4068.708,406.871,198377472,198377472,unavailable,228065280,unavailable,unavailable,unavailable,unavailable,unavailable,unavailable
yune,track-a-comparison,luna_pinyin,key_sequence_process_with_context,zybfshmsru,70,10,4037.459,403.746,198377472,198410240,unavailable,228065280,unavailable,unavailable,unavailable,unavailable,unavailable,unavailable
yune,track-a-comparison,luna_pinyin,key_sequence_process_with_context,zybfshmsru,71,10,4008.250,400.825,198410240,198410240,unavailable,228065280,unavailable,unavailable,unavailable,unavailable,unavailable,unavailable
yune,track-a-comparison,luna_pinyin,key_sequence_process_with_context,zybfshmsru,72,10,4187.500,418.750,198410240,198410240,unavailable,228065280,unavailable,unavailable,unavailable,unavailable,unavailable,unavailable
yune,track-a-comparison,luna_pinyin,key_sequence_process_with_context,zybfshmsru,73,10,3922.250,392.225,198410240,198410240,unavailable,228065280,unavailable,unavailable,unavailable,unavailable,unavailable,unavailable
yune,track-a-comparison,luna_pinyin,key_sequence_process_with_context,zybfshmsru,74,10,3953.916,395.392,198410240,198426624,unavailable,228065280,unavailable,unavailable,unavailable,unavailable,unavailable,unavailable
yune,track-a-comparison,luna_pinyin,key_sequence_process_with_context,zybfshmsru,75,10,4200.375,420.038,198426624,198443008,unavailable,228065280,unavailable,unavailable,unavailable,unavailable,unavailable,unavailable
yune,track-a-comparison,luna_pinyin,key_sequence_process_with_context,zybfshmsru,76,10,4031.250,403.125,198443008,198459392,unavailable,228065280,unavailable,unavailable,unavailable,unavailable,unavailable,unavailable
yune,track-a-comparison,luna_pinyin,key_sequence_process_with_context,zybfshmsru,77,10,4115.167,411.517,198459392,198459392,unavailable,228065280,unavailable,unavailable,unavailable,unavailable,unavailable,unavailable
yune,track-a-comparison,luna_pinyin,key_sequence_process_with_context,zybfshmsru,78,10,4061.250,406.125,198459392,198475776,unavailable,228065280,unavailable,unavailable,unavailable,unavailable,unavailable,unavailable
yune,track-a-comparison,luna_pinyin,key_sequence_process_with_context,zybfshmsru,79,10,4049.333,404.933,198475776,198492160,unavailable,228065280,unavailable,unavailable,unavailable,unavailable,unavailable,unavailable
