engine,track,schema_id,workload,input,sample_index,operation_count,total_us,us_per_operation,before_working_set_bytes,after_ready_working_set_bytes,after_finalize_working_set_bytes,peak_working_set_bytes,before_private_bytes,after_ready_private_bytes,after_finalize_private_bytes,private_bytes,pagefile_bytes,peak_pagefile_bytes
librime-1.17.0,track-a-comparison,luna_pinyin,startup_warm_shared_assets_runtime_ready,,0,1,96794.791,96794.791,2703360,7913472,7602176,7913472,unavailable,unavailable,unavailable,unavailable,unavailable,unavailable
librime-1.17.0,track-a-comparison,luna_pinyin,startup_warm_shared_assets_runtime_ready,,1,1,34297.917,34297.917,7602176,8159232,7831552,8159232,unavailable,unavailable,unavailable,unavailable,unavailable,unavailable
librime-1.17.0,track-a-comparison,luna_pinyin,startup_warm_shared_assets_runtime_ready,,2,1,36526.583,36526.583,7831552,8241152,7913472,8241152,unavailable,unavailable,unavailable,unavailable,unavailable,unavailable
librime-1.17.0,track-a-comparison,luna_pinyin,startup_warm_shared_assets_runtime_ready,,3,1,37170.458,37170.458,7913472,8323072,7995392,8323072,unavailable,unavailable,unavailable,unavailable,unavailable,unavailable
librime-1.17.0,track-a-comparison,luna_pinyin,startup_warm_shared_assets_runtime_ready,,4,1,36946.209,36946.209,7995392,8372224,8044544,8372224,unavailable,unavailable,unavailable,unavailable,unavailable,unavailable
librime-1.17.0,track-a-comparison,luna_pinyin,startup_warm_shared_assets_runtime_ready,,5,1,36458.375,36458.375,8044544,8404992,8077312,8404992,unavailable,unavailable,unavailable,unavailable,unavailable,unavailable
librime-1.17.0,track-a-comparison,luna_pinyin,startup_warm_shared_assets_runtime_ready,,6,1,32396.292,32396.292,8077312,8404992,8077312,8404992,unavailable,unavailable,unavailable,unavailable,unavailable,unavailable
librime-1.17.0,track-a-comparison,luna_pinyin,startup_warm_shared_assets_runtime_ready,,7,1,36488.166,36488.166,8077312,8667136,8339456,8667136,unavailable,unavailable,unavailable,unavailable,unavailable,unavailable
librime-1.17.0,track-a-comparison,luna_pinyin,startup_warm_shared_assets_runtime_ready,,8,1,37640.292,37640.292,8339456,8699904,8372224,8699904,unavailable,unavailable,unavailable,unavailable,unavailable,unavailable
librime-1.17.0,track-a-comparison,luna_pinyin,session_create_select_destroy,,0,1,35552.208,35552.208,8372224,8388608,unavailable,8716288,unavailable,unavailable,unavailable,unavailable,unavailable,unavailable
librime-1.17.0,track-a-comparison,luna_pinyin,session_create_select_destroy,,1,1,36837.041,36837.041,8388608,8388608,unavailable,8716288,unavailable,unavailable,unavailable,unavailable,unavailable,unavailable
librime-1.17.0,track-a-comparison,luna_pinyin,session_create_select_destroy,,2,1,33039.125,33039.125,8388608,8388608,unavailable,8716288,unavailable,unavailable,unavailable,unavailable,unavailable,unavailable
librime-1.17.0,track-a-comparison,luna_pinyin,session_create_select_destroy,,3,1,32391.542,32391.542,8388608,8404992,unavailable,8732672,unavailable,unavailable,unavailable,unavailable,unavailable,unavailable
librime-1.17.0,track-a-comparison,luna_pinyin,session_create_select_destroy,,4,1,28993.542,28993.542,8404992,8404992,unavailable,8732672,unavailable,unavailable,unavailable,unavailable,unavailable,unavailable
librime-1.17.0,track-a-comparison,luna_pinyin,session_create_select_destroy,,5,1,30112.875,30112.875,8404992,8404992,unavailable,8732672,unavailable,unavailable,unavailable,unavailable,unavailable,unavailable
librime-1.17.0,track-a-comparison,luna_pinyin,session_create_select_destroy,,6,1,27765.292,27765.292,8404992,8404992,unavailable,8732672,unavailable,unavailable,unavailable,unavailable,unavailable,unavailable
librime-1.17.0,track-a-comparison,luna_pinyin,session_create_select_destroy,,7,1,30972.667,30972.667,8404992,8404992,unavailable,8732672,unavailable,unavailable,unavailable,unavailable,unavailable,unavailable
librime-1.17.0,track-a-comparison,luna_pinyin,session_create_select_destroy,,8,1,31112.750,31112.750,8421376,8421376,unavailable,8749056,unavailable,unavailable,unavailable,unavailable,unavailable,unavailable
librime-1.17.0,track-a-comparison,luna_pinyin,session_create_select_destroy,,9,1,30921.917,30921.917,8421376,8421376,unavailable,8749056,unavailable,unavailable,unavailable,unavailable,unavailable,unavailable
librime-1.17.0,track-a-comparison,luna_pinyin,session_create_select_destroy,,10,1,33224.125,33224.125,8421376,8421376,unavailable,8749056,unavailable,unavailable,unavailable,unavailable,unavailable,unavailable
librime-1.17.0,track-a-comparison,luna_pinyin,session_create_select_destroy,,11,1,29155.417,29155.417,8421376,8421376,unavailable,8749056,unavailable,unavailable,unavailable,unavailable,unavailable,unavailable
librime-1.17.0,track-a-comparison,luna_pinyin,session_create_select_destroy,,12,1,33631.959,33631.959,8421376,8421376,unavailable,8749056,unavailable,unavailable,unavailable,unavailable,unavailable,unavailable
librime-1.17.0,track-a-comparison,luna_pinyin,session_create_select_destroy,,13,1,31943.375,31943.375,8421376,8421376,unavailable,8749056,unavailable,unavailable,unavailable,unavailable,unavailable,unavailable
librime-1.17.0,track-a-comparison,luna_pinyin,session_create_select_destroy,,14,1,34293.708,34293.708,8421376,8421376,unavailable,8749056,unavailable,unavailable,unavailable,unavailable,unavailable,unavailable
librime-1.17.0,track-a-comparison,luna_pinyin,session_create_select_destroy,,15,1,37871.750,37871.750,8421376,8421376,unavailable,8749056,unavailable,unavailable,unavailable,unavailable,unavailable,unavailable
librime-1.17.0,track-a-comparison,luna_pinyin,session_create_select_destroy,,16,1,37878.791,37878.791,8421376,8421376,unavailable,8749056,unavailable,unavailable,unavailable,unavailable,unavailable,unavailable
librime-1.17.0,track-a-comparison,luna_pinyin,session_create_select_destroy,,17,1,35122.292,35122.292,8421376,8421376,unavailable,8749056,unavailable,unavailable,unavailable,unavailable,unavailable,unavailable
librime-1.17.0,track-a-comparison,luna_pinyin,session_create_select_destroy,,18,1,34878.875,34878.875,8421376,8421376,unavailable,8749056,unavailable,unavailable,unavailable,unavailable,unavailable,unavailable
librime-1.17.0,track-a-comparison,luna_pinyin,session_create_select_destroy,,19,1,34958.959,34958.959,8421376,8421376,unavailable,8749056,unavailable,unavailable,unavailable,unavailable,unavailable,unavailable
librime-1.17.0,track-a-comparison,luna_pinyin,session_create_select_destroy,,20,1,35709.334,35709.334,8421376,8421376,unavailable,8749056,unavailable,unavailable,unavailable,unavailable,unavailable,unavailable
librime-1.17.0,track-a-comparison,luna_pinyin,session_create_select_destroy,,21,1,34163.500,34163.500,8421376,8421376,unavailable,8749056,unavailable,unavailable,unavailable,unavailable,unavailable,unavailable
librime-1.17.0,track-a-comparison,luna_pinyin,session_create_select_destroy,,22,1,34955.083,34955.083,8421376,8421376,unavailable,8749056,unavailable,unavailable,unavailable,unavailable,unavailable,unavailable
librime-1.17.0,track-a-comparison,luna_pinyin,session_create_select_destroy,,23,1,34847.000,34847.000,8421376,8437760,unavailable,8765440,unavailable,unavailable,unavailable,unavailable,unavailable,unavailable
librime-1.17.0,track-a-comparison,luna_pinyin,session_create_select_destroy,,24,1,33757.834,33757.834,8454144,8454144,unavailable,8781824,unavailable,unavailable,unavailable,unavailable,unavailable,unavailable
librime-1.17.0,track-a-comparison,luna_pinyin,session_create_select_destroy,,25,1,36082.750,36082.750,8454144,8454144,unavailable,8781824,unavailable,unavailable,unavailable,unavailable,unavailable,unavailable
librime-1.17.0,track-a-comparison,luna_pinyin,session_create_select_destroy,,26,1,36784.416,36784.416,8454144,8454144,unavailable,8781824,unavailable,unavailable,unavailable,unavailable,unavailable,unavailable
librime-1.17.0,track-a-comparison,luna_pinyin,session_create_select_destroy,,27,1,38061.125,38061.125,8470528,8470528,unavailable,8798208,unavailable,unavailable,unavailable,unavailable,unavailable,unavailable
librime-1.17.0,track-a-comparison,luna_pinyin,session_create_select_destroy,,28,1,35053.541,35053.541,8470528,8470528,unavailable,8798208,unavailable,unavailable,unavailable,unavailable,unavailable,unavailable
librime-1.17.0,track-a-comparison,luna_pinyin,session_create_select_destroy,,29,1,38608.916,38608.916,8470528,8470528,unavailable,8798208,unavailable,unavailable,unavailable,unavailable,unavailable,unavailable
librime-1.17.0,track-a-comparison,luna_pinyin,session_create_select_destroy,,30,1,37247.791,37247.791,8470528,8470528,unavailable,8798208,unavailable,unavailable,unavailable,unavailable,unavailable,unavailable
librime-1.17.0,track-a-comparison,luna_pinyin,session_create_select_destroy,,31,1,36068.750,36068.750,8470528,8470528,unavailable,8798208,unavailable,unavailable,unavailable,unavailable,unavailable,unavailable
librime-1.17.0,track-a-comparison,luna_pinyin,session_create_select_destroy,,32,1,32626.417,32626.417,8470528,8470528,unavailable,8798208,unavailable,unavailable,unavailable,unavailable,unavailable,unavailable
librime-1.17.0,track-a-comparison,luna_pinyin,session_create_select_destroy,,33,1,32324.041,32324.041,8470528,8470528,unavailable,8798208,unavailable,unavailable,unavailable,unavailable,unavailable,unavailable
librime-1.17.0,track-a-comparison,luna_pinyin,session_create_select_destroy,,34,1,32033.125,32033.125,8470528,8470528,unavailable,8798208,unavailable,unavailable,unavailable,unavailable,unavailable,unavailable
librime-1.17.0,track-a-comparison,luna_pinyin,session_create_select_destroy,,35,1,33009.750,33009.750,8470528,8470528,unavailable,8798208,unavailable,unavailable,unavailable,unavailable,unavailable,unavailable
librime-1.17.0,track-a-comparison,luna_pinyin,session_create_select_destroy,,36,1,30977.375,30977.375,8470528,8470528,unavailable,8798208,unavailable,unavailable,unavailable,unavailable,unavailable,unavailable
librime-1.17.0,track-a-comparison,luna_pinyin,session_create_select_destroy,,37,1,32471.000,32471.000,8470528,8470528,unavailable,8798208,unavailable,unavailable,unavailable,unavailable,unavailable,unavailable
librime-1.17.0,track-a-comparison,luna_pinyin,session_create_select_destroy,,38,1,33677.250,33677.250,8470528,8470528,unavailable,8798208,unavailable,unavailable,unavailable,unavailable,unavailable,unavailable
librime-1.17.0,track-a-comparison,luna_pinyin,session_create_select_destroy,,39,1,28742.291,28742.291,8470528,8470528,unavailable,8798208,unavailable,unavailable,unavailable,unavailable,unavailable,unavailable
librime-1.17.0,track-a-comparison,luna_pinyin,session_create_select_destroy,,40,1,31180.209,31180.209,8470528,8470528,unavailable,8798208,unavailable,unavailable,unavailable,unavailable,unavailable,unavailable
librime-1.17.0,track-a-comparison,luna_pinyin,session_create_select_destroy,,41,1,33123.625,33123.625,8470528,8470528,unavailable,8798208,unavailable,unavailable,unavailable,unavailable,unavailable,unavailable
librime-1.17.0,track-a-comparison,luna_pinyin,session_create_select_destroy,,42,1,35711.208,35711.208,8470528,8470528,unavailable,8798208,unavailable,unavailable,unavailable,unavailable,unavailable,unavailable
librime-1.17.0,track-a-comparison,luna_pinyin,session_create_select_destroy,,43,1,34108.125,34108.125,8470528,8470528,unavailable,8798208,unavailable,unavailable,unavailable,unavailable,unavailable,unavailable
librime-1.17.0,track-a-comparison,luna_pinyin,session_create_select_destroy,,44,1,35311.875,35311.875,8470528,8470528,unavailable,8798208,unavailable,unavailable,unavailable,unavailable,unavailable,unavailable
librime-1.17.0,track-a-comparison,luna_pinyin,session_create_select_destroy,,45,1,34038.958,34038.958,8470528,8470528,unavailable,8798208,unavailable,unavailable,unavailable,unavailable,unavailable,unavailable
librime-1.17.0,track-a-comparison,luna_pinyin,session_create_select_destroy,,46,1,33873.542,33873.542,8470528,8470528,unavailable,8798208,unavailable,unavailable,unavailable,unavailable,unavailable,unavailable
librime-1.17.0,track-a-comparison,luna_pinyin,session_create_select_destroy,,47,1,36642.500,36642.500,8470528,8470528,unavailable,8798208,unavailable,unavailable,unavailable,unavailable,unavailable,unavailable
librime-1.17.0,track-a-comparison,luna_pinyin,session_create_select_destroy,,48,1,39482.209,39482.209,8470528,8470528,unavailable,8798208,unavailable,unavailable,unavailable,unavailable,unavailable,unavailable
librime-1.17.0,track-a-comparison,luna_pinyin,session_create_select_destroy,,49,1,39951.542,39951.542,8470528,8470528,unavailable,8798208,unavailable,unavailable,unavailable,unavailable,unavailable,unavailable
librime-1.17.0,track-a-comparison,luna_pinyin,session_create_select_destroy,,50,1,37380.000,37380.000,8470528,8470528,unavailable,8798208,unavailable,unavailable,unavailable,unavailable,unavailable,unavailable
librime-1.17.0,track-a-comparison,luna_pinyin,session_create_select_destroy,,51,1,39409.458,39409.458,8470528,8470528,unavailable,8798208,unavailable,unavailable,unavailable,unavailable,unavailable,unavailable
librime-1.17.0,track-a-comparison,luna_pinyin,session_create_select_destroy,,52,1,34996.625,34996.625,8470528,8470528,unavailable,8798208,unavailable,unavailable,unavailable,unavailable,unavailable,unavailable
librime-1.17.0,track-a-comparison,luna_pinyin,session_create_select_destroy,,53,1,38664.750,38664.750,8470528,8470528,unavailable,8798208,unavailable,unavailable,unavailable,unavailable,unavailable,unavailable
librime-1.17.0,track-a-comparison,luna_pinyin,session_create_select_destroy,,54,1,36811.709,36811.709,8470528,8470528,unavailable,8798208,unavailable,unavailable,unavailable,unavailable,unavailable,unavailable
librime-1.17.0,track-a-comparison,luna_pinyin,session_create_select_destroy,,55,1,33967.583,33967.583,8470528,8470528,unavailable,8798208,unavailable,unavailable,unavailable,unavailable,unavailable,unavailable
librime-1.17.0,track-a-comparison,luna_pinyin,session_create_select_destroy,,56,1,38241.417,38241.417,8486912,8536064,unavailable,8863744,unavailable,unavailable,unavailable,unavailable,unavailable,unavailable
librime-1.17.0,track-a-comparison,luna_pinyin,session_create_select_destroy,,57,1,36874.166,36874.166,8536064,8536064,unavailable,8863744,unavailable,unavailable,unavailable,unavailable,unavailable,unavailable
librime-1.17.0,track-a-comparison,luna_pinyin,session_create_select_destroy,,58,1,38577.417,38577.417,8536064,8536064,unavailable,8863744,unavailable,unavailable,unavailable,unavailable,unavailable,unavailable
librime-1.17.0,track-a-comparison,luna_pinyin,session_create_select_destroy,,59,1,36097.500,36097.500,8536064,8536064,unavailable,8863744,unavailable,unavailable,unavailable,unavailable,unavailable,unavailable
librime-1.17.0,track-a-comparison,luna_pinyin,key_sequence_process_with_context,n,0,1,29.917,29.917,9273344,9289728,unavailable,9289728,unavailable,unavailable,unavailable,unavailable,unavailable,unavailable
librime-1.17.0,track-a-comparison,luna_pinyin,key_sequence_process_with_context,n,1,1,28.791,28.791,9289728,9306112,unavailable,9306112,unavailable,unavailable,unavailable,unavailable,unavailable,unavailable
librime-1.17.0,track-a-comparison,luna_pinyin,key_sequence_process_with_context,n,2,1,25.916,25.916,9306112,9306112,unavailable,9306112,unavailable,unavailable,unavailable,unavailable,unavailable,unavailable
librime-1.17.0,track-a-comparison,luna_pinyin,key_sequence_process_with_context,n,3,1,25.958,25.958,9322496,9322496,unavailable,9322496,unavailable,unavailable,unavailable,unavailable,unavailable,unavailable
librime-1.17.0,track-a-comparison,luna_pinyin,key_sequence_process_with_context,n,4,1,28.542,28.542,9322496,9338880,unavailable,9338880,unavailable,unavailable,unavailable,unavailable,unavailable,unavailable
librime-1.17.0,track-a-comparison,luna_pinyin,key_sequence_process_with_context,n,5,1,27.500,27.500,9338880,9355264,unavailable,9355264,unavailable,unavailable,unavailable,unavailable,unavailable,unavailable
librime-1.17.0,track-a-comparison,luna_pinyin,key_sequence_process_with_context,n,6,1,25.166,25.166,9355264,9355264,unavailable,9355264,unavailable,unavailable,unavailable,unavailable,unavailable,unavailable
librime-1.17.0,track-a-comparison,luna_pinyin,key_sequence_process_with_context,n,7,1,24.792,24.792,9355264,9355264,unavailable,9355264,unavailable,unavailable,unavailable,unavailable,unavailable,unavailable
librime-1.17.0,track-a-comparison,luna_pinyin,key_sequence_process_with_context,n,8,1,24.542,24.542,9355264,9355264,unavailable,9355264,unavailable,unavailable,unavailable,unavailable,unavailable,unavailable
librime-1.17.0,track-a-comparison,luna_pinyin,key_sequence_process_with_context,n,9,1,24.458,24.458,9355264,9355264,unavailable,9355264,unavailable,unavailable,unavailable,unavailable,unavailable,unavailable
librime-1.17.0,track-a-comparison,luna_pinyin,key_sequence_process_with_context,n,10,1,24.417,24.417,9355264,9355264,unavailable,9355264,unavailable,unavailable,unavailable,unavailable,unavailable,unavailable
librime-1.17.0,track-a-comparison,luna_pinyin,key_sequence_process_with_context,n,11,1,24.250,24.250,9355264,9355264,unavailable,9355264,unavailable,unavailable,unavailable,unavailable,unavailable,unavailable
librime-1.17.0,track-a-comparison,luna_pinyin,key_sequence_process_with_context,n,12,1,24.250,24.250,9355264,9355264,unavailable,9355264,unavailable,unavailable,unavailable,unavailable,unavailable,unavailable
librime-1.17.0,track-a-comparison,luna_pinyin,key_sequence_process_with_context,n,13,1,24.458,24.458,9355264,9355264,unavailable,9355264,unavailable,unavailable,unavailable,unavailable,unavailable,unavailable
librime-1.17.0,track-a-comparison,luna_pinyin,key_sequence_process_with_context,n,14,1,24.625,24.625,9355264,9355264,unavailable,9355264,unavailable,unavailable,unavailable,unavailable,unavailable,unavailable
librime-1.17.0,track-a-comparison,luna_pinyin,key_sequence_process_with_context,n,15,1,25.042,25.042,9355264,9355264,unavailable,9355264,unavailable,unavailable,unavailable,unavailable,unavailable,unavailable
librime-1.17.0,track-a-comparison,luna_pinyin,key_sequence_process_with_context,n,16,1,25.208,25.208,9355264,9355264,unavailable,9355264,unavailable,unavailable,unavailable,unavailable,unavailable,unavailable
librime-1.17.0,track-a-comparison,luna_pinyin,key_sequence_process_with_context,n,17,1,24.875,24.875,9355264,9355264,unavailable,9355264,unavailable,unavailable,unavailable,unavailable,unavailable,unavailable
librime-1.17.0,track-a-comparison,luna_pinyin,key_sequence_process_with_context,n,18,1,24.458,24.458,9355264,9355264,unavailable,9355264,unavailable,unavailable,unavailable,unavailable,unavailable,unavailable
librime-1.17.0,track-a-comparison,luna_pinyin,key_sequence_process_with_context,n,19,1,24.500,24.500,9355264,9355264,unavailable,9355264,unavailable,unavailable,unavailable,unavailable,unavailable,unavailable
librime-1.17.0,track-a-comparison,luna_pinyin,key_sequence_process_with_context,n,20,1,24.166,24.166,9355264,9355264,unavailable,9355264,unavailable,unavailable,unavailable,unavailable,unavailable,unavailable
librime-1.17.0,track-a-comparison,luna_pinyin,key_sequence_process_with_context,n,21,1,23.958,23.958,9355264,9355264,unavailable,9355264,unavailable,unavailable,unavailable,unavailable,unavailable,unavailable
librime-1.17.0,track-a-comparison,luna_pinyin,key_sequence_process_with_context,n,22,1,24.625,24.625,9355264,9355264,unavailable,9355264,unavailable,unavailable,unavailable,unavailable,unavailable,unavailable
librime-1.17.0,track-a-comparison,luna_pinyin,key_sequence_process_with_context,n,23,1,24.583,24.583,9355264,9355264,unavailable,9355264,unavailable,unavailable,unavailable,unavailable,unavailable,unavailable
librime-1.17.0,track-a-comparison,luna_pinyin,key_sequence_process_with_context,n,24,1,24.458,24.458,9355264,9355264,unavailable,9355264,unavailable,unavailable,unavailable,unavailable,unavailable,unavailable
librime-1.17.0,track-a-comparison,luna_pinyin,key_sequence_process_with_context,n,25,1,24.834,24.834,9355264,9355264,unavailable,9355264,unavailable,unavailable,unavailable,unavailable,unavailable,unavailable
librime-1.17.0,track-a-comparison,luna_pinyin,key_sequence_process_with_context,n,26,1,24.542,24.542,9355264,9355264,unavailable,9355264,unavailable,unavailable,unavailable,unavailable,unavailable,unavailable
librime-1.17.0,track-a-comparison,luna_pinyin,key_sequence_process_with_context,n,27,1,24.708,24.708,9355264,9355264,unavailable,9355264,unavailable,unavailable,unavailable,unavailable,unavailable,unavailable
librime-1.17.0,track-a-comparison,luna_pinyin,key_sequence_process_with_context,n,28,1,24.584,24.584,9355264,9355264,unavailable,9355264,unavailable,unavailable,unavailable,unavailable,unavailable,unavailable
librime-1.17.0,track-a-comparison,luna_pinyin,key_sequence_process_with_context,n,29,1,24.583,24.583,9355264,9355264,unavailable,9355264,unavailable,unavailable,unavailable,unavailable,unavailable,unavailable
librime-1.17.0,track-a-comparison,luna_pinyin,key_sequence_process_with_context,n,30,1,24.500,24.500,9355264,9355264,unavailable,9355264,unavailable,unavailable,unavailable,unavailable,unavailable,unavailable
librime-1.17.0,track-a-comparison,luna_pinyin,key_sequence_process_with_context,n,31,1,24.542,24.542,9355264,9355264,unavailable,9355264,unavailable,unavailable,unavailable,unavailable,unavailable,unavailable
librime-1.17.0,track-a-comparison,luna_pinyin,key_sequence_process_with_context,n,32,1,24.708,24.708,9355264,9355264,unavailable,9355264,unavailable,unavailable,unavailable,unavailable,unavailable,unavailable
librime-1.17.0,track-a-comparison,luna_pinyin,key_sequence_process_with_context,n,33,1,24.417,24.417,9355264,9355264,unavailable,9355264,unavailable,unavailable,unavailable,unavailable,unavailable,unavailable
librime-1.17.0,track-a-comparison,luna_pinyin,key_sequence_process_with_context,n,34,1,24.625,24.625,9355264,9355264,unavailable,9355264,unavailable,unavailable,unavailable,unavailable,unavailable,unavailable
librime-1.17.0,track-a-comparison,luna_pinyin,key_sequence_process_with_context,n,35,1,24.417,24.417,9355264,9355264,unavailable,9355264,unavailable,unavailable,unavailable,unavailable,unavailable,unavailable
librime-1.17.0,track-a-comparison,luna_pinyin,key_sequence_process_with_context,n,36,1,24.250,24.250,9355264,9355264,unavailable,9355264,unavailable,unavailable,unavailable,unavailable,unavailable,unavailable
librime-1.17.0,track-a-comparison,luna_pinyin,key_sequence_process_with_context,n,37,1,24.500,24.500,9355264,9355264,unavailable,9355264,unavailable,unavailable,unavailable,unavailable,unavailable,unavailable
librime-1.17.0,track-a-comparison,luna_pinyin,key_sequence_process_with_context,n,38,1,24.500,24.500,9355264,9355264,unavailable,9355264,unavailable,unavailable,unavailable,unavailable,unavailable,unavailable
librime-1.17.0,track-a-comparison,luna_pinyin,key_sequence_process_with_context,n,39,1,25.000,25.000,9371648,9371648,unavailable,9371648,unavailable,unavailable,unavailable,unavailable,unavailable,unavailable
librime-1.17.0,track-a-comparison,luna_pinyin,key_sequence_process_with_context,n,40,1,24.500,24.500,9371648,9371648,unavailable,9371648,unavailable,unavailable,unavailable,unavailable,unavailable,unavailable
librime-1.17.0,track-a-comparison,luna_pinyin,key_sequence_process_with_context,n,41,1,24.625,24.625,9371648,9371648,unavailable,9371648,unavailable,unavailable,unavailable,unavailable,unavailable,unavailable
librime-1.17.0,track-a-comparison,luna_pinyin,key_sequence_process_with_context,n,42,1,24.709,24.709,9371648,9371648,unavailable,9371648,unavailable,unavailable,unavailable,unavailable,unavailable,unavailable
librime-1.17.0,track-a-comparison,luna_pinyin,key_sequence_process_with_context,n,43,1,24.208,24.208,9371648,9371648,unavailable,9371648,unavailable,unavailable,unavailable,unavailable,unavailable,unavailable
librime-1.17.0,track-a-comparison,luna_pinyin,key_sequence_process_with_context,n,44,1,24.917,24.917,9371648,9371648,unavailable,9371648,unavailable,unavailable,unavailable,unavailable,unavailable,unavailable
librime-1.17.0,track-a-comparison,luna_pinyin,key_sequence_process_with_context,n,45,1,24.667,24.667,9371648,9371648,unavailable,9371648,unavailable,unavailable,unavailable,unavailable,unavailable,unavailable
librime-1.17.0,track-a-comparison,luna_pinyin,key_sequence_process_with_context,n,46,1,24.416,24.416,9371648,9371648,unavailable,9371648,unavailable,unavailable,unavailable,unavailable,unavailable,unavailable
librime-1.17.0,track-a-comparison,luna_pinyin,key_sequence_process_with_context,n,47,1,24.541,24.541,9371648,9371648,unavailable,9371648,unavailable,unavailable,unavailable,unavailable,unavailable,unavailable
librime-1.17.0,track-a-comparison,luna_pinyin,key_sequence_process_with_context,n,48,1,24.542,24.542,9371648,9371648,unavailable,9371648,unavailable,unavailable,unavailable,unavailable,unavailable,unavailable
librime-1.17.0,track-a-comparison,luna_pinyin,key_sequence_process_with_context,n,49,1,25.125,25.125,9371648,9371648,unavailable,9371648,unavailable,unavailable,unavailable,unavailable,unavailable,unavailable
librime-1.17.0,track-a-comparison,luna_pinyin,key_sequence_process_with_context,n,50,1,24.875,24.875,9371648,9371648,unavailable,9371648,unavailable,unavailable,unavailable,unavailable,unavailable,unavailable
librime-1.17.0,track-a-comparison,luna_pinyin,key_sequence_process_with_context,n,51,1,23.959,23.959,9371648,9371648,unavailable,9371648,unavailable,unavailable,unavailable,unavailable,unavailable,unavailable
librime-1.17.0,track-a-comparison,luna_pinyin,key_sequence_process_with_context,n,52,1,24.125,24.125,9371648,9371648,unavailable,9371648,unavailable,unavailable,unavailable,unavailable,unavailable,unavailable
librime-1.17.0,track-a-comparison,luna_pinyin,key_sequence_process_with_context,n,53,1,24.292,24.292,9371648,9371648,unavailable,9371648,unavailable,unavailable,unavailable,unavailable,unavailable,unavailable
librime-1.17.0,track-a-comparison,luna_pinyin,key_sequence_process_with_context,n,54,1,24.250,24.250,9371648,9371648,unavailable,9371648,unavailable,unavailable,unavailable,unavailable,unavailable,unavailable
librime-1.17.0,track-a-comparison,luna_pinyin,key_sequence_process_with_context,n,55,1,24.083,24.083,9371648,9371648,unavailable,9371648,unavailable,unavailable,unavailable,unavailable,unavailable,unavailable
librime-1.17.0,track-a-comparison,luna_pinyin,key_sequence_process_with_context,n,56,1,23.875,23.875,9371648,9371648,unavailable,9371648,unavailable,unavailable,unavailable,unavailable,unavailable,unavailable
librime-1.17.0,track-a-comparison,luna_pinyin,key_sequence_process_with_context,n,57,1,24.083,24.083,9371648,9371648,unavailable,9371648,unavailable,unavailable,unavailable,unavailable,unavailable,unavailable
librime-1.17.0,track-a-comparison,luna_pinyin,key_sequence_process_with_context,n,58,1,24.500,24.500,9371648,9371648,unavailable,9371648,unavailable,unavailable,unavailable,unavailable,unavailable,unavailable
librime-1.17.0,track-a-comparison,luna_pinyin,key_sequence_process_with_context,n,59,1,24.541,24.541,9371648,9371648,unavailable,9371648,unavailable,unavailable,unavailable,unavailable,unavailable,unavailable
librime-1.17.0,track-a-comparison,luna_pinyin,key_sequence_process_with_context,n,60,1,25.833,25.833,9420800,9420800,unavailable,9420800,unavailable,unavailable,unavailable,unavailable,unavailable,unavailable
librime-1.17.0,track-a-comparison,luna_pinyin,key_sequence_process_with_context,n,61,1,24.500,24.500,9420800,9420800,unavailable,9420800,unavailable,unavailable,unavailable,unavailable,unavailable,unavailable
librime-1.17.0,track-a-comparison,luna_pinyin,key_sequence_process_with_context,n,62,1,24.084,24.084,9420800,9420800,unavailable,9420800,unavailable,unavailable,unavailable,unavailable,unavailable,unavailable
librime-1.17.0,track-a-comparison,luna_pinyin,key_sequence_process_with_context,n,63,1,24.125,24.125,9420800,9420800,unavailable,9420800,unavailable,unavailable,unavailable,unavailable,unavailable,unavailable
librime-1.17.0,track-a-comparison,luna_pinyin,key_sequence_process_with_context,n,64,1,23.917,23.917,9420800,9420800,unavailable,9420800,unavailable,unavailable,unavailable,unavailable,unavailable,unavailable
librime-1.17.0,track-a-comparison,luna_pinyin,key_sequence_process_with_context,n,65,1,24.083,24.083,9420800,9420800,unavailable,9420800,unavailable,unavailable,unavailable,unavailable,unavailable,unavailable
librime-1.17.0,track-a-comparison,luna_pinyin,key_sequence_process_with_context,n,66,1,24.250,24.250,9420800,9420800,unavailable,9420800,unavailable,unavailable,unavailable,unavailable,unavailable,unavailable
librime-1.17.0,track-a-comparison,luna_pinyin,key_sequence_process_with_context,n,67,1,24.250,24.250,9420800,9420800,unavailable,9420800,unavailable,unavailable,unavailable,unavailable,unavailable,unavailable
librime-1.17.0,track-a-comparison,luna_pinyin,key_sequence_process_with_context,n,68,1,24.125,24.125,9420800,9420800,unavailable,9420800,unavailable,unavailable,unavailable,unavailable,unavailable,unavailable
librime-1.17.0,track-a-comparison,luna_pinyin,key_sequence_process_with_context,n,69,1,24.208,24.208,9420800,9420800,unavailable,9420800,unavailable,unavailable,unavailable,unavailable,unavailable,unavailable
librime-1.17.0,track-a-comparison,luna_pinyin,key_sequence_process_with_context,n,70,1,24.084,24.084,9420800,9420800,unavailable,9420800,unavailable,unavailable,unavailable,unavailable,unavailable,unavailable
librime-1.17.0,track-a-comparison,luna_pinyin,key_sequence_process_with_context,n,71,1,24.333,24.333,9420800,9420800,unavailable,9420800,unavailable,unavailable,unavailable,unavailable,unavailable,unavailable
librime-1.17.0,track-a-comparison,luna_pinyin,key_sequence_process_with_context,n,72,1,24.167,24.167,9420800,9420800,unavailable,9420800,unavailable,unavailable,unavailable,unavailable,unavailable,unavailable
librime-1.17.0,track-a-comparison,luna_pinyin,key_sequence_process_with_context,n,73,1,24.250,24.250,9420800,9420800,unavailable,9420800,unavailable,unavailable,unavailable,unavailable,unavailable,unavailable
librime-1.17.0,track-a-comparison,luna_pinyin,key_sequence_process_with_context,n,74,1,24.750,24.750,9420800,9420800,unavailable,9420800,unavailable,unavailable,unavailable,unavailable,unavailable,unavailable
librime-1.17.0,track-a-comparison,luna_pinyin,key_sequence_process_with_context,n,75,1,24.167,24.167,9420800,9420800,unavailable,9420800,unavailable,unavailable,unavailable,unavailable,unavailable,unavailable
librime-1.17.0,track-a-comparison,luna_pinyin,key_sequence_process_with_context,n,76,1,24.209,24.209,9420800,9420800,unavailable,9420800,unavailable,unavailable,unavailable,unavailable,unavailable,unavailable
librime-1.17.0,track-a-comparison,luna_pinyin,key_sequence_process_with_context,n,77,1,24.083,24.083,9420800,9420800,unavailable,9420800,unavailable,unavailable,unavailable,unavailable,unavailable,unavailable
librime-1.17.0,track-a-comparison,luna_pinyin,key_sequence_process_with_context,n,78,1,23.958,23.958,9420800,9420800,unavailable,9420800,unavailable,unavailable,unavailable,unavailable,unavailable,unavailable
librime-1.17.0,track-a-comparison,luna_pinyin,key_sequence_process_with_context,n,79,1,24.209,24.209,9420800,9420800,unavailable,9420800,unavailable,unavailable,unavailable,unavailable,unavailable,unavailable
librime-1.17.0,track-a-comparison,luna_pinyin,key_sequence_process_with_context,ni,0,2,41.959,20.980,9486336,9486336,unavailable,9486336,unavailable,unavailable,unavailable,unavailable,unavailable,unavailable
librime-1.17.0,track-a-comparison,luna_pinyin,key_sequence_process_with_context,ni,1,2,41.542,20.771,9486336,9486336,unavailable,9486336,unavailable,unavailable,unavailable,unavailable,unavailable,unavailable
librime-1.17.0,track-a-comparison,luna_pinyin,key_sequence_process_with_context,ni,2,2,40.375,20.188,9486336,9486336,unavailable,9486336,unavailable,unavailable,unavailable,unavailable,unavailable,unavailable
librime-1.17.0,track-a-comparison,luna_pinyin,key_sequence_process_with_context,ni,3,2,40.625,20.312,9486336,9486336,unavailable,9486336,unavailable,unavailable,unavailable,unavailable,unavailable,unavailable
librime-1.17.0,track-a-comparison,luna_pinyin,key_sequence_process_with_context,ni,4,2,40.416,20.208,9486336,9486336,unavailable,9486336,unavailable,unavailable,unavailable,unavailable,unavailable,unavailable
librime-1.17.0,track-a-comparison,luna_pinyin,key_sequence_process_with_context,ni,5,2,40.542,20.271,9486336,9486336,unavailable,9486336,unavailable,unavailable,unavailable,unavailable,unavailable,unavailable
librime-1.17.0,track-a-comparison,luna_pinyin,key_sequence_process_with_context,ni,6,2,40.125,20.062,9486336,9486336,unavailable,9486336,unavailable,unavailable,unavailable,unavailable,unavailable,unavailable
librime-1.17.0,track-a-comparison,luna_pinyin,key_sequence_process_with_context,ni,7,2,39.833,19.917,9486336,9486336,unavailable,9486336,unavailable,unavailable,unavailable,unavailable,unavailable,unavailable
librime-1.17.0,track-a-comparison,luna_pinyin,key_sequence_process_with_context,ni,8,2,40.583,20.291,9486336,9486336,unavailable,9486336,unavailable,unavailable,unavailable,unavailable,unavailable,unavailable
librime-1.17.0,track-a-comparison,luna_pinyin,key_sequence_process_with_context,ni,9,2,39.834,19.917,9486336,9486336,unavailable,9486336,unavailable,unavailable,unavailable,unavailable,unavailable,unavailable
librime-1.17.0,track-a-comparison,luna_pinyin,key_sequence_process_with_context,ni,10,2,39.792,19.896,9486336,9486336,unavailable,9486336,unavailable,unavailable,unavailable,unavailable,unavailable,unavailable
librime-1.17.0,track-a-comparison,luna_pinyin,key_sequence_process_with_context,ni,11,2,39.542,19.771,9486336,9486336,unavailable,9486336,unavailable,unavailable,unavailable,unavailable,unavailable,unavailable
librime-1.17.0,track-a-comparison,luna_pinyin,key_sequence_process_with_context,ni,12,2,39.542,19.771,9486336,9486336,unavailable,9486336,unavailable,unavailable,unavailable,unavailable,unavailable,unavailable
librime-1.17.0,track-a-comparison,luna_pinyin,key_sequence_process_with_context,ni,13,2,39.834,19.917,9486336,9486336,unavailable,9486336,unavailable,unavailable,unavailable,unavailable,unavailable,unavailable
librime-1.17.0,track-a-comparison,luna_pinyin,key_sequence_process_with_context,ni,14,2,39.917,19.958,9486336,9486336,unavailable,9486336,unavailable,unavailable,unavailable,unavailable,unavailable,unavailable
librime-1.17.0,track-a-comparison,luna_pinyin,key_sequence_process_with_context,ni,15,2,39.459,19.730,9486336,9486336,unavailable,9486336,unavailable,unavailable,unavailable,unavailable,unavailable,unavailable
librime-1.17.0,track-a-comparison,luna_pinyin,key_sequence_process_with_context,ni,16,2,39.500,19.750,9486336,9486336,unavailable,9486336,unavailable,unavailable,unavailable,unavailable,unavailable,unavailable
librime-1.17.0,track-a-comparison,luna_pinyin,key_sequence_process_with_context,ni,17,2,40.125,20.062,9486336,9486336,unavailable,9486336,unavailable,unavailable,unavailable,unavailable,unavailable,unavailable
librime-1.17.0,track-a-comparison,luna_pinyin,key_sequence_process_with_context,ni,18,2,39.333,19.666,9486336,9486336,unavailable,9486336,unavailable,unavailable,unavailable,unavailable,unavailable,unavailable
librime-1.17.0,track-a-comparison,luna_pinyin,key_sequence_process_with_context,ni,19,2,39.375,19.688,9486336,9486336,unavailable,9486336,unavailable,unavailable,unavailable,unavailable,unavailable,unavailable
librime-1.17.0,track-a-comparison,luna_pinyin,key_sequence_process_with_context,ni,20,2,39.709,19.855,9486336,9486336,unavailable,9486336,unavailable,unavailable,unavailable,unavailable,unavailable,unavailable
librime-1.17.0,track-a-comparison,luna_pinyin,key_sequence_process_with_context,ni,21,2,39.792,19.896,9486336,9486336,unavailable,9486336,unavailable,unavailable,unavailable,unavailable,unavailable,unavailable
librime-1.17.0,track-a-comparison,luna_pinyin,key_sequence_process_with_context,ni,22,2,39.833,19.917,9486336,9486336,unavailable,9486336,unavailable,unavailable,unavailable,unavailable,unavailable,unavailable
librime-1.17.0,track-a-comparison,luna_pinyin,key_sequence_process_with_context,ni,23,2,39.166,19.583,9486336,9486336,unavailable,9486336,unavailable,unavailable,unavailable,unavailable,unavailable,unavailable
librime-1.17.0,track-a-comparison,luna_pinyin,key_sequence_process_with_context,ni,24,2,39.458,19.729,9486336,9486336,unavailable,9486336,unavailable,unavailable,unavailable,unavailable,unavailable,unavailable
librime-1.17.0,track-a-comparison,luna_pinyin,key_sequence_process_with_context,ni,25,2,39.625,19.812,9486336,9486336,unavailable,9486336,unavailable,unavailable,unavailable,unavailable,unavailable,unavailable
librime-1.17.0,track-a-comparison,luna_pinyin,key_sequence_process_with_context,ni,26,2,39.459,19.730,9486336,9486336,unavailable,9486336,unavailable,unavailable,unavailable,unavailable,unavailable,unavailable
librime-1.17.0,track-a-comparison,luna_pinyin,key_sequence_process_with_context,ni,27,2,39.250,19.625,9486336,9486336,unavailable,9486336,unavailable,unavailable,unavailable,unavailable,unavailable,unavailable
librime-1.17.0,track-a-comparison,luna_pinyin,key_sequence_process_with_context,ni,28,2,39.375,19.688,9486336,9486336,unavailable,9486336,unavailable,unavailable,unavailable,unavailable,unavailable,unavailable
librime-1.17.0,track-a-comparison,luna_pinyin,key_sequence_process_with_context,ni,29,2,39.875,19.938,9486336,9486336,unavailable,9486336,unavailable,unavailable,unavailable,unavailable,unavailable,unavailable
librime-1.17.0,track-a-comparison,luna_pinyin,key_sequence_process_with_context,ni,30,2,39.208,19.604,9486336,9486336,unavailable,9486336,unavailable,unavailable,unavailable,unavailable,unavailable,unavailable
librime-1.17.0,track-a-comparison,luna_pinyin,key_sequence_process_with_context,ni,31,2,40.833,20.416,9502720,9502720,unavailable,9502720,unavailable,unavailable,unavailable,unavailable,unavailable,unavailable
librime-1.17.0,track-a-comparison,luna_pinyin,key_sequence_process_with_context,ni,32,2,39.125,19.562,9502720,9502720,unavailable,9502720,unavailable,unavailable,unavailable,unavailable,unavailable,unavailable
librime-1.17.0,track-a-comparison,luna_pinyin,key_sequence_process_with_context,ni,33,2,40.167,20.083,9502720,9502720,unavailable,9502720,unavailable,unavailable,unavailable,unavailable,unavailable,unavailable
librime-1.17.0,track-a-comparison,luna_pinyin,key_sequence_process_with_context,ni,34,2,39.334,19.667,9502720,9502720,unavailable,9502720,unavailable,unavailable,unavailable,unavailable,unavailable,unavailable
librime-1.17.0,track-a-comparison,luna_pinyin,key_sequence_process_with_context,ni,35,2,39.500,19.750,9502720,9502720,unavailable,9502720,unavailable,unavailable,unavailable,unavailable,unavailable,unavailable
librime-1.17.0,track-a-comparison,luna_pinyin,key_sequence_process_with_context,ni,36,2,40.041,20.020,9502720,9502720,unavailable,9502720,unavailable,unavailable,unavailable,unavailable,unavailable,unavailable
librime-1.17.0,track-a-comparison,luna_pinyin,key_sequence_process_with_context,ni,37,2,39.417,19.709,9502720,9502720,unavailable,9502720,unavailable,unavailable,unavailable,unavailable,unavailable,unavailable
librime-1.17.0,track-a-comparison,luna_pinyin,key_sequence_process_with_context,ni,38,2,39.458,19.729,9502720,9502720,unavailable,9502720,unavailable,unavailable,unavailable,unavailable,unavailable,unavailable
librime-1.17.0,track-a-comparison,luna_pinyin,key_sequence_process_with_context,ni,39,2,39.667,19.834,9502720,9502720,unavailable,9502720,unavailable,unavailable,unavailable,unavailable,unavailable,unavailable
librime-1.17.0,track-a-comparison,luna_pinyin,key_sequence_process_with_context,ni,40,2,39.250,19.625,9502720,9502720,unavailable,9502720,unavailable,unavailable,unavailable,unavailable,unavailable,unavailable
librime-1.17.0,track-a-comparison,luna_pinyin,key_sequence_process_with_context,ni,41,2,39.125,19.562,9502720,9502720,unavailable,9502720,unavailable,unavailable,unavailable,unavailable,unavailable,unavailable
librime-1.17.0,track-a-comparison,luna_pinyin,key_sequence_process_with_context,ni,42,2,39.000,19.500,9502720,9502720,unavailable,9502720,unavailable,unavailable,unavailable,unavailable,unavailable,unavailable
librime-1.17.0,track-a-comparison,luna_pinyin,key_sequence_process_with_context,ni,43,2,38.917,19.459,9502720,9502720,unavailable,9502720,unavailable,unavailable,unavailable,unavailable,unavailable,unavailable
librime-1.17.0,track-a-comparison,luna_pinyin,key_sequence_process_with_context,ni,44,2,38.834,19.417,9502720,9502720,unavailable,9502720,unavailable,unavailable,unavailable,unavailable,unavailable,unavailable
librime-1.17.0,track-a-comparison,luna_pinyin,key_sequence_process_with_context,ni,45,2,39.166,19.583,9502720,9502720,unavailable,9502720,unavailable,unavailable,unavailable,unavailable,unavailable,unavailable
librime-1.17.0,track-a-comparison,luna_pinyin,key_sequence_process_with_context,ni,46,2,39.125,19.562,9502720,9502720,unavailable,9502720,unavailable,unavailable,unavailable,unavailable,unavailable,unavailable
librime-1.17.0,track-a-comparison,luna_pinyin,key_sequence_process_with_context,ni,47,2,39.333,19.666,9502720,9502720,unavailable,9502720,unavailable,unavailable,unavailable,unavailable,unavailable,unavailable
librime-1.17.0,track-a-comparison,luna_pinyin,key_sequence_process_with_context,ni,48,2,40.875,20.438,9502720,9502720,unavailable,9502720,unavailable,unavailable,unavailable,unavailable,unavailable,unavailable
librime-1.17.0,track-a-comparison,luna_pinyin,key_sequence_process_with_context,ni,49,2,39.416,19.708,9502720,9502720,unavailable,9502720,unavailable,unavailable,unavailable,unavailable,unavailable,unavailable
librime-1.17.0,track-a-comparison,luna_pinyin,key_sequence_process_with_context,ni,50,2,39.167,19.584,9502720,9502720,unavailable,9502720,unavailable,unavailable,unavailable,unavailable,unavailable,unavailable
librime-1.17.0,track-a-comparison,luna_pinyin,key_sequence_process_with_context,ni,51,2,38.916,19.458,9502720,9502720,unavailable,9502720,unavailable,unavailable,unavailable,unavailable,unavailable,unavailable
librime-1.17.0,track-a-comparison,luna_pinyin,key_sequence_process_with_context,ni,52,2,39.000,19.500,9502720,9502720,unavailable,9502720,unavailable,unavailable,unavailable,unavailable,unavailable,unavailable
librime-1.17.0,track-a-comparison,luna_pinyin,key_sequence_process_with_context,ni,53,2,39.875,19.938,9502720,9502720,unavailable,9502720,unavailable,unavailable,unavailable,unavailable,unavailable,unavailable
librime-1.17.0,track-a-comparison,luna_pinyin,key_sequence_process_with_context,ni,54,2,39.667,19.834,9502720,9502720,unavailable,9502720,unavailable,unavailable,unavailable,unavailable,unavailable,unavailable
librime-1.17.0,track-a-comparison,luna_pinyin,key_sequence_process_with_context,ni,55,2,38.833,19.416,9502720,9502720,unavailable,9502720,unavailable,unavailable,unavailable,unavailable,unavailable,unavailable
librime-1.17.0,track-a-comparison,luna_pinyin,key_sequence_process_with_context,ni,56,2,39.042,19.521,9502720,9502720,unavailable,9502720,unavailable,unavailable,unavailable,unavailable,unavailable,unavailable
librime-1.17.0,track-a-comparison,luna_pinyin,key_sequence_process_with_context,ni,57,2,39.000,19.500,9502720,9502720,unavailable,9502720,unavailable,unavailable,unavailable,unavailable,unavailable,unavailable
librime-1.17.0,track-a-comparison,luna_pinyin,key_sequence_process_with_context,ni,58,2,39.000,19.500,9502720,9502720,unavailable,9502720,unavailable,unavailable,unavailable,unavailable,unavailable,unavailable
librime-1.17.0,track-a-comparison,luna_pinyin,key_sequence_process_with_context,ni,59,2,39.000,19.500,9502720,9502720,unavailable,9502720,unavailable,unavailable,unavailable,unavailable,unavailable,unavailable
librime-1.17.0,track-a-comparison,luna_pinyin,key_sequence_process_with_context,ni,60,2,38.875,19.438,9502720,9502720,unavailable,9502720,unavailable,unavailable,unavailable,unavailable,unavailable,unavailable
librime-1.17.0,track-a-comparison,luna_pinyin,key_sequence_process_with_context,ni,61,2,39.208,19.604,9502720,9502720,unavailable,9502720,unavailable,unavailable,unavailable,unavailable,unavailable,unavailable
librime-1.17.0,track-a-comparison,luna_pinyin,key_sequence_process_with_context,ni,62,2,39.208,19.604,9502720,9502720,unavailable,9502720,unavailable,unavailable,unavailable,unavailable,unavailable,unavailable
librime-1.17.0,track-a-comparison,luna_pinyin,key_sequence_process_with_context,ni,63,2,39.250,19.625,9502720,9502720,unavailable,9502720,unavailable,unavailable,unavailable,unavailable,unavailable,unavailable
librime-1.17.0,track-a-comparison,luna_pinyin,key_sequence_process_with_context,ni,64,2,39.667,19.834,9502720,9502720,unavailable,9502720,unavailable,unavailable,unavailable,unavailable,unavailable,unavailable
librime-1.17.0,track-a-comparison,luna_pinyin,key_sequence_process_with_context,ni,65,2,39.542,19.771,9502720,9502720,unavailable,9502720,unavailable,unavailable,unavailable,unavailable,unavailable,unavailable
librime-1.17.0,track-a-comparison,luna_pinyin,key_sequence_process_with_context,ni,66,2,39.541,19.770,9502720,9502720,unavailable,9502720,unavailable,unavailable,unavailable,unavailable,unavailable,unavailable
librime-1.17.0,track-a-comparison,luna_pinyin,key_sequence_process_with_context,ni,67,2,40.125,20.062,9519104,9519104,unavailable,9519104,unavailable,unavailable,unavailable,unavailable,unavailable,unavailable
librime-1.17.0,track-a-comparison,luna_pinyin,key_sequence_process_with_context,ni,68,2,39.500,19.750,9519104,9519104,unavailable,9519104,unavailable,unavailable,unavailable,unavailable,unavailable,unavailable
librime-1.17.0,track-a-comparison,luna_pinyin,key_sequence_process_with_context,ni,69,2,39.959,19.980,9519104,9519104,unavailable,9519104,unavailable,unavailable,unavailable,unavailable,unavailable,unavailable
librime-1.17.0,track-a-comparison,luna_pinyin,key_sequence_process_with_context,ni,70,2,39.500,19.750,9519104,9519104,unavailable,9519104,unavailable,unavailable,unavailable,unavailable,unavailable,unavailable
librime-1.17.0,track-a-comparison,luna_pinyin,key_sequence_process_with_context,ni,71,2,39.708,19.854,9519104,9519104,unavailable,9519104,unavailable,unavailable,unavailable,unavailable,unavailable,unavailable
librime-1.17.0,track-a-comparison,luna_pinyin,key_sequence_process_with_context,ni,72,2,39.667,19.834,9519104,9519104,unavailable,9519104,unavailable,unavailable,unavailable,unavailable,unavailable,unavailable
librime-1.17.0,track-a-comparison,luna_pinyin,key_sequence_process_with_context,ni,73,2,39.125,19.562,9519104,9519104,unavailable,9519104,unavailable,unavailable,unavailable,unavailable,unavailable,unavailable
librime-1.17.0,track-a-comparison,luna_pinyin,key_sequence_process_with_context,ni,74,2,39.375,19.688,9519104,9519104,unavailable,9519104,unavailable,unavailable,unavailable,unavailable,unavailable,unavailable
librime-1.17.0,track-a-comparison,luna_pinyin,key_sequence_process_with_context,ni,75,2,39.625,19.812,9519104,9519104,unavailable,9519104,unavailable,unavailable,unavailable,unavailable,unavailable,unavailable
librime-1.17.0,track-a-comparison,luna_pinyin,key_sequence_process_with_context,ni,76,2,39.375,19.688,9519104,9519104,unavailable,9519104,unavailable,unavailable,unavailable,unavailable,unavailable,unavailable
librime-1.17.0,track-a-comparison,luna_pinyin,key_sequence_process_with_context,ni,77,2,34.625,17.312,9519104,9519104,unavailable,9519104,unavailable,unavailable,unavailable,unavailable,unavailable,unavailable
librime-1.17.0,track-a-comparison,luna_pinyin,key_sequence_process_with_context,ni,78,2,34.541,17.270,9519104,9519104,unavailable,9519104,unavailable,unavailable,unavailable,unavailable,unavailable,unavailable
librime-1.17.0,track-a-comparison,luna_pinyin,key_sequence_process_with_context,ni,79,2,34.375,17.188,9519104,9519104,unavailable,9519104,unavailable,unavailable,unavailable,unavailable,unavailable,unavailable
librime-1.17.0,track-a-comparison,luna_pinyin,key_sequence_process_with_context,hao,0,3,35.000,11.667,9584640,9584640,unavailable,9584640,unavailable,unavailable,unavailable,unavailable,unavailable,unavailable
librime-1.17.0,track-a-comparison,luna_pinyin,key_sequence_process_with_context,hao,1,3,34.584,11.528,9584640,9584640,unavailable,9584640,unavailable,unavailable,unavailable,unavailable,unavailable,unavailable
librime-1.17.0,track-a-comparison,luna_pinyin,key_sequence_process_with_context,hao,2,3,33.833,11.278,9584640,9584640,unavailable,9584640,unavailable,unavailable,unavailable,unavailable,unavailable,unavailable
librime-1.17.0,track-a-comparison,luna_pinyin,key_sequence_process_with_context,hao,3,3,33.917,11.306,9584640,9584640,unavailable,9584640,unavailable,unavailable,unavailable,unavailable,unavailable,unavailable
librime-1.17.0,track-a-comparison,luna_pinyin,key_sequence_process_with_context,hao,4,3,33.625,11.208,9584640,9584640,unavailable,9584640,unavailable,unavailable,unavailable,unavailable,unavailable,unavailable
librime-1.17.0,track-a-comparison,luna_pinyin,key_sequence_process_with_context,hao,5,3,34.458,11.486,9584640,9584640,unavailable,9584640,unavailable,unavailable,unavailable,unavailable,unavailable,unavailable
librime-1.17.0,track-a-comparison,luna_pinyin,key_sequence_process_with_context,hao,6,3,33.792,11.264,9584640,9584640,unavailable,9584640,unavailable,unavailable,unavailable,unavailable,unavailable,unavailable
librime-1.17.0,track-a-comparison,luna_pinyin,key_sequence_process_with_context,hao,7,3,33.666,11.222,9584640,9584640,unavailable,9584640,unavailable,unavailable,unavailable,unavailable,unavailable,unavailable
librime-1.17.0,track-a-comparison,luna_pinyin,key_sequence_process_with_context,hao,8,3,33.625,11.208,9584640,9584640,unavailable,9584640,unavailable,unavailable,unavailable,unavailable,unavailable,unavailable
librime-1.17.0,track-a-comparison,luna_pinyin,key_sequence_process_with_context,hao,9,3,34.084,11.361,9584640,9584640,unavailable,9584640,unavailable,unavailable,unavailable,unavailable,unavailable,unavailable
librime-1.17.0,track-a-comparison,luna_pinyin,key_sequence_process_with_context,hao,10,3,33.666,11.222,9584640,9584640,unavailable,9584640,unavailable,unavailable,unavailable,unavailable,unavailable,unavailable
librime-1.17.0,track-a-comparison,luna_pinyin,key_sequence_process_with_context,hao,11,3,33.584,11.195,9584640,9584640,unavailable,9584640,unavailable,unavailable,unavailable,unavailable,unavailable,unavailable
librime-1.17.0,track-a-comparison,luna_pinyin,key_sequence_process_with_context,hao,12,3,33.500,11.167,9584640,9584640,unavailable,9584640,unavailable,unavailable,unavailable,unavailable,unavailable,unavailable
librime-1.17.0,track-a-comparison,luna_pinyin,key_sequence_process_with_context,hao,13,3,33.541,11.180,9584640,9584640,unavailable,9584640,unavailable,unavailable,unavailable,unavailable,unavailable,unavailable
librime-1.17.0,track-a-comparison,luna_pinyin,key_sequence_process_with_context,hao,14,3,35.084,11.695,9584640,9584640,unavailable,9584640,unavailable,unavailable,unavailable,unavailable,unavailable,unavailable
librime-1.17.0,track-a-comparison,luna_pinyin,key_sequence_process_with_context,hao,15,3,33.542,11.181,9584640,9584640,unavailable,9584640,unavailable,unavailable,unavailable,unavailable,unavailable,unavailable
librime-1.17.0,track-a-comparison,luna_pinyin,key_sequence_process_with_context,hao,16,3,33.334,11.111,9584640,9584640,unavailable,9584640,unavailable,unavailable,unavailable,unavailable,unavailable,unavailable
librime-1.17.0,track-a-comparison,luna_pinyin,key_sequence_process_with_context,hao,17,3,33.708,11.236,9584640,9584640,unavailable,9584640,unavailable,unavailable,unavailable,unavailable,unavailable,unavailable
librime-1.17.0,track-a-comparison,luna_pinyin,key_sequence_process_with_context,hao,18,3,33.500,11.167,9584640,9584640,unavailable,9584640,unavailable,unavailable,unavailable,unavailable,unavailable,unavailable
librime-1.17.0,track-a-comparison,luna_pinyin,key_sequence_process_with_context,hao,19,3,35.167,11.722,9584640,9584640,unavailable,9584640,unavailable,unavailable,unavailable,unavailable,unavailable,unavailable
librime-1.17.0,track-a-comparison,luna_pinyin,key_sequence_process_with_context,hao,20,3,33.458,11.153,9584640,9584640,unavailable,9584640,unavailable,unavailable,unavailable,unavailable,unavailable,unavailable
librime-1.17.0,track-a-comparison,luna_pinyin,key_sequence_process_with_context,hao,21,3,33.833,11.278,9584640,9584640,unavailable,9584640,unavailable,unavailable,unavailable,unavailable,unavailable,unavailable
librime-1.17.0,track-a-comparison,luna_pinyin,key_sequence_process_with_context,hao,22,3,33.500,11.167,9584640,9584640,unavailable,9584640,unavailable,unavailable,unavailable,unavailable,unavailable,unavailable
librime-1.17.0,track-a-comparison,luna_pinyin,key_sequence_process_with_context,hao,23,3,35.500,11.833,9601024,9601024,unavailable,9601024,unavailable,unavailable,unavailable,unavailable,unavailable,unavailable
librime-1.17.0,track-a-comparison,luna_pinyin,key_sequence_process_with_context,hao,24,3,34.417,11.472,9601024,9601024,unavailable,9601024,unavailable,unavailable,unavailable,unavailable,unavailable,unavailable
librime-1.17.0,track-a-comparison,luna_pinyin,key_sequence_process_with_context,hao,25,3,34.833,11.611,9601024,9601024,unavailable,9601024,unavailable,unavailable,unavailable,unavailable,unavailable,unavailable
librime-1.17.0,track-a-comparison,luna_pinyin,key_sequence_process_with_context,hao,26,3,33.417,11.139,9601024,9601024,unavailable,9601024,unavailable,unavailable,unavailable,unavailable,unavailable,unavailable
librime-1.17.0,track-a-comparison,luna_pinyin,key_sequence_process_with_context,hao,27,3,33.916,11.305,9601024,9601024,unavailable,9601024,unavailable,unavailable,unavailable,unavailable,unavailable,unavailable
librime-1.17.0,track-a-comparison,luna_pinyin,key_sequence_process_with_context,hao,28,3,63.666,21.222,9601024,9601024,unavailable,9601024,unavailable,unavailable,unavailable,unavailable,unavailable,unavailable
librime-1.17.0,track-a-comparison,luna_pinyin,key_sequence_process_with_context,hao,29,3,42.666,14.222,9601024,9601024,unavailable,9601024,unavailable,unavailable,unavailable,unavailable,unavailable,unavailable
librime-1.17.0,track-a-comparison,luna_pinyin,key_sequence_process_with_context,hao,30,3,36.542,12.181,9601024,9601024,unavailable,9601024,unavailable,unavailable,unavailable,unavailable,unavailable,unavailable
librime-1.17.0,track-a-comparison,luna_pinyin,key_sequence_process_with_context,hao,31,3,35.542,11.847,9601024,9601024,unavailable,9601024,unavailable,unavailable,unavailable,unavailable,unavailable,unavailable
librime-1.17.0,track-a-comparison,luna_pinyin,key_sequence_process_with_context,hao,32,3,50.334,16.778,9601024,9601024,unavailable,9601024,unavailable,unavailable,unavailable,unavailable,unavailable,unavailable
librime-1.17.0,track-a-comparison,luna_pinyin,key_sequence_process_with_context,hao,33,3,62.583,20.861,9601024,9601024,unavailable,9601024,unavailable,unavailable,unavailable,unavailable,unavailable,unavailable
librime-1.17.0,track-a-comparison,luna_pinyin,key_sequence_process_with_context,hao,34,3,40.792,13.597,9601024,9601024,unavailable,9601024,unavailable,unavailable,unavailable,unavailable,unavailable,unavailable
librime-1.17.0,track-a-comparison,luna_pinyin,key_sequence_process_with_context,hao,35,3,36.541,12.180,9601024,9601024,unavailable,9601024,unavailable,unavailable,unavailable,unavailable,unavailable,unavailable
librime-1.17.0,track-a-comparison,luna_pinyin,key_sequence_process_with_context,hao,36,3,35.292,11.764,9601024,9601024,unavailable,9601024,unavailable,unavailable,unavailable,unavailable,unavailable,unavailable
librime-1.17.0,track-a-comparison,luna_pinyin,key_sequence_process_with_context,hao,37,3,34.667,11.556,9601024,9601024,unavailable,9601024,unavailable,unavailable,unavailable,unavailable,unavailable,unavailable
librime-1.17.0,track-a-comparison,luna_pinyin,key_sequence_process_with_context,hao,38,3,66.541,22.180,9601024,9601024,unavailable,9601024,unavailable,unavailable,unavailable,unavailable,unavailable,unavailable
librime-1.17.0,track-a-comparison,luna_pinyin,key_sequence_process_with_context,hao,39,3,34.209,11.403,9601024,9601024,unavailable,9601024,unavailable,unavailable,unavailable,unavailable,unavailable,unavailable
librime-1.17.0,track-a-comparison,luna_pinyin,key_sequence_process_with_context,hao,40,3,33.625,11.208,9601024,9601024,unavailable,9601024,unavailable,unavailable,unavailable,unavailable,unavailable,unavailable
librime-1.17.0,track-a-comparison,luna_pinyin,key_sequence_process_with_context,hao,41,3,34.083,11.361,9601024,9601024,unavailable,9601024,unavailable,unavailable,unavailable,unavailable,unavailable,unavailable
librime-1.17.0,track-a-comparison,luna_pinyin,key_sequence_process_with_context,hao,42,3,34.000,11.333,9601024,9601024,unavailable,9601024,unavailable,unavailable,unavailable,unavailable,unavailable,unavailable
librime-1.17.0,track-a-comparison,luna_pinyin,key_sequence_process_with_context,hao,43,3,33.375,11.125,9601024,9601024,unavailable,9601024,unavailable,unavailable,unavailable,unavailable,unavailable,unavailable
librime-1.17.0,track-a-comparison,luna_pinyin,key_sequence_process_with_context,hao,44,3,33.459,11.153,9601024,9601024,unavailable,9601024,unavailable,unavailable,unavailable,unavailable,unavailable,unavailable
librime-1.17.0,track-a-comparison,luna_pinyin,key_sequence_process_with_context,hao,45,3,33.250,11.083,9601024,9601024,unavailable,9601024,unavailable,unavailable,unavailable,unavailable,unavailable,unavailable
librime-1.17.0,track-a-comparison,luna_pinyin,key_sequence_process_with_context,hao,46,3,33.708,11.236,9601024,9601024,unavailable,9601024,unavailable,unavailable,unavailable,unavailable,unavailable,unavailable
librime-1.17.0,track-a-comparison,luna_pinyin,key_sequence_process_with_context,hao,47,3,33.667,11.222,9601024,9601024,unavailable,9601024,unavailable,unavailable,unavailable,unavailable,unavailable,unavailable
librime-1.17.0,track-a-comparison,luna_pinyin,key_sequence_process_with_context,hao,48,3,34.250,11.417,9601024,9601024,unavailable,9601024,unavailable,unavailable,unavailable,unavailable,unavailable,unavailable
librime-1.17.0,track-a-comparison,luna_pinyin,key_sequence_process_with_context,hao,49,3,33.500,11.167,9601024,9601024,unavailable,9601024,unavailable,unavailable,unavailable,unavailable,unavailable,unavailable
librime-1.17.0,track-a-comparison,luna_pinyin,key_sequence_process_with_context,hao,50,3,33.666,11.222,9601024,9601024,unavailable,9601024,unavailable,unavailable,unavailable,unavailable,unavailable,unavailable
librime-1.17.0,track-a-comparison,luna_pinyin,key_sequence_process_with_context,hao,51,3,33.375,11.125,9601024,9601024,unavailable,9601024,unavailable,unavailable,unavailable,unavailable,unavailable,unavailable
librime-1.17.0,track-a-comparison,luna_pinyin,key_sequence_process_with_context,hao,52,3,34.000,11.333,9601024,9601024,unavailable,9601024,unavailable,unavailable,unavailable,unavailable,unavailable,unavailable
librime-1.17.0,track-a-comparison,luna_pinyin,key_sequence_process_with_context,hao,53,3,34.125,11.375,9601024,9601024,unavailable,9601024,unavailable,unavailable,unavailable,unavailable,unavailable,unavailable
librime-1.17.0,track-a-comparison,luna_pinyin,key_sequence_process_with_context,hao,54,3,33.875,11.292,9601024,9601024,unavailable,9601024,unavailable,unavailable,unavailable,unavailable,unavailable,unavailable
librime-1.17.0,track-a-comparison,luna_pinyin,key_sequence_process_with_context,hao,55,3,33.459,11.153,9601024,9601024,unavailable,9601024,unavailable,unavailable,unavailable,unavailable,unavailable,unavailable
librime-1.17.0,track-a-comparison,luna_pinyin,key_sequence_process_with_context,hao,56,3,33.500,11.167,9601024,9601024,unavailable,9601024,unavailable,unavailable,unavailable,unavailable,unavailable,unavailable
librime-1.17.0,track-a-comparison,luna_pinyin,key_sequence_process_with_context,hao,57,3,33.667,11.222,9601024,9601024,unavailable,9601024,unavailable,unavailable,unavailable,unavailable,unavailable,unavailable
librime-1.17.0,track-a-comparison,luna_pinyin,key_sequence_process_with_context,hao,58,3,33.958,11.319,9601024,9601024,unavailable,9601024,unavailable,unavailable,unavailable,unavailable,unavailable,unavailable
librime-1.17.0,track-a-comparison,luna_pinyin,key_sequence_process_with_context,hao,59,3,33.334,11.111,9601024,9601024,unavailable,9601024,unavailable,unavailable,unavailable,unavailable,unavailable,unavailable
librime-1.17.0,track-a-comparison,luna_pinyin,key_sequence_process_with_context,hao,60,3,33.625,11.208,9601024,9601024,unavailable,9601024,unavailable,unavailable,unavailable,unavailable,unavailable,unavailable
librime-1.17.0,track-a-comparison,luna_pinyin,key_sequence_process_with_context,hao,61,3,33.625,11.208,9601024,9601024,unavailable,9601024,unavailable,unavailable,unavailable,unavailable,unavailable,unavailable
librime-1.17.0,track-a-comparison,luna_pinyin,key_sequence_process_with_context,hao,62,3,34.000,11.333,9601024,9601024,unavailable,9601024,unavailable,unavailable,unavailable,unavailable,unavailable,unavailable
librime-1.17.0,track-a-comparison,luna_pinyin,key_sequence_process_with_context,hao,63,3,33.625,11.208,9601024,9601024,unavailable,9601024,unavailable,unavailable,unavailable,unavailable,unavailable,unavailable
librime-1.17.0,track-a-comparison,luna_pinyin,key_sequence_process_with_context,hao,64,3,33.500,11.167,9601024,9601024,unavailable,9601024,unavailable,unavailable,unavailable,unavailable,unavailable,unavailable
librime-1.17.0,track-a-comparison,luna_pinyin,key_sequence_process_with_context,hao,65,3,33.250,11.083,9601024,9601024,unavailable,9601024,unavailable,unavailable,unavailable,unavailable,unavailable,unavailable
librime-1.17.0,track-a-comparison,luna_pinyin,key_sequence_process_with_context,hao,66,3,33.500,11.167,9601024,9601024,unavailable,9601024,unavailable,unavailable,unavailable,unavailable,unavailable,unavailable
librime-1.17.0,track-a-comparison,luna_pinyin,key_sequence_process_with_context,hao,67,3,33.292,11.097,9601024,9601024,unavailable,9601024,unavailable,unavailable,unavailable,unavailable,unavailable,unavailable
librime-1.17.0,track-a-comparison,luna_pinyin,key_sequence_process_with_context,hao,68,3,32.958,10.986,9601024,9601024,unavailable,9601024,unavailable,unavailable,unavailable,unavailable,unavailable,unavailable
librime-1.17.0,track-a-comparison,luna_pinyin,key_sequence_process_with_context,hao,69,3,33.042,11.014,9601024,9601024,unavailable,9601024,unavailable,unavailable,unavailable,unavailable,unavailable,unavailable
librime-1.17.0,track-a-comparison,luna_pinyin,key_sequence_process_with_context,hao,70,3,32.958,10.986,9601024,9601024,unavailable,9601024,unavailable,unavailable,unavailable,unavailable,unavailable,unavailable
librime-1.17.0,track-a-comparison,luna_pinyin,key_sequence_process_with_context,hao,71,3,32.875,10.958,9601024,9601024,unavailable,9601024,unavailable,unavailable,unavailable,unavailable,unavailable,unavailable
librime-1.17.0,track-a-comparison,luna_pinyin,key_sequence_process_with_context,hao,72,3,32.958,10.986,9601024,9601024,unavailable,9601024,unavailable,unavailable,unavailable,unavailable,unavailable,unavailable
librime-1.17.0,track-a-comparison,luna_pinyin,key_sequence_process_with_context,hao,73,3,33.125,11.042,9601024,9601024,unavailable,9601024,unavailable,unavailable,unavailable,unavailable,unavailable,unavailable
librime-1.17.0,track-a-comparison,luna_pinyin,key_sequence_process_with_context,hao,74,3,33.875,11.292,9601024,9601024,unavailable,9601024,unavailable,unavailable,unavailable,unavailable,unavailable,unavailable
librime-1.17.0,track-a-comparison,luna_pinyin,key_sequence_process_with_context,hao,75,3,33.542,11.181,9601024,9601024,unavailable,9601024,unavailable,unavailable,unavailable,unavailable,unavailable,unavailable
librime-1.17.0,track-a-comparison,luna_pinyin,key_sequence_process_with_context,hao,76,3,33.417,11.139,9601024,9601024,unavailable,9601024,unavailable,unavailable,unavailable,unavailable,unavailable,unavailable
librime-1.17.0,track-a-comparison,luna_pinyin,key_sequence_process_with_context,hao,77,3,33.750,11.250,9601024,9601024,unavailable,9601024,unavailable,unavailable,unavailable,unavailable,unavailable,unavailable
librime-1.17.0,track-a-comparison,luna_pinyin,key_sequence_process_with_context,hao,78,3,33.000,11.000,9601024,9601024,unavailable,9601024,unavailable,unavailable,unavailable,unavailable,unavailable,unavailable
librime-1.17.0,track-a-comparison,luna_pinyin,key_sequence_process_with_context,hao,79,3,33.208,11.069,9601024,9601024,unavailable,9601024,unavailable,unavailable,unavailable,unavailable,unavailable,unavailable
librime-1.17.0,track-a-comparison,luna_pinyin,key_sequence_process_with_context,zhongguo,0,8,1028.375,128.547,11485184,11485184,unavailable,11485184,unavailable,unavailable,unavailable,unavailable,unavailable,unavailable
librime-1.17.0,track-a-comparison,luna_pinyin,key_sequence_process_with_context,zhongguo,1,8,1031.500,128.938,11485184,11501568,unavailable,11501568,unavailable,unavailable,unavailable,unavailable,unavailable,unavailable
librime-1.17.0,track-a-comparison,luna_pinyin,key_sequence_process_with_context,zhongguo,2,8,1001.042,125.130,11501568,11501568,unavailable,11501568,unavailable,unavailable,unavailable,unavailable,unavailable,unavailable
librime-1.17.0,track-a-comparison,luna_pinyin,key_sequence_process_with_context,zhongguo,3,8,972.667,121.583,11501568,11501568,unavailable,11501568,unavailable,unavailable,unavailable,unavailable,unavailable,unavailable
librime-1.17.0,track-a-comparison,luna_pinyin,key_sequence_process_with_context,zhongguo,4,8,970.959,121.370,11501568,11501568,unavailable,11501568,unavailable,unavailable,unavailable,unavailable,unavailable,unavailable
librime-1.17.0,track-a-comparison,luna_pinyin,key_sequence_process_with_context,zhongguo,5,8,970.541,121.318,11501568,11501568,unavailable,11501568,unavailable,unavailable,unavailable,unavailable,unavailable,unavailable
librime-1.17.0,track-a-comparison,luna_pinyin,key_sequence_process_with_context,zhongguo,6,8,970.084,121.260,11501568,11501568,unavailable,11501568,unavailable,unavailable,unavailable,unavailable,unavailable,unavailable
librime-1.17.0,track-a-comparison,luna_pinyin,key_sequence_process_with_context,zhongguo,7,8,976.500,122.062,11501568,11501568,unavailable,11501568,unavailable,unavailable,unavailable,unavailable,unavailable,unavailable
librime-1.17.0,track-a-comparison,luna_pinyin,key_sequence_process_with_context,zhongguo,8,8,1076.375,134.547,11501568,11501568,unavailable,11501568,unavailable,unavailable,unavailable,unavailable,unavailable,unavailable
librime-1.17.0,track-a-comparison,luna_pinyin,key_sequence_process_with_context,zhongguo,9,8,1009.666,126.208,11501568,11501568,unavailable,11501568,unavailable,unavailable,unavailable,unavailable,unavailable,unavailable
librime-1.17.0,track-a-comparison,luna_pinyin,key_sequence_process_with_context,zhongguo,10,8,963.667,120.458,11501568,11501568,unavailable,11501568,unavailable,unavailable,unavailable,unavailable,unavailable,unavailable
librime-1.17.0,track-a-comparison,luna_pinyin,key_sequence_process_with_context,zhongguo,11,8,956.000,119.500,11501568,11501568,unavailable,11501568,unavailable,unavailable,unavailable,unavailable,unavailable,unavailable
librime-1.17.0,track-a-comparison,luna_pinyin,key_sequence_process_with_context,zhongguo,12,8,950.167,118.771,11501568,11501568,unavailable,11501568,unavailable,unavailable,unavailable,unavailable,unavailable,unavailable
librime-1.17.0,track-a-comparison,luna_pinyin,key_sequence_process_with_context,zhongguo,13,8,955.333,119.417,11501568,11501568,unavailable,11501568,unavailable,unavailable,unavailable,unavailable,unavailable,unavailable
librime-1.17.0,track-a-comparison,luna_pinyin,key_sequence_process_with_context,zhongguo,14,8,945.417,118.177,11501568,11501568,unavailable,11501568,unavailable,unavailable,unavailable,unavailable,unavailable,unavailable
librime-1.17.0,track-a-comparison,luna_pinyin,key_sequence_process_with_context,zhongguo,15,8,956.041,119.505,11517952,11517952,unavailable,11517952,unavailable,unavailable,unavailable,unavailable,unavailable,unavailable
librime-1.17.0,track-a-comparison,luna_pinyin,key_sequence_process_with_context,zhongguo,16,8,918.291,114.786,11517952,11517952,unavailable,11517952,unavailable,unavailable,unavailable,unavailable,unavailable,unavailable
librime-1.17.0,track-a-comparison,luna_pinyin,key_sequence_process_with_context,zhongguo,17,8,917.709,114.714,11517952,11517952,unavailable,11517952,unavailable,unavailable,unavailable,unavailable,unavailable,unavailable
librime-1.17.0,track-a-comparison,luna_pinyin,key_sequence_process_with_context,zhongguo,18,8,920.500,115.062,11517952,11517952,unavailable,11517952,unavailable,unavailable,unavailable,unavailable,unavailable,unavailable
librime-1.17.0,track-a-comparison,luna_pinyin,key_sequence_process_with_context,zhongguo,19,8,919.083,114.885,11517952,11517952,unavailable,11517952,unavailable,unavailable,unavailable,unavailable,unavailable,unavailable
librime-1.17.0,track-a-comparison,luna_pinyin,key_sequence_process_with_context,zhongguo,20,8,922.458,115.307,11517952,11517952,unavailable,11517952,unavailable,unavailable,unavailable,unavailable,unavailable,unavailable
librime-1.17.0,track-a-comparison,luna_pinyin,key_sequence_process_with_context,zhongguo,21,8,922.208,115.276,11517952,11517952,unavailable,11517952,unavailable,unavailable,unavailable,unavailable,unavailable,unavailable
librime-1.17.0,track-a-comparison,luna_pinyin,key_sequence_process_with_context,zhongguo,22,8,919.333,114.917,11517952,11517952,unavailable,11517952,unavailable,unavailable,unavailable,unavailable,unavailable,unavailable
librime-1.17.0,track-a-comparison,luna_pinyin,key_sequence_process_with_context,zhongguo,23,8,918.916,114.864,11517952,11517952,unavailable,11517952,unavailable,unavailable,unavailable,unavailable,unavailable,unavailable
librime-1.17.0,track-a-comparison,luna_pinyin,key_sequence_process_with_context,zhongguo,24,8,920.167,115.021,11517952,11517952,unavailable,11517952,unavailable,unavailable,unavailable,unavailable,unavailable,unavailable
librime-1.17.0,track-a-comparison,luna_pinyin,key_sequence_process_with_context,zhongguo,25,8,921.458,115.182,11517952,11517952,unavailable,11517952,unavailable,unavailable,unavailable,unavailable,unavailable,unavailable
librime-1.17.0,track-a-comparison,luna_pinyin,key_sequence_process_with_context,zhongguo,26,8,921.000,115.125,11517952,11517952,unavailable,11517952,unavailable,unavailable,unavailable,unavailable,unavailable,unavailable
librime-1.17.0,track-a-comparison,luna_pinyin,key_sequence_process_with_context,zhongguo,27,8,921.459,115.182,11517952,11517952,unavailable,11517952,unavailable,unavailable,unavailable,unavailable,unavailable,unavailable
librime-1.17.0,track-a-comparison,luna_pinyin,key_sequence_process_with_context,zhongguo,28,8,918.208,114.776,11517952,11517952,unavailable,11517952,unavailable,unavailable,unavailable,unavailable,unavailable,unavailable
librime-1.17.0,track-a-comparison,luna_pinyin,key_sequence_process_with_context,zhongguo,29,8,919.459,114.932,11517952,11517952,unavailable,11517952,unavailable,unavailable,unavailable,unavailable,unavailable,unavailable
librime-1.17.0,track-a-comparison,luna_pinyin,key_sequence_process_with_context,zhongguo,30,8,919.208,114.901,11517952,11517952,unavailable,11517952,unavailable,unavailable,unavailable,unavailable,unavailable,unavailable
librime-1.17.0,track-a-comparison,luna_pinyin,key_sequence_process_with_context,zhongguo,31,8,919.000,114.875,11517952,11517952,unavailable,11517952,unavailable,unavailable,unavailable,unavailable,unavailable,unavailable
librime-1.17.0,track-a-comparison,luna_pinyin,key_sequence_process_with_context,zhongguo,32,8,922.166,115.271,11517952,11517952,unavailable,11517952,unavailable,unavailable,unavailable,unavailable,unavailable,unavailable
librime-1.17.0,track-a-comparison,luna_pinyin,key_sequence_process_with_context,zhongguo,33,8,922.375,115.297,11517952,11517952,unavailable,11517952,unavailable,unavailable,unavailable,unavailable,unavailable,unavailable
librime-1.17.0,track-a-comparison,luna_pinyin,key_sequence_process_with_context,zhongguo,34,8,922.291,115.286,11517952,11517952,unavailable,11517952,unavailable,unavailable,unavailable,unavailable,unavailable,unavailable
librime-1.17.0,track-a-comparison,luna_pinyin,key_sequence_process_with_context,zhongguo,35,8,879.708,109.963,11517952,11517952,unavailable,11517952,unavailable,unavailable,unavailable,unavailable,unavailable,unavailable
librime-1.17.0,track-a-comparison,luna_pinyin,key_sequence_process_with_context,zhongguo,36,8,855.375,106.922,11517952,11517952,unavailable,11517952,unavailable,unavailable,unavailable,unavailable,unavailable,unavailable
librime-1.17.0,track-a-comparison,luna_pinyin,key_sequence_process_with_context,zhongguo,37,8,863.542,107.943,11517952,11517952,unavailable,11517952,unavailable,unavailable,unavailable,unavailable,unavailable,unavailable
librime-1.17.0,track-a-comparison,luna_pinyin,key_sequence_process_with_context,zhongguo,38,8,855.166,106.896,11517952,11517952,unavailable,11517952,unavailable,unavailable,unavailable,unavailable,unavailable,unavailable
librime-1.17.0,track-a-comparison,luna_pinyin,key_sequence_process_with_context,zhongguo,39,8,861.083,107.635,11517952,11517952,unavailable,11517952,unavailable,unavailable,unavailable,unavailable,unavailable,unavailable
librime-1.17.0,track-a-comparison,luna_pinyin,key_sequence_process_with_context,zhongguo,40,8,852.250,106.531,11517952,11517952,unavailable,11517952,unavailable,unavailable,unavailable,unavailable,unavailable,unavailable
librime-1.17.0,track-a-comparison,luna_pinyin,key_sequence_process_with_context,zhongguo,41,8,849.584,106.198,11517952,11517952,unavailable,11517952,unavailable,unavailable,unavailable,unavailable,unavailable,unavailable
librime-1.17.0,track-a-comparison,luna_pinyin,key_sequence_process_with_context,zhongguo,42,8,851.542,106.443,11517952,11517952,unavailable,11517952,unavailable,unavailable,unavailable,unavailable,unavailable,unavailable
librime-1.17.0,track-a-comparison,luna_pinyin,key_sequence_process_with_context,zhongguo,43,8,850.708,106.339,11517952,11517952,unavailable,11517952,unavailable,unavailable,unavailable,unavailable,unavailable,unavailable
librime-1.17.0,track-a-comparison,luna_pinyin,key_sequence_process_with_context,zhongguo,44,8,932.833,116.604,11517952,11517952,unavailable,11517952,unavailable,unavailable,unavailable,unavailable,unavailable,unavailable
librime-1.17.0,track-a-comparison,luna_pinyin,key_sequence_process_with_context,zhongguo,45,8,855.916,106.989,11517952,11517952,unavailable,11517952,unavailable,unavailable,unavailable,unavailable,unavailable,unavailable
librime-1.17.0,track-a-comparison,luna_pinyin,key_sequence_process_with_context,zhongguo,46,8,844.458,105.557,11517952,11517952,unavailable,11517952,unavailable,unavailable,unavailable,unavailable,unavailable,unavailable
librime-1.17.0,track-a-comparison,luna_pinyin,key_sequence_process_with_context,zhongguo,47,8,836.417,104.552,11517952,11517952,unavailable,11517952,unavailable,unavailable,unavailable,unavailable,unavailable,unavailable
librime-1.17.0,track-a-comparison,luna_pinyin,key_sequence_process_with_context,zhongguo,48,8,835.458,104.432,11517952,11517952,unavailable,11517952,unavailable,unavailable,unavailable,unavailable,unavailable,unavailable
librime-1.17.0,track-a-comparison,luna_pinyin,key_sequence_process_with_context,zhongguo,49,8,851.333,106.417,11517952,11517952,unavailable,11517952,unavailable,unavailable,unavailable,unavailable,unavailable,unavailable
librime-1.17.0,track-a-comparison,luna_pinyin,key_sequence_process_with_context,zhongguo,50,8,835.583,104.448,11517952,11517952,unavailable,11517952,unavailable,unavailable,unavailable,unavailable,unavailable,unavailable
librime-1.17.0,track-a-comparison,luna_pinyin,key_sequence_process_with_context,zhongguo,51,8,840.458,105.057,11534336,11534336,unavailable,11534336,unavailable,unavailable,unavailable,unavailable,unavailable,unavailable
librime-1.17.0,track-a-comparison,luna_pinyin,key_sequence_process_with_context,zhongguo,52,8,833.792,104.224,11534336,11534336,unavailable,11534336,unavailable,unavailable,unavailable,unavailable,unavailable,unavailable
librime-1.17.0,track-a-comparison,luna_pinyin,key_sequence_process_with_context,zhongguo,53,8,833.958,104.245,11534336,11534336,unavailable,11534336,unavailable,unavailable,unavailable,unavailable,unavailable,unavailable
librime-1.17.0,track-a-comparison,luna_pinyin,key_sequence_process_with_context,zhongguo,54,8,842.375,105.297,11534336,11534336,unavailable,11534336,unavailable,unavailable,unavailable,unavailable,unavailable,unavailable
librime-1.17.0,track-a-comparison,luna_pinyin,key_sequence_process_with_context,zhongguo,55,8,832.667,104.083,11534336,11534336,unavailable,11534336,unavailable,unavailable,unavailable,unavailable,unavailable,unavailable
librime-1.17.0,track-a-comparison,luna_pinyin,key_sequence_process_with_context,zhongguo,56,8,845.250,105.656,11534336,11534336,unavailable,11534336,unavailable,unavailable,unavailable,unavailable,unavailable,unavailable
librime-1.17.0,track-a-comparison,luna_pinyin,key_sequence_process_with_context,zhongguo,57,8,834.750,104.344,11534336,11534336,unavailable,11534336,unavailable,unavailable,unavailable,unavailable,unavailable,unavailable
librime-1.17.0,track-a-comparison,luna_pinyin,key_sequence_process_with_context,zhongguo,58,8,843.375,105.422,11534336,11534336,unavailable,11534336,unavailable,unavailable,unavailable,unavailable,unavailable,unavailable
librime-1.17.0,track-a-comparison,luna_pinyin,key_sequence_process_with_context,zhongguo,59,8,835.958,104.495,11534336,11534336,unavailable,11534336,unavailable,unavailable,unavailable,unavailable,unavailable,unavailable
librime-1.17.0,track-a-comparison,luna_pinyin,key_sequence_process_with_context,zhongguo,60,8,833.541,104.193,11534336,11534336,unavailable,11534336,unavailable,unavailable,unavailable,unavailable,unavailable,unavailable
librime-1.17.0,track-a-comparison,luna_pinyin,key_sequence_process_with_context,zhongguo,61,8,832.875,104.109,11534336,11534336,unavailable,11534336,unavailable,unavailable,unavailable,unavailable,unavailable,unavailable
librime-1.17.0,track-a-comparison,luna_pinyin,key_sequence_process_with_context,zhongguo,62,8,833.542,104.193,11534336,11534336,unavailable,11534336,unavailable,unavailable,unavailable,unavailable,unavailable,unavailable
librime-1.17.0,track-a-comparison,luna_pinyin,key_sequence_process_with_context,zhongguo,63,8,850.584,106.323,11534336,11534336,unavailable,11534336,unavailable,unavailable,unavailable,unavailable,unavailable,unavailable
librime-1.17.0,track-a-comparison,luna_pinyin,key_sequence_process_with_context,zhongguo,64,8,961.333,120.167,11534336,11534336,unavailable,11534336,unavailable,unavailable,unavailable,unavailable,unavailable,unavailable
librime-1.17.0,track-a-comparison,luna_pinyin,key_sequence_process_with_context,zhongguo,65,8,869.666,108.708,11534336,11534336,unavailable,11534336,unavailable,unavailable,unavailable,unavailable,unavailable,unavailable
librime-1.17.0,track-a-comparison,luna_pinyin,key_sequence_process_with_context,zhongguo,66,8,850.000,106.250,11534336,11534336,unavailable,11534336,unavailable,unavailable,unavailable,unavailable,unavailable,unavailable
librime-1.17.0,track-a-comparison,luna_pinyin,key_sequence_process_with_context,zhongguo,67,8,834.334,104.292,11534336,11534336,unavailable,11534336,unavailable,unavailable,unavailable,unavailable,unavailable,unavailable
librime-1.17.0,track-a-comparison,luna_pinyin,key_sequence_process_with_context,zhongguo,68,8,833.166,104.146,11534336,11534336,unavailable,11534336,unavailable,unavailable,unavailable,unavailable,unavailable,unavailable
librime-1.17.0,track-a-comparison,luna_pinyin,key_sequence_process_with_context,zhongguo,69,8,839.500,104.938,11534336,11534336,unavailable,11534336,unavailable,unavailable,unavailable,unavailable,unavailable,unavailable
librime-1.17.0,track-a-comparison,luna_pinyin,key_sequence_process_with_context,zhongguo,70,8,828.042,103.505,11534336,11534336,unavailable,11534336,unavailable,unavailable,unavailable,unavailable,unavailable,unavailable
librime-1.17.0,track-a-comparison,luna_pinyin,key_sequence_process_with_context,zhongguo,71,8,835.084,104.386,11534336,11534336,unavailable,11534336,unavailable,unavailable,unavailable,unavailable,unavailable,unavailable
librime-1.17.0,track-a-comparison,luna_pinyin,key_sequence_process_with_context,zhongguo,72,8,828.875,103.609,11534336,11534336,unavailable,11534336,unavailable,unavailable,unavailable,unavailable,unavailable,unavailable
librime-1.17.0,track-a-comparison,luna_pinyin,key_sequence_process_with_context,zhongguo,73,8,829.333,103.667,11534336,11534336,unavailable,11534336,unavailable,unavailable,unavailable,unavailable,unavailable,unavailable
librime-1.17.0,track-a-comparison,luna_pinyin,key_sequence_process_with_context,zhongguo,74,8,834.500,104.312,11534336,11534336,unavailable,11534336,unavailable,unavailable,unavailable,unavailable,unavailable,unavailable
librime-1.17.0,track-a-comparison,luna_pinyin,key_sequence_process_with_context,zhongguo,75,8,869.208,108.651,11534336,11534336,unavailable,11534336,unavailable,unavailable,unavailable,unavailable,unavailable,unavailable
librime-1.17.0,track-a-comparison,luna_pinyin,key_sequence_process_with_context,zhongguo,76,8,910.000,113.750,11534336,11534336,unavailable,11534336,unavailable,unavailable,unavailable,unavailable,unavailable,unavailable
librime-1.17.0,track-a-comparison,luna_pinyin,key_sequence_process_with_context,zhongguo,77,8,860.583,107.573,11534336,11534336,unavailable,11534336,unavailable,unavailable,unavailable,unavailable,unavailable,unavailable
librime-1.17.0,track-a-comparison,luna_pinyin,key_sequence_process_with_context,zhongguo,78,8,860.250,107.531,11534336,11534336,unavailable,11534336,unavailable,unavailable,unavailable,unavailable,unavailable,unavailable
librime-1.17.0,track-a-comparison,luna_pinyin,key_sequence_process_with_context,zhongguo,79,8,856.375,107.047,11534336,11534336,unavailable,11534336,unavailable,unavailable,unavailable,unavailable,unavailable,unavailable
librime-1.17.0,track-a-comparison,luna_pinyin,key_sequence_process_with_context,ceshiyixiachangjushuruxingnengzenyang,0,37,6342.458,171.418,15106048,15106048,unavailable,15106048,unavailable,unavailable,unavailable,unavailable,unavailable,unavailable
librime-1.17.0,track-a-comparison,luna_pinyin,key_sequence_process_with_context,ceshiyixiachangjushuruxingnengzenyang,1,37,6464.875,174.726,15106048,15106048,unavailable,15106048,unavailable,unavailable,unavailable,unavailable,unavailable,unavailable
librime-1.17.0,track-a-comparison,luna_pinyin,key_sequence_process_with_context,ceshiyixiachangjushuruxingnengzenyang,2,37,6337.292,171.278,15106048,15106048,unavailable,15106048,unavailable,unavailable,unavailable,unavailable,unavailable,unavailable
librime-1.17.0,track-a-comparison,luna_pinyin,key_sequence_process_with_context,ceshiyixiachangjushuruxingnengzenyang,3,37,6380.209,172.438,15106048,15106048,unavailable,15106048,unavailable,unavailable,unavailable,unavailable,unavailable,unavailable
librime-1.17.0,track-a-comparison,luna_pinyin,key_sequence_process_with_context,ceshiyixiachangjushuruxingnengzenyang,4,37,6405.000,173.108,15106048,15106048,unavailable,15106048,unavailable,unavailable,unavailable,unavailable,unavailable,unavailable
librime-1.17.0,track-a-comparison,luna_pinyin,key_sequence_process_with_context,ceshiyixiachangjushuruxingnengzenyang,5,37,6274.083,169.570,15106048,15106048,unavailable,15106048,unavailable,unavailable,unavailable,unavailable,unavailable,unavailable
librime-1.17.0,track-a-comparison,luna_pinyin,key_sequence_process_with_context,ceshiyixiachangjushuruxingnengzenyang,6,37,6387.750,172.642,15106048,15106048,unavailable,15106048,unavailable,unavailable,unavailable,unavailable,unavailable,unavailable
librime-1.17.0,track-a-comparison,luna_pinyin,key_sequence_process_with_context,ceshiyixiachangjushuruxingnengzenyang,7,37,6401.625,173.017,15122432,15122432,unavailable,15122432,unavailable,unavailable,unavailable,unavailable,unavailable,unavailable
librime-1.17.0,track-a-comparison,luna_pinyin,key_sequence_process_with_context,ceshiyixiachangjushuruxingnengzenyang,8,37,6375.334,172.306,15122432,15122432,unavailable,15122432,unavailable,unavailable,unavailable,unavailable,unavailable,unavailable
librime-1.17.0,track-a-comparison,luna_pinyin,key_sequence_process_with_context,ceshiyixiachangjushuruxingnengzenyang,9,37,6419.084,173.489,15122432,15122432,unavailable,15122432,unavailable,unavailable,unavailable,unavailable,unavailable,unavailable
librime-1.17.0,track-a-comparison,luna_pinyin,key_sequence_process_with_context,ceshiyixiachangjushuruxingnengzenyang,10,37,6351.375,171.659,15122432,15122432,unavailable,15122432,unavailable,unavailable,unavailable,unavailable,unavailable,unavailable
librime-1.17.0,track-a-comparison,luna_pinyin,key_sequence_process_with_context,ceshiyixiachangjushuruxingnengzenyang,11,37,6391.583,172.745,15122432,15122432,unavailable,15122432,unavailable,unavailable,unavailable,unavailable,unavailable,unavailable
librime-1.17.0,track-a-comparison,luna_pinyin,key_sequence_process_with_context,ceshiyixiachangjushuruxingnengzenyang,12,37,6368.709,172.127,15122432,15122432,unavailable,15122432,unavailable,unavailable,unavailable,unavailable,unavailable,unavailable
librime-1.17.0,track-a-comparison,luna_pinyin,key_sequence_process_with_context,ceshiyixiachangjushuruxingnengzenyang,13,37,6288.375,169.956,15122432,15122432,unavailable,15122432,unavailable,unavailable,unavailable,unavailable,unavailable,unavailable
librime-1.17.0,track-a-comparison,luna_pinyin,key_sequence_process_with_context,ceshiyixiachangjushuruxingnengzenyang,14,37,6277.250,169.655,15122432,15122432,unavailable,15122432,unavailable,unavailable,unavailable,unavailable,unavailable,unavailable
librime-1.17.0,track-a-comparison,luna_pinyin,key_sequence_process_with_context,ceshiyixiachangjushuruxingnengzenyang,15,37,6275.583,169.610,15122432,15122432,unavailable,15122432,unavailable,unavailable,unavailable,unavailable,unavailable,unavailable
librime-1.17.0,track-a-comparison,luna_pinyin,key_sequence_process_with_context,ceshiyixiachangjushuruxingnengzenyang,16,37,6250.833,168.941,15122432,15122432,unavailable,15122432,unavailable,unavailable,unavailable,unavailable,unavailable,unavailable
librime-1.17.0,track-a-comparison,luna_pinyin,key_sequence_process_with_context,ceshiyixiachangjushuruxingnengzenyang,17,37,6340.834,171.374,15122432,15122432,unavailable,15122432,unavailable,unavailable,unavailable,unavailable,unavailable,unavailable
librime-1.17.0,track-a-comparison,luna_pinyin,key_sequence_process_with_context,ceshiyixiachangjushuruxingnengzenyang,18,37,6227.125,168.301,15122432,15122432,unavailable,15122432,unavailable,unavailable,unavailable,unavailable,unavailable,unavailable
librime-1.17.0,track-a-comparison,luna_pinyin,key_sequence_process_with_context,ceshiyixiachangjushuruxingnengzenyang,19,37,6321.333,170.847,15122432,15122432,unavailable,15122432,unavailable,unavailable,unavailable,unavailable,unavailable,unavailable
librime-1.17.0,track-a-comparison,luna_pinyin,key_sequence_process_with_context,ceshiyixiachangjushuruxingnengzenyang,20,37,6355.750,171.777,15122432,15122432,unavailable,15122432,unavailable,unavailable,unavailable,unavailable,unavailable,unavailable
librime-1.17.0,track-a-comparison,luna_pinyin,key_sequence_process_with_context,ceshiyixiachangjushuruxingnengzenyang,21,37,6251.125,168.949,15122432,15122432,unavailable,15122432,unavailable,unavailable,unavailable,unavailable,unavailable,unavailable
librime-1.17.0,track-a-comparison,luna_pinyin,key_sequence_process_with_context,ceshiyixiachangjushuruxingnengzenyang,22,37,6351.291,171.657,15122432,15122432,unavailable,15122432,unavailable,unavailable,unavailable,unavailable,unavailable,unavailable
librime-1.17.0,track-a-comparison,luna_pinyin,key_sequence_process_with_context,ceshiyixiachangjushuruxingnengzenyang,23,37,6307.916,170.484,15122432,15122432,unavailable,15122432,unavailable,unavailable,unavailable,unavailable,unavailable,unavailable
librime-1.17.0,track-a-comparison,luna_pinyin,key_sequence_process_with_context,ceshiyixiachangjushuruxingnengzenyang,24,37,6348.125,171.571,15122432,15122432,unavailable,15122432,unavailable,unavailable,unavailable,unavailable,unavailable,unavailable
librime-1.17.0,track-a-comparison,luna_pinyin,key_sequence_process_with_context,ceshiyixiachangjushuruxingnengzenyang,25,37,6377.083,172.354,15122432,15122432,unavailable,15122432,unavailable,unavailable,unavailable,unavailable,unavailable,unavailable
librime-1.17.0,track-a-comparison,luna_pinyin,key_sequence_process_with_context,ceshiyixiachangjushuruxingnengzenyang,26,37,6240.209,168.654,15122432,15122432,unavailable,15122432,unavailable,unavailable,unavailable,unavailable,unavailable,unavailable
librime-1.17.0,track-a-comparison,luna_pinyin,key_sequence_process_with_context,ceshiyixiachangjushuruxingnengzenyang,27,37,6318.375,170.767,15122432,15122432,unavailable,15122432,unavailable,unavailable,unavailable,unavailable,unavailable,unavailable
librime-1.17.0,track-a-comparison,luna_pinyin,key_sequence_process_with_context,ceshiyixiachangjushuruxingnengzenyang,28,37,6410.042,173.244,15122432,15122432,unavailable,15122432,unavailable,unavailable,unavailable,unavailable,unavailable,unavailable
librime-1.17.0,track-a-comparison,luna_pinyin,key_sequence_process_with_context,ceshiyixiachangjushuruxingnengzenyang,29,37,6276.042,169.623,15122432,15122432,unavailable,15122432,unavailable,unavailable,unavailable,unavailable,unavailable,unavailable
librime-1.17.0,track-a-comparison,luna_pinyin,key_sequence_process_with_context,ceshiyixiachangjushuruxingnengzenyang,30,37,6374.167,172.275,15122432,15122432,unavailable,15122432,unavailable,unavailable,unavailable,unavailable,unavailable,unavailable
librime-1.17.0,track-a-comparison,luna_pinyin,key_sequence_process_with_context,ceshiyixiachangjushuruxingnengzenyang,31,37,6285.416,169.876,15122432,15122432,unavailable,15122432,unavailable,unavailable,unavailable,unavailable,unavailable,unavailable
librime-1.17.0,track-a-comparison,luna_pinyin,key_sequence_process_with_context,ceshiyixiachangjushuruxingnengzenyang,32,37,6270.875,169.483,15122432,15122432,unavailable,15122432,unavailable,unavailable,unavailable,unavailable,unavailable,unavailable
librime-1.17.0,track-a-comparison,luna_pinyin,key_sequence_process_with_context,ceshiyixiachangjushuruxingnengzenyang,33,37,6331.041,171.109,15122432,15122432,unavailable,15122432,unavailable,unavailable,unavailable,unavailable,unavailable,unavailable
librime-1.17.0,track-a-comparison,luna_pinyin,key_sequence_process_with_context,ceshiyixiachangjushuruxingnengzenyang,34,37,6192.458,167.364,15122432,15122432,unavailable,15122432,unavailable,unavailable,unavailable,unavailable,unavailable,unavailable
librime-1.17.0,track-a-comparison,luna_pinyin,key_sequence_process_with_context,ceshiyixiachangjushuruxingnengzenyang,35,37,6327.667,171.018,15122432,15122432,unavailable,15122432,unavailable,unavailable,unavailable,unavailable,unavailable,unavailable
librime-1.17.0,track-a-comparison,luna_pinyin,key_sequence_process_with_context,ceshiyixiachangjushuruxingnengzenyang,36,37,6358.792,171.859,15122432,15122432,unavailable,15122432,unavailable,unavailable,unavailable,unavailable,unavailable,unavailable
librime-1.17.0,track-a-comparison,luna_pinyin,key_sequence_process_with_context,ceshiyixiachangjushuruxingnengzenyang,37,37,6308.542,170.501,15122432,15122432,unavailable,15122432,unavailable,unavailable,unavailable,unavailable,unavailable,unavailable
librime-1.17.0,track-a-comparison,luna_pinyin,key_sequence_process_with_context,ceshiyixiachangjushuruxingnengzenyang,38,37,6382.167,172.491,15122432,15122432,unavailable,15122432,unavailable,unavailable,unavailable,unavailable,unavailable,unavailable
librime-1.17.0,track-a-comparison,luna_pinyin,key_sequence_process_with_context,ceshiyixiachangjushuruxingnengzenyang,39,37,6266.667,169.369,15122432,15122432,unavailable,15122432,unavailable,unavailable,unavailable,unavailable,unavailable,unavailable
librime-1.17.0,track-a-comparison,luna_pinyin,key_sequence_process_with_context,ceshiyixiachangjushuruxingnengzenyang,40,37,6275.000,169.595,15122432,15122432,unavailable,15122432,unavailable,unavailable,unavailable,unavailable,unavailable,unavailable
librime-1.17.0,track-a-comparison,luna_pinyin,key_sequence_process_with_context,ceshiyixiachangjushuruxingnengzenyang,41,37,7060.208,190.816,15122432,15122432,unavailable,15122432,unavailable,unavailable,unavailable,unavailable,unavailable,unavailable
librime-1.17.0,track-a-comparison,luna_pinyin,key_sequence_process_with_context,ceshiyixiachangjushuruxingnengzenyang,42,37,6624.292,179.035,15122432,15122432,unavailable,15122432,unavailable,unavailable,unavailable,unavailable,unavailable,unavailable
librime-1.17.0,track-a-comparison,luna_pinyin,key_sequence_process_with_context,ceshiyixiachangjushuruxingnengzenyang,43,37,6419.083,173.489,15122432,15138816,unavailable,15138816,unavailable,unavailable,unavailable,unavailable,unavailable,unavailable
librime-1.17.0,track-a-comparison,luna_pinyin,key_sequence_process_with_context,ceshiyixiachangjushuruxingnengzenyang,44,37,6352.833,171.698,15138816,15138816,unavailable,15138816,unavailable,unavailable,unavailable,unavailable,unavailable,unavailable
librime-1.17.0,track-a-comparison,luna_pinyin,key_sequence_process_with_context,ceshiyixiachangjushuruxingnengzenyang,45,37,6325.125,170.949,15138816,15138816,unavailable,15138816,unavailable,unavailable,unavailable,unavailable,unavailable,unavailable
librime-1.17.0,track-a-comparison,luna_pinyin,key_sequence_process_with_context,ceshiyixiachangjushuruxingnengzenyang,46,37,6311.500,170.581,15138816,15138816,unavailable,15138816,unavailable,unavailable,unavailable,unavailable,unavailable,unavailable
librime-1.17.0,track-a-comparison,luna_pinyin,key_sequence_process_with_context,ceshiyixiachangjushuruxingnengzenyang,47,37,6358.708,171.857,15138816,15138816,unavailable,15138816,unavailable,unavailable,unavailable,unavailable,unavailable,unavailable
librime-1.17.0,track-a-comparison,luna_pinyin,key_sequence_process_with_context,ceshiyixiachangjushuruxingnengzenyang,48,37,6402.542,173.042,15138816,15138816,unavailable,15138816,unavailable,unavailable,unavailable,unavailable,unavailable,unavailable
librime-1.17.0,track-a-comparison,luna_pinyin,key_sequence_process_with_context,ceshiyixiachangjushuruxingnengzenyang,49,37,6348.541,171.582,15138816,15138816,unavailable,15138816,unavailable,unavailable,unavailable,unavailable,unavailable,unavailable
librime-1.17.0,track-a-comparison,luna_pinyin,key_sequence_process_with_context,ceshiyixiachangjushuruxingnengzenyang,50,37,6345.916,171.511,15138816,15138816,unavailable,15138816,unavailable,unavailable,unavailable,unavailable,unavailable,unavailable
librime-1.17.0,track-a-comparison,luna_pinyin,key_sequence_process_with_context,ceshiyixiachangjushuruxingnengzenyang,51,37,6391.250,172.736,15138816,15138816,unavailable,15138816,unavailable,unavailable,unavailable,unavailable,unavailable,unavailable
librime-1.17.0,track-a-comparison,luna_pinyin,key_sequence_process_with_context,ceshiyixiachangjushuruxingnengzenyang,52,37,6345.958,171.512,15138816,15138816,unavailable,15138816,unavailable,unavailable,unavailable,unavailable,unavailable,unavailable
librime-1.17.0,track-a-comparison,luna_pinyin,key_sequence_process_with_context,ceshiyixiachangjushuruxingnengzenyang,53,37,6266.584,169.367,15138816,15138816,unavailable,15138816,unavailable,unavailable,unavailable,unavailable,unavailable,unavailable
librime-1.17.0,track-a-comparison,luna_pinyin,key_sequence_process_with_context,ceshiyixiachangjushuruxingnengzenyang,54,37,6346.792,171.535,15138816,15138816,unavailable,15138816,unavailable,unavailable,unavailable,unavailable,unavailable,unavailable
librime-1.17.0,track-a-comparison,luna_pinyin,key_sequence_process_with_context,ceshiyixiachangjushuruxingnengzenyang,55,37,6294.375,170.118,15138816,15138816,unavailable,15138816,unavailable,unavailable,unavailable,unavailable,unavailable,unavailable
librime-1.17.0,track-a-comparison,luna_pinyin,key_sequence_process_with_context,ceshiyixiachangjushuruxingnengzenyang,56,37,6392.625,172.774,15138816,15138816,unavailable,15138816,unavailable,unavailable,unavailable,unavailable,unavailable,unavailable
librime-1.17.0,track-a-comparison,luna_pinyin,key_sequence_process_with_context,ceshiyixiachangjushuruxingnengzenyang,57,37,6395.209,172.843,15138816,15138816,unavailable,15138816,unavailable,unavailable,unavailable,unavailable,unavailable,unavailable
librime-1.17.0,track-a-comparison,luna_pinyin,key_sequence_process_with_context,ceshiyixiachangjushuruxingnengzenyang,58,37,6318.417,170.768,15138816,15138816,unavailable,15138816,unavailable,unavailable,unavailable,unavailable,unavailable,unavailable
librime-1.17.0,track-a-comparison,luna_pinyin,key_sequence_process_with_context,ceshiyixiachangjushuruxingnengzenyang,59,37,6370.375,172.172,15138816,15138816,unavailable,15138816,unavailable,unavailable,unavailable,unavailable,unavailable,unavailable
librime-1.17.0,track-a-comparison,luna_pinyin,key_sequence_process_with_context,ceshiyixiachangjushuruxingnengzenyang,60,37,6250.000,168.919,15138816,15138816,unavailable,15138816,unavailable,unavailable,unavailable,unavailable,unavailable,unavailable
librime-1.17.0,track-a-comparison,luna_pinyin,key_sequence_process_with_context,ceshiyixiachangjushuruxingnengzenyang,61,37,6156.000,166.378,15138816,15138816,unavailable,15138816,unavailable,unavailable,unavailable,unavailable,unavailable,unavailable
librime-1.17.0,track-a-comparison,luna_pinyin,key_sequence_process_with_context,ceshiyixiachangjushuruxingnengzenyang,62,37,6285.792,169.886,15138816,15138816,unavailable,15138816,unavailable,unavailable,unavailable,unavailable,unavailable,unavailable
librime-1.17.0,track-a-comparison,luna_pinyin,key_sequence_process_with_context,ceshiyixiachangjushuruxingnengzenyang,63,37,6269.375,169.443,15138816,15138816,unavailable,15138816,unavailable,unavailable,unavailable,unavailable,unavailable,unavailable
librime-1.17.0,track-a-comparison,luna_pinyin,key_sequence_process_with_context,ceshiyixiachangjushuruxingnengzenyang,64,37,6356.167,171.788,15138816,15138816,unavailable,15138816,unavailable,unavailable,unavailable,unavailable,unavailable,unavailable
librime-1.17.0,track-a-comparison,luna_pinyin,key_sequence_process_with_context,ceshiyixiachangjushuruxingnengzenyang,65,37,6158.459,166.445,15138816,15138816,unavailable,15138816,unavailable,unavailable,unavailable,unavailable,unavailable,unavailable
librime-1.17.0,track-a-comparison,luna_pinyin,key_sequence_process_with_context,ceshiyixiachangjushuruxingnengzenyang,66,37,6251.292,168.954,15138816,15138816,unavailable,15138816,unavailable,unavailable,unavailable,unavailable,unavailable,unavailable
librime-1.17.0,track-a-comparison,luna_pinyin,key_sequence_process_with_context,ceshiyixiachangjushuruxingnengzenyang,67,37,6318.375,170.767,15138816,15138816,unavailable,15138816,unavailable,unavailable,unavailable,unavailable,unavailable,unavailable
librime-1.17.0,track-a-comparison,luna_pinyin,key_sequence_process_with_context,ceshiyixiachangjushuruxingnengzenyang,68,37,6627.917,179.133,15138816,15138816,unavailable,15138816,unavailable,unavailable,unavailable,unavailable,unavailable,unavailable
librime-1.17.0,track-a-comparison,luna_pinyin,key_sequence_process_with_context,ceshiyixiachangjushuruxingnengzenyang,69,37,6572.917,177.646,15138816,15138816,unavailable,15138816,unavailable,unavailable,unavailable,unavailable,unavailable,unavailable
librime-1.17.0,track-a-comparison,luna_pinyin,key_sequence_process_with_context,ceshiyixiachangjushuruxingnengzenyang,70,37,6631.375,179.226,15138816,15138816,unavailable,15138816,unavailable,unavailable,unavailable,unavailable,unavailable,unavailable
librime-1.17.0,track-a-comparison,luna_pinyin,key_sequence_process_with_context,ceshiyixiachangjushuruxingnengzenyang,71,37,6810.792,184.075,15138816,15138816,unavailable,15138816,unavailable,unavailable,unavailable,unavailable,unavailable,unavailable
librime-1.17.0,track-a-comparison,luna_pinyin,key_sequence_process_with_context,ceshiyixiachangjushuruxingnengzenyang,72,37,6705.167,181.221,15138816,15138816,unavailable,15138816,unavailable,unavailable,unavailable,unavailable,unavailable,unavailable
librime-1.17.0,track-a-comparison,luna_pinyin,key_sequence_process_with_context,ceshiyixiachangjushuruxingnengzenyang,73,37,6662.625,180.071,15138816,15138816,unavailable,15138816,unavailable,unavailable,unavailable,unavailable,unavailable,unavailable
librime-1.17.0,track-a-comparison,luna_pinyin,key_sequence_process_with_context,ceshiyixiachangjushuruxingnengzenyang,74,37,6898.333,186.441,15138816,15138816,unavailable,15138816,unavailable,unavailable,unavailable,unavailable,unavailable,unavailable
librime-1.17.0,track-a-comparison,luna_pinyin,key_sequence_process_with_context,ceshiyixiachangjushuruxingnengzenyang,75,37,6720.584,181.637,15138816,15138816,unavailable,15138816,unavailable,unavailable,unavailable,unavailable,unavailable,unavailable
librime-1.17.0,track-a-comparison,luna_pinyin,key_sequence_process_with_context,ceshiyixiachangjushuruxingnengzenyang,76,37,6643.375,179.551,15138816,15138816,unavailable,15138816,unavailable,unavailable,unavailable,unavailable,unavailable,unavailable
librime-1.17.0,track-a-comparison,luna_pinyin,key_sequence_process_with_context,ceshiyixiachangjushuruxingnengzenyang,77,37,7446.708,201.262,15138816,15155200,unavailable,15155200,unavailable,unavailable,unavailable,unavailable,unavailable,unavailable
librime-1.17.0,track-a-comparison,luna_pinyin,key_sequence_process_with_context,ceshiyixiachangjushuruxingnengzenyang,78,37,6707.916,181.295,15155200,15155200,unavailable,15155200,unavailable,unavailable,unavailable,unavailable,unavailable,unavailable
librime-1.17.0,track-a-comparison,luna_pinyin,key_sequence_process_with_context,ceshiyixiachangjushuruxingnengzenyang,79,37,7723.375,208.740,15171584,15171584,unavailable,15171584,unavailable,unavailable,unavailable,unavailable,unavailable,unavailable
librime-1.17.0,track-a-comparison,luna_pinyin,key_sequence_process_with_context,zhegeyinqingqishiyinggaizhichichaochangjuzishurucainengyong,0,59,24119.667,408.808,16007168,16007168,unavailable,16007168,unavailable,unavailable,unavailable,unavailable,unavailable,unavailable
librime-1.17.0,track-a-comparison,luna_pinyin,key_sequence_process_with_context,zhegeyinqingqishiyinggaizhichichaochangjuzishurucainengyong,1,59,24073.708,408.029,16007168,16007168,unavailable,16007168,unavailable,unavailable,unavailable,unavailable,unavailable,unavailable
librime-1.17.0,track-a-comparison,luna_pinyin,key_sequence_process_with_context,zhegeyinqingqishiyinggaizhichichaochangjuzishurucainengyong,2,59,23882.000,404.780,16007168,16007168,unavailable,16007168,unavailable,unavailable,unavailable,unavailable,unavailable,unavailable
librime-1.17.0,track-a-comparison,luna_pinyin,key_sequence_process_with_context,zhegeyinqingqishiyinggaizhichichaochangjuzishurucainengyong,3,59,24085.084,408.222,16007168,16007168,unavailable,16007168,unavailable,unavailable,unavailable,unavailable,unavailable,unavailable
librime-1.17.0,track-a-comparison,luna_pinyin,key_sequence_process_with_context,zhegeyinqingqishiyinggaizhichichaochangjuzishurucainengyong,4,59,24043.458,407.516,16007168,16007168,unavailable,16007168,unavailable,unavailable,unavailable,unavailable,unavailable,unavailable
librime-1.17.0,track-a-comparison,luna_pinyin,key_sequence_process_with_context,zhegeyinqingqishiyinggaizhichichaochangjuzishurucainengyong,5,59,23639.625,400.672,16007168,16007168,unavailable,16007168,unavailable,unavailable,unavailable,unavailable,unavailable,unavailable
librime-1.17.0,track-a-comparison,luna_pinyin,key_sequence_process_with_context,zhegeyinqingqishiyinggaizhichichaochangjuzishurucainengyong,6,59,23987.584,406.569,16007168,16007168,unavailable,16007168,unavailable,unavailable,unavailable,unavailable,unavailable,unavailable
librime-1.17.0,track-a-comparison,luna_pinyin,key_sequence_process_with_context,zhegeyinqingqishiyinggaizhichichaochangjuzishurucainengyong,7,59,23604.166,400.071,16007168,16007168,unavailable,16007168,unavailable,unavailable,unavailable,unavailable,unavailable,unavailable
librime-1.17.0,track-a-comparison,luna_pinyin,key_sequence_process_with_context,zhegeyinqingqishiyinggaizhichichaochangjuzishurucainengyong,8,59,23597.666,399.960,16007168,16007168,unavailable,16007168,unavailable,unavailable,unavailable,unavailable,unavailable,unavailable
librime-1.17.0,track-a-comparison,luna_pinyin,key_sequence_process_with_context,zhegeyinqingqishiyinggaizhichichaochangjuzishurucainengyong,9,59,23487.458,398.093,16007168,16007168,unavailable,16007168,unavailable,unavailable,unavailable,unavailable,unavailable,unavailable
librime-1.17.0,track-a-comparison,luna_pinyin,key_sequence_process_with_context,zhegeyinqingqishiyinggaizhichichaochangjuzishurucainengyong,10,59,25301.375,428.837,16007168,16007168,unavailable,16007168,unavailable,unavailable,unavailable,unavailable,unavailable,unavailable
librime-1.17.0,track-a-comparison,luna_pinyin,key_sequence_process_with_context,zhegeyinqingqishiyinggaizhichichaochangjuzishurucainengyong,11,59,24264.166,411.257,16007168,16007168,unavailable,16007168,unavailable,unavailable,unavailable,unavailable,unavailable,unavailable
librime-1.17.0,track-a-comparison,luna_pinyin,key_sequence_process_with_context,zhegeyinqingqishiyinggaizhichichaochangjuzishurucainengyong,12,59,25211.959,427.321,16007168,16007168,unavailable,16007168,unavailable,unavailable,unavailable,unavailable,unavailable,unavailable
librime-1.17.0,track-a-comparison,luna_pinyin,key_sequence_process_with_context,zhegeyinqingqishiyinggaizhichichaochangjuzishurucainengyong,13,59,25106.542,425.535,16007168,16023552,unavailable,16023552,unavailable,unavailable,unavailable,unavailable,unavailable,unavailable
librime-1.17.0,track-a-comparison,luna_pinyin,key_sequence_process_with_context,zhegeyinqingqishiyinggaizhichichaochangjuzishurucainengyong,14,59,24962.458,423.093,16023552,16023552,unavailable,16023552,unavailable,unavailable,unavailable,unavailable,unavailable,unavailable
librime-1.17.0,track-a-comparison,luna_pinyin,key_sequence_process_with_context,zhegeyinqingqishiyinggaizhichichaochangjuzishurucainengyong,15,59,25220.083,427.459,16023552,16023552,unavailable,16023552,unavailable,unavailable,unavailable,unavailable,unavailable,unavailable
librime-1.17.0,track-a-comparison,luna_pinyin,key_sequence_process_with_context,zhegeyinqingqishiyinggaizhichichaochangjuzishurucainengyong,16,59,23896.208,405.020,16023552,16023552,unavailable,16023552,unavailable,unavailable,unavailable,unavailable,unavailable,unavailable
librime-1.17.0,track-a-comparison,luna_pinyin,key_sequence_process_with_context,zhegeyinqingqishiyinggaizhichichaochangjuzishurucainengyong,17,59,23853.958,404.304,16023552,16023552,unavailable,16023552,unavailable,unavailable,unavailable,unavailable,unavailable,unavailable
librime-1.17.0,track-a-comparison,luna_pinyin,key_sequence_process_with_context,zhegeyinqingqishiyinggaizhichichaochangjuzishurucainengyong,18,59,24005.708,406.876,16023552,16023552,unavailable,16023552,unavailable,unavailable,unavailable,unavailable,unavailable,unavailable
librime-1.17.0,track-a-comparison,luna_pinyin,key_sequence_process_with_context,zhegeyinqingqishiyinggaizhichichaochangjuzishurucainengyong,19,59,23594.458,399.906,16023552,16023552,unavailable,16023552,unavailable,unavailable,unavailable,unavailable,unavailable,unavailable
librime-1.17.0,track-a-comparison,luna_pinyin,key_sequence_process_with_context,zhegeyinqingqishiyinggaizhichichaochangjuzishurucainengyong,20,59,23437.958,397.254,16023552,16023552,unavailable,16023552,unavailable,unavailable,unavailable,unavailable,unavailable,unavailable
librime-1.17.0,track-a-comparison,luna_pinyin,key_sequence_process_with_context,zhegeyinqingqishiyinggaizhichichaochangjuzishurucainengyong,21,59,24008.500,406.924,16023552,16023552,unavailable,16023552,unavailable,unavailable,unavailable,unavailable,unavailable,unavailable
librime-1.17.0,track-a-comparison,luna_pinyin,key_sequence_process_with_context,zhegeyinqingqishiyinggaizhichichaochangjuzishurucainengyong,22,59,24070.959,407.982,16023552,16023552,unavailable,16023552,unavailable,unavailable,unavailable,unavailable,unavailable,unavailable
librime-1.17.0,track-a-comparison,luna_pinyin,key_sequence_process_with_context,zhegeyinqingqishiyinggaizhichichaochangjuzishurucainengyong,23,59,23597.542,399.958,16023552,16023552,unavailable,16023552,unavailable,unavailable,unavailable,unavailable,unavailable,unavailable
librime-1.17.0,track-a-comparison,luna_pinyin,key_sequence_process_with_context,zhegeyinqingqishiyinggaizhichichaochangjuzishurucainengyong,24,59,24354.833,412.794,16023552,16023552,unavailable,16023552,unavailable,unavailable,unavailable,unavailable,unavailable,unavailable
librime-1.17.0,track-a-comparison,luna_pinyin,key_sequence_process_with_context,zhegeyinqingqishiyinggaizhichichaochangjuzishurucainengyong,25,59,25390.209,430.343,16023552,16023552,unavailable,16023552,unavailable,unavailable,unavailable,unavailable,unavailable,unavailable
librime-1.17.0,track-a-comparison,luna_pinyin,key_sequence_process_with_context,zhegeyinqingqishiyinggaizhichichaochangjuzishurucainengyong,26,59,24432.625,414.112,16023552,16023552,unavailable,16023552,unavailable,unavailable,unavailable,unavailable,unavailable,unavailable
librime-1.17.0,track-a-comparison,luna_pinyin,key_sequence_process_with_context,zhegeyinqingqishiyinggaizhichichaochangjuzishurucainengyong,27,59,25262.125,428.172,16023552,16023552,unavailable,16023552,unavailable,unavailable,unavailable,unavailable,unavailable,unavailable
librime-1.17.0,track-a-comparison,luna_pinyin,key_sequence_process_with_context,zhegeyinqingqishiyinggaizhichichaochangjuzishurucainengyong,28,59,25296.250,428.750,16023552,16023552,unavailable,16023552,unavailable,unavailable,unavailable,unavailable,unavailable,unavailable
librime-1.17.0,track-a-comparison,luna_pinyin,key_sequence_process_with_context,zhegeyinqingqishiyinggaizhichichaochangjuzishurucainengyong,29,59,24831.542,420.874,16023552,16023552,unavailable,16023552,unavailable,unavailable,unavailable,unavailable,unavailable,unavailable
librime-1.17.0,track-a-comparison,luna_pinyin,key_sequence_process_with_context,zhegeyinqingqishiyinggaizhichichaochangjuzishurucainengyong,30,59,24155.542,409.416,16023552,16023552,unavailable,16023552,unavailable,unavailable,unavailable,unavailable,unavailable,unavailable
librime-1.17.0,track-a-comparison,luna_pinyin,key_sequence_process_with_context,zhegeyinqingqishiyinggaizhichichaochangjuzishurucainengyong,31,59,23408.084,396.747,16023552,16023552,unavailable,16023552,unavailable,unavailable,unavailable,unavailable,unavailable,unavailable
librime-1.17.0,track-a-comparison,luna_pinyin,key_sequence_process_with_context,zhegeyinqingqishiyinggaizhichichaochangjuzishurucainengyong,32,59,25307.792,428.946,16023552,16023552,unavailable,16023552,unavailable,unavailable,unavailable,unavailable,unavailable,unavailable
librime-1.17.0,track-a-comparison,luna_pinyin,key_sequence_process_with_context,zhegeyinqingqishiyinggaizhichichaochangjuzishurucainengyong,33,59,25123.083,425.815,16023552,16023552,unavailable,16023552,unavailable,unavailable,unavailable,unavailable,unavailable,unavailable
librime-1.17.0,track-a-comparison,luna_pinyin,key_sequence_process_with_context,zhegeyinqingqishiyinggaizhichichaochangjuzishurucainengyong,34,59,25115.416,425.685,16023552,16023552,unavailable,16023552,unavailable,unavailable,unavailable,unavailable,unavailable,unavailable
librime-1.17.0,track-a-comparison,luna_pinyin,key_sequence_process_with_context,zhegeyinqingqishiyinggaizhichichaochangjuzishurucainengyong,35,59,25049.583,424.569,16039936,16039936,unavailable,16039936,unavailable,unavailable,unavailable,unavailable,unavailable,unavailable
librime-1.17.0,track-a-comparison,luna_pinyin,key_sequence_process_with_context,zhegeyinqingqishiyinggaizhichichaochangjuzishurucainengyong,36,59,23997.292,406.734,16039936,16039936,unavailable,16039936,unavailable,unavailable,unavailable,unavailable,unavailable,unavailable
librime-1.17.0,track-a-comparison,luna_pinyin,key_sequence_process_with_context,zhegeyinqingqishiyinggaizhichichaochangjuzishurucainengyong,37,59,24023.583,407.179,16039936,16039936,unavailable,16039936,unavailable,unavailable,unavailable,unavailable,unavailable,unavailable
librime-1.17.0,track-a-comparison,luna_pinyin,key_sequence_process_with_context,zhegeyinqingqishiyinggaizhichichaochangjuzishurucainengyong,38,59,23635.875,400.608,16039936,16039936,unavailable,16039936,unavailable,unavailable,unavailable,unavailable,unavailable,unavailable
librime-1.17.0,track-a-comparison,luna_pinyin,key_sequence_process_with_context,zhegeyinqingqishiyinggaizhichichaochangjuzishurucainengyong,39,59,23386.791,396.386,16039936,16039936,unavailable,16039936,unavailable,unavailable,unavailable,unavailable,unavailable,unavailable
librime-1.17.0,track-a-comparison,luna_pinyin,key_sequence_process_with_context,zhegeyinqingqishiyinggaizhichichaochangjuzishurucainengyong,40,59,23591.291,399.852,16039936,16039936,unavailable,16039936,unavailable,unavailable,unavailable,unavailable,unavailable,unavailable
librime-1.17.0,track-a-comparison,luna_pinyin,key_sequence_process_with_context,zhegeyinqingqishiyinggaizhichichaochangjuzishurucainengyong,41,59,23287.583,394.705,16039936,16039936,unavailable,16039936,unavailable,unavailable,unavailable,unavailable,unavailable,unavailable
librime-1.17.0,track-a-comparison,luna_pinyin,key_sequence_process_with_context,zhegeyinqingqishiyinggaizhichichaochangjuzishurucainengyong,42,59,23856.167,404.342,16039936,16039936,unavailable,16039936,unavailable,unavailable,unavailable,unavailable,unavailable,unavailable
librime-1.17.0,track-a-comparison,luna_pinyin,key_sequence_process_with_context,zhegeyinqingqishiyinggaizhichichaochangjuzishurucainengyong,43,59,23420.625,396.960,16039936,16039936,unavailable,16039936,unavailable,unavailable,unavailable,unavailable,unavailable,unavailable
librime-1.17.0,track-a-comparison,luna_pinyin,key_sequence_process_with_context,zhegeyinqingqishiyinggaizhichichaochangjuzishurucainengyong,44,59,24458.750,414.555,16039936,16138240,unavailable,16138240,unavailable,unavailable,unavailable,unavailable,unavailable,unavailable
librime-1.17.0,track-a-comparison,luna_pinyin,key_sequence_process_with_context,zhegeyinqingqishiyinggaizhichichaochangjuzishurucainengyong,45,59,23466.667,397.740,16138240,16138240,unavailable,16138240,unavailable,unavailable,unavailable,unavailable,unavailable,unavailable
librime-1.17.0,track-a-comparison,luna_pinyin,key_sequence_process_with_context,zhegeyinqingqishiyinggaizhichichaochangjuzishurucainengyong,46,59,23259.250,394.225,16138240,16138240,unavailable,16138240,unavailable,unavailable,unavailable,unavailable,unavailable,unavailable
librime-1.17.0,track-a-comparison,luna_pinyin,key_sequence_process_with_context,zhegeyinqingqishiyinggaizhichichaochangjuzishurucainengyong,47,59,23417.334,396.904,16138240,16138240,unavailable,16138240,unavailable,unavailable,unavailable,unavailable,unavailable,unavailable
librime-1.17.0,track-a-comparison,luna_pinyin,key_sequence_process_with_context,zhegeyinqingqishiyinggaizhichichaochangjuzishurucainengyong,48,59,23802.917,403.439,16138240,16138240,unavailable,16138240,unavailable,unavailable,unavailable,unavailable,unavailable,unavailable
librime-1.17.0,track-a-comparison,luna_pinyin,key_sequence_process_with_context,zhegeyinqingqishiyinggaizhichichaochangjuzishurucainengyong,49,59,23646.083,400.781,16138240,16138240,unavailable,16138240,unavailable,unavailable,unavailable,unavailable,unavailable,unavailable
librime-1.17.0,track-a-comparison,luna_pinyin,key_sequence_process_with_context,zhegeyinqingqishiyinggaizhichichaochangjuzishurucainengyong,50,59,23199.417,393.210,16138240,16138240,unavailable,16138240,unavailable,unavailable,unavailable,unavailable,unavailable,unavailable
librime-1.17.0,track-a-comparison,luna_pinyin,key_sequence_process_with_context,zhegeyinqingqishiyinggaizhichichaochangjuzishurucainengyong,51,59,24665.166,418.054,16138240,16138240,unavailable,16138240,unavailable,unavailable,unavailable,unavailable,unavailable,unavailable
librime-1.17.0,track-a-comparison,luna_pinyin,key_sequence_process_with_context,zhegeyinqingqishiyinggaizhichichaochangjuzishurucainengyong,52,59,23439.084,397.273,16138240,16138240,unavailable,16138240,unavailable,unavailable,unavailable,unavailable,unavailable,unavailable
librime-1.17.0,track-a-comparison,luna_pinyin,key_sequence_process_with_context,zhegeyinqingqishiyinggaizhichichaochangjuzishurucainengyong,53,59,23734.750,402.284,16138240,16138240,unavailable,16138240,unavailable,unavailable,unavailable,unavailable,unavailable,unavailable
librime-1.17.0,track-a-comparison,luna_pinyin,key_sequence_process_with_context,zhegeyinqingqishiyinggaizhichichaochangjuzishurucainengyong,54,59,24082.417,408.177,16138240,16138240,unavailable,16138240,unavailable,unavailable,unavailable,unavailable,unavailable,unavailable
librime-1.17.0,track-a-comparison,luna_pinyin,key_sequence_process_with_context,zhegeyinqingqishiyinggaizhichichaochangjuzishurucainengyong,55,59,23401.833,396.641,16138240,16138240,unavailable,16138240,unavailable,unavailable,unavailable,unavailable,unavailable,unavailable
librime-1.17.0,track-a-comparison,luna_pinyin,key_sequence_process_with_context,zhegeyinqingqishiyinggaizhichichaochangjuzishurucainengyong,56,59,23671.542,401.213,16138240,16138240,unavailable,16138240,unavailable,unavailable,unavailable,unavailable,unavailable,unavailable
librime-1.17.0,track-a-comparison,luna_pinyin,key_sequence_process_with_context,zhegeyinqingqishiyinggaizhichichaochangjuzishurucainengyong,57,59,23920.333,405.429,16138240,16138240,unavailable,16138240,unavailable,unavailable,unavailable,unavailable,unavailable,unavailable
librime-1.17.0,track-a-comparison,luna_pinyin,key_sequence_process_with_context,zhegeyinqingqishiyinggaizhichichaochangjuzishurucainengyong,58,59,23710.708,401.876,16138240,16138240,unavailable,16138240,unavailable,unavailable,unavailable,unavailable,unavailable,unavailable
librime-1.17.0,track-a-comparison,luna_pinyin,key_sequence_process_with_context,zhegeyinqingqishiyinggaizhichichaochangjuzishurucainengyong,59,59,23537.584,398.942,16138240,16138240,unavailable,16138240,unavailable,unavailable,unavailable,unavailable,unavailable,unavailable
librime-1.17.0,track-a-comparison,luna_pinyin,key_sequence_process_with_context,zhegeyinqingqishiyinggaizhichichaochangjuzishurucainengyong,60,59,25722.292,435.971,16138240,16138240,unavailable,16138240,unavailable,unavailable,unavailable,unavailable,unavailable,unavailable
librime-1.17.0,track-a-comparison,luna_pinyin,key_sequence_process_with_context,zhegeyinqingqishiyinggaizhichichaochangjuzishurucainengyong,61,59,24715.625,418.909,16138240,16138240,unavailable,16138240,unavailable,unavailable,unavailable,unavailable,unavailable,unavailable
librime-1.17.0,track-a-comparison,luna_pinyin,key_sequence_process_with_context,zhegeyinqingqishiyinggaizhichichaochangjuzishurucainengyong,62,59,24792.125,420.206,16138240,16138240,unavailable,16138240,unavailable,unavailable,unavailable,unavailable,unavailable,unavailable
librime-1.17.0,track-a-comparison,luna_pinyin,key_sequence_process_with_context,zhegeyinqingqishiyinggaizhichichaochangjuzishurucainengyong,63,59,24071.583,407.993,16138240,16138240,unavailable,16138240,unavailable,unavailable,unavailable,unavailable,unavailable,unavailable
librime-1.17.0,track-a-comparison,luna_pinyin,key_sequence_process_with_context,zhegeyinqingqishiyinggaizhichichaochangjuzishurucainengyong,64,59,24150.083,409.323,16138240,16138240,unavailable,16138240,unavailable,unavailable,unavailable,unavailable,unavailable,unavailable
librime-1.17.0,track-a-comparison,luna_pinyin,key_sequence_process_with_context,zhegeyinqingqishiyinggaizhichichaochangjuzishurucainengyong,65,59,23834.250,403.970,16138240,16138240,unavailable,16138240,unavailable,unavailable,unavailable,unavailable,unavailable,unavailable
librime-1.17.0,track-a-comparison,luna_pinyin,key_sequence_process_with_context,zhegeyinqingqishiyinggaizhichichaochangjuzishurucainengyong,66,59,23360.709,395.944,16138240,16138240,unavailable,16138240,unavailable,unavailable,unavailable,unavailable,unavailable,unavailable
librime-1.17.0,track-a-comparison,luna_pinyin,key_sequence_process_with_context,zhegeyinqingqishiyinggaizhichichaochangjuzishurucainengyong,67,59,23852.666,404.282,16138240,16138240,unavailable,16138240,unavailable,unavailable,unavailable,unavailable,unavailable,unavailable
librime-1.17.0,track-a-comparison,luna_pinyin,key_sequence_process_with_context,zhegeyinqingqishiyinggaizhichichaochangjuzishurucainengyong,68,59,23468.041,397.763,16138240,16138240,unavailable,16138240,unavailable,unavailable,unavailable,unavailable,unavailable,unavailable
librime-1.17.0,track-a-comparison,luna_pinyin,key_sequence_process_with_context,zhegeyinqingqishiyinggaizhichichaochangjuzishurucainengyong,69,59,23644.625,400.756,16138240,16138240,unavailable,16138240,unavailable,unavailable,unavailable,unavailable,unavailable,unavailable
librime-1.17.0,track-a-comparison,luna_pinyin,key_sequence_process_with_context,zhegeyinqingqishiyinggaizhichichaochangjuzishurucainengyong,70,59,23903.750,405.148,16138240,16138240,unavailable,16138240,unavailable,unavailable,unavailable,unavailable,unavailable,unavailable
librime-1.17.0,track-a-comparison,luna_pinyin,key_sequence_process_with_context,zhegeyinqingqishiyinggaizhichichaochangjuzishurucainengyong,71,59,24344.917,412.626,16138240,16138240,unavailable,16138240,unavailable,unavailable,unavailable,unavailable,unavailable,unavailable
librime-1.17.0,track-a-comparison,luna_pinyin,key_sequence_process_with_context,zhegeyinqingqishiyinggaizhichichaochangjuzishurucainengyong,72,59,24299.042,411.848,16138240,16138240,unavailable,16138240,unavailable,unavailable,unavailable,unavailable,unavailable,unavailable
librime-1.17.0,track-a-comparison,luna_pinyin,key_sequence_process_with_context,zhegeyinqingqishiyinggaizhichichaochangjuzishurucainengyong,73,59,23636.458,400.618,16138240,16138240,unavailable,16138240,unavailable,unavailable,unavailable,unavailable,unavailable,unavailable
librime-1.17.0,track-a-comparison,luna_pinyin,key_sequence_process_with_context,zhegeyinqingqishiyinggaizhichichaochangjuzishurucainengyong,74,59,23896.292,405.022,16138240,16138240,unavailable,16138240,unavailable,unavailable,unavailable,unavailable,unavailable,unavailable
librime-1.17.0,track-a-comparison,luna_pinyin,key_sequence_process_with_context,zhegeyinqingqishiyinggaizhichichaochangjuzishurucainengyong,75,59,23545.125,399.070,16138240,16138240,unavailable,16138240,unavailable,unavailable,unavailable,unavailable,unavailable,unavailable
librime-1.17.0,track-a-comparison,luna_pinyin,key_sequence_process_with_context,zhegeyinqingqishiyinggaizhichichaochangjuzishurucainengyong,76,59,23583.584,399.722,16138240,16138240,unavailable,16138240,unavailable,unavailable,unavailable,unavailable,unavailable,unavailable
librime-1.17.0,track-a-comparison,luna_pinyin,key_sequence_process_with_context,zhegeyinqingqishiyinggaizhichichaochangjuzishurucainengyong,77,59,25977.750,440.301,16138240,16138240,unavailable,16138240,unavailable,unavailable,unavailable,unavailable,unavailable,unavailable
librime-1.17.0,track-a-comparison,luna_pinyin,key_sequence_process_with_context,zhegeyinqingqishiyinggaizhichichaochangjuzishurucainengyong,78,59,25208.250,427.258,16138240,16138240,unavailable,16138240,unavailable,unavailable,unavailable,unavailable,unavailable,unavailable
librime-1.17.0,track-a-comparison,luna_pinyin,key_sequence_process_with_context,zhegeyinqingqishiyinggaizhichichaochangjuzishurucainengyong,79,59,25253.416,428.024,16138240,16138240,unavailable,16138240,unavailable,unavailable,unavailable,unavailable,unavailable,unavailable
librime-1.17.0,track-a-comparison,luna_pinyin,key_sequence_process_with_context,cszysmsrsd,0,10,8789.250,878.925,15007744,15007744,unavailable,16138240,unavailable,unavailable,unavailable,unavailable,unavailable,unavailable
librime-1.17.0,track-a-comparison,luna_pinyin,key_sequence_process_with_context,cszysmsrsd,1,10,8830.708,883.071,15007744,15007744,unavailable,16138240,unavailable,unavailable,unavailable,unavailable,unavailable,unavailable
librime-1.17.0,track-a-comparison,luna_pinyin,key_sequence_process_with_context,cszysmsrsd,2,10,8536.959,853.696,15007744,15007744,unavailable,16138240,unavailable,unavailable,unavailable,unavailable,unavailable,unavailable
librime-1.17.0,track-a-comparison,luna_pinyin,key_sequence_process_with_context,cszysmsrsd,3,10,8748.375,874.837,15007744,15007744,unavailable,16138240,unavailable,unavailable,unavailable,unavailable,unavailable,unavailable
librime-1.17.0,track-a-comparison,luna_pinyin,key_sequence_process_with_context,cszysmsrsd,4,10,8696.083,869.608,15007744,15007744,unavailable,16138240,unavailable,unavailable,unavailable,unavailable,unavailable,unavailable
librime-1.17.0,track-a-comparison,luna_pinyin,key_sequence_process_with_context,cszysmsrsd,5,10,8486.750,848.675,15007744,15007744,unavailable,16138240,unavailable,unavailable,unavailable,unavailable,unavailable,unavailable
librime-1.17.0,track-a-comparison,luna_pinyin,key_sequence_process_with_context,cszysmsrsd,6,10,8311.166,831.117,15007744,15007744,unavailable,16138240,unavailable,unavailable,unavailable,unavailable,unavailable,unavailable
librime-1.17.0,track-a-comparison,luna_pinyin,key_sequence_process_with_context,cszysmsrsd,7,10,8233.916,823.392,15007744,15007744,unavailable,16138240,unavailable,unavailable,unavailable,unavailable,unavailable,unavailable
librime-1.17.0,track-a-comparison,luna_pinyin,key_sequence_process_with_context,cszysmsrsd,8,10,8410.500,841.050,15007744,15007744,unavailable,16138240,unavailable,unavailable,unavailable,unavailable,unavailable,unavailable
librime-1.17.0,track-a-comparison,luna_pinyin,key_sequence_process_with_context,cszysmsrsd,9,10,8604.417,860.442,15007744,15007744,unavailable,16138240,unavailable,unavailable,unavailable,unavailable,unavailable,unavailable
librime-1.17.0,track-a-comparison,luna_pinyin,key_sequence_process_with_context,cszysmsrsd,10,10,8494.667,849.467,15007744,15007744,unavailable,16138240,unavailable,unavailable,unavailable,unavailable,unavailable,unavailable
librime-1.17.0,track-a-comparison,luna_pinyin,key_sequence_process_with_context,cszysmsrsd,11,10,8476.875,847.688,15007744,15007744,unavailable,16138240,unavailable,unavailable,unavailable,unavailable,unavailable,unavailable
librime-1.17.0,track-a-comparison,luna_pinyin,key_sequence_process_with_context,cszysmsrsd,12,10,8628.208,862.821,15007744,15007744,unavailable,16138240,unavailable,unavailable,unavailable,unavailable,unavailable,unavailable
librime-1.17.0,track-a-comparison,luna_pinyin,key_sequence_process_with_context,cszysmsrsd,13,10,8779.625,877.962,15007744,15007744,unavailable,16138240,unavailable,unavailable,unavailable,unavailable,unavailable,unavailable
librime-1.17.0,track-a-comparison,luna_pinyin,key_sequence_process_with_context,cszysmsrsd,14,10,8689.000,868.900,15007744,15007744,unavailable,16138240,unavailable,unavailable,unavailable,unavailable,unavailable,unavailable
librime-1.17.0,track-a-comparison,luna_pinyin,key_sequence_process_with_context,cszysmsrsd,15,10,8813.542,881.354,15007744,15007744,unavailable,16138240,unavailable,unavailable,unavailable,unavailable,unavailable,unavailable
librime-1.17.0,track-a-comparison,luna_pinyin,key_sequence_process_with_context,cszysmsrsd,16,10,8711.583,871.158,15007744,15007744,unavailable,16138240,unavailable,unavailable,unavailable,unavailable,unavailable,unavailable
librime-1.17.0,track-a-comparison,luna_pinyin,key_sequence_process_with_context,cszysmsrsd,17,10,8803.417,880.342,15007744,15007744,unavailable,16138240,unavailable,unavailable,unavailable,unavailable,unavailable,unavailable
librime-1.17.0,track-a-comparison,luna_pinyin,key_sequence_process_with_context,cszysmsrsd,18,10,8771.083,877.108,15007744,15007744,unavailable,16138240,unavailable,unavailable,unavailable,unavailable,unavailable,unavailable
librime-1.17.0,track-a-comparison,luna_pinyin,key_sequence_process_with_context,cszysmsrsd,19,10,8644.458,864.446,15007744,15007744,unavailable,16138240,unavailable,unavailable,unavailable,unavailable,unavailable,unavailable
librime-1.17.0,track-a-comparison,luna_pinyin,key_sequence_process_with_context,cszysmsrsd,20,10,8637.042,863.704,15007744,15007744,unavailable,16138240,unavailable,unavailable,unavailable,unavailable,unavailable,unavailable
librime-1.17.0,track-a-comparison,luna_pinyin,key_sequence_process_with_context,cszysmsrsd,21,10,8433.667,843.367,15007744,15007744,unavailable,16138240,unavailable,unavailable,unavailable,unavailable,unavailable,unavailable
librime-1.17.0,track-a-comparison,luna_pinyin,key_sequence_process_with_context,cszysmsrsd,22,10,8345.791,834.579,15007744,15007744,unavailable,16138240,unavailable,unavailable,unavailable,unavailable,unavailable,unavailable
librime-1.17.0,track-a-comparison,luna_pinyin,key_sequence_process_with_context,cszysmsrsd,23,10,8345.458,834.546,15007744,15007744,unavailable,16138240,unavailable,unavailable,unavailable,unavailable,unavailable,unavailable
librime-1.17.0,track-a-comparison,luna_pinyin,key_sequence_process_with_context,cszysmsrsd,24,10,8491.250,849.125,15007744,15007744,unavailable,16138240,unavailable,unavailable,unavailable,unavailable,unavailable,unavailable
librime-1.17.0,track-a-comparison,luna_pinyin,key_sequence_process_with_context,cszysmsrsd,25,10,8391.250,839.125,15007744,15007744,unavailable,16138240,unavailable,unavailable,unavailable,unavailable,unavailable,unavailable
librime-1.17.0,track-a-comparison,luna_pinyin,key_sequence_process_with_context,cszysmsrsd,26,10,8296.125,829.612,15007744,15007744,unavailable,16138240,unavailable,unavailable,unavailable,unavailable,unavailable,unavailable
librime-1.17.0,track-a-comparison,luna_pinyin,key_sequence_process_with_context,cszysmsrsd,27,10,8427.625,842.763,15007744,15007744,unavailable,16138240,unavailable,unavailable,unavailable,unavailable,unavailable,unavailable
librime-1.17.0,track-a-comparison,luna_pinyin,key_sequence_process_with_context,cszysmsrsd,28,10,8190.208,819.021,15007744,15007744,unavailable,16138240,unavailable,unavailable,unavailable,unavailable,unavailable,unavailable
librime-1.17.0,track-a-comparison,luna_pinyin,key_sequence_process_with_context,cszysmsrsd,29,10,8270.875,827.087,15007744,15007744,unavailable,16138240,unavailable,unavailable,unavailable,unavailable,unavailable,unavailable
librime-1.17.0,track-a-comparison,luna_pinyin,key_sequence_process_with_context,cszysmsrsd,30,10,8342.250,834.225,15007744,15007744,unavailable,16138240,unavailable,unavailable,unavailable,unavailable,unavailable,unavailable
librime-1.17.0,track-a-comparison,luna_pinyin,key_sequence_process_with_context,cszysmsrsd,31,10,8274.042,827.404,15007744,15007744,unavailable,16138240,unavailable,unavailable,unavailable,unavailable,unavailable,unavailable
librime-1.17.0,track-a-comparison,luna_pinyin,key_sequence_process_with_context,cszysmsrsd,32,10,8175.208,817.521,15007744,15007744,unavailable,16138240,unavailable,unavailable,unavailable,unavailable,unavailable,unavailable
librime-1.17.0,track-a-comparison,luna_pinyin,key_sequence_process_with_context,cszysmsrsd,33,10,8365.500,836.550,15007744,15007744,unavailable,16138240,unavailable,unavailable,unavailable,unavailable,unavailable,unavailable
librime-1.17.0,track-a-comparison,luna_pinyin,key_sequence_process_with_context,cszysmsrsd,34,10,8310.042,831.004,15007744,15007744,unavailable,16138240,unavailable,unavailable,unavailable,unavailable,unavailable,unavailable
librime-1.17.0,track-a-comparison,luna_pinyin,key_sequence_process_with_context,cszysmsrsd,35,10,8380.958,838.096,15007744,15007744,unavailable,16138240,unavailable,unavailable,unavailable,unavailable,unavailable,unavailable
librime-1.17.0,track-a-comparison,luna_pinyin,key_sequence_process_with_context,cszysmsrsd,36,10,8725.417,872.542,15007744,15007744,unavailable,16138240,unavailable,unavailable,unavailable,unavailable,unavailable,unavailable
librime-1.17.0,track-a-comparison,luna_pinyin,key_sequence_process_with_context,cszysmsrsd,37,10,8790.041,879.004,15007744,15007744,unavailable,16138240,unavailable,unavailable,unavailable,unavailable,unavailable,unavailable
librime-1.17.0,track-a-comparison,luna_pinyin,key_sequence_process_with_context,cszysmsrsd,38,10,8754.834,875.483,15007744,15007744,unavailable,16138240,unavailable,unavailable,unavailable,unavailable,unavailable,unavailable
librime-1.17.0,track-a-comparison,luna_pinyin,key_sequence_process_with_context,cszysmsrsd,39,10,8673.417,867.342,15007744,15007744,unavailable,16138240,unavailable,unavailable,unavailable,unavailable,unavailable,unavailable
librime-1.17.0,track-a-comparison,luna_pinyin,key_sequence_process_with_context,cszysmsrsd,40,10,8626.125,862.612,15007744,15007744,unavailable,16138240,unavailable,unavailable,unavailable,unavailable,unavailable,unavailable
librime-1.17.0,track-a-comparison,luna_pinyin,key_sequence_process_with_context,cszysmsrsd,41,10,8802.541,880.254,15007744,15007744,unavailable,16138240,unavailable,unavailable,unavailable,unavailable,unavailable,unavailable
librime-1.17.0,track-a-comparison,luna_pinyin,key_sequence_process_with_context,cszysmsrsd,42,10,8842.583,884.258,15007744,15007744,unavailable,16138240,unavailable,unavailable,unavailable,unavailable,unavailable,unavailable
librime-1.17.0,track-a-comparison,luna_pinyin,key_sequence_process_with_context,cszysmsrsd,43,10,8655.083,865.508,15007744,15007744,unavailable,16138240,unavailable,unavailable,unavailable,unavailable,unavailable,unavailable
librime-1.17.0,track-a-comparison,luna_pinyin,key_sequence_process_with_context,cszysmsrsd,44,10,8659.584,865.958,15007744,15007744,unavailable,16138240,unavailable,unavailable,unavailable,unavailable,unavailable,unavailable
librime-1.17.0,track-a-comparison,luna_pinyin,key_sequence_process_with_context,cszysmsrsd,45,10,8668.500,866.850,15007744,15007744,unavailable,16138240,unavailable,unavailable,unavailable,unavailable,unavailable,unavailable
librime-1.17.0,track-a-comparison,luna_pinyin,key_sequence_process_with_context,cszysmsrsd,46,10,8867.917,886.792,15007744,15007744,unavailable,16138240,unavailable,unavailable,unavailable,unavailable,unavailable,unavailable
librime-1.17.0,track-a-comparison,luna_pinyin,key_sequence_process_with_context,cszysmsrsd,47,10,8679.500,867.950,15007744,15007744,unavailable,16138240,unavailable,unavailable,unavailable,unavailable,unavailable,unavailable
librime-1.17.0,track-a-comparison,luna_pinyin,key_sequence_process_with_context,cszysmsrsd,48,10,8433.375,843.337,15007744,15007744,unavailable,16138240,unavailable,unavailable,unavailable,unavailable,unavailable,unavailable
librime-1.17.0,track-a-comparison,luna_pinyin,key_sequence_process_with_context,cszysmsrsd,49,10,8335.042,833.504,15007744,15007744,unavailable,16138240,unavailable,unavailable,unavailable,unavailable,unavailable,unavailable
librime-1.17.0,track-a-comparison,luna_pinyin,key_sequence_process_with_context,cszysmsrsd,50,10,8384.416,838.442,15007744,15007744,unavailable,16138240,unavailable,unavailable,unavailable,unavailable,unavailable,unavailable
librime-1.17.0,track-a-comparison,luna_pinyin,key_sequence_process_with_context,cszysmsrsd,51,10,8946.208,894.621,15007744,15007744,unavailable,16138240,unavailable,unavailable,unavailable,unavailable,unavailable,unavailable
librime-1.17.0,track-a-comparison,luna_pinyin,key_sequence_process_with_context,cszysmsrsd,52,10,8743.208,874.321,15007744,15007744,unavailable,16138240,unavailable,unavailable,unavailable,unavailable,unavailable,unavailable
librime-1.17.0,track-a-comparison,luna_pinyin,key_sequence_process_with_context,cszysmsrsd,53,10,8747.417,874.742,15007744,15007744,unavailable,16138240,unavailable,unavailable,unavailable,unavailable,unavailable,unavailable
librime-1.17.0,track-a-comparison,luna_pinyin,key_sequence_process_with_context,cszysmsrsd,54,10,8841.208,884.121,15007744,15007744,unavailable,16138240,unavailable,unavailable,unavailable,unavailable,unavailable,unavailable
librime-1.17.0,track-a-comparison,luna_pinyin,key_sequence_process_with_context,cszysmsrsd,55,10,8841.500,884.150,15007744,15007744,unavailable,16138240,unavailable,unavailable,unavailable,unavailable,unavailable,unavailable
librime-1.17.0,track-a-comparison,luna_pinyin,key_sequence_process_with_context,cszysmsrsd,56,10,8775.250,877.525,15007744,15007744,unavailable,16138240,unavailable,unavailable,unavailable,unavailable,unavailable,unavailable
librime-1.17.0,track-a-comparison,luna_pinyin,key_sequence_process_with_context,cszysmsrsd,57,10,8773.875,877.388,15007744,15007744,unavailable,16138240,unavailable,unavailable,unavailable,unavailable,unavailable,unavailable
librime-1.17.0,track-a-comparison,luna_pinyin,key_sequence_process_with_context,cszysmsrsd,58,10,8710.584,871.058,15007744,15007744,unavailable,16138240,unavailable,unavailable,unavailable,unavailable,unavailable,unavailable
librime-1.17.0,track-a-comparison,luna_pinyin,key_sequence_process_with_context,cszysmsrsd,59,10,8726.125,872.612,15007744,15007744,unavailable,16138240,unavailable,unavailable,unavailable,unavailable,unavailable,unavailable
librime-1.17.0,track-a-comparison,luna_pinyin,key_sequence_process_with_context,cszysmsrsd,60,10,8726.125,872.612,15007744,15007744,unavailable,16138240,unavailable,unavailable,unavailable,unavailable,unavailable,unavailable
librime-1.17.0,track-a-comparison,luna_pinyin,key_sequence_process_with_context,cszysmsrsd,61,10,8679.083,867.908,15007744,15007744,unavailable,16138240,unavailable,unavailable,unavailable,unavailable,unavailable,unavailable
librime-1.17.0,track-a-comparison,luna_pinyin,key_sequence_process_with_context,cszysmsrsd,62,10,8445.250,844.525,15007744,15007744,unavailable,16138240,unavailable,unavailable,unavailable,unavailable,unavailable,unavailable
librime-1.17.0,track-a-comparison,luna_pinyin,key_sequence_process_with_context,cszysmsrsd,63,10,8450.125,845.013,15007744,15007744,unavailable,16138240,unavailable,unavailable,unavailable,unavailable,unavailable,unavailable
librime-1.17.0,track-a-comparison,luna_pinyin,key_sequence_process_with_context,cszysmsrsd,64,10,8328.417,832.842,15007744,15007744,unavailable,16138240,unavailable,unavailable,unavailable,unavailable,unavailable,unavailable
librime-1.17.0,track-a-comparison,luna_pinyin,key_sequence_process_with_context,cszysmsrsd,65,10,8365.417,836.542,15007744,15007744,unavailable,16138240,unavailable,unavailable,unavailable,unavailable,unavailable,unavailable
librime-1.17.0,track-a-comparison,luna_pinyin,key_sequence_process_with_context,cszysmsrsd,66,10,8287.500,828.750,15007744,15007744,unavailable,16138240,unavailable,unavailable,unavailable,unavailable,unavailable,unavailable
librime-1.17.0,track-a-comparison,luna_pinyin,key_sequence_process_with_context,cszysmsrsd,67,10,8224.667,822.467,15007744,15007744,unavailable,16138240,unavailable,unavailable,unavailable,unavailable,unavailable,unavailable
librime-1.17.0,track-a-comparison,luna_pinyin,key_sequence_process_with_context,cszysmsrsd,68,10,8290.250,829.025,15007744,15007744,unavailable,16138240,unavailable,unavailable,unavailable,unavailable,unavailable,unavailable
librime-1.17.0,track-a-comparison,luna_pinyin,key_sequence_process_with_context,cszysmsrsd,69,10,8368.250,836.825,15007744,15007744,unavailable,16138240,unavailable,unavailable,unavailable,unavailable,unavailable,unavailable
librime-1.17.0,track-a-comparison,luna_pinyin,key_sequence_process_with_context,cszysmsrsd,70,10,8822.083,882.208,15007744,15007744,unavailable,16138240,unavailable,unavailable,unavailable,unavailable,unavailable,unavailable
librime-1.17.0,track-a-comparison,luna_pinyin,key_sequence_process_with_context,cszysmsrsd,71,10,8825.250,882.525,15007744,15007744,unavailable,16138240,unavailable,unavailable,unavailable,unavailable,unavailable,unavailable
librime-1.17.0,track-a-comparison,luna_pinyin,key_sequence_process_with_context,cszysmsrsd,72,10,8843.625,884.362,15007744,15007744,unavailable,16138240,unavailable,unavailable,unavailable,unavailable,unavailable,unavailable
librime-1.17.0,track-a-comparison,luna_pinyin,key_sequence_process_with_context,cszysmsrsd,73,10,8751.125,875.112,15007744,15007744,unavailable,16138240,unavailable,unavailable,unavailable,unavailable,unavailable,unavailable
librime-1.17.0,track-a-comparison,luna_pinyin,key_sequence_process_with_context,cszysmsrsd,74,10,8683.375,868.337,15007744,15007744,unavailable,16138240,unavailable,unavailable,unavailable,unavailable,unavailable,unavailable
librime-1.17.0,track-a-comparison,luna_pinyin,key_sequence_process_with_context,cszysmsrsd,75,10,8485.542,848.554,15007744,15007744,unavailable,16138240,unavailable,unavailable,unavailable,unavailable,unavailable,unavailable
librime-1.17.0,track-a-comparison,luna_pinyin,key_sequence_process_with_context,cszysmsrsd,76,10,8407.875,840.788,15007744,15007744,unavailable,16138240,unavailable,unavailable,unavailable,unavailable,unavailable,unavailable
librime-1.17.0,track-a-comparison,luna_pinyin,key_sequence_process_with_context,cszysmsrsd,77,10,8429.083,842.908,15007744,15007744,unavailable,16138240,unavailable,unavailable,unavailable,unavailable,unavailable,unavailable
librime-1.17.0,track-a-comparison,luna_pinyin,key_sequence_process_with_context,cszysmsrsd,78,10,9139.667,913.967,15007744,15007744,unavailable,16138240,unavailable,unavailable,unavailable,unavailable,unavailable,unavailable
librime-1.17.0,track-a-comparison,luna_pinyin,key_sequence_process_with_context,cszysmsrsd,79,10,8808.375,880.837,15007744,15007744,unavailable,16138240,unavailable,unavailable,unavailable,unavailable,unavailable,unavailable
librime-1.17.0,track-a-comparison,luna_pinyin,key_sequence_process_with_context,zybfshmsru,0,10,6063.708,606.371,15138816,15138816,unavailable,16138240,unavailable,unavailable,unavailable,unavailable,unavailable,unavailable
librime-1.17.0,track-a-comparison,luna_pinyin,key_sequence_process_with_context,zybfshmsru,1,10,5986.000,598.600,15138816,15138816,unavailable,16138240,unavailable,unavailable,unavailable,unavailable,unavailable,unavailable
librime-1.17.0,track-a-comparison,luna_pinyin,key_sequence_process_with_context,zybfshmsru,2,10,5948.834,594.883,15138816,15138816,unavailable,16138240,unavailable,unavailable,unavailable,unavailable,unavailable,unavailable
librime-1.17.0,track-a-comparison,luna_pinyin,key_sequence_process_with_context,zybfshmsru,3,10,5998.667,599.867,15138816,15138816,unavailable,16138240,unavailable,unavailable,unavailable,unavailable,unavailable,unavailable
librime-1.17.0,track-a-comparison,luna_pinyin,key_sequence_process_with_context,zybfshmsru,4,10,6084.459,608.446,15138816,15138816,unavailable,16138240,unavailable,unavailable,unavailable,unavailable,unavailable,unavailable
librime-1.17.0,track-a-comparison,luna_pinyin,key_sequence_process_with_context,zybfshmsru,5,10,6057.333,605.733,15138816,15138816,unavailable,16138240,unavailable,unavailable,unavailable,unavailable,unavailable,unavailable
librime-1.17.0,track-a-comparison,luna_pinyin,key_sequence_process_with_context,zybfshmsru,6,10,6070.958,607.096,15138816,15138816,unavailable,16138240,unavailable,unavailable,unavailable,unavailable,unavailable,unavailable
librime-1.17.0,track-a-comparison,luna_pinyin,key_sequence_process_with_context,zybfshmsru,7,10,6036.541,603.654,15138816,15138816,unavailable,16138240,unavailable,unavailable,unavailable,unavailable,unavailable,unavailable
librime-1.17.0,track-a-comparison,luna_pinyin,key_sequence_process_with_context,zybfshmsru,8,10,9134.209,913.421,15138816,15204352,unavailable,16138240,unavailable,unavailable,unavailable,unavailable,unavailable,unavailable
librime-1.17.0,track-a-comparison,luna_pinyin,key_sequence_process_with_context,zybfshmsru,9,10,6183.583,618.358,15204352,15204352,unavailable,16138240,unavailable,unavailable,unavailable,unavailable,unavailable,unavailable
librime-1.17.0,track-a-comparison,luna_pinyin,key_sequence_process_with_context,zybfshmsru,10,10,6009.834,600.983,15204352,15204352,unavailable,16138240,unavailable,unavailable,unavailable,unavailable,unavailable,unavailable
librime-1.17.0,track-a-comparison,luna_pinyin,key_sequence_process_with_context,zybfshmsru,11,10,6017.042,601.704,15204352,15204352,unavailable,16138240,unavailable,unavailable,unavailable,unavailable,unavailable,unavailable
librime-1.17.0,track-a-comparison,luna_pinyin,key_sequence_process_with_context,zybfshmsru,12,10,6002.208,600.221,15204352,15204352,unavailable,16138240,unavailable,unavailable,unavailable,unavailable,unavailable,unavailable
librime-1.17.0,track-a-comparison,luna_pinyin,key_sequence_process_with_context,zybfshmsru,13,10,5998.625,599.862,15204352,15204352,unavailable,16138240,unavailable,unavailable,unavailable,unavailable,unavailable,unavailable
librime-1.17.0,track-a-comparison,luna_pinyin,key_sequence_process_with_context,zybfshmsru,14,10,5889.041,588.904,15204352,15204352,unavailable,16138240,unavailable,unavailable,unavailable,unavailable,unavailable,unavailable
librime-1.17.0,track-a-comparison,luna_pinyin,key_sequence_process_with_context,zybfshmsru,15,10,5868.042,586.804,15204352,15204352,unavailable,16138240,unavailable,unavailable,unavailable,unavailable,unavailable,unavailable
librime-1.17.0,track-a-comparison,luna_pinyin,key_sequence_process_with_context,zybfshmsru,16,10,5804.417,580.442,15204352,15204352,unavailable,16138240,unavailable,unavailable,unavailable,unavailable,unavailable,unavailable
librime-1.17.0,track-a-comparison,luna_pinyin,key_sequence_process_with_context,zybfshmsru,17,10,5841.792,584.179,15204352,15204352,unavailable,16138240,unavailable,unavailable,unavailable,unavailable,unavailable,unavailable
librime-1.17.0,track-a-comparison,luna_pinyin,key_sequence_process_with_context,zybfshmsru,18,10,5670.333,567.033,15204352,15204352,unavailable,16138240,unavailable,unavailable,unavailable,unavailable,unavailable,unavailable
librime-1.17.0,track-a-comparison,luna_pinyin,key_sequence_process_with_context,zybfshmsru,19,10,6232.500,623.250,15204352,15204352,unavailable,16138240,unavailable,unavailable,unavailable,unavailable,unavailable,unavailable
librime-1.17.0,track-a-comparison,luna_pinyin,key_sequence_process_with_context,zybfshmsru,20,10,6031.750,603.175,15204352,15204352,unavailable,16138240,unavailable,unavailable,unavailable,unavailable,unavailable,unavailable
librime-1.17.0,track-a-comparison,luna_pinyin,key_sequence_process_with_context,zybfshmsru,21,10,5940.541,594.054,15204352,15204352,unavailable,16138240,unavailable,unavailable,unavailable,unavailable,unavailable,unavailable
librime-1.17.0,track-a-comparison,luna_pinyin,key_sequence_process_with_context,zybfshmsru,22,10,5929.250,592.925,15204352,15204352,unavailable,16138240,unavailable,unavailable,unavailable,unavailable,unavailable,unavailable
librime-1.17.0,track-a-comparison,luna_pinyin,key_sequence_process_with_context,zybfshmsru,23,10,5941.584,594.158,15204352,15204352,unavailable,16138240,unavailable,unavailable,unavailable,unavailable,unavailable,unavailable
librime-1.17.0,track-a-comparison,luna_pinyin,key_sequence_process_with_context,zybfshmsru,24,10,5984.583,598.458,15204352,15204352,unavailable,16138240,unavailable,unavailable,unavailable,unavailable,unavailable,unavailable
librime-1.17.0,track-a-comparison,luna_pinyin,key_sequence_process_with_context,zybfshmsru,25,10,6163.333,616.333,15204352,15204352,unavailable,16138240,unavailable,unavailable,unavailable,unavailable,unavailable,unavailable
librime-1.17.0,track-a-comparison,luna_pinyin,key_sequence_process_with_context,zybfshmsru,26,10,6028.500,602.850,15204352,15204352,unavailable,16138240,unavailable,unavailable,unavailable,unavailable,unavailable,unavailable
librime-1.17.0,track-a-comparison,luna_pinyin,key_sequence_process_with_context,zybfshmsru,27,10,6007.458,600.746,15204352,15204352,unavailable,16138240,unavailable,unavailable,unavailable,unavailable,unavailable,unavailable
librime-1.17.0,track-a-comparison,luna_pinyin,key_sequence_process_with_context,zybfshmsru,28,10,6301.875,630.188,15204352,15204352,unavailable,16138240,unavailable,unavailable,unavailable,unavailable,unavailable,unavailable
librime-1.17.0,track-a-comparison,luna_pinyin,key_sequence_process_with_context,zybfshmsru,29,10,6104.333,610.433,15204352,15204352,unavailable,16138240,unavailable,unavailable,unavailable,unavailable,unavailable,unavailable
librime-1.17.0,track-a-comparison,luna_pinyin,key_sequence_process_with_context,zybfshmsru,30,10,5982.000,598.200,15204352,15204352,unavailable,16138240,unavailable,unavailable,unavailable,unavailable,unavailable,unavailable
librime-1.17.0,track-a-comparison,luna_pinyin,key_sequence_process_with_context,zybfshmsru,31,10,5937.042,593.704,15204352,15204352,unavailable,16138240,unavailable,unavailable,unavailable,unavailable,unavailable,unavailable
librime-1.17.0,track-a-comparison,luna_pinyin,key_sequence_process_with_context,zybfshmsru,32,10,5922.916,592.292,15204352,15204352,unavailable,16138240,unavailable,unavailable,unavailable,unavailable,unavailable,unavailable
librime-1.17.0,track-a-comparison,luna_pinyin,key_sequence_process_with_context,zybfshmsru,33,10,6046.667,604.667,15204352,15204352,unavailable,16138240,unavailable,unavailable,unavailable,unavailable,unavailable,unavailable
librime-1.17.0,track-a-comparison,luna_pinyin,key_sequence_process_with_context,zybfshmsru,34,10,6130.000,613.000,15204352,15204352,unavailable,16138240,unavailable,unavailable,unavailable,unavailable,unavailable,unavailable
librime-1.17.0,track-a-comparison,luna_pinyin,key_sequence_process_with_context,zybfshmsru,35,10,5999.500,599.950,15204352,15204352,unavailable,16138240,unavailable,unavailable,unavailable,unavailable,unavailable,unavailable
librime-1.17.0,track-a-comparison,luna_pinyin,key_sequence_process_with_context,zybfshmsru,36,10,6029.375,602.938,15204352,15204352,unavailable,16138240,unavailable,unavailable,unavailable,unavailable,unavailable,unavailable
librime-1.17.0,track-a-comparison,luna_pinyin,key_sequence_process_with_context,zybfshmsru,37,10,5939.917,593.992,15204352,15204352,unavailable,16138240,unavailable,unavailable,unavailable,unavailable,unavailable,unavailable
librime-1.17.0,track-a-comparison,luna_pinyin,key_sequence_process_with_context,zybfshmsru,38,10,5930.875,593.087,15204352,15204352,unavailable,16138240,unavailable,unavailable,unavailable,unavailable,unavailable,unavailable
librime-1.17.0,track-a-comparison,luna_pinyin,key_sequence_process_with_context,zybfshmsru,39,10,5991.625,599.163,15204352,15204352,unavailable,16138240,unavailable,unavailable,unavailable,unavailable,unavailable,unavailable
librime-1.17.0,track-a-comparison,luna_pinyin,key_sequence_process_with_context,zybfshmsru,40,10,6036.709,603.671,15204352,15204352,unavailable,16138240,unavailable,unavailable,unavailable,unavailable,unavailable,unavailable
librime-1.17.0,track-a-comparison,luna_pinyin,key_sequence_process_with_context,zybfshmsru,41,10,5993.500,599.350,15204352,15204352,unavailable,16138240,unavailable,unavailable,unavailable,unavailable,unavailable,unavailable
librime-1.17.0,track-a-comparison,luna_pinyin,key_sequence_process_with_context,zybfshmsru,42,10,5935.333,593.533,15204352,15204352,unavailable,16138240,unavailable,unavailable,unavailable,unavailable,unavailable,unavailable
librime-1.17.0,track-a-comparison,luna_pinyin,key_sequence_process_with_context,zybfshmsru,43,10,5949.167,594.917,15204352,15204352,unavailable,16138240,unavailable,unavailable,unavailable,unavailable,unavailable,unavailable
librime-1.17.0,track-a-comparison,luna_pinyin,key_sequence_process_with_context,zybfshmsru,44,10,5886.625,588.663,15204352,15204352,unavailable,16138240,unavailable,unavailable,unavailable,unavailable,unavailable,unavailable
librime-1.17.0,track-a-comparison,luna_pinyin,key_sequence_process_with_context,zybfshmsru,45,10,5946.792,594.679,15204352,15204352,unavailable,16138240,unavailable,unavailable,unavailable,unavailable,unavailable,unavailable
librime-1.17.0,track-a-comparison,luna_pinyin,key_sequence_process_with_context,zybfshmsru,46,10,5957.084,595.708,15204352,15204352,unavailable,16138240,unavailable,unavailable,unavailable,unavailable,unavailable,unavailable
librime-1.17.0,track-a-comparison,luna_pinyin,key_sequence_process_with_context,zybfshmsru,47,10,6035.250,603.525,15204352,15204352,unavailable,16138240,unavailable,unavailable,unavailable,unavailable,unavailable,unavailable
librime-1.17.0,track-a-comparison,luna_pinyin,key_sequence_process_with_context,zybfshmsru,48,10,5848.333,584.833,15204352,15204352,unavailable,16138240,unavailable,unavailable,unavailable,unavailable,unavailable,unavailable
librime-1.17.0,track-a-comparison,luna_pinyin,key_sequence_process_with_context,zybfshmsru,49,10,5810.083,581.008,15204352,15204352,unavailable,16138240,unavailable,unavailable,unavailable,unavailable,unavailable,unavailable
librime-1.17.0,track-a-comparison,luna_pinyin,key_sequence_process_with_context,zybfshmsru,50,10,5820.792,582.079,15204352,15204352,unavailable,16138240,unavailable,unavailable,unavailable,unavailable,unavailable,unavailable
librime-1.17.0,track-a-comparison,luna_pinyin,key_sequence_process_with_context,zybfshmsru,51,10,5835.584,583.558,15204352,15204352,unavailable,16138240,unavailable,unavailable,unavailable,unavailable,unavailable,unavailable
librime-1.17.0,track-a-comparison,luna_pinyin,key_sequence_process_with_context,zybfshmsru,52,10,5743.625,574.362,15204352,15204352,unavailable,16138240,unavailable,unavailable,unavailable,unavailable,unavailable,unavailable
librime-1.17.0,track-a-comparison,luna_pinyin,key_sequence_process_with_context,zybfshmsru,53,10,6062.791,606.279,15204352,15204352,unavailable,16138240,unavailable,unavailable,unavailable,unavailable,unavailable,unavailable
librime-1.17.0,track-a-comparison,luna_pinyin,key_sequence_process_with_context,zybfshmsru,54,10,7415.000,741.500,15204352,15204352,unavailable,16138240,unavailable,unavailable,unavailable,unavailable,unavailable,unavailable
librime-1.17.0,track-a-comparison,luna_pinyin,key_sequence_process_with_context,zybfshmsru,55,10,6661.458,666.146,15204352,15204352,unavailable,16138240,unavailable,unavailable,unavailable,unavailable,unavailable,unavailable
librime-1.17.0,track-a-comparison,luna_pinyin,key_sequence_process_with_context,zybfshmsru,56,10,6356.333,635.633,15204352,15204352,unavailable,16138240,unavailable,unavailable,unavailable,unavailable,unavailable,unavailable
librime-1.17.0,track-a-comparison,luna_pinyin,key_sequence_process_with_context,zybfshmsru,57,10,6204.833,620.483,15204352,15204352,unavailable,16138240,unavailable,unavailable,unavailable,unavailable,unavailable,unavailable
librime-1.17.0,track-a-comparison,luna_pinyin,key_sequence_process_with_context,zybfshmsru,58,10,6201.708,620.171,15204352,15204352,unavailable,16138240,unavailable,unavailable,unavailable,unavailable,unavailable,unavailable
librime-1.17.0,track-a-comparison,luna_pinyin,key_sequence_process_with_context,zybfshmsru,59,10,6192.791,619.279,15204352,15204352,unavailable,16138240,unavailable,unavailable,unavailable,unavailable,unavailable,unavailable
librime-1.17.0,track-a-comparison,luna_pinyin,key_sequence_process_with_context,zybfshmsru,60,10,6291.292,629.129,15204352,15204352,unavailable,16138240,unavailable,unavailable,unavailable,unavailable,unavailable,unavailable
librime-1.17.0,track-a-comparison,luna_pinyin,key_sequence_process_with_context,zybfshmsru,61,10,6286.292,628.629,15204352,15204352,unavailable,16138240,unavailable,unavailable,unavailable,unavailable,unavailable,unavailable
librime-1.17.0,track-a-comparison,luna_pinyin,key_sequence_process_with_context,zybfshmsru,62,10,6084.500,608.450,15204352,15204352,unavailable,16138240,unavailable,unavailable,unavailable,unavailable,unavailable,unavailable
librime-1.17.0,track-a-comparison,luna_pinyin,key_sequence_process_with_context,zybfshmsru,63,10,6216.792,621.679,15204352,15204352,unavailable,16138240,unavailable,unavailable,unavailable,unavailable,unavailable,unavailable
librime-1.17.0,track-a-comparison,luna_pinyin,key_sequence_process_with_context,zybfshmsru,64,10,6210.167,621.017,15204352,15204352,unavailable,16138240,unavailable,unavailable,unavailable,unavailable,unavailable,unavailable
librime-1.17.0,track-a-comparison,luna_pinyin,key_sequence_process_with_context,zybfshmsru,65,10,6200.833,620.083,15204352,15204352,unavailable,16138240,unavailable,unavailable,unavailable,unavailable,unavailable,unavailable
librime-1.17.0,track-a-comparison,luna_pinyin,key_sequence_process_with_context,zybfshmsru,66,10,6264.750,626.475,15204352,15204352,unavailable,16138240,unavailable,unavailable,unavailable,unavailable,unavailable,unavailable
librime-1.17.0,track-a-comparison,luna_pinyin,key_sequence_process_with_context,zybfshmsru,67,10,6192.459,619.246,15204352,15204352,unavailable,16138240,unavailable,unavailable,unavailable,unavailable,unavailable,unavailable
librime-1.17.0,track-a-comparison,luna_pinyin,key_sequence_process_with_context,zybfshmsru,68,10,6212.709,621.271,15204352,15204352,unavailable,16138240,unavailable,unavailable,unavailable,unavailable,unavailable,unavailable
librime-1.17.0,track-a-comparison,luna_pinyin,key_sequence_process_with_context,zybfshmsru,69,10,6205.041,620.504,15204352,15204352,unavailable,16138240,unavailable,unavailable,unavailable,unavailable,unavailable,unavailable
librime-1.17.0,track-a-comparison,luna_pinyin,key_sequence_process_with_context,zybfshmsru,70,10,6159.834,615.983,15204352,15204352,unavailable,16138240,unavailable,unavailable,unavailable,unavailable,unavailable,unavailable
librime-1.17.0,track-a-comparison,luna_pinyin,key_sequence_process_with_context,zybfshmsru,71,10,6154.250,615.425,15204352,15204352,unavailable,16138240,unavailable,unavailable,unavailable,unavailable,unavailable,unavailable
librime-1.17.0,track-a-comparison,luna_pinyin,key_sequence_process_with_context,zybfshmsru,72,10,6173.000,617.300,15204352,15204352,unavailable,16138240,unavailable,unavailable,unavailable,unavailable,unavailable,unavailable
librime-1.17.0,track-a-comparison,luna_pinyin,key_sequence_process_with_context,zybfshmsru,73,10,6194.583,619.458,15204352,15204352,unavailable,16138240,unavailable,unavailable,unavailable,unavailable,unavailable,unavailable
librime-1.17.0,track-a-comparison,luna_pinyin,key_sequence_process_with_context,zybfshmsru,74,10,6292.750,629.275,15204352,15204352,unavailable,16138240,unavailable,unavailable,unavailable,unavailable,unavailable,unavailable
librime-1.17.0,track-a-comparison,luna_pinyin,key_sequence_process_with_context,zybfshmsru,75,10,6240.334,624.033,15204352,15204352,unavailable,16138240,unavailable,unavailable,unavailable,unavailable,unavailable,unavailable
librime-1.17.0,track-a-comparison,luna_pinyin,key_sequence_process_with_context,zybfshmsru,76,10,6145.750,614.575,15204352,15204352,unavailable,16138240,unavailable,unavailable,unavailable,unavailable,unavailable,unavailable
librime-1.17.0,track-a-comparison,luna_pinyin,key_sequence_process_with_context,zybfshmsru,77,10,6187.833,618.783,15204352,15204352,unavailable,16138240,unavailable,unavailable,unavailable,unavailable,unavailable,unavailable
librime-1.17.0,track-a-comparison,luna_pinyin,key_sequence_process_with_context,zybfshmsru,78,10,6224.250,622.425,15204352,15204352,unavailable,16138240,unavailable,unavailable,unavailable,unavailable,unavailable,unavailable
librime-1.17.0,track-a-comparison,luna_pinyin,key_sequence_process_with_context,zybfshmsru,79,10,6286.167,628.617,15204352,15204352,unavailable,16138240,unavailable,unavailable,unavailable,unavailable,unavailable,unavailable
